entity_type,entity_name,chartmetric_entity_id,variable_name,platform,geo_scope,geo_label,period_label,aggregation_rule,aggregated_value,unit,qoq_change,yoy_change
artist,9ice,3683,Bandsintown_followers_daily,Bandsintown,global,,Q1_2024,net_change,43.0,followers,,
artist,9ice,3683,Bandsintown_followers_daily,Bandsintown,global,,Q1_2025,net_change,64.0,followers,-48.0,21.0
artist,9ice,3683,Bandsintown_followers_daily,Bandsintown,global,,Q2_2024,net_change,47.0,followers,4.0,
artist,9ice,3683,Bandsintown_followers_daily,Bandsintown,global,,Q2_2025,net_change,92.0,followers,28.0,45.0
artist,9ice,3683,Bandsintown_followers_daily,Bandsintown,global,,Q3_2024,net_change,40.0,followers,-7.0,
artist,9ice,3683,Bandsintown_followers_daily,Bandsintown,global,,Q3_2025,net_change,131.0,followers,39.0,91.0
artist,9ice,3683,Bandsintown_followers_daily,Bandsintown,global,,Q4_2024,net_change,112.0,followers,72.0,
artist,9ice,3683,Bandsintown_followers_daily,Bandsintown,global,,Q4_2025,net_change,61.0,followers,-70.0,-51.0
artist,9ice,3683,Instagram_followers_daily,Instagram,global,,Q1_2024,net_change,-1414.0,followers,,
artist,9ice,3683,Instagram_followers_daily,Instagram,global,,Q1_2025,net_change,-1939.0,followers,7531.0,-525.0
artist,9ice,3683,Instagram_followers_daily,Instagram,global,,Q2_2024,net_change,-29033.0,followers,-27619.0,
artist,9ice,3683,Instagram_followers_daily,Instagram,global,,Q2_2025,net_change,-32593.0,followers,-30654.0,-3560.0
artist,9ice,3683,Instagram_followers_daily,Instagram,global,,Q3_2024,net_change,-45218.0,followers,-16185.0,
artist,9ice,3683,Instagram_followers_daily,Instagram,global,,Q3_2025,net_change,-40317.0,followers,-7724.0,4901.0
artist,9ice,3683,Instagram_followers_daily,Instagram,global,,Q4_2024,net_change,-9470.0,followers,35748.0,
artist,9ice,3683,Instagram_followers_daily,Instagram,global,,Q4_2025,net_change,-7596.0,followers,32721.0,1874.0
artist,9ice,3683,Spotify_followers_daily,Spotify,global,,Q1_2024,net_change,10353.0,followers,,
artist,9ice,3683,Spotify_followers_daily,Spotify,global,,Q1_2025,net_change,8308.0,followers,-1583.0,-2045.0
artist,9ice,3683,Spotify_followers_daily,Spotify,global,,Q2_2024,net_change,13036.0,followers,2683.0,
artist,9ice,3683,Spotify_followers_daily,Spotify,global,,Q2_2025,net_change,9931.0,followers,1623.0,-3105.0
artist,9ice,3683,Spotify_followers_daily,Spotify,global,,Q3_2024,net_change,10180.0,followers,-2856.0,
artist,9ice,3683,Spotify_followers_daily,Spotify,global,,Q3_2025,net_change,10757.0,followers,826.0,577.0
artist,9ice,3683,Spotify_followers_daily,Spotify,global,,Q4_2024,net_change,9891.0,followers,-289.0,
artist,9ice,3683,Spotify_followers_daily,Spotify,global,,Q4_2025,net_change,9431.0,followers,-1326.0,-460.0
artist,9ice,3683,Spotify_monthly_listeners_daily,Spotify,global,,Q1_2024,net_change,54493.0,listeners,,
artist,9ice,3683,Spotify_monthly_listeners_daily,Spotify,global,,Q1_2025,net_change,-38087.0,listeners,-31607.0,-92580.0
artist,9ice,3683,Spotify_monthly_listeners_daily,Spotify,global,,Q2_2024,net_change,15929.0,listeners,-38564.0,
artist,9ice,3683,Spotify_monthly_listeners_daily,Spotify,global,,Q2_2025,net_change,70607.0,listeners,108694.0,54678.0
artist,9ice,3683,Spotify_monthly_listeners_daily,Spotify,global,,Q3_2024,net_change,31925.0,listeners,15996.0,
artist,9ice,3683,Spotify_monthly_listeners_daily,Spotify,global,,Q4_2024,net_change,-6480.0,listeners,-38405.0,
artist,9ice,3683,Spotify_monthly_listeners_daily,Spotify,global,,Q4_2025,net_change,44336.0,listeners,,50816.0
artist,9ice,3683,Wikipedia_views_daily,Wikipedia,global,,Q1_2024,sum,9080.0,views,,
artist,9ice,3683,Wikipedia_views_daily,Wikipedia,global,,Q1_2025,sum,6133.0,views,819.0,-2947.0
artist,9ice,3683,Wikipedia_views_daily,Wikipedia,global,,Q2_2024,sum,10664.0,views,1584.0,
artist,9ice,3683,Wikipedia_views_daily,Wikipedia,global,,Q2_2025,sum,8237.0,views,2104.0,-2427.0
artist,9ice,3683,Wikipedia_views_daily,Wikipedia,global,,Q3_2024,sum,6348.0,views,-4316.0,
artist,9ice,3683,Wikipedia_views_daily,Wikipedia,global,,Q3_2025,sum,12483.0,views,4246.0,6135.0
artist,9ice,3683,Wikipedia_views_daily,Wikipedia,global,,Q4_2024,sum,5314.0,views,-1034.0,
artist,9ice,3683,Wikipedia_views_daily,Wikipedia,global,,Q4_2025,sum,5782.0,views,-6701.0,468.0
artist,9ice,3683,YouTube_subscribers_daily,YouTube,global,,Q1_2024,net_change,-10.0,subscribers,,
artist,9ice,3683,YouTube_subscribers_daily,YouTube,global,,Q1_2025,net_change,-10.0,subscribers,-12.0,0.0
artist,9ice,3683,YouTube_subscribers_daily,YouTube,global,,Q2_2024,net_change,-5.0,subscribers,5.0,
artist,9ice,3683,YouTube_subscribers_daily,YouTube,global,,Q2_2025,net_change,-4.0,subscribers,6.0,1.0
artist,9ice,3683,YouTube_subscribers_daily,YouTube,global,,Q3_2024,net_change,0.0,subscribers,5.0,
artist,9ice,3683,YouTube_subscribers_daily,YouTube,global,,Q3_2025,net_change,-3.0,subscribers,1.0,-3.0
artist,9ice,3683,YouTube_subscribers_daily,YouTube,global,,Q4_2024,net_change,2.0,subscribers,2.0,
artist,9ice,3683,YouTube_subscribers_daily,YouTube,global,,Q4_2025,net_change,-1.0,subscribers,2.0,-3.0
artist,Ajebutter22,202020,Bandsintown_followers_daily,Bandsintown,global,,Q1_2024,net_change,39.0,followers,,
artist,Ajebutter22,202020,Bandsintown_followers_daily,Bandsintown,global,,Q1_2025,net_change,91.0,followers,-100.0,52.0
artist,Ajebutter22,202020,Bandsintown_followers_daily,Bandsintown,global,,Q2_2024,net_change,56.0,followers,17.0,
artist,Ajebutter22,202020,Bandsintown_followers_daily,Bandsintown,global,,Q2_2025,net_change,160.0,followers,69.0,104.0
artist,Ajebutter22,202020,Bandsintown_followers_daily,Bandsintown,global,,Q3_2024,net_change,52.0,followers,-4.0,
artist,Ajebutter22,202020,Bandsintown_followers_daily,Bandsintown,global,,Q3_2025,net_change,116.0,followers,-44.0,64.0
artist,Ajebutter22,202020,Bandsintown_followers_daily,Bandsintown,global,,Q4_2024,net_change,191.0,followers,139.0,
artist,Ajebutter22,202020,Bandsintown_followers_daily,Bandsintown,global,,Q4_2025,net_change,67.0,followers,-49.0,-124.0
artist,Ajebutter22,202020,Instagram_followers_daily,Instagram,global,,Q1_2024,net_change,534.0,followers,,
artist,Ajebutter22,202020,Instagram_followers_daily,Instagram,global,,Q1_2025,net_change,-1496.0,followers,26.0,-2030.0
artist,Ajebutter22,202020,Instagram_followers_daily,Instagram,global,,Q2_2024,net_change,1392.0,followers,858.0,
artist,Ajebutter22,202020,Instagram_followers_daily,Instagram,global,,Q2_2025,net_change,-1344.0,followers,152.0,-2736.0
artist,Ajebutter22,202020,Instagram_followers_daily,Instagram,global,,Q3_2024,net_change,-1912.0,followers,-3304.0,
artist,Ajebutter22,202020,Instagram_followers_daily,Instagram,global,,Q3_2025,net_change,0.0,followers,1344.0,1912.0
artist,Ajebutter22,202020,Instagram_followers_daily,Instagram,global,,Q4_2024,net_change,-1522.0,followers,390.0,
artist,Ajebutter22,202020,Instagram_followers_daily,Instagram,global,,Q4_2025,net_change,0.0,followers,0.0,1522.0
artist,Ajebutter22,202020,Soundcloud_followers_daily,Soundcloud,global,,Q1_2024,net_change,32.0,followers,,
artist,Ajebutter22,202020,Soundcloud_followers_daily,Soundcloud,global,,Q1_2025,net_change,2.0,followers,-3.0,-30.0
artist,Ajebutter22,202020,Soundcloud_followers_daily,Soundcloud,global,,Q2_2024,net_change,17.0,followers,-15.0,
artist,Ajebutter22,202020,Soundcloud_followers_daily,Soundcloud,global,,Q2_2025,net_change,8.0,followers,6.0,-9.0
artist,Ajebutter22,202020,Soundcloud_followers_daily,Soundcloud,global,,Q3_2024,net_change,10.0,followers,-7.0,
artist,Ajebutter22,202020,Soundcloud_followers_daily,Soundcloud,global,,Q3_2025,net_change,1.0,followers,-7.0,-9.0
artist,Ajebutter22,202020,Soundcloud_followers_daily,Soundcloud,global,,Q4_2024,net_change,5.0,followers,-5.0,
artist,Ajebutter22,202020,Soundcloud_followers_daily,Soundcloud,global,,Q4_2025,net_change,6.0,followers,5.0,1.0
artist,Ajebutter22,202020,Spotify_followers_daily,Spotify,global,,Q1_2024,net_change,4898.0,followers,,
artist,Ajebutter22,202020,Spotify_followers_daily,Spotify,global,,Q1_2025,net_change,1276.0,followers,5.0,-3622.0
artist,Ajebutter22,202020,Spotify_followers_daily,Spotify,global,,Q2_2024,net_change,4770.0,followers,-128.0,
artist,Ajebutter22,202020,Spotify_followers_daily,Spotify,global,,Q2_2025,net_change,727.0,followers,-549.0,-4043.0
artist,Ajebutter22,202020,Spotify_followers_daily,Spotify,global,,Q3_2024,net_change,2590.0,followers,-2180.0,
artist,Ajebutter22,202020,Spotify_followers_daily,Spotify,global,,Q3_2025,net_change,2672.0,followers,1945.0,82.0
artist,Ajebutter22,202020,Spotify_followers_daily,Spotify,global,,Q4_2024,net_change,1271.0,followers,-1319.0,
artist,Ajebutter22,202020,Spotify_followers_daily,Spotify,global,,Q4_2025,net_change,3355.0,followers,683.0,2084.0
artist,Ajebutter22,202020,Spotify_monthly_listeners_daily,Spotify,global,,Q1_2024,net_change,-43480.0,listeners,,
artist,Ajebutter22,202020,Spotify_monthly_listeners_daily,Spotify,global,,Q1_2025,net_change,-11546.0,listeners,8015.0,31934.0
artist,Ajebutter22,202020,Spotify_monthly_listeners_daily,Spotify,global,,Q2_2024,net_change,-36641.0,listeners,6839.0,
artist,Ajebutter22,202020,Spotify_monthly_listeners_daily,Spotify,global,,Q2_2025,net_change,13147.0,listeners,24693.0,49788.0
artist,Ajebutter22,202020,Spotify_monthly_listeners_daily,Spotify,global,,Q3_2024,net_change,-37229.0,listeners,-588.0,
artist,Ajebutter22,202020,Spotify_monthly_listeners_daily,Spotify,global,,Q3_2025,net_change,20051.0,listeners,6904.0,57280.0
artist,Ajebutter22,202020,Spotify_monthly_listeners_daily,Spotify,global,,Q4_2024,net_change,-19561.0,listeners,17668.0,
artist,Ajebutter22,202020,Spotify_monthly_listeners_daily,Spotify,global,,Q4_2025,net_change,-14719.0,listeners,-34770.0,4842.0
artist,Ajebutter22,202020,YouTube_subscribers_daily,YouTube,global,,Q1_2024,net_change,500.0,subscribers,,
artist,Ajebutter22,202020,YouTube_subscribers_daily,YouTube,global,,Q1_2025,net_change,180.0,subscribers,-26.0,-320.0
artist,Ajebutter22,202020,YouTube_subscribers_daily,YouTube,global,,Q2_2024,net_change,200.0,subscribers,-300.0,
artist,Ajebutter22,202020,YouTube_subscribers_daily,YouTube,global,,Q2_2025,net_change,187.0,subscribers,7.0,-13.0
artist,Ajebutter22,202020,YouTube_subscribers_daily,YouTube,global,,Q3_2024,net_change,323.0,subscribers,123.0,
artist,Ajebutter22,202020,YouTube_subscribers_daily,YouTube,global,,Q3_2025,net_change,139.0,subscribers,-48.0,-184.0
artist,Ajebutter22,202020,YouTube_subscribers_daily,YouTube,global,,Q4_2024,net_change,206.0,subscribers,-117.0,
artist,Ajebutter22,202020,YouTube_subscribers_daily,YouTube,global,,Q4_2025,net_change,109.0,subscribers,-30.0,-97.0
artist,Amaarae,834689,Bandsintown_followers_daily,Bandsintown,global,,Q1_2024,net_change,3871.0,followers,,
artist,Amaarae,834689,Bandsintown_followers_daily,Bandsintown,global,,Q1_2025,net_change,3983.0,followers,-672.0,112.0
artist,Amaarae,834689,Bandsintown_followers_daily,Bandsintown,global,,Q2_2024,net_change,3283.0,followers,-588.0,
artist,Amaarae,834689,Bandsintown_followers_daily,Bandsintown,global,,Q2_2025,net_change,5646.0,followers,1663.0,2363.0
artist,Amaarae,834689,Bandsintown_followers_daily,Bandsintown,global,,Q3_2024,net_change,3658.0,followers,375.0,
artist,Amaarae,834689,Bandsintown_followers_daily,Bandsintown,global,,Q3_2025,net_change,6769.0,followers,1123.0,3111.0
artist,Amaarae,834689,Bandsintown_followers_daily,Bandsintown,global,,Q4_2024,net_change,4655.0,followers,997.0,
artist,Amaarae,834689,Bandsintown_followers_daily,Bandsintown,global,,Q4_2025,net_change,3707.0,followers,-3062.0,-948.0
artist,Amaarae,834689,Instagram_followers_daily,Instagram,global,,Q1_2024,net_change,120458.0,followers,,
artist,Amaarae,834689,Instagram_followers_daily,Instagram,global,,Q1_2025,net_change,2910.0,followers,-48916.0,-117548.0
artist,Amaarae,834689,Instagram_followers_daily,Instagram,global,,Q2_2024,net_change,52148.0,followers,-68310.0,
artist,Amaarae,834689,Instagram_followers_daily,Instagram,global,,Q2_2025,net_change,-24919.0,followers,-27829.0,-77067.0
artist,Amaarae,834689,Instagram_followers_daily,Instagram,global,,Q3_2024,net_change,44969.0,followers,-7179.0,
artist,Amaarae,834689,Instagram_followers_daily,Instagram,global,,Q3_2025,net_change,-34488.0,followers,-9569.0,-79457.0
artist,Amaarae,834689,Instagram_followers_daily,Instagram,global,,Q4_2024,net_change,51826.0,followers,6857.0,
artist,Amaarae,834689,Instagram_followers_daily,Instagram,global,,Q4_2025,net_change,533.0,followers,35021.0,-51293.0
artist,Amaarae,834689,Soundcloud_followers_daily,Soundcloud,global,,Q1_2024,net_change,1517.0,followers,,
artist,Amaarae,834689,Soundcloud_followers_daily,Soundcloud,global,,Q1_2025,net_change,0.0,followers,,-1517.0
artist,Amaarae,834689,Soundcloud_followers_daily,Soundcloud,global,,Q2_2024,net_change,1050.0,followers,-467.0,
artist,Amaarae,834689,Soundcloud_followers_daily,Soundcloud,global,,Q2_2025,net_change,107.0,followers,107.0,-943.0
artist,Amaarae,834689,Soundcloud_followers_daily,Soundcloud,global,,Q3_2024,net_change,0.0,followers,-1050.0,
artist,Amaarae,834689,Soundcloud_followers_daily,Soundcloud,global,,Q4_2025,net_change,604.0,followers,,
artist,Amaarae,834689,Spotify_followers_daily,Spotify,global,,Q1_2024,net_change,66812.0,followers,,
artist,Amaarae,834689,Spotify_followers_daily,Spotify,global,,Q1_2025,net_change,36354.0,followers,-961.0,-30458.0
artist,Amaarae,834689,Spotify_followers_daily,Spotify,global,,Q2_2024,net_change,40005.0,followers,-26807.0,
artist,Amaarae,834689,Spotify_followers_daily,Spotify,global,,Q2_2025,net_change,30239.0,followers,-6115.0,-9766.0
artist,Amaarae,834689,Spotify_followers_daily,Spotify,global,,Q3_2024,net_change,40816.0,followers,811.0,
artist,Amaarae,834689,Spotify_followers_daily,Spotify,global,,Q3_2025,net_change,27803.0,followers,-2436.0,-13013.0
artist,Amaarae,834689,Spotify_followers_daily,Spotify,global,,Q4_2024,net_change,37315.0,followers,-3501.0,
artist,Amaarae,834689,Spotify_followers_daily,Spotify,global,,Q4_2025,net_change,28670.0,followers,867.0,-8645.0
artist,Amaarae,834689,Spotify_monthly_listeners_daily,Spotify,global,,Q1_2024,net_change,397832.0,listeners,,
artist,Amaarae,834689,Spotify_monthly_listeners_daily,Spotify,global,,Q1_2025,net_change,-919112.0,listeners,-515571.0,-1316944.0
artist,Amaarae,834689,Spotify_monthly_listeners_daily,Spotify,global,,Q2_2024,net_change,-960121.0,listeners,-1357953.0,
artist,Amaarae,834689,Spotify_monthly_listeners_daily,Spotify,global,,Q2_2025,net_change,377628.0,listeners,1296740.0,1337749.0
artist,Amaarae,834689,Spotify_monthly_listeners_daily,Spotify,global,,Q3_2024,net_change,1017594.0,listeners,1977715.0,
artist,Amaarae,834689,Spotify_monthly_listeners_daily,Spotify,global,,Q3_2025,net_change,-230798.0,listeners,-608426.0,-1248392.0
artist,Amaarae,834689,Spotify_monthly_listeners_daily,Spotify,global,,Q4_2024,net_change,-403541.0,listeners,-1421135.0,
artist,Amaarae,834689,Spotify_monthly_listeners_daily,Spotify,global,,Q4_2025,net_change,-347389.0,listeners,-116591.0,56152.0
artist,Amaarae,834689,TikTok_followers_daily,TikTok,global,,Q1_2024,net_change,11700.0,followers,,
artist,Amaarae,834689,TikTok_followers_daily,TikTok,global,,Q1_2025,net_change,5925.0,followers,-875.0,-5775.0
artist,Amaarae,834689,TikTok_followers_daily,TikTok,global,,Q2_2024,net_change,1100.0,followers,-10600.0,
artist,Amaarae,834689,TikTok_followers_daily,TikTok,global,,Q2_2025,net_change,83650.0,followers,77725.0,82550.0
artist,Amaarae,834689,TikTok_followers_daily,TikTok,global,,Q3_2024,net_change,8050.0,followers,6950.0,
artist,Amaarae,834689,TikTok_followers_daily,TikTok,global,,Q3_2025,net_change,17800.0,followers,-65850.0,9750.0
artist,Amaarae,834689,TikTok_followers_daily,TikTok,global,,Q4_2024,net_change,6800.0,followers,-1250.0,
artist,Amaarae,834689,TikTok_followers_daily,TikTok,global,,Q4_2025,net_change,2461.0,followers,-15339.0,-4339.0
artist,Amaarae,834689,TikTok_likes_daily,TikTok,global,,Q1_2024,net_change,200000.0,likes,,
artist,Amaarae,834689,TikTok_likes_daily,TikTok,global,,Q1_2025,net_change,215268.0,likes,56784.0,15268.0
artist,Amaarae,834689,TikTok_likes_daily,TikTok,global,,Q2_2024,net_change,0.0,likes,-200000.0,
artist,Amaarae,834689,TikTok_likes_daily,TikTok,global,,Q2_2025,net_change,941059.0,likes,725791.0,941059.0
artist,Amaarae,834689,TikTok_likes_daily,TikTok,global,,Q3_2024,net_change,281250.0,likes,281250.0,
artist,Amaarae,834689,TikTok_likes_daily,TikTok,global,,Q3_2025,net_change,505405.0,likes,-435654.0,224155.0
artist,Amaarae,834689,TikTok_likes_daily,TikTok,global,,Q4_2024,net_change,158484.0,likes,-122766.0,
artist,Amaarae,834689,TikTok_likes_daily,TikTok,global,,Q4_2025,net_change,173251.0,likes,-332154.0,14767.0
artist,Amaarae,834689,Twitter_followers_daily,Twitter,global,,Q1_2024,net_change,1898.0,followers,,
artist,Amaarae,834689,Twitter_followers_daily,Twitter,global,,Q1_2025,net_change,832.0,followers,-2888.0,-1066.0
artist,Amaarae,834689,Twitter_followers_daily,Twitter,global,,Q2_2024,net_change,6420.0,followers,4522.0,
artist,Amaarae,834689,Twitter_followers_daily,Twitter,global,,Q2_2025,net_change,5406.0,followers,4574.0,-1014.0
artist,Amaarae,834689,Twitter_followers_daily,Twitter,global,,Q3_2024,net_change,2604.0,followers,-3816.0,
artist,Amaarae,834689,Twitter_followers_daily,Twitter,global,,Q3_2025,net_change,2962.0,followers,-2444.0,358.0
artist,Amaarae,834689,Twitter_followers_daily,Twitter,global,,Q4_2024,net_change,3720.0,followers,1116.0,
artist,Amaarae,834689,Twitter_followers_daily,Twitter,global,,Q4_2025,net_change,236.0,followers,-2726.0,-3484.0
artist,Amaarae,834689,Wikipedia_views_daily,Wikipedia,global,,Q1_2024,sum,48304.0,views,,
artist,Amaarae,834689,Wikipedia_views_daily,Wikipedia,global,,Q1_2025,sum,24321.0,views,-14312.0,-23983.0
artist,Amaarae,834689,Wikipedia_views_daily,Wikipedia,global,,Q2_2024,sum,34312.0,views,-13992.0,
artist,Amaarae,834689,Wikipedia_views_daily,Wikipedia,global,,Q2_2025,sum,44603.0,views,20282.0,10291.0
artist,Amaarae,834689,Wikipedia_views_daily,Wikipedia,global,,Q3_2024,sum,55158.0,views,20846.0,
artist,Amaarae,834689,Wikipedia_views_daily,Wikipedia,global,,Q3_2025,sum,57142.0,views,12539.0,1984.0
artist,Amaarae,834689,Wikipedia_views_daily,Wikipedia,global,,Q4_2024,sum,38633.0,views,-16525.0,
artist,Amaarae,834689,Wikipedia_views_daily,Wikipedia,global,,Q4_2025,sum,30891.0,views,-26251.0,-7742.0
artist,Amaarae,834689,YouTube_subscribers_daily,YouTube,global,,Q1_2024,net_change,65000.0,subscribers,,
artist,Amaarae,834689,YouTube_subscribers_daily,YouTube,global,,Q1_2025,net_change,15800.0,subscribers,800.0,-49200.0
artist,Amaarae,834689,YouTube_subscribers_daily,YouTube,global,,Q2_2024,net_change,31000.0,subscribers,-34000.0,
artist,Amaarae,834689,YouTube_subscribers_daily,YouTube,global,,Q2_2025,net_change,16578.0,subscribers,778.0,-14422.0
artist,Amaarae,834689,YouTube_subscribers_daily,YouTube,global,,Q3_2024,net_change,15800.0,subscribers,-15200.0,
artist,Amaarae,834689,YouTube_subscribers_daily,YouTube,global,,Q3_2025,net_change,15222.0,subscribers,-1356.0,-578.0
artist,Amaarae,834689,YouTube_subscribers_daily,YouTube,global,,Q4_2024,net_change,15000.0,subscribers,-800.0,
artist,Amaarae,834689,YouTube_subscribers_daily,YouTube,global,,Q4_2025,net_change,9800.0,subscribers,-5422.0,-5200.0
artist,Bad Boy Timz,1596343,Instagram_followers_daily,Instagram,global,,Q1_2024,net_change,-36671.0,followers,,
artist,Bad Boy Timz,1596343,Instagram_followers_daily,Instagram,global,,Q1_2025,net_change,-19983.0,followers,11632.0,16688.0
artist,Bad Boy Timz,1596343,Instagram_followers_daily,Instagram,global,,Q2_2024,net_change,23471.0,followers,60142.0,
artist,Bad Boy Timz,1596343,Instagram_followers_daily,Instagram,global,,Q2_2025,net_change,-62373.0,followers,-42390.0,-85844.0
artist,Bad Boy Timz,1596343,Instagram_followers_daily,Instagram,global,,Q3_2024,net_change,-36066.0,followers,-59537.0,
artist,Bad Boy Timz,1596343,Instagram_followers_daily,Instagram,global,,Q3_2025,net_change,-114429.0,followers,-52056.0,-78363.0
artist,Bad Boy Timz,1596343,Instagram_followers_daily,Instagram,global,,Q4_2024,net_change,-31615.0,followers,4451.0,
artist,Bad Boy Timz,1596343,Instagram_followers_daily,Instagram,global,,Q4_2025,net_change,-32554.0,followers,81875.0,-939.0
artist,Bad Boy Timz,1596343,Spotify_followers_daily,Spotify,global,,Q1_2024,net_change,27779.0,followers,,
artist,Bad Boy Timz,1596343,Spotify_followers_daily,Spotify,global,,Q1_2025,net_change,20466.0,followers,-10754.0,-7313.0
artist,Bad Boy Timz,1596343,Spotify_followers_daily,Spotify,global,,Q2_2024,net_change,25282.0,followers,-2497.0,
artist,Bad Boy Timz,1596343,Spotify_followers_daily,Spotify,global,,Q2_2025,net_change,18051.0,followers,-2415.0,-7231.0
artist,Bad Boy Timz,1596343,Spotify_followers_daily,Spotify,global,,Q3_2024,net_change,13552.0,followers,-11730.0,
artist,Bad Boy Timz,1596343,Spotify_followers_daily,Spotify,global,,Q3_2025,net_change,26166.0,followers,8115.0,12614.0
artist,Bad Boy Timz,1596343,Spotify_followers_daily,Spotify,global,,Q4_2024,net_change,31220.0,followers,17668.0,
artist,Bad Boy Timz,1596343,Spotify_followers_daily,Spotify,global,,Q4_2025,net_change,23611.0,followers,-2555.0,-7609.0
artist,Bad Boy Timz,1596343,Spotify_monthly_listeners_daily,Spotify,global,,Q1_2024,net_change,-210650.0,listeners,,
artist,Bad Boy Timz,1596343,Spotify_monthly_listeners_daily,Spotify,global,,Q1_2025,net_change,-143587.0,listeners,71379.0,67063.0
artist,Bad Boy Timz,1596343,Spotify_monthly_listeners_daily,Spotify,global,,Q2_2024,net_change,103661.0,listeners,314311.0,
artist,Bad Boy Timz,1596343,Spotify_monthly_listeners_daily,Spotify,global,,Q2_2025,net_change,128760.0,listeners,272347.0,25099.0
artist,Bad Boy Timz,1596343,Spotify_monthly_listeners_daily,Spotify,global,,Q3_2024,net_change,4759.0,listeners,-98902.0,
artist,Bad Boy Timz,1596343,Spotify_monthly_listeners_daily,Spotify,global,,Q3_2025,net_change,-205545.0,listeners,-334305.0,-210304.0
artist,Bad Boy Timz,1596343,Spotify_monthly_listeners_daily,Spotify,global,,Q4_2024,net_change,-214966.0,listeners,-219725.0,
artist,Bad Boy Timz,1596343,Twitter_followers_daily,Twitter,global,,Q1_2024,net_change,-472.0,followers,,
artist,Bad Boy Timz,1596343,Twitter_followers_daily,Twitter,global,,Q1_2025,net_change,-743.0,followers,928.0,-271.0
artist,Bad Boy Timz,1596343,Twitter_followers_daily,Twitter,global,,Q2_2024,net_change,-4360.0,followers,-3888.0,
artist,Bad Boy Timz,1596343,Twitter_followers_daily,Twitter,global,,Q2_2025,net_change,-431.0,followers,312.0,3929.0
artist,Bad Boy Timz,1596343,Twitter_followers_daily,Twitter,global,,Q3_2024,net_change,-1967.0,followers,2393.0,
artist,Bad Boy Timz,1596343,Twitter_followers_daily,Twitter,global,,Q3_2025,net_change,-1517.0,followers,-1086.0,450.0
artist,Bad Boy Timz,1596343,Twitter_followers_daily,Twitter,global,,Q4_2024,net_change,-1671.0,followers,296.0,
artist,Bad Boy Timz,1596343,Twitter_followers_daily,Twitter,global,,Q4_2025,net_change,-1620.0,followers,-103.0,51.0
artist,Bad Boy Timz,1596343,Wikipedia_views_daily,Wikipedia,global,,Q1_2024,sum,1936.0,views,,
artist,Bad Boy Timz,1596343,Wikipedia_views_daily,Wikipedia,global,,Q1_2025,sum,1301.0,views,48.0,-635.0
artist,Bad Boy Timz,1596343,Wikipedia_views_daily,Wikipedia,global,,Q2_2024,sum,1559.0,views,-377.0,
artist,Bad Boy Timz,1596343,Wikipedia_views_daily,Wikipedia,global,,Q2_2025,sum,1521.0,views,220.0,-38.0
artist,Bad Boy Timz,1596343,Wikipedia_views_daily,Wikipedia,global,,Q3_2024,sum,2325.0,views,766.0,
artist,Bad Boy Timz,1596343,Wikipedia_views_daily,Wikipedia,global,,Q3_2025,sum,1054.0,views,-467.0,-1271.0
artist,Bad Boy Timz,1596343,Wikipedia_views_daily,Wikipedia,global,,Q4_2024,sum,1253.0,views,-1072.0,
artist,Bad Boy Timz,1596343,Wikipedia_views_daily,Wikipedia,global,,Q4_2025,sum,1308.0,views,254.0,55.0
artist,Bad Boy Timz,1596343,YouTube_subscribers_daily,YouTube,global,,Q1_2024,net_change,0.0,subscribers,,
artist,Bad Boy Timz,1596343,YouTube_subscribers_daily,YouTube,global,,Q1_2025,net_change,25.0,subscribers,0.0,25.0
artist,Bad Boy Timz,1596343,YouTube_subscribers_daily,YouTube,global,,Q2_2024,net_change,0.0,subscribers,0.0,
artist,Bad Boy Timz,1596343,YouTube_subscribers_daily,YouTube,global,,Q2_2025,net_change,24.0,subscribers,-1.0,24.0
artist,Bad Boy Timz,1596343,YouTube_subscribers_daily,YouTube,global,,Q3_2024,net_change,5.0,subscribers,5.0,
artist,Bad Boy Timz,1596343,YouTube_subscribers_daily,YouTube,global,,Q3_2025,net_change,-80.0,subscribers,-104.0,-85.0
artist,Bad Boy Timz,1596343,YouTube_subscribers_daily,YouTube,global,,Q4_2024,net_change,25.0,subscribers,20.0,
artist,Bad Boy Timz,1596343,YouTube_subscribers_daily,YouTube,global,,Q4_2025,net_change,67.0,subscribers,147.0,42.0
artist,Bloody Civilian,9901852,Instagram_followers_daily,Instagram,global,,Q1_2024,net_change,18929.0,followers,,
artist,Bloody Civilian,9901852,Instagram_followers_daily,Instagram,global,,Q1_2025,net_change,-363.0,followers,-16390.0,-19292.0
artist,Bloody Civilian,9901852,Instagram_followers_daily,Instagram,global,,Q2_2024,net_change,118178.0,followers,99249.0,
artist,Bloody Civilian,9901852,Instagram_followers_daily,Instagram,global,,Q2_2025,net_change,4952.0,followers,5315.0,-113226.0
artist,Bloody Civilian,9901852,Instagram_followers_daily,Instagram,global,,Q3_2024,net_change,2976.0,followers,-115202.0,
artist,Bloody Civilian,9901852,Instagram_followers_daily,Instagram,global,,Q3_2025,net_change,1295.0,followers,-3657.0,-1681.0
artist,Bloody Civilian,9901852,Instagram_followers_daily,Instagram,global,,Q4_2024,net_change,16027.0,followers,13051.0,
artist,Bloody Civilian,9901852,Instagram_followers_daily,Instagram,global,,Q4_2025,net_change,-9517.0,followers,-10812.0,-25544.0
artist,Bloody Civilian,9901852,Soundcloud_followers_daily,Soundcloud,global,,Q1_2024,net_change,38.0,followers,,
artist,Bloody Civilian,9901852,Soundcloud_followers_daily,Soundcloud,global,,Q1_2025,net_change,15.0,followers,-10.0,-23.0
artist,Bloody Civilian,9901852,Soundcloud_followers_daily,Soundcloud,global,,Q2_2024,net_change,52.0,followers,14.0,
artist,Bloody Civilian,9901852,Soundcloud_followers_daily,Soundcloud,global,,Q2_2025,net_change,20.0,followers,5.0,-32.0
artist,Bloody Civilian,9901852,Soundcloud_followers_daily,Soundcloud,global,,Q3_2024,net_change,26.0,followers,-26.0,
artist,Bloody Civilian,9901852,Soundcloud_followers_daily,Soundcloud,global,,Q3_2025,net_change,15.0,followers,-5.0,-11.0
artist,Bloody Civilian,9901852,Soundcloud_followers_daily,Soundcloud,global,,Q4_2024,net_change,25.0,followers,-1.0,
artist,Bloody Civilian,9901852,Soundcloud_followers_daily,Soundcloud,global,,Q4_2025,net_change,25.0,followers,10.0,0.0
artist,Bloody Civilian,9901852,Spotify_followers_daily,Spotify,global,,Q1_2024,net_change,10440.0,followers,,
artist,Bloody Civilian,9901852,Spotify_followers_daily,Spotify,global,,Q1_2025,net_change,7114.0,followers,-15161.0,-3326.0
artist,Bloody Civilian,9901852,Spotify_followers_daily,Spotify,global,,Q2_2024,net_change,28816.0,followers,18376.0,
artist,Bloody Civilian,9901852,Spotify_followers_daily,Spotify,global,,Q2_2025,net_change,14659.0,followers,7545.0,-14157.0
artist,Bloody Civilian,9901852,Spotify_followers_daily,Spotify,global,,Q3_2024,net_change,17761.0,followers,-11055.0,
artist,Bloody Civilian,9901852,Spotify_followers_daily,Spotify,global,,Q3_2025,net_change,7493.0,followers,-7166.0,-10268.0
artist,Bloody Civilian,9901852,Spotify_followers_daily,Spotify,global,,Q4_2024,net_change,22275.0,followers,4514.0,
artist,Bloody Civilian,9901852,Spotify_followers_daily,Spotify,global,,Q4_2025,net_change,8829.0,followers,1336.0,-13446.0
artist,Bloody Civilian,9901852,Spotify_monthly_listeners_daily,Spotify,global,,Q1_2024,net_change,-116693.0,listeners,,
artist,Bloody Civilian,9901852,Spotify_monthly_listeners_daily,Spotify,global,,Q1_2025,net_change,-64735.0,listeners,-230665.0,51958.0
artist,Bloody Civilian,9901852,Spotify_monthly_listeners_daily,Spotify,global,,Q2_2024,net_change,248691.0,listeners,365384.0,
artist,Bloody Civilian,9901852,Spotify_monthly_listeners_daily,Spotify,global,,Q3_2024,net_change,-354301.0,listeners,-602992.0,
artist,Bloody Civilian,9901852,Spotify_monthly_listeners_daily,Spotify,global,,Q3_2025,net_change,-209029.0,listeners,,145272.0
artist,Bloody Civilian,9901852,Spotify_monthly_listeners_daily,Spotify,global,,Q4_2024,net_change,165930.0,listeners,520231.0,
artist,Bloody Civilian,9901852,Spotify_monthly_listeners_daily,Spotify,global,,Q4_2025,net_change,-168079.0,listeners,40950.0,-334009.0
artist,Bloody Civilian,9901852,TikTok_followers_daily,TikTok,global,,Q1_2024,net_change,6800.0,followers,,
artist,Bloody Civilian,9901852,TikTok_followers_daily,TikTok,global,,Q1_2025,net_change,17250.0,followers,3150.0,10450.0
artist,Bloody Civilian,9901852,TikTok_followers_daily,TikTok,global,,Q2_2025,net_change,15200.0,followers,-2050.0,
artist,Bloody Civilian,9901852,TikTok_followers_daily,TikTok,global,,Q3_2024,net_change,20250.0,followers,,
artist,Bloody Civilian,9901852,TikTok_followers_daily,TikTok,global,,Q3_2025,net_change,15590.0,followers,390.0,-4660.0
artist,Bloody Civilian,9901852,TikTok_followers_daily,TikTok,global,,Q4_2024,net_change,14100.0,followers,-6150.0,
artist,Bloody Civilian,9901852,TikTok_likes_daily,TikTok,global,,Q1_2024,net_change,126100.0,likes,,
artist,Bloody Civilian,9901852,TikTok_likes_daily,TikTok,global,,Q1_2025,net_change,928571.0,likes,252678.0,802471.0
artist,Bloody Civilian,9901852,TikTok_likes_daily,TikTok,global,,Q2_2024,net_change,612600.0,likes,486500.0,
artist,Bloody Civilian,9901852,TikTok_likes_daily,TikTok,global,,Q2_2025,net_change,1001389.0,likes,72818.0,388789.0
artist,Bloody Civilian,9901852,TikTok_likes_daily,TikTok,global,,Q3_2024,net_change,475000.0,likes,-137600.0,
artist,Bloody Civilian,9901852,TikTok_likes_daily,TikTok,global,,Q3_2025,net_change,-87634.0,likes,-1089023.0,-562634.0
artist,Bloody Civilian,9901852,TikTok_likes_daily,TikTok,global,,Q4_2024,net_change,675893.0,likes,200893.0,
artist,Bloody Civilian,9901852,TikTok_likes_daily,TikTok,global,,Q4_2025,net_change,420875.0,likes,508509.0,-255018.0
artist,Bloody Civilian,9901852,Twitter_followers_daily,Twitter,global,,Q1_2024,net_change,672.0,followers,,
artist,Bloody Civilian,9901852,Twitter_followers_daily,Twitter,global,,Q1_2025,net_change,14509.0,followers,-10878.0,13837.0
artist,Bloody Civilian,9901852,Twitter_followers_daily,Twitter,global,,Q2_2024,net_change,15963.0,followers,15291.0,
artist,Bloody Civilian,9901852,Twitter_followers_daily,Twitter,global,,Q3_2024,net_change,3115.0,followers,-12848.0,
artist,Bloody Civilian,9901852,Twitter_followers_daily,Twitter,global,,Q4_2024,net_change,25387.0,followers,22272.0,
artist,Bloody Civilian,9901852,YouTube_subscribers_daily,YouTube,global,,Q1_2024,net_change,910.0,subscribers,,
artist,Bloody Civilian,9901852,YouTube_subscribers_daily,YouTube,global,,Q1_2025,net_change,1040.0,subscribers,47.0,130.0
artist,Bloody Civilian,9901852,YouTube_subscribers_daily,YouTube,global,,Q2_2024,net_change,3260.0,subscribers,2350.0,
artist,Bloody Civilian,9901852,YouTube_subscribers_daily,YouTube,global,,Q2_2025,net_change,861.0,subscribers,-179.0,-2399.0
artist,Bloody Civilian,9901852,YouTube_subscribers_daily,YouTube,global,,Q3_2024,net_change,960.0,subscribers,-2300.0,
artist,Bloody Civilian,9901852,YouTube_subscribers_daily,YouTube,global,,Q3_2025,net_change,618.0,subscribers,-243.0,-342.0
artist,Bloody Civilian,9901852,YouTube_subscribers_daily,YouTube,global,,Q4_2024,net_change,993.0,subscribers,33.0,
artist,Bloody Civilian,9901852,YouTube_subscribers_daily,YouTube,global,,Q4_2025,net_change,445.0,subscribers,-173.0,-548.0
artist,Boj,317847,Instagram_followers_daily,Instagram,global,,Q1_2024,net_change,82.0,followers,,
artist,Boj,317847,Instagram_followers_daily,Instagram,global,,Q1_2025,net_change,-2601.0,followers,-2965.0,-2683.0
artist,Boj,317847,Instagram_followers_daily,Instagram,global,,Q2_2024,net_change,1047.0,followers,965.0,
artist,Boj,317847,Instagram_followers_daily,Instagram,global,,Q2_2025,net_change,-3498.0,followers,-897.0,-4545.0
artist,Boj,317847,Instagram_followers_daily,Instagram,global,,Q3_2024,net_change,4813.0,followers,3766.0,
artist,Boj,317847,Instagram_followers_daily,Instagram,global,,Q3_2025,net_change,-3906.0,followers,-408.0,-8719.0
artist,Boj,317847,Instagram_followers_daily,Instagram,global,,Q4_2024,net_change,364.0,followers,-4449.0,
artist,Boj,317847,Instagram_followers_daily,Instagram,global,,Q4_2025,net_change,-799.0,followers,3107.0,-1163.0
artist,Boj,317847,Spotify_followers_daily,Spotify,global,,Q1_2024,net_change,4781.0,followers,,
artist,Boj,317847,Spotify_followers_daily,Spotify,global,,Q1_2025,net_change,1976.0,followers,-341.0,-2805.0
artist,Boj,317847,Spotify_followers_daily,Spotify,global,,Q2_2024,net_change,6605.0,followers,1824.0,
artist,Boj,317847,Spotify_followers_daily,Spotify,global,,Q2_2025,net_change,2151.0,followers,175.0,-4454.0
artist,Boj,317847,Spotify_followers_daily,Spotify,global,,Q3_2024,net_change,5449.0,followers,-1156.0,
artist,Boj,317847,Spotify_followers_daily,Spotify,global,,Q3_2025,net_change,1384.0,followers,-767.0,-4065.0
artist,Boj,317847,Spotify_followers_daily,Spotify,global,,Q4_2024,net_change,2317.0,followers,-3132.0,
artist,Boj,317847,Spotify_followers_daily,Spotify,global,,Q4_2025,net_change,5161.0,followers,3777.0,2844.0
artist,Boj,317847,Spotify_monthly_listeners_daily,Spotify,global,,Q1_2024,net_change,-72332.0,listeners,,
artist,Boj,317847,Spotify_monthly_listeners_daily,Spotify,global,,Q1_2025,net_change,-45661.0,listeners,-37031.0,26671.0
artist,Boj,317847,Spotify_monthly_listeners_daily,Spotify,global,,Q2_2024,net_change,72361.0,listeners,144693.0,
artist,Boj,317847,Spotify_monthly_listeners_daily,Spotify,global,,Q2_2025,net_change,437245.0,listeners,482906.0,364884.0
artist,Boj,317847,Spotify_monthly_listeners_daily,Spotify,global,,Q3_2024,net_change,-55028.0,listeners,-127389.0,
artist,Boj,317847,Spotify_monthly_listeners_daily,Spotify,global,,Q4_2024,net_change,-8630.0,listeners,46398.0,
artist,Boj,317847,Spotify_monthly_listeners_daily,Spotify,global,,Q4_2025,net_change,275883.0,listeners,,284513.0
artist,Boj,317847,TikTok_followers_daily,TikTok,global,,Q1_2024,net_change,114.0,followers,,
artist,Boj,317847,TikTok_followers_daily,TikTok,global,,Q1_2025,net_change,325.0,followers,181.0,211.0
artist,Boj,317847,TikTok_followers_daily,TikTok,global,,Q2_2024,net_change,234.0,followers,120.0,
artist,Boj,317847,TikTok_followers_daily,TikTok,global,,Q2_2025,net_change,114.0,followers,-211.0,-120.0
artist,Boj,317847,TikTok_followers_daily,TikTok,global,,Q3_2024,net_change,1310.0,followers,1076.0,
artist,Boj,317847,TikTok_followers_daily,TikTok,global,,Q3_2025,net_change,0.0,followers,-114.0,-1310.0
artist,Boj,317847,TikTok_followers_daily,TikTok,global,,Q4_2024,net_change,144.0,followers,-1166.0,
artist,Boj,317847,TikTok_followers_daily,TikTok,global,,Q4_2025,net_change,734.0,followers,734.0,590.0
artist,Boj,317847,TikTok_likes_daily,TikTok,global,,Q1_2024,net_change,700.0,likes,,
artist,Boj,317847,TikTok_likes_daily,TikTok,global,,Q1_2025,net_change,12350.0,likes,2750.0,11650.0
artist,Boj,317847,TikTok_likes_daily,TikTok,global,,Q2_2024,net_change,2100.0,likes,1400.0,
artist,Boj,317847,TikTok_likes_daily,TikTok,global,,Q2_2025,net_change,2690.0,likes,-9660.0,590.0
artist,Boj,317847,TikTok_likes_daily,TikTok,global,,Q3_2024,net_change,24500.0,likes,22400.0,
artist,Boj,317847,TikTok_likes_daily,TikTok,global,,Q3_2025,net_change,4950.0,likes,2260.0,-19550.0
artist,Boj,317847,TikTok_likes_daily,TikTok,global,,Q4_2024,net_change,9600.0,likes,-14900.0,
artist,Boj,317847,TikTok_likes_daily,TikTok,global,,Q4_2025,net_change,22750.0,likes,17800.0,13150.0
artist,Boj,317847,Twitter_followers_daily,Twitter,global,,Q1_2024,net_change,-115.0,followers,,
artist,Boj,317847,Twitter_followers_daily,Twitter,global,,Q1_2025,net_change,1257.0,followers,478.0,1372.0
artist,Boj,317847,Twitter_followers_daily,Twitter,global,,Q2_2024,net_change,-515.0,followers,-400.0,
artist,Boj,317847,Twitter_followers_daily,Twitter,global,,Q2_2025,net_change,247.0,followers,-1010.0,762.0
artist,Boj,317847,Twitter_followers_daily,Twitter,global,,Q3_2024,net_change,1479.0,followers,1994.0,
artist,Boj,317847,Twitter_followers_daily,Twitter,global,,Q3_2025,net_change,-21.0,followers,-268.0,-1500.0
artist,Boj,317847,Twitter_followers_daily,Twitter,global,,Q4_2024,net_change,779.0,followers,-700.0,
artist,Boj,317847,Twitter_followers_daily,Twitter,global,,Q4_2025,net_change,417.0,followers,438.0,-362.0
artist,Boj,317847,Wikipedia_views_daily,Wikipedia,global,,Q1_2024,sum,4751.0,views,,
artist,Boj,317847,Wikipedia_views_daily,Wikipedia,global,,Q1_2025,sum,5082.0,views,-471.0,331.0
artist,Boj,317847,Wikipedia_views_daily,Wikipedia,global,,Q2_2024,sum,4704.0,views,-47.0,
artist,Boj,317847,Wikipedia_views_daily,Wikipedia,global,,Q2_2025,sum,4741.0,views,-341.0,37.0
artist,Boj,317847,Wikipedia_views_daily,Wikipedia,global,,Q3_2024,sum,4967.0,views,263.0,
artist,Boj,317847,Wikipedia_views_daily,Wikipedia,global,,Q3_2025,sum,4690.0,views,-51.0,-277.0
artist,Boj,317847,Wikipedia_views_daily,Wikipedia,global,,Q4_2024,sum,5553.0,views,586.0,
artist,Boj,317847,Wikipedia_views_daily,Wikipedia,global,,Q4_2025,sum,4867.0,views,177.0,-686.0
artist,Boj,317847,YouTube_subscribers_daily,YouTube,global,,Q1_2024,net_change,300.0,subscribers,,
artist,Boj,317847,YouTube_subscribers_daily,YouTube,global,,Q1_2025,net_change,401.0,subscribers,-105.0,101.0
artist,Boj,317847,YouTube_subscribers_daily,YouTube,global,,Q2_2024,net_change,600.0,subscribers,300.0,
artist,Boj,317847,YouTube_subscribers_daily,YouTube,global,,Q2_2025,net_change,447.0,subscribers,46.0,-153.0
artist,Boj,317847,YouTube_subscribers_daily,YouTube,global,,Q3_2024,net_change,1277.0,subscribers,677.0,
artist,Boj,317847,YouTube_subscribers_daily,YouTube,global,,Q3_2025,net_change,388.0,subscribers,-59.0,-889.0
artist,Boj,317847,YouTube_subscribers_daily,YouTube,global,,Q4_2024,net_change,506.0,subscribers,-771.0,
artist,Boj,317847,YouTube_subscribers_daily,YouTube,global,,Q4_2025,net_change,675.0,subscribers,287.0,169.0
artist,Bracket,712,Bandsintown_followers_daily,Bandsintown,global,,Q1_2024,net_change,129.0,followers,,
artist,Bracket,712,Bandsintown_followers_daily,Bandsintown,global,,Q1_2025,net_change,195.0,followers,22.0,66.0
artist,Bracket,712,Bandsintown_followers_daily,Bandsintown,global,,Q2_2024,net_change,164.0,followers,35.0,
artist,Bracket,712,Bandsintown_followers_daily,Bandsintown,global,,Q2_2025,net_change,288.0,followers,93.0,124.0
artist,Bracket,712,Bandsintown_followers_daily,Bandsintown,global,,Q3_2024,net_change,131.0,followers,-33.0,
artist,Bracket,712,Bandsintown_followers_daily,Bandsintown,global,,Q3_2025,net_change,325.0,followers,37.0,194.0
artist,Bracket,712,Bandsintown_followers_daily,Bandsintown,global,,Q4_2024,net_change,173.0,followers,42.0,
artist,Bracket,712,Bandsintown_followers_daily,Bandsintown,global,,Q4_2025,net_change,195.0,followers,-130.0,22.0
artist,Bracket,712,Spotify_followers_daily,Spotify,global,,Q1_2024,net_change,194.0,followers,,
artist,Bracket,712,Spotify_followers_daily,Spotify,global,,Q1_2025,net_change,11307.0,followers,4115.0,11113.0
artist,Bracket,712,Spotify_followers_daily,Spotify,global,,Q2_2025,net_change,14185.0,followers,2878.0,
artist,Bracket,712,Spotify_followers_daily,Spotify,global,,Q3_2024,net_change,3027.0,followers,,
artist,Bracket,712,Spotify_followers_daily,Spotify,global,,Q3_2025,net_change,14856.0,followers,671.0,11829.0
artist,Bracket,712,Spotify_followers_daily,Spotify,global,,Q4_2024,net_change,7192.0,followers,4165.0,
artist,Bracket,712,Spotify_followers_daily,Spotify,global,,Q4_2025,net_change,9998.0,followers,-4858.0,2806.0
artist,Bracket,712,Spotify_monthly_listeners_daily,Spotify,global,,Q1_2024,net_change,25476.0,listeners,,
artist,Bracket,712,Spotify_monthly_listeners_daily,Spotify,global,,Q1_2025,net_change,-1845.0,listeners,-48065.0,-27321.0
artist,Bracket,712,Spotify_monthly_listeners_daily,Spotify,global,,Q2_2024,net_change,123491.0,listeners,98015.0,
artist,Bracket,712,Spotify_monthly_listeners_daily,Spotify,global,,Q2_2025,net_change,47622.0,listeners,49467.0,-75869.0
artist,Bracket,712,Spotify_monthly_listeners_daily,Spotify,global,,Q3_2024,net_change,-27317.0,listeners,-150808.0,
artist,Bracket,712,Spotify_monthly_listeners_daily,Spotify,global,,Q3_2025,net_change,57084.0,listeners,9462.0,84401.0
artist,Bracket,712,Spotify_monthly_listeners_daily,Spotify,global,,Q4_2024,net_change,46220.0,listeners,73537.0,
artist,Bracket,712,Wikipedia_views_daily,Wikipedia,global,,Q1_2024,sum,3046.0,views,,
artist,Bracket,712,Wikipedia_views_daily,Wikipedia,global,,Q1_2025,sum,2023.0,views,125.0,-1023.0
artist,Bracket,712,Wikipedia_views_daily,Wikipedia,global,,Q2_2024,sum,2074.0,views,-972.0,
artist,Bracket,712,Wikipedia_views_daily,Wikipedia,global,,Q2_2025,sum,2164.0,views,141.0,90.0
artist,Bracket,712,Wikipedia_views_daily,Wikipedia,global,,Q3_2024,sum,2101.0,views,27.0,
artist,Bracket,712,Wikipedia_views_daily,Wikipedia,global,,Q3_2025,sum,2185.0,views,21.0,84.0
artist,Bracket,712,Wikipedia_views_daily,Wikipedia,global,,Q4_2024,sum,1898.0,views,-203.0,
artist,Bracket,712,Wikipedia_views_daily,Wikipedia,global,,Q4_2025,sum,1796.0,views,-389.0,-102.0
artist,Bracket,712,YouTube_subscribers_daily,YouTube,global,,Q1_2024,net_change,10000.0,subscribers,,
artist,Bracket,712,YouTube_subscribers_daily,YouTube,global,,Q1_2025,net_change,92438.0,subscribers,45688.0,82438.0
artist,Bracket,712,YouTube_subscribers_daily,YouTube,global,,Q2_2024,net_change,9000.0,subscribers,-1000.0,
artist,Bracket,712,YouTube_subscribers_daily,YouTube,global,,Q2_2025,net_change,14062.0,subscribers,-78376.0,5062.0
artist,Bracket,712,YouTube_subscribers_daily,YouTube,global,,Q3_2024,net_change,294000.0,subscribers,285000.0,
artist,Bracket,712,YouTube_subscribers_daily,YouTube,global,,Q3_2025,net_change,14169.0,subscribers,107.0,-279831.0
artist,Bracket,712,YouTube_subscribers_daily,YouTube,global,,Q4_2024,net_change,46750.0,subscribers,-247250.0,
artist,Bracket,712,YouTube_subscribers_daily,YouTube,global,,Q4_2025,net_change,11158.0,subscribers,-3011.0,-35592.0
artist,Brymo,15051,Bandsintown_followers_daily,Bandsintown,global,,Q1_2024,net_change,42.0,followers,,
artist,Brymo,15051,Bandsintown_followers_daily,Bandsintown,global,,Q1_2025,net_change,121.0,followers,-125.0,79.0
artist,Brymo,15051,Bandsintown_followers_daily,Bandsintown,global,,Q2_2024,net_change,71.0,followers,29.0,
artist,Brymo,15051,Bandsintown_followers_daily,Bandsintown,global,,Q2_2025,net_change,-3657.0,followers,-3778.0,-3728.0
artist,Brymo,15051,Bandsintown_followers_daily,Bandsintown,global,,Q3_2024,net_change,72.0,followers,1.0,
artist,Brymo,15051,Bandsintown_followers_daily,Bandsintown,global,,Q3_2025,net_change,230.0,followers,3887.0,158.0
artist,Brymo,15051,Bandsintown_followers_daily,Bandsintown,global,,Q4_2024,net_change,246.0,followers,174.0,
artist,Brymo,15051,Bandsintown_followers_daily,Bandsintown,global,,Q4_2025,net_change,116.0,followers,-114.0,-130.0
artist,Brymo,15051,Instagram_followers_daily,Instagram,global,,Q1_2024,net_change,2368.0,followers,,
artist,Brymo,15051,Instagram_followers_daily,Instagram,global,,Q1_2025,net_change,19120.0,followers,23968.0,16752.0
artist,Brymo,15051,Instagram_followers_daily,Instagram,global,,Q2_2024,net_change,19880.0,followers,17512.0,
artist,Brymo,15051,Instagram_followers_daily,Instagram,global,,Q2_2025,net_change,5232.0,followers,-13888.0,-14648.0
artist,Brymo,15051,Instagram_followers_daily,Instagram,global,,Q3_2024,net_change,-8117.0,followers,-27997.0,
artist,Brymo,15051,Instagram_followers_daily,Instagram,global,,Q3_2025,net_change,8023.0,followers,2791.0,16140.0
artist,Brymo,15051,Instagram_followers_daily,Instagram,global,,Q4_2024,net_change,-4848.0,followers,3269.0,
artist,Brymo,15051,Instagram_followers_daily,Instagram,global,,Q4_2025,net_change,2342.0,followers,-5681.0,7190.0
artist,Brymo,15051,Soundcloud_followers_daily,Soundcloud,global,,Q1_2024,net_change,51.0,followers,,
artist,Brymo,15051,Soundcloud_followers_daily,Soundcloud,global,,Q1_2025,net_change,5.0,followers,,-46.0
artist,Brymo,15051,Soundcloud_followers_daily,Soundcloud,global,,Q2_2024,net_change,21.0,followers,-30.0,
artist,Brymo,15051,Soundcloud_followers_daily,Soundcloud,global,,Q2_2025,net_change,16.0,followers,11.0,-5.0
artist,Brymo,15051,Soundcloud_followers_daily,Soundcloud,global,,Q3_2025,net_change,4.0,followers,-12.0,
artist,Brymo,15051,Soundcloud_followers_daily,Soundcloud,global,,Q4_2025,net_change,20.0,followers,16.0,
artist,Brymo,15051,Spotify_followers_daily,Spotify,global,,Q1_2025,net_change,9249.0,followers,3318.0,
artist,Brymo,15051,Spotify_followers_daily,Spotify,global,,Q2_2024,net_change,10075.0,followers,,
artist,Brymo,15051,Spotify_followers_daily,Spotify,global,,Q2_2025,net_change,11822.0,followers,2573.0,1747.0
artist,Brymo,15051,Spotify_followers_daily,Spotify,global,,Q3_2024,net_change,8396.0,followers,-1679.0,
artist,Brymo,15051,Spotify_followers_daily,Spotify,global,,Q3_2025,net_change,14488.0,followers,2666.0,6092.0
artist,Brymo,15051,Spotify_followers_daily,Spotify,global,,Q4_2024,net_change,5931.0,followers,-2465.0,
artist,Brymo,15051,Spotify_followers_daily,Spotify,global,,Q4_2025,net_change,15344.0,followers,856.0,9413.0
artist,Brymo,15051,Spotify_monthly_listeners_daily,Spotify,global,,Q1_2024,net_change,15863.0,listeners,,
artist,Brymo,15051,Spotify_monthly_listeners_daily,Spotify,global,,Q1_2025,net_change,57717.0,listeners,55925.0,41854.0
artist,Brymo,15051,Spotify_monthly_listeners_daily,Spotify,global,,Q2_2024,net_change,20628.0,listeners,4765.0,
artist,Brymo,15051,Spotify_monthly_listeners_daily,Spotify,global,,Q2_2025,net_change,34681.0,listeners,-23036.0,14053.0
artist,Brymo,15051,Spotify_monthly_listeners_daily,Spotify,global,,Q3_2024,net_change,18359.0,listeners,-2269.0,
artist,Brymo,15051,Spotify_monthly_listeners_daily,Spotify,global,,Q3_2025,net_change,28810.0,listeners,-5871.0,10451.0
artist,Brymo,15051,Spotify_monthly_listeners_daily,Spotify,global,,Q4_2024,net_change,1792.0,listeners,-16567.0,
artist,Brymo,15051,Spotify_monthly_listeners_daily,Spotify,global,,Q4_2025,net_change,46112.0,listeners,17302.0,44320.0
artist,Brymo,15051,Wikipedia_views_daily,Wikipedia,global,,Q1_2024,sum,7904.0,views,,
artist,Brymo,15051,Wikipedia_views_daily,Wikipedia,global,,Q1_2025,sum,6259.0,views,1449.0,-1645.0
artist,Brymo,15051,Wikipedia_views_daily,Wikipedia,global,,Q2_2024,sum,10383.0,views,2479.0,
artist,Brymo,15051,Wikipedia_views_daily,Wikipedia,global,,Q2_2025,sum,8252.0,views,1993.0,-2131.0
artist,Brymo,15051,Wikipedia_views_daily,Wikipedia,global,,Q3_2024,sum,5337.0,views,-5046.0,
artist,Brymo,15051,Wikipedia_views_daily,Wikipedia,global,,Q3_2025,sum,7908.0,views,-344.0,2571.0
artist,Brymo,15051,Wikipedia_views_daily,Wikipedia,global,,Q4_2024,sum,4810.0,views,-527.0,
artist,Brymo,15051,Wikipedia_views_daily,Wikipedia,global,,Q4_2025,sum,6600.0,views,-1308.0,1790.0
artist,Brymo,15051,YouTube_subscribers_daily,YouTube,global,,Q1_2024,net_change,900.0,subscribers,,
artist,Brymo,15051,YouTube_subscribers_daily,YouTube,global,,Q1_2025,net_change,1623.0,subscribers,472.0,723.0
artist,Brymo,15051,YouTube_subscribers_daily,YouTube,global,,Q2_2024,net_change,1500.0,subscribers,600.0,
artist,Brymo,15051,YouTube_subscribers_daily,YouTube,global,,Q2_2025,net_change,1930.0,subscribers,307.0,430.0
artist,Brymo,15051,YouTube_subscribers_daily,YouTube,global,,Q3_2024,net_change,1209.0,subscribers,-291.0,
artist,Brymo,15051,YouTube_subscribers_daily,YouTube,global,,Q3_2025,net_change,2460.0,subscribers,530.0,1251.0
artist,Brymo,15051,YouTube_subscribers_daily,YouTube,global,,Q4_2024,net_change,1151.0,subscribers,-58.0,
artist,Brymo,15051,YouTube_subscribers_daily,YouTube,global,,Q4_2025,net_change,2033.0,subscribers,-427.0,882.0
artist,Burna Boy,441923,Spotify_followers_daily,Spotify,global,,Q1_2024,net_change,0.0,followers,,
artist,Burna Boy,441923,Spotify_followers_daily,Spotify,global,,Q1_2025,net_change,1.0,followers,1.0,1.0
artist,Burna Boy,441923,Spotify_followers_daily,Spotify,global,,Q2_2024,net_change,0.0,followers,0.0,
artist,Burna Boy,441923,Spotify_followers_daily,Spotify,global,,Q2_2025,net_change,1.0,followers,0.0,1.0
artist,Burna Boy,441923,Spotify_followers_daily,Spotify,global,,Q3_2024,net_change,2.0,followers,2.0,
artist,Burna Boy,441923,Spotify_followers_daily,Spotify,global,,Q3_2025,net_change,1.0,followers,0.0,-1.0
artist,Burna Boy,441923,Spotify_followers_daily,Spotify,global,,Q4_2024,net_change,0.0,followers,-2.0,
artist,Burna Boy,441923,Spotify_followers_daily,Spotify,global,,Q4_2025,net_change,0.0,followers,-1.0,0.0
artist,Burna Boy,441923,Spotify_monthly_listeners_daily,Spotify,global,,Q1_2024,net_change,-14.0,listeners,,
artist,Burna Boy,441923,Spotify_monthly_listeners_daily,Spotify,global,,Q1_2025,net_change,58.0,listeners,69.0,72.0
artist,Burna Boy,441923,Spotify_monthly_listeners_daily,Spotify,global,,Q2_2024,net_change,-17.0,listeners,-3.0,
artist,Burna Boy,441923,Spotify_monthly_listeners_daily,Spotify,global,,Q2_2025,net_change,-17.0,listeners,-75.0,0.0
artist,Burna Boy,441923,Spotify_monthly_listeners_daily,Spotify,global,,Q3_2024,net_change,-29.0,listeners,-12.0,
artist,Burna Boy,441923,Spotify_monthly_listeners_daily,Spotify,global,,Q3_2025,net_change,-1.0,listeners,16.0,28.0
artist,Burna Boy,441923,Spotify_monthly_listeners_daily,Spotify,global,,Q4_2024,net_change,-11.0,listeners,18.0,
artist,Burna Boy,441923,Spotify_monthly_listeners_daily,Spotify,global,,Q4_2025,net_change,6.0,listeners,7.0,17.0
artist,CDQ,101087,Instagram_followers_daily,Instagram,global,,Q1_2024,net_change,-12732.0,followers,,
artist,CDQ,101087,Instagram_followers_daily,Instagram,global,,Q1_2025,net_change,-40497.0,followers,8940.0,-27765.0
artist,CDQ,101087,Instagram_followers_daily,Instagram,global,,Q2_2024,net_change,-1933.0,followers,10799.0,
artist,CDQ,101087,Instagram_followers_daily,Instagram,global,,Q2_2025,net_change,-28150.0,followers,12347.0,-26217.0
artist,CDQ,101087,Instagram_followers_daily,Instagram,global,,Q3_2024,net_change,-88088.0,followers,-86155.0,
artist,CDQ,101087,Instagram_followers_daily,Instagram,global,,Q4_2024,net_change,-49437.0,followers,38651.0,
artist,CDQ,101087,Instagram_followers_daily,Instagram,global,,Q4_2025,net_change,-3825.0,followers,,45612.0
artist,CDQ,101087,Soundcloud_followers_daily,Soundcloud,global,,Q1_2024,net_change,9.0,followers,,
artist,CDQ,101087,Soundcloud_followers_daily,Soundcloud,global,,Q1_2025,net_change,4.0,followers,-2.0,-5.0
artist,CDQ,101087,Soundcloud_followers_daily,Soundcloud,global,,Q2_2024,net_change,6.0,followers,-3.0,
artist,CDQ,101087,Soundcloud_followers_daily,Soundcloud,global,,Q2_2025,net_change,3.0,followers,-1.0,-3.0
artist,CDQ,101087,Soundcloud_followers_daily,Soundcloud,global,,Q3_2024,net_change,9.0,followers,3.0,
artist,CDQ,101087,Soundcloud_followers_daily,Soundcloud,global,,Q3_2025,net_change,0.0,followers,-3.0,-9.0
artist,CDQ,101087,Soundcloud_followers_daily,Soundcloud,global,,Q4_2024,net_change,6.0,followers,-3.0,
artist,CDQ,101087,Soundcloud_followers_daily,Soundcloud,global,,Q4_2025,net_change,3.0,followers,3.0,-3.0
artist,CDQ,101087,Spotify_followers_daily,Spotify,global,,Q1_2025,net_change,1318.0,followers,-705.0,
artist,CDQ,101087,Spotify_followers_daily,Spotify,global,,Q2_2024,net_change,9443.0,followers,,
artist,CDQ,101087,Spotify_followers_daily,Spotify,global,,Q2_2025,net_change,2227.0,followers,909.0,-7216.0
artist,CDQ,101087,Spotify_followers_daily,Spotify,global,,Q3_2024,net_change,5020.0,followers,-4423.0,
artist,CDQ,101087,Spotify_followers_daily,Spotify,global,,Q3_2025,net_change,4320.0,followers,2093.0,-700.0
artist,CDQ,101087,Spotify_followers_daily,Spotify,global,,Q4_2024,net_change,2023.0,followers,-2997.0,
artist,CDQ,101087,Spotify_followers_daily,Spotify,global,,Q4_2025,net_change,11311.0,followers,6991.0,9288.0
artist,CDQ,101087,Spotify_monthly_listeners_daily,Spotify,global,,Q1_2024,net_change,-267.0,listeners,,
artist,CDQ,101087,Spotify_monthly_listeners_daily,Spotify,global,,Q1_2025,net_change,15334.0,listeners,13341.0,15601.0
artist,CDQ,101087,Spotify_monthly_listeners_daily,Spotify,global,,Q2_2024,net_change,5440.0,listeners,5707.0,
artist,CDQ,101087,Spotify_monthly_listeners_daily,Spotify,global,,Q2_2025,net_change,78569.0,listeners,63235.0,73129.0
artist,CDQ,101087,Spotify_monthly_listeners_daily,Spotify,global,,Q3_2024,net_change,-1326.0,listeners,-6766.0,
artist,CDQ,101087,Spotify_monthly_listeners_daily,Spotify,global,,Q3_2025,net_change,94902.0,listeners,16333.0,96228.0
artist,CDQ,101087,Spotify_monthly_listeners_daily,Spotify,global,,Q4_2024,net_change,1993.0,listeners,3319.0,
artist,CDQ,101087,Spotify_monthly_listeners_daily,Spotify,global,,Q4_2025,net_change,92003.0,listeners,-2899.0,90010.0
artist,CDQ,101087,Wikipedia_views_daily,Wikipedia,global,,Q1_2024,sum,1949.0,views,,
artist,CDQ,101087,Wikipedia_views_daily,Wikipedia,global,,Q1_2025,sum,1943.0,views,584.0,-6.0
artist,CDQ,101087,Wikipedia_views_daily,Wikipedia,global,,Q2_2024,sum,1740.0,views,-209.0,
artist,CDQ,101087,Wikipedia_views_daily,Wikipedia,global,,Q2_2025,sum,1840.0,views,-103.0,100.0
artist,CDQ,101087,Wikipedia_views_daily,Wikipedia,global,,Q3_2024,sum,1300.0,views,-440.0,
artist,CDQ,101087,Wikipedia_views_daily,Wikipedia,global,,Q3_2025,sum,1935.0,views,95.0,635.0
artist,CDQ,101087,Wikipedia_views_daily,Wikipedia,global,,Q4_2024,sum,1359.0,views,59.0,
artist,CDQ,101087,Wikipedia_views_daily,Wikipedia,global,,Q4_2025,sum,1617.0,views,-318.0,258.0
artist,Cruel Santino,921836,Bandsintown_followers_daily,Bandsintown,global,,Q1_2025,net_change,372.0,followers,95.0,
artist,Cruel Santino,921836,Bandsintown_followers_daily,Bandsintown,global,,Q2_2025,net_change,512.0,followers,140.0,
artist,Cruel Santino,921836,Bandsintown_followers_daily,Bandsintown,global,,Q3_2025,net_change,5511.0,followers,4999.0,
artist,Cruel Santino,921836,Bandsintown_followers_daily,Bandsintown,global,,Q4_2024,net_change,277.0,followers,,
artist,Cruel Santino,921836,Bandsintown_followers_daily,Bandsintown,global,,Q4_2025,net_change,214.0,followers,-5297.0,-63.0
artist,Cruel Santino,921836,Instagram_followers_daily,Instagram,global,,Q1_2024,net_change,-400.0,followers,,
artist,Cruel Santino,921836,Instagram_followers_daily,Instagram,global,,Q1_2025,net_change,1753.0,followers,4119.0,2153.0
artist,Cruel Santino,921836,Instagram_followers_daily,Instagram,global,,Q2_2024,net_change,-2427.0,followers,-2027.0,
artist,Cruel Santino,921836,Instagram_followers_daily,Instagram,global,,Q2_2025,net_change,-492.0,followers,-2245.0,1935.0
artist,Cruel Santino,921836,Instagram_followers_daily,Instagram,global,,Q3_2024,net_change,-5979.0,followers,-3552.0,
artist,Cruel Santino,921836,Instagram_followers_daily,Instagram,global,,Q3_2025,net_change,-2475.0,followers,-1983.0,3504.0
artist,Cruel Santino,921836,Instagram_followers_daily,Instagram,global,,Q4_2024,net_change,-2366.0,followers,3613.0,
artist,Cruel Santino,921836,Instagram_followers_daily,Instagram,global,,Q4_2025,net_change,-1898.0,followers,577.0,468.0
artist,Cruel Santino,921836,Soundcloud_followers_daily,Soundcloud,global,,Q1_2024,net_change,117.0,followers,,
artist,Cruel Santino,921836,Soundcloud_followers_daily,Soundcloud,global,,Q1_2025,net_change,188.0,followers,107.0,71.0
artist,Cruel Santino,921836,Soundcloud_followers_daily,Soundcloud,global,,Q2_2024,net_change,112.0,followers,-5.0,
artist,Cruel Santino,921836,Soundcloud_followers_daily,Soundcloud,global,,Q2_2025,net_change,63.0,followers,-125.0,-49.0
artist,Cruel Santino,921836,Soundcloud_followers_daily,Soundcloud,global,,Q3_2024,net_change,120.0,followers,8.0,
artist,Cruel Santino,921836,Soundcloud_followers_daily,Soundcloud,global,,Q3_2025,net_change,163.0,followers,100.0,43.0
artist,Cruel Santino,921836,Soundcloud_followers_daily,Soundcloud,global,,Q4_2024,net_change,81.0,followers,-39.0,
artist,Cruel Santino,921836,Soundcloud_followers_daily,Soundcloud,global,,Q4_2025,net_change,121.0,followers,-42.0,40.0
artist,Cruel Santino,921836,Spotify_followers_daily,Spotify,global,,Q1_2024,net_change,3749.0,followers,,
artist,Cruel Santino,921836,Spotify_followers_daily,Spotify,global,,Q1_2025,net_change,3414.0,followers,1220.0,-335.0
artist,Cruel Santino,921836,Spotify_followers_daily,Spotify,global,,Q2_2024,net_change,2774.0,followers,-975.0,
artist,Cruel Santino,921836,Spotify_followers_daily,Spotify,global,,Q2_2025,net_change,3326.0,followers,-88.0,552.0
artist,Cruel Santino,921836,Spotify_followers_daily,Spotify,global,,Q3_2024,net_change,2447.0,followers,-327.0,
artist,Cruel Santino,921836,Spotify_followers_daily,Spotify,global,,Q3_2025,net_change,2269.0,followers,-1057.0,-178.0
artist,Cruel Santino,921836,Spotify_followers_daily,Spotify,global,,Q4_2024,net_change,2194.0,followers,-253.0,
artist,Cruel Santino,921836,Spotify_followers_daily,Spotify,global,,Q4_2025,net_change,3247.0,followers,978.0,1053.0
artist,Cruel Santino,921836,Spotify_monthly_listeners_daily,Spotify,global,,Q1_2024,net_change,-58539.0,listeners,,
artist,Cruel Santino,921836,Spotify_monthly_listeners_daily,Spotify,global,,Q1_2025,net_change,45298.0,listeners,20643.0,103837.0
artist,Cruel Santino,921836,Spotify_monthly_listeners_daily,Spotify,global,,Q2_2024,net_change,-68179.0,listeners,-9640.0,
artist,Cruel Santino,921836,Spotify_monthly_listeners_daily,Spotify,global,,Q2_2025,net_change,154725.0,listeners,109427.0,222904.0
artist,Cruel Santino,921836,Spotify_monthly_listeners_daily,Spotify,global,,Q3_2024,net_change,-47635.0,listeners,20544.0,
artist,Cruel Santino,921836,Spotify_monthly_listeners_daily,Spotify,global,,Q3_2025,net_change,-40395.0,listeners,-195120.0,7240.0
artist,Cruel Santino,921836,Spotify_monthly_listeners_daily,Spotify,global,,Q4_2024,net_change,24655.0,listeners,72290.0,
artist,Cruel Santino,921836,TikTok_followers_daily,TikTok,global,,Q1_2025,net_change,3146.0,followers,2884.0,
artist,Cruel Santino,921836,TikTok_followers_daily,TikTok,global,,Q2_2025,net_change,1491.0,followers,-1655.0,
artist,Cruel Santino,921836,TikTok_followers_daily,TikTok,global,,Q3_2025,net_change,-240.0,followers,-1731.0,
artist,Cruel Santino,921836,TikTok_followers_daily,TikTok,global,,Q4_2024,net_change,262.0,followers,,
artist,Cruel Santino,921836,TikTok_followers_daily,TikTok,global,,Q4_2025,net_change,-106.0,followers,134.0,-368.0
artist,Cruel Santino,921836,TikTok_likes_daily,TikTok,global,,Q1_2025,net_change,109900.0,likes,107125.0,
artist,Cruel Santino,921836,TikTok_likes_daily,TikTok,global,,Q2_2025,net_change,32950.0,likes,-76950.0,
artist,Cruel Santino,921836,TikTok_likes_daily,TikTok,global,,Q3_2025,net_change,4279.0,likes,-28671.0,
artist,Cruel Santino,921836,TikTok_likes_daily,TikTok,global,,Q4_2024,net_change,2775.0,likes,,
artist,Cruel Santino,921836,TikTok_likes_daily,TikTok,global,,Q4_2025,net_change,3396.0,likes,-883.0,621.0
artist,Cruel Santino,921836,Twitter_followers_daily,Twitter,global,,Q1_2024,net_change,-292.0,followers,,
artist,Cruel Santino,921836,Twitter_followers_daily,Twitter,global,,Q1_2025,net_change,4767.0,followers,2248.0,5059.0
artist,Cruel Santino,921836,Twitter_followers_daily,Twitter,global,,Q2_2024,net_change,-1870.0,followers,-1578.0,
artist,Cruel Santino,921836,Twitter_followers_daily,Twitter,global,,Q2_2025,net_change,2722.0,followers,-2045.0,4592.0
artist,Cruel Santino,921836,Twitter_followers_daily,Twitter,global,,Q3_2024,net_change,-274.0,followers,1596.0,
artist,Cruel Santino,921836,Twitter_followers_daily,Twitter,global,,Q3_2025,net_change,873.0,followers,-1849.0,1147.0
artist,Cruel Santino,921836,Twitter_followers_daily,Twitter,global,,Q4_2024,net_change,2519.0,followers,2793.0,
artist,Cruel Santino,921836,Twitter_followers_daily,Twitter,global,,Q4_2025,net_change,84.0,followers,-789.0,-2435.0
artist,Cruel Santino,921836,Wikipedia_views_daily,Wikipedia,global,,Q1_2024,sum,4843.0,views,,
artist,Cruel Santino,921836,Wikipedia_views_daily,Wikipedia,global,,Q1_2025,sum,6006.0,views,2238.0,1163.0
artist,Cruel Santino,921836,Wikipedia_views_daily,Wikipedia,global,,Q2_2024,sum,4668.0,views,-175.0,
artist,Cruel Santino,921836,Wikipedia_views_daily,Wikipedia,global,,Q2_2025,sum,5693.0,views,-313.0,1025.0
artist,Cruel Santino,921836,Wikipedia_views_daily,Wikipedia,global,,Q3_2024,sum,3149.0,views,-1519.0,
artist,Cruel Santino,921836,Wikipedia_views_daily,Wikipedia,global,,Q3_2025,sum,3272.0,views,-2421.0,123.0
artist,Cruel Santino,921836,Wikipedia_views_daily,Wikipedia,global,,Q4_2024,sum,3768.0,views,619.0,
artist,Cruel Santino,921836,Wikipedia_views_daily,Wikipedia,global,,Q4_2025,sum,3387.0,views,115.0,-381.0
artist,Cruel Santino,921836,YouTube_subscribers_daily,YouTube,global,,Q1_2024,net_change,-20.0,subscribers,,
artist,Cruel Santino,921836,YouTube_subscribers_daily,YouTube,global,,Q1_2025,net_change,-23.0,subscribers,-5.0,-3.0
artist,Cruel Santino,921836,YouTube_subscribers_daily,YouTube,global,,Q2_2024,net_change,-24.0,subscribers,-4.0,
artist,Cruel Santino,921836,YouTube_subscribers_daily,YouTube,global,,Q2_2025,net_change,-18.0,subscribers,5.0,6.0
artist,Cruel Santino,921836,YouTube_subscribers_daily,YouTube,global,,Q3_2024,net_change,-21.0,subscribers,3.0,
artist,Cruel Santino,921836,YouTube_subscribers_daily,YouTube,global,,Q3_2025,net_change,-10.0,subscribers,8.0,11.0
artist,Cruel Santino,921836,YouTube_subscribers_daily,YouTube,global,,Q4_2024,net_change,-18.0,subscribers,3.0,
artist,Cruel Santino,921836,YouTube_subscribers_daily,YouTube,global,,Q4_2025,net_change,-14.0,subscribers,-4.0,4.0
artist,DJ Cuppy,12822800,Spotify_followers_daily,Spotify,global,,Q1_2025,net_change,2.0,followers,0.0,
artist,DJ Cuppy,12822800,Spotify_followers_daily,Spotify,global,,Q2_2025,net_change,0.0,followers,-2.0,
artist,DJ Cuppy,12822800,Spotify_followers_daily,Spotify,global,,Q3_2025,net_change,0.0,followers,0.0,
artist,DJ Cuppy,12822800,Spotify_followers_daily,Spotify,global,,Q4_2024,net_change,2.0,followers,,
artist,DJ Cuppy,12822800,Spotify_monthly_listeners_daily,Spotify,global,,Q1_2025,net_change,-214.0,listeners,-14.0,
artist,DJ Cuppy,12822800,Spotify_monthly_listeners_daily,Spotify,global,,Q2_2025,net_change,0.0,listeners,214.0,
artist,DJ Cuppy,12822800,Spotify_monthly_listeners_daily,Spotify,global,,Q3_2025,net_change,0.0,listeners,0.0,
artist,DJ Cuppy,12822800,Spotify_monthly_listeners_daily,Spotify,global,,Q4_2024,net_change,-200.0,listeners,,
artist,DJ Neptune,269281,Instagram_followers_daily,Instagram,global,,Q1_2024,net_change,-4133.0,followers,,
artist,DJ Neptune,269281,Instagram_followers_daily,Instagram,global,,Q1_2025,net_change,-8959.0,followers,2449.0,-4826.0
artist,DJ Neptune,269281,Instagram_followers_daily,Instagram,global,,Q2_2024,net_change,24681.0,followers,28814.0,
artist,DJ Neptune,269281,Instagram_followers_daily,Instagram,global,,Q2_2025,net_change,-16168.0,followers,-7209.0,-40849.0
artist,DJ Neptune,269281,Instagram_followers_daily,Instagram,global,,Q3_2024,net_change,15162.0,followers,-9519.0,
artist,DJ Neptune,269281,Instagram_followers_daily,Instagram,global,,Q3_2025,net_change,4148.0,followers,20316.0,-11014.0
artist,DJ Neptune,269281,Instagram_followers_daily,Instagram,global,,Q4_2024,net_change,-11408.0,followers,-26570.0,
artist,DJ Neptune,269281,Instagram_followers_daily,Instagram,global,,Q4_2025,net_change,476.0,followers,-3672.0,11884.0
artist,DJ Neptune,269281,Soundcloud_followers_daily,Soundcloud,global,,Q1_2024,net_change,347.0,followers,,
artist,DJ Neptune,269281,Soundcloud_followers_daily,Soundcloud,global,,Q2_2024,net_change,196.0,followers,-151.0,
artist,DJ Neptune,269281,Soundcloud_followers_daily,Soundcloud,global,,Q2_2025,net_change,34.0,followers,,-162.0
artist,DJ Neptune,269281,Soundcloud_followers_daily,Soundcloud,global,,Q4_2025,net_change,98.0,followers,,
artist,DJ Neptune,269281,Spotify_followers_daily,Spotify,global,,Q1_2024,net_change,49361.0,followers,,
artist,DJ Neptune,269281,Spotify_followers_daily,Spotify,global,,Q1_2025,net_change,52145.0,followers,8492.0,2784.0
artist,DJ Neptune,269281,Spotify_followers_daily,Spotify,global,,Q2_2024,net_change,43305.0,followers,-6056.0,
artist,DJ Neptune,269281,Spotify_followers_daily,Spotify,global,,Q2_2025,net_change,53336.0,followers,1191.0,10031.0
artist,DJ Neptune,269281,Spotify_followers_daily,Spotify,global,,Q3_2024,net_change,32132.0,followers,-11173.0,
artist,DJ Neptune,269281,Spotify_followers_daily,Spotify,global,,Q3_2025,net_change,57043.0,followers,3707.0,24911.0
artist,DJ Neptune,269281,Spotify_followers_daily,Spotify,global,,Q4_2024,net_change,43653.0,followers,11521.0,
artist,DJ Neptune,269281,Spotify_followers_daily,Spotify,global,,Q4_2025,net_change,105385.0,followers,48342.0,61732.0
artist,DJ Neptune,269281,Spotify_monthly_listeners_daily,Spotify,global,,Q1_2024,net_change,-169009.0,listeners,,
artist,DJ Neptune,269281,Spotify_monthly_listeners_daily,Spotify,global,,Q1_2025,net_change,10363.0,listeners,-96681.0,179372.0
artist,DJ Neptune,269281,Spotify_monthly_listeners_daily,Spotify,global,,Q2_2024,net_change,-39384.0,listeners,129625.0,
artist,DJ Neptune,269281,Spotify_monthly_listeners_daily,Spotify,global,,Q2_2025,net_change,162781.0,listeners,152418.0,202165.0
artist,DJ Neptune,269281,Spotify_monthly_listeners_daily,Spotify,global,,Q3_2024,net_change,130481.0,listeners,169865.0,
artist,DJ Neptune,269281,Spotify_monthly_listeners_daily,Spotify,global,,Q3_2025,net_change,128039.0,listeners,-34742.0,-2442.0
artist,DJ Neptune,269281,Spotify_monthly_listeners_daily,Spotify,global,,Q4_2024,net_change,107044.0,listeners,-23437.0,
artist,DJ Neptune,269281,Spotify_monthly_listeners_daily,Spotify,global,,Q4_2025,net_change,-52250.0,listeners,-180289.0,-159294.0
artist,DJ Neptune,269281,Wikipedia_views_daily,Wikipedia,global,,Q1_2024,sum,2405.0,views,,
artist,DJ Neptune,269281,Wikipedia_views_daily,Wikipedia,global,,Q1_2025,sum,1655.0,views,-613.0,-750.0
artist,DJ Neptune,269281,Wikipedia_views_daily,Wikipedia,global,,Q2_2024,sum,2947.0,views,542.0,
artist,DJ Neptune,269281,Wikipedia_views_daily,Wikipedia,global,,Q2_2025,sum,1829.0,views,174.0,-1118.0
artist,DJ Neptune,269281,Wikipedia_views_daily,Wikipedia,global,,Q3_2024,sum,2921.0,views,-26.0,
artist,DJ Neptune,269281,Wikipedia_views_daily,Wikipedia,global,,Q3_2025,sum,1866.0,views,37.0,-1055.0
artist,DJ Neptune,269281,Wikipedia_views_daily,Wikipedia,global,,Q4_2024,sum,2268.0,views,-653.0,
artist,DJ Neptune,269281,Wikipedia_views_daily,Wikipedia,global,,Q4_2025,sum,2661.0,views,795.0,393.0
artist,DJ Neptune,269281,YouTube_subscribers_daily,YouTube,global,,Q1_2024,net_change,8000.0,subscribers,,
artist,DJ Neptune,269281,YouTube_subscribers_daily,YouTube,global,,Q1_2025,net_change,5082.0,subscribers,-1108.0,-2918.0
artist,DJ Neptune,269281,YouTube_subscribers_daily,YouTube,global,,Q2_2024,net_change,7000.0,subscribers,-1000.0,
artist,DJ Neptune,269281,YouTube_subscribers_daily,YouTube,global,,Q2_2025,net_change,5341.0,subscribers,259.0,-1659.0
artist,DJ Neptune,269281,YouTube_subscribers_daily,YouTube,global,,Q3_2024,net_change,12071.0,subscribers,5071.0,
artist,DJ Neptune,269281,YouTube_subscribers_daily,YouTube,global,,Q3_2025,net_change,9269.0,subscribers,3928.0,-2802.0
artist,DJ Neptune,269281,YouTube_subscribers_daily,YouTube,global,,Q4_2024,net_change,6190.0,subscribers,-5881.0,
artist,DJ Neptune,269281,YouTube_subscribers_daily,YouTube,global,,Q4_2025,net_change,7060.0,subscribers,-2209.0,870.0
artist,DJ Spinall,1068888,Instagram_followers_daily,Instagram,global,,Q1_2024,net_change,10327.0,followers,,
artist,DJ Spinall,1068888,Instagram_followers_daily,Instagram,global,,Q1_2025,net_change,-41376.0,followers,8110.0,-51703.0
artist,DJ Spinall,1068888,Instagram_followers_daily,Instagram,global,,Q2_2024,net_change,-4726.0,followers,-15053.0,
artist,DJ Spinall,1068888,Instagram_followers_daily,Instagram,global,,Q2_2025,net_change,-27224.0,followers,14152.0,-22498.0
artist,DJ Spinall,1068888,Instagram_followers_daily,Instagram,global,,Q3_2024,net_change,-72882.0,followers,-68156.0,
artist,DJ Spinall,1068888,Instagram_followers_daily,Instagram,global,,Q3_2025,net_change,-18620.0,followers,8604.0,54262.0
artist,DJ Spinall,1068888,Instagram_followers_daily,Instagram,global,,Q4_2024,net_change,-49486.0,followers,23396.0,
artist,DJ Spinall,1068888,Instagram_followers_daily,Instagram,global,,Q4_2025,net_change,-12814.0,followers,5806.0,36672.0
artist,DJ Spinall,1068888,Spotify_followers_daily,Spotify,global,,Q1_2024,net_change,5.0,followers,,
artist,DJ Spinall,1068888,Spotify_followers_daily,Spotify,global,,Q1_2025,net_change,7.0,followers,-1.0,2.0
artist,DJ Spinall,1068888,Spotify_followers_daily,Spotify,global,,Q2_2025,net_change,12.0,followers,5.0,
artist,DJ Spinall,1068888,Spotify_followers_daily,Spotify,global,,Q3_2024,net_change,4.0,followers,,
artist,DJ Spinall,1068888,Spotify_followers_daily,Spotify,global,,Q3_2025,net_change,14.0,followers,2.0,10.0
artist,DJ Spinall,1068888,Spotify_followers_daily,Spotify,global,,Q4_2024,net_change,8.0,followers,4.0,
artist,DJ Spinall,1068888,Spotify_followers_daily,Spotify,global,,Q4_2025,net_change,11.0,followers,-3.0,3.0
artist,DJ Spinall,1068888,Spotify_monthly_listeners_daily,Spotify,global,,Q1_2024,net_change,2.0,listeners,,
artist,DJ Spinall,1068888,Spotify_monthly_listeners_daily,Spotify,global,,Q1_2025,net_change,8.0,listeners,7.0,6.0
artist,DJ Spinall,1068888,Spotify_monthly_listeners_daily,Spotify,global,,Q2_2024,net_change,-4.0,listeners,-6.0,
artist,DJ Spinall,1068888,Spotify_monthly_listeners_daily,Spotify,global,,Q2_2025,net_change,9.0,listeners,1.0,13.0
artist,DJ Spinall,1068888,Spotify_monthly_listeners_daily,Spotify,global,,Q3_2024,net_change,1.0,listeners,5.0,
artist,DJ Spinall,1068888,Spotify_monthly_listeners_daily,Spotify,global,,Q3_2025,net_change,-4.0,listeners,-13.0,-5.0
artist,DJ Spinall,1068888,Spotify_monthly_listeners_daily,Spotify,global,,Q4_2024,net_change,1.0,listeners,0.0,
artist,DJ Spinall,1068888,Spotify_monthly_listeners_daily,Spotify,global,,Q4_2025,net_change,-2.0,listeners,2.0,-3.0
artist,DJ Spinall,1068888,TikTok_followers_daily,TikTok,global,,Q1_2025,net_change,-2107.0,followers,-2107.0,
artist,DJ Spinall,1068888,TikTok_followers_daily,TikTok,global,,Q2_2025,net_change,81.0,followers,2188.0,
artist,DJ Spinall,1068888,TikTok_followers_daily,TikTok,global,,Q3_2025,net_change,4221.0,followers,4140.0,
artist,DJ Spinall,1068888,TikTok_followers_daily,TikTok,global,,Q4_2024,net_change,0.0,followers,,
artist,DJ Spinall,1068888,TikTok_followers_daily,TikTok,global,,Q4_2025,net_change,-2078.0,followers,-6299.0,-2078.0
artist,DJ Spinall,1068888,TikTok_likes_daily,TikTok,global,,Q1_2025,net_change,28709.0,likes,322.0,
artist,DJ Spinall,1068888,TikTok_likes_daily,TikTok,global,,Q2_2025,net_change,29032.0,likes,323.0,
artist,DJ Spinall,1068888,TikTok_likes_daily,TikTok,global,,Q3_2025,net_change,12903.0,likes,-16129.0,
artist,DJ Spinall,1068888,TikTok_likes_daily,TikTok,global,,Q4_2024,net_change,28387.0,likes,,
artist,DJ Spinall,1068888,TikTok_likes_daily,TikTok,global,,Q4_2025,net_change,0.0,likes,-12903.0,-28387.0
artist,DJ Spinall,1068888,YouTube_subscribers_daily,YouTube,global,,Q1_2024,net_change,2000.0,subscribers,,
artist,DJ Spinall,1068888,YouTube_subscribers_daily,YouTube,global,,Q1_2025,net_change,5354.0,subscribers,-1063.0,3354.0
artist,DJ Spinall,1068888,YouTube_subscribers_daily,YouTube,global,,Q2_2024,net_change,9000.0,subscribers,7000.0,
artist,DJ Spinall,1068888,YouTube_subscribers_daily,YouTube,global,,Q2_2025,net_change,5778.0,subscribers,424.0,-3222.0
artist,DJ Spinall,1068888,YouTube_subscribers_daily,YouTube,global,,Q3_2024,net_change,27750.0,subscribers,18750.0,
artist,DJ Spinall,1068888,YouTube_subscribers_daily,YouTube,global,,Q3_2025,net_change,6151.0,subscribers,373.0,-21599.0
artist,DJ Spinall,1068888,YouTube_subscribers_daily,YouTube,global,,Q4_2024,net_change,6417.0,subscribers,-21333.0,
artist,DJ Spinall,1068888,YouTube_subscribers_daily,YouTube,global,,Q4_2025,net_change,4035.0,subscribers,-2116.0,-2382.0
artist,Dammy Krane,423004,Instagram_followers_daily,Instagram,global,,Q1_2024,net_change,18.0,followers,,
artist,Dammy Krane,423004,Instagram_followers_daily,Instagram,global,,Q1_2025,net_change,-29.0,followers,-10.0,-47.0
artist,Dammy Krane,423004,Instagram_followers_daily,Instagram,global,,Q2_2024,net_change,74.0,followers,56.0,
artist,Dammy Krane,423004,Instagram_followers_daily,Instagram,global,,Q2_2025,net_change,-16.0,followers,13.0,-90.0
artist,Dammy Krane,423004,Instagram_followers_daily,Instagram,global,,Q3_2024,net_change,237.0,followers,163.0,
artist,Dammy Krane,423004,Instagram_followers_daily,Instagram,global,,Q3_2025,net_change,0.0,followers,16.0,-237.0
artist,Dammy Krane,423004,Instagram_followers_daily,Instagram,global,,Q4_2024,net_change,-19.0,followers,-256.0,
artist,Dammy Krane,423004,Instagram_followers_daily,Instagram,global,,Q4_2025,net_change,0.0,followers,0.0,19.0
artist,Dammy Krane,423004,Soundcloud_followers_daily,Soundcloud,global,,Q1_2024,net_change,-3.0,followers,,
artist,Dammy Krane,423004,Soundcloud_followers_daily,Soundcloud,global,,Q1_2025,net_change,2.0,followers,4.0,5.0
artist,Dammy Krane,423004,Soundcloud_followers_daily,Soundcloud,global,,Q2_2024,net_change,-3.0,followers,0.0,
artist,Dammy Krane,423004,Soundcloud_followers_daily,Soundcloud,global,,Q2_2025,net_change,1.0,followers,-1.0,4.0
artist,Dammy Krane,423004,Soundcloud_followers_daily,Soundcloud,global,,Q3_2024,net_change,1.0,followers,4.0,
artist,Dammy Krane,423004,Soundcloud_followers_daily,Soundcloud,global,,Q3_2025,net_change,1.0,followers,0.0,0.0
artist,Dammy Krane,423004,Soundcloud_followers_daily,Soundcloud,global,,Q4_2024,net_change,-2.0,followers,-3.0,
artist,Dammy Krane,423004,Soundcloud_followers_daily,Soundcloud,global,,Q4_2025,net_change,-1.0,followers,-2.0,1.0
artist,Dammy Krane,423004,Spotify_followers_daily,Spotify,global,,Q1_2024,net_change,492.0,followers,,
artist,Dammy Krane,423004,Spotify_followers_daily,Spotify,global,,Q1_2025,net_change,425.0,followers,-27.0,-67.0
artist,Dammy Krane,423004,Spotify_followers_daily,Spotify,global,,Q2_2024,net_change,602.0,followers,110.0,
artist,Dammy Krane,423004,Spotify_followers_daily,Spotify,global,,Q2_2025,net_change,285.0,followers,-140.0,-317.0
artist,Dammy Krane,423004,Spotify_followers_daily,Spotify,global,,Q3_2024,net_change,435.0,followers,-167.0,
artist,Dammy Krane,423004,Spotify_followers_daily,Spotify,global,,Q3_2025,net_change,785.0,followers,500.0,350.0
artist,Dammy Krane,423004,Spotify_followers_daily,Spotify,global,,Q4_2024,net_change,452.0,followers,17.0,
artist,Dammy Krane,423004,Spotify_followers_daily,Spotify,global,,Q4_2025,net_change,1198.0,followers,413.0,746.0
artist,Dammy Krane,423004,Spotify_monthly_listeners_daily,Spotify,global,,Q1_2024,net_change,269.0,listeners,,
artist,Dammy Krane,423004,Spotify_monthly_listeners_daily,Spotify,global,,Q1_2025,net_change,-6643.0,listeners,-11325.0,-6912.0
artist,Dammy Krane,423004,Spotify_monthly_listeners_daily,Spotify,global,,Q2_2024,net_change,-1898.0,listeners,-2167.0,
artist,Dammy Krane,423004,Spotify_monthly_listeners_daily,Spotify,global,,Q2_2025,net_change,1170.0,listeners,7813.0,3068.0
artist,Dammy Krane,423004,Spotify_monthly_listeners_daily,Spotify,global,,Q3_2024,net_change,15606.0,listeners,17504.0,
artist,Dammy Krane,423004,Spotify_monthly_listeners_daily,Spotify,global,,Q3_2025,net_change,7833.0,listeners,6663.0,-7773.0
artist,Dammy Krane,423004,Spotify_monthly_listeners_daily,Spotify,global,,Q4_2024,net_change,4682.0,listeners,-10924.0,
artist,Dammy Krane,423004,Spotify_monthly_listeners_daily,Spotify,global,,Q4_2025,net_change,-4303.0,listeners,-12136.0,-8985.0
artist,Dammy Krane,423004,Wikipedia_views_daily,Wikipedia,global,,Q1_2024,sum,2941.0,views,,
artist,Dammy Krane,423004,Wikipedia_views_daily,Wikipedia,global,,Q1_2025,sum,1725.0,views,-194.0,-1216.0
artist,Dammy Krane,423004,Wikipedia_views_daily,Wikipedia,global,,Q2_2024,sum,3280.0,views,339.0,
artist,Dammy Krane,423004,Wikipedia_views_daily,Wikipedia,global,,Q2_2025,sum,2335.0,views,610.0,-945.0
artist,Dammy Krane,423004,Wikipedia_views_daily,Wikipedia,global,,Q3_2024,sum,5577.0,views,2297.0,
artist,Dammy Krane,423004,Wikipedia_views_daily,Wikipedia,global,,Q3_2025,sum,2627.0,views,292.0,-2950.0
artist,Dammy Krane,423004,Wikipedia_views_daily,Wikipedia,global,,Q4_2024,sum,1919.0,views,-3658.0,
artist,Dammy Krane,423004,Wikipedia_views_daily,Wikipedia,global,,Q4_2025,sum,1801.0,views,-826.0,-118.0
artist,Darey,510303,Instagram_followers_daily,Instagram,global,,Q1_2024,net_change,1101.0,followers,,
artist,Darey,510303,Instagram_followers_daily,Instagram,global,,Q1_2025,net_change,220.0,followers,-214.0,-881.0
artist,Darey,510303,Instagram_followers_daily,Instagram,global,,Q2_2024,net_change,3364.0,followers,2263.0,
artist,Darey,510303,Instagram_followers_daily,Instagram,global,,Q2_2025,net_change,304.0,followers,84.0,-3060.0
artist,Darey,510303,Instagram_followers_daily,Instagram,global,,Q3_2024,net_change,-3065.0,followers,-6429.0,
artist,Darey,510303,Instagram_followers_daily,Instagram,global,,Q3_2025,net_change,-949.0,followers,-1253.0,2116.0
artist,Darey,510303,Instagram_followers_daily,Instagram,global,,Q4_2024,net_change,434.0,followers,3499.0,
artist,Darey,510303,Instagram_followers_daily,Instagram,global,,Q4_2025,net_change,4826.0,followers,5775.0,4392.0
artist,Darey,510303,Soundcloud_followers_daily,Soundcloud,global,,Q1_2024,net_change,-1.0,followers,,
artist,Darey,510303,Soundcloud_followers_daily,Soundcloud,global,,Q1_2025,net_change,0.0,followers,-1.0,1.0
artist,Darey,510303,Soundcloud_followers_daily,Soundcloud,global,,Q2_2024,net_change,3.0,followers,4.0,
artist,Darey,510303,Soundcloud_followers_daily,Soundcloud,global,,Q2_2025,net_change,1.0,followers,1.0,-2.0
artist,Darey,510303,Soundcloud_followers_daily,Soundcloud,global,,Q3_2024,net_change,0.0,followers,-3.0,
artist,Darey,510303,Soundcloud_followers_daily,Soundcloud,global,,Q3_2025,net_change,1.0,followers,0.0,1.0
artist,Darey,510303,Soundcloud_followers_daily,Soundcloud,global,,Q4_2024,net_change,1.0,followers,1.0,
artist,Darey,510303,Soundcloud_followers_daily,Soundcloud,global,,Q4_2025,net_change,-3.0,followers,-4.0,-4.0
artist,Darey,510303,Spotify_followers_daily,Spotify,global,,Q1_2024,net_change,3964.0,followers,,
artist,Darey,510303,Spotify_followers_daily,Spotify,global,,Q1_2025,net_change,354.0,followers,-110.0,-3610.0
artist,Darey,510303,Spotify_followers_daily,Spotify,global,,Q2_2024,net_change,3717.0,followers,-247.0,
artist,Darey,510303,Spotify_followers_daily,Spotify,global,,Q2_2025,net_change,607.0,followers,253.0,-3110.0
artist,Darey,510303,Spotify_followers_daily,Spotify,global,,Q3_2024,net_change,1856.0,followers,-1861.0,
artist,Darey,510303,Spotify_followers_daily,Spotify,global,,Q3_2025,net_change,839.0,followers,232.0,-1017.0
artist,Darey,510303,Spotify_followers_daily,Spotify,global,,Q4_2024,net_change,464.0,followers,-1392.0,
artist,Darey,510303,Spotify_followers_daily,Spotify,global,,Q4_2025,net_change,889.0,followers,50.0,425.0
artist,Darey,510303,Spotify_monthly_listeners_daily,Spotify,global,,Q1_2024,net_change,12587.0,listeners,,
artist,Darey,510303,Spotify_monthly_listeners_daily,Spotify,global,,Q1_2025,net_change,5949.0,listeners,-342.0,-6638.0
artist,Darey,510303,Spotify_monthly_listeners_daily,Spotify,global,,Q2_2024,net_change,-6420.0,listeners,-19007.0,
artist,Darey,510303,Spotify_monthly_listeners_daily,Spotify,global,,Q2_2025,net_change,36679.0,listeners,30730.0,43099.0
artist,Darey,510303,Spotify_monthly_listeners_daily,Spotify,global,,Q3_2024,net_change,11620.0,listeners,18040.0,
artist,Darey,510303,Spotify_monthly_listeners_daily,Spotify,global,,Q3_2025,net_change,68368.0,listeners,31689.0,56748.0
artist,Darey,510303,Spotify_monthly_listeners_daily,Spotify,global,,Q4_2024,net_change,6291.0,listeners,-5329.0,
artist,Darey,510303,Wikipedia_views_daily,Wikipedia,global,,Q1_2024,sum,3903.0,views,,
artist,Darey,510303,Wikipedia_views_daily,Wikipedia,global,,Q1_2025,sum,4956.0,views,-1029.0,1053.0
artist,Darey,510303,Wikipedia_views_daily,Wikipedia,global,,Q2_2024,sum,4145.0,views,242.0,
artist,Darey,510303,Wikipedia_views_daily,Wikipedia,global,,Q2_2025,sum,4871.0,views,-85.0,726.0
artist,Darey,510303,Wikipedia_views_daily,Wikipedia,global,,Q3_2024,sum,3849.0,views,-296.0,
artist,Darey,510303,Wikipedia_views_daily,Wikipedia,global,,Q3_2025,sum,3488.0,views,-1383.0,-361.0
artist,Darey,510303,Wikipedia_views_daily,Wikipedia,global,,Q4_2024,sum,5985.0,views,2136.0,
artist,Darey,510303,Wikipedia_views_daily,Wikipedia,global,,Q4_2025,sum,4157.0,views,669.0,-1828.0
artist,Darey,510303,YouTube_subscribers_daily,YouTube,global,,Q1_2024,net_change,1400.0,subscribers,,
artist,Darey,510303,YouTube_subscribers_daily,YouTube,global,,Q1_2025,net_change,789.0,subscribers,-253.0,-611.0
artist,Darey,510303,YouTube_subscribers_daily,YouTube,global,,Q2_2024,net_change,1100.0,subscribers,-300.0,
artist,Darey,510303,YouTube_subscribers_daily,YouTube,global,,Q2_2025,net_change,1147.0,subscribers,358.0,47.0
artist,Darey,510303,YouTube_subscribers_daily,YouTube,global,,Q3_2024,net_change,1010.0,subscribers,-90.0,
artist,Darey,510303,YouTube_subscribers_daily,YouTube,global,,Q3_2025,net_change,1027.0,subscribers,-120.0,17.0
artist,Darey,510303,YouTube_subscribers_daily,YouTube,global,,Q4_2024,net_change,1042.0,subscribers,32.0,
artist,Darey,510303,YouTube_subscribers_daily,YouTube,global,,Q4_2025,net_change,774.0,subscribers,-253.0,-268.0
artist,Darkoo,821653,Instagram_followers_daily,Instagram,global,,Q1_2024,net_change,-303.0,followers,,
artist,Darkoo,821653,Instagram_followers_daily,Instagram,global,,Q1_2025,net_change,10260.0,followers,-15108.0,10563.0
artist,Darkoo,821653,Instagram_followers_daily,Instagram,global,,Q2_2024,net_change,32849.0,followers,33152.0,
artist,Darkoo,821653,Instagram_followers_daily,Instagram,global,,Q2_2025,net_change,33845.0,followers,23585.0,996.0
artist,Darkoo,821653,Instagram_followers_daily,Instagram,global,,Q3_2024,net_change,53681.0,followers,20832.0,
artist,Darkoo,821653,Instagram_followers_daily,Instagram,global,,Q3_2025,net_change,9164.0,followers,-24681.0,-44517.0
artist,Darkoo,821653,Instagram_followers_daily,Instagram,global,,Q4_2024,net_change,25368.0,followers,-28313.0,
artist,Darkoo,821653,Instagram_followers_daily,Instagram,global,,Q4_2025,net_change,3330.0,followers,-5834.0,-22038.0
artist,Darkoo,821653,Soundcloud_followers_daily,Soundcloud,global,,Q1_2024,net_change,-3.0,followers,,
artist,Darkoo,821653,Soundcloud_followers_daily,Soundcloud,global,,Q1_2025,net_change,3.0,followers,-2.0,6.0
artist,Darkoo,821653,Soundcloud_followers_daily,Soundcloud,global,,Q2_2024,net_change,8.0,followers,11.0,
artist,Darkoo,821653,Soundcloud_followers_daily,Soundcloud,global,,Q2_2025,net_change,0.0,followers,-3.0,-8.0
artist,Darkoo,821653,Soundcloud_followers_daily,Soundcloud,global,,Q3_2024,net_change,7.0,followers,-1.0,
artist,Darkoo,821653,Soundcloud_followers_daily,Soundcloud,global,,Q4_2024,net_change,5.0,followers,-2.0,
artist,Darkoo,821653,Soundcloud_followers_daily,Soundcloud,global,,Q4_2025,net_change,0.0,followers,,-5.0
artist,Darkoo,821653,Spotify_followers_daily,Spotify,global,,Q1_2024,net_change,3246.0,followers,,
artist,Darkoo,821653,Spotify_followers_daily,Spotify,global,,Q1_2025,net_change,67221.0,followers,17084.0,63975.0
artist,Darkoo,821653,Spotify_followers_daily,Spotify,global,,Q2_2024,net_change,8537.0,followers,5291.0,
artist,Darkoo,821653,Spotify_followers_daily,Spotify,global,,Q2_2025,net_change,49296.0,followers,-17925.0,40759.0
artist,Darkoo,821653,Spotify_followers_daily,Spotify,global,,Q3_2024,net_change,32404.0,followers,23867.0,
artist,Darkoo,821653,Spotify_followers_daily,Spotify,global,,Q3_2025,net_change,87022.0,followers,37726.0,54618.0
artist,Darkoo,821653,Spotify_followers_daily,Spotify,global,,Q4_2024,net_change,50137.0,followers,17733.0,
artist,Darkoo,821653,Spotify_followers_daily,Spotify,global,,Q4_2025,net_change,26434.0,followers,-60588.0,-23703.0
artist,Darkoo,821653,Spotify_monthly_listeners_daily,Spotify,global,,Q1_2024,net_change,-246992.0,listeners,,
artist,Darkoo,821653,Spotify_monthly_listeners_daily,Spotify,global,,Q1_2025,net_change,-460139.0,listeners,-78529.0,-213147.0
artist,Darkoo,821653,Spotify_monthly_listeners_daily,Spotify,global,,Q2_2024,net_change,1106482.0,listeners,1353474.0,
artist,Darkoo,821653,Spotify_monthly_listeners_daily,Spotify,global,,Q2_2025,net_change,1451974.0,listeners,1912113.0,345492.0
artist,Darkoo,821653,Spotify_monthly_listeners_daily,Spotify,global,,Q3_2024,net_change,1062546.0,listeners,-43936.0,
artist,Darkoo,821653,Spotify_monthly_listeners_daily,Spotify,global,,Q3_2025,net_change,-1129216.0,listeners,-2581190.0,-2191762.0
artist,Darkoo,821653,Spotify_monthly_listeners_daily,Spotify,global,,Q4_2024,net_change,-381610.0,listeners,-1444156.0,
artist,Darkoo,821653,Spotify_monthly_listeners_daily,Spotify,global,,Q4_2025,net_change,-424361.0,listeners,704855.0,-42751.0
artist,Darkoo,821653,TikTok_followers_daily,TikTok,global,,Q1_2024,net_change,4400.0,followers,,
artist,Darkoo,821653,TikTok_followers_daily,TikTok,global,,Q1_2025,net_change,85500.0,followers,35050.0,81100.0
artist,Darkoo,821653,TikTok_followers_daily,TikTok,global,,Q2_2024,net_change,129600.0,followers,125200.0,
artist,Darkoo,821653,TikTok_followers_daily,TikTok,global,,Q2_2025,net_change,97600.0,followers,12100.0,-32000.0
artist,Darkoo,821653,TikTok_followers_daily,TikTok,global,,Q3_2024,net_change,153533.0,followers,23933.0,
artist,Darkoo,821653,TikTok_followers_daily,TikTok,global,,Q3_2025,net_change,43800.0,followers,-53800.0,-109733.0
artist,Darkoo,821653,TikTok_followers_daily,TikTok,global,,Q4_2024,net_change,50450.0,followers,-103083.0,
artist,Darkoo,821653,TikTok_followers_daily,TikTok,global,,Q4_2025,net_change,-15717.0,followers,-59517.0,-66167.0
artist,Darkoo,821653,TikTok_likes_daily,TikTok,global,,Q1_2024,net_change,200000.0,likes,,
artist,Darkoo,821653,TikTok_likes_daily,TikTok,global,,Q1_2025,net_change,3269232.0,likes,623078.0,3069232.0
artist,Darkoo,821653,TikTok_likes_daily,TikTok,global,,Q2_2024,net_change,4000000.0,likes,3800000.0,
artist,Darkoo,821653,TikTok_likes_daily,TikTok,global,,Q2_2025,net_change,3843588.0,likes,574356.0,-156412.0
artist,Darkoo,821653,TikTok_likes_daily,TikTok,global,,Q3_2024,net_change,3346154.0,likes,-653846.0,
artist,Darkoo,821653,TikTok_likes_daily,TikTok,global,,Q3_2025,net_change,1052872.0,likes,-2790716.0,-2293282.0
artist,Darkoo,821653,TikTok_likes_daily,TikTok,global,,Q4_2024,net_change,2646154.0,likes,-700000.0,
artist,Darkoo,821653,TikTok_likes_daily,TikTok,global,,Q4_2025,net_change,-85058.0,likes,-1137930.0,-2731212.0
artist,Darkoo,821653,Twitter_followers_daily,Twitter,global,,Q1_2025,net_change,3912.0,followers,634.0,
artist,Darkoo,821653,Twitter_followers_daily,Twitter,global,,Q2_2025,net_change,4009.0,followers,97.0,
artist,Darkoo,821653,Twitter_followers_daily,Twitter,global,,Q3_2025,net_change,2659.0,followers,-1350.0,
artist,Darkoo,821653,Twitter_followers_daily,Twitter,global,,Q4_2024,net_change,3278.0,followers,,
artist,Darkoo,821653,Twitter_followers_daily,Twitter,global,,Q4_2025,net_change,-22.0,followers,-2681.0,-3300.0
artist,Darkoo,821653,Wikipedia_views_daily,Wikipedia,global,,Q1_2024,sum,7287.0,views,,
artist,Darkoo,821653,Wikipedia_views_daily,Wikipedia,global,,Q1_2025,sum,27961.0,views,-2888.0,20674.0
artist,Darkoo,821653,Wikipedia_views_daily,Wikipedia,global,,Q2_2024,sum,17979.0,views,10692.0,
artist,Darkoo,821653,Wikipedia_views_daily,Wikipedia,global,,Q2_2025,sum,18307.0,views,-9654.0,328.0
artist,Darkoo,821653,Wikipedia_views_daily,Wikipedia,global,,Q3_2024,sum,35446.0,views,17467.0,
artist,Darkoo,821653,Wikipedia_views_daily,Wikipedia,global,,Q3_2025,sum,21655.0,views,3348.0,-13791.0
artist,Darkoo,821653,Wikipedia_views_daily,Wikipedia,global,,Q4_2024,sum,30849.0,views,-4597.0,
artist,Darkoo,821653,Wikipedia_views_daily,Wikipedia,global,,Q4_2025,sum,12243.0,views,-9412.0,-18606.0
artist,Darkoo,821653,YouTube_subscribers_daily,YouTube,global,,Q1_2024,net_change,2000.0,subscribers,,
artist,Darkoo,821653,YouTube_subscribers_daily,YouTube,global,,Q1_2025,net_change,20700.0,subscribers,-8400.0,18700.0
artist,Darkoo,821653,YouTube_subscribers_daily,YouTube,global,,Q2_2024,net_change,13000.0,subscribers,11000.0,
artist,Darkoo,821653,YouTube_subscribers_daily,YouTube,global,,Q2_2025,net_change,14466.0,subscribers,-6234.0,1466.0
artist,Darkoo,821653,YouTube_subscribers_daily,YouTube,global,,Q3_2024,net_change,27250.0,subscribers,14250.0,
artist,Darkoo,821653,YouTube_subscribers_daily,YouTube,global,,Q3_2025,net_change,12027.0,subscribers,-2439.0,-15223.0
artist,Darkoo,821653,YouTube_subscribers_daily,YouTube,global,,Q4_2024,net_change,29100.0,subscribers,1850.0,
artist,Darkoo,821653,YouTube_subscribers_daily,YouTube,global,,Q4_2025,net_change,6650.0,subscribers,-5377.0,-22450.0
artist,Dremo,367518,Instagram_followers_daily,Instagram,global,,Q1_2024,net_change,-6139.0,followers,,
artist,Dremo,367518,Instagram_followers_daily,Instagram,global,,Q1_2025,net_change,-36988.0,followers,4831.0,-30849.0
artist,Dremo,367518,Instagram_followers_daily,Instagram,global,,Q2_2024,net_change,32510.0,followers,38649.0,
artist,Dremo,367518,Instagram_followers_daily,Instagram,global,,Q2_2025,net_change,-29718.0,followers,7270.0,-62228.0
artist,Dremo,367518,Instagram_followers_daily,Instagram,global,,Q3_2024,net_change,-65244.0,followers,-97754.0,
artist,Dremo,367518,Instagram_followers_daily,Instagram,global,,Q3_2025,net_change,-15026.0,followers,14692.0,50218.0
artist,Dremo,367518,Instagram_followers_daily,Instagram,global,,Q4_2024,net_change,-41819.0,followers,23425.0,
artist,Dremo,367518,Instagram_followers_daily,Instagram,global,,Q4_2025,net_change,-18207.0,followers,-3181.0,23612.0
artist,Dremo,367518,Soundcloud_followers_daily,Soundcloud,global,,Q1_2024,net_change,39.0,followers,,
artist,Dremo,367518,Soundcloud_followers_daily,Soundcloud,global,,Q1_2025,net_change,10.0,followers,-7.0,-29.0
artist,Dremo,367518,Soundcloud_followers_daily,Soundcloud,global,,Q2_2024,net_change,36.0,followers,-3.0,
artist,Dremo,367518,Soundcloud_followers_daily,Soundcloud,global,,Q2_2025,net_change,15.0,followers,5.0,-21.0
artist,Dremo,367518,Soundcloud_followers_daily,Soundcloud,global,,Q3_2024,net_change,27.0,followers,-9.0,
artist,Dremo,367518,Soundcloud_followers_daily,Soundcloud,global,,Q3_2025,net_change,22.0,followers,7.0,-5.0
artist,Dremo,367518,Soundcloud_followers_daily,Soundcloud,global,,Q4_2024,net_change,17.0,followers,-10.0,
artist,Dremo,367518,Soundcloud_followers_daily,Soundcloud,global,,Q4_2025,net_change,8.0,followers,-14.0,-9.0
artist,Dremo,367518,Spotify_followers_daily,Spotify,global,,Q1_2024,net_change,16789.0,followers,,
artist,Dremo,367518,Spotify_followers_daily,Spotify,global,,Q1_2025,net_change,5123.0,followers,-391.0,-11666.0
artist,Dremo,367518,Spotify_followers_daily,Spotify,global,,Q2_2024,net_change,16934.0,followers,145.0,
artist,Dremo,367518,Spotify_followers_daily,Spotify,global,,Q2_2025,net_change,4377.0,followers,-746.0,-12557.0
artist,Dremo,367518,Spotify_followers_daily,Spotify,global,,Q3_2024,net_change,7833.0,followers,-9101.0,
artist,Dremo,367518,Spotify_followers_daily,Spotify,global,,Q3_2025,net_change,5410.0,followers,1033.0,-2423.0
artist,Dremo,367518,Spotify_followers_daily,Spotify,global,,Q4_2024,net_change,5514.0,followers,-2319.0,
artist,Dremo,367518,Spotify_followers_daily,Spotify,global,,Q4_2025,net_change,4431.0,followers,-979.0,-1083.0
artist,Dremo,367518,Spotify_monthly_listeners_daily,Spotify,global,,Q1_2024,net_change,-1314.0,listeners,,
artist,Dremo,367518,Spotify_monthly_listeners_daily,Spotify,global,,Q1_2025,net_change,21290.0,listeners,-9687.0,22604.0
artist,Dremo,367518,Spotify_monthly_listeners_daily,Spotify,global,,Q2_2024,net_change,10682.0,listeners,11996.0,
artist,Dremo,367518,Spotify_monthly_listeners_daily,Spotify,global,,Q2_2025,net_change,103616.0,listeners,82326.0,92934.0
artist,Dremo,367518,Spotify_monthly_listeners_daily,Spotify,global,,Q3_2024,net_change,2998.0,listeners,-7684.0,
artist,Dremo,367518,Spotify_monthly_listeners_daily,Spotify,global,,Q4_2024,net_change,30977.0,listeners,27979.0,
artist,Dremo,367518,Twitter_followers_daily,Twitter,global,,Q3_2025,net_change,-4082.0,followers,,
artist,Dremo,367518,Twitter_followers_daily,Twitter,global,,Q4_2025,net_change,-7443.0,followers,-3361.0,
artist,Dremo,367518,YouTube_subscribers_daily,YouTube,global,,Q1_2024,net_change,0.0,subscribers,,
artist,Dremo,367518,YouTube_subscribers_daily,YouTube,global,,Q1_2025,net_change,-17.0,subscribers,8.0,-17.0
artist,Dremo,367518,YouTube_subscribers_daily,YouTube,global,,Q2_2024,net_change,-1.0,subscribers,-1.0,
artist,Dremo,367518,YouTube_subscribers_daily,YouTube,global,,Q2_2025,net_change,-18.0,subscribers,-1.0,-17.0
artist,Dremo,367518,YouTube_subscribers_daily,YouTube,global,,Q3_2024,net_change,-12.0,subscribers,-11.0,
artist,Dremo,367518,YouTube_subscribers_daily,YouTube,global,,Q3_2025,net_change,-14.0,subscribers,4.0,-2.0
artist,Dremo,367518,YouTube_subscribers_daily,YouTube,global,,Q4_2024,net_change,-25.0,subscribers,-13.0,
artist,Dremo,367518,YouTube_subscribers_daily,YouTube,global,,Q4_2025,net_change,-19.0,subscribers,-5.0,6.0
artist,Duncan Mighty,410515,Instagram_followers_daily,Instagram,global,,Q1_2024,net_change,13210.0,followers,,
artist,Duncan Mighty,410515,Instagram_followers_daily,Instagram,global,,Q1_2025,net_change,-13887.0,followers,-4080.0,-27097.0
artist,Duncan Mighty,410515,Instagram_followers_daily,Instagram,global,,Q2_2024,net_change,-7202.0,followers,-20412.0,
artist,Duncan Mighty,410515,Instagram_followers_daily,Instagram,global,,Q2_2025,net_change,-3458.0,followers,10429.0,3744.0
artist,Duncan Mighty,410515,Instagram_followers_daily,Instagram,global,,Q3_2024,net_change,-31298.0,followers,-24096.0,
artist,Duncan Mighty,410515,Instagram_followers_daily,Instagram,global,,Q3_2025,net_change,0.0,followers,3458.0,31298.0
artist,Duncan Mighty,410515,Instagram_followers_daily,Instagram,global,,Q4_2024,net_change,-9807.0,followers,21491.0,
artist,Duncan Mighty,410515,Instagram_followers_daily,Instagram,global,,Q4_2025,net_change,19125.0,followers,19125.0,28932.0
artist,Duncan Mighty,410515,Spotify_followers_daily,Spotify,global,,Q1_2024,net_change,13142.0,followers,,
artist,Duncan Mighty,410515,Spotify_followers_daily,Spotify,global,,Q1_2025,net_change,16829.0,followers,-3570.0,3687.0
artist,Duncan Mighty,410515,Spotify_followers_daily,Spotify,global,,Q2_2024,net_change,15357.0,followers,2215.0,
artist,Duncan Mighty,410515,Spotify_followers_daily,Spotify,global,,Q2_2025,net_change,18424.0,followers,1595.0,3067.0
artist,Duncan Mighty,410515,Spotify_followers_daily,Spotify,global,,Q3_2024,net_change,12507.0,followers,-2850.0,
artist,Duncan Mighty,410515,Spotify_followers_daily,Spotify,global,,Q3_2025,net_change,22162.0,followers,3738.0,9655.0
artist,Duncan Mighty,410515,Spotify_followers_daily,Spotify,global,,Q4_2024,net_change,20399.0,followers,7892.0,
artist,Duncan Mighty,410515,Spotify_followers_daily,Spotify,global,,Q4_2025,net_change,17662.0,followers,-4500.0,-2737.0
artist,Duncan Mighty,410515,Spotify_monthly_listeners_daily,Spotify,global,,Q1_2024,net_change,-48968.0,listeners,,
artist,Duncan Mighty,410515,Spotify_monthly_listeners_daily,Spotify,global,,Q1_2025,net_change,-57933.0,listeners,-190794.0,-8965.0
artist,Duncan Mighty,410515,Spotify_monthly_listeners_daily,Spotify,global,,Q2_2024,net_change,265.0,listeners,49233.0,
artist,Duncan Mighty,410515,Spotify_monthly_listeners_daily,Spotify,global,,Q2_2025,net_change,88922.0,listeners,146855.0,88657.0
artist,Duncan Mighty,410515,Spotify_monthly_listeners_daily,Spotify,global,,Q3_2024,net_change,14507.0,listeners,14242.0,
artist,Duncan Mighty,410515,Spotify_monthly_listeners_daily,Spotify,global,,Q3_2025,net_change,58670.0,listeners,-30252.0,44163.0
artist,Duncan Mighty,410515,Spotify_monthly_listeners_daily,Spotify,global,,Q4_2024,net_change,132861.0,listeners,118354.0,
artist,Duncan Mighty,410515,Wikipedia_views_daily,Wikipedia,global,,Q1_2024,sum,5655.0,views,,
artist,Duncan Mighty,410515,Wikipedia_views_daily,Wikipedia,global,,Q1_2025,sum,4419.0,views,-217.0,-1236.0
artist,Duncan Mighty,410515,Wikipedia_views_daily,Wikipedia,global,,Q2_2024,sum,4773.0,views,-882.0,
artist,Duncan Mighty,410515,Wikipedia_views_daily,Wikipedia,global,,Q2_2025,sum,4099.0,views,-320.0,-674.0
artist,Duncan Mighty,410515,Wikipedia_views_daily,Wikipedia,global,,Q3_2024,sum,3391.0,views,-1382.0,
artist,Duncan Mighty,410515,Wikipedia_views_daily,Wikipedia,global,,Q3_2025,sum,3632.0,views,-467.0,241.0
artist,Duncan Mighty,410515,Wikipedia_views_daily,Wikipedia,global,,Q4_2024,sum,4636.0,views,1245.0,
artist,Duncan Mighty,410515,Wikipedia_views_daily,Wikipedia,global,,Q4_2025,sum,4522.0,views,890.0,-114.0
artist,Duncan Mighty,410515,YouTube_subscribers_daily,YouTube,global,,Q1_2024,net_change,0.0,subscribers,,
artist,Duncan Mighty,410515,YouTube_subscribers_daily,YouTube,global,,Q1_2025,net_change,39.0,subscribers,13.0,39.0
artist,Duncan Mighty,410515,YouTube_subscribers_daily,YouTube,global,,Q2_2024,net_change,24.0,subscribers,24.0,
artist,Duncan Mighty,410515,YouTube_subscribers_daily,YouTube,global,,Q2_2025,net_change,13.0,subscribers,-26.0,-11.0
artist,Duncan Mighty,410515,YouTube_subscribers_daily,YouTube,global,,Q3_2024,net_change,12.0,subscribers,-12.0,
artist,Duncan Mighty,410515,YouTube_subscribers_daily,YouTube,global,,Q3_2025,net_change,15.0,subscribers,2.0,3.0
artist,Duncan Mighty,410515,YouTube_subscribers_daily,YouTube,global,,Q4_2024,net_change,26.0,subscribers,14.0,
artist,Duncan Mighty,410515,YouTube_subscribers_daily,YouTube,global,,Q4_2025,net_change,24.0,subscribers,9.0,-2.0
artist,Eldee,543431,Instagram_followers_daily,Instagram,global,,Q1_2024,net_change,14431.0,followers,,
artist,Eldee,543431,Instagram_followers_daily,Instagram,global,,Q1_2025,net_change,-3367.0,followers,-3161.0,-17798.0
artist,Eldee,543431,Instagram_followers_daily,Instagram,global,,Q2_2024,net_change,1502.0,followers,-12929.0,
artist,Eldee,543431,Instagram_followers_daily,Instagram,global,,Q2_2025,net_change,-1070.0,followers,2297.0,-2572.0
artist,Eldee,543431,Instagram_followers_daily,Instagram,global,,Q3_2024,net_change,9113.0,followers,7611.0,
artist,Eldee,543431,Instagram_followers_daily,Instagram,global,,Q3_2025,net_change,0.0,followers,1070.0,-9113.0
artist,Eldee,543431,Instagram_followers_daily,Instagram,global,,Q4_2024,net_change,-206.0,followers,-9319.0,
artist,Eldee,543431,Spotify_followers_daily,Spotify,global,,Q1_2025,net_change,1754.0,followers,509.0,
artist,Eldee,543431,Spotify_followers_daily,Spotify,global,,Q2_2024,net_change,2468.0,followers,,
artist,Eldee,543431,Spotify_followers_daily,Spotify,global,,Q2_2025,net_change,1773.0,followers,19.0,-695.0
artist,Eldee,543431,Spotify_followers_daily,Spotify,global,,Q3_2024,net_change,1443.0,followers,-1025.0,
artist,Eldee,543431,Spotify_followers_daily,Spotify,global,,Q3_2025,net_change,1809.0,followers,36.0,366.0
artist,Eldee,543431,Spotify_followers_daily,Spotify,global,,Q4_2024,net_change,1245.0,followers,-198.0,
artist,Eldee,543431,Spotify_followers_daily,Spotify,global,,Q4_2025,net_change,1720.0,followers,-89.0,475.0
artist,Eldee,543431,Spotify_monthly_listeners_daily,Spotify,global,,Q1_2024,net_change,6190.0,listeners,,
artist,Eldee,543431,Spotify_monthly_listeners_daily,Spotify,global,,Q1_2025,net_change,7332.0,listeners,-917.0,1142.0
artist,Eldee,543431,Spotify_monthly_listeners_daily,Spotify,global,,Q2_2024,net_change,1914.0,listeners,-4276.0,
artist,Eldee,543431,Spotify_monthly_listeners_daily,Spotify,global,,Q2_2025,net_change,-1449.0,listeners,-8781.0,-3363.0
artist,Eldee,543431,Spotify_monthly_listeners_daily,Spotify,global,,Q3_2024,net_change,-287.0,listeners,-2201.0,
artist,Eldee,543431,Spotify_monthly_listeners_daily,Spotify,global,,Q4_2024,net_change,8249.0,listeners,8536.0,
artist,Eldee,543431,Spotify_monthly_listeners_daily,Spotify,global,,Q4_2025,net_change,9927.0,listeners,,1678.0
artist,Eldee,543431,Twitter_followers_daily,Twitter,global,,Q2_2024,net_change,0.0,followers,,
artist,Eldee,543431,Wikipedia_views_daily,Wikipedia,global,,Q1_2024,sum,3109.0,views,,
artist,Eldee,543431,Wikipedia_views_daily,Wikipedia,global,,Q1_2025,sum,2272.0,views,-519.0,-837.0
artist,Eldee,543431,Wikipedia_views_daily,Wikipedia,global,,Q2_2024,sum,2288.0,views,-821.0,
artist,Eldee,543431,Wikipedia_views_daily,Wikipedia,global,,Q2_2025,sum,3336.0,views,1064.0,1048.0
artist,Eldee,543431,Wikipedia_views_daily,Wikipedia,global,,Q3_2024,sum,3227.0,views,939.0,
artist,Eldee,543431,Wikipedia_views_daily,Wikipedia,global,,Q3_2025,sum,2407.0,views,-929.0,-820.0
artist,Eldee,543431,Wikipedia_views_daily,Wikipedia,global,,Q4_2024,sum,2791.0,views,-436.0,
artist,Eldee,543431,Wikipedia_views_daily,Wikipedia,global,,Q4_2025,sum,2584.0,views,177.0,-207.0
artist,Flavour N'abania,372062,Spotify_followers_daily,Spotify,global,,Q1_2024,net_change,-268.0,followers,,
artist,Flavour N'abania,372062,Spotify_followers_daily,Spotify,global,,Q1_2025,net_change,-8.0,followers,-1.0,260.0
artist,Flavour N'abania,372062,Spotify_followers_daily,Spotify,global,,Q2_2025,net_change,-2.0,followers,6.0,
artist,Flavour N'abania,372062,Spotify_followers_daily,Spotify,global,,Q3_2024,net_change,-6.0,followers,,
artist,Flavour N'abania,372062,Spotify_followers_daily,Spotify,global,,Q3_2025,net_change,5.0,followers,7.0,11.0
artist,Flavour N'abania,372062,Spotify_followers_daily,Spotify,global,,Q4_2024,net_change,-7.0,followers,-1.0,
artist,Flavour N'abania,372062,Spotify_followers_daily,Spotify,global,,Q4_2025,net_change,-4.0,followers,-9.0,3.0
artist,Flavour N'abania,372062,Spotify_monthly_listeners_daily,Spotify,global,,Q1_2024,net_change,-6.0,listeners,,
artist,Flavour N'abania,372062,Spotify_monthly_listeners_daily,Spotify,global,,Q1_2025,net_change,-1.0,listeners,106.0,5.0
artist,Flavour N'abania,372062,Spotify_monthly_listeners_daily,Spotify,global,,Q2_2024,net_change,3.0,listeners,9.0,
artist,Flavour N'abania,372062,Spotify_monthly_listeners_daily,Spotify,global,,Q2_2025,net_change,-5.0,listeners,-4.0,-8.0
artist,Flavour N'abania,372062,Spotify_monthly_listeners_daily,Spotify,global,,Q3_2024,net_change,76.0,listeners,73.0,
artist,Flavour N'abania,372062,Spotify_monthly_listeners_daily,Spotify,global,,Q4_2024,net_change,-107.0,listeners,-183.0,
artist,Flavour N'abania,372062,Spotify_monthly_listeners_daily,Spotify,global,,Q4_2025,net_change,-5.0,listeners,,102.0
artist,Flavour N'abania,372062,Wikipedia_views_daily,Wikipedia,global,,Q1_2024,sum,38542.0,views,,
artist,Flavour N'abania,372062,Wikipedia_views_daily,Wikipedia,global,,Q1_2025,sum,20035.0,views,-1847.0,-18507.0
artist,Flavour N'abania,372062,Wikipedia_views_daily,Wikipedia,global,,Q2_2024,sum,36157.0,views,-2385.0,
artist,Flavour N'abania,372062,Wikipedia_views_daily,Wikipedia,global,,Q2_2025,sum,23914.0,views,3879.0,-12243.0
artist,Flavour N'abania,372062,Wikipedia_views_daily,Wikipedia,global,,Q3_2024,sum,21614.0,views,-14543.0,
artist,Flavour N'abania,372062,Wikipedia_views_daily,Wikipedia,global,,Q3_2025,sum,18618.0,views,-5296.0,-2996.0
artist,Flavour N'abania,372062,Wikipedia_views_daily,Wikipedia,global,,Q4_2024,sum,21882.0,views,268.0,
artist,Flavour N'abania,372062,Wikipedia_views_daily,Wikipedia,global,,Q4_2025,sum,22197.0,views,3579.0,315.0
artist,Flavour N'abania,372062,YouTube_subscribers_daily,YouTube,global,,Q1_2024,net_change,100000.0,subscribers,,
artist,Flavour N'abania,372062,YouTube_subscribers_daily,YouTube,global,,Q1_2025,net_change,83333.0,subscribers,2916.0,-16667.0
artist,Flavour N'abania,372062,YouTube_subscribers_daily,YouTube,global,,Q2_2024,net_change,110000.0,subscribers,10000.0,
artist,Flavour N'abania,372062,YouTube_subscribers_daily,YouTube,global,,Q2_2025,net_change,89000.0,subscribers,5667.0,-21000.0
artist,Flavour N'abania,372062,YouTube_subscribers_daily,YouTube,global,,Q3_2024,net_change,85000.0,subscribers,-25000.0,
artist,Flavour N'abania,372062,YouTube_subscribers_daily,YouTube,global,,Q3_2025,net_change,95667.0,subscribers,6667.0,10667.0
artist,Flavour N'abania,372062,YouTube_subscribers_daily,YouTube,global,,Q4_2024,net_change,80417.0,subscribers,-4583.0,
artist,Flavour N'abania,372062,YouTube_subscribers_daily,YouTube,global,,Q4_2025,net_change,108364.0,subscribers,12697.0,27947.0
artist,HarrySong,268217,Instagram_followers_daily,Instagram,global,,Q1_2024,net_change,-20058.0,followers,,
artist,HarrySong,268217,Instagram_followers_daily,Instagram,global,,Q1_2025,net_change,-17249.0,followers,-6599.0,2809.0
artist,HarrySong,268217,Instagram_followers_daily,Instagram,global,,Q2_2024,net_change,13310.0,followers,33368.0,
artist,HarrySong,268217,Instagram_followers_daily,Instagram,global,,Q2_2025,net_change,-69579.0,followers,-52330.0,-82889.0
artist,HarrySong,268217,Instagram_followers_daily,Instagram,global,,Q3_2024,net_change,-14254.0,followers,-27564.0,
artist,HarrySong,268217,Instagram_followers_daily,Instagram,global,,Q4_2024,net_change,-10650.0,followers,3604.0,
artist,HarrySong,268217,Instagram_followers_daily,Instagram,global,,Q4_2025,net_change,0.0,followers,,10650.0
artist,HarrySong,268217,Spotify_followers_daily,Spotify,global,,Q1_2024,net_change,7265.0,followers,,
artist,HarrySong,268217,Spotify_followers_daily,Spotify,global,,Q1_2025,net_change,2227.0,followers,550.0,-5038.0
artist,HarrySong,268217,Spotify_followers_daily,Spotify,global,,Q2_2024,net_change,7444.0,followers,179.0,
artist,HarrySong,268217,Spotify_followers_daily,Spotify,global,,Q2_2025,net_change,3968.0,followers,1741.0,-3476.0
artist,HarrySong,268217,Spotify_followers_daily,Spotify,global,,Q3_2024,net_change,3737.0,followers,-3707.0,
artist,HarrySong,268217,Spotify_followers_daily,Spotify,global,,Q3_2025,net_change,5600.0,followers,1632.0,1863.0
artist,HarrySong,268217,Spotify_followers_daily,Spotify,global,,Q4_2024,net_change,1677.0,followers,-2060.0,
artist,HarrySong,268217,Spotify_followers_daily,Spotify,global,,Q4_2025,net_change,4557.0,followers,-1043.0,2880.0
artist,HarrySong,268217,Spotify_monthly_listeners_daily,Spotify,global,,Q1_2024,net_change,19989.0,listeners,,
artist,HarrySong,268217,Spotify_monthly_listeners_daily,Spotify,global,,Q1_2025,net_change,8083.0,listeners,3085.0,-11906.0
artist,HarrySong,268217,Spotify_monthly_listeners_daily,Spotify,global,,Q2_2024,net_change,-20474.0,listeners,-40463.0,
artist,HarrySong,268217,Spotify_monthly_listeners_daily,Spotify,global,,Q2_2025,net_change,11902.0,listeners,3819.0,32376.0
artist,HarrySong,268217,Spotify_monthly_listeners_daily,Spotify,global,,Q3_2024,net_change,765.0,listeners,21239.0,
artist,HarrySong,268217,Spotify_monthly_listeners_daily,Spotify,global,,Q3_2025,net_change,-8502.0,listeners,-20404.0,-9267.0
artist,HarrySong,268217,Spotify_monthly_listeners_daily,Spotify,global,,Q4_2024,net_change,4998.0,listeners,4233.0,
artist,HarrySong,268217,Wikipedia_views_daily,Wikipedia,global,,Q1_2024,sum,9662.0,views,,
artist,HarrySong,268217,Wikipedia_views_daily,Wikipedia,global,,Q1_2025,sum,2776.0,views,732.0,-6886.0
artist,HarrySong,268217,Wikipedia_views_daily,Wikipedia,global,,Q2_2024,sum,5700.0,views,-3962.0,
artist,HarrySong,268217,Wikipedia_views_daily,Wikipedia,global,,Q2_2025,sum,2351.0,views,-425.0,-3349.0
artist,HarrySong,268217,Wikipedia_views_daily,Wikipedia,global,,Q3_2024,sum,2531.0,views,-3169.0,
artist,HarrySong,268217,Wikipedia_views_daily,Wikipedia,global,,Q3_2025,sum,2367.0,views,16.0,-164.0
artist,HarrySong,268217,Wikipedia_views_daily,Wikipedia,global,,Q4_2024,sum,2044.0,views,-487.0,
artist,HarrySong,268217,Wikipedia_views_daily,Wikipedia,global,,Q4_2025,sum,2610.0,views,243.0,566.0
artist,HarrySong,268217,YouTube_subscribers_daily,YouTube,global,,Q1_2024,net_change,-200.0,subscribers,,
artist,HarrySong,268217,YouTube_subscribers_daily,YouTube,global,,Q1_2025,net_change,-135.0,subscribers,-22.0,65.0
artist,HarrySong,268217,YouTube_subscribers_daily,YouTube,global,,Q2_2024,net_change,-100.0,subscribers,100.0,
artist,HarrySong,268217,YouTube_subscribers_daily,YouTube,global,,Q2_2025,net_change,-113.0,subscribers,22.0,-13.0
artist,HarrySong,268217,YouTube_subscribers_daily,YouTube,global,,Q3_2024,net_change,-271.0,subscribers,-171.0,
artist,HarrySong,268217,YouTube_subscribers_daily,YouTube,global,,Q3_2025,net_change,-134.0,subscribers,-21.0,137.0
artist,HarrySong,268217,YouTube_subscribers_daily,YouTube,global,,Q4_2024,net_change,-113.0,subscribers,158.0,
artist,HarrySong,268217,YouTube_subscribers_daily,YouTube,global,,Q4_2025,net_change,-123.0,subscribers,11.0,-10.0
artist,Illbliss,43445,Instagram_followers_daily,Instagram,global,,Q1_2024,net_change,5244.0,followers,,
artist,Illbliss,43445,Instagram_followers_daily,Instagram,global,,Q1_2025,net_change,-4608.0,followers,2649.0,-9852.0
artist,Illbliss,43445,Instagram_followers_daily,Instagram,global,,Q2_2024,net_change,-374.0,followers,-5618.0,
artist,Illbliss,43445,Instagram_followers_daily,Instagram,global,,Q2_2025,net_change,-5315.0,followers,-707.0,-4941.0
artist,Illbliss,43445,Instagram_followers_daily,Instagram,global,,Q3_2024,net_change,-11009.0,followers,-10635.0,
artist,Illbliss,43445,Instagram_followers_daily,Instagram,global,,Q4_2024,net_change,-7257.0,followers,3752.0,
artist,Illbliss,43445,Instagram_followers_daily,Instagram,global,,Q4_2025,net_change,-1062.0,followers,,6195.0
artist,Illbliss,43445,Soundcloud_followers_daily,Soundcloud,global,,Q1_2024,net_change,-1.0,followers,,
artist,Illbliss,43445,Soundcloud_followers_daily,Soundcloud,global,,Q1_2025,net_change,3.0,followers,1.0,4.0
artist,Illbliss,43445,Soundcloud_followers_daily,Soundcloud,global,,Q2_2024,net_change,0.0,followers,1.0,
artist,Illbliss,43445,Soundcloud_followers_daily,Soundcloud,global,,Q2_2025,net_change,0.0,followers,-3.0,0.0
artist,Illbliss,43445,Soundcloud_followers_daily,Soundcloud,global,,Q3_2024,net_change,1.0,followers,1.0,
artist,Illbliss,43445,Soundcloud_followers_daily,Soundcloud,global,,Q3_2025,net_change,0.0,followers,0.0,-1.0
artist,Illbliss,43445,Soundcloud_followers_daily,Soundcloud,global,,Q4_2024,net_change,2.0,followers,1.0,
artist,Illbliss,43445,Soundcloud_followers_daily,Soundcloud,global,,Q4_2025,net_change,-1.0,followers,-1.0,-3.0
artist,Illbliss,43445,Spotify_followers_daily,Spotify,global,,Q1_2024,net_change,4603.0,followers,,
artist,Illbliss,43445,Spotify_followers_daily,Spotify,global,,Q1_2025,net_change,3563.0,followers,552.0,-1040.0
artist,Illbliss,43445,Spotify_followers_daily,Spotify,global,,Q2_2024,net_change,4461.0,followers,-142.0,
artist,Illbliss,43445,Spotify_followers_daily,Spotify,global,,Q2_2025,net_change,3986.0,followers,423.0,-475.0
artist,Illbliss,43445,Spotify_followers_daily,Spotify,global,,Q3_2024,net_change,2472.0,followers,-1989.0,
artist,Illbliss,43445,Spotify_followers_daily,Spotify,global,,Q3_2025,net_change,10179.0,followers,6193.0,7707.0
artist,Illbliss,43445,Spotify_followers_daily,Spotify,global,,Q4_2024,net_change,3011.0,followers,539.0,
artist,Illbliss,43445,Spotify_followers_daily,Spotify,global,,Q4_2025,net_change,4377.0,followers,-5802.0,1366.0
artist,Illbliss,43445,Spotify_monthly_listeners_daily,Spotify,global,,Q1_2024,net_change,43120.0,listeners,,
artist,Illbliss,43445,Spotify_monthly_listeners_daily,Spotify,global,,Q1_2025,net_change,56687.0,listeners,-2542.0,13567.0
artist,Illbliss,43445,Spotify_monthly_listeners_daily,Spotify,global,,Q2_2024,net_change,-25150.0,listeners,-68270.0,
artist,Illbliss,43445,Spotify_monthly_listeners_daily,Spotify,global,,Q2_2025,net_change,-32204.0,listeners,-88891.0,-7054.0
artist,Illbliss,43445,Spotify_monthly_listeners_daily,Spotify,global,,Q3_2024,net_change,22676.0,listeners,47826.0,
artist,Illbliss,43445,Spotify_monthly_listeners_daily,Spotify,global,,Q3_2025,net_change,-23346.0,listeners,8858.0,-46022.0
artist,Illbliss,43445,Spotify_monthly_listeners_daily,Spotify,global,,Q4_2024,net_change,59229.0,listeners,36553.0,
artist,Illbliss,43445,Spotify_monthly_listeners_daily,Spotify,global,,Q4_2025,net_change,26450.0,listeners,49796.0,-32779.0
artist,Illbliss,43445,Twitter_followers_daily,Twitter,global,,Q2_2024,net_change,0.0,followers,,
artist,Illbliss,43445,Wikipedia_views_daily,Wikipedia,global,,Q1_2024,sum,3356.0,views,,
artist,Illbliss,43445,Wikipedia_views_daily,Wikipedia,global,,Q1_2025,sum,1847.0,views,-350.0,-1509.0
artist,Illbliss,43445,Wikipedia_views_daily,Wikipedia,global,,Q2_2024,sum,2110.0,views,-1246.0,
artist,Illbliss,43445,Wikipedia_views_daily,Wikipedia,global,,Q2_2025,sum,2353.0,views,506.0,243.0
artist,Illbliss,43445,Wikipedia_views_daily,Wikipedia,global,,Q3_2024,sum,2452.0,views,342.0,
artist,Illbliss,43445,Wikipedia_views_daily,Wikipedia,global,,Q3_2025,sum,1762.0,views,-591.0,-690.0
artist,Illbliss,43445,Wikipedia_views_daily,Wikipedia,global,,Q4_2024,sum,2197.0,views,-255.0,
artist,Illbliss,43445,Wikipedia_views_daily,Wikipedia,global,,Q4_2025,sum,1778.0,views,16.0,-419.0
artist,Illbliss,43445,YouTube_subscribers_daily,YouTube,global,,Q1_2024,net_change,400.0,subscribers,,
artist,Illbliss,43445,YouTube_subscribers_daily,YouTube,global,,Q1_2025,net_change,330.0,subscribers,-10.0,-70.0
artist,Illbliss,43445,YouTube_subscribers_daily,YouTube,global,,Q2_2024,net_change,1016.0,subscribers,616.0,
artist,Illbliss,43445,YouTube_subscribers_daily,YouTube,global,,Q2_2025,net_change,345.0,subscribers,15.0,-671.0
artist,Illbliss,43445,YouTube_subscribers_daily,YouTube,global,,Q3_2024,net_change,229.0,subscribers,-787.0,
artist,Illbliss,43445,YouTube_subscribers_daily,YouTube,global,,Q3_2025,net_change,282.0,subscribers,-63.0,53.0
artist,Illbliss,43445,YouTube_subscribers_daily,YouTube,global,,Q4_2024,net_change,340.0,subscribers,111.0,
artist,Illbliss,43445,YouTube_subscribers_daily,YouTube,global,,Q4_2025,net_change,215.0,subscribers,-67.0,-125.0
artist,Iyanya,211380,Bandsintown_followers_daily,Bandsintown,global,,Q1_2024,net_change,129.0,followers,,
artist,Iyanya,211380,Bandsintown_followers_daily,Bandsintown,global,,Q1_2025,net_change,260.0,followers,-15.0,131.0
artist,Iyanya,211380,Bandsintown_followers_daily,Bandsintown,global,,Q2_2024,net_change,220.0,followers,91.0,
artist,Iyanya,211380,Bandsintown_followers_daily,Bandsintown,global,,Q2_2025,net_change,328.0,followers,68.0,108.0
artist,Iyanya,211380,Bandsintown_followers_daily,Bandsintown,global,,Q3_2024,net_change,153.0,followers,-67.0,
artist,Iyanya,211380,Bandsintown_followers_daily,Bandsintown,global,,Q3_2025,net_change,398.0,followers,70.0,245.0
artist,Iyanya,211380,Bandsintown_followers_daily,Bandsintown,global,,Q4_2024,net_change,275.0,followers,122.0,
artist,Iyanya,211380,Bandsintown_followers_daily,Bandsintown,global,,Q4_2025,net_change,169.0,followers,-229.0,-106.0
artist,Iyanya,211380,Instagram_followers_daily,Instagram,global,,Q1_2024,net_change,10514.0,followers,,
artist,Iyanya,211380,Instagram_followers_daily,Instagram,global,,Q1_2025,net_change,-20794.0,followers,3429.0,-31308.0
artist,Iyanya,211380,Instagram_followers_daily,Instagram,global,,Q2_2024,net_change,19378.0,followers,8864.0,
artist,Iyanya,211380,Instagram_followers_daily,Instagram,global,,Q2_2025,net_change,-2071.0,followers,18723.0,-21449.0
artist,Iyanya,211380,Instagram_followers_daily,Instagram,global,,Q3_2024,net_change,-32522.0,followers,-51900.0,
artist,Iyanya,211380,Instagram_followers_daily,Instagram,global,,Q3_2025,net_change,1048.0,followers,3119.0,33570.0
artist,Iyanya,211380,Instagram_followers_daily,Instagram,global,,Q4_2024,net_change,-24223.0,followers,8299.0,
artist,Iyanya,211380,Instagram_followers_daily,Instagram,global,,Q4_2025,net_change,-3469.0,followers,-4517.0,20754.0
artist,Iyanya,211380,Soundcloud_followers_daily,Soundcloud,global,,Q1_2025,net_change,0.0,followers,,
artist,Iyanya,211380,Soundcloud_followers_daily,Soundcloud,global,,Q2_2025,net_change,2.0,followers,2.0,
artist,Iyanya,211380,Soundcloud_followers_daily,Soundcloud,global,,Q4_2025,net_change,9.0,followers,,
artist,Iyanya,211380,Spotify_followers_daily,Spotify,global,,Q1_2024,net_change,27836.0,followers,,
artist,Iyanya,211380,Spotify_followers_daily,Spotify,global,,Q1_2025,net_change,27545.0,followers,-1440.0,-291.0
artist,Iyanya,211380,Spotify_followers_daily,Spotify,global,,Q2_2024,net_change,26877.0,followers,-959.0,
artist,Iyanya,211380,Spotify_followers_daily,Spotify,global,,Q2_2025,net_change,34024.0,followers,6479.0,7147.0
artist,Iyanya,211380,Spotify_followers_daily,Spotify,global,,Q3_2024,net_change,20262.0,followers,-6615.0,
artist,Iyanya,211380,Spotify_followers_daily,Spotify,global,,Q3_2025,net_change,33874.0,followers,-150.0,13612.0
artist,Iyanya,211380,Spotify_followers_daily,Spotify,global,,Q4_2024,net_change,28985.0,followers,8723.0,
artist,Iyanya,211380,Spotify_followers_daily,Spotify,global,,Q4_2025,net_change,54471.0,followers,20597.0,25486.0
artist,Iyanya,211380,Spotify_monthly_listeners_daily,Spotify,global,,Q1_2024,net_change,-6146.0,listeners,,
artist,Iyanya,211380,Spotify_monthly_listeners_daily,Spotify,global,,Q1_2025,net_change,-79492.0,listeners,-59982.0,-73346.0
artist,Iyanya,211380,Spotify_monthly_listeners_daily,Spotify,global,,Q2_2024,net_change,-95844.0,listeners,-89698.0,
artist,Iyanya,211380,Spotify_monthly_listeners_daily,Spotify,global,,Q2_2025,net_change,13222.0,listeners,92714.0,109066.0
artist,Iyanya,211380,Spotify_monthly_listeners_daily,Spotify,global,,Q3_2024,net_change,-22072.0,listeners,73772.0,
artist,Iyanya,211380,Spotify_monthly_listeners_daily,Spotify,global,,Q4_2024,net_change,-19510.0,listeners,2562.0,
artist,Iyanya,211380,TikTok_followers_daily,TikTok,global,,Q1_2024,net_change,6000.0,followers,,
artist,Iyanya,211380,TikTok_followers_daily,TikTok,global,,Q1_2025,net_change,3200.0,followers,3386.0,-2800.0
artist,Iyanya,211380,TikTok_followers_daily,TikTok,global,,Q2_2024,net_change,3595.0,followers,-2405.0,
artist,Iyanya,211380,TikTok_followers_daily,TikTok,global,,Q2_2025,net_change,12100.0,followers,8900.0,8505.0
artist,Iyanya,211380,TikTok_followers_daily,TikTok,global,,Q3_2024,net_change,693.0,followers,-2902.0,
artist,Iyanya,211380,TikTok_followers_daily,TikTok,global,,Q3_2025,net_change,15119.0,followers,3019.0,14426.0
artist,Iyanya,211380,TikTok_followers_daily,TikTok,global,,Q4_2024,net_change,-186.0,followers,-879.0,
artist,Iyanya,211380,TikTok_followers_daily,TikTok,global,,Q4_2025,net_change,17260.0,followers,2141.0,17446.0
artist,Iyanya,211380,TikTok_likes_daily,TikTok,global,,Q1_2024,net_change,20661.0,likes,,
artist,Iyanya,211380,TikTok_likes_daily,TikTok,global,,Q1_2025,net_change,100775.0,likes,75706.0,80114.0
artist,Iyanya,211380,TikTok_likes_daily,TikTok,global,,Q2_2024,net_change,24793.0,likes,4132.0,
artist,Iyanya,211380,TikTok_likes_daily,TikTok,global,,Q2_2025,net_change,260944.0,likes,160169.0,236151.0
artist,Iyanya,211380,TikTok_likes_daily,TikTok,global,,Q3_2024,net_change,25068.0,likes,275.0,
artist,Iyanya,211380,TikTok_likes_daily,TikTok,global,,Q3_2025,net_change,508274.0,likes,247330.0,483206.0
artist,Iyanya,211380,TikTok_likes_daily,TikTok,global,,Q4_2024,net_change,25069.0,likes,1.0,
artist,Iyanya,211380,TikTok_likes_daily,TikTok,global,,Q4_2025,net_change,533729.0,likes,25455.0,508660.0
artist,Iyanya,211380,Twitter_followers_daily,Twitter,global,,Q1_2024,net_change,-389.0,followers,,
artist,Iyanya,211380,Twitter_followers_daily,Twitter,global,,Q1_2025,net_change,245.0,followers,-2270.0,634.0
artist,Iyanya,211380,Twitter_followers_daily,Twitter,global,,Q2_2024,net_change,-3682.0,followers,-3293.0,
artist,Iyanya,211380,Twitter_followers_daily,Twitter,global,,Q2_2025,net_change,2053.0,followers,1808.0,5735.0
artist,Iyanya,211380,Twitter_followers_daily,Twitter,global,,Q3_2024,net_change,-5316.0,followers,-1634.0,
artist,Iyanya,211380,Twitter_followers_daily,Twitter,global,,Q3_2025,net_change,-974.0,followers,-3027.0,4342.0
artist,Iyanya,211380,Twitter_followers_daily,Twitter,global,,Q4_2024,net_change,2515.0,followers,7831.0,
artist,Iyanya,211380,Twitter_followers_daily,Twitter,global,,Q4_2025,net_change,-62316.0,followers,-61342.0,-64831.0
artist,Iyanya,211380,Wikipedia_views_daily,Wikipedia,global,,Q1_2024,sum,8459.0,views,,
artist,Iyanya,211380,Wikipedia_views_daily,Wikipedia,global,,Q1_2025,sum,5378.0,views,749.0,-3081.0
artist,Iyanya,211380,Wikipedia_views_daily,Wikipedia,global,,Q2_2024,sum,8027.0,views,-432.0,
artist,Iyanya,211380,Wikipedia_views_daily,Wikipedia,global,,Q2_2025,sum,10388.0,views,5010.0,2361.0
artist,Iyanya,211380,Wikipedia_views_daily,Wikipedia,global,,Q3_2024,sum,5700.0,views,-2327.0,
artist,Iyanya,211380,Wikipedia_views_daily,Wikipedia,global,,Q3_2025,sum,6029.0,views,-4359.0,329.0
artist,Iyanya,211380,Wikipedia_views_daily,Wikipedia,global,,Q4_2024,sum,4629.0,views,-1071.0,
artist,Iyanya,211380,Wikipedia_views_daily,Wikipedia,global,,Q4_2025,sum,6174.0,views,145.0,1545.0
artist,Iyanya,211380,YouTube_subscribers_daily,YouTube,global,,Q1_2024,net_change,20000.0,subscribers,,
artist,Iyanya,211380,YouTube_subscribers_daily,YouTube,global,,Q1_2025,net_change,16286.0,subscribers,-5885.0,-3714.0
artist,Iyanya,211380,YouTube_subscribers_daily,YouTube,global,,Q2_2024,net_change,19000.0,subscribers,-1000.0,
artist,Iyanya,211380,YouTube_subscribers_daily,YouTube,global,,Q2_2025,net_change,20083.0,subscribers,3797.0,1083.0
artist,Iyanya,211380,YouTube_subscribers_daily,YouTube,global,,Q3_2024,net_change,18200.0,subscribers,-800.0,
artist,Iyanya,211380,YouTube_subscribers_daily,YouTube,global,,Q3_2025,net_change,23167.0,subscribers,3084.0,4967.0
artist,Iyanya,211380,YouTube_subscribers_daily,YouTube,global,,Q4_2024,net_change,22171.0,subscribers,3971.0,
artist,Iyanya,211380,YouTube_subscribers_daily,YouTube,global,,Q4_2025,net_change,19571.0,subscribers,-3596.0,-2600.0
artist,Khaid,8358898,Instagram_followers_daily,Instagram,global,,Q1_2024,net_change,36417.0,followers,,
artist,Khaid,8358898,Instagram_followers_daily,Instagram,global,,Q1_2025,net_change,-26489.0,followers,15539.0,-62906.0
artist,Khaid,8358898,Instagram_followers_daily,Instagram,global,,Q2_2024,net_change,-11673.0,followers,-48090.0,
artist,Khaid,8358898,Instagram_followers_daily,Instagram,global,,Q2_2025,net_change,-22106.0,followers,4383.0,-10433.0
artist,Khaid,8358898,Instagram_followers_daily,Instagram,global,,Q3_2024,net_change,-37204.0,followers,-25531.0,
artist,Khaid,8358898,Instagram_followers_daily,Instagram,global,,Q3_2025,net_change,-36063.0,followers,-13957.0,1141.0
artist,Khaid,8358898,Instagram_followers_daily,Instagram,global,,Q4_2024,net_change,-42028.0,followers,-4824.0,
artist,Khaid,8358898,Instagram_followers_daily,Instagram,global,,Q4_2025,net_change,6194.0,followers,42257.0,48222.0
artist,Khaid,8358898,Soundcloud_followers_daily,Soundcloud,global,,Q1_2024,net_change,332.0,followers,,
artist,Khaid,8358898,Soundcloud_followers_daily,Soundcloud,global,,Q2_2024,net_change,119.0,followers,-213.0,
artist,Khaid,8358898,Soundcloud_followers_daily,Soundcloud,global,,Q2_2025,net_change,31.0,followers,,-88.0
artist,Khaid,8358898,Soundcloud_followers_daily,Soundcloud,global,,Q3_2025,net_change,0.0,followers,-31.0,
artist,Khaid,8358898,Soundcloud_followers_daily,Soundcloud,global,,Q4_2025,net_change,110.0,followers,110.0,
artist,Khaid,8358898,Spotify_followers_daily,Spotify,global,,Q1_2025,net_change,112919.0,followers,-27954.0,
artist,Khaid,8358898,Spotify_followers_daily,Spotify,global,,Q2_2024,net_change,127919.0,followers,,
artist,Khaid,8358898,Spotify_followers_daily,Spotify,global,,Q2_2025,net_change,93654.0,followers,-19265.0,-34265.0
artist,Khaid,8358898,Spotify_followers_daily,Spotify,global,,Q3_2024,net_change,144262.0,followers,16343.0,
artist,Khaid,8358898,Spotify_followers_daily,Spotify,global,,Q3_2025,net_change,53055.0,followers,-40599.0,-91207.0
artist,Khaid,8358898,Spotify_followers_daily,Spotify,global,,Q4_2024,net_change,140873.0,followers,-3389.0,
artist,Khaid,8358898,Spotify_followers_daily,Spotify,global,,Q4_2025,net_change,33026.0,followers,-20029.0,-107847.0
artist,Khaid,8358898,Spotify_monthly_listeners_daily,Spotify,global,,Q1_2024,net_change,36080.0,listeners,,
artist,Khaid,8358898,Spotify_monthly_listeners_daily,Spotify,global,,Q1_2025,net_change,-191091.0,listeners,-356137.0,-227171.0
artist,Khaid,8358898,Spotify_monthly_listeners_daily,Spotify,global,,Q2_2024,net_change,-275095.0,listeners,-311175.0,
artist,Khaid,8358898,Spotify_monthly_listeners_daily,Spotify,global,,Q3_2024,net_change,-4437.0,listeners,270658.0,
artist,Khaid,8358898,Spotify_monthly_listeners_daily,Spotify,global,,Q4_2024,net_change,165046.0,listeners,169483.0,
artist,Khaid,8358898,Spotify_monthly_listeners_daily,Spotify,global,,Q4_2025,net_change,-379910.0,listeners,,-544956.0
artist,Khaid,8358898,TikTok_followers_daily,TikTok,global,,Q1_2024,net_change,62500.0,followers,,
artist,Khaid,8358898,TikTok_followers_daily,TikTok,global,,Q1_2025,net_change,24383.0,followers,-28663.0,-38117.0
artist,Khaid,8358898,TikTok_followers_daily,TikTok,global,,Q2_2024,net_change,76337.0,followers,13837.0,
artist,Khaid,8358898,TikTok_followers_daily,TikTok,global,,Q2_2025,net_change,24658.0,followers,275.0,-51679.0
artist,Khaid,8358898,TikTok_followers_daily,TikTok,global,,Q3_2024,net_change,174188.0,followers,97851.0,
artist,Khaid,8358898,TikTok_followers_daily,TikTok,global,,Q3_2025,net_change,24931.0,followers,273.0,-149257.0
artist,Khaid,8358898,TikTok_followers_daily,TikTok,global,,Q4_2024,net_change,53046.0,followers,-121142.0,
artist,Khaid,8358898,TikTok_followers_daily,TikTok,global,,Q4_2025,net_change,-3371.0,followers,-28302.0,-56417.0
artist,Khaid,8358898,TikTok_likes_daily,TikTok,global,,Q1_2024,net_change,1400000.0,likes,,
artist,Khaid,8358898,TikTok_likes_daily,TikTok,global,,Q1_2025,net_change,1088890.0,likes,-2711110.0,-311110.0
artist,Khaid,8358898,TikTok_likes_daily,TikTok,global,,Q2_2024,net_change,983334.0,likes,-416666.0,
artist,Khaid,8358898,TikTok_likes_daily,TikTok,global,,Q2_2025,net_change,1210528.0,likes,121638.0,227194.0
artist,Khaid,8358898,TikTok_likes_daily,TikTok,global,,Q3_2024,net_change,2258333.0,likes,1274999.0,
artist,Khaid,8358898,TikTok_likes_daily,TikTok,global,,Q3_2025,net_change,465462.0,likes,-745066.0,-1792871.0
artist,Khaid,8358898,TikTok_likes_daily,TikTok,global,,Q4_2024,net_change,3800000.0,likes,1541667.0,
artist,Khaid,8358898,TikTok_likes_daily,TikTok,global,,Q4_2025,net_change,1901388.0,likes,1435926.0,-1898612.0
artist,Khaid,8358898,Twitter_followers_daily,Twitter,global,,Q1_2024,net_change,555.0,followers,,
artist,Khaid,8358898,Twitter_followers_daily,Twitter,global,,Q1_2025,net_change,-390.0,followers,-2882.0,-945.0
artist,Khaid,8358898,Twitter_followers_daily,Twitter,global,,Q2_2024,net_change,-90.0,followers,-645.0,
artist,Khaid,8358898,Twitter_followers_daily,Twitter,global,,Q2_2025,net_change,606.0,followers,996.0,696.0
artist,Khaid,8358898,Twitter_followers_daily,Twitter,global,,Q3_2024,net_change,3602.0,followers,3692.0,
artist,Khaid,8358898,Twitter_followers_daily,Twitter,global,,Q3_2025,net_change,-117.0,followers,-723.0,-3719.0
artist,Khaid,8358898,Twitter_followers_daily,Twitter,global,,Q4_2024,net_change,2492.0,followers,-1110.0,
artist,Khaid,8358898,Twitter_followers_daily,Twitter,global,,Q4_2025,net_change,1799.0,followers,1916.0,-693.0
artist,Khaid,8358898,Wikipedia_views_daily,Wikipedia,global,,Q1_2024,sum,19296.0,views,,
artist,Khaid,8358898,Wikipedia_views_daily,Wikipedia,global,,Q1_2025,sum,7493.0,views,-2048.0,-11803.0
artist,Khaid,8358898,Wikipedia_views_daily,Wikipedia,global,,Q2_2024,sum,56202.0,views,36906.0,
artist,Khaid,8358898,Wikipedia_views_daily,Wikipedia,global,,Q2_2025,sum,6986.0,views,-507.0,-49216.0
artist,Khaid,8358898,Wikipedia_views_daily,Wikipedia,global,,Q3_2024,sum,18888.0,views,-37314.0,
artist,Khaid,8358898,Wikipedia_views_daily,Wikipedia,global,,Q3_2025,sum,7766.0,views,780.0,-11122.0
artist,Khaid,8358898,Wikipedia_views_daily,Wikipedia,global,,Q4_2024,sum,9541.0,views,-9347.0,
artist,Khaid,8358898,Wikipedia_views_daily,Wikipedia,global,,Q4_2025,sum,7297.0,views,-469.0,-2244.0
artist,Khaid,8358898,YouTube_subscribers_daily,YouTube,global,,Q1_2024,net_change,47000.0,subscribers,,
artist,Khaid,8358898,YouTube_subscribers_daily,YouTube,global,,Q1_2025,net_change,36000.0,subscribers,-22000.0,-11000.0
artist,Khaid,8358898,YouTube_subscribers_daily,YouTube,global,,Q2_2024,net_change,37000.0,subscribers,-10000.0,
artist,Khaid,8358898,YouTube_subscribers_daily,YouTube,global,,Q2_2025,net_change,50000.0,subscribers,14000.0,13000.0
artist,Khaid,8358898,YouTube_subscribers_daily,YouTube,global,,Q3_2024,net_change,46500.0,subscribers,9500.0,
artist,Khaid,8358898,YouTube_subscribers_daily,YouTube,global,,Q3_2025,net_change,50900.0,subscribers,900.0,4400.0
artist,Khaid,8358898,YouTube_subscribers_daily,YouTube,global,,Q4_2024,net_change,58000.0,subscribers,11500.0,
artist,Khaid,8358898,YouTube_subscribers_daily,YouTube,global,,Q4_2025,net_change,49000.0,subscribers,-1900.0,-9000.0
artist,Korede Bello,161462,Bandsintown_followers_daily,Bandsintown,global,,Q1_2024,net_change,180.0,followers,,
artist,Korede Bello,161462,Bandsintown_followers_daily,Bandsintown,global,,Q1_2025,net_change,306.0,followers,-110.0,126.0
artist,Korede Bello,161462,Bandsintown_followers_daily,Bandsintown,global,,Q2_2024,net_change,303.0,followers,123.0,
artist,Korede Bello,161462,Bandsintown_followers_daily,Bandsintown,global,,Q2_2025,net_change,536.0,followers,230.0,233.0
artist,Korede Bello,161462,Bandsintown_followers_daily,Bandsintown,global,,Q3_2024,net_change,264.0,followers,-39.0,
artist,Korede Bello,161462,Bandsintown_followers_daily,Bandsintown,global,,Q3_2025,net_change,0.0,followers,-536.0,-264.0
artist,Korede Bello,161462,Bandsintown_followers_daily,Bandsintown,global,,Q4_2024,net_change,416.0,followers,152.0,
artist,Korede Bello,161462,Bandsintown_followers_daily,Bandsintown,global,,Q4_2025,net_change,251.0,followers,251.0,-165.0
artist,Korede Bello,161462,Instagram_followers_daily,Instagram,global,,Q1_2024,net_change,48705.0,followers,,
artist,Korede Bello,161462,Instagram_followers_daily,Instagram,global,,Q1_2025,net_change,-40661.0,followers,10321.0,-89366.0
artist,Korede Bello,161462,Instagram_followers_daily,Instagram,global,,Q2_2024,net_change,34365.0,followers,-14340.0,
artist,Korede Bello,161462,Instagram_followers_daily,Instagram,global,,Q2_2025,net_change,-22290.0,followers,18371.0,-56655.0
artist,Korede Bello,161462,Instagram_followers_daily,Instagram,global,,Q3_2024,net_change,-81391.0,followers,-115756.0,
artist,Korede Bello,161462,Instagram_followers_daily,Instagram,global,,Q3_2025,net_change,23888.0,followers,46178.0,105279.0
artist,Korede Bello,161462,Instagram_followers_daily,Instagram,global,,Q4_2024,net_change,-50982.0,followers,30409.0,
artist,Korede Bello,161462,Instagram_followers_daily,Instagram,global,,Q4_2025,net_change,-1172.0,followers,-25060.0,49810.0
artist,Korede Bello,161462,Soundcloud_followers_daily,Soundcloud,global,,Q1_2024,net_change,82.0,followers,,
artist,Korede Bello,161462,Soundcloud_followers_daily,Soundcloud,global,,Q2_2024,net_change,39.0,followers,-43.0,
artist,Korede Bello,161462,Soundcloud_followers_daily,Soundcloud,global,,Q2_2025,net_change,10.0,followers,,-29.0
artist,Korede Bello,161462,Soundcloud_followers_daily,Soundcloud,global,,Q3_2024,net_change,0.0,followers,-39.0,
artist,Korede Bello,161462,Soundcloud_followers_daily,Soundcloud,global,,Q4_2025,net_change,27.0,followers,,
artist,Korede Bello,161462,Spotify_followers_daily,Spotify,global,,Q1_2024,net_change,25125.0,followers,,
artist,Korede Bello,161462,Spotify_followers_daily,Spotify,global,,Q1_2025,net_change,1082.0,followers,-1416.0,-24043.0
artist,Korede Bello,161462,Spotify_followers_daily,Spotify,global,,Q2_2024,net_change,21890.0,followers,-3235.0,
artist,Korede Bello,161462,Spotify_followers_daily,Spotify,global,,Q2_2025,net_change,3263.0,followers,2181.0,-18627.0
artist,Korede Bello,161462,Spotify_followers_daily,Spotify,global,,Q3_2024,net_change,11245.0,followers,-10645.0,
artist,Korede Bello,161462,Spotify_followers_daily,Spotify,global,,Q3_2025,net_change,2566.0,followers,-697.0,-8679.0
artist,Korede Bello,161462,Spotify_followers_daily,Spotify,global,,Q4_2024,net_change,2498.0,followers,-8747.0,
artist,Korede Bello,161462,Spotify_followers_daily,Spotify,global,,Q4_2025,net_change,2709.0,followers,143.0,211.0
artist,Korede Bello,161462,Spotify_monthly_listeners_daily,Spotify,global,,Q1_2024,net_change,231811.0,listeners,,
artist,Korede Bello,161462,Spotify_monthly_listeners_daily,Spotify,global,,Q1_2025,net_change,-95958.0,listeners,-67478.0,-327769.0
artist,Korede Bello,161462,Spotify_monthly_listeners_daily,Spotify,global,,Q2_2024,net_change,-298443.0,listeners,-530254.0,
artist,Korede Bello,161462,Spotify_monthly_listeners_daily,Spotify,global,,Q3_2024,net_change,-21416.0,listeners,277027.0,
artist,Korede Bello,161462,Spotify_monthly_listeners_daily,Spotify,global,,Q3_2025,net_change,-61153.0,listeners,,-39737.0
artist,Korede Bello,161462,Spotify_monthly_listeners_daily,Spotify,global,,Q4_2024,net_change,-28480.0,listeners,-7064.0,
artist,Korede Bello,161462,Spotify_monthly_listeners_daily,Spotify,global,,Q4_2025,net_change,89815.0,listeners,150968.0,118295.0
artist,Korede Bello,161462,TikTok_followers_daily,TikTok,global,,Q1_2024,net_change,0.0,followers,,
artist,Korede Bello,161462,TikTok_followers_daily,TikTok,global,,Q1_2025,net_change,30912.0,followers,3585.0,30912.0
artist,Korede Bello,161462,TikTok_followers_daily,TikTok,global,,Q2_2024,net_change,122823.0,followers,122823.0,
artist,Korede Bello,161462,TikTok_followers_daily,TikTok,global,,Q2_2025,net_change,49180.0,followers,18268.0,-73643.0
artist,Korede Bello,161462,TikTok_followers_daily,TikTok,global,,Q3_2024,net_change,27328.0,followers,-95495.0,
artist,Korede Bello,161462,TikTok_followers_daily,TikTok,global,,Q3_2025,net_change,61425.0,followers,12245.0,34097.0
artist,Korede Bello,161462,TikTok_followers_daily,TikTok,global,,Q4_2024,net_change,27327.0,followers,-1.0,
artist,Korede Bello,161462,TikTok_followers_daily,TikTok,global,,Q4_2025,net_change,132680.0,followers,71255.0,105353.0
artist,Korede Bello,161462,TikTok_likes_daily,TikTok,global,,Q1_2024,net_change,700000.0,likes,,
artist,Korede Bello,161462,TikTok_likes_daily,TikTok,global,,Q1_2025,net_change,426851.0,likes,88755.0,-273149.0
artist,Korede Bello,161462,TikTok_likes_daily,TikTok,global,,Q2_2024,net_change,721621.0,likes,21621.0,
artist,Korede Bello,161462,TikTok_likes_daily,TikTok,global,,Q2_2025,net_change,407189.0,likes,-19662.0,-314432.0
artist,Korede Bello,161462,TikTok_likes_daily,TikTok,global,,Q3_2024,net_change,250675.0,likes,-470946.0,
artist,Korede Bello,161462,TikTok_likes_daily,TikTok,global,,Q3_2025,net_change,2497794.0,likes,2090605.0,2247119.0
artist,Korede Bello,161462,TikTok_likes_daily,TikTok,global,,Q4_2024,net_change,338096.0,likes,87421.0,
artist,Korede Bello,161462,TikTok_likes_daily,TikTok,global,,Q4_2025,net_change,1405000.0,likes,-1092794.0,1066904.0
artist,Korede Bello,161462,Twitter_followers_daily,Twitter,global,,Q1_2024,net_change,-991.0,followers,,
artist,Korede Bello,161462,Twitter_followers_daily,Twitter,global,,Q1_2025,net_change,-3178.0,followers,1919.0,-2187.0
artist,Korede Bello,161462,Twitter_followers_daily,Twitter,global,,Q2_2024,net_change,-10826.0,followers,-9835.0,
artist,Korede Bello,161462,Twitter_followers_daily,Twitter,global,,Q2_2025,net_change,-2545.0,followers,633.0,8281.0
artist,Korede Bello,161462,Twitter_followers_daily,Twitter,global,,Q3_2024,net_change,-8427.0,followers,2399.0,
artist,Korede Bello,161462,Twitter_followers_daily,Twitter,global,,Q3_2025,net_change,-2938.0,followers,-393.0,5489.0
artist,Korede Bello,161462,Twitter_followers_daily,Twitter,global,,Q4_2024,net_change,-5097.0,followers,3330.0,
artist,Korede Bello,161462,Twitter_followers_daily,Twitter,global,,Q4_2025,net_change,-9747.0,followers,-6809.0,-4650.0
artist,Korede Bello,161462,Wikipedia_views_daily,Wikipedia,global,,Q1_2024,sum,10886.0,views,,
artist,Korede Bello,161462,Wikipedia_views_daily,Wikipedia,global,,Q1_2025,sum,6096.0,views,235.0,-4790.0
artist,Korede Bello,161462,Wikipedia_views_daily,Wikipedia,global,,Q2_2024,sum,6971.0,views,-3915.0,
artist,Korede Bello,161462,Wikipedia_views_daily,Wikipedia,global,,Q2_2025,sum,5571.0,views,-525.0,-1400.0
artist,Korede Bello,161462,Wikipedia_views_daily,Wikipedia,global,,Q3_2024,sum,6748.0,views,-223.0,
artist,Korede Bello,161462,Wikipedia_views_daily,Wikipedia,global,,Q3_2025,sum,5055.0,views,-516.0,-1693.0
artist,Korede Bello,161462,Wikipedia_views_daily,Wikipedia,global,,Q4_2024,sum,5861.0,views,-887.0,
artist,Korede Bello,161462,Wikipedia_views_daily,Wikipedia,global,,Q4_2025,sum,4621.0,views,-434.0,-1240.0
artist,Korede Bello,161462,YouTube_subscribers_daily,YouTube,global,,Q1_2024,net_change,9000.0,subscribers,,
artist,Korede Bello,161462,YouTube_subscribers_daily,YouTube,global,,Q1_2025,net_change,2134.0,subscribers,-850.0,-6866.0
artist,Korede Bello,161462,YouTube_subscribers_daily,YouTube,global,,Q2_2024,net_change,3000.0,subscribers,-6000.0,
artist,Korede Bello,161462,YouTube_subscribers_daily,YouTube,global,,Q2_2025,net_change,1975.0,subscribers,-159.0,-1025.0
artist,Korede Bello,161462,YouTube_subscribers_daily,YouTube,global,,Q3_2024,net_change,6842.0,subscribers,3842.0,
artist,Korede Bello,161462,YouTube_subscribers_daily,YouTube,global,,Q3_2025,net_change,1957.0,subscribers,-18.0,-4885.0
artist,Korede Bello,161462,YouTube_subscribers_daily,YouTube,global,,Q4_2024,net_change,2984.0,subscribers,-3858.0,
artist,Korede Bello,161462,YouTube_subscribers_daily,YouTube,global,,Q4_2025,net_change,1920.0,subscribers,-37.0,-1064.0
artist,Lady Donli,629778,Bandsintown_followers_daily,Bandsintown,global,,Q1_2024,net_change,102.0,followers,,
artist,Lady Donli,629778,Bandsintown_followers_daily,Bandsintown,global,,Q1_2025,net_change,177.0,followers,-17.0,75.0
artist,Lady Donli,629778,Bandsintown_followers_daily,Bandsintown,global,,Q2_2024,net_change,113.0,followers,11.0,
artist,Lady Donli,629778,Bandsintown_followers_daily,Bandsintown,global,,Q2_2025,net_change,270.0,followers,93.0,157.0
artist,Lady Donli,629778,Bandsintown_followers_daily,Bandsintown,global,,Q3_2024,net_change,108.0,followers,-5.0,
artist,Lady Donli,629778,Bandsintown_followers_daily,Bandsintown,global,,Q3_2025,net_change,214.0,followers,-56.0,106.0
artist,Lady Donli,629778,Bandsintown_followers_daily,Bandsintown,global,,Q4_2024,net_change,194.0,followers,86.0,
artist,Lady Donli,629778,Bandsintown_followers_daily,Bandsintown,global,,Q4_2025,net_change,-2434.0,followers,-2648.0,-2628.0
artist,Lady Donli,629778,Instagram_followers_daily,Instagram,global,,Q1_2024,net_change,157.0,followers,,
artist,Lady Donli,629778,Instagram_followers_daily,Instagram,global,,Q1_2025,net_change,-642.0,followers,590.0,-799.0
artist,Lady Donli,629778,Instagram_followers_daily,Instagram,global,,Q2_2024,net_change,390.0,followers,233.0,
artist,Lady Donli,629778,Instagram_followers_daily,Instagram,global,,Q2_2025,net_change,-964.0,followers,-322.0,-1354.0
artist,Lady Donli,629778,Instagram_followers_daily,Instagram,global,,Q3_2024,net_change,-1692.0,followers,-2082.0,
artist,Lady Donli,629778,Instagram_followers_daily,Instagram,global,,Q3_2025,net_change,-753.0,followers,211.0,939.0
artist,Lady Donli,629778,Instagram_followers_daily,Instagram,global,,Q4_2024,net_change,-1232.0,followers,460.0,
artist,Lady Donli,629778,Instagram_followers_daily,Instagram,global,,Q4_2025,net_change,-461.0,followers,292.0,771.0
artist,Lady Donli,629778,Soundcloud_followers_daily,Soundcloud,global,,Q1_2024,net_change,40.0,followers,,
artist,Lady Donli,629778,Soundcloud_followers_daily,Soundcloud,global,,Q1_2025,net_change,21.0,followers,20.0,-19.0
artist,Lady Donli,629778,Soundcloud_followers_daily,Soundcloud,global,,Q2_2024,net_change,24.0,followers,-16.0,
artist,Lady Donli,629778,Soundcloud_followers_daily,Soundcloud,global,,Q2_2025,net_change,15.0,followers,-6.0,-9.0
artist,Lady Donli,629778,Soundcloud_followers_daily,Soundcloud,global,,Q3_2025,net_change,22.0,followers,7.0,
artist,Lady Donli,629778,Soundcloud_followers_daily,Soundcloud,global,,Q4_2024,net_change,1.0,followers,,
artist,Lady Donli,629778,Soundcloud_followers_daily,Soundcloud,global,,Q4_2025,net_change,12.0,followers,-10.0,11.0
artist,Lady Donli,629778,Spotify_followers_daily,Spotify,global,,Q1_2024,net_change,1395.0,followers,,
artist,Lady Donli,629778,Spotify_followers_daily,Spotify,global,,Q1_2025,net_change,714.0,followers,301.0,-681.0
artist,Lady Donli,629778,Spotify_followers_daily,Spotify,global,,Q2_2024,net_change,1110.0,followers,-285.0,
artist,Lady Donli,629778,Spotify_followers_daily,Spotify,global,,Q2_2025,net_change,768.0,followers,54.0,-342.0
artist,Lady Donli,629778,Spotify_followers_daily,Spotify,global,,Q3_2024,net_change,646.0,followers,-464.0,
artist,Lady Donli,629778,Spotify_followers_daily,Spotify,global,,Q3_2025,net_change,592.0,followers,-176.0,-54.0
artist,Lady Donli,629778,Spotify_followers_daily,Spotify,global,,Q4_2024,net_change,413.0,followers,-233.0,
artist,Lady Donli,629778,Spotify_followers_daily,Spotify,global,,Q4_2025,net_change,433.0,followers,-159.0,20.0
artist,Lady Donli,629778,Spotify_monthly_listeners_daily,Spotify,global,,Q1_2024,net_change,318.0,listeners,,
artist,Lady Donli,629778,Spotify_monthly_listeners_daily,Spotify,global,,Q1_2025,net_change,32737.0,listeners,46897.0,32419.0
artist,Lady Donli,629778,Spotify_monthly_listeners_daily,Spotify,global,,Q2_2024,net_change,17511.0,listeners,17193.0,
artist,Lady Donli,629778,Spotify_monthly_listeners_daily,Spotify,global,,Q2_2025,net_change,4545.0,listeners,-28192.0,-12966.0
artist,Lady Donli,629778,Spotify_monthly_listeners_daily,Spotify,global,,Q3_2024,net_change,-36379.0,listeners,-53890.0,
artist,Lady Donli,629778,Spotify_monthly_listeners_daily,Spotify,global,,Q3_2025,net_change,-29974.0,listeners,-34519.0,6405.0
artist,Lady Donli,629778,Spotify_monthly_listeners_daily,Spotify,global,,Q4_2024,net_change,-14160.0,listeners,22219.0,
artist,Lady Donli,629778,Spotify_monthly_listeners_daily,Spotify,global,,Q4_2025,net_change,-3583.0,listeners,26391.0,10577.0
artist,Lady Donli,629778,TikTok_followers_daily,TikTok,global,,Q1_2024,net_change,254.0,followers,,
artist,Lady Donli,629778,TikTok_followers_daily,TikTok,global,,Q1_2025,net_change,-37.0,followers,23.0,-291.0
artist,Lady Donli,629778,TikTok_followers_daily,TikTok,global,,Q2_2024,net_change,37.0,followers,-217.0,
artist,Lady Donli,629778,TikTok_followers_daily,TikTok,global,,Q2_2025,net_change,-24.0,followers,13.0,-61.0
artist,Lady Donli,629778,TikTok_followers_daily,TikTok,global,,Q3_2024,net_change,-83.0,followers,-120.0,
artist,Lady Donli,629778,TikTok_followers_daily,TikTok,global,,Q3_2025,net_change,-49.0,followers,-25.0,34.0
artist,Lady Donli,629778,TikTok_followers_daily,TikTok,global,,Q4_2024,net_change,-60.0,followers,23.0,
artist,Lady Donli,629778,TikTok_followers_daily,TikTok,global,,Q4_2025,net_change,-34.0,followers,15.0,26.0
artist,Lady Donli,629778,TikTok_likes_daily,TikTok,global,,Q1_2024,net_change,14700.0,likes,,
artist,Lady Donli,629778,TikTok_likes_daily,TikTok,global,,Q2_2024,net_change,7800.0,likes,-6900.0,
artist,Lady Donli,629778,TikTok_likes_daily,TikTok,global,,Q2_2025,net_change,1205.0,likes,,-6595.0
artist,Lady Donli,629778,TikTok_likes_daily,TikTok,global,,Q3_2024,net_change,414.0,likes,-7386.0,
artist,Lady Donli,629778,TikTok_likes_daily,TikTok,global,,Q3_2025,net_change,721.0,likes,-484.0,307.0
artist,Lady Donli,629778,TikTok_likes_daily,TikTok,global,,Q4_2024,net_change,1684.0,likes,1270.0,
artist,Lady Donli,629778,TikTok_likes_daily,TikTok,global,,Q4_2025,net_change,924.0,likes,203.0,-760.0
artist,Lady Donli,629778,Twitter_followers_daily,Twitter,global,,Q1_2025,net_change,16.0,followers,-42.0,
artist,Lady Donli,629778,Twitter_followers_daily,Twitter,global,,Q4_2024,net_change,58.0,followers,,
artist,Lady Donli,629778,Wikipedia_views_daily,Wikipedia,global,,Q1_2024,sum,2122.0,views,,
artist,Lady Donli,629778,Wikipedia_views_daily,Wikipedia,global,,Q1_2025,sum,1524.0,views,21.0,-598.0
artist,Lady Donli,629778,Wikipedia_views_daily,Wikipedia,global,,Q2_2024,sum,1752.0,views,-370.0,
artist,Lady Donli,629778,Wikipedia_views_daily,Wikipedia,global,,Q2_2025,sum,1739.0,views,215.0,-13.0
artist,Lady Donli,629778,Wikipedia_views_daily,Wikipedia,global,,Q3_2024,sum,1432.0,views,-320.0,
artist,Lady Donli,629778,Wikipedia_views_daily,Wikipedia,global,,Q3_2025,sum,1878.0,views,139.0,446.0
artist,Lady Donli,629778,Wikipedia_views_daily,Wikipedia,global,,Q4_2024,sum,1503.0,views,71.0,
artist,Lady Donli,629778,Wikipedia_views_daily,Wikipedia,global,,Q4_2025,sum,1610.0,views,-268.0,107.0
artist,Lady Donli,629778,YouTube_subscribers_daily,YouTube,global,,Q1_2024,net_change,120.0,subscribers,,
artist,Lady Donli,629778,YouTube_subscribers_daily,YouTube,global,,Q1_2025,net_change,82.0,subscribers,8.0,-38.0
artist,Lady Donli,629778,YouTube_subscribers_daily,YouTube,global,,Q2_2024,net_change,90.0,subscribers,-30.0,
artist,Lady Donli,629778,YouTube_subscribers_daily,YouTube,global,,Q2_2025,net_change,97.0,subscribers,15.0,7.0
artist,Lady Donli,629778,YouTube_subscribers_daily,YouTube,global,,Q3_2024,net_change,93.0,subscribers,3.0,
artist,Lady Donli,629778,YouTube_subscribers_daily,YouTube,global,,Q3_2025,net_change,70.0,subscribers,-27.0,-23.0
artist,Lady Donli,629778,YouTube_subscribers_daily,YouTube,global,,Q4_2024,net_change,74.0,subscribers,-19.0,
artist,Lady Donli,629778,YouTube_subscribers_daily,YouTube,global,,Q4_2025,net_change,22.0,subscribers,-48.0,-52.0
artist,Libianca,3976019,Bandsintown_followers_daily,Bandsintown,global,,Q1_2024,net_change,1315.0,followers,,
artist,Libianca,3976019,Bandsintown_followers_daily,Bandsintown,global,,Q1_2025,net_change,1693.0,followers,-86.0,378.0
artist,Libianca,3976019,Bandsintown_followers_daily,Bandsintown,global,,Q2_2024,net_change,1632.0,followers,317.0,
artist,Libianca,3976019,Bandsintown_followers_daily,Bandsintown,global,,Q2_2025,net_change,2268.0,followers,575.0,636.0
artist,Libianca,3976019,Bandsintown_followers_daily,Bandsintown,global,,Q3_2024,net_change,1530.0,followers,-102.0,
artist,Libianca,3976019,Bandsintown_followers_daily,Bandsintown,global,,Q3_2025,net_change,2807.0,followers,539.0,1277.0
artist,Libianca,3976019,Bandsintown_followers_daily,Bandsintown,global,,Q4_2024,net_change,1779.0,followers,249.0,
artist,Libianca,3976019,Bandsintown_followers_daily,Bandsintown,global,,Q4_2025,net_change,1502.0,followers,-1305.0,-277.0
artist,Libianca,3976019,Instagram_followers_daily,Instagram,global,,Q1_2024,net_change,43334.0,followers,,
artist,Libianca,3976019,Instagram_followers_daily,Instagram,global,,Q1_2025,net_change,-12731.0,followers,-5284.0,-56065.0
artist,Libianca,3976019,Instagram_followers_daily,Instagram,global,,Q2_2024,net_change,1377.0,followers,-41957.0,
artist,Libianca,3976019,Instagram_followers_daily,Instagram,global,,Q2_2025,net_change,-9499.0,followers,3232.0,-10876.0
artist,Libianca,3976019,Instagram_followers_daily,Instagram,global,,Q3_2024,net_change,-16797.0,followers,-18174.0,
artist,Libianca,3976019,Instagram_followers_daily,Instagram,global,,Q3_2025,net_change,-7503.0,followers,1996.0,9294.0
artist,Libianca,3976019,Instagram_followers_daily,Instagram,global,,Q4_2024,net_change,-7447.0,followers,9350.0,
artist,Libianca,3976019,Instagram_followers_daily,Instagram,global,,Q4_2025,net_change,-942.0,followers,6561.0,6505.0
artist,Libianca,3976019,Soundcloud_followers_daily,Soundcloud,global,,Q1_2025,net_change,0.0,followers,,
artist,Libianca,3976019,Soundcloud_followers_daily,Soundcloud,global,,Q2_2025,net_change,97.0,followers,97.0,
artist,Libianca,3976019,Soundcloud_followers_daily,Soundcloud,global,,Q4_2025,net_change,334.0,followers,,
artist,Libianca,3976019,Spotify_followers_daily,Spotify,global,,Q1_2024,net_change,45003.0,followers,,
artist,Libianca,3976019,Spotify_followers_daily,Spotify,global,,Q1_2025,net_change,14586.0,followers,-5352.0,-30417.0
artist,Libianca,3976019,Spotify_followers_daily,Spotify,global,,Q2_2024,net_change,30175.0,followers,-14828.0,
artist,Libianca,3976019,Spotify_followers_daily,Spotify,global,,Q2_2025,net_change,14849.0,followers,263.0,-15326.0
artist,Libianca,3976019,Spotify_followers_daily,Spotify,global,,Q3_2024,net_change,30137.0,followers,-38.0,
artist,Libianca,3976019,Spotify_followers_daily,Spotify,global,,Q3_2025,net_change,14996.0,followers,147.0,-15141.0
artist,Libianca,3976019,Spotify_followers_daily,Spotify,global,,Q4_2024,net_change,19938.0,followers,-10199.0,
artist,Libianca,3976019,Spotify_followers_daily,Spotify,global,,Q4_2025,net_change,18281.0,followers,3285.0,-1657.0
artist,Libianca,3976019,Spotify_monthly_listeners_daily,Spotify,global,,Q1_2024,net_change,-1561670.0,listeners,,
artist,Libianca,3976019,Spotify_monthly_listeners_daily,Spotify,global,,Q1_2025,net_change,-1375760.0,listeners,-606329.0,185910.0
artist,Libianca,3976019,Spotify_monthly_listeners_daily,Spotify,global,,Q2_2024,net_change,-2326230.0,listeners,-764560.0,
artist,Libianca,3976019,Spotify_monthly_listeners_daily,Spotify,global,,Q3_2024,net_change,735562.0,listeners,3061792.0,
artist,Libianca,3976019,Spotify_monthly_listeners_daily,Spotify,global,,Q3_2025,net_change,-1280594.0,listeners,,-2016156.0
artist,Libianca,3976019,Spotify_monthly_listeners_daily,Spotify,global,,Q4_2024,net_change,-769431.0,listeners,-1504993.0,
artist,Libianca,3976019,TikTok_followers_daily,TikTok,global,,Q1_2024,net_change,5300.0,followers,,
artist,Libianca,3976019,TikTok_followers_daily,TikTok,global,,Q1_2025,net_change,-8900.0,followers,-200.0,-14200.0
artist,Libianca,3976019,TikTok_followers_daily,TikTok,global,,Q2_2024,net_change,20200.0,followers,14900.0,
artist,Libianca,3976019,TikTok_followers_daily,TikTok,global,,Q2_2025,net_change,16300.0,followers,25200.0,-3900.0
artist,Libianca,3976019,TikTok_followers_daily,TikTok,global,,Q3_2024,net_change,-5333.0,followers,-25533.0,
artist,Libianca,3976019,TikTok_followers_daily,TikTok,global,,Q3_2025,net_change,87448.0,followers,71148.0,92781.0
artist,Libianca,3976019,TikTok_followers_daily,TikTok,global,,Q4_2024,net_change,-8700.0,followers,-3367.0,
artist,Libianca,3976019,TikTok_followers_daily,TikTok,global,,Q4_2025,net_change,-69355.0,followers,-156803.0,-60655.0
artist,Libianca,3976019,TikTok_likes_daily,TikTok,global,,Q1_2024,net_change,200000.0,likes,,
artist,Libianca,3976019,TikTok_likes_daily,TikTok,global,,Q1_2025,net_change,56153.0,likes,11978.0,-143847.0
artist,Libianca,3976019,TikTok_likes_daily,TikTok,global,,Q2_2024,net_change,305340.0,likes,105340.0,
artist,Libianca,3976019,TikTok_likes_daily,TikTok,global,,Q2_2025,net_change,248052.0,likes,191899.0,-57288.0
artist,Libianca,3976019,TikTok_likes_daily,TikTok,global,,Q3_2024,net_change,44175.0,likes,-261165.0,
artist,Libianca,3976019,TikTok_likes_daily,TikTok,global,,Q3_2025,net_change,1013158.0,likes,765106.0,968983.0
artist,Libianca,3976019,TikTok_likes_daily,TikTok,global,,Q4_2024,net_change,44175.0,likes,0.0,
artist,Libianca,3976019,TikTok_likes_daily,TikTok,global,,Q4_2025,net_change,286742.0,likes,-726416.0,242567.0
artist,Libianca,3976019,Twitter_followers_daily,Twitter,global,,Q1_2024,net_change,-6.0,followers,,
artist,Libianca,3976019,Twitter_followers_daily,Twitter,global,,Q1_2025,net_change,-197.0,followers,1.0,-191.0
artist,Libianca,3976019,Twitter_followers_daily,Twitter,global,,Q2_2024,net_change,372.0,followers,378.0,
artist,Libianca,3976019,Twitter_followers_daily,Twitter,global,,Q2_2025,net_change,-90.0,followers,107.0,-462.0
artist,Libianca,3976019,Twitter_followers_daily,Twitter,global,,Q3_2024,net_change,-110.0,followers,-482.0,
artist,Libianca,3976019,Twitter_followers_daily,Twitter,global,,Q3_2025,net_change,-91.0,followers,-1.0,19.0
artist,Libianca,3976019,Twitter_followers_daily,Twitter,global,,Q4_2024,net_change,-198.0,followers,-88.0,
artist,Libianca,3976019,Twitter_followers_daily,Twitter,global,,Q4_2025,net_change,-86.0,followers,5.0,112.0
artist,Libianca,3976019,Wikipedia_views_daily,Wikipedia,global,,Q1_2024,sum,5572.0,views,,
artist,Libianca,3976019,Wikipedia_views_daily,Wikipedia,global,,Q1_2025,sum,9961.0,views,-944.0,4389.0
artist,Libianca,3976019,Wikipedia_views_daily,Wikipedia,global,,Q2_2024,sum,17686.0,views,12114.0,
artist,Libianca,3976019,Wikipedia_views_daily,Wikipedia,global,,Q2_2025,sum,9393.0,views,-568.0,-8293.0
artist,Libianca,3976019,Wikipedia_views_daily,Wikipedia,global,,Q3_2024,sum,11483.0,views,-6203.0,
artist,Libianca,3976019,Wikipedia_views_daily,Wikipedia,global,,Q3_2025,sum,8548.0,views,-845.0,-2935.0
artist,Libianca,3976019,Wikipedia_views_daily,Wikipedia,global,,Q4_2024,sum,10905.0,views,-578.0,
artist,Libianca,3976019,Wikipedia_views_daily,Wikipedia,global,,Q4_2025,sum,7681.0,views,-867.0,-3224.0
artist,Libianca,3976019,YouTube_subscribers_daily,YouTube,global,,Q1_2024,net_change,55000.0,subscribers,,
artist,Libianca,3976019,YouTube_subscribers_daily,YouTube,global,,Q1_2025,net_change,37307.0,subscribers,-2877.0,-17693.0
artist,Libianca,3976019,YouTube_subscribers_daily,YouTube,global,,Q2_2024,net_change,40000.0,subscribers,-15000.0,
artist,Libianca,3976019,YouTube_subscribers_daily,YouTube,global,,Q2_2025,net_change,33462.0,subscribers,-3845.0,-6538.0
artist,Libianca,3976019,YouTube_subscribers_daily,YouTube,global,,Q3_2024,net_change,41304.0,subscribers,1304.0,
artist,Libianca,3976019,YouTube_subscribers_daily,YouTube,global,,Q3_2025,net_change,36868.0,subscribers,3406.0,-4436.0
artist,Libianca,3976019,YouTube_subscribers_daily,YouTube,global,,Q4_2024,net_change,40184.0,subscribers,-1120.0,
artist,Libianca,3976019,YouTube_subscribers_daily,YouTube,global,,Q4_2025,net_change,29206.0,subscribers,-7662.0,-10978.0
artist,Lyta,883219,Instagram_followers_daily,Instagram,global,,Q1_2024,net_change,8861.0,followers,,
artist,Lyta,883219,Instagram_followers_daily,Instagram,global,,Q1_2025,net_change,-68262.0,followers,-4531.0,-77123.0
artist,Lyta,883219,Instagram_followers_daily,Instagram,global,,Q2_2024,net_change,71057.0,followers,62196.0,
artist,Lyta,883219,Instagram_followers_daily,Instagram,global,,Q2_2025,net_change,-56135.0,followers,12127.0,-127192.0
artist,Lyta,883219,Instagram_followers_daily,Instagram,global,,Q3_2024,net_change,-75106.0,followers,-146163.0,
artist,Lyta,883219,Instagram_followers_daily,Instagram,global,,Q3_2025,net_change,-36469.0,followers,19666.0,38637.0
artist,Lyta,883219,Instagram_followers_daily,Instagram,global,,Q4_2024,net_change,-63731.0,followers,11375.0,
artist,Lyta,883219,Instagram_followers_daily,Instagram,global,,Q4_2025,net_change,-16242.0,followers,20227.0,47489.0
artist,Lyta,883219,Soundcloud_followers_daily,Soundcloud,global,,Q1_2024,net_change,110.0,followers,,
artist,Lyta,883219,Soundcloud_followers_daily,Soundcloud,global,,Q1_2025,net_change,0.0,followers,,-110.0
artist,Lyta,883219,Soundcloud_followers_daily,Soundcloud,global,,Q2_2024,net_change,42.0,followers,-68.0,
artist,Lyta,883219,Soundcloud_followers_daily,Soundcloud,global,,Q2_2025,net_change,0.0,followers,0.0,-42.0
artist,Lyta,883219,Soundcloud_followers_daily,Soundcloud,global,,Q4_2025,net_change,11.0,followers,,
artist,Lyta,883219,Spotify_followers_daily,Spotify,global,,Q1_2024,net_change,25812.0,followers,,
artist,Lyta,883219,Spotify_followers_daily,Spotify,global,,Q1_2025,net_change,13434.0,followers,-1668.0,-12378.0
artist,Lyta,883219,Spotify_followers_daily,Spotify,global,,Q2_2024,net_change,24674.0,followers,-1138.0,
artist,Lyta,883219,Spotify_followers_daily,Spotify,global,,Q2_2025,net_change,13639.0,followers,205.0,-11035.0
artist,Lyta,883219,Spotify_followers_daily,Spotify,global,,Q3_2024,net_change,14088.0,followers,-10586.0,
artist,Lyta,883219,Spotify_followers_daily,Spotify,global,,Q3_2025,net_change,13499.0,followers,-140.0,-589.0
artist,Lyta,883219,Spotify_followers_daily,Spotify,global,,Q4_2024,net_change,15102.0,followers,1014.0,
artist,Lyta,883219,Spotify_followers_daily,Spotify,global,,Q4_2025,net_change,20566.0,followers,7067.0,5464.0
artist,Lyta,883219,Spotify_monthly_listeners_daily,Spotify,global,,Q1_2024,net_change,-14904.0,listeners,,
artist,Lyta,883219,Spotify_monthly_listeners_daily,Spotify,global,,Q1_2025,net_change,23232.0,listeners,-37362.0,38136.0
artist,Lyta,883219,Spotify_monthly_listeners_daily,Spotify,global,,Q2_2024,net_change,-8949.0,listeners,5955.0,
artist,Lyta,883219,Spotify_monthly_listeners_daily,Spotify,global,,Q2_2025,net_change,67716.0,listeners,44484.0,76665.0
artist,Lyta,883219,Spotify_monthly_listeners_daily,Spotify,global,,Q3_2024,net_change,42984.0,listeners,51933.0,
artist,Lyta,883219,Spotify_monthly_listeners_daily,Spotify,global,,Q3_2025,net_change,20774.0,listeners,-46942.0,-22210.0
artist,Lyta,883219,Spotify_monthly_listeners_daily,Spotify,global,,Q4_2024,net_change,60594.0,listeners,17610.0,
artist,Lyta,883219,TikTok_followers_daily,TikTok,global,,Q1_2025,net_change,25.0,followers,-9575.0,
artist,Lyta,883219,TikTok_followers_daily,TikTok,global,,Q2_2024,net_change,16100.0,followers,,
artist,Lyta,883219,TikTok_followers_daily,TikTok,global,,Q2_2025,net_change,16683.0,followers,16658.0,583.0
artist,Lyta,883219,TikTok_followers_daily,TikTok,global,,Q3_2024,net_change,17350.0,followers,1250.0,
artist,Lyta,883219,TikTok_followers_daily,TikTok,global,,Q3_2025,net_change,8714.0,followers,-7969.0,-8636.0
artist,Lyta,883219,TikTok_followers_daily,TikTok,global,,Q4_2024,net_change,9600.0,followers,-7750.0,
artist,Lyta,883219,TikTok_followers_daily,TikTok,global,,Q4_2025,net_change,9919.0,followers,1205.0,319.0
artist,Lyta,883219,TikTok_likes_daily,TikTok,global,,Q1_2025,net_change,148110.0,likes,-33518.0,
artist,Lyta,883219,TikTok_likes_daily,TikTok,global,,Q2_2024,net_change,240454.0,likes,,
artist,Lyta,883219,TikTok_likes_daily,TikTok,global,,Q2_2025,net_change,381117.0,likes,233007.0,140663.0
artist,Lyta,883219,TikTok_likes_daily,TikTok,global,,Q3_2024,net_change,217054.0,likes,-23400.0,
artist,Lyta,883219,TikTok_likes_daily,TikTok,global,,Q3_2025,net_change,381152.0,likes,35.0,164098.0
artist,Lyta,883219,TikTok_likes_daily,TikTok,global,,Q4_2024,net_change,181628.0,likes,-35426.0,
artist,Lyta,883219,TikTok_likes_daily,TikTok,global,,Q4_2025,net_change,396021.0,likes,14869.0,214393.0
artist,Lyta,883219,Twitter_followers_daily,Twitter,global,,Q1_2024,net_change,-261.0,followers,,
artist,Lyta,883219,Twitter_followers_daily,Twitter,global,,Q1_2025,net_change,-1018.0,followers,104.0,-757.0
artist,Lyta,883219,Twitter_followers_daily,Twitter,global,,Q2_2024,net_change,-2204.0,followers,-1943.0,
artist,Lyta,883219,Twitter_followers_daily,Twitter,global,,Q2_2025,net_change,-682.0,followers,336.0,1522.0
artist,Lyta,883219,Twitter_followers_daily,Twitter,global,,Q3_2024,net_change,-1546.0,followers,658.0,
artist,Lyta,883219,Twitter_followers_daily,Twitter,global,,Q3_2025,net_change,-897.0,followers,-215.0,649.0
artist,Lyta,883219,Twitter_followers_daily,Twitter,global,,Q4_2024,net_change,-1122.0,followers,424.0,
artist,Lyta,883219,Twitter_followers_daily,Twitter,global,,Q4_2025,net_change,-948.0,followers,-51.0,174.0
artist,Lyta,883219,YouTube_subscribers_daily,YouTube,global,,Q1_2024,net_change,600.0,subscribers,,
artist,Lyta,883219,YouTube_subscribers_daily,YouTube,global,,Q1_2025,net_change,474.0,subscribers,-96.0,-126.0
artist,Lyta,883219,YouTube_subscribers_daily,YouTube,global,,Q2_2024,net_change,800.0,subscribers,200.0,
artist,Lyta,883219,YouTube_subscribers_daily,YouTube,global,,Q2_2025,net_change,658.0,subscribers,184.0,-142.0
artist,Lyta,883219,YouTube_subscribers_daily,YouTube,global,,Q3_2024,net_change,606.0,subscribers,-194.0,
artist,Lyta,883219,YouTube_subscribers_daily,YouTube,global,,Q3_2025,net_change,724.0,subscribers,66.0,118.0
artist,Lyta,883219,YouTube_subscribers_daily,YouTube,global,,Q4_2024,net_change,570.0,subscribers,-36.0,
artist,Lyta,883219,YouTube_subscribers_daily,YouTube,global,,Q4_2025,net_change,576.0,subscribers,-148.0,6.0
artist,M.I. Abaga,57275,Instagram_followers_daily,Instagram,global,,Q1_2024,net_change,6398.0,followers,,
artist,M.I. Abaga,57275,Instagram_followers_daily,Instagram,global,,Q1_2025,net_change,-13280.0,followers,6692.0,-19678.0
artist,M.I. Abaga,57275,Instagram_followers_daily,Instagram,global,,Q2_2024,net_change,-9226.0,followers,-15624.0,
artist,M.I. Abaga,57275,Instagram_followers_daily,Instagram,global,,Q2_2025,net_change,-9907.0,followers,3373.0,-681.0
artist,M.I. Abaga,57275,Instagram_followers_daily,Instagram,global,,Q3_2024,net_change,-33961.0,followers,-24735.0,
artist,M.I. Abaga,57275,Instagram_followers_daily,Instagram,global,,Q3_2025,net_change,-9056.0,followers,851.0,24905.0
artist,M.I. Abaga,57275,Instagram_followers_daily,Instagram,global,,Q4_2024,net_change,-19972.0,followers,13989.0,
artist,M.I. Abaga,57275,Instagram_followers_daily,Instagram,global,,Q4_2025,net_change,213.0,followers,9269.0,20185.0
artist,M.I. Abaga,57275,Spotify_followers_daily,Spotify,global,,Q1_2024,net_change,12605.0,followers,,
artist,M.I. Abaga,57275,Spotify_followers_daily,Spotify,global,,Q1_2025,net_change,4697.0,followers,1585.0,-7908.0
artist,M.I. Abaga,57275,Spotify_followers_daily,Spotify,global,,Q2_2024,net_change,12254.0,followers,-351.0,
artist,M.I. Abaga,57275,Spotify_followers_daily,Spotify,global,,Q2_2025,net_change,5369.0,followers,672.0,-6885.0
artist,M.I. Abaga,57275,Spotify_followers_daily,Spotify,global,,Q3_2024,net_change,6637.0,followers,-5617.0,
artist,M.I. Abaga,57275,Spotify_followers_daily,Spotify,global,,Q3_2025,net_change,4380.0,followers,-989.0,-2257.0
artist,M.I. Abaga,57275,Spotify_followers_daily,Spotify,global,,Q4_2024,net_change,3112.0,followers,-3525.0,
artist,M.I. Abaga,57275,Spotify_followers_daily,Spotify,global,,Q4_2025,net_change,5230.0,followers,850.0,2118.0
artist,M.I. Abaga,57275,Spotify_monthly_listeners_daily,Spotify,global,,Q1_2024,net_change,-493.0,listeners,,
artist,M.I. Abaga,57275,Spotify_monthly_listeners_daily,Spotify,global,,Q1_2025,net_change,14847.0,listeners,-23227.0,15340.0
artist,M.I. Abaga,57275,Spotify_monthly_listeners_daily,Spotify,global,,Q2_2024,net_change,5066.0,listeners,5559.0,
artist,M.I. Abaga,57275,Spotify_monthly_listeners_daily,Spotify,global,,Q3_2024,net_change,-6103.0,listeners,-11169.0,
artist,M.I. Abaga,57275,Spotify_monthly_listeners_daily,Spotify,global,,Q3_2025,net_change,29283.0,listeners,,35386.0
artist,M.I. Abaga,57275,Spotify_monthly_listeners_daily,Spotify,global,,Q4_2024,net_change,38074.0,listeners,44177.0,
artist,M.I. Abaga,57275,Spotify_monthly_listeners_daily,Spotify,global,,Q4_2025,net_change,-22291.0,listeners,-51574.0,-60365.0
artist,M.I. Abaga,57275,TikTok_followers_daily,TikTok,global,,Q1_2024,net_change,-100.0,followers,,
artist,M.I. Abaga,57275,TikTok_followers_daily,TikTok,global,,Q1_2025,net_change,-113.0,followers,-11.0,-13.0
artist,M.I. Abaga,57275,TikTok_followers_daily,TikTok,global,,Q2_2025,net_change,-116.0,followers,-3.0,
artist,M.I. Abaga,57275,TikTok_followers_daily,TikTok,global,,Q3_2024,net_change,-117.0,followers,,
artist,M.I. Abaga,57275,TikTok_followers_daily,TikTok,global,,Q3_2025,net_change,-55.0,followers,61.0,62.0
artist,M.I. Abaga,57275,TikTok_followers_daily,TikTok,global,,Q4_2024,net_change,-102.0,followers,15.0,
artist,M.I. Abaga,57275,TikTok_followers_daily,TikTok,global,,Q4_2025,net_change,-74.0,followers,-19.0,28.0
artist,M.I. Abaga,57275,TikTok_likes_daily,TikTok,global,,Q1_2024,net_change,200.0,likes,,
artist,M.I. Abaga,57275,TikTok_likes_daily,TikTok,global,,Q1_2025,net_change,116.0,likes,-66.0,-84.0
artist,M.I. Abaga,57275,TikTok_likes_daily,TikTok,global,,Q2_2024,net_change,0.0,likes,-200.0,
artist,M.I. Abaga,57275,TikTok_likes_daily,TikTok,global,,Q3_2024,net_change,224.0,likes,224.0,
artist,M.I. Abaga,57275,TikTok_likes_daily,TikTok,global,,Q3_2025,net_change,242.0,likes,,18.0
artist,M.I. Abaga,57275,TikTok_likes_daily,TikTok,global,,Q4_2024,net_change,182.0,likes,-42.0,
artist,M.I. Abaga,57275,TikTok_likes_daily,TikTok,global,,Q4_2025,net_change,268.0,likes,26.0,86.0
artist,M.I. Abaga,57275,Twitter_followers_daily,Twitter,global,,Q1_2024,net_change,-2009.0,followers,,
artist,M.I. Abaga,57275,Twitter_followers_daily,Twitter,global,,Q1_2025,net_change,-3873.0,followers,4568.0,-1864.0
artist,M.I. Abaga,57275,Twitter_followers_daily,Twitter,global,,Q2_2024,net_change,-18788.0,followers,-16779.0,
artist,M.I. Abaga,57275,Twitter_followers_daily,Twitter,global,,Q2_2025,net_change,-5382.0,followers,-1509.0,13406.0
artist,M.I. Abaga,57275,Twitter_followers_daily,Twitter,global,,Q3_2024,net_change,-13621.0,followers,5167.0,
artist,M.I. Abaga,57275,Twitter_followers_daily,Twitter,global,,Q3_2025,net_change,-7802.0,followers,-2420.0,5819.0
artist,M.I. Abaga,57275,Twitter_followers_daily,Twitter,global,,Q4_2024,net_change,-8441.0,followers,5180.0,
artist,M.I. Abaga,57275,Twitter_followers_daily,Twitter,global,,Q4_2025,net_change,-79248.0,followers,-71446.0,-70807.0
artist,M.I. Abaga,57275,Wikipedia_views_daily,Wikipedia,global,,Q1_2024,sum,4779.0,views,,
artist,M.I. Abaga,57275,Wikipedia_views_daily,Wikipedia,global,,Q1_2025,sum,4404.0,views,687.0,-375.0
artist,M.I. Abaga,57275,Wikipedia_views_daily,Wikipedia,global,,Q2_2024,sum,4299.0,views,-480.0,
artist,M.I. Abaga,57275,Wikipedia_views_daily,Wikipedia,global,,Q2_2025,sum,51899.0,views,47495.0,47600.0
artist,M.I. Abaga,57275,Wikipedia_views_daily,Wikipedia,global,,Q3_2024,sum,3394.0,views,-905.0,
artist,M.I. Abaga,57275,Wikipedia_views_daily,Wikipedia,global,,Q3_2025,sum,4525.0,views,-47374.0,1131.0
artist,M.I. Abaga,57275,Wikipedia_views_daily,Wikipedia,global,,Q4_2024,sum,3717.0,views,323.0,
artist,M.I. Abaga,57275,Wikipedia_views_daily,Wikipedia,global,,Q4_2025,sum,7258.0,views,2733.0,3541.0
artist,M.I. Abaga,57275,YouTube_subscribers_daily,YouTube,global,,Q1_2024,net_change,1600.0,subscribers,,
artist,M.I. Abaga,57275,YouTube_subscribers_daily,YouTube,global,,Q1_2025,net_change,1403.0,subscribers,328.0,-197.0
artist,M.I. Abaga,57275,YouTube_subscribers_daily,YouTube,global,,Q2_2024,net_change,900.0,subscribers,-700.0,
artist,M.I. Abaga,57275,YouTube_subscribers_daily,YouTube,global,,Q2_2025,net_change,1386.0,subscribers,-17.0,486.0
artist,M.I. Abaga,57275,YouTube_subscribers_daily,YouTube,global,,Q3_2024,net_change,1017.0,subscribers,117.0,
artist,M.I. Abaga,57275,YouTube_subscribers_daily,YouTube,global,,Q3_2025,net_change,1318.0,subscribers,-68.0,301.0
artist,M.I. Abaga,57275,YouTube_subscribers_daily,YouTube,global,,Q4_2024,net_change,1075.0,subscribers,58.0,
artist,M.I. Abaga,57275,YouTube_subscribers_daily,YouTube,global,,Q4_2025,net_change,825.0,subscribers,-493.0,-250.0
artist,Maleek Berry,5370,Bandsintown_followers_daily,Bandsintown,global,,Q1_2024,net_change,492.0,followers,,
artist,Maleek Berry,5370,Bandsintown_followers_daily,Bandsintown,global,,Q1_2025,net_change,785.0,followers,-265.0,293.0
artist,Maleek Berry,5370,Bandsintown_followers_daily,Bandsintown,global,,Q2_2024,net_change,653.0,followers,161.0,
artist,Maleek Berry,5370,Bandsintown_followers_daily,Bandsintown,global,,Q2_2025,net_change,1298.0,followers,513.0,645.0
artist,Maleek Berry,5370,Bandsintown_followers_daily,Bandsintown,global,,Q3_2024,net_change,573.0,followers,-80.0,
artist,Maleek Berry,5370,Bandsintown_followers_daily,Bandsintown,global,,Q3_2025,net_change,1257.0,followers,-41.0,684.0
artist,Maleek Berry,5370,Bandsintown_followers_daily,Bandsintown,global,,Q4_2024,net_change,1050.0,followers,477.0,
artist,Maleek Berry,5370,Bandsintown_followers_daily,Bandsintown,global,,Q4_2025,net_change,-35831.0,followers,-37088.0,-36881.0
artist,Maleek Berry,5370,Instagram_followers_daily,Instagram,global,,Q1_2024,net_change,-7358.0,followers,,
artist,Maleek Berry,5370,Instagram_followers_daily,Instagram,global,,Q1_2025,net_change,-15451.0,followers,1250.0,-8093.0
artist,Maleek Berry,5370,Instagram_followers_daily,Instagram,global,,Q2_2024,net_change,-9043.0,followers,-1685.0,
artist,Maleek Berry,5370,Instagram_followers_daily,Instagram,global,,Q2_2025,net_change,-6934.0,followers,8517.0,2109.0
artist,Maleek Berry,5370,Instagram_followers_daily,Instagram,global,,Q3_2024,net_change,-11665.0,followers,-2622.0,
artist,Maleek Berry,5370,Instagram_followers_daily,Instagram,global,,Q3_2025,net_change,-9827.0,followers,-2893.0,1838.0
artist,Maleek Berry,5370,Instagram_followers_daily,Instagram,global,,Q4_2024,net_change,-16701.0,followers,-5036.0,
artist,Maleek Berry,5370,Instagram_followers_daily,Instagram,global,,Q4_2025,net_change,-5583.0,followers,4244.0,11118.0
artist,Maleek Berry,5370,Soundcloud_followers_daily,Soundcloud,global,,Q1_2024,net_change,984.0,followers,,
artist,Maleek Berry,5370,Soundcloud_followers_daily,Soundcloud,global,,Q1_2025,net_change,16.0,followers,,-968.0
artist,Maleek Berry,5370,Soundcloud_followers_daily,Soundcloud,global,,Q2_2024,net_change,380.0,followers,-604.0,
artist,Maleek Berry,5370,Soundcloud_followers_daily,Soundcloud,global,,Q2_2025,net_change,278.0,followers,262.0,-102.0
artist,Maleek Berry,5370,Soundcloud_followers_daily,Soundcloud,global,,Q3_2024,net_change,0.0,followers,-380.0,
artist,Maleek Berry,5370,Soundcloud_followers_daily,Soundcloud,global,,Q3_2025,net_change,209.0,followers,-69.0,209.0
artist,Maleek Berry,5370,Soundcloud_followers_daily,Soundcloud,global,,Q4_2025,net_change,187.0,followers,-22.0,
artist,Maleek Berry,5370,Spotify_followers_daily,Spotify,global,,Q1_2024,net_change,12155.0,followers,,
artist,Maleek Berry,5370,Spotify_followers_daily,Spotify,global,,Q1_2025,net_change,3363.0,followers,-2332.0,-8792.0
artist,Maleek Berry,5370,Spotify_followers_daily,Spotify,global,,Q2_2025,net_change,7303.0,followers,3940.0,
artist,Maleek Berry,5370,Spotify_followers_daily,Spotify,global,,Q3_2024,net_change,9662.0,followers,,
artist,Maleek Berry,5370,Spotify_followers_daily,Spotify,global,,Q3_2025,net_change,4471.0,followers,-2832.0,-5191.0
artist,Maleek Berry,5370,Spotify_followers_daily,Spotify,global,,Q4_2024,net_change,5695.0,followers,-3967.0,
artist,Maleek Berry,5370,Spotify_followers_daily,Spotify,global,,Q4_2025,net_change,5920.0,followers,1449.0,225.0
artist,Maleek Berry,5370,Spotify_monthly_listeners_daily,Spotify,global,,Q1_2024,net_change,-192327.0,listeners,,
artist,Maleek Berry,5370,Spotify_monthly_listeners_daily,Spotify,global,,Q1_2025,net_change,-103140.0,listeners,-262529.0,89187.0
artist,Maleek Berry,5370,Spotify_monthly_listeners_daily,Spotify,global,,Q2_2024,net_change,91384.0,listeners,283711.0,
artist,Maleek Berry,5370,Spotify_monthly_listeners_daily,Spotify,global,,Q2_2025,net_change,125950.0,listeners,229090.0,34566.0
artist,Maleek Berry,5370,Spotify_monthly_listeners_daily,Spotify,global,,Q3_2024,net_change,264779.0,listeners,173395.0,
artist,Maleek Berry,5370,Spotify_monthly_listeners_daily,Spotify,global,,Q3_2025,net_change,-249393.0,listeners,-375343.0,-514172.0
artist,Maleek Berry,5370,Spotify_monthly_listeners_daily,Spotify,global,,Q4_2024,net_change,159389.0,listeners,-105390.0,
artist,Maleek Berry,5370,Spotify_monthly_listeners_daily,Spotify,global,,Q4_2025,net_change,-46490.0,listeners,202903.0,-205879.0
artist,Maleek Berry,5370,TikTok_followers_daily,TikTok,global,,Q1_2024,net_change,2900.0,followers,,
artist,Maleek Berry,5370,TikTok_followers_daily,TikTok,global,,Q1_2025,net_change,445.0,followers,-3455.0,-2455.0
artist,Maleek Berry,5370,TikTok_followers_daily,TikTok,global,,Q2_2024,net_change,400.0,followers,-2500.0,
artist,Maleek Berry,5370,TikTok_followers_daily,TikTok,global,,Q2_2025,net_change,7002.0,followers,6557.0,6602.0
artist,Maleek Berry,5370,TikTok_followers_daily,TikTok,global,,Q3_2024,net_change,9250.0,followers,8850.0,
artist,Maleek Berry,5370,TikTok_followers_daily,TikTok,global,,Q3_2025,net_change,8067.0,followers,1065.0,-1183.0
artist,Maleek Berry,5370,TikTok_followers_daily,TikTok,global,,Q4_2024,net_change,3900.0,followers,-5350.0,
artist,Maleek Berry,5370,TikTok_followers_daily,TikTok,global,,Q4_2025,net_change,489.0,followers,-7578.0,-3411.0
artist,Maleek Berry,5370,TikTok_likes_daily,TikTok,global,,Q1_2024,net_change,6300.0,likes,,
artist,Maleek Berry,5370,TikTok_likes_daily,TikTok,global,,Q1_2025,net_change,3025.0,likes,-31275.0,-3275.0
artist,Maleek Berry,5370,TikTok_likes_daily,TikTok,global,,Q2_2024,net_change,2200.0,likes,-4100.0,
artist,Maleek Berry,5370,TikTok_likes_daily,TikTok,global,,Q2_2025,net_change,88100.0,likes,85075.0,85900.0
artist,Maleek Berry,5370,TikTok_likes_daily,TikTok,global,,Q3_2024,net_change,54000.0,likes,51800.0,
artist,Maleek Berry,5370,TikTok_likes_daily,TikTok,global,,Q3_2025,net_change,314700.0,likes,226600.0,260700.0
artist,Maleek Berry,5370,TikTok_likes_daily,TikTok,global,,Q4_2024,net_change,34300.0,likes,-19700.0,
artist,Maleek Berry,5370,TikTok_likes_daily,TikTok,global,,Q4_2025,net_change,29050.0,likes,-285650.0,-5250.0
artist,Maleek Berry,5370,Twitter_followers_daily,Twitter,global,,Q1_2024,net_change,-443.0,followers,,
artist,Maleek Berry,5370,Twitter_followers_daily,Twitter,global,,Q1_2025,net_change,-1637.0,followers,-281.0,-1194.0
artist,Maleek Berry,5370,Twitter_followers_daily,Twitter,global,,Q2_2024,net_change,-4930.0,followers,-4487.0,
artist,Maleek Berry,5370,Twitter_followers_daily,Twitter,global,,Q2_2025,net_change,-420.0,followers,1217.0,4510.0
artist,Maleek Berry,5370,Twitter_followers_daily,Twitter,global,,Q3_2024,net_change,-1696.0,followers,3234.0,
artist,Maleek Berry,5370,Twitter_followers_daily,Twitter,global,,Q3_2025,net_change,-859.0,followers,-439.0,837.0
artist,Maleek Berry,5370,Twitter_followers_daily,Twitter,global,,Q4_2024,net_change,-1356.0,followers,340.0,
artist,Maleek Berry,5370,Twitter_followers_daily,Twitter,global,,Q4_2025,net_change,-6982.0,followers,-6123.0,-5626.0
artist,Maleek Berry,5370,Wikipedia_views_daily,Wikipedia,global,,Q1_2024,sum,4578.0,views,,
artist,Maleek Berry,5370,Wikipedia_views_daily,Wikipedia,global,,Q1_2025,sum,3693.0,views,-1352.0,-885.0
artist,Maleek Berry,5370,Wikipedia_views_daily,Wikipedia,global,,Q2_2024,sum,4198.0,views,-380.0,
artist,Maleek Berry,5370,Wikipedia_views_daily,Wikipedia,global,,Q2_2025,sum,5521.0,views,1828.0,1323.0
artist,Maleek Berry,5370,Wikipedia_views_daily,Wikipedia,global,,Q3_2024,sum,5410.0,views,1212.0,
artist,Maleek Berry,5370,Wikipedia_views_daily,Wikipedia,global,,Q3_2025,sum,3590.0,views,-1931.0,-1820.0
artist,Maleek Berry,5370,Wikipedia_views_daily,Wikipedia,global,,Q4_2024,sum,5045.0,views,-365.0,
artist,Maleek Berry,5370,Wikipedia_views_daily,Wikipedia,global,,Q4_2025,sum,3406.0,views,-184.0,-1639.0
artist,Maleek Berry,5370,YouTube_subscribers_daily,YouTube,global,,Q1_2024,net_change,3000.0,subscribers,,
artist,Maleek Berry,5370,YouTube_subscribers_daily,YouTube,global,,Q1_2025,net_change,4456.0,subscribers,-4058.0,1456.0
artist,Maleek Berry,5370,YouTube_subscribers_daily,YouTube,global,,Q2_2024,net_change,3000.0,subscribers,0.0,
artist,Maleek Berry,5370,YouTube_subscribers_daily,YouTube,global,,Q2_2025,net_change,7287.0,subscribers,2831.0,4287.0
artist,Maleek Berry,5370,YouTube_subscribers_daily,YouTube,global,,Q3_2024,net_change,8250.0,subscribers,5250.0,
artist,Maleek Berry,5370,YouTube_subscribers_daily,YouTube,global,,Q3_2025,net_change,9682.0,subscribers,2395.0,1432.0
artist,Maleek Berry,5370,YouTube_subscribers_daily,YouTube,global,,Q4_2024,net_change,8514.0,subscribers,264.0,
artist,Maleek Berry,5370,YouTube_subscribers_daily,YouTube,global,,Q4_2025,net_change,3200.0,subscribers,-6482.0,-5314.0
artist,Mannywellz,260858,Bandsintown_followers_daily,Bandsintown,global,,Q1_2024,net_change,352.0,followers,,
artist,Mannywellz,260858,Bandsintown_followers_daily,Bandsintown,global,,Q1_2025,net_change,752.0,followers,-135.0,400.0
artist,Mannywellz,260858,Bandsintown_followers_daily,Bandsintown,global,,Q2_2024,net_change,499.0,followers,147.0,
artist,Mannywellz,260858,Bandsintown_followers_daily,Bandsintown,global,,Q2_2025,net_change,-7466.0,followers,-8218.0,-7965.0
artist,Mannywellz,260858,Bandsintown_followers_daily,Bandsintown,global,,Q3_2024,net_change,731.0,followers,232.0,
artist,Mannywellz,260858,Bandsintown_followers_daily,Bandsintown,global,,Q3_2025,net_change,1034.0,followers,8500.0,303.0
artist,Mannywellz,260858,Bandsintown_followers_daily,Bandsintown,global,,Q4_2024,net_change,887.0,followers,156.0,
artist,Mannywellz,260858,Bandsintown_followers_daily,Bandsintown,global,,Q4_2025,net_change,465.0,followers,-569.0,-422.0
artist,Mannywellz,260858,Instagram_followers_daily,Instagram,global,,Q1_2024,net_change,5166.0,followers,,
artist,Mannywellz,260858,Instagram_followers_daily,Instagram,global,,Q1_2025,net_change,35171.0,followers,23269.0,30005.0
artist,Mannywellz,260858,Instagram_followers_daily,Instagram,global,,Q2_2024,net_change,-6751.0,followers,-11917.0,
artist,Mannywellz,260858,Instagram_followers_daily,Instagram,global,,Q2_2025,net_change,5679.0,followers,-29492.0,12430.0
artist,Mannywellz,260858,Instagram_followers_daily,Instagram,global,,Q3_2024,net_change,15457.0,followers,22208.0,
artist,Mannywellz,260858,Instagram_followers_daily,Instagram,global,,Q3_2025,net_change,8014.0,followers,2335.0,-7443.0
artist,Mannywellz,260858,Instagram_followers_daily,Instagram,global,,Q4_2024,net_change,11902.0,followers,-3555.0,
artist,Mannywellz,260858,Instagram_followers_daily,Instagram,global,,Q4_2025,net_change,2175.0,followers,-5839.0,-9727.0
artist,Mannywellz,260858,Soundcloud_followers_daily,Soundcloud,global,,Q1_2024,net_change,402.0,followers,,
artist,Mannywellz,260858,Soundcloud_followers_daily,Soundcloud,global,,Q2_2024,net_change,165.0,followers,-237.0,
artist,Mannywellz,260858,Soundcloud_followers_daily,Soundcloud,global,,Q2_2025,net_change,45.0,followers,,-120.0
artist,Mannywellz,260858,Soundcloud_followers_daily,Soundcloud,global,,Q3_2024,net_change,263.0,followers,98.0,
artist,Mannywellz,260858,Soundcloud_followers_daily,Soundcloud,global,,Q3_2025,net_change,118.0,followers,73.0,-145.0
artist,Mannywellz,260858,Soundcloud_followers_daily,Soundcloud,global,,Q4_2024,net_change,201.0,followers,-62.0,
artist,Mannywellz,260858,Soundcloud_followers_daily,Soundcloud,global,,Q4_2025,net_change,141.0,followers,23.0,-60.0
artist,Mannywellz,260858,Spotify_followers_daily,Spotify,global,,Q1_2024,net_change,4407.0,followers,,
artist,Mannywellz,260858,Spotify_followers_daily,Spotify,global,,Q1_2025,net_change,8157.0,followers,1288.0,3750.0
artist,Mannywellz,260858,Spotify_followers_daily,Spotify,global,,Q2_2024,net_change,3689.0,followers,-718.0,
artist,Mannywellz,260858,Spotify_followers_daily,Spotify,global,,Q2_2025,net_change,3534.0,followers,-4623.0,-155.0
artist,Mannywellz,260858,Spotify_followers_daily,Spotify,global,,Q3_2024,net_change,12135.0,followers,8446.0,
artist,Mannywellz,260858,Spotify_followers_daily,Spotify,global,,Q3_2025,net_change,5775.0,followers,2241.0,-6360.0
artist,Mannywellz,260858,Spotify_followers_daily,Spotify,global,,Q4_2024,net_change,6869.0,followers,-5266.0,
artist,Mannywellz,260858,Spotify_followers_daily,Spotify,global,,Q4_2025,net_change,7895.0,followers,2120.0,1026.0
artist,Mannywellz,260858,Spotify_monthly_listeners_daily,Spotify,global,,Q1_2024,net_change,-139708.0,listeners,,
artist,Mannywellz,260858,Spotify_monthly_listeners_daily,Spotify,global,,Q1_2025,net_change,-25971.0,listeners,87811.0,113737.0
artist,Mannywellz,260858,Spotify_monthly_listeners_daily,Spotify,global,,Q2_2024,net_change,-30089.0,listeners,109619.0,
artist,Mannywellz,260858,Spotify_monthly_listeners_daily,Spotify,global,,Q3_2024,net_change,254462.0,listeners,284551.0,
artist,Mannywellz,260858,Spotify_monthly_listeners_daily,Spotify,global,,Q3_2025,net_change,15793.0,listeners,,-238669.0
artist,Mannywellz,260858,Spotify_monthly_listeners_daily,Spotify,global,,Q4_2024,net_change,-113782.0,listeners,-368244.0,
artist,Mannywellz,260858,TikTok_followers_daily,TikTok,global,,Q1_2024,net_change,7500.0,followers,,
artist,Mannywellz,260858,TikTok_followers_daily,TikTok,global,,Q1_2025,net_change,45700.0,followers,26100.0,38200.0
artist,Mannywellz,260858,TikTok_followers_daily,TikTok,global,,Q2_2024,net_change,32600.0,followers,25100.0,
artist,Mannywellz,260858,TikTok_followers_daily,TikTok,global,,Q2_2025,net_change,-4175.0,followers,-49875.0,-36775.0
artist,Mannywellz,260858,TikTok_followers_daily,TikTok,global,,Q3_2024,net_change,155900.0,followers,123300.0,
artist,Mannywellz,260858,TikTok_followers_daily,TikTok,global,,Q3_2025,net_change,6900.0,followers,11075.0,-149000.0
artist,Mannywellz,260858,TikTok_followers_daily,TikTok,global,,Q4_2024,net_change,19600.0,followers,-136300.0,
artist,Mannywellz,260858,TikTok_followers_daily,TikTok,global,,Q4_2025,net_change,-880.0,followers,-7780.0,-20480.0
artist,Mannywellz,260858,TikTok_likes_daily,TikTok,global,,Q1_2024,net_change,300000.0,likes,,
artist,Mannywellz,260858,TikTok_likes_daily,TikTok,global,,Q1_2025,net_change,1444553.0,likes,364195.0,1144553.0
artist,Mannywellz,260858,TikTok_likes_daily,TikTok,global,,Q2_2024,net_change,700000.0,likes,400000.0,
artist,Mannywellz,260858,TikTok_likes_daily,TikTok,global,,Q2_2025,net_change,235072.0,likes,-1209481.0,-464928.0
artist,Mannywellz,260858,TikTok_likes_daily,TikTok,global,,Q3_2024,net_change,3650000.0,likes,2950000.0,
artist,Mannywellz,260858,TikTok_likes_daily,TikTok,global,,Q3_2025,net_change,857692.0,likes,622620.0,-2792308.0
artist,Mannywellz,260858,TikTok_likes_daily,TikTok,global,,Q4_2024,net_change,1080358.0,likes,-2569642.0,
artist,Mannywellz,260858,TikTok_likes_daily,TikTok,global,,Q4_2025,net_change,515715.0,likes,-341977.0,-564643.0
artist,Mannywellz,260858,Twitter_followers_daily,Twitter,global,,Q1_2024,net_change,-10.0,followers,,
artist,Mannywellz,260858,Twitter_followers_daily,Twitter,global,,Q1_2025,net_change,-48.0,followers,-130.0,-38.0
artist,Mannywellz,260858,Twitter_followers_daily,Twitter,global,,Q2_2024,net_change,100.0,followers,110.0,
artist,Mannywellz,260858,Twitter_followers_daily,Twitter,global,,Q2_2025,net_change,-128.0,followers,-80.0,-228.0
artist,Mannywellz,260858,Twitter_followers_daily,Twitter,global,,Q3_2024,net_change,452.0,followers,352.0,
artist,Mannywellz,260858,Twitter_followers_daily,Twitter,global,,Q3_2025,net_change,-7.0,followers,121.0,-459.0
artist,Mannywellz,260858,Twitter_followers_daily,Twitter,global,,Q4_2024,net_change,82.0,followers,-370.0,
artist,Mannywellz,260858,Twitter_followers_daily,Twitter,global,,Q4_2025,net_change,-207.0,followers,-200.0,-289.0
artist,Mannywellz,260858,YouTube_subscribers_daily,YouTube,global,,Q1_2024,net_change,1900.0,subscribers,,
artist,Mannywellz,260858,YouTube_subscribers_daily,YouTube,global,,Q1_2025,net_change,4083.0,subscribers,233.0,2183.0
artist,Mannywellz,260858,YouTube_subscribers_daily,YouTube,global,,Q2_2024,net_change,1400.0,subscribers,-500.0,
artist,Mannywellz,260858,YouTube_subscribers_daily,YouTube,global,,Q2_2025,net_change,2090.0,subscribers,-1993.0,690.0
artist,Mannywellz,260858,YouTube_subscribers_daily,YouTube,global,,Q3_2024,net_change,4025.0,subscribers,2625.0,
artist,Mannywellz,260858,YouTube_subscribers_daily,YouTube,global,,Q3_2025,net_change,2104.0,subscribers,14.0,-1921.0
artist,Mannywellz,260858,YouTube_subscribers_daily,YouTube,global,,Q4_2024,net_change,3850.0,subscribers,-175.0,
artist,Mannywellz,260858,YouTube_subscribers_daily,YouTube,global,,Q4_2025,net_change,2945.0,subscribers,841.0,-905.0
artist,Mr Real,818502,Instagram_followers_daily,Instagram,global,,Q1_2024,net_change,-7199.0,followers,,
artist,Mr Real,818502,Instagram_followers_daily,Instagram,global,,Q1_2025,net_change,-12309.0,followers,6488.0,-5110.0
artist,Mr Real,818502,Instagram_followers_daily,Instagram,global,,Q2_2024,net_change,-5815.0,followers,1384.0,
artist,Mr Real,818502,Instagram_followers_daily,Instagram,global,,Q2_2025,net_change,-12400.0,followers,-91.0,-6585.0
artist,Mr Real,818502,Instagram_followers_daily,Instagram,global,,Q3_2024,net_change,-31515.0,followers,-25700.0,
artist,Mr Real,818502,Instagram_followers_daily,Instagram,global,,Q4_2024,net_change,-18797.0,followers,12718.0,
artist,Mr Real,818502,Instagram_followers_daily,Instagram,global,,Q4_2025,net_change,0.0,followers,,18797.0
artist,Mr Real,818502,Spotify_followers_daily,Spotify,global,,Q1_2024,net_change,1120.0,followers,,
artist,Mr Real,818502,Spotify_followers_daily,Spotify,global,,Q1_2025,net_change,529.0,followers,136.0,-591.0
artist,Mr Real,818502,Spotify_followers_daily,Spotify,global,,Q2_2024,net_change,1862.0,followers,742.0,
artist,Mr Real,818502,Spotify_followers_daily,Spotify,global,,Q2_2025,net_change,476.0,followers,-53.0,-1386.0
artist,Mr Real,818502,Spotify_followers_daily,Spotify,global,,Q3_2024,net_change,1121.0,followers,-741.0,
artist,Mr Real,818502,Spotify_followers_daily,Spotify,global,,Q3_2025,net_change,666.0,followers,190.0,-455.0
artist,Mr Real,818502,Spotify_followers_daily,Spotify,global,,Q4_2024,net_change,393.0,followers,-728.0,
artist,Mr Real,818502,Spotify_followers_daily,Spotify,global,,Q4_2025,net_change,1181.0,followers,515.0,788.0
artist,Mr Real,818502,Spotify_monthly_listeners_daily,Spotify,global,,Q1_2024,net_change,495.0,listeners,,
artist,Mr Real,818502,Spotify_monthly_listeners_daily,Spotify,global,,Q1_2025,net_change,7582.0,listeners,1640.0,7087.0
artist,Mr Real,818502,Spotify_monthly_listeners_daily,Spotify,global,,Q2_2024,net_change,19336.0,listeners,18841.0,
artist,Mr Real,818502,Spotify_monthly_listeners_daily,Spotify,global,,Q2_2025,net_change,1535.0,listeners,-6047.0,-17801.0
artist,Mr Real,818502,Spotify_monthly_listeners_daily,Spotify,global,,Q3_2024,net_change,-10753.0,listeners,-30089.0,
artist,Mr Real,818502,Spotify_monthly_listeners_daily,Spotify,global,,Q3_2025,net_change,-1656.0,listeners,-3191.0,9097.0
artist,Mr Real,818502,Spotify_monthly_listeners_daily,Spotify,global,,Q4_2024,net_change,5942.0,listeners,16695.0,
artist,Mr Real,818502,Spotify_monthly_listeners_daily,Spotify,global,,Q4_2025,net_change,7908.0,listeners,9564.0,1966.0
artist,Mr Real,818502,Wikipedia_views_daily,Wikipedia,global,,Q1_2024,sum,1006.0,views,,
artist,Mr Real,818502,Wikipedia_views_daily,Wikipedia,global,,Q1_2025,sum,836.0,views,21.0,-170.0
artist,Mr Real,818502,Wikipedia_views_daily,Wikipedia,global,,Q2_2024,sum,901.0,views,-105.0,
artist,Mr Real,818502,Wikipedia_views_daily,Wikipedia,global,,Q2_2025,sum,1160.0,views,324.0,259.0
artist,Mr Real,818502,Wikipedia_views_daily,Wikipedia,global,,Q3_2024,sum,959.0,views,58.0,
artist,Mr Real,818502,Wikipedia_views_daily,Wikipedia,global,,Q3_2025,sum,883.0,views,-277.0,-76.0
artist,Mr Real,818502,Wikipedia_views_daily,Wikipedia,global,,Q4_2024,sum,815.0,views,-144.0,
artist,Mr Real,818502,Wikipedia_views_daily,Wikipedia,global,,Q4_2025,sum,1701.0,views,818.0,886.0
artist,Naeto C,429240,Instagram_followers_daily,Instagram,global,,Q1_2024,net_change,-1050.0,followers,,
artist,Naeto C,429240,Instagram_followers_daily,Instagram,global,,Q1_2025,net_change,-1463.0,followers,2892.0,-413.0
artist,Naeto C,429240,Instagram_followers_daily,Instagram,global,,Q2_2024,net_change,-2035.0,followers,-985.0,
artist,Naeto C,429240,Instagram_followers_daily,Instagram,global,,Q2_2025,net_change,-1577.0,followers,-114.0,458.0
artist,Naeto C,429240,Instagram_followers_daily,Instagram,global,,Q3_2024,net_change,-7629.0,followers,-5594.0,
artist,Naeto C,429240,Instagram_followers_daily,Instagram,global,,Q4_2024,net_change,-4355.0,followers,3274.0,
artist,Naeto C,429240,Instagram_followers_daily,Instagram,global,,Q4_2025,net_change,0.0,followers,,4355.0
artist,Naeto C,429240,Soundcloud_followers_daily,Soundcloud,global,,Q1_2024,net_change,-14.0,followers,,
artist,Naeto C,429240,Soundcloud_followers_daily,Soundcloud,global,,Q1_2025,net_change,0.0,followers,,14.0
artist,Naeto C,429240,Soundcloud_followers_daily,Soundcloud,global,,Q2_2024,net_change,-1.0,followers,13.0,
artist,Naeto C,429240,Soundcloud_followers_daily,Soundcloud,global,,Q2_2025,net_change,1.0,followers,1.0,2.0
artist,Naeto C,429240,Soundcloud_followers_daily,Soundcloud,global,,Q3_2024,net_change,0.0,followers,1.0,
artist,Naeto C,429240,Soundcloud_followers_daily,Soundcloud,global,,Q3_2025,net_change,0.0,followers,-1.0,0.0
artist,Naeto C,429240,Soundcloud_followers_daily,Soundcloud,global,,Q4_2025,net_change,0.0,followers,0.0,
artist,Naeto C,429240,Spotify_followers_daily,Spotify,global,,Q1_2024,net_change,3157.0,followers,,
artist,Naeto C,429240,Spotify_followers_daily,Spotify,global,,Q1_2025,net_change,2327.0,followers,104.0,-830.0
artist,Naeto C,429240,Spotify_followers_daily,Spotify,global,,Q2_2024,net_change,3644.0,followers,487.0,
artist,Naeto C,429240,Spotify_followers_daily,Spotify,global,,Q2_2025,net_change,3003.0,followers,676.0,-641.0
artist,Naeto C,429240,Spotify_followers_daily,Spotify,global,,Q3_2024,net_change,1997.0,followers,-1647.0,
artist,Naeto C,429240,Spotify_followers_daily,Spotify,global,,Q3_2025,net_change,2797.0,followers,-206.0,800.0
artist,Naeto C,429240,Spotify_followers_daily,Spotify,global,,Q4_2024,net_change,2223.0,followers,226.0,
artist,Naeto C,429240,Spotify_followers_daily,Spotify,global,,Q4_2025,net_change,2248.0,followers,-549.0,25.0
artist,Naeto C,429240,Spotify_monthly_listeners_daily,Spotify,global,,Q1_2024,net_change,10036.0,listeners,,
artist,Naeto C,429240,Spotify_monthly_listeners_daily,Spotify,global,,Q2_2024,net_change,2739.0,listeners,-7297.0,
artist,Naeto C,429240,Spotify_monthly_listeners_daily,Spotify,global,,Q2_2025,net_change,11221.0,listeners,,8482.0
artist,Naeto C,429240,Spotify_monthly_listeners_daily,Spotify,global,,Q3_2024,net_change,-17265.0,listeners,-20004.0,
artist,Naeto C,429240,Spotify_monthly_listeners_daily,Spotify,global,,Q3_2025,net_change,15459.0,listeners,4238.0,32724.0
artist,Naeto C,429240,Spotify_monthly_listeners_daily,Spotify,global,,Q4_2024,net_change,4411.0,listeners,21676.0,
artist,Naeto C,429240,Wikipedia_views_daily,Wikipedia,global,,Q1_2024,sum,4627.0,views,,
artist,Naeto C,429240,Wikipedia_views_daily,Wikipedia,global,,Q1_2025,sum,3408.0,views,204.0,-1219.0
artist,Naeto C,429240,Wikipedia_views_daily,Wikipedia,global,,Q2_2024,sum,4340.0,views,-287.0,
artist,Naeto C,429240,Wikipedia_views_daily,Wikipedia,global,,Q2_2025,sum,5975.0,views,2567.0,1635.0
artist,Naeto C,429240,Wikipedia_views_daily,Wikipedia,global,,Q3_2024,sum,3025.0,views,-1315.0,
artist,Naeto C,429240,Wikipedia_views_daily,Wikipedia,global,,Q3_2025,sum,4272.0,views,-1703.0,1247.0
artist,Naeto C,429240,Wikipedia_views_daily,Wikipedia,global,,Q4_2024,sum,3204.0,views,179.0,
artist,Naeto C,429240,Wikipedia_views_daily,Wikipedia,global,,Q4_2025,sum,4404.0,views,132.0,1200.0
artist,Nonso Amadi,485812,Bandsintown_followers_daily,Bandsintown,global,,Q1_2024,net_change,184.0,followers,,
artist,Nonso Amadi,485812,Bandsintown_followers_daily,Bandsintown,global,,Q1_2025,net_change,264.0,followers,-104.0,80.0
artist,Nonso Amadi,485812,Bandsintown_followers_daily,Bandsintown,global,,Q2_2024,net_change,225.0,followers,41.0,
artist,Nonso Amadi,485812,Bandsintown_followers_daily,Bandsintown,global,,Q2_2025,net_change,443.0,followers,179.0,218.0
artist,Nonso Amadi,485812,Bandsintown_followers_daily,Bandsintown,global,,Q3_2024,net_change,166.0,followers,-59.0,
artist,Nonso Amadi,485812,Bandsintown_followers_daily,Bandsintown,global,,Q3_2025,net_change,488.0,followers,45.0,322.0
artist,Nonso Amadi,485812,Bandsintown_followers_daily,Bandsintown,global,,Q4_2024,net_change,368.0,followers,202.0,
artist,Nonso Amadi,485812,Bandsintown_followers_daily,Bandsintown,global,,Q4_2025,net_change,241.0,followers,-247.0,-127.0
artist,Nonso Amadi,485812,Instagram_followers_daily,Instagram,global,,Q1_2024,net_change,-931.0,followers,,
artist,Nonso Amadi,485812,Instagram_followers_daily,Instagram,global,,Q1_2025,net_change,-3213.0,followers,804.0,-2282.0
artist,Nonso Amadi,485812,Instagram_followers_daily,Instagram,global,,Q2_2024,net_change,-1907.0,followers,-976.0,
artist,Nonso Amadi,485812,Instagram_followers_daily,Instagram,global,,Q2_2025,net_change,-2943.0,followers,270.0,-1036.0
artist,Nonso Amadi,485812,Instagram_followers_daily,Instagram,global,,Q3_2024,net_change,-5567.0,followers,-3660.0,
artist,Nonso Amadi,485812,Instagram_followers_daily,Instagram,global,,Q3_2025,net_change,-1394.0,followers,1549.0,4173.0
artist,Nonso Amadi,485812,Instagram_followers_daily,Instagram,global,,Q4_2024,net_change,-4017.0,followers,1550.0,
artist,Nonso Amadi,485812,Instagram_followers_daily,Instagram,global,,Q4_2025,net_change,-788.0,followers,606.0,3229.0
artist,Nonso Amadi,485812,Soundcloud_followers_daily,Soundcloud,global,,Q1_2024,net_change,127.0,followers,,
artist,Nonso Amadi,485812,Soundcloud_followers_daily,Soundcloud,global,,Q1_2025,net_change,20.0,followers,-24.0,-107.0
artist,Nonso Amadi,485812,Soundcloud_followers_daily,Soundcloud,global,,Q2_2024,net_change,44.0,followers,-83.0,
artist,Nonso Amadi,485812,Soundcloud_followers_daily,Soundcloud,global,,Q2_2025,net_change,21.0,followers,1.0,-23.0
artist,Nonso Amadi,485812,Soundcloud_followers_daily,Soundcloud,global,,Q3_2024,net_change,8.0,followers,-36.0,
artist,Nonso Amadi,485812,Soundcloud_followers_daily,Soundcloud,global,,Q3_2025,net_change,40.0,followers,19.0,32.0
artist,Nonso Amadi,485812,Soundcloud_followers_daily,Soundcloud,global,,Q4_2024,net_change,44.0,followers,36.0,
artist,Nonso Amadi,485812,Soundcloud_followers_daily,Soundcloud,global,,Q4_2025,net_change,44.0,followers,4.0,0.0
artist,Nonso Amadi,485812,Spotify_followers_daily,Spotify,global,,Q1_2024,net_change,10692.0,followers,,
artist,Nonso Amadi,485812,Spotify_followers_daily,Spotify,global,,Q1_2025,net_change,1515.0,followers,274.0,-9177.0
artist,Nonso Amadi,485812,Spotify_followers_daily,Spotify,global,,Q2_2024,net_change,9347.0,followers,-1345.0,
artist,Nonso Amadi,485812,Spotify_followers_daily,Spotify,global,,Q2_2025,net_change,1161.0,followers,-354.0,-8186.0
artist,Nonso Amadi,485812,Spotify_followers_daily,Spotify,global,,Q3_2024,net_change,4240.0,followers,-5107.0,
artist,Nonso Amadi,485812,Spotify_followers_daily,Spotify,global,,Q3_2025,net_change,1528.0,followers,367.0,-2712.0
artist,Nonso Amadi,485812,Spotify_followers_daily,Spotify,global,,Q4_2024,net_change,1241.0,followers,-2999.0,
artist,Nonso Amadi,485812,Spotify_followers_daily,Spotify,global,,Q4_2025,net_change,3319.0,followers,1791.0,2078.0
artist,Nonso Amadi,485812,Spotify_monthly_listeners_daily,Spotify,global,,Q1_2024,net_change,-77003.0,listeners,,
artist,Nonso Amadi,485812,Spotify_monthly_listeners_daily,Spotify,global,,Q1_2025,net_change,-32423.0,listeners,92234.0,44580.0
artist,Nonso Amadi,485812,Spotify_monthly_listeners_daily,Spotify,global,,Q2_2024,net_change,110553.0,listeners,187556.0,
artist,Nonso Amadi,485812,Spotify_monthly_listeners_daily,Spotify,global,,Q3_2024,net_change,-148426.0,listeners,-258979.0,
artist,Nonso Amadi,485812,Spotify_monthly_listeners_daily,Spotify,global,,Q3_2025,net_change,169175.0,listeners,,317601.0
artist,Nonso Amadi,485812,Spotify_monthly_listeners_daily,Spotify,global,,Q4_2024,net_change,-124657.0,listeners,23769.0,
artist,Nonso Amadi,485812,Spotify_monthly_listeners_daily,Spotify,global,,Q4_2025,net_change,-34288.0,listeners,-203463.0,90369.0
artist,Nonso Amadi,485812,TikTok_followers_daily,TikTok,global,,Q1_2024,net_change,200.0,followers,,
artist,Nonso Amadi,485812,TikTok_followers_daily,TikTok,global,,Q1_2025,net_change,-4.0,followers,-178.0,-204.0
artist,Nonso Amadi,485812,TikTok_followers_daily,TikTok,global,,Q2_2024,net_change,315.0,followers,115.0,
artist,Nonso Amadi,485812,TikTok_followers_daily,TikTok,global,,Q2_2025,net_change,77.0,followers,81.0,-238.0
artist,Nonso Amadi,485812,TikTok_followers_daily,TikTok,global,,Q3_2024,net_change,163.0,followers,-152.0,
artist,Nonso Amadi,485812,TikTok_followers_daily,TikTok,global,,Q3_2025,net_change,17544.0,followers,17467.0,17381.0
artist,Nonso Amadi,485812,TikTok_followers_daily,TikTok,global,,Q4_2024,net_change,174.0,followers,11.0,
artist,Nonso Amadi,485812,TikTok_followers_daily,TikTok,global,,Q4_2025,net_change,9189.0,followers,-8355.0,9015.0
artist,Nonso Amadi,485812,TikTok_likes_daily,TikTok,global,,Q1_2024,net_change,1500.0,likes,,
artist,Nonso Amadi,485812,TikTok_likes_daily,TikTok,global,,Q1_2025,net_change,1063.0,likes,-390.0,-437.0
artist,Nonso Amadi,485812,TikTok_likes_daily,TikTok,global,,Q2_2024,net_change,1100.0,likes,-400.0,
artist,Nonso Amadi,485812,TikTok_likes_daily,TikTok,global,,Q2_2025,net_change,735.0,likes,-328.0,-365.0
artist,Nonso Amadi,485812,TikTok_likes_daily,TikTok,global,,Q3_2024,net_change,941.0,likes,-159.0,
artist,Nonso Amadi,485812,TikTok_likes_daily,TikTok,global,,Q3_2025,net_change,1397230.0,likes,1396495.0,1396289.0
artist,Nonso Amadi,485812,TikTok_likes_daily,TikTok,global,,Q4_2024,net_change,1453.0,likes,512.0,
artist,Nonso Amadi,485812,TikTok_likes_daily,TikTok,global,,Q4_2025,net_change,523214.0,likes,-874016.0,521761.0
artist,Nonso Amadi,485812,Twitter_followers_daily,Twitter,global,,Q1_2024,net_change,251.0,followers,,
artist,Nonso Amadi,485812,Twitter_followers_daily,Twitter,global,,Q1_2025,net_change,1181.0,followers,-160.0,930.0
artist,Nonso Amadi,485812,Twitter_followers_daily,Twitter,global,,Q2_2024,net_change,2225.0,followers,1974.0,
artist,Nonso Amadi,485812,Twitter_followers_daily,Twitter,global,,Q2_2025,net_change,191.0,followers,-990.0,-2034.0
artist,Nonso Amadi,485812,Twitter_followers_daily,Twitter,global,,Q3_2024,net_change,1178.0,followers,-1047.0,
artist,Nonso Amadi,485812,Twitter_followers_daily,Twitter,global,,Q3_2025,net_change,-356.0,followers,-547.0,-1534.0
artist,Nonso Amadi,485812,Twitter_followers_daily,Twitter,global,,Q4_2024,net_change,1341.0,followers,163.0,
artist,Nonso Amadi,485812,Twitter_followers_daily,Twitter,global,,Q4_2025,net_change,457.0,followers,813.0,-884.0
artist,Nonso Amadi,485812,Wikipedia_views_daily,Wikipedia,global,,Q1_2024,sum,3453.0,views,,
artist,Nonso Amadi,485812,Wikipedia_views_daily,Wikipedia,global,,Q1_2025,sum,2162.0,views,189.0,-1291.0
artist,Nonso Amadi,485812,Wikipedia_views_daily,Wikipedia,global,,Q2_2024,sum,2883.0,views,-570.0,
artist,Nonso Amadi,485812,Wikipedia_views_daily,Wikipedia,global,,Q2_2025,sum,3012.0,views,850.0,129.0
artist,Nonso Amadi,485812,Wikipedia_views_daily,Wikipedia,global,,Q3_2024,sum,2369.0,views,-514.0,
artist,Nonso Amadi,485812,Wikipedia_views_daily,Wikipedia,global,,Q3_2025,sum,3452.0,views,440.0,1083.0
artist,Nonso Amadi,485812,Wikipedia_views_daily,Wikipedia,global,,Q4_2024,sum,1973.0,views,-396.0,
artist,Nonso Amadi,485812,Wikipedia_views_daily,Wikipedia,global,,Q4_2025,sum,4351.0,views,899.0,2378.0
artist,Nonso Amadi,485812,YouTube_subscribers_daily,YouTube,global,,Q1_2024,net_change,3000.0,subscribers,,
artist,Nonso Amadi,485812,YouTube_subscribers_daily,YouTube,global,,Q1_2025,net_change,1574.0,subscribers,108.0,-1426.0
artist,Nonso Amadi,485812,YouTube_subscribers_daily,YouTube,global,,Q2_2024,net_change,2153.0,subscribers,-847.0,
artist,Nonso Amadi,485812,YouTube_subscribers_daily,YouTube,global,,Q2_2025,net_change,2256.0,subscribers,682.0,103.0
artist,Nonso Amadi,485812,YouTube_subscribers_daily,YouTube,global,,Q3_2024,net_change,1531.0,subscribers,-622.0,
artist,Nonso Amadi,485812,YouTube_subscribers_daily,YouTube,global,,Q3_2025,net_change,28549.0,subscribers,26293.0,27018.0
artist,Nonso Amadi,485812,YouTube_subscribers_daily,YouTube,global,,Q4_2024,net_change,1466.0,subscribers,-65.0,
artist,Nonso Amadi,485812,YouTube_subscribers_daily,YouTube,global,,Q4_2025,net_change,1339.0,subscribers,-27210.0,-127.0
artist,ODUMODUBLVCK,3606151,Bandsintown_followers_daily,Bandsintown,global,,Q1_2025,net_change,754.0,followers,-1030.0,
artist,ODUMODUBLVCK,3606151,Bandsintown_followers_daily,Bandsintown,global,,Q2_2024,net_change,422.0,followers,,
artist,ODUMODUBLVCK,3606151,Bandsintown_followers_daily,Bandsintown,global,,Q2_2025,net_change,1386.0,followers,632.0,964.0
artist,ODUMODUBLVCK,3606151,Bandsintown_followers_daily,Bandsintown,global,,Q3_2024,net_change,683.0,followers,261.0,
artist,ODUMODUBLVCK,3606151,Bandsintown_followers_daily,Bandsintown,global,,Q3_2025,net_change,1870.0,followers,484.0,1187.0
artist,ODUMODUBLVCK,3606151,Bandsintown_followers_daily,Bandsintown,global,,Q4_2024,net_change,1784.0,followers,1101.0,
artist,ODUMODUBLVCK,3606151,Bandsintown_followers_daily,Bandsintown,global,,Q4_2025,net_change,768.0,followers,-1102.0,-1016.0
artist,ODUMODUBLVCK,3606151,Instagram_followers_daily,Instagram,global,,Q1_2024,net_change,238505.0,followers,,
artist,ODUMODUBLVCK,3606151,Instagram_followers_daily,Instagram,global,,Q1_2025,net_change,-72322.0,followers,-69547.0,-310827.0
artist,ODUMODUBLVCK,3606151,Instagram_followers_daily,Instagram,global,,Q2_2024,net_change,202573.0,followers,-35932.0,
artist,ODUMODUBLVCK,3606151,Instagram_followers_daily,Instagram,global,,Q2_2025,net_change,134601.0,followers,206923.0,-67972.0
artist,ODUMODUBLVCK,3606151,Instagram_followers_daily,Instagram,global,,Q3_2024,net_change,40051.0,followers,-162522.0,
artist,ODUMODUBLVCK,3606151,Instagram_followers_daily,Instagram,global,,Q3_2025,net_change,104305.0,followers,-30296.0,64254.0
artist,ODUMODUBLVCK,3606151,Instagram_followers_daily,Instagram,global,,Q4_2024,net_change,-2775.0,followers,-42826.0,
artist,ODUMODUBLVCK,3606151,Instagram_followers_daily,Instagram,global,,Q4_2025,net_change,82740.0,followers,-21565.0,85515.0
artist,ODUMODUBLVCK,3606151,Soundcloud_followers_daily,Soundcloud,global,,Q1_2024,net_change,792.0,followers,,
artist,ODUMODUBLVCK,3606151,Soundcloud_followers_daily,Soundcloud,global,,Q1_2025,net_change,416.0,followers,-15.0,-376.0
artist,ODUMODUBLVCK,3606151,Soundcloud_followers_daily,Soundcloud,global,,Q2_2024,net_change,613.0,followers,-179.0,
artist,ODUMODUBLVCK,3606151,Soundcloud_followers_daily,Soundcloud,global,,Q2_2025,net_change,483.0,followers,67.0,-130.0
artist,ODUMODUBLVCK,3606151,Soundcloud_followers_daily,Soundcloud,global,,Q3_2024,net_change,542.0,followers,-71.0,
artist,ODUMODUBLVCK,3606151,Soundcloud_followers_daily,Soundcloud,global,,Q3_2025,net_change,379.0,followers,-104.0,-163.0
artist,ODUMODUBLVCK,3606151,Soundcloud_followers_daily,Soundcloud,global,,Q4_2024,net_change,431.0,followers,-111.0,
artist,ODUMODUBLVCK,3606151,Soundcloud_followers_daily,Soundcloud,global,,Q4_2025,net_change,460.0,followers,81.0,29.0
artist,ODUMODUBLVCK,3606151,Spotify_followers_daily,Spotify,global,,Q1_2024,net_change,294509.0,followers,,
artist,ODUMODUBLVCK,3606151,Spotify_followers_daily,Spotify,global,,Q1_2025,net_change,290982.0,followers,-31247.0,-3527.0
artist,ODUMODUBLVCK,3606151,Spotify_followers_daily,Spotify,global,,Q2_2024,net_change,294849.0,followers,340.0,
artist,ODUMODUBLVCK,3606151,Spotify_followers_daily,Spotify,global,,Q2_2025,net_change,335427.0,followers,44445.0,40578.0
artist,ODUMODUBLVCK,3606151,Spotify_followers_daily,Spotify,global,,Q3_2024,net_change,357135.0,followers,62286.0,
artist,ODUMODUBLVCK,3606151,Spotify_followers_daily,Spotify,global,,Q3_2025,net_change,362245.0,followers,26818.0,5110.0
artist,ODUMODUBLVCK,3606151,Spotify_followers_daily,Spotify,global,,Q4_2024,net_change,322229.0,followers,-34906.0,
artist,ODUMODUBLVCK,3606151,Spotify_followers_daily,Spotify,global,,Q4_2025,net_change,457880.0,followers,95635.0,135651.0
artist,ODUMODUBLVCK,3606151,Spotify_monthly_listeners_daily,Spotify,global,,Q1_2024,net_change,-111727.0,listeners,,
artist,ODUMODUBLVCK,3606151,Spotify_monthly_listeners_daily,Spotify,global,,Q1_2025,net_change,-882440.0,listeners,-2543195.0,-770713.0
artist,ODUMODUBLVCK,3606151,Spotify_monthly_listeners_daily,Spotify,global,,Q2_2024,net_change,134524.0,listeners,246251.0,
artist,ODUMODUBLVCK,3606151,Spotify_monthly_listeners_daily,Spotify,global,,Q2_2025,net_change,360815.0,listeners,1243255.0,226291.0
artist,ODUMODUBLVCK,3606151,Spotify_monthly_listeners_daily,Spotify,global,,Q3_2024,net_change,438681.0,listeners,304157.0,
artist,ODUMODUBLVCK,3606151,Spotify_monthly_listeners_daily,Spotify,global,,Q3_2025,net_change,-229254.0,listeners,-590069.0,-667935.0
artist,ODUMODUBLVCK,3606151,Spotify_monthly_listeners_daily,Spotify,global,,Q4_2024,net_change,1660755.0,listeners,1222074.0,
artist,ODUMODUBLVCK,3606151,Spotify_monthly_listeners_daily,Spotify,global,,Q4_2025,net_change,536995.0,listeners,766249.0,-1123760.0
artist,ODUMODUBLVCK,3606151,TikTok_followers_daily,TikTok,global,,Q1_2024,net_change,4400.0,followers,,
artist,ODUMODUBLVCK,3606151,TikTok_followers_daily,TikTok,global,,Q1_2025,net_change,3975.0,followers,3675.0,-425.0
artist,ODUMODUBLVCK,3606151,TikTok_followers_daily,TikTok,global,,Q2_2024,net_change,-200.0,followers,-4600.0,
artist,ODUMODUBLVCK,3606151,TikTok_followers_daily,TikTok,global,,Q2_2025,net_change,-1246.0,followers,-5221.0,-1046.0
artist,ODUMODUBLVCK,3606151,TikTok_followers_daily,TikTok,global,,Q3_2024,net_change,-483.0,followers,-283.0,
artist,ODUMODUBLVCK,3606151,TikTok_followers_daily,TikTok,global,,Q3_2025,net_change,54967.0,followers,56213.0,55450.0
artist,ODUMODUBLVCK,3606151,TikTok_followers_daily,TikTok,global,,Q4_2024,net_change,300.0,followers,783.0,
artist,ODUMODUBLVCK,3606151,TikTok_followers_daily,TikTok,global,,Q4_2025,net_change,79950.0,followers,24983.0,79650.0
artist,ODUMODUBLVCK,3606151,TikTok_likes_daily,TikTok,global,,Q1_2024,net_change,8800.0,likes,,
artist,ODUMODUBLVCK,3606151,TikTok_likes_daily,TikTok,global,,Q1_2025,net_change,12067.0,likes,,3267.0
artist,ODUMODUBLVCK,3606151,TikTok_likes_daily,TikTok,global,,Q2_2024,net_change,3700.0,likes,-5100.0,
artist,ODUMODUBLVCK,3606151,TikTok_likes_daily,TikTok,global,,Q2_2025,net_change,-196742.0,likes,-208809.0,-200442.0
artist,ODUMODUBLVCK,3606151,TikTok_likes_daily,TikTok,global,,Q3_2024,net_change,3533.0,likes,-167.0,
artist,ODUMODUBLVCK,3606151,TikTok_likes_daily,TikTok,global,,Q3_2025,net_change,1129493.0,likes,1326235.0,1125960.0
artist,ODUMODUBLVCK,3606151,TikTok_likes_daily,TikTok,global,,Q4_2025,net_change,2466667.0,likes,1337174.0,
artist,ODUMODUBLVCK,3606151,Twitter_followers_daily,Twitter,global,,Q1_2024,net_change,4735.0,followers,,
artist,ODUMODUBLVCK,3606151,Twitter_followers_daily,Twitter,global,,Q1_2025,net_change,14985.0,followers,-12106.0,10250.0
artist,ODUMODUBLVCK,3606151,Twitter_followers_daily,Twitter,global,,Q2_2024,net_change,30261.0,followers,25526.0,
artist,ODUMODUBLVCK,3606151,Twitter_followers_daily,Twitter,global,,Q2_2025,net_change,55421.0,followers,40436.0,25160.0
artist,ODUMODUBLVCK,3606151,Twitter_followers_daily,Twitter,global,,Q3_2024,net_change,12372.0,followers,-17889.0,
artist,ODUMODUBLVCK,3606151,Twitter_followers_daily,Twitter,global,,Q3_2025,net_change,297869.0,followers,242448.0,285497.0
artist,ODUMODUBLVCK,3606151,Twitter_followers_daily,Twitter,global,,Q4_2024,net_change,27091.0,followers,14719.0,
artist,ODUMODUBLVCK,3606151,Twitter_followers_daily,Twitter,global,,Q4_2025,net_change,-35676.0,followers,-333545.0,-62767.0
artist,ODUMODUBLVCK,3606151,Wikipedia_views_daily,Wikipedia,global,,Q1_2024,sum,5188.0,views,,
artist,ODUMODUBLVCK,3606151,Wikipedia_views_daily,Wikipedia,global,,Q1_2025,sum,2433.0,views,,-2755.0
artist,ODUMODUBLVCK,3606151,Wikipedia_views_daily,Wikipedia,global,,Q2_2024,sum,3270.0,views,-1918.0,
artist,ODUMODUBLVCK,3606151,Wikipedia_views_daily,Wikipedia,global,,Q2_2025,sum,3588.0,views,1155.0,318.0
artist,ODUMODUBLVCK,3606151,YouTube_subscribers_daily,YouTube,global,,Q1_2024,net_change,35500.0,subscribers,,
artist,ODUMODUBLVCK,3606151,YouTube_subscribers_daily,YouTube,global,,Q1_2025,net_change,16500.0,subscribers,1167.0,-19000.0
artist,ODUMODUBLVCK,3606151,YouTube_subscribers_daily,YouTube,global,,Q2_2024,net_change,21000.0,subscribers,-14500.0,
artist,ODUMODUBLVCK,3606151,YouTube_subscribers_daily,YouTube,global,,Q2_2025,net_change,21167.0,subscribers,4667.0,167.0
artist,ODUMODUBLVCK,3606151,YouTube_subscribers_daily,YouTube,global,,Q3_2024,net_change,20500.0,subscribers,-500.0,
artist,ODUMODUBLVCK,3606151,YouTube_subscribers_daily,YouTube,global,,Q3_2025,net_change,23000.0,subscribers,1833.0,2500.0
artist,ODUMODUBLVCK,3606151,YouTube_subscribers_daily,YouTube,global,,Q4_2024,net_change,15333.0,subscribers,-5167.0,
artist,ODUMODUBLVCK,3606151,YouTube_subscribers_daily,YouTube,global,,Q4_2025,net_change,31786.0,subscribers,8786.0,16453.0
artist,Odunsi (The Engine),11587,Bandsintown_followers_daily,Bandsintown,global,,Q1_2024,net_change,206.0,followers,,
artist,Odunsi (The Engine),11587,Bandsintown_followers_daily,Bandsintown,global,,Q1_2025,net_change,362.0,followers,-139.0,156.0
artist,Odunsi (The Engine),11587,Bandsintown_followers_daily,Bandsintown,global,,Q2_2024,net_change,258.0,followers,52.0,
artist,Odunsi (The Engine),11587,Bandsintown_followers_daily,Bandsintown,global,,Q2_2025,net_change,492.0,followers,130.0,234.0
artist,Odunsi (The Engine),11587,Bandsintown_followers_daily,Bandsintown,global,,Q3_2024,net_change,258.0,followers,0.0,
artist,Odunsi (The Engine),11587,Bandsintown_followers_daily,Bandsintown,global,,Q3_2025,net_change,551.0,followers,59.0,293.0
artist,Odunsi (The Engine),11587,Bandsintown_followers_daily,Bandsintown,global,,Q4_2024,net_change,501.0,followers,243.0,
artist,Odunsi (The Engine),11587,Bandsintown_followers_daily,Bandsintown,global,,Q4_2025,net_change,321.0,followers,-230.0,-180.0
artist,Odunsi (The Engine),11587,Instagram_followers_daily,Instagram,global,,Q1_2024,net_change,701.0,followers,,
artist,Odunsi (The Engine),11587,Instagram_followers_daily,Instagram,global,,Q1_2025,net_change,-337.0,followers,-165.0,-1038.0
artist,Odunsi (The Engine),11587,Instagram_followers_daily,Instagram,global,,Q2_2024,net_change,932.0,followers,231.0,
artist,Odunsi (The Engine),11587,Instagram_followers_daily,Instagram,global,,Q2_2025,net_change,-1385.0,followers,-1048.0,-2317.0
artist,Odunsi (The Engine),11587,Instagram_followers_daily,Instagram,global,,Q3_2024,net_change,-1791.0,followers,-2723.0,
artist,Odunsi (The Engine),11587,Instagram_followers_daily,Instagram,global,,Q3_2025,net_change,-447.0,followers,938.0,1344.0
artist,Odunsi (The Engine),11587,Instagram_followers_daily,Instagram,global,,Q4_2024,net_change,-172.0,followers,1619.0,
artist,Odunsi (The Engine),11587,Instagram_followers_daily,Instagram,global,,Q4_2025,net_change,646.0,followers,1093.0,818.0
artist,Odunsi (The Engine),11587,Spotify_followers_daily,Spotify,global,,Q1_2024,net_change,2645.0,followers,,
artist,Odunsi (The Engine),11587,Spotify_followers_daily,Spotify,global,,Q1_2025,net_change,1457.0,followers,-176.0,-1188.0
artist,Odunsi (The Engine),11587,Spotify_followers_daily,Spotify,global,,Q2_2024,net_change,2697.0,followers,52.0,
artist,Odunsi (The Engine),11587,Spotify_followers_daily,Spotify,global,,Q2_2025,net_change,1213.0,followers,-244.0,-1484.0
artist,Odunsi (The Engine),11587,Spotify_followers_daily,Spotify,global,,Q3_2024,net_change,1861.0,followers,-836.0,
artist,Odunsi (The Engine),11587,Spotify_followers_daily,Spotify,global,,Q3_2025,net_change,529.0,followers,-684.0,-1332.0
artist,Odunsi (The Engine),11587,Spotify_followers_daily,Spotify,global,,Q4_2024,net_change,1633.0,followers,-228.0,
artist,Odunsi (The Engine),11587,Spotify_followers_daily,Spotify,global,,Q4_2025,net_change,1572.0,followers,1043.0,-61.0
artist,Odunsi (The Engine),11587,Spotify_monthly_listeners_daily,Spotify,global,,Q1_2024,net_change,36144.0,listeners,,
artist,Odunsi (The Engine),11587,Spotify_monthly_listeners_daily,Spotify,global,,Q1_2025,net_change,-41710.0,listeners,-45895.0,-77854.0
artist,Odunsi (The Engine),11587,Spotify_monthly_listeners_daily,Spotify,global,,Q2_2024,net_change,15195.0,listeners,-20949.0,
artist,Odunsi (The Engine),11587,Spotify_monthly_listeners_daily,Spotify,global,,Q2_2025,net_change,8355.0,listeners,50065.0,-6840.0
artist,Odunsi (The Engine),11587,Spotify_monthly_listeners_daily,Spotify,global,,Q3_2024,net_change,-20622.0,listeners,-35817.0,
artist,Odunsi (The Engine),11587,Spotify_monthly_listeners_daily,Spotify,global,,Q3_2025,net_change,-10782.0,listeners,-19137.0,9840.0
artist,Odunsi (The Engine),11587,Spotify_monthly_listeners_daily,Spotify,global,,Q4_2024,net_change,4185.0,listeners,24807.0,
artist,Odunsi (The Engine),11587,Twitter_followers_daily,Twitter,global,,Q1_2024,net_change,274.0,followers,,
artist,Odunsi (The Engine),11587,Twitter_followers_daily,Twitter,global,,Q1_2025,net_change,330.0,followers,-55.0,56.0
artist,Odunsi (The Engine),11587,Twitter_followers_daily,Twitter,global,,Q2_2024,net_change,363.0,followers,89.0,
artist,Odunsi (The Engine),11587,Twitter_followers_daily,Twitter,global,,Q2_2025,net_change,-41.0,followers,-371.0,-404.0
artist,Odunsi (The Engine),11587,Twitter_followers_daily,Twitter,global,,Q3_2024,net_change,383.0,followers,20.0,
artist,Odunsi (The Engine),11587,Twitter_followers_daily,Twitter,global,,Q3_2025,net_change,270.0,followers,311.0,-113.0
artist,Odunsi (The Engine),11587,Twitter_followers_daily,Twitter,global,,Q4_2024,net_change,385.0,followers,2.0,
artist,Odunsi (The Engine),11587,Twitter_followers_daily,Twitter,global,,Q4_2025,net_change,-77.0,followers,-347.0,-462.0
artist,Odunsi (The Engine),11587,YouTube_subscribers_daily,YouTube,global,,Q1_2024,net_change,700.0,subscribers,,
artist,Odunsi (The Engine),11587,YouTube_subscribers_daily,YouTube,global,,Q1_2025,net_change,586.0,subscribers,9.0,-114.0
artist,Odunsi (The Engine),11587,YouTube_subscribers_daily,YouTube,global,,Q2_2024,net_change,900.0,subscribers,200.0,
artist,Odunsi (The Engine),11587,YouTube_subscribers_daily,YouTube,global,,Q2_2025,net_change,533.0,subscribers,-53.0,-367.0
artist,Odunsi (The Engine),11587,YouTube_subscribers_daily,YouTube,global,,Q3_2024,net_change,850.0,subscribers,-50.0,
artist,Odunsi (The Engine),11587,YouTube_subscribers_daily,YouTube,global,,Q3_2025,net_change,352.0,subscribers,-181.0,-498.0
artist,Odunsi (The Engine),11587,YouTube_subscribers_daily,YouTube,global,,Q4_2024,net_change,577.0,subscribers,-273.0,
artist,Odunsi (The Engine),11587,YouTube_subscribers_daily,YouTube,global,,Q4_2025,net_change,377.0,subscribers,25.0,-200.0
artist,Olakira,1103816,Instagram_followers_daily,Instagram,global,,Q1_2024,net_change,-6868.0,followers,,
artist,Olakira,1103816,Instagram_followers_daily,Instagram,global,,Q1_2025,net_change,-3128.0,followers,1271.0,3740.0
artist,Olakira,1103816,Instagram_followers_daily,Instagram,global,,Q2_2024,net_change,-6828.0,followers,40.0,
artist,Olakira,1103816,Instagram_followers_daily,Instagram,global,,Q2_2025,net_change,-4054.0,followers,-926.0,2774.0
artist,Olakira,1103816,Instagram_followers_daily,Instagram,global,,Q3_2024,net_change,-7169.0,followers,-341.0,
artist,Olakira,1103816,Instagram_followers_daily,Instagram,global,,Q3_2025,net_change,402.0,followers,4456.0,7571.0
artist,Olakira,1103816,Instagram_followers_daily,Instagram,global,,Q4_2024,net_change,-4399.0,followers,2770.0,
artist,Olakira,1103816,Instagram_followers_daily,Instagram,global,,Q4_2025,net_change,-219.0,followers,-621.0,4180.0
artist,Olakira,1103816,Spotify_followers_daily,Spotify,global,,Q1_2024,net_change,1058.0,followers,,
artist,Olakira,1103816,Spotify_followers_daily,Spotify,global,,Q1_2025,net_change,1472.0,followers,-184.0,414.0
artist,Olakira,1103816,Spotify_followers_daily,Spotify,global,,Q2_2025,net_change,1391.0,followers,-81.0,
artist,Olakira,1103816,Spotify_followers_daily,Spotify,global,,Q3_2024,net_change,1049.0,followers,,
artist,Olakira,1103816,Spotify_followers_daily,Spotify,global,,Q3_2025,net_change,1325.0,followers,-66.0,276.0
artist,Olakira,1103816,Spotify_followers_daily,Spotify,global,,Q4_2024,net_change,1656.0,followers,607.0,
artist,Olakira,1103816,Spotify_followers_daily,Spotify,global,,Q4_2025,net_change,1323.0,followers,-2.0,-333.0
artist,Olakira,1103816,Spotify_monthly_listeners_daily,Spotify,global,,Q1_2024,net_change,-218916.0,listeners,,
artist,Olakira,1103816,Spotify_monthly_listeners_daily,Spotify,global,,Q1_2025,net_change,-32472.0,listeners,-65606.0,186444.0
artist,Olakira,1103816,Spotify_monthly_listeners_daily,Spotify,global,,Q2_2024,net_change,-20262.0,listeners,198654.0,
artist,Olakira,1103816,Spotify_monthly_listeners_daily,Spotify,global,,Q2_2025,net_change,60604.0,listeners,93076.0,80866.0
artist,Olakira,1103816,Spotify_monthly_listeners_daily,Spotify,global,,Q3_2024,net_change,5383.0,listeners,25645.0,
artist,Olakira,1103816,Spotify_monthly_listeners_daily,Spotify,global,,Q4_2024,net_change,33134.0,listeners,27751.0,
artist,Olakira,1103816,TikTok_followers_daily,TikTok,global,,Q1_2024,net_change,3900.0,followers,,
artist,Olakira,1103816,TikTok_followers_daily,TikTok,global,,Q1_2025,net_change,1269.0,followers,-170.0,-2631.0
artist,Olakira,1103816,TikTok_followers_daily,TikTok,global,,Q2_2024,net_change,2300.0,followers,-1600.0,
artist,Olakira,1103816,TikTok_followers_daily,TikTok,global,,Q2_2025,net_change,803.0,followers,-466.0,-1497.0
artist,Olakira,1103816,TikTok_followers_daily,TikTok,global,,Q3_2024,net_change,2240.0,followers,-60.0,
artist,Olakira,1103816,TikTok_followers_daily,TikTok,global,,Q4_2024,net_change,1439.0,followers,-801.0,
artist,Olakira,1103816,TikTok_followers_daily,TikTok,global,,Q4_2025,net_change,453.0,followers,,-986.0
artist,Olakira,1103816,TikTok_likes_daily,TikTok,global,,Q1_2024,net_change,1200.0,likes,,
artist,Olakira,1103816,TikTok_likes_daily,TikTok,global,,Q1_2025,net_change,899.0,likes,-331.0,-301.0
artist,Olakira,1103816,TikTok_likes_daily,TikTok,global,,Q2_2024,net_change,900.0,likes,-300.0,
artist,Olakira,1103816,TikTok_likes_daily,TikTok,global,,Q2_2025,net_change,1178.0,likes,279.0,278.0
artist,Olakira,1103816,TikTok_likes_daily,TikTok,global,,Q3_2024,net_change,2600.0,likes,1700.0,
artist,Olakira,1103816,TikTok_likes_daily,TikTok,global,,Q3_2025,net_change,-6417.0,likes,-7595.0,-9017.0
artist,Olakira,1103816,TikTok_likes_daily,TikTok,global,,Q4_2024,net_change,1230.0,likes,-1370.0,
artist,Olakira,1103816,TikTok_likes_daily,TikTok,global,,Q4_2025,net_change,-14851.0,likes,-8434.0,-16081.0
artist,Olakira,1103816,YouTube_subscribers_daily,YouTube,global,,Q1_2024,net_change,5000.0,subscribers,,
artist,Olakira,1103816,YouTube_subscribers_daily,YouTube,global,,Q1_2025,net_change,8857.0,subscribers,549.0,3857.0
artist,Olakira,1103816,YouTube_subscribers_daily,YouTube,global,,Q2_2024,net_change,7000.0,subscribers,2000.0,
artist,Olakira,1103816,YouTube_subscribers_daily,YouTube,global,,Q2_2025,net_change,10458.0,subscribers,1601.0,3458.0
artist,Olakira,1103816,YouTube_subscribers_daily,YouTube,global,,Q3_2024,net_change,9615.0,subscribers,2615.0,
artist,Olakira,1103816,YouTube_subscribers_daily,YouTube,global,,Q3_2025,net_change,9333.0,subscribers,-1125.0,-282.0
artist,Olakira,1103816,YouTube_subscribers_daily,YouTube,global,,Q4_2024,net_change,8308.0,subscribers,-1307.0,
artist,Olakira,1103816,YouTube_subscribers_daily,YouTube,global,,Q4_2025,net_change,6958.0,subscribers,-2375.0,-1350.0
artist,Olu Maintain,29054,Instagram_followers_daily,Instagram,global,,Q1_2024,net_change,1179.0,followers,,
artist,Olu Maintain,29054,Instagram_followers_daily,Instagram,global,,Q1_2025,net_change,-2338.0,followers,1366.0,-3517.0
artist,Olu Maintain,29054,Instagram_followers_daily,Instagram,global,,Q2_2024,net_change,536.0,followers,-643.0,
artist,Olu Maintain,29054,Instagram_followers_daily,Instagram,global,,Q2_2025,net_change,-1791.0,followers,547.0,-2327.0
artist,Olu Maintain,29054,Instagram_followers_daily,Instagram,global,,Q3_2024,net_change,-3345.0,followers,-3881.0,
artist,Olu Maintain,29054,Instagram_followers_daily,Instagram,global,,Q4_2024,net_change,-3704.0,followers,-359.0,
artist,Olu Maintain,29054,Instagram_followers_daily,Instagram,global,,Q4_2025,net_change,0.0,followers,,3704.0
artist,Olu Maintain,29054,Spotify_followers_daily,Spotify,global,,Q1_2024,net_change,3894.0,followers,,
artist,Olu Maintain,29054,Spotify_followers_daily,Spotify,global,,Q1_2025,net_change,3560.0,followers,-208.0,-334.0
artist,Olu Maintain,29054,Spotify_followers_daily,Spotify,global,,Q2_2024,net_change,4083.0,followers,189.0,
artist,Olu Maintain,29054,Spotify_followers_daily,Spotify,global,,Q2_2025,net_change,2252.0,followers,-1308.0,-1831.0
artist,Olu Maintain,29054,Spotify_followers_daily,Spotify,global,,Q3_2024,net_change,2983.0,followers,-1100.0,
artist,Olu Maintain,29054,Spotify_followers_daily,Spotify,global,,Q3_2025,net_change,5801.0,followers,3549.0,2818.0
artist,Olu Maintain,29054,Spotify_followers_daily,Spotify,global,,Q4_2024,net_change,3768.0,followers,785.0,
artist,Olu Maintain,29054,Spotify_followers_daily,Spotify,global,,Q4_2025,net_change,3120.0,followers,-2681.0,-648.0
artist,Olu Maintain,29054,Spotify_monthly_listeners_daily,Spotify,global,,Q1_2024,net_change,12610.0,listeners,,
artist,Olu Maintain,29054,Spotify_monthly_listeners_daily,Spotify,global,,Q1_2025,net_change,-4407.0,listeners,-10073.0,-17017.0
artist,Olu Maintain,29054,Spotify_monthly_listeners_daily,Spotify,global,,Q2_2024,net_change,-8381.0,listeners,-20991.0,
artist,Olu Maintain,29054,Spotify_monthly_listeners_daily,Spotify,global,,Q2_2025,net_change,3148.0,listeners,7555.0,11529.0
artist,Olu Maintain,29054,Spotify_monthly_listeners_daily,Spotify,global,,Q3_2024,net_change,3919.0,listeners,12300.0,
artist,Olu Maintain,29054,Spotify_monthly_listeners_daily,Spotify,global,,Q3_2025,net_change,16716.0,listeners,13568.0,12797.0
artist,Olu Maintain,29054,Spotify_monthly_listeners_daily,Spotify,global,,Q4_2024,net_change,5666.0,listeners,1747.0,
artist,Olu Maintain,29054,Spotify_monthly_listeners_daily,Spotify,global,,Q4_2025,net_change,3522.0,listeners,-13194.0,-2144.0
artist,Olu Maintain,29054,Wikipedia_views_daily,Wikipedia,global,,Q1_2024,sum,3172.0,views,,
artist,Olu Maintain,29054,Wikipedia_views_daily,Wikipedia,global,,Q1_2025,sum,2434.0,views,122.0,-738.0
artist,Olu Maintain,29054,Wikipedia_views_daily,Wikipedia,global,,Q2_2024,sum,2797.0,views,-375.0,
artist,Olu Maintain,29054,Wikipedia_views_daily,Wikipedia,global,,Q2_2025,sum,2682.0,views,248.0,-115.0
artist,Olu Maintain,29054,Wikipedia_views_daily,Wikipedia,global,,Q3_2024,sum,3209.0,views,412.0,
artist,Olu Maintain,29054,Wikipedia_views_daily,Wikipedia,global,,Q3_2025,sum,2858.0,views,176.0,-351.0
artist,Olu Maintain,29054,Wikipedia_views_daily,Wikipedia,global,,Q4_2024,sum,2312.0,views,-897.0,
artist,Olu Maintain,29054,Wikipedia_views_daily,Wikipedia,global,,Q4_2025,sum,2627.0,views,-231.0,315.0
artist,Oritsefemi,3803802,Spotify_followers_daily,Spotify,global,,Q1_2024,net_change,0.0,followers,,
artist,Oritsefemi,3803802,Spotify_followers_daily,Spotify,global,,Q3_2024,net_change,0.0,followers,,
artist,Oritsefemi,3803802,Spotify_monthly_listeners_daily,Spotify,global,,Q1_2024,net_change,1.0,listeners,,
artist,Oritsefemi,3803802,Spotify_monthly_listeners_daily,Spotify,global,,Q3_2024,net_change,0.0,listeners,,
artist,P-Square,3740,Bandsintown_followers_daily,Bandsintown,global,,Q1_2024,net_change,503.0,followers,,
artist,P-Square,3740,Bandsintown_followers_daily,Bandsintown,global,,Q1_2025,net_change,676.0,followers,-336.0,173.0
artist,P-Square,3740,Bandsintown_followers_daily,Bandsintown,global,,Q2_2024,net_change,813.0,followers,310.0,
artist,P-Square,3740,Bandsintown_followers_daily,Bandsintown,global,,Q2_2025,net_change,-36314.0,followers,-36990.0,-37127.0
artist,P-Square,3740,Bandsintown_followers_daily,Bandsintown,global,,Q3_2024,net_change,600.0,followers,-213.0,
artist,P-Square,3740,Bandsintown_followers_daily,Bandsintown,global,,Q3_2025,net_change,858.0,followers,37172.0,258.0
artist,P-Square,3740,Bandsintown_followers_daily,Bandsintown,global,,Q4_2024,net_change,1012.0,followers,412.0,
artist,P-Square,3740,Bandsintown_followers_daily,Bandsintown,global,,Q4_2025,net_change,585.0,followers,-273.0,-427.0
artist,P-Square,3740,Instagram_followers_daily,Instagram,global,,Q1_2024,net_change,45406.0,followers,,
artist,P-Square,3740,Instagram_followers_daily,Instagram,global,,Q1_2025,net_change,-72974.0,followers,32853.0,-118380.0
artist,P-Square,3740,Instagram_followers_daily,Instagram,global,,Q2_2024,net_change,53484.0,followers,8078.0,
artist,P-Square,3740,Instagram_followers_daily,Instagram,global,,Q2_2025,net_change,7509.0,followers,80483.0,-45975.0
artist,P-Square,3740,Instagram_followers_daily,Instagram,global,,Q3_2024,net_change,-56893.0,followers,-110377.0,
artist,P-Square,3740,Instagram_followers_daily,Instagram,global,,Q3_2025,net_change,-10267.0,followers,-17776.0,46626.0
artist,P-Square,3740,Instagram_followers_daily,Instagram,global,,Q4_2024,net_change,-105827.0,followers,-48934.0,
artist,P-Square,3740,Instagram_followers_daily,Instagram,global,,Q4_2025,net_change,132962.0,followers,143229.0,238789.0
artist,P-Square,3740,Soundcloud_followers_daily,Soundcloud,global,,Q2_2024,net_change,0.0,followers,,
artist,P-Square,3740,Soundcloud_followers_daily,Soundcloud,global,,Q2_2025,net_change,31.0,followers,,31.0
artist,P-Square,3740,Soundcloud_followers_daily,Soundcloud,global,,Q4_2025,net_change,236.0,followers,,
artist,P-Square,3740,Spotify_followers_daily,Spotify,global,,Q1_2024,net_change,43763.0,followers,,
artist,P-Square,3740,Spotify_followers_daily,Spotify,global,,Q1_2025,net_change,63590.0,followers,13986.0,19827.0
artist,P-Square,3740,Spotify_followers_daily,Spotify,global,,Q2_2024,net_change,50623.0,followers,6860.0,
artist,P-Square,3740,Spotify_followers_daily,Spotify,global,,Q2_2025,net_change,59433.0,followers,-4157.0,8810.0
artist,P-Square,3740,Spotify_followers_daily,Spotify,global,,Q3_2024,net_change,64941.0,followers,14318.0,
artist,P-Square,3740,Spotify_followers_daily,Spotify,global,,Q3_2025,net_change,71939.0,followers,12506.0,6998.0
artist,P-Square,3740,Spotify_followers_daily,Spotify,global,,Q4_2024,net_change,49604.0,followers,-15337.0,
artist,P-Square,3740,Spotify_followers_daily,Spotify,global,,Q4_2025,net_change,51402.0,followers,-20537.0,1798.0
artist,P-Square,3740,Spotify_monthly_listeners_daily,Spotify,global,,Q1_2024,net_change,-48899.0,listeners,,
artist,P-Square,3740,Spotify_monthly_listeners_daily,Spotify,global,,Q1_2025,net_change,-10763.0,listeners,-126928.0,38136.0
artist,P-Square,3740,Spotify_monthly_listeners_daily,Spotify,global,,Q2_2024,net_change,39735.0,listeners,88634.0,
artist,P-Square,3740,Spotify_monthly_listeners_daily,Spotify,global,,Q2_2025,net_change,277386.0,listeners,288149.0,237651.0
artist,P-Square,3740,Spotify_monthly_listeners_daily,Spotify,global,,Q3_2024,net_change,51562.0,listeners,11827.0,
artist,P-Square,3740,Spotify_monthly_listeners_daily,Spotify,global,,Q3_2025,net_change,529220.0,listeners,251834.0,477658.0
artist,P-Square,3740,Spotify_monthly_listeners_daily,Spotify,global,,Q4_2024,net_change,116165.0,listeners,64603.0,
artist,P-Square,3740,Wikipedia_views_daily,Wikipedia,global,,Q1_2024,sum,31681.0,views,,
artist,P-Square,3740,Wikipedia_views_daily,Wikipedia,global,,Q1_2025,sum,23710.0,views,910.0,-7971.0
artist,P-Square,3740,Wikipedia_views_daily,Wikipedia,global,,Q2_2024,sum,28667.0,views,-3014.0,
artist,P-Square,3740,Wikipedia_views_daily,Wikipedia,global,,Q2_2025,sum,29584.0,views,5874.0,917.0
artist,P-Square,3740,Wikipedia_views_daily,Wikipedia,global,,Q3_2024,sum,38284.0,views,9617.0,
artist,P-Square,3740,Wikipedia_views_daily,Wikipedia,global,,Q3_2025,sum,24375.0,views,-5209.0,-13909.0
artist,P-Square,3740,Wikipedia_views_daily,Wikipedia,global,,Q4_2024,sum,22800.0,views,-15484.0,
artist,P-Square,3740,Wikipedia_views_daily,Wikipedia,global,,Q4_2025,sum,21862.0,views,-2513.0,-938.0
artist,P-Square,3740,YouTube_subscribers_daily,YouTube,global,,Q1_2024,net_change,50000.0,subscribers,,
artist,P-Square,3740,YouTube_subscribers_daily,YouTube,global,,Q1_2025,net_change,59362.0,subscribers,-5221.0,9362.0
artist,P-Square,3740,YouTube_subscribers_daily,YouTube,global,,Q2_2024,net_change,60000.0,subscribers,10000.0,
artist,P-Square,3740,YouTube_subscribers_daily,YouTube,global,,Q2_2025,net_change,74216.0,subscribers,14854.0,14216.0
artist,P-Square,3740,YouTube_subscribers_daily,YouTube,global,,Q3_2024,net_change,58125.0,subscribers,-1875.0,
artist,P-Square,3740,YouTube_subscribers_daily,YouTube,global,,Q3_2025,net_change,81666.0,subscribers,7450.0,23541.0
artist,P-Square,3740,YouTube_subscribers_daily,YouTube,global,,Q4_2024,net_change,64583.0,subscribers,6458.0,
artist,P-Square,3740,YouTube_subscribers_daily,YouTube,global,,Q4_2025,net_change,71000.0,subscribers,-10666.0,6417.0
artist,Pheelz,406946,Bandsintown_followers_daily,Bandsintown,global,,Q1_2024,net_change,285.0,followers,,
artist,Pheelz,406946,Bandsintown_followers_daily,Bandsintown,global,,Q1_2025,net_change,422.0,followers,-297.0,137.0
artist,Pheelz,406946,Bandsintown_followers_daily,Bandsintown,global,,Q2_2024,net_change,389.0,followers,104.0,
artist,Pheelz,406946,Bandsintown_followers_daily,Bandsintown,global,,Q2_2025,net_change,659.0,followers,237.0,270.0
artist,Pheelz,406946,Bandsintown_followers_daily,Bandsintown,global,,Q3_2024,net_change,372.0,followers,-17.0,
artist,Pheelz,406946,Bandsintown_followers_daily,Bandsintown,global,,Q3_2025,net_change,661.0,followers,2.0,289.0
artist,Pheelz,406946,Bandsintown_followers_daily,Bandsintown,global,,Q4_2024,net_change,719.0,followers,347.0,
artist,Pheelz,406946,Bandsintown_followers_daily,Bandsintown,global,,Q4_2025,net_change,-4960.0,followers,-5621.0,-5679.0
artist,Pheelz,406946,Instagram_followers_daily,Instagram,global,,Q1_2024,net_change,34689.0,followers,,
artist,Pheelz,406946,Instagram_followers_daily,Instagram,global,,Q1_2025,net_change,-12794.0,followers,6810.0,-47483.0
artist,Pheelz,406946,Instagram_followers_daily,Instagram,global,,Q2_2024,net_change,3338.0,followers,-31351.0,
artist,Pheelz,406946,Instagram_followers_daily,Instagram,global,,Q2_2025,net_change,-7629.0,followers,5165.0,-10967.0
artist,Pheelz,406946,Instagram_followers_daily,Instagram,global,,Q3_2024,net_change,-1837.0,followers,-5175.0,
artist,Pheelz,406946,Instagram_followers_daily,Instagram,global,,Q3_2025,net_change,-8514.0,followers,-885.0,-6677.0
artist,Pheelz,406946,Instagram_followers_daily,Instagram,global,,Q4_2024,net_change,-19604.0,followers,-17767.0,
artist,Pheelz,406946,Instagram_followers_daily,Instagram,global,,Q4_2025,net_change,-3553.0,followers,4961.0,16051.0
artist,Pheelz,406946,Soundcloud_followers_daily,Soundcloud,global,,Q1_2024,net_change,1031.0,followers,,
artist,Pheelz,406946,Soundcloud_followers_daily,Soundcloud,global,,Q2_2024,net_change,492.0,followers,-539.0,
artist,Pheelz,406946,Soundcloud_followers_daily,Soundcloud,global,,Q2_2025,net_change,56.0,followers,,-436.0
artist,Pheelz,406946,Soundcloud_followers_daily,Soundcloud,global,,Q3_2024,net_change,0.0,followers,-492.0,
artist,Pheelz,406946,Soundcloud_followers_daily,Soundcloud,global,,Q4_2025,net_change,169.0,followers,,
artist,Pheelz,406946,Spotify_followers_daily,Spotify,global,,Q1_2024,net_change,40731.0,followers,,
artist,Pheelz,406946,Spotify_followers_daily,Spotify,global,,Q1_2025,net_change,70855.0,followers,-26688.0,30124.0
artist,Pheelz,406946,Spotify_followers_daily,Spotify,global,,Q2_2024,net_change,35269.0,followers,-5462.0,
artist,Pheelz,406946,Spotify_followers_daily,Spotify,global,,Q2_2025,net_change,51984.0,followers,-18871.0,16715.0
artist,Pheelz,406946,Spotify_followers_daily,Spotify,global,,Q3_2024,net_change,49508.0,followers,14239.0,
artist,Pheelz,406946,Spotify_followers_daily,Spotify,global,,Q3_2025,net_change,52161.0,followers,177.0,2653.0
artist,Pheelz,406946,Spotify_followers_daily,Spotify,global,,Q4_2024,net_change,97543.0,followers,48035.0,
artist,Pheelz,406946,Spotify_followers_daily,Spotify,global,,Q4_2025,net_change,55011.0,followers,2850.0,-42532.0
artist,Pheelz,406946,Spotify_monthly_listeners_daily,Spotify,global,,Q1_2024,net_change,873732.0,listeners,,
artist,Pheelz,406946,Spotify_monthly_listeners_daily,Spotify,global,,Q2_2024,net_change,-788282.0,listeners,-1662014.0,
artist,Pheelz,406946,Spotify_monthly_listeners_daily,Spotify,global,,Q2_2025,net_change,244497.0,listeners,,1032779.0
artist,Pheelz,406946,Spotify_monthly_listeners_daily,Spotify,global,,Q3_2024,net_change,6619.0,listeners,794901.0,
artist,Pheelz,406946,Spotify_monthly_listeners_daily,Spotify,global,,Q4_2024,net_change,-170360.0,listeners,-176979.0,
artist,Pheelz,406946,TikTok_followers_daily,TikTok,global,,Q1_2025,net_change,17200.0,followers,-14800.0,
artist,Pheelz,406946,TikTok_followers_daily,TikTok,global,,Q2_2024,net_change,23100.0,followers,,
artist,Pheelz,406946,TikTok_followers_daily,TikTok,global,,Q2_2025,net_change,7533.0,followers,-9667.0,-15567.0
artist,Pheelz,406946,TikTok_followers_daily,TikTok,global,,Q3_2024,net_change,33350.0,followers,10250.0,
artist,Pheelz,406946,TikTok_followers_daily,TikTok,global,,Q3_2025,net_change,10190.0,followers,2657.0,-23160.0
artist,Pheelz,406946,TikTok_followers_daily,TikTok,global,,Q4_2024,net_change,32000.0,followers,-1350.0,
artist,Pheelz,406946,TikTok_followers_daily,TikTok,global,,Q4_2025,net_change,8160.0,followers,-2030.0,-23840.0
artist,Pheelz,406946,TikTok_likes_daily,TikTok,global,,Q1_2024,net_change,700000.0,likes,,
artist,Pheelz,406946,TikTok_likes_daily,TikTok,global,,Q1_2025,net_change,482895.0,likes,-245934.0,-217105.0
artist,Pheelz,406946,TikTok_likes_daily,TikTok,global,,Q2_2024,net_change,548077.0,likes,-151923.0,
artist,Pheelz,406946,TikTok_likes_daily,TikTok,global,,Q2_2025,net_change,391842.0,likes,-91053.0,-156235.0
artist,Pheelz,406946,TikTok_likes_daily,TikTok,global,,Q3_2024,net_change,785135.0,likes,237058.0,
artist,Pheelz,406946,TikTok_likes_daily,TikTok,global,,Q3_2025,net_change,900476.0,likes,508634.0,115341.0
artist,Pheelz,406946,TikTok_likes_daily,TikTok,global,,Q4_2024,net_change,728829.0,likes,-56306.0,
artist,Pheelz,406946,TikTok_likes_daily,TikTok,global,,Q4_2025,net_change,733449.0,likes,-167027.0,4620.0
artist,Pheelz,406946,Twitter_followers_daily,Twitter,global,,Q1_2024,net_change,842.0,followers,,
artist,Pheelz,406946,Twitter_followers_daily,Twitter,global,,Q1_2025,net_change,3117.0,followers,-5896.0,2275.0
artist,Pheelz,406946,Twitter_followers_daily,Twitter,global,,Q2_2024,net_change,-141.0,followers,-983.0,
artist,Pheelz,406946,Twitter_followers_daily,Twitter,global,,Q2_2025,net_change,4086.0,followers,969.0,4227.0
artist,Pheelz,406946,Twitter_followers_daily,Twitter,global,,Q3_2024,net_change,3073.0,followers,3214.0,
artist,Pheelz,406946,Twitter_followers_daily,Twitter,global,,Q3_2025,net_change,2705.0,followers,-1381.0,-368.0
artist,Pheelz,406946,Twitter_followers_daily,Twitter,global,,Q4_2024,net_change,9013.0,followers,5940.0,
artist,Pheelz,406946,Twitter_followers_daily,Twitter,global,,Q4_2025,net_change,1954.0,followers,-751.0,-7059.0
artist,Pheelz,406946,Wikipedia_views_daily,Wikipedia,global,,Q1_2024,sum,17450.0,views,,
artist,Pheelz,406946,Wikipedia_views_daily,Wikipedia,global,,Q1_2025,sum,5810.0,views,-1218.0,-11640.0
artist,Pheelz,406946,Wikipedia_views_daily,Wikipedia,global,,Q2_2024,sum,8013.0,views,-9437.0,
artist,Pheelz,406946,Wikipedia_views_daily,Wikipedia,global,,Q2_2025,sum,5210.0,views,-600.0,-2803.0
artist,Pheelz,406946,Wikipedia_views_daily,Wikipedia,global,,Q3_2024,sum,8923.0,views,910.0,
artist,Pheelz,406946,Wikipedia_views_daily,Wikipedia,global,,Q3_2025,sum,4744.0,views,-466.0,-4179.0
artist,Pheelz,406946,Wikipedia_views_daily,Wikipedia,global,,Q4_2024,sum,7028.0,views,-1895.0,
artist,Pheelz,406946,Wikipedia_views_daily,Wikipedia,global,,Q4_2025,sum,5144.0,views,400.0,-1884.0
artist,Pheelz,406946,YouTube_subscribers_daily,YouTube,global,,Q1_2024,net_change,12000.0,subscribers,,
artist,Pheelz,406946,YouTube_subscribers_daily,YouTube,global,,Q1_2025,net_change,6006.0,subscribers,-2973.0,-5994.0
artist,Pheelz,406946,YouTube_subscribers_daily,YouTube,global,,Q2_2024,net_change,7000.0,subscribers,-5000.0,
artist,Pheelz,406946,YouTube_subscribers_daily,YouTube,global,,Q2_2025,net_change,7045.0,subscribers,1039.0,45.0
artist,Pheelz,406946,YouTube_subscribers_daily,YouTube,global,,Q3_2024,net_change,7800.0,subscribers,800.0,
artist,Pheelz,406946,YouTube_subscribers_daily,YouTube,global,,Q3_2025,net_change,7576.0,subscribers,531.0,-224.0
artist,Pheelz,406946,YouTube_subscribers_daily,YouTube,global,,Q4_2024,net_change,8979.0,subscribers,1179.0,
artist,Pheelz,406946,YouTube_subscribers_daily,YouTube,global,,Q4_2025,net_change,8000.0,subscribers,424.0,-979.0
artist,Praiz,310091,Instagram_followers_daily,Instagram,global,,Q1_2024,net_change,-189.0,followers,,
artist,Praiz,310091,Instagram_followers_daily,Instagram,global,,Q1_2025,net_change,-3326.0,followers,851.0,-3137.0
artist,Praiz,310091,Instagram_followers_daily,Instagram,global,,Q2_2024,net_change,-604.0,followers,-415.0,
artist,Praiz,310091,Instagram_followers_daily,Instagram,global,,Q2_2025,net_change,-2943.0,followers,383.0,-2339.0
artist,Praiz,310091,Instagram_followers_daily,Instagram,global,,Q3_2024,net_change,-6520.0,followers,-5916.0,
artist,Praiz,310091,Instagram_followers_daily,Instagram,global,,Q3_2025,net_change,0.0,followers,2943.0,6520.0
artist,Praiz,310091,Instagram_followers_daily,Instagram,global,,Q4_2024,net_change,-4177.0,followers,2343.0,
artist,Praiz,310091,Instagram_followers_daily,Instagram,global,,Q4_2025,net_change,0.0,followers,0.0,4177.0
artist,Praiz,310091,Soundcloud_followers_daily,Soundcloud,global,,Q1_2024,net_change,2.0,followers,,
artist,Praiz,310091,Soundcloud_followers_daily,Soundcloud,global,,Q1_2025,net_change,0.0,followers,,-2.0
artist,Praiz,310091,Soundcloud_followers_daily,Soundcloud,global,,Q2_2024,net_change,2.0,followers,0.0,
artist,Praiz,310091,Soundcloud_followers_daily,Soundcloud,global,,Q2_2025,net_change,-1.0,followers,-1.0,-3.0
artist,Praiz,310091,Soundcloud_followers_daily,Soundcloud,global,,Q3_2025,net_change,0.0,followers,1.0,
artist,Praiz,310091,Soundcloud_followers_daily,Soundcloud,global,,Q4_2025,net_change,3.0,followers,3.0,
artist,Praiz,310091,Spotify_followers_daily,Spotify,global,,Q1_2024,net_change,1259.0,followers,,
artist,Praiz,310091,Spotify_followers_daily,Spotify,global,,Q1_2025,net_change,928.0,followers,145.0,-331.0
artist,Praiz,310091,Spotify_followers_daily,Spotify,global,,Q2_2024,net_change,1263.0,followers,4.0,
artist,Praiz,310091,Spotify_followers_daily,Spotify,global,,Q2_2025,net_change,539.0,followers,-389.0,-724.0
artist,Praiz,310091,Spotify_followers_daily,Spotify,global,,Q3_2024,net_change,780.0,followers,-483.0,
artist,Praiz,310091,Spotify_followers_daily,Spotify,global,,Q3_2025,net_change,501.0,followers,-38.0,-279.0
artist,Praiz,310091,Spotify_followers_daily,Spotify,global,,Q4_2024,net_change,783.0,followers,3.0,
artist,Praiz,310091,Spotify_followers_daily,Spotify,global,,Q4_2025,net_change,692.0,followers,191.0,-91.0
artist,Praiz,310091,Spotify_monthly_listeners_daily,Spotify,global,,Q1_2024,net_change,-20668.0,listeners,,
artist,Praiz,310091,Spotify_monthly_listeners_daily,Spotify,global,,Q1_2025,net_change,-45864.0,listeners,-85325.0,-25196.0
artist,Praiz,310091,Spotify_monthly_listeners_daily,Spotify,global,,Q2_2024,net_change,-62527.0,listeners,-41859.0,
artist,Praiz,310091,Spotify_monthly_listeners_daily,Spotify,global,,Q2_2025,net_change,7632.0,listeners,53496.0,70159.0
artist,Praiz,310091,Spotify_monthly_listeners_daily,Spotify,global,,Q3_2024,net_change,-13740.0,listeners,48787.0,
artist,Praiz,310091,Spotify_monthly_listeners_daily,Spotify,global,,Q3_2025,net_change,20898.0,listeners,13266.0,34638.0
artist,Praiz,310091,Spotify_monthly_listeners_daily,Spotify,global,,Q4_2024,net_change,39461.0,listeners,53201.0,
artist,Praiz,310091,Spotify_monthly_listeners_daily,Spotify,global,,Q4_2025,net_change,3600.0,listeners,-17298.0,-35861.0
artist,Praiz,310091,TikTok_followers_daily,TikTok,global,,Q1_2024,net_change,6.0,followers,,
artist,Praiz,310091,TikTok_followers_daily,TikTok,global,,Q1_2025,net_change,-6.0,followers,-2.0,-12.0
artist,Praiz,310091,TikTok_followers_daily,TikTok,global,,Q2_2024,net_change,9.0,followers,3.0,
artist,Praiz,310091,TikTok_followers_daily,TikTok,global,,Q2_2025,net_change,-4.0,followers,2.0,-13.0
artist,Praiz,310091,TikTok_followers_daily,TikTok,global,,Q3_2024,net_change,0.0,followers,-9.0,
artist,Praiz,310091,TikTok_followers_daily,TikTok,global,,Q3_2025,net_change,-4.0,followers,0.0,-4.0
artist,Praiz,310091,TikTok_followers_daily,TikTok,global,,Q4_2024,net_change,-4.0,followers,-4.0,
artist,Praiz,310091,TikTok_followers_daily,TikTok,global,,Q4_2025,net_change,-9.0,followers,-5.0,-5.0
artist,Praiz,310091,TikTok_likes_daily,TikTok,global,,Q1_2024,net_change,0.0,likes,,
artist,Praiz,310091,TikTok_likes_daily,TikTok,global,,Q1_2025,net_change,0.0,likes,0.0,0.0
artist,Praiz,310091,TikTok_likes_daily,TikTok,global,,Q2_2024,net_change,1.0,likes,1.0,
artist,Praiz,310091,TikTok_likes_daily,TikTok,global,,Q2_2025,net_change,0.0,likes,0.0,-1.0
artist,Praiz,310091,TikTok_likes_daily,TikTok,global,,Q3_2024,net_change,1.0,likes,0.0,
artist,Praiz,310091,TikTok_likes_daily,TikTok,global,,Q3_2025,net_change,0.0,likes,0.0,-1.0
artist,Praiz,310091,TikTok_likes_daily,TikTok,global,,Q4_2024,net_change,0.0,likes,-1.0,
artist,Praiz,310091,TikTok_likes_daily,TikTok,global,,Q4_2025,net_change,5.0,likes,5.0,5.0
artist,Praiz,310091,Wikipedia_views_daily,Wikipedia,global,,Q1_2024,sum,2318.0,views,,
artist,Praiz,310091,Wikipedia_views_daily,Wikipedia,global,,Q1_2025,sum,1948.0,views,-126.0,-370.0
artist,Praiz,310091,Wikipedia_views_daily,Wikipedia,global,,Q2_2024,sum,2164.0,views,-154.0,
artist,Praiz,310091,Wikipedia_views_daily,Wikipedia,global,,Q2_2025,sum,2023.0,views,75.0,-141.0
artist,Praiz,310091,Wikipedia_views_daily,Wikipedia,global,,Q3_2024,sum,1916.0,views,-248.0,
artist,Praiz,310091,Wikipedia_views_daily,Wikipedia,global,,Q3_2025,sum,1727.0,views,-296.0,-189.0
artist,Praiz,310091,Wikipedia_views_daily,Wikipedia,global,,Q4_2024,sum,2074.0,views,158.0,
artist,Praiz,310091,Wikipedia_views_daily,Wikipedia,global,,Q4_2025,sum,1576.0,views,-151.0,-498.0
artist,Prettyboy D-O,918914,Instagram_followers_daily,Instagram,global,,Q1_2024,net_change,3869.0,followers,,
artist,Prettyboy D-O,918914,Instagram_followers_daily,Instagram,global,,Q1_2025,net_change,-2461.0,followers,1470.0,-6330.0
artist,Prettyboy D-O,918914,Instagram_followers_daily,Instagram,global,,Q2_2024,net_change,-271.0,followers,-4140.0,
artist,Prettyboy D-O,918914,Instagram_followers_daily,Instagram,global,,Q2_2025,net_change,-2356.0,followers,105.0,-2085.0
artist,Prettyboy D-O,918914,Instagram_followers_daily,Instagram,global,,Q3_2024,net_change,-4715.0,followers,-4444.0,
artist,Prettyboy D-O,918914,Instagram_followers_daily,Instagram,global,,Q3_2025,net_change,-1294.0,followers,1062.0,3421.0
artist,Prettyboy D-O,918914,Instagram_followers_daily,Instagram,global,,Q4_2024,net_change,-3931.0,followers,784.0,
artist,Prettyboy D-O,918914,Instagram_followers_daily,Instagram,global,,Q4_2025,net_change,-1063.0,followers,231.0,2868.0
artist,Prettyboy D-O,918914,Spotify_followers_daily,Spotify,global,,Q1_2025,net_change,705.0,followers,162.0,
artist,Prettyboy D-O,918914,Spotify_followers_daily,Spotify,global,,Q2_2024,net_change,2850.0,followers,,
artist,Prettyboy D-O,918914,Spotify_followers_daily,Spotify,global,,Q2_2025,net_change,585.0,followers,-120.0,-2265.0
artist,Prettyboy D-O,918914,Spotify_followers_daily,Spotify,global,,Q3_2024,net_change,746.0,followers,-2104.0,
artist,Prettyboy D-O,918914,Spotify_followers_daily,Spotify,global,,Q3_2025,net_change,516.0,followers,-69.0,-230.0
artist,Prettyboy D-O,918914,Spotify_followers_daily,Spotify,global,,Q4_2024,net_change,543.0,followers,-203.0,
artist,Prettyboy D-O,918914,Spotify_followers_daily,Spotify,global,,Q4_2025,net_change,1587.0,followers,1071.0,1044.0
artist,Prettyboy D-O,918914,Spotify_monthly_listeners_daily,Spotify,global,,Q1_2024,net_change,22514.0,listeners,,
artist,Prettyboy D-O,918914,Spotify_monthly_listeners_daily,Spotify,global,,Q2_2024,net_change,11884.0,listeners,-10630.0,
artist,Prettyboy D-O,918914,Spotify_monthly_listeners_daily,Spotify,global,,Q3_2024,net_change,-50817.0,listeners,-62701.0,
artist,Prettyboy D-O,918914,Spotify_monthly_listeners_daily,Spotify,global,,Q3_2025,net_change,-25652.0,listeners,,25165.0
artist,Prettyboy D-O,918914,Spotify_monthly_listeners_daily,Spotify,global,,Q4_2024,net_change,-4834.0,listeners,45983.0,
artist,Prettyboy D-O,918914,Spotify_monthly_listeners_daily,Spotify,global,,Q4_2025,net_change,38643.0,listeners,64295.0,43477.0
artist,Prettyboy D-O,918914,TikTok_followers_daily,TikTok,global,,Q1_2024,net_change,837.0,followers,,
artist,Prettyboy D-O,918914,TikTok_followers_daily,TikTok,global,,Q1_2025,net_change,-90.0,followers,25.0,-927.0
artist,Prettyboy D-O,918914,TikTok_followers_daily,TikTok,global,,Q2_2024,net_change,73.0,followers,-764.0,
artist,Prettyboy D-O,918914,TikTok_followers_daily,TikTok,global,,Q2_2025,net_change,-86.0,followers,4.0,-159.0
artist,Prettyboy D-O,918914,TikTok_followers_daily,TikTok,global,,Q3_2025,net_change,130.0,followers,216.0,
artist,Prettyboy D-O,918914,TikTok_followers_daily,TikTok,global,,Q4_2024,net_change,-115.0,followers,,
artist,Prettyboy D-O,918914,TikTok_followers_daily,TikTok,global,,Q4_2025,net_change,40.0,followers,-90.0,155.0
artist,Prettyboy D-O,918914,TikTok_likes_daily,TikTok,global,,Q1_2024,net_change,8400.0,likes,,
artist,Prettyboy D-O,918914,TikTok_likes_daily,TikTok,global,,Q1_2025,net_change,685.0,likes,519.0,-7715.0
artist,Prettyboy D-O,918914,TikTok_likes_daily,TikTok,global,,Q2_2024,net_change,2303.0,likes,-6097.0,
artist,Prettyboy D-O,918914,TikTok_likes_daily,TikTok,global,,Q2_2025,net_change,1267.0,likes,582.0,-1036.0
artist,Prettyboy D-O,918914,TikTok_likes_daily,TikTok,global,,Q3_2024,net_change,247.0,likes,-2056.0,
artist,Prettyboy D-O,918914,TikTok_likes_daily,TikTok,global,,Q3_2025,net_change,4458.0,likes,3191.0,4211.0
artist,Prettyboy D-O,918914,TikTok_likes_daily,TikTok,global,,Q4_2024,net_change,166.0,likes,-81.0,
artist,Prettyboy D-O,918914,TikTok_likes_daily,TikTok,global,,Q4_2025,net_change,7172.0,likes,2714.0,7006.0
artist,Prettyboy D-O,918914,Twitter_followers_daily,Twitter,global,,Q1_2024,net_change,71.0,followers,,
artist,Prettyboy D-O,918914,Twitter_followers_daily,Twitter,global,,Q1_2025,net_change,1339.0,followers,375.0,1268.0
artist,Prettyboy D-O,918914,Twitter_followers_daily,Twitter,global,,Q2_2024,net_change,798.0,followers,727.0,
artist,Prettyboy D-O,918914,Twitter_followers_daily,Twitter,global,,Q2_2025,net_change,2292.0,followers,953.0,1494.0
artist,Prettyboy D-O,918914,Twitter_followers_daily,Twitter,global,,Q3_2024,net_change,141.0,followers,-657.0,
artist,Prettyboy D-O,918914,Twitter_followers_daily,Twitter,global,,Q3_2025,net_change,1608.0,followers,-684.0,1467.0
artist,Prettyboy D-O,918914,Twitter_followers_daily,Twitter,global,,Q4_2024,net_change,964.0,followers,823.0,
artist,Prettyboy D-O,918914,Twitter_followers_daily,Twitter,global,,Q4_2025,net_change,1165.0,followers,-443.0,201.0
artist,Prettyboy D-O,918914,YouTube_subscribers_daily,YouTube,global,,Q1_2024,net_change,200.0,subscribers,,
artist,Prettyboy D-O,918914,YouTube_subscribers_daily,YouTube,global,,Q1_2025,net_change,99.0,subscribers,32.0,-101.0
artist,Prettyboy D-O,918914,YouTube_subscribers_daily,YouTube,global,,Q2_2024,net_change,100.0,subscribers,-100.0,
artist,Prettyboy D-O,918914,YouTube_subscribers_daily,YouTube,global,,Q2_2025,net_change,161.0,subscribers,62.0,61.0
artist,Prettyboy D-O,918914,YouTube_subscribers_daily,YouTube,global,,Q3_2024,net_change,80.0,subscribers,-20.0,
artist,Prettyboy D-O,918914,YouTube_subscribers_daily,YouTube,global,,Q3_2025,net_change,99.0,subscribers,-62.0,19.0
artist,Prettyboy D-O,918914,YouTube_subscribers_daily,YouTube,global,,Q4_2024,net_change,67.0,subscribers,-13.0,
artist,Prettyboy D-O,918914,YouTube_subscribers_daily,YouTube,global,,Q4_2025,net_change,87.0,subscribers,-12.0,20.0
artist,Qing Madi,9785228,Instagram_followers_daily,Instagram,global,,Q1_2024,net_change,82669.0,followers,,
artist,Qing Madi,9785228,Instagram_followers_daily,Instagram,global,,Q1_2025,net_change,16432.0,followers,-31351.0,-66237.0
artist,Qing Madi,9785228,Instagram_followers_daily,Instagram,global,,Q2_2024,net_change,96971.0,followers,14302.0,
artist,Qing Madi,9785228,Instagram_followers_daily,Instagram,global,,Q2_2025,net_change,-9378.0,followers,-25810.0,-106349.0
artist,Qing Madi,9785228,Instagram_followers_daily,Instagram,global,,Q3_2024,net_change,43756.0,followers,-53215.0,
artist,Qing Madi,9785228,Instagram_followers_daily,Instagram,global,,Q3_2025,net_change,26816.0,followers,36194.0,-16940.0
artist,Qing Madi,9785228,Instagram_followers_daily,Instagram,global,,Q4_2024,net_change,47783.0,followers,4027.0,
artist,Qing Madi,9785228,Instagram_followers_daily,Instagram,global,,Q4_2025,net_change,32676.0,followers,5860.0,-15107.0
artist,Qing Madi,9785228,Soundcloud_followers_daily,Soundcloud,global,,Q1_2025,net_change,105.0,followers,93.0,
artist,Qing Madi,9785228,Soundcloud_followers_daily,Soundcloud,global,,Q2_2024,net_change,0.0,followers,,
artist,Qing Madi,9785228,Soundcloud_followers_daily,Soundcloud,global,,Q2_2025,net_change,19.0,followers,-86.0,19.0
artist,Qing Madi,9785228,Soundcloud_followers_daily,Soundcloud,global,,Q4_2024,net_change,12.0,followers,,
artist,Qing Madi,9785228,Soundcloud_followers_daily,Soundcloud,global,,Q4_2025,net_change,104.0,followers,,92.0
artist,Qing Madi,9785228,Spotify_followers_daily,Spotify,global,,Q1_2024,net_change,73733.0,followers,,
artist,Qing Madi,9785228,Spotify_followers_daily,Spotify,global,,Q1_2025,net_change,78421.0,followers,-37541.0,4688.0
artist,Qing Madi,9785228,Spotify_followers_daily,Spotify,global,,Q2_2025,net_change,73547.0,followers,-4874.0,
artist,Qing Madi,9785228,Spotify_followers_daily,Spotify,global,,Q3_2024,net_change,153767.0,followers,,
artist,Qing Madi,9785228,Spotify_followers_daily,Spotify,global,,Q3_2025,net_change,39195.0,followers,-34352.0,-114572.0
artist,Qing Madi,9785228,Spotify_followers_daily,Spotify,global,,Q4_2024,net_change,115962.0,followers,-37805.0,
artist,Qing Madi,9785228,Spotify_followers_daily,Spotify,global,,Q4_2025,net_change,56849.0,followers,17654.0,-59113.0
artist,Qing Madi,9785228,Spotify_monthly_listeners_daily,Spotify,global,,Q1_2024,net_change,776688.0,listeners,,
artist,Qing Madi,9785228,Spotify_monthly_listeners_daily,Spotify,global,,Q1_2025,net_change,-412890.0,listeners,-651261.0,-1189578.0
artist,Qing Madi,9785228,Spotify_monthly_listeners_daily,Spotify,global,,Q2_2024,net_change,687615.0,listeners,-89073.0,
artist,Qing Madi,9785228,Spotify_monthly_listeners_daily,Spotify,global,,Q2_2025,net_change,300136.0,listeners,713026.0,-387479.0
artist,Qing Madi,9785228,Spotify_monthly_listeners_daily,Spotify,global,,Q3_2024,net_change,-532910.0,listeners,-1220525.0,
artist,Qing Madi,9785228,Spotify_monthly_listeners_daily,Spotify,global,,Q3_2025,net_change,-7516.0,listeners,-307652.0,525394.0
artist,Qing Madi,9785228,Spotify_monthly_listeners_daily,Spotify,global,,Q4_2024,net_change,238371.0,listeners,771281.0,
artist,Qing Madi,9785228,Spotify_monthly_listeners_daily,Spotify,global,,Q4_2025,net_change,-51511.0,listeners,-43995.0,-289882.0
artist,Qing Madi,9785228,TikTok_followers_daily,TikTok,global,,Q1_2024,net_change,341500.0,followers,,
artist,Qing Madi,9785228,TikTok_followers_daily,TikTok,global,,Q1_2025,net_change,40746.0,followers,-35087.0,-300754.0
artist,Qing Madi,9785228,TikTok_followers_daily,TikTok,global,,Q2_2024,net_change,151400.0,followers,-190100.0,
artist,Qing Madi,9785228,TikTok_followers_daily,TikTok,global,,Q2_2025,net_change,36437.0,followers,-4309.0,-114963.0
artist,Qing Madi,9785228,TikTok_followers_daily,TikTok,global,,Q3_2024,net_change,165933.0,followers,14533.0,
artist,Qing Madi,9785228,TikTok_followers_daily,TikTok,global,,Q3_2025,net_change,58097.0,followers,21660.0,-107836.0
artist,Qing Madi,9785228,TikTok_followers_daily,TikTok,global,,Q4_2024,net_change,75833.0,followers,-90100.0,
artist,Qing Madi,9785228,TikTok_followers_daily,TikTok,global,,Q4_2025,net_change,122583.0,followers,64486.0,46750.0
artist,Qing Madi,9785228,TikTok_likes_daily,TikTok,global,,Q1_2024,net_change,9900000.0,likes,,
artist,Qing Madi,9785228,TikTok_likes_daily,TikTok,global,,Q1_2025,net_change,2773076.0,likes,-2086924.0,-7126924.0
artist,Qing Madi,9785228,TikTok_likes_daily,TikTok,global,,Q2_2024,net_change,4700000.0,likes,-5200000.0,
artist,Qing Madi,9785228,TikTok_likes_daily,TikTok,global,,Q2_2025,net_change,821860.0,likes,-1951216.0,-3878140.0
artist,Qing Madi,9785228,TikTok_likes_daily,TikTok,global,,Q3_2024,net_change,4620000.0,likes,-80000.0,
artist,Qing Madi,9785228,TikTok_likes_daily,TikTok,global,,Q3_2025,net_change,7082108.0,likes,6260248.0,2462108.0
artist,Qing Madi,9785228,TikTok_likes_daily,TikTok,global,,Q4_2024,net_change,4860000.0,likes,240000.0,
artist,Qing Madi,9785228,TikTok_likes_daily,TikTok,global,,Q4_2025,net_change,10327500.0,likes,3245392.0,5467500.0
artist,Qing Madi,9785228,Twitter_followers_daily,Twitter,global,,Q1_2024,net_change,1358.0,followers,,
artist,Qing Madi,9785228,Twitter_followers_daily,Twitter,global,,Q1_2025,net_change,1814.0,followers,-1688.0,456.0
artist,Qing Madi,9785228,Twitter_followers_daily,Twitter,global,,Q2_2024,net_change,11319.0,followers,9961.0,
artist,Qing Madi,9785228,Twitter_followers_daily,Twitter,global,,Q2_2025,net_change,-112.0,followers,-1926.0,-11431.0
artist,Qing Madi,9785228,Twitter_followers_daily,Twitter,global,,Q3_2024,net_change,8770.0,followers,-2549.0,
artist,Qing Madi,9785228,Twitter_followers_daily,Twitter,global,,Q3_2025,net_change,-219.0,followers,-107.0,-8989.0
artist,Qing Madi,9785228,Twitter_followers_daily,Twitter,global,,Q4_2024,net_change,3502.0,followers,-5268.0,
artist,Qing Madi,9785228,Twitter_followers_daily,Twitter,global,,Q4_2025,net_change,128.0,followers,347.0,-3374.0
artist,Qing Madi,9785228,Wikipedia_views_daily,Wikipedia,global,,Q1_2024,sum,49250.0,views,,
artist,Qing Madi,9785228,Wikipedia_views_daily,Wikipedia,global,,Q1_2025,sum,17854.0,views,1462.0,-31396.0
artist,Qing Madi,9785228,Wikipedia_views_daily,Wikipedia,global,,Q2_2024,sum,40432.0,views,-8818.0,
artist,Qing Madi,9785228,Wikipedia_views_daily,Wikipedia,global,,Q2_2025,sum,16660.0,views,-1194.0,-23772.0
artist,Qing Madi,9785228,Wikipedia_views_daily,Wikipedia,global,,Q3_2024,sum,22191.0,views,-18241.0,
artist,Qing Madi,9785228,Wikipedia_views_daily,Wikipedia,global,,Q3_2025,sum,15845.0,views,-815.0,-6346.0
artist,Qing Madi,9785228,Wikipedia_views_daily,Wikipedia,global,,Q4_2024,sum,16392.0,views,-5799.0,
artist,Qing Madi,9785228,Wikipedia_views_daily,Wikipedia,global,,Q4_2025,sum,21093.0,views,5248.0,4701.0
artist,Qing Madi,9785228,YouTube_subscribers_daily,YouTube,global,,Q1_2024,net_change,47800.0,subscribers,,
artist,Qing Madi,9785228,YouTube_subscribers_daily,YouTube,global,,Q1_2025,net_change,28417.0,subscribers,-2583.0,-19383.0
artist,Qing Madi,9785228,YouTube_subscribers_daily,YouTube,global,,Q2_2024,net_change,57000.0,subscribers,9200.0,
artist,Qing Madi,9785228,YouTube_subscribers_daily,YouTube,global,,Q2_2025,net_change,20286.0,subscribers,-8131.0,-36714.0
artist,Qing Madi,9785228,YouTube_subscribers_daily,YouTube,global,,Q3_2024,net_change,38667.0,subscribers,-18333.0,
artist,Qing Madi,9785228,YouTube_subscribers_daily,YouTube,global,,Q3_2025,net_change,23071.0,subscribers,2785.0,-15596.0
artist,Qing Madi,9785228,YouTube_subscribers_daily,YouTube,global,,Q4_2024,net_change,31000.0,subscribers,-7667.0,
artist,Qing Madi,9785228,YouTube_subscribers_daily,YouTube,global,,Q4_2025,net_change,23750.0,subscribers,679.0,-7250.0
artist,Reekado Banks,237551,Bandsintown_followers_daily,Bandsintown,global,,Q1_2024,net_change,132.0,followers,,
artist,Reekado Banks,237551,Bandsintown_followers_daily,Bandsintown,global,,Q1_2025,net_change,280.0,followers,-271.0,148.0
artist,Reekado Banks,237551,Bandsintown_followers_daily,Bandsintown,global,,Q2_2024,net_change,234.0,followers,102.0,
artist,Reekado Banks,237551,Bandsintown_followers_daily,Bandsintown,global,,Q2_2025,net_change,457.0,followers,177.0,223.0
artist,Reekado Banks,237551,Bandsintown_followers_daily,Bandsintown,global,,Q3_2024,net_change,259.0,followers,25.0,
artist,Reekado Banks,237551,Bandsintown_followers_daily,Bandsintown,global,,Q3_2025,net_change,514.0,followers,57.0,255.0
artist,Reekado Banks,237551,Bandsintown_followers_daily,Bandsintown,global,,Q4_2024,net_change,551.0,followers,292.0,
artist,Reekado Banks,237551,Bandsintown_followers_daily,Bandsintown,global,,Q4_2025,net_change,14853.0,followers,14339.0,14302.0
artist,Reekado Banks,237551,Instagram_followers_daily,Instagram,global,,Q1_2024,net_change,13848.0,followers,,
artist,Reekado Banks,237551,Instagram_followers_daily,Instagram,global,,Q1_2025,net_change,-67331.0,followers,20928.0,-81179.0
artist,Reekado Banks,237551,Instagram_followers_daily,Instagram,global,,Q2_2024,net_change,-18396.0,followers,-32244.0,
artist,Reekado Banks,237551,Instagram_followers_daily,Instagram,global,,Q2_2025,net_change,-65307.0,followers,2024.0,-46911.0
artist,Reekado Banks,237551,Instagram_followers_daily,Instagram,global,,Q3_2024,net_change,-135682.0,followers,-117286.0,
artist,Reekado Banks,237551,Instagram_followers_daily,Instagram,global,,Q3_2025,net_change,7906.0,followers,73213.0,143588.0
artist,Reekado Banks,237551,Instagram_followers_daily,Instagram,global,,Q4_2024,net_change,-88259.0,followers,47423.0,
artist,Reekado Banks,237551,Instagram_followers_daily,Instagram,global,,Q4_2025,net_change,-27477.0,followers,-35383.0,60782.0
artist,Reekado Banks,237551,Soundcloud_followers_daily,Soundcloud,global,,Q1_2024,net_change,205.0,followers,,
artist,Reekado Banks,237551,Soundcloud_followers_daily,Soundcloud,global,,Q2_2024,net_change,97.0,followers,-108.0,
artist,Reekado Banks,237551,Soundcloud_followers_daily,Soundcloud,global,,Q2_2025,net_change,12.0,followers,,-85.0
artist,Reekado Banks,237551,Soundcloud_followers_daily,Soundcloud,global,,Q4_2025,net_change,61.0,followers,,
artist,Reekado Banks,237551,Spotify_followers_daily,Spotify,global,,Q1_2024,net_change,42373.0,followers,,
artist,Reekado Banks,237551,Spotify_followers_daily,Spotify,global,,Q1_2025,net_change,47232.0,followers,3883.0,4859.0
artist,Reekado Banks,237551,Spotify_followers_daily,Spotify,global,,Q2_2024,net_change,39316.0,followers,-3057.0,
artist,Reekado Banks,237551,Spotify_followers_daily,Spotify,global,,Q2_2025,net_change,48701.0,followers,1469.0,9385.0
artist,Reekado Banks,237551,Spotify_followers_daily,Spotify,global,,Q3_2024,net_change,27271.0,followers,-12045.0,
artist,Reekado Banks,237551,Spotify_followers_daily,Spotify,global,,Q3_2025,net_change,49404.0,followers,703.0,22133.0
artist,Reekado Banks,237551,Spotify_followers_daily,Spotify,global,,Q4_2024,net_change,43349.0,followers,16078.0,
artist,Reekado Banks,237551,Spotify_followers_daily,Spotify,global,,Q4_2025,net_change,69470.0,followers,20066.0,26121.0
artist,Reekado Banks,237551,Spotify_monthly_listeners_daily,Spotify,global,,Q1_2024,net_change,-31290.0,listeners,,
artist,Reekado Banks,237551,Spotify_monthly_listeners_daily,Spotify,global,,Q2_2024,net_change,41297.0,listeners,72587.0,
artist,Reekado Banks,237551,Spotify_monthly_listeners_daily,Spotify,global,,Q2_2025,net_change,114543.0,listeners,,73246.0
artist,Reekado Banks,237551,Spotify_monthly_listeners_daily,Spotify,global,,Q3_2024,net_change,35401.0,listeners,-5896.0,
artist,Reekado Banks,237551,Spotify_monthly_listeners_daily,Spotify,global,,Q3_2025,net_change,86560.0,listeners,-27983.0,51159.0
artist,Reekado Banks,237551,Spotify_monthly_listeners_daily,Spotify,global,,Q4_2024,net_change,-133004.0,listeners,-168405.0,
artist,Reekado Banks,237551,TikTok_followers_daily,TikTok,global,,Q1_2024,net_change,500.0,followers,,
artist,Reekado Banks,237551,TikTok_followers_daily,TikTok,global,,Q1_2025,net_change,2900.0,followers,-18300.0,2400.0
artist,Reekado Banks,237551,TikTok_followers_daily,TikTok,global,,Q2_2025,net_change,3675.0,followers,775.0,
artist,Reekado Banks,237551,TikTok_followers_daily,TikTok,global,,Q3_2024,net_change,2875.0,followers,,
artist,Reekado Banks,237551,TikTok_followers_daily,TikTok,global,,Q3_2025,net_change,24439.0,followers,20764.0,21564.0
artist,Reekado Banks,237551,TikTok_followers_daily,TikTok,global,,Q4_2024,net_change,21200.0,followers,18325.0,
artist,Reekado Banks,237551,TikTok_followers_daily,TikTok,global,,Q4_2025,net_change,1830.0,followers,-22609.0,-19370.0
artist,Reekado Banks,237551,TikTok_likes_daily,TikTok,global,,Q1_2024,net_change,6200.0,likes,,
artist,Reekado Banks,237551,TikTok_likes_daily,TikTok,global,,Q2_2024,net_change,34200.0,likes,28000.0,
artist,Reekado Banks,237551,TikTok_likes_daily,TikTok,global,,Q2_2025,net_change,67650.0,likes,,33450.0
artist,Reekado Banks,237551,TikTok_likes_daily,TikTok,global,,Q3_2024,net_change,34250.0,likes,50.0,
artist,Reekado Banks,237551,TikTok_likes_daily,TikTok,global,,Q3_2025,net_change,414224.0,likes,346574.0,379974.0
artist,Reekado Banks,237551,TikTok_likes_daily,TikTok,global,,Q4_2024,net_change,214900.0,likes,180650.0,
artist,Reekado Banks,237551,TikTok_likes_daily,TikTok,global,,Q4_2025,net_change,102046.0,likes,-312178.0,-112854.0
artist,Reekado Banks,237551,Twitter_followers_daily,Twitter,global,,Q1_2024,net_change,-214.0,followers,,
artist,Reekado Banks,237551,Twitter_followers_daily,Twitter,global,,Q1_2025,net_change,-302.0,followers,-4968.0,-88.0
artist,Reekado Banks,237551,Twitter_followers_daily,Twitter,global,,Q2_2024,net_change,-7768.0,followers,-7554.0,
artist,Reekado Banks,237551,Twitter_followers_daily,Twitter,global,,Q2_2025,net_change,4069.0,followers,4371.0,11837.0
artist,Reekado Banks,237551,Twitter_followers_daily,Twitter,global,,Q3_2024,net_change,-9243.0,followers,-1475.0,
artist,Reekado Banks,237551,Twitter_followers_daily,Twitter,global,,Q3_2025,net_change,261.0,followers,-3808.0,9504.0
artist,Reekado Banks,237551,Twitter_followers_daily,Twitter,global,,Q4_2024,net_change,4666.0,followers,13909.0,
artist,Reekado Banks,237551,Twitter_followers_daily,Twitter,global,,Q4_2025,net_change,-9673.0,followers,-9934.0,-14339.0
artist,Reekado Banks,237551,Wikipedia_views_daily,Wikipedia,global,,Q1_2024,sum,7570.0,views,,
artist,Reekado Banks,237551,Wikipedia_views_daily,Wikipedia,global,,Q1_2025,sum,5290.0,views,600.0,-2280.0
artist,Reekado Banks,237551,Wikipedia_views_daily,Wikipedia,global,,Q2_2024,sum,5426.0,views,-2144.0,
artist,Reekado Banks,237551,Wikipedia_views_daily,Wikipedia,global,,Q2_2025,sum,5943.0,views,653.0,517.0
artist,Reekado Banks,237551,Wikipedia_views_daily,Wikipedia,global,,Q3_2024,sum,4658.0,views,-768.0,
artist,Reekado Banks,237551,Wikipedia_views_daily,Wikipedia,global,,Q3_2025,sum,5944.0,views,1.0,1286.0
artist,Reekado Banks,237551,Wikipedia_views_daily,Wikipedia,global,,Q4_2024,sum,4690.0,views,32.0,
artist,Reekado Banks,237551,Wikipedia_views_daily,Wikipedia,global,,Q4_2025,sum,3971.0,views,-1973.0,-719.0
artist,Reekado Banks,237551,YouTube_subscribers_daily,YouTube,global,,Q1_2024,net_change,10000.0,subscribers,,
artist,Reekado Banks,237551,YouTube_subscribers_daily,YouTube,global,,Q1_2025,net_change,6686.0,subscribers,-528.0,-3314.0
artist,Reekado Banks,237551,YouTube_subscribers_daily,YouTube,global,,Q2_2024,net_change,6000.0,subscribers,-4000.0,
artist,Reekado Banks,237551,YouTube_subscribers_daily,YouTube,global,,Q2_2025,net_change,9972.0,subscribers,3286.0,3972.0
artist,Reekado Banks,237551,YouTube_subscribers_daily,YouTube,global,,Q3_2024,net_change,8714.0,subscribers,2714.0,
artist,Reekado Banks,237551,YouTube_subscribers_daily,YouTube,global,,Q3_2025,net_change,14191.0,subscribers,4219.0,5477.0
artist,Reekado Banks,237551,YouTube_subscribers_daily,YouTube,global,,Q4_2024,net_change,7214.0,subscribers,-1500.0,
artist,Reekado Banks,237551,YouTube_subscribers_daily,YouTube,global,,Q4_2025,net_change,6212.0,subscribers,-7979.0,-1002.0
artist,Reminisce,317357,Instagram_followers_daily,Instagram,global,,Q1_2024,net_change,3323.0,followers,,
artist,Reminisce,317357,Instagram_followers_daily,Instagram,global,,Q1_2025,net_change,-28407.0,followers,11051.0,-31730.0
artist,Reminisce,317357,Instagram_followers_daily,Instagram,global,,Q2_2024,net_change,-22922.0,followers,-26245.0,
artist,Reminisce,317357,Instagram_followers_daily,Instagram,global,,Q2_2025,net_change,-40328.0,followers,-11921.0,-17406.0
artist,Reminisce,317357,Instagram_followers_daily,Instagram,global,,Q3_2024,net_change,-73779.0,followers,-50857.0,
artist,Reminisce,317357,Instagram_followers_daily,Instagram,global,,Q3_2025,net_change,-4466.0,followers,35862.0,69313.0
artist,Reminisce,317357,Instagram_followers_daily,Instagram,global,,Q4_2024,net_change,-39458.0,followers,34321.0,
artist,Reminisce,317357,Instagram_followers_daily,Instagram,global,,Q4_2025,net_change,-9286.0,followers,-4820.0,30172.0
artist,Reminisce,317357,Spotify_followers_daily,Spotify,global,,Q1_2024,net_change,12178.0,followers,,
artist,Reminisce,317357,Spotify_followers_daily,Spotify,global,,Q1_2025,net_change,12574.0,followers,1047.0,396.0
artist,Reminisce,317357,Spotify_followers_daily,Spotify,global,,Q2_2025,net_change,11162.0,followers,-1412.0,
artist,Reminisce,317357,Spotify_followers_daily,Spotify,global,,Q3_2024,net_change,7417.0,followers,,
artist,Reminisce,317357,Spotify_followers_daily,Spotify,global,,Q3_2025,net_change,8840.0,followers,-2322.0,1423.0
artist,Reminisce,317357,Spotify_followers_daily,Spotify,global,,Q4_2024,net_change,11527.0,followers,4110.0,
artist,Reminisce,317357,Spotify_followers_daily,Spotify,global,,Q4_2025,net_change,10446.0,followers,1606.0,-1081.0
artist,Reminisce,317357,Spotify_monthly_listeners_daily,Spotify,global,,Q1_2024,net_change,-55048.0,listeners,,
artist,Reminisce,317357,Spotify_monthly_listeners_daily,Spotify,global,,Q1_2025,net_change,-5986.0,listeners,-35245.0,49062.0
artist,Reminisce,317357,Spotify_monthly_listeners_daily,Spotify,global,,Q2_2024,net_change,-21485.0,listeners,33563.0,
artist,Reminisce,317357,Spotify_monthly_listeners_daily,Spotify,global,,Q2_2025,net_change,77901.0,listeners,83887.0,99386.0
artist,Reminisce,317357,Spotify_monthly_listeners_daily,Spotify,global,,Q3_2024,net_change,13527.0,listeners,35012.0,
artist,Reminisce,317357,Spotify_monthly_listeners_daily,Spotify,global,,Q4_2024,net_change,29259.0,listeners,15732.0,
artist,Reminisce,317357,Spotify_monthly_listeners_daily,Spotify,global,,Q4_2025,net_change,70870.0,listeners,,41611.0
artist,Reminisce,317357,Wikipedia_views_daily,Wikipedia,global,,Q1_2024,sum,2172.0,views,,
artist,Reminisce,317357,Wikipedia_views_daily,Wikipedia,global,,Q1_2025,sum,2427.0,views,150.0,255.0
artist,Reminisce,317357,Wikipedia_views_daily,Wikipedia,global,,Q2_2024,sum,2552.0,views,380.0,
artist,Reminisce,317357,Wikipedia_views_daily,Wikipedia,global,,Q2_2025,sum,2496.0,views,69.0,-56.0
artist,Reminisce,317357,Wikipedia_views_daily,Wikipedia,global,,Q3_2024,sum,2294.0,views,-258.0,
artist,Reminisce,317357,Wikipedia_views_daily,Wikipedia,global,,Q3_2025,sum,2090.0,views,-406.0,-204.0
artist,Reminisce,317357,Wikipedia_views_daily,Wikipedia,global,,Q4_2024,sum,2277.0,views,-17.0,
artist,Reminisce,317357,Wikipedia_views_daily,Wikipedia,global,,Q4_2025,sum,2609.0,views,519.0,332.0
artist,Reminisce,317357,YouTube_subscribers_daily,YouTube,global,,Q1_2024,net_change,800.0,subscribers,,
artist,Reminisce,317357,YouTube_subscribers_daily,YouTube,global,,Q1_2025,net_change,820.0,subscribers,-95.0,20.0
artist,Reminisce,317357,YouTube_subscribers_daily,YouTube,global,,Q2_2024,net_change,800.0,subscribers,0.0,
artist,Reminisce,317357,YouTube_subscribers_daily,YouTube,global,,Q2_2025,net_change,928.0,subscribers,108.0,128.0
artist,Reminisce,317357,YouTube_subscribers_daily,YouTube,global,,Q3_2024,net_change,950.0,subscribers,150.0,
artist,Reminisce,317357,YouTube_subscribers_daily,YouTube,global,,Q3_2025,net_change,946.0,subscribers,18.0,-4.0
artist,Reminisce,317357,YouTube_subscribers_daily,YouTube,global,,Q4_2024,net_change,915.0,subscribers,-35.0,
artist,Reminisce,317357,YouTube_subscribers_daily,YouTube,global,,Q4_2025,net_change,688.0,subscribers,-258.0,-227.0
artist,Ric Hassani,638877,Bandsintown_followers_daily,Bandsintown,global,,Q1_2024,net_change,170.0,followers,,
artist,Ric Hassani,638877,Bandsintown_followers_daily,Bandsintown,global,,Q1_2025,net_change,353.0,followers,-24.0,183.0
artist,Ric Hassani,638877,Bandsintown_followers_daily,Bandsintown,global,,Q2_2024,net_change,257.0,followers,87.0,
artist,Ric Hassani,638877,Bandsintown_followers_daily,Bandsintown,global,,Q2_2025,net_change,533.0,followers,180.0,276.0
artist,Ric Hassani,638877,Bandsintown_followers_daily,Bandsintown,global,,Q3_2024,net_change,205.0,followers,-52.0,
artist,Ric Hassani,638877,Bandsintown_followers_daily,Bandsintown,global,,Q3_2025,net_change,514.0,followers,-19.0,309.0
artist,Ric Hassani,638877,Bandsintown_followers_daily,Bandsintown,global,,Q4_2024,net_change,377.0,followers,172.0,
artist,Ric Hassani,638877,Bandsintown_followers_daily,Bandsintown,global,,Q4_2025,net_change,247.0,followers,-267.0,-130.0
artist,Ric Hassani,638877,Instagram_followers_daily,Instagram,global,,Q1_2024,net_change,33579.0,followers,,
artist,Ric Hassani,638877,Instagram_followers_daily,Instagram,global,,Q1_2025,net_change,7904.0,followers,23095.0,-25675.0
artist,Ric Hassani,638877,Instagram_followers_daily,Instagram,global,,Q2_2024,net_change,81977.0,followers,48398.0,
artist,Ric Hassani,638877,Instagram_followers_daily,Instagram,global,,Q2_2025,net_change,-36736.0,followers,-44640.0,-118713.0
artist,Ric Hassani,638877,Instagram_followers_daily,Instagram,global,,Q3_2024,net_change,-10011.0,followers,-91988.0,
artist,Ric Hassani,638877,Instagram_followers_daily,Instagram,global,,Q3_2025,net_change,-11603.0,followers,25133.0,-1592.0
artist,Ric Hassani,638877,Instagram_followers_daily,Instagram,global,,Q4_2024,net_change,-15191.0,followers,-5180.0,
artist,Ric Hassani,638877,Instagram_followers_daily,Instagram,global,,Q4_2025,net_change,-14396.0,followers,-2793.0,795.0
artist,Ric Hassani,638877,Soundcloud_followers_daily,Soundcloud,global,,Q1_2024,net_change,315.0,followers,,
artist,Ric Hassani,638877,Soundcloud_followers_daily,Soundcloud,global,,Q1_2025,net_change,154.0,followers,-22.0,-161.0
artist,Ric Hassani,638877,Soundcloud_followers_daily,Soundcloud,global,,Q2_2024,net_change,208.0,followers,-107.0,
artist,Ric Hassani,638877,Soundcloud_followers_daily,Soundcloud,global,,Q2_2025,net_change,155.0,followers,1.0,-53.0
artist,Ric Hassani,638877,Soundcloud_followers_daily,Soundcloud,global,,Q3_2024,net_change,213.0,followers,5.0,
artist,Ric Hassani,638877,Soundcloud_followers_daily,Soundcloud,global,,Q3_2025,net_change,158.0,followers,3.0,-55.0
artist,Ric Hassani,638877,Soundcloud_followers_daily,Soundcloud,global,,Q4_2024,net_change,176.0,followers,-37.0,
artist,Ric Hassani,638877,Soundcloud_followers_daily,Soundcloud,global,,Q4_2025,net_change,127.0,followers,-31.0,-49.0
artist,Ric Hassani,638877,Spotify_followers_daily,Spotify,global,,Q1_2024,net_change,11955.0,followers,,
artist,Ric Hassani,638877,Spotify_followers_daily,Spotify,global,,Q1_2025,net_change,3134.0,followers,-1557.0,-8821.0
artist,Ric Hassani,638877,Spotify_followers_daily,Spotify,global,,Q2_2024,net_change,5960.0,followers,-5995.0,
artist,Ric Hassani,638877,Spotify_followers_daily,Spotify,global,,Q2_2025,net_change,4062.0,followers,928.0,-1898.0
artist,Ric Hassani,638877,Spotify_followers_daily,Spotify,global,,Q3_2024,net_change,4640.0,followers,-1320.0,
artist,Ric Hassani,638877,Spotify_followers_daily,Spotify,global,,Q3_2025,net_change,3176.0,followers,-886.0,-1464.0
artist,Ric Hassani,638877,Spotify_followers_daily,Spotify,global,,Q4_2024,net_change,4691.0,followers,51.0,
artist,Ric Hassani,638877,Spotify_followers_daily,Spotify,global,,Q4_2025,net_change,3369.0,followers,193.0,-1322.0
artist,Ric Hassani,638877,Spotify_monthly_listeners_daily,Spotify,global,,Q1_2024,net_change,-166391.0,listeners,,
artist,Ric Hassani,638877,Spotify_monthly_listeners_daily,Spotify,global,,Q1_2025,net_change,-256417.0,listeners,-423313.0,-90026.0
artist,Ric Hassani,638877,Spotify_monthly_listeners_daily,Spotify,global,,Q2_2024,net_change,-26660.0,listeners,139731.0,
artist,Ric Hassani,638877,Spotify_monthly_listeners_daily,Spotify,global,,Q3_2024,net_change,51196.0,listeners,77856.0,
artist,Ric Hassani,638877,Spotify_monthly_listeners_daily,Spotify,global,,Q3_2025,net_change,-21983.0,listeners,,-73179.0
artist,Ric Hassani,638877,Spotify_monthly_listeners_daily,Spotify,global,,Q4_2024,net_change,166896.0,listeners,115700.0,
artist,Ric Hassani,638877,TikTok_followers_daily,TikTok,global,,Q1_2025,net_change,4375.0,followers,3375.0,
artist,Ric Hassani,638877,TikTok_followers_daily,TikTok,global,,Q2_2025,net_change,11900.0,followers,7525.0,
artist,Ric Hassani,638877,TikTok_followers_daily,TikTok,global,,Q3_2025,net_change,5100.0,followers,-6800.0,
artist,Ric Hassani,638877,TikTok_followers_daily,TikTok,global,,Q4_2024,net_change,1000.0,followers,,
artist,Ric Hassani,638877,TikTok_followers_daily,TikTok,global,,Q4_2025,net_change,3985.0,followers,-1115.0,2985.0
artist,Ric Hassani,638877,TikTok_likes_daily,TikTok,global,,Q1_2025,net_change,26750.0,likes,19450.0,
artist,Ric Hassani,638877,TikTok_likes_daily,TikTok,global,,Q3_2025,net_change,75600.0,likes,,
artist,Ric Hassani,638877,TikTok_likes_daily,TikTok,global,,Q4_2024,net_change,7300.0,likes,,
artist,Ric Hassani,638877,TikTok_likes_daily,TikTok,global,,Q4_2025,net_change,52370.0,likes,-23230.0,45070.0
artist,Ric Hassani,638877,Twitter_followers_daily,Twitter,global,,Q1_2024,net_change,-331.0,followers,,
artist,Ric Hassani,638877,Twitter_followers_daily,Twitter,global,,Q1_2025,net_change,-631.0,followers,8.0,-300.0
artist,Ric Hassani,638877,Twitter_followers_daily,Twitter,global,,Q2_2024,net_change,-476.0,followers,-145.0,
artist,Ric Hassani,638877,Twitter_followers_daily,Twitter,global,,Q2_2025,net_change,1116.0,followers,1747.0,1592.0
artist,Ric Hassani,638877,Twitter_followers_daily,Twitter,global,,Q3_2024,net_change,-717.0,followers,-241.0,
artist,Ric Hassani,638877,Twitter_followers_daily,Twitter,global,,Q3_2025,net_change,-320.0,followers,-1436.0,397.0
artist,Ric Hassani,638877,Twitter_followers_daily,Twitter,global,,Q4_2024,net_change,-639.0,followers,78.0,
artist,Ric Hassani,638877,Twitter_followers_daily,Twitter,global,,Q4_2025,net_change,-968.0,followers,-648.0,-329.0
artist,Ric Hassani,638877,YouTube_subscribers_daily,YouTube,global,,Q1_2025,net_change,11555.0,subscribers,8755.0,
artist,Ric Hassani,638877,YouTube_subscribers_daily,YouTube,global,,Q2_2025,net_change,14288.0,subscribers,2733.0,
artist,Ric Hassani,638877,YouTube_subscribers_daily,YouTube,global,,Q3_2025,net_change,10667.0,subscribers,-3621.0,
artist,Ric Hassani,638877,YouTube_subscribers_daily,YouTube,global,,Q4_2024,net_change,2800.0,subscribers,,
artist,Ric Hassani,638877,YouTube_subscribers_daily,YouTube,global,,Q4_2025,net_change,8155.0,subscribers,-2512.0,5355.0
artist,Sarz,308113,Instagram_followers_daily,Instagram,global,,Q1_2024,net_change,15668.0,followers,,
artist,Sarz,308113,Instagram_followers_daily,Instagram,global,,Q1_2025,net_change,-11301.0,followers,-4799.0,-26969.0
artist,Sarz,308113,Instagram_followers_daily,Instagram,global,,Q2_2024,net_change,28220.0,followers,12552.0,
artist,Sarz,308113,Instagram_followers_daily,Instagram,global,,Q2_2025,net_change,-10465.0,followers,836.0,-38685.0
artist,Sarz,308113,Instagram_followers_daily,Instagram,global,,Q3_2024,net_change,-17612.0,followers,-45832.0,
artist,Sarz,308113,Instagram_followers_daily,Instagram,global,,Q3_2025,net_change,28228.0,followers,38693.0,45840.0
artist,Sarz,308113,Instagram_followers_daily,Instagram,global,,Q4_2024,net_change,-6502.0,followers,11110.0,
artist,Sarz,308113,Instagram_followers_daily,Instagram,global,,Q4_2025,net_change,14128.0,followers,-14100.0,20630.0
artist,Sarz,308113,Soundcloud_followers_daily,Soundcloud,global,,Q1_2024,net_change,258.0,followers,,
artist,Sarz,308113,Soundcloud_followers_daily,Soundcloud,global,,Q1_2025,net_change,0.0,followers,,-258.0
artist,Sarz,308113,Soundcloud_followers_daily,Soundcloud,global,,Q2_2024,net_change,190.0,followers,-68.0,
artist,Sarz,308113,Soundcloud_followers_daily,Soundcloud,global,,Q2_2025,net_change,-1.0,followers,-1.0,-191.0
artist,Sarz,308113,Soundcloud_followers_daily,Soundcloud,global,,Q4_2025,net_change,207.0,followers,,
artist,Sarz,308113,Spotify_followers_daily,Spotify,global,,Q1_2024,net_change,21830.0,followers,,
artist,Sarz,308113,Spotify_followers_daily,Spotify,global,,Q1_2025,net_change,71846.0,followers,-15821.0,50016.0
artist,Sarz,308113,Spotify_followers_daily,Spotify,global,,Q2_2024,net_change,21831.0,followers,1.0,
artist,Sarz,308113,Spotify_followers_daily,Spotify,global,,Q2_2025,net_change,72518.0,followers,672.0,50687.0
artist,Sarz,308113,Spotify_followers_daily,Spotify,global,,Q3_2024,net_change,38981.0,followers,17150.0,
artist,Sarz,308113,Spotify_followers_daily,Spotify,global,,Q3_2025,net_change,70325.0,followers,-2193.0,31344.0
artist,Sarz,308113,Spotify_followers_daily,Spotify,global,,Q4_2024,net_change,87667.0,followers,48686.0,
artist,Sarz,308113,Spotify_followers_daily,Spotify,global,,Q4_2025,net_change,62135.0,followers,-8190.0,-25532.0
artist,Sarz,308113,Spotify_monthly_listeners_daily,Spotify,global,,Q1_2024,net_change,-523659.0,listeners,,
artist,Sarz,308113,Spotify_monthly_listeners_daily,Spotify,global,,Q1_2025,net_change,-1211279.0,listeners,-1995642.0,-687620.0
artist,Sarz,308113,Spotify_monthly_listeners_daily,Spotify,global,,Q2_2024,net_change,377845.0,listeners,901504.0,
artist,Sarz,308113,Spotify_monthly_listeners_daily,Spotify,global,,Q3_2024,net_change,-602673.0,listeners,-980518.0,
artist,Sarz,308113,Spotify_monthly_listeners_daily,Spotify,global,,Q4_2024,net_change,784363.0,listeners,1387036.0,
artist,Sarz,308113,TikTok_followers_daily,TikTok,global,,Q1_2024,net_change,10000.0,followers,,
artist,Sarz,308113,TikTok_followers_daily,TikTok,global,,Q1_2025,net_change,333.0,followers,-10617.0,-9667.0
artist,Sarz,308113,TikTok_followers_daily,TikTok,global,,Q2_2024,net_change,11000.0,followers,1000.0,
artist,Sarz,308113,TikTok_followers_daily,TikTok,global,,Q2_2025,net_change,-231.0,followers,-564.0,-11231.0
artist,Sarz,308113,TikTok_followers_daily,TikTok,global,,Q3_2024,net_change,4400.0,followers,-6600.0,
artist,Sarz,308113,TikTok_followers_daily,TikTok,global,,Q3_2025,net_change,15852.0,followers,16083.0,11452.0
artist,Sarz,308113,TikTok_followers_daily,TikTok,global,,Q4_2024,net_change,10950.0,followers,6550.0,
artist,Sarz,308113,TikTok_followers_daily,TikTok,global,,Q4_2025,net_change,15024.0,followers,-828.0,4074.0
artist,Sarz,308113,TikTok_likes_daily,TikTok,global,,Q1_2024,net_change,62200.0,likes,,
artist,Sarz,308113,TikTok_likes_daily,TikTok,global,,Q1_2025,net_change,12500.0,likes,-172990.0,-49700.0
artist,Sarz,308113,TikTok_likes_daily,TikTok,global,,Q2_2024,net_change,55800.0,likes,-6400.0,
artist,Sarz,308113,TikTok_likes_daily,TikTok,global,,Q2_2025,net_change,3025.0,likes,-9475.0,-52775.0
artist,Sarz,308113,TikTok_likes_daily,TikTok,global,,Q3_2024,net_change,20140.0,likes,-35660.0,
artist,Sarz,308113,TikTok_likes_daily,TikTok,global,,Q3_2025,net_change,252314.0,likes,249289.0,232174.0
artist,Sarz,308113,TikTok_likes_daily,TikTok,global,,Q4_2024,net_change,185490.0,likes,165350.0,
artist,Sarz,308113,TikTok_likes_daily,TikTok,global,,Q4_2025,net_change,520619.0,likes,268305.0,335129.0
artist,Sarz,308113,Twitter_followers_daily,Twitter,global,,Q1_2024,net_change,-836.0,followers,,
artist,Sarz,308113,Twitter_followers_daily,Twitter,global,,Q1_2025,net_change,-2288.0,followers,153.0,-1452.0
artist,Sarz,308113,Twitter_followers_daily,Twitter,global,,Q2_2024,net_change,-5705.0,followers,-4869.0,
artist,Sarz,308113,Twitter_followers_daily,Twitter,global,,Q2_2025,net_change,-2761.0,followers,-473.0,2944.0
artist,Sarz,308113,Twitter_followers_daily,Twitter,global,,Q3_2024,net_change,-3718.0,followers,1987.0,
artist,Sarz,308113,Twitter_followers_daily,Twitter,global,,Q3_2025,net_change,1199.0,followers,3960.0,4917.0
artist,Sarz,308113,Twitter_followers_daily,Twitter,global,,Q4_2024,net_change,-2441.0,followers,1277.0,
artist,Sarz,308113,Twitter_followers_daily,Twitter,global,,Q4_2025,net_change,345.0,followers,-854.0,2786.0
artist,Sarz,308113,Wikipedia_views_daily,Wikipedia,global,,Q1_2024,sum,7153.0,views,,
artist,Sarz,308113,Wikipedia_views_daily,Wikipedia,global,,Q1_2025,sum,4446.0,views,-538.0,-2707.0
artist,Sarz,308113,Wikipedia_views_daily,Wikipedia,global,,Q2_2024,sum,6199.0,views,-954.0,
artist,Sarz,308113,Wikipedia_views_daily,Wikipedia,global,,Q2_2025,sum,4365.0,views,-81.0,-1834.0
artist,Sarz,308113,Wikipedia_views_daily,Wikipedia,global,,Q3_2024,sum,5153.0,views,-1046.0,
artist,Sarz,308113,Wikipedia_views_daily,Wikipedia,global,,Q3_2025,sum,5405.0,views,1040.0,252.0
artist,Sarz,308113,Wikipedia_views_daily,Wikipedia,global,,Q4_2024,sum,4984.0,views,-169.0,
artist,Sarz,308113,Wikipedia_views_daily,Wikipedia,global,,Q4_2025,sum,8678.0,views,3273.0,3694.0
artist,Sarz,308113,YouTube_subscribers_daily,YouTube,global,,Q1_2024,net_change,7800.0,subscribers,,
artist,Sarz,308113,YouTube_subscribers_daily,YouTube,global,,Q1_2025,net_change,3300.0,subscribers,-3950.0,-4500.0
artist,Sarz,308113,YouTube_subscribers_daily,YouTube,global,,Q2_2024,net_change,6300.0,subscribers,-1500.0,
artist,Sarz,308113,YouTube_subscribers_daily,YouTube,global,,Q2_2025,net_change,2396.0,subscribers,-904.0,-3904.0
artist,Sarz,308113,YouTube_subscribers_daily,YouTube,global,,Q3_2024,net_change,3725.0,subscribers,-2575.0,
artist,Sarz,308113,YouTube_subscribers_daily,YouTube,global,,Q3_2025,net_change,4443.0,subscribers,2047.0,718.0
artist,Sarz,308113,YouTube_subscribers_daily,YouTube,global,,Q4_2024,net_change,7250.0,subscribers,3525.0,
artist,Sarz,308113,YouTube_subscribers_daily,YouTube,global,,Q4_2025,net_change,26529.0,subscribers,22086.0,19279.0
artist,Sauce Kid,321148,Spotify_followers_daily,Spotify,global,,Q1_2024,net_change,788.0,followers,,
artist,Sauce Kid,321148,Spotify_followers_daily,Spotify,global,,Q1_2025,net_change,101.0,followers,138.0,-687.0
artist,Sauce Kid,321148,Spotify_followers_daily,Spotify,global,,Q2_2024,net_change,771.0,followers,-17.0,
artist,Sauce Kid,321148,Spotify_followers_daily,Spotify,global,,Q2_2025,net_change,89.0,followers,-12.0,-682.0
artist,Sauce Kid,321148,Spotify_followers_daily,Spotify,global,,Q3_2024,net_change,503.0,followers,-268.0,
artist,Sauce Kid,321148,Spotify_followers_daily,Spotify,global,,Q3_2025,net_change,188.0,followers,99.0,-315.0
artist,Sauce Kid,321148,Spotify_followers_daily,Spotify,global,,Q4_2024,net_change,-37.0,followers,-540.0,
artist,Sauce Kid,321148,Spotify_followers_daily,Spotify,global,,Q4_2025,net_change,54.0,followers,-134.0,91.0
artist,Sauce Kid,321148,Spotify_monthly_listeners_daily,Spotify,global,,Q1_2024,net_change,706.0,listeners,,
artist,Sauce Kid,321148,Spotify_monthly_listeners_daily,Spotify,global,,Q1_2025,net_change,1558.0,listeners,2110.0,852.0
artist,Sauce Kid,321148,Spotify_monthly_listeners_daily,Spotify,global,,Q2_2024,net_change,-113.0,listeners,-819.0,
artist,Sauce Kid,321148,Spotify_monthly_listeners_daily,Spotify,global,,Q2_2025,net_change,-625.0,listeners,-2183.0,-512.0
artist,Sauce Kid,321148,Spotify_monthly_listeners_daily,Spotify,global,,Q3_2024,net_change,1331.0,listeners,1444.0,
artist,Sauce Kid,321148,Spotify_monthly_listeners_daily,Spotify,global,,Q3_2025,net_change,799.0,listeners,1424.0,-532.0
artist,Sauce Kid,321148,Spotify_monthly_listeners_daily,Spotify,global,,Q4_2024,net_change,-552.0,listeners,-1883.0,
artist,Sauce Kid,321148,Spotify_monthly_listeners_daily,Spotify,global,,Q4_2025,net_change,-280.0,listeners,-1079.0,272.0
artist,Sauce Kid,321148,YouTube_subscribers_daily,YouTube,global,,Q1_2024,net_change,0.0,subscribers,,
artist,Sauce Kid,321148,YouTube_subscribers_daily,YouTube,global,,Q1_2025,net_change,-7.0,subscribers,-15.0,-7.0
artist,Sauce Kid,321148,YouTube_subscribers_daily,YouTube,global,,Q2_2024,net_change,0.0,subscribers,0.0,
artist,Sauce Kid,321148,YouTube_subscribers_daily,YouTube,global,,Q2_2025,net_change,5.0,subscribers,12.0,5.0
artist,Sauce Kid,321148,YouTube_subscribers_daily,YouTube,global,,Q3_2024,net_change,2.0,subscribers,2.0,
artist,Sauce Kid,321148,YouTube_subscribers_daily,YouTube,global,,Q3_2025,net_change,-1.0,subscribers,-6.0,-3.0
artist,Sauce Kid,321148,YouTube_subscribers_daily,YouTube,global,,Q4_2024,net_change,8.0,subscribers,6.0,
artist,Sauce Kid,321148,YouTube_subscribers_daily,YouTube,global,,Q4_2025,net_change,4.0,subscribers,5.0,-4.0
artist,Sean Tizzle,203976,Instagram_followers_daily,Instagram,global,,Q1_2024,net_change,3398.0,followers,,
artist,Sean Tizzle,203976,Instagram_followers_daily,Instagram,global,,Q1_2025,net_change,-16013.0,followers,5281.0,-19411.0
artist,Sean Tizzle,203976,Instagram_followers_daily,Instagram,global,,Q2_2024,net_change,-7706.0,followers,-11104.0,
artist,Sean Tizzle,203976,Instagram_followers_daily,Instagram,global,,Q2_2025,net_change,-15377.0,followers,636.0,-7671.0
artist,Sean Tizzle,203976,Instagram_followers_daily,Instagram,global,,Q3_2024,net_change,-25396.0,followers,-17690.0,
artist,Sean Tizzle,203976,Instagram_followers_daily,Instagram,global,,Q4_2024,net_change,-21294.0,followers,4102.0,
artist,Sean Tizzle,203976,Instagram_followers_daily,Instagram,global,,Q4_2025,net_change,-9508.0,followers,,11786.0
artist,Sean Tizzle,203976,Soundcloud_followers_daily,Soundcloud,global,,Q1_2024,net_change,38.0,followers,,
artist,Sean Tizzle,203976,Soundcloud_followers_daily,Soundcloud,global,,Q1_2025,net_change,13.0,followers,4.0,-25.0
artist,Sean Tizzle,203976,Soundcloud_followers_daily,Soundcloud,global,,Q2_2024,net_change,37.0,followers,-1.0,
artist,Sean Tizzle,203976,Soundcloud_followers_daily,Soundcloud,global,,Q2_2025,net_change,4.0,followers,-9.0,-33.0
artist,Sean Tizzle,203976,Soundcloud_followers_daily,Soundcloud,global,,Q3_2024,net_change,24.0,followers,-13.0,
artist,Sean Tizzle,203976,Soundcloud_followers_daily,Soundcloud,global,,Q3_2025,net_change,13.0,followers,9.0,-11.0
artist,Sean Tizzle,203976,Soundcloud_followers_daily,Soundcloud,global,,Q4_2024,net_change,9.0,followers,-15.0,
artist,Sean Tizzle,203976,Soundcloud_followers_daily,Soundcloud,global,,Q4_2025,net_change,13.0,followers,0.0,4.0
artist,Sean Tizzle,203976,Spotify_followers_daily,Spotify,global,,Q1_2025,net_change,8414.0,followers,108.0,
artist,Sean Tizzle,203976,Spotify_followers_daily,Spotify,global,,Q2_2024,net_change,5324.0,followers,,
artist,Sean Tizzle,203976,Spotify_followers_daily,Spotify,global,,Q2_2025,net_change,5151.0,followers,-3263.0,-173.0
artist,Sean Tizzle,203976,Spotify_followers_daily,Spotify,global,,Q3_2024,net_change,4689.0,followers,-635.0,
artist,Sean Tizzle,203976,Spotify_followers_daily,Spotify,global,,Q3_2025,net_change,8532.0,followers,3381.0,3843.0
artist,Sean Tizzle,203976,Spotify_followers_daily,Spotify,global,,Q4_2024,net_change,8306.0,followers,3617.0,
artist,Sean Tizzle,203976,Spotify_followers_daily,Spotify,global,,Q4_2025,net_change,4821.0,followers,-3711.0,-3485.0
artist,Sean Tizzle,203976,Spotify_monthly_listeners_daily,Spotify,global,,Q1_2024,net_change,58193.0,listeners,,
artist,Sean Tizzle,203976,Spotify_monthly_listeners_daily,Spotify,global,,Q1_2025,net_change,-15756.0,listeners,-32786.0,-73949.0
artist,Sean Tizzle,203976,Spotify_monthly_listeners_daily,Spotify,global,,Q2_2024,net_change,-1895.0,listeners,-60088.0,
artist,Sean Tizzle,203976,Spotify_monthly_listeners_daily,Spotify,global,,Q2_2025,net_change,4679.0,listeners,20435.0,6574.0
artist,Sean Tizzle,203976,Spotify_monthly_listeners_daily,Spotify,global,,Q3_2024,net_change,-15805.0,listeners,-13910.0,
artist,Sean Tizzle,203976,Spotify_monthly_listeners_daily,Spotify,global,,Q3_2025,net_change,-95.0,listeners,-4774.0,15710.0
artist,Sean Tizzle,203976,Spotify_monthly_listeners_daily,Spotify,global,,Q4_2024,net_change,17030.0,listeners,32835.0,
artist,Sean Tizzle,203976,Spotify_monthly_listeners_daily,Spotify,global,,Q4_2025,net_change,6003.0,listeners,6098.0,-11027.0
artist,Sean Tizzle,203976,Wikipedia_views_daily,Wikipedia,global,,Q1_2024,sum,2448.0,views,,
artist,Sean Tizzle,203976,Wikipedia_views_daily,Wikipedia,global,,Q1_2025,sum,1760.0,views,112.0,-688.0
artist,Sean Tizzle,203976,Wikipedia_views_daily,Wikipedia,global,,Q2_2024,sum,1817.0,views,-631.0,
artist,Sean Tizzle,203976,Wikipedia_views_daily,Wikipedia,global,,Q2_2025,sum,1742.0,views,-18.0,-75.0
artist,Sean Tizzle,203976,Wikipedia_views_daily,Wikipedia,global,,Q3_2024,sum,1924.0,views,107.0,
artist,Sean Tizzle,203976,Wikipedia_views_daily,Wikipedia,global,,Q3_2025,sum,1773.0,views,31.0,-151.0
artist,Sean Tizzle,203976,Wikipedia_views_daily,Wikipedia,global,,Q4_2024,sum,1648.0,views,-276.0,
artist,Sean Tizzle,203976,Wikipedia_views_daily,Wikipedia,global,,Q4_2025,sum,1801.0,views,28.0,153.0
artist,Sean Tizzle,203976,YouTube_subscribers_daily,YouTube,global,,Q1_2024,net_change,1200.0,subscribers,,
artist,Sean Tizzle,203976,YouTube_subscribers_daily,YouTube,global,,Q1_2025,net_change,2597.0,subscribers,-2260.0,1397.0
artist,Sean Tizzle,203976,YouTube_subscribers_daily,YouTube,global,,Q2_2024,net_change,-3400.0,subscribers,-4600.0,
artist,Sean Tizzle,203976,YouTube_subscribers_daily,YouTube,global,,Q2_2025,net_change,8397.0,subscribers,5800.0,11797.0
artist,Sean Tizzle,203976,YouTube_subscribers_daily,YouTube,global,,Q3_2024,net_change,12569.0,subscribers,15969.0,
artist,Sean Tizzle,203976,YouTube_subscribers_daily,YouTube,global,,Q3_2025,net_change,6420.0,subscribers,-1977.0,-6149.0
artist,Sean Tizzle,203976,YouTube_subscribers_daily,YouTube,global,,Q4_2024,net_change,4857.0,subscribers,-7712.0,
artist,Sean Tizzle,203976,YouTube_subscribers_daily,YouTube,global,,Q4_2025,net_change,414.0,subscribers,-6006.0,-4443.0
artist,Seyi Shay,39092,Instagram_followers_daily,Instagram,global,,Q1_2024,net_change,-5356.0,followers,,
artist,Seyi Shay,39092,Instagram_followers_daily,Instagram,global,,Q1_2025,net_change,-7820.0,followers,2678.0,-2464.0
artist,Seyi Shay,39092,Instagram_followers_daily,Instagram,global,,Q2_2024,net_change,-6355.0,followers,-999.0,
artist,Seyi Shay,39092,Instagram_followers_daily,Instagram,global,,Q2_2025,net_change,-8155.0,followers,-335.0,-1800.0
artist,Seyi Shay,39092,Instagram_followers_daily,Instagram,global,,Q3_2024,net_change,-50215.0,followers,-43860.0,
artist,Seyi Shay,39092,Instagram_followers_daily,Instagram,global,,Q3_2025,net_change,-7424.0,followers,731.0,42791.0
artist,Seyi Shay,39092,Instagram_followers_daily,Instagram,global,,Q4_2024,net_change,-10498.0,followers,39717.0,
artist,Seyi Shay,39092,Instagram_followers_daily,Instagram,global,,Q4_2025,net_change,-3973.0,followers,3451.0,6525.0
artist,Seyi Shay,39092,Soundcloud_followers_daily,Soundcloud,global,,Q1_2024,net_change,0.0,followers,,
artist,Seyi Shay,39092,Soundcloud_followers_daily,Soundcloud,global,,Q1_2025,net_change,1.0,followers,2.0,1.0
artist,Seyi Shay,39092,Soundcloud_followers_daily,Soundcloud,global,,Q2_2024,net_change,0.0,followers,0.0,
artist,Seyi Shay,39092,Soundcloud_followers_daily,Soundcloud,global,,Q2_2025,net_change,2.0,followers,1.0,2.0
artist,Seyi Shay,39092,Soundcloud_followers_daily,Soundcloud,global,,Q3_2024,net_change,1.0,followers,1.0,
artist,Seyi Shay,39092,Soundcloud_followers_daily,Soundcloud,global,,Q3_2025,net_change,4.0,followers,2.0,3.0
artist,Seyi Shay,39092,Soundcloud_followers_daily,Soundcloud,global,,Q4_2024,net_change,-1.0,followers,-2.0,
artist,Seyi Shay,39092,Soundcloud_followers_daily,Soundcloud,global,,Q4_2025,net_change,-1.0,followers,-5.0,0.0
artist,Seyi Shay,39092,Spotify_followers_daily,Spotify,global,,Q1_2025,net_change,598.0,followers,313.0,
artist,Seyi Shay,39092,Spotify_followers_daily,Spotify,global,,Q2_2024,net_change,9355.0,followers,,
artist,Seyi Shay,39092,Spotify_followers_daily,Spotify,global,,Q2_2025,net_change,543.0,followers,-55.0,-8812.0
artist,Seyi Shay,39092,Spotify_followers_daily,Spotify,global,,Q3_2024,net_change,4124.0,followers,-5231.0,
artist,Seyi Shay,39092,Spotify_followers_daily,Spotify,global,,Q3_2025,net_change,717.0,followers,174.0,-3407.0
artist,Seyi Shay,39092,Spotify_followers_daily,Spotify,global,,Q4_2024,net_change,285.0,followers,-3839.0,
artist,Seyi Shay,39092,Spotify_followers_daily,Spotify,global,,Q4_2025,net_change,1670.0,followers,953.0,1385.0
artist,Seyi Shay,39092,Spotify_monthly_listeners_daily,Spotify,global,,Q1_2024,net_change,-2857.0,listeners,,
artist,Seyi Shay,39092,Spotify_monthly_listeners_daily,Spotify,global,,Q1_2025,net_change,16562.0,listeners,9312.0,19419.0
artist,Seyi Shay,39092,Spotify_monthly_listeners_daily,Spotify,global,,Q2_2024,net_change,-1033.0,listeners,1824.0,
artist,Seyi Shay,39092,Spotify_monthly_listeners_daily,Spotify,global,,Q2_2025,net_change,11755.0,listeners,-4807.0,12788.0
artist,Seyi Shay,39092,Spotify_monthly_listeners_daily,Spotify,global,,Q3_2024,net_change,5303.0,listeners,6336.0,
artist,Seyi Shay,39092,Spotify_monthly_listeners_daily,Spotify,global,,Q3_2025,net_change,8004.0,listeners,-3751.0,2701.0
artist,Seyi Shay,39092,Spotify_monthly_listeners_daily,Spotify,global,,Q4_2024,net_change,7250.0,listeners,1947.0,
artist,Seyi Shay,39092,Spotify_monthly_listeners_daily,Spotify,global,,Q4_2025,net_change,18379.0,listeners,10375.0,11129.0
artist,Seyi Shay,39092,TikTok_followers_daily,TikTok,global,,Q1_2024,net_change,2000.0,followers,,
artist,Seyi Shay,39092,TikTok_followers_daily,TikTok,global,,Q1_2025,net_change,6567.0,followers,6118.0,4567.0
artist,Seyi Shay,39092,TikTok_followers_daily,TikTok,global,,Q2_2024,net_change,1200.0,followers,-800.0,
artist,Seyi Shay,39092,TikTok_followers_daily,TikTok,global,,Q2_2025,net_change,3058.0,followers,-3509.0,1858.0
artist,Seyi Shay,39092,TikTok_followers_daily,TikTok,global,,Q3_2024,net_change,637.0,followers,-563.0,
artist,Seyi Shay,39092,TikTok_followers_daily,TikTok,global,,Q3_2025,net_change,783.0,followers,-2275.0,146.0
artist,Seyi Shay,39092,TikTok_followers_daily,TikTok,global,,Q4_2024,net_change,449.0,followers,-188.0,
artist,Seyi Shay,39092,TikTok_followers_daily,TikTok,global,,Q4_2025,net_change,422.0,followers,-361.0,-27.0
artist,Seyi Shay,39092,TikTok_likes_daily,TikTok,global,,Q1_2024,net_change,500.0,likes,,
artist,Seyi Shay,39092,TikTok_likes_daily,TikTok,global,,Q1_2025,net_change,58454.0,likes,57780.0,57954.0
artist,Seyi Shay,39092,TikTok_likes_daily,TikTok,global,,Q2_2024,net_change,600.0,likes,100.0,
artist,Seyi Shay,39092,TikTok_likes_daily,TikTok,global,,Q2_2025,net_change,33425.0,likes,-25029.0,32825.0
artist,Seyi Shay,39092,TikTok_likes_daily,TikTok,global,,Q3_2024,net_change,-2192.0,likes,-2792.0,
artist,Seyi Shay,39092,TikTok_likes_daily,TikTok,global,,Q3_2025,net_change,8700.0,likes,-24725.0,10892.0
artist,Seyi Shay,39092,TikTok_likes_daily,TikTok,global,,Q4_2024,net_change,674.0,likes,2866.0,
artist,Seyi Shay,39092,TikTok_likes_daily,TikTok,global,,Q4_2025,net_change,9400.0,likes,700.0,8726.0
artist,Seyi Shay,39092,Twitter_followers_daily,Twitter,global,,Q1_2024,net_change,-50.0,followers,,
artist,Seyi Shay,39092,Twitter_followers_daily,Twitter,global,,Q1_2025,net_change,-1386.0,followers,2449.0,-1336.0
artist,Seyi Shay,39092,Twitter_followers_daily,Twitter,global,,Q2_2024,net_change,-4002.0,followers,-3952.0,
artist,Seyi Shay,39092,Twitter_followers_daily,Twitter,global,,Q2_2025,net_change,-2855.0,followers,-1469.0,1147.0
artist,Seyi Shay,39092,Twitter_followers_daily,Twitter,global,,Q3_2024,net_change,-3129.0,followers,873.0,
artist,Seyi Shay,39092,Twitter_followers_daily,Twitter,global,,Q3_2025,net_change,-1260.0,followers,1595.0,1869.0
artist,Seyi Shay,39092,Twitter_followers_daily,Twitter,global,,Q4_2024,net_change,-3835.0,followers,-706.0,
artist,Seyi Shay,39092,Twitter_followers_daily,Twitter,global,,Q4_2025,net_change,-20632.0,followers,-19372.0,-16797.0
artist,Seyi Shay,39092,Wikipedia_views_daily,Wikipedia,global,,Q1_2024,sum,6139.0,views,,
artist,Seyi Shay,39092,Wikipedia_views_daily,Wikipedia,global,,Q1_2025,sum,5875.0,views,271.0,-264.0
artist,Seyi Shay,39092,Wikipedia_views_daily,Wikipedia,global,,Q2_2024,sum,5625.0,views,-514.0,
artist,Seyi Shay,39092,Wikipedia_views_daily,Wikipedia,global,,Q2_2025,sum,7917.0,views,2042.0,2292.0
artist,Seyi Shay,39092,Wikipedia_views_daily,Wikipedia,global,,Q3_2024,sum,4589.0,views,-1036.0,
artist,Seyi Shay,39092,Wikipedia_views_daily,Wikipedia,global,,Q3_2025,sum,6687.0,views,-1230.0,2098.0
artist,Seyi Shay,39092,Wikipedia_views_daily,Wikipedia,global,,Q4_2024,sum,5604.0,views,1015.0,
artist,Seyi Shay,39092,Wikipedia_views_daily,Wikipedia,global,,Q4_2025,sum,8016.0,views,1329.0,2412.0
artist,Seyi Shay,39092,YouTube_subscribers_daily,YouTube,global,,Q1_2024,net_change,1000.0,subscribers,,
artist,Seyi Shay,39092,YouTube_subscribers_daily,YouTube,global,,Q1_2025,net_change,1348.0,subscribers,141.0,348.0
artist,Seyi Shay,39092,YouTube_subscribers_daily,YouTube,global,,Q2_2024,net_change,2176.0,subscribers,1176.0,
artist,Seyi Shay,39092,YouTube_subscribers_daily,YouTube,global,,Q2_2025,net_change,1468.0,subscribers,120.0,-708.0
artist,Seyi Shay,39092,YouTube_subscribers_daily,YouTube,global,,Q3_2024,net_change,1028.0,subscribers,-1148.0,
artist,Seyi Shay,39092,YouTube_subscribers_daily,YouTube,global,,Q3_2025,net_change,1613.0,subscribers,145.0,585.0
artist,Seyi Shay,39092,YouTube_subscribers_daily,YouTube,global,,Q4_2024,net_change,1207.0,subscribers,179.0,
artist,Seyi Shay,39092,YouTube_subscribers_daily,YouTube,global,,Q4_2025,net_change,1071.0,subscribers,-542.0,-136.0
artist,Show Dem Camp,655429,Instagram_followers_daily,Instagram,global,,Q1_2024,net_change,-114.0,followers,,
artist,Show Dem Camp,655429,Instagram_followers_daily,Instagram,global,,Q1_2025,net_change,-1098.0,followers,473.0,-984.0
artist,Show Dem Camp,655429,Instagram_followers_daily,Instagram,global,,Q2_2024,net_change,-522.0,followers,-408.0,
artist,Show Dem Camp,655429,Instagram_followers_daily,Instagram,global,,Q2_2025,net_change,-1072.0,followers,26.0,-550.0
artist,Show Dem Camp,655429,Instagram_followers_daily,Instagram,global,,Q3_2024,net_change,-1597.0,followers,-1075.0,
artist,Show Dem Camp,655429,Instagram_followers_daily,Instagram,global,,Q3_2025,net_change,-804.0,followers,268.0,793.0
artist,Show Dem Camp,655429,Instagram_followers_daily,Instagram,global,,Q4_2024,net_change,-1571.0,followers,26.0,
artist,Show Dem Camp,655429,Instagram_followers_daily,Instagram,global,,Q4_2025,net_change,2936.0,followers,3740.0,4507.0
artist,Show Dem Camp,655429,Soundcloud_followers_daily,Soundcloud,global,,Q1_2024,net_change,45.0,followers,,
artist,Show Dem Camp,655429,Soundcloud_followers_daily,Soundcloud,global,,Q1_2025,net_change,36.0,followers,-2.0,-9.0
artist,Show Dem Camp,655429,Soundcloud_followers_daily,Soundcloud,global,,Q2_2024,net_change,54.0,followers,9.0,
artist,Show Dem Camp,655429,Soundcloud_followers_daily,Soundcloud,global,,Q2_2025,net_change,36.0,followers,0.0,-18.0
artist,Show Dem Camp,655429,Soundcloud_followers_daily,Soundcloud,global,,Q3_2024,net_change,64.0,followers,10.0,
artist,Show Dem Camp,655429,Soundcloud_followers_daily,Soundcloud,global,,Q3_2025,net_change,46.0,followers,10.0,-18.0
artist,Show Dem Camp,655429,Soundcloud_followers_daily,Soundcloud,global,,Q4_2024,net_change,38.0,followers,-26.0,
artist,Show Dem Camp,655429,Soundcloud_followers_daily,Soundcloud,global,,Q4_2025,net_change,46.0,followers,0.0,8.0
artist,Show Dem Camp,655429,Spotify_followers_daily,Spotify,global,,Q1_2024,net_change,3779.0,followers,,
artist,Show Dem Camp,655429,Spotify_followers_daily,Spotify,global,,Q1_2025,net_change,2352.0,followers,-259.0,-1427.0
artist,Show Dem Camp,655429,Spotify_followers_daily,Spotify,global,,Q2_2024,net_change,3254.0,followers,-525.0,
artist,Show Dem Camp,655429,Spotify_followers_daily,Spotify,global,,Q2_2025,net_change,3419.0,followers,1067.0,165.0
artist,Show Dem Camp,655429,Spotify_followers_daily,Spotify,global,,Q3_2024,net_change,4146.0,followers,892.0,
artist,Show Dem Camp,655429,Spotify_followers_daily,Spotify,global,,Q3_2025,net_change,2067.0,followers,-1352.0,-2079.0
artist,Show Dem Camp,655429,Spotify_followers_daily,Spotify,global,,Q4_2024,net_change,2611.0,followers,-1535.0,
artist,Show Dem Camp,655429,Spotify_followers_daily,Spotify,global,,Q4_2025,net_change,5866.0,followers,3799.0,3255.0
artist,Show Dem Camp,655429,Spotify_monthly_listeners_daily,Spotify,global,,Q1_2024,net_change,12900.0,listeners,,
artist,Show Dem Camp,655429,Spotify_monthly_listeners_daily,Spotify,global,,Q1_2025,net_change,-30989.0,listeners,-26921.0,-43889.0
artist,Show Dem Camp,655429,Spotify_monthly_listeners_daily,Spotify,global,,Q2_2024,net_change,-40838.0,listeners,-53738.0,
artist,Show Dem Camp,655429,Spotify_monthly_listeners_daily,Spotify,global,,Q2_2025,net_change,86610.0,listeners,117599.0,127448.0
artist,Show Dem Camp,655429,Spotify_monthly_listeners_daily,Spotify,global,,Q3_2024,net_change,6924.0,listeners,47762.0,
artist,Show Dem Camp,655429,Spotify_monthly_listeners_daily,Spotify,global,,Q3_2025,net_change,-51857.0,listeners,-138467.0,-58781.0
artist,Show Dem Camp,655429,Spotify_monthly_listeners_daily,Spotify,global,,Q4_2024,net_change,-4068.0,listeners,-10992.0,
artist,Show Dem Camp,655429,Spotify_monthly_listeners_daily,Spotify,global,,Q4_2025,net_change,108256.0,listeners,160113.0,112324.0
artist,Show Dem Camp,655429,Twitter_followers_daily,Twitter,global,,Q1_2024,net_change,-67.0,followers,,
artist,Show Dem Camp,655429,Twitter_followers_daily,Twitter,global,,Q1_2025,net_change,-119.0,followers,270.0,-52.0
artist,Show Dem Camp,655429,Twitter_followers_daily,Twitter,global,,Q2_2024,net_change,351.0,followers,418.0,
artist,Show Dem Camp,655429,Twitter_followers_daily,Twitter,global,,Q2_2025,net_change,33.0,followers,152.0,-318.0
artist,Show Dem Camp,655429,Twitter_followers_daily,Twitter,global,,Q3_2024,net_change,784.0,followers,433.0,
artist,Show Dem Camp,655429,Twitter_followers_daily,Twitter,global,,Q3_2025,net_change,67.0,followers,34.0,-717.0
artist,Show Dem Camp,655429,Twitter_followers_daily,Twitter,global,,Q4_2024,net_change,-389.0,followers,-1173.0,
artist,Show Dem Camp,655429,Twitter_followers_daily,Twitter,global,,Q4_2025,net_change,1342.0,followers,1275.0,1731.0
artist,Show Dem Camp,655429,Wikipedia_views_daily,Wikipedia,global,,Q1_2024,sum,280.0,views,,
artist,Show Dem Camp,655429,Wikipedia_views_daily,Wikipedia,global,,Q1_2025,sum,290.0,views,14.0,10.0
artist,Show Dem Camp,655429,Wikipedia_views_daily,Wikipedia,global,,Q2_2024,sum,304.0,views,24.0,
artist,Show Dem Camp,655429,Wikipedia_views_daily,Wikipedia,global,,Q2_2025,sum,416.0,views,126.0,112.0
artist,Show Dem Camp,655429,Wikipedia_views_daily,Wikipedia,global,,Q3_2024,sum,304.0,views,0.0,
artist,Show Dem Camp,655429,Wikipedia_views_daily,Wikipedia,global,,Q3_2025,sum,299.0,views,-117.0,-5.0
artist,Show Dem Camp,655429,Wikipedia_views_daily,Wikipedia,global,,Q4_2024,sum,276.0,views,-28.0,
artist,Show Dem Camp,655429,Wikipedia_views_daily,Wikipedia,global,,Q4_2025,sum,473.0,views,174.0,197.0
artist,Show Dem Camp,655429,YouTube_subscribers_daily,YouTube,global,,Q1_2024,net_change,0.0,subscribers,,
artist,Show Dem Camp,655429,YouTube_subscribers_daily,YouTube,global,,Q1_2025,net_change,-29.0,subscribers,1.0,-29.0
artist,Show Dem Camp,655429,YouTube_subscribers_daily,YouTube,global,,Q2_2024,net_change,0.0,subscribers,0.0,
artist,Show Dem Camp,655429,YouTube_subscribers_daily,YouTube,global,,Q2_2025,net_change,-29.0,subscribers,0.0,-29.0
artist,Show Dem Camp,655429,YouTube_subscribers_daily,YouTube,global,,Q3_2024,net_change,-126.0,subscribers,-126.0,
artist,Show Dem Camp,655429,YouTube_subscribers_daily,YouTube,global,,Q3_2025,net_change,-29.0,subscribers,0.0,97.0
artist,Show Dem Camp,655429,YouTube_subscribers_daily,YouTube,global,,Q4_2024,net_change,-30.0,subscribers,96.0,
artist,Show Dem Camp,655429,YouTube_subscribers_daily,YouTube,global,,Q4_2025,net_change,-29.0,subscribers,0.0,1.0
artist,Skiibii,680380,Instagram_followers_daily,Instagram,global,,Q1_2024,net_change,71781.0,followers,,
artist,Skiibii,680380,Instagram_followers_daily,Instagram,global,,Q1_2025,net_change,-75458.0,followers,20217.0,-147239.0
artist,Skiibii,680380,Instagram_followers_daily,Instagram,global,,Q2_2024,net_change,13460.0,followers,-58321.0,
artist,Skiibii,680380,Instagram_followers_daily,Instagram,global,,Q2_2025,net_change,-88491.0,followers,-13033.0,-101951.0
artist,Skiibii,680380,Instagram_followers_daily,Instagram,global,,Q3_2024,net_change,-109378.0,followers,-122838.0,
artist,Skiibii,680380,Instagram_followers_daily,Instagram,global,,Q3_2025,net_change,-60504.0,followers,27987.0,48874.0
artist,Skiibii,680380,Instagram_followers_daily,Instagram,global,,Q4_2024,net_change,-95675.0,followers,13703.0,
artist,Skiibii,680380,Instagram_followers_daily,Instagram,global,,Q4_2025,net_change,-33018.0,followers,27486.0,62657.0
artist,Skiibii,680380,Soundcloud_followers_daily,Soundcloud,global,,Q1_2024,net_change,32.0,followers,,
artist,Skiibii,680380,Soundcloud_followers_daily,Soundcloud,global,,Q1_2025,net_change,0.0,followers,,-32.0
artist,Skiibii,680380,Soundcloud_followers_daily,Soundcloud,global,,Q2_2024,net_change,20.0,followers,-12.0,
artist,Skiibii,680380,Soundcloud_followers_daily,Soundcloud,global,,Q2_2025,net_change,3.0,followers,3.0,-17.0
artist,Skiibii,680380,Soundcloud_followers_daily,Soundcloud,global,,Q4_2025,net_change,30.0,followers,,
artist,Skiibii,680380,Spotify_followers_daily,Spotify,global,,Q1_2025,net_change,42591.0,followers,11035.0,
artist,Skiibii,680380,Spotify_followers_daily,Spotify,global,,Q2_2024,net_change,31039.0,followers,,
artist,Skiibii,680380,Spotify_followers_daily,Spotify,global,,Q2_2025,net_change,48852.0,followers,6261.0,17813.0
artist,Skiibii,680380,Spotify_followers_daily,Spotify,global,,Q3_2024,net_change,19713.0,followers,-11326.0,
artist,Skiibii,680380,Spotify_followers_daily,Spotify,global,,Q3_2025,net_change,39356.0,followers,-9496.0,19643.0
artist,Skiibii,680380,Spotify_followers_daily,Spotify,global,,Q4_2024,net_change,31556.0,followers,11843.0,
artist,Skiibii,680380,Spotify_followers_daily,Spotify,global,,Q4_2025,net_change,46466.0,followers,7110.0,14910.0
artist,Skiibii,680380,Spotify_monthly_listeners_daily,Spotify,global,,Q1_2024,net_change,-11952.0,listeners,,
artist,Skiibii,680380,Spotify_monthly_listeners_daily,Spotify,global,,Q1_2025,net_change,-164833.0,listeners,-299088.0,-152881.0
artist,Skiibii,680380,Spotify_monthly_listeners_daily,Spotify,global,,Q2_2024,net_change,-62192.0,listeners,-50240.0,
artist,Skiibii,680380,Spotify_monthly_listeners_daily,Spotify,global,,Q2_2025,net_change,102453.0,listeners,267286.0,164645.0
artist,Skiibii,680380,Spotify_monthly_listeners_daily,Spotify,global,,Q3_2024,net_change,-86585.0,listeners,-24393.0,
artist,Skiibii,680380,Spotify_monthly_listeners_daily,Spotify,global,,Q3_2025,net_change,-98245.0,listeners,-200698.0,-11660.0
artist,Skiibii,680380,Spotify_monthly_listeners_daily,Spotify,global,,Q4_2024,net_change,134255.0,listeners,220840.0,
artist,Skiibii,680380,Spotify_monthly_listeners_daily,Spotify,global,,Q4_2025,net_change,146785.0,listeners,245030.0,12530.0
artist,Skiibii,680380,TikTok_followers_daily,TikTok,global,,Q1_2024,net_change,-1100.0,followers,,
artist,Skiibii,680380,TikTok_followers_daily,TikTok,global,,Q1_2025,net_change,5500.0,followers,3100.0,6600.0
artist,Skiibii,680380,TikTok_followers_daily,TikTok,global,,Q2_2024,net_change,10800.0,followers,11900.0,
artist,Skiibii,680380,TikTok_followers_daily,TikTok,global,,Q2_2025,net_change,-3480.0,followers,-8980.0,-14280.0
artist,Skiibii,680380,TikTok_followers_daily,TikTok,global,,Q3_2024,net_change,22650.0,followers,11850.0,
artist,Skiibii,680380,TikTok_followers_daily,TikTok,global,,Q3_2025,net_change,182.0,followers,3662.0,-22468.0
artist,Skiibii,680380,TikTok_followers_daily,TikTok,global,,Q4_2024,net_change,2400.0,followers,-20250.0,
artist,Skiibii,680380,TikTok_followers_daily,TikTok,global,,Q4_2025,net_change,-1080.0,followers,-1262.0,-3480.0
artist,Skiibii,680380,TikTok_likes_daily,TikTok,global,,Q1_2024,net_change,0.0,likes,,
artist,Skiibii,680380,TikTok_likes_daily,TikTok,global,,Q1_2025,net_change,90588.0,likes,-2129.0,90588.0
artist,Skiibii,680380,TikTok_likes_daily,TikTok,global,,Q2_2024,net_change,0.0,likes,0.0,
artist,Skiibii,680380,TikTok_likes_daily,TikTok,global,,Q2_2025,net_change,-5454.0,likes,-96042.0,-5454.0
artist,Skiibii,680380,TikTok_likes_daily,TikTok,global,,Q3_2024,net_change,284416.0,likes,284416.0,
artist,Skiibii,680380,TikTok_likes_daily,TikTok,global,,Q4_2024,net_change,92717.0,likes,-191699.0,
artist,Skiibii,680380,TikTok_likes_daily,TikTok,global,,Q4_2025,net_change,126166.0,likes,,33449.0
artist,Skiibii,680380,Twitter_followers_daily,Twitter,global,,Q1_2024,net_change,164.0,followers,,
artist,Skiibii,680380,Twitter_followers_daily,Twitter,global,,Q1_2025,net_change,1006.0,followers,181.0,842.0
artist,Skiibii,680380,Twitter_followers_daily,Twitter,global,,Q2_2024,net_change,-1336.0,followers,-1500.0,
artist,Skiibii,680380,Twitter_followers_daily,Twitter,global,,Q2_2025,net_change,1346.0,followers,340.0,2682.0
artist,Skiibii,680380,Twitter_followers_daily,Twitter,global,,Q3_2024,net_change,-1513.0,followers,-177.0,
artist,Skiibii,680380,Twitter_followers_daily,Twitter,global,,Q3_2025,net_change,1556.0,followers,210.0,3069.0
artist,Skiibii,680380,Twitter_followers_daily,Twitter,global,,Q4_2024,net_change,825.0,followers,2338.0,
artist,Skiibii,680380,Twitter_followers_daily,Twitter,global,,Q4_2025,net_change,-1381.0,followers,-2937.0,-2206.0
artist,Skiibii,680380,YouTube_subscribers_daily,YouTube,global,,Q1_2024,net_change,4000.0,subscribers,,
artist,Skiibii,680380,YouTube_subscribers_daily,YouTube,global,,Q1_2025,net_change,4333.0,subscribers,390.0,333.0
artist,Skiibii,680380,YouTube_subscribers_daily,YouTube,global,,Q2_2024,net_change,5000.0,subscribers,1000.0,
artist,Skiibii,680380,YouTube_subscribers_daily,YouTube,global,,Q2_2025,net_change,3905.0,subscribers,-428.0,-1095.0
artist,Skiibii,680380,YouTube_subscribers_daily,YouTube,global,,Q3_2024,net_change,4136.0,subscribers,-864.0,
artist,Skiibii,680380,YouTube_subscribers_daily,YouTube,global,,Q3_2025,net_change,4340.0,subscribers,435.0,204.0
artist,Skiibii,680380,YouTube_subscribers_daily,YouTube,global,,Q4_2024,net_change,3943.0,subscribers,-193.0,
artist,Skiibii,680380,YouTube_subscribers_daily,YouTube,global,,Q4_2025,net_change,3168.0,subscribers,-1172.0,-775.0
artist,Small Doctor,515515,Spotify_followers_daily,Spotify,global,,Q1_2024,net_change,16122.0,followers,,
artist,Small Doctor,515515,Spotify_followers_daily,Spotify,global,,Q1_2025,net_change,2698.0,followers,-475.0,-13424.0
artist,Small Doctor,515515,Spotify_followers_daily,Spotify,global,,Q2_2024,net_change,15190.0,followers,-932.0,
artist,Small Doctor,515515,Spotify_followers_daily,Spotify,global,,Q2_2025,net_change,1950.0,followers,-748.0,-13240.0
artist,Small Doctor,515515,Spotify_followers_daily,Spotify,global,,Q3_2024,net_change,7238.0,followers,-7952.0,
artist,Small Doctor,515515,Spotify_followers_daily,Spotify,global,,Q3_2025,net_change,4511.0,followers,2561.0,-2727.0
artist,Small Doctor,515515,Spotify_followers_daily,Spotify,global,,Q4_2024,net_change,3173.0,followers,-4065.0,
artist,Small Doctor,515515,Spotify_followers_daily,Spotify,global,,Q4_2025,net_change,5378.0,followers,867.0,2205.0
artist,Small Doctor,515515,Spotify_monthly_listeners_daily,Spotify,global,,Q1_2024,net_change,2025.0,listeners,,
artist,Small Doctor,515515,Spotify_monthly_listeners_daily,Spotify,global,,Q1_2025,net_change,-4332.0,listeners,-10179.0,-6357.0
artist,Small Doctor,515515,Spotify_monthly_listeners_daily,Spotify,global,,Q2_2024,net_change,-5033.0,listeners,-7058.0,
artist,Small Doctor,515515,Spotify_monthly_listeners_daily,Spotify,global,,Q2_2025,net_change,11946.0,listeners,16278.0,16979.0
artist,Small Doctor,515515,Spotify_monthly_listeners_daily,Spotify,global,,Q3_2024,net_change,5061.0,listeners,10094.0,
artist,Small Doctor,515515,Spotify_monthly_listeners_daily,Spotify,global,,Q3_2025,net_change,-2442.0,listeners,-14388.0,-7503.0
artist,Small Doctor,515515,Spotify_monthly_listeners_daily,Spotify,global,,Q4_2024,net_change,5847.0,listeners,786.0,
artist,Small Doctor,515515,Twitter_followers_daily,Twitter,global,,Q2_2024,net_change,0.0,followers,,
artist,Small Doctor,515515,YouTube_subscribers_daily,YouTube,global,,Q1_2024,net_change,200.0,subscribers,,
artist,Small Doctor,515515,YouTube_subscribers_daily,YouTube,global,,Q1_2025,net_change,228.0,subscribers,-171.0,28.0
artist,Small Doctor,515515,YouTube_subscribers_daily,YouTube,global,,Q2_2024,net_change,300.0,subscribers,100.0,
artist,Small Doctor,515515,YouTube_subscribers_daily,YouTube,global,,Q2_2025,net_change,604.0,subscribers,376.0,304.0
artist,Small Doctor,515515,YouTube_subscribers_daily,YouTube,global,,Q3_2024,net_change,287.0,subscribers,-13.0,
artist,Small Doctor,515515,YouTube_subscribers_daily,YouTube,global,,Q3_2025,net_change,264.0,subscribers,-340.0,-23.0
artist,Small Doctor,515515,YouTube_subscribers_daily,YouTube,global,,Q4_2024,net_change,399.0,subscribers,112.0,
artist,Small Doctor,515515,YouTube_subscribers_daily,YouTube,global,,Q4_2025,net_change,469.0,subscribers,205.0,70.0
artist,Solidstar,92994,Instagram_followers_daily,Instagram,global,,Q1_2024,net_change,33967.0,followers,,
artist,Solidstar,92994,Instagram_followers_daily,Instagram,global,,Q1_2025,net_change,-12069.0,followers,2836.0,-46036.0
artist,Solidstar,92994,Instagram_followers_daily,Instagram,global,,Q2_2024,net_change,20414.0,followers,-13553.0,
artist,Solidstar,92994,Instagram_followers_daily,Instagram,global,,Q2_2025,net_change,-11075.0,followers,994.0,-31489.0
artist,Solidstar,92994,Instagram_followers_daily,Instagram,global,,Q3_2024,net_change,-7032.0,followers,-27446.0,
artist,Solidstar,92994,Instagram_followers_daily,Instagram,global,,Q3_2025,net_change,0.0,followers,11075.0,7032.0
artist,Solidstar,92994,Instagram_followers_daily,Instagram,global,,Q4_2024,net_change,-14905.0,followers,-7873.0,
artist,Solidstar,92994,Instagram_followers_daily,Instagram,global,,Q4_2025,net_change,0.0,followers,0.0,14905.0
artist,Solidstar,92994,Spotify_followers_daily,Spotify,global,,Q1_2024,net_change,8638.0,followers,,
artist,Solidstar,92994,Spotify_followers_daily,Spotify,global,,Q1_2025,net_change,1777.0,followers,260.0,-6861.0
artist,Solidstar,92994,Spotify_followers_daily,Spotify,global,,Q2_2024,net_change,8445.0,followers,-193.0,
artist,Solidstar,92994,Spotify_followers_daily,Spotify,global,,Q2_2025,net_change,1214.0,followers,-563.0,-7231.0
artist,Solidstar,92994,Spotify_followers_daily,Spotify,global,,Q3_2024,net_change,3931.0,followers,-4514.0,
artist,Solidstar,92994,Spotify_followers_daily,Spotify,global,,Q3_2025,net_change,3855.0,followers,2641.0,-76.0
artist,Solidstar,92994,Spotify_followers_daily,Spotify,global,,Q4_2024,net_change,1517.0,followers,-2414.0,
artist,Solidstar,92994,Spotify_followers_daily,Spotify,global,,Q4_2025,net_change,2996.0,followers,-859.0,1479.0
artist,Solidstar,92994,Spotify_monthly_listeners_daily,Spotify,global,,Q1_2024,net_change,30966.0,listeners,,
artist,Solidstar,92994,Spotify_monthly_listeners_daily,Spotify,global,,Q1_2025,net_change,5448.0,listeners,-591.0,-25518.0
artist,Solidstar,92994,Spotify_monthly_listeners_daily,Spotify,global,,Q2_2024,net_change,-5047.0,listeners,-36013.0,
artist,Solidstar,92994,Spotify_monthly_listeners_daily,Spotify,global,,Q2_2025,net_change,3291.0,listeners,-2157.0,8338.0
artist,Solidstar,92994,Spotify_monthly_listeners_daily,Spotify,global,,Q3_2024,net_change,-21152.0,listeners,-16105.0,
artist,Solidstar,92994,Spotify_monthly_listeners_daily,Spotify,global,,Q3_2025,net_change,19418.0,listeners,16127.0,40570.0
artist,Solidstar,92994,Spotify_monthly_listeners_daily,Spotify,global,,Q4_2024,net_change,6039.0,listeners,27191.0,
artist,Sound Sultan,249694,Instagram_followers_daily,Instagram,global,,Q1_2024,net_change,-5898.0,followers,,
artist,Sound Sultan,249694,Instagram_followers_daily,Instagram,global,,Q1_2025,net_change,-10709.0,followers,1702.0,-4811.0
artist,Sound Sultan,249694,Instagram_followers_daily,Instagram,global,,Q2_2024,net_change,-4882.0,followers,1016.0,
artist,Sound Sultan,249694,Instagram_followers_daily,Instagram,global,,Q2_2025,net_change,-8854.0,followers,1855.0,-3972.0
artist,Sound Sultan,249694,Instagram_followers_daily,Instagram,global,,Q3_2024,net_change,-18984.0,followers,-14102.0,
artist,Sound Sultan,249694,Instagram_followers_daily,Instagram,global,,Q4_2024,net_change,-12411.0,followers,6573.0,
artist,Sound Sultan,249694,Soundcloud_followers_daily,Soundcloud,global,,Q1_2024,net_change,-2.0,followers,,
artist,Sound Sultan,249694,Soundcloud_followers_daily,Soundcloud,global,,Q1_2025,net_change,0.0,followers,0.0,2.0
artist,Sound Sultan,249694,Soundcloud_followers_daily,Soundcloud,global,,Q2_2024,net_change,0.0,followers,2.0,
artist,Sound Sultan,249694,Soundcloud_followers_daily,Soundcloud,global,,Q2_2025,net_change,0.0,followers,0.0,0.0
artist,Sound Sultan,249694,Soundcloud_followers_daily,Soundcloud,global,,Q3_2024,net_change,0.0,followers,0.0,
artist,Sound Sultan,249694,Soundcloud_followers_daily,Soundcloud,global,,Q3_2025,net_change,0.0,followers,0.0,0.0
artist,Sound Sultan,249694,Soundcloud_followers_daily,Soundcloud,global,,Q4_2024,net_change,0.0,followers,0.0,
artist,Sound Sultan,249694,Soundcloud_followers_daily,Soundcloud,global,,Q4_2025,net_change,1.0,followers,1.0,1.0
artist,Sound Sultan,249694,Spotify_followers_daily,Spotify,global,,Q1_2024,net_change,4750.0,followers,,
artist,Sound Sultan,249694,Spotify_followers_daily,Spotify,global,,Q1_2025,net_change,2918.0,followers,737.0,-1832.0
artist,Sound Sultan,249694,Spotify_followers_daily,Spotify,global,,Q2_2024,net_change,4906.0,followers,156.0,
artist,Sound Sultan,249694,Spotify_followers_daily,Spotify,global,,Q2_2025,net_change,1730.0,followers,-1188.0,-3176.0
artist,Sound Sultan,249694,Spotify_followers_daily,Spotify,global,,Q3_2024,net_change,2816.0,followers,-2090.0,
artist,Sound Sultan,249694,Spotify_followers_daily,Spotify,global,,Q3_2025,net_change,3808.0,followers,2078.0,992.0
artist,Sound Sultan,249694,Spotify_followers_daily,Spotify,global,,Q4_2024,net_change,2181.0,followers,-635.0,
artist,Sound Sultan,249694,Spotify_followers_daily,Spotify,global,,Q4_2025,net_change,2662.0,followers,-1146.0,481.0
artist,Sound Sultan,249694,Spotify_monthly_listeners_daily,Spotify,global,,Q1_2024,net_change,5029.0,listeners,,
artist,Sound Sultan,249694,Spotify_monthly_listeners_daily,Spotify,global,,Q1_2025,net_change,5812.0,listeners,6866.0,783.0
artist,Sound Sultan,249694,Spotify_monthly_listeners_daily,Spotify,global,,Q2_2024,net_change,850.0,listeners,-4179.0,
artist,Sound Sultan,249694,Spotify_monthly_listeners_daily,Spotify,global,,Q2_2025,net_change,-559.0,listeners,-6371.0,-1409.0
artist,Sound Sultan,249694,Spotify_monthly_listeners_daily,Spotify,global,,Q3_2024,net_change,2567.0,listeners,1717.0,
artist,Sound Sultan,249694,Spotify_monthly_listeners_daily,Spotify,global,,Q3_2025,net_change,24821.0,listeners,25380.0,22254.0
artist,Sound Sultan,249694,Spotify_monthly_listeners_daily,Spotify,global,,Q4_2024,net_change,-1054.0,listeners,-3621.0,
artist,Sound Sultan,249694,Spotify_monthly_listeners_daily,Spotify,global,,Q4_2025,net_change,1461.0,listeners,-23360.0,2515.0
artist,Sound Sultan,249694,Wikipedia_views_daily,Wikipedia,global,,Q1_2024,sum,5064.0,views,,
artist,Sound Sultan,249694,Wikipedia_views_daily,Wikipedia,global,,Q1_2025,sum,4089.0,views,-80.0,-975.0
artist,Sound Sultan,249694,Wikipedia_views_daily,Wikipedia,global,,Q2_2024,sum,4306.0,views,-758.0,
artist,Sound Sultan,249694,Wikipedia_views_daily,Wikipedia,global,,Q2_2025,sum,4305.0,views,216.0,-1.0
artist,Sound Sultan,249694,Wikipedia_views_daily,Wikipedia,global,,Q3_2024,sum,3543.0,views,-763.0,
artist,Sound Sultan,249694,Wikipedia_views_daily,Wikipedia,global,,Q3_2025,sum,6217.0,views,1912.0,2674.0
artist,Sound Sultan,249694,Wikipedia_views_daily,Wikipedia,global,,Q4_2024,sum,4169.0,views,626.0,
artist,Sound Sultan,249694,Wikipedia_views_daily,Wikipedia,global,,Q4_2025,sum,5863.0,views,-354.0,1694.0
artist,Sound Sultan,249694,YouTube_subscribers_daily,YouTube,global,,Q1_2024,net_change,200.0,subscribers,,
artist,Sound Sultan,249694,YouTube_subscribers_daily,YouTube,global,,Q1_2025,net_change,272.0,subscribers,-79.0,72.0
artist,Sound Sultan,249694,YouTube_subscribers_daily,YouTube,global,,Q2_2024,net_change,248.0,subscribers,48.0,
artist,Sound Sultan,249694,YouTube_subscribers_daily,YouTube,global,,Q2_2025,net_change,236.0,subscribers,-36.0,-12.0
artist,Sound Sultan,249694,YouTube_subscribers_daily,YouTube,global,,Q3_2024,net_change,166.0,subscribers,-82.0,
artist,Sound Sultan,249694,YouTube_subscribers_daily,YouTube,global,,Q3_2025,net_change,232.0,subscribers,-4.0,66.0
artist,Sound Sultan,249694,YouTube_subscribers_daily,YouTube,global,,Q4_2024,net_change,351.0,subscribers,185.0,
artist,Sound Sultan,249694,YouTube_subscribers_daily,YouTube,global,,Q4_2025,net_change,182.0,subscribers,-50.0,-169.0
artist,Tay Iwar,565281,Bandsintown_followers_daily,Bandsintown,global,,Q1_2025,net_change,239.0,followers,-14.0,
artist,Tay Iwar,565281,Bandsintown_followers_daily,Bandsintown,global,,Q2_2025,net_change,-3622.0,followers,-3861.0,
artist,Tay Iwar,565281,Bandsintown_followers_daily,Bandsintown,global,,Q3_2025,net_change,432.0,followers,4054.0,
artist,Tay Iwar,565281,Bandsintown_followers_daily,Bandsintown,global,,Q4_2024,net_change,253.0,followers,,
artist,Tay Iwar,565281,Bandsintown_followers_daily,Bandsintown,global,,Q4_2025,net_change,214.0,followers,-218.0,-39.0
artist,Tay Iwar,565281,Instagram_followers_daily,Instagram,global,,Q1_2024,net_change,-1239.0,followers,,
artist,Tay Iwar,565281,Instagram_followers_daily,Instagram,global,,Q1_2025,net_change,-1554.0,followers,-468.0,-315.0
artist,Tay Iwar,565281,Instagram_followers_daily,Instagram,global,,Q2_2024,net_change,-1362.0,followers,-123.0,
artist,Tay Iwar,565281,Instagram_followers_daily,Instagram,global,,Q2_2025,net_change,1363.0,followers,2917.0,2725.0
artist,Tay Iwar,565281,Instagram_followers_daily,Instagram,global,,Q3_2024,net_change,-6176.0,followers,-4814.0,
artist,Tay Iwar,565281,Instagram_followers_daily,Instagram,global,,Q3_2025,net_change,-471.0,followers,-1834.0,5705.0
artist,Tay Iwar,565281,Instagram_followers_daily,Instagram,global,,Q4_2024,net_change,-1086.0,followers,5090.0,
artist,Tay Iwar,565281,Instagram_followers_daily,Instagram,global,,Q4_2025,net_change,-131.0,followers,340.0,955.0
artist,Tay Iwar,565281,Soundcloud_followers_daily,Soundcloud,global,,Q1_2024,net_change,64.0,followers,,
artist,Tay Iwar,565281,Soundcloud_followers_daily,Soundcloud,global,,Q1_2025,net_change,46.0,followers,0.0,-18.0
artist,Tay Iwar,565281,Soundcloud_followers_daily,Soundcloud,global,,Q2_2024,net_change,53.0,followers,-11.0,
artist,Tay Iwar,565281,Soundcloud_followers_daily,Soundcloud,global,,Q2_2025,net_change,96.0,followers,50.0,43.0
artist,Tay Iwar,565281,Soundcloud_followers_daily,Soundcloud,global,,Q3_2024,net_change,52.0,followers,-1.0,
artist,Tay Iwar,565281,Soundcloud_followers_daily,Soundcloud,global,,Q3_2025,net_change,74.0,followers,-22.0,22.0
artist,Tay Iwar,565281,Soundcloud_followers_daily,Soundcloud,global,,Q4_2024,net_change,46.0,followers,-6.0,
artist,Tay Iwar,565281,Soundcloud_followers_daily,Soundcloud,global,,Q4_2025,net_change,51.0,followers,-23.0,5.0
artist,Tay Iwar,565281,Spotify_followers_daily,Spotify,global,,Q1_2024,net_change,3201.0,followers,,
artist,Tay Iwar,565281,Spotify_followers_daily,Spotify,global,,Q1_2025,net_change,2639.0,followers,-1932.0,-562.0
artist,Tay Iwar,565281,Spotify_followers_daily,Spotify,global,,Q2_2024,net_change,2939.0,followers,-262.0,
artist,Tay Iwar,565281,Spotify_followers_daily,Spotify,global,,Q2_2025,net_change,4224.0,followers,1585.0,1285.0
artist,Tay Iwar,565281,Spotify_followers_daily,Spotify,global,,Q3_2024,net_change,3207.0,followers,268.0,
artist,Tay Iwar,565281,Spotify_followers_daily,Spotify,global,,Q3_2025,net_change,3219.0,followers,-1005.0,12.0
artist,Tay Iwar,565281,Spotify_followers_daily,Spotify,global,,Q4_2024,net_change,4571.0,followers,1364.0,
artist,Tay Iwar,565281,Spotify_followers_daily,Spotify,global,,Q4_2025,net_change,5355.0,followers,2136.0,784.0
artist,Tay Iwar,565281,Spotify_monthly_listeners_daily,Spotify,global,,Q1_2024,net_change,-169643.0,listeners,,
artist,Tay Iwar,565281,Spotify_monthly_listeners_daily,Spotify,global,,Q2_2024,net_change,59296.0,listeners,228939.0,
artist,Tay Iwar,565281,Spotify_monthly_listeners_daily,Spotify,global,,Q2_2025,net_change,18692.0,listeners,,-40604.0
artist,Tay Iwar,565281,Spotify_monthly_listeners_daily,Spotify,global,,Q3_2024,net_change,-70060.0,listeners,-129356.0,
artist,Tay Iwar,565281,Spotify_monthly_listeners_daily,Spotify,global,,Q4_2024,net_change,113562.0,listeners,183622.0,
artist,Tay Iwar,565281,Spotify_monthly_listeners_daily,Spotify,global,,Q4_2025,net_change,-162157.0,listeners,,-275719.0
artist,Tay Iwar,565281,TikTok_followers_daily,TikTok,global,,Q1_2024,net_change,26.0,followers,,
artist,Tay Iwar,565281,TikTok_followers_daily,TikTok,global,,Q1_2025,net_change,120.0,followers,52.0,94.0
artist,Tay Iwar,565281,TikTok_followers_daily,TikTok,global,,Q2_2024,net_change,30.0,followers,4.0,
artist,Tay Iwar,565281,TikTok_followers_daily,TikTok,global,,Q2_2025,net_change,119.0,followers,-1.0,89.0
artist,Tay Iwar,565281,TikTok_followers_daily,TikTok,global,,Q3_2024,net_change,68.0,followers,38.0,
artist,Tay Iwar,565281,TikTok_followers_daily,TikTok,global,,Q3_2025,net_change,258.0,followers,139.0,190.0
artist,Tay Iwar,565281,TikTok_followers_daily,TikTok,global,,Q4_2024,net_change,68.0,followers,0.0,
artist,Tay Iwar,565281,TikTok_likes_daily,TikTok,global,,Q1_2024,net_change,138.0,likes,,
artist,Tay Iwar,565281,TikTok_likes_daily,TikTok,global,,Q1_2025,net_change,239.0,likes,-149.0,101.0
artist,Tay Iwar,565281,TikTok_likes_daily,TikTok,global,,Q2_2024,net_change,182.0,likes,44.0,
artist,Tay Iwar,565281,TikTok_likes_daily,TikTok,global,,Q2_2025,net_change,836.0,likes,597.0,654.0
artist,Tay Iwar,565281,TikTok_likes_daily,TikTok,global,,Q3_2024,net_change,509.0,likes,327.0,
artist,Tay Iwar,565281,TikTok_likes_daily,TikTok,global,,Q3_2025,net_change,2233.0,likes,1397.0,1724.0
artist,Tay Iwar,565281,TikTok_likes_daily,TikTok,global,,Q4_2024,net_change,388.0,likes,-121.0,
artist,Tay Iwar,565281,TikTok_likes_daily,TikTok,global,,Q4_2025,net_change,11917.0,likes,9684.0,11529.0
artist,Tay Iwar,565281,Twitter_followers_daily,Twitter,global,,Q1_2024,net_change,-10.0,followers,,
artist,Tay Iwar,565281,Twitter_followers_daily,Twitter,global,,Q1_2025,net_change,-15.0,followers,-1384.0,-5.0
artist,Tay Iwar,565281,Twitter_followers_daily,Twitter,global,,Q2_2024,net_change,494.0,followers,504.0,
artist,Tay Iwar,565281,Twitter_followers_daily,Twitter,global,,Q2_2025,net_change,667.0,followers,682.0,173.0
artist,Tay Iwar,565281,Twitter_followers_daily,Twitter,global,,Q3_2024,net_change,1046.0,followers,552.0,
artist,Tay Iwar,565281,Twitter_followers_daily,Twitter,global,,Q4_2024,net_change,1369.0,followers,323.0,
artist,Tay Iwar,565281,Twitter_followers_daily,Twitter,global,,Q4_2025,net_change,-50.0,followers,,-1419.0
artist,Tay Iwar,565281,Wikipedia_views_daily,Wikipedia,global,,Q1_2024,sum,2766.0,views,,
artist,Tay Iwar,565281,Wikipedia_views_daily,Wikipedia,global,,Q1_2025,sum,2230.0,views,-1076.0,-536.0
artist,Tay Iwar,565281,Wikipedia_views_daily,Wikipedia,global,,Q2_2024,sum,2230.0,views,-536.0,
artist,Tay Iwar,565281,Wikipedia_views_daily,Wikipedia,global,,Q2_2025,sum,4138.0,views,1908.0,1908.0
artist,Tay Iwar,565281,Wikipedia_views_daily,Wikipedia,global,,Q3_2024,sum,2640.0,views,410.0,
artist,Tay Iwar,565281,Wikipedia_views_daily,Wikipedia,global,,Q3_2025,sum,2348.0,views,-1790.0,-292.0
artist,Tay Iwar,565281,Wikipedia_views_daily,Wikipedia,global,,Q4_2024,sum,3306.0,views,666.0,
artist,Tay Iwar,565281,Wikipedia_views_daily,Wikipedia,global,,Q4_2025,sum,2648.0,views,300.0,-658.0
artist,Tay Iwar,565281,YouTube_subscribers_daily,YouTube,global,,Q1_2024,net_change,260.0,subscribers,,
artist,Tay Iwar,565281,YouTube_subscribers_daily,YouTube,global,,Q1_2025,net_change,325.0,subscribers,-380.0,65.0
artist,Tay Iwar,565281,YouTube_subscribers_daily,YouTube,global,,Q2_2024,net_change,960.0,subscribers,700.0,
artist,Tay Iwar,565281,YouTube_subscribers_daily,YouTube,global,,Q2_2025,net_change,12667.0,subscribers,12342.0,11707.0
artist,Tay Iwar,565281,YouTube_subscribers_daily,YouTube,global,,Q3_2024,net_change,312.0,subscribers,-648.0,
artist,Tay Iwar,565281,YouTube_subscribers_daily,YouTube,global,,Q3_2025,net_change,3058.0,subscribers,-9609.0,2746.0
artist,Tay Iwar,565281,YouTube_subscribers_daily,YouTube,global,,Q4_2024,net_change,705.0,subscribers,393.0,
artist,Tay Iwar,565281,YouTube_subscribers_daily,YouTube,global,,Q4_2025,net_change,729.0,subscribers,-2329.0,24.0
artist,Tempoe,9190388,Instagram_followers_daily,Instagram,global,,Q2_2025,net_change,1008.0,followers,,
artist,Tempoe,9190388,Instagram_followers_daily,Instagram,global,,Q3_2025,net_change,163.0,followers,-845.0,
artist,Tempoe,9190388,Instagram_followers_daily,Instagram,global,,Q4_2025,net_change,-835.0,followers,-998.0,
artist,Tempoe,9190388,Spotify_followers_daily,Spotify,global,,Q1_2025,net_change,37501.0,followers,4801.0,
artist,Tempoe,9190388,Spotify_followers_daily,Spotify,global,,Q2_2024,net_change,8417.0,followers,,
artist,Tempoe,9190388,Spotify_followers_daily,Spotify,global,,Q2_2025,net_change,23537.0,followers,-13964.0,15120.0
artist,Tempoe,9190388,Spotify_followers_daily,Spotify,global,,Q3_2024,net_change,7890.0,followers,-527.0,
artist,Tempoe,9190388,Spotify_followers_daily,Spotify,global,,Q3_2025,net_change,13306.0,followers,-10231.0,5416.0
artist,Tempoe,9190388,Spotify_followers_daily,Spotify,global,,Q4_2024,net_change,32700.0,followers,24810.0,
artist,Tempoe,9190388,Spotify_followers_daily,Spotify,global,,Q4_2025,net_change,20333.0,followers,7027.0,-12367.0
artist,Tempoe,9190388,Spotify_monthly_listeners_daily,Spotify,global,,Q1_2024,net_change,-55883.0,listeners,,
artist,Tempoe,9190388,Spotify_monthly_listeners_daily,Spotify,global,,Q1_2025,net_change,-581128.0,listeners,-146984.0,-525245.0
artist,Tempoe,9190388,Spotify_monthly_listeners_daily,Spotify,global,,Q2_2024,net_change,1467824.0,listeners,1523707.0,
artist,Tempoe,9190388,Spotify_monthly_listeners_daily,Spotify,global,,Q2_2025,net_change,-1033033.0,listeners,-451905.0,-2500857.0
artist,Tempoe,9190388,Spotify_monthly_listeners_daily,Spotify,global,,Q3_2024,net_change,-643205.0,listeners,-2111029.0,
artist,Tempoe,9190388,Spotify_monthly_listeners_daily,Spotify,global,,Q3_2025,net_change,-597792.0,listeners,435241.0,45413.0
artist,Tempoe,9190388,Spotify_monthly_listeners_daily,Spotify,global,,Q4_2024,net_change,-434144.0,listeners,209061.0,
artist,Tempoe,9190388,Spotify_monthly_listeners_daily,Spotify,global,,Q4_2025,net_change,573617.0,listeners,1171409.0,1007761.0
artist,Terri,883093,Instagram_followers_daily,Instagram,global,,Q1_2024,net_change,460.0,followers,,
artist,Terri,883093,Instagram_followers_daily,Instagram,global,,Q1_2025,net_change,-19389.0,followers,4534.0,-19849.0
artist,Terri,883093,Instagram_followers_daily,Instagram,global,,Q2_2024,net_change,3791.0,followers,3331.0,
artist,Terri,883093,Instagram_followers_daily,Instagram,global,,Q2_2025,net_change,-17590.0,followers,1799.0,-21381.0
artist,Terri,883093,Instagram_followers_daily,Instagram,global,,Q3_2024,net_change,-31547.0,followers,-35338.0,
artist,Terri,883093,Instagram_followers_daily,Instagram,global,,Q3_2025,net_change,-12402.0,followers,5188.0,19145.0
artist,Terri,883093,Instagram_followers_daily,Instagram,global,,Q4_2024,net_change,-23923.0,followers,7624.0,
artist,Terri,883093,Instagram_followers_daily,Instagram,global,,Q4_2025,net_change,-7167.0,followers,5235.0,16756.0
artist,Terri,883093,Soundcloud_followers_daily,Soundcloud,global,,Q1_2024,net_change,3.0,followers,,
artist,Terri,883093,Soundcloud_followers_daily,Soundcloud,global,,Q1_2025,net_change,1.0,followers,0.0,-2.0
artist,Terri,883093,Soundcloud_followers_daily,Soundcloud,global,,Q2_2024,net_change,6.0,followers,3.0,
artist,Terri,883093,Soundcloud_followers_daily,Soundcloud,global,,Q2_2025,net_change,1.0,followers,0.0,-5.0
artist,Terri,883093,Soundcloud_followers_daily,Soundcloud,global,,Q3_2024,net_change,1.0,followers,-5.0,
artist,Terri,883093,Soundcloud_followers_daily,Soundcloud,global,,Q3_2025,net_change,1.0,followers,0.0,0.0
artist,Terri,883093,Soundcloud_followers_daily,Soundcloud,global,,Q4_2024,net_change,1.0,followers,0.0,
artist,Terri,883093,Soundcloud_followers_daily,Soundcloud,global,,Q4_2025,net_change,3.0,followers,2.0,2.0
artist,Terri,883093,Spotify_followers_daily,Spotify,global,,Q1_2024,net_change,8916.0,followers,,
artist,Terri,883093,Spotify_followers_daily,Spotify,global,,Q1_2025,net_change,2139.0,followers,648.0,-6777.0
artist,Terri,883093,Spotify_followers_daily,Spotify,global,,Q2_2024,net_change,8934.0,followers,18.0,
artist,Terri,883093,Spotify_followers_daily,Spotify,global,,Q2_2025,net_change,1049.0,followers,-1090.0,-7885.0
artist,Terri,883093,Spotify_followers_daily,Spotify,global,,Q3_2024,net_change,2226.0,followers,-6708.0,
artist,Terri,883093,Spotify_followers_daily,Spotify,global,,Q3_2025,net_change,847.0,followers,-202.0,-1379.0
artist,Terri,883093,Spotify_followers_daily,Spotify,global,,Q4_2024,net_change,1491.0,followers,-735.0,
artist,Terri,883093,Spotify_followers_daily,Spotify,global,,Q4_2025,net_change,2360.0,followers,1513.0,869.0
artist,Terri,883093,Spotify_monthly_listeners_daily,Spotify,global,,Q1_2024,net_change,-8043.0,listeners,,
artist,Terri,883093,Spotify_monthly_listeners_daily,Spotify,global,,Q1_2025,net_change,55.0,listeners,21014.0,8098.0
artist,Terri,883093,Spotify_monthly_listeners_daily,Spotify,global,,Q2_2024,net_change,63457.0,listeners,71500.0,
artist,Terri,883093,Spotify_monthly_listeners_daily,Spotify,global,,Q2_2025,net_change,6637.0,listeners,6582.0,-56820.0
artist,Terri,883093,Spotify_monthly_listeners_daily,Spotify,global,,Q3_2024,net_change,-47420.0,listeners,-110877.0,
artist,Terri,883093,Spotify_monthly_listeners_daily,Spotify,global,,Q3_2025,net_change,10113.0,listeners,3476.0,57533.0
artist,Terri,883093,Spotify_monthly_listeners_daily,Spotify,global,,Q4_2024,net_change,-20959.0,listeners,26461.0,
artist,Terri,883093,TikTok_followers_daily,TikTok,global,,Q1_2024,net_change,0.0,followers,,
artist,Terri,883093,TikTok_followers_daily,TikTok,global,,Q1_2025,net_change,0.0,followers,0.0,0.0
artist,Terri,883093,TikTok_followers_daily,TikTok,global,,Q2_2024,net_change,0.0,followers,0.0,
artist,Terri,883093,TikTok_followers_daily,TikTok,global,,Q2_2025,net_change,-1.0,followers,-1.0,-1.0
artist,Terri,883093,TikTok_followers_daily,TikTok,global,,Q3_2024,net_change,-1.0,followers,-1.0,
artist,Terri,883093,TikTok_followers_daily,TikTok,global,,Q3_2025,net_change,0.0,followers,1.0,1.0
artist,Terri,883093,TikTok_followers_daily,TikTok,global,,Q4_2024,net_change,0.0,followers,1.0,
artist,Terri,883093,TikTok_followers_daily,TikTok,global,,Q4_2025,net_change,0.0,followers,0.0,0.0
artist,Terri,883093,TikTok_likes_daily,TikTok,global,,Q1_2024,net_change,0.0,likes,,
artist,Terri,883093,TikTok_likes_daily,TikTok,global,,Q1_2025,net_change,0.0,likes,0.0,0.0
artist,Terri,883093,TikTok_likes_daily,TikTok,global,,Q2_2024,net_change,0.0,likes,0.0,
artist,Terri,883093,TikTok_likes_daily,TikTok,global,,Q2_2025,net_change,0.0,likes,0.0,0.0
artist,Terri,883093,TikTok_likes_daily,TikTok,global,,Q3_2024,net_change,0.0,likes,0.0,
artist,Terri,883093,TikTok_likes_daily,TikTok,global,,Q3_2025,net_change,0.0,likes,0.0,0.0
artist,Terri,883093,TikTok_likes_daily,TikTok,global,,Q4_2024,net_change,0.0,likes,0.0,
artist,Terri,883093,TikTok_likes_daily,TikTok,global,,Q4_2025,net_change,0.0,likes,0.0,0.0
artist,Terri,883093,YouTube_subscribers_daily,YouTube,global,,Q1_2024,net_change,500.0,subscribers,,
artist,Terri,883093,YouTube_subscribers_daily,YouTube,global,,Q1_2025,net_change,298.0,subscribers,17.0,-202.0
artist,Terri,883093,YouTube_subscribers_daily,YouTube,global,,Q2_2024,net_change,900.0,subscribers,400.0,
artist,Terri,883093,YouTube_subscribers_daily,YouTube,global,,Q2_2025,net_change,377.0,subscribers,79.0,-523.0
artist,Terri,883093,YouTube_subscribers_daily,YouTube,global,,Q3_2024,net_change,344.0,subscribers,-556.0,
artist,Terri,883093,YouTube_subscribers_daily,YouTube,global,,Q3_2025,net_change,344.0,subscribers,-33.0,0.0
artist,Terri,883093,YouTube_subscribers_daily,YouTube,global,,Q4_2024,net_change,281.0,subscribers,-63.0,
artist,Terri,883093,YouTube_subscribers_daily,YouTube,global,,Q4_2025,net_change,234.0,subscribers,-110.0,-47.0
artist,Terry Apala,228944,Instagram_followers_daily,Instagram,global,,Q2_2025,net_change,0.0,followers,,
artist,Terry Apala,228944,Instagram_followers_daily,Instagram,global,,Q3_2025,net_change,0.0,followers,0.0,
artist,Terry Apala,228944,Instagram_followers_daily,Instagram,global,,Q4_2025,net_change,-4975.0,followers,-4975.0,
artist,Terry Apala,228944,Soundcloud_followers_daily,Soundcloud,global,,Q2_2024,net_change,-1.0,followers,,
artist,Terry Apala,228944,Soundcloud_followers_daily,Soundcloud,global,,Q2_2025,net_change,1.0,followers,,2.0
artist,Terry Apala,228944,Soundcloud_followers_daily,Soundcloud,global,,Q3_2024,net_change,10.0,followers,11.0,
artist,Terry Apala,228944,Soundcloud_followers_daily,Soundcloud,global,,Q3_2025,net_change,10.0,followers,9.0,0.0
artist,Terry Apala,228944,Soundcloud_followers_daily,Soundcloud,global,,Q4_2024,net_change,4.0,followers,-6.0,
artist,Terry Apala,228944,Soundcloud_followers_daily,Soundcloud,global,,Q4_2025,net_change,12.0,followers,2.0,8.0
artist,Terry Apala,228944,Spotify_followers_daily,Spotify,global,,Q1_2024,net_change,5042.0,followers,,
artist,Terry Apala,228944,Spotify_followers_daily,Spotify,global,,Q1_2025,net_change,6543.0,followers,-1567.0,1501.0
artist,Terry Apala,228944,Spotify_followers_daily,Spotify,global,,Q2_2024,net_change,8042.0,followers,3000.0,
artist,Terry Apala,228944,Spotify_followers_daily,Spotify,global,,Q2_2025,net_change,5657.0,followers,-886.0,-2385.0
artist,Terry Apala,228944,Spotify_followers_daily,Spotify,global,,Q3_2024,net_change,5849.0,followers,-2193.0,
artist,Terry Apala,228944,Spotify_followers_daily,Spotify,global,,Q3_2025,net_change,5731.0,followers,74.0,-118.0
artist,Terry Apala,228944,Spotify_followers_daily,Spotify,global,,Q4_2024,net_change,8110.0,followers,2261.0,
artist,Terry Apala,228944,Spotify_followers_daily,Spotify,global,,Q4_2025,net_change,12963.0,followers,7232.0,4853.0
artist,Terry Apala,228944,Spotify_monthly_listeners_daily,Spotify,global,,Q1_2024,net_change,33273.0,listeners,,
artist,Terry Apala,228944,Spotify_monthly_listeners_daily,Spotify,global,,Q1_2025,net_change,-8114.0,listeners,-48464.0,-41387.0
artist,Terry Apala,228944,Spotify_monthly_listeners_daily,Spotify,global,,Q2_2024,net_change,130583.0,listeners,97310.0,
artist,Terry Apala,228944,Spotify_monthly_listeners_daily,Spotify,global,,Q3_2024,net_change,-53247.0,listeners,-183830.0,
artist,Terry Apala,228944,Spotify_monthly_listeners_daily,Spotify,global,,Q3_2025,net_change,21372.0,listeners,,74619.0
artist,Terry Apala,228944,Spotify_monthly_listeners_daily,Spotify,global,,Q4_2024,net_change,40350.0,listeners,93597.0,
artist,Terry Apala,228944,Spotify_monthly_listeners_daily,Spotify,global,,Q4_2025,net_change,-15229.0,listeners,-36601.0,-55579.0
artist,Terry Apala,228944,TikTok_followers_daily,TikTok,global,,Q1_2025,net_change,12519.0,followers,12518.0,
artist,Terry Apala,228944,TikTok_followers_daily,TikTok,global,,Q2_2025,net_change,-323.0,followers,-12842.0,
artist,Terry Apala,228944,TikTok_followers_daily,TikTok,global,,Q3_2025,net_change,2047.0,followers,2370.0,
artist,Terry Apala,228944,TikTok_followers_daily,TikTok,global,,Q4_2024,net_change,1.0,followers,,
artist,Terry Apala,228944,TikTok_followers_daily,TikTok,global,,Q4_2025,net_change,4288.0,followers,2241.0,4287.0
artist,Terry Apala,228944,TikTok_likes_daily,TikTok,global,,Q1_2025,net_change,57600.0,likes,43400.0,
artist,Terry Apala,228944,TikTok_likes_daily,TikTok,global,,Q3_2025,net_change,22718.0,likes,,
artist,Terry Apala,228944,TikTok_likes_daily,TikTok,global,,Q4_2024,net_change,14200.0,likes,,
artist,Terry Apala,228944,TikTok_likes_daily,TikTok,global,,Q4_2025,net_change,24058.0,likes,1340.0,9858.0
artist,Terry Apala,228944,Wikipedia_views_daily,Wikipedia,global,,Q1_2024,sum,2422.0,views,,
artist,Terry Apala,228944,Wikipedia_views_daily,Wikipedia,global,,Q1_2025,sum,4926.0,views,482.0,2504.0
artist,Terry Apala,228944,Wikipedia_views_daily,Wikipedia,global,,Q2_2024,sum,4676.0,views,2254.0,
artist,Terry Apala,228944,Wikipedia_views_daily,Wikipedia,global,,Q2_2025,sum,4305.0,views,-621.0,-371.0
artist,Terry Apala,228944,Wikipedia_views_daily,Wikipedia,global,,Q3_2024,sum,7752.0,views,3076.0,
artist,Terry Apala,228944,Wikipedia_views_daily,Wikipedia,global,,Q3_2025,sum,3131.0,views,-1174.0,-4621.0
artist,Terry Apala,228944,Wikipedia_views_daily,Wikipedia,global,,Q4_2024,sum,4444.0,views,-3308.0,
artist,Terry Apala,228944,Wikipedia_views_daily,Wikipedia,global,,Q4_2025,sum,2885.0,views,-246.0,-1559.0
artist,Terry Apala,228944,YouTube_subscribers_daily,YouTube,global,,Q1_2025,net_change,123.0,subscribers,3.0,
artist,Terry Apala,228944,YouTube_subscribers_daily,YouTube,global,,Q2_2024,net_change,30.0,subscribers,,
artist,Terry Apala,228944,YouTube_subscribers_daily,YouTube,global,,Q2_2025,net_change,0.0,subscribers,-123.0,-30.0
artist,Terry Apala,228944,YouTube_subscribers_daily,YouTube,global,,Q3_2024,net_change,169.0,subscribers,139.0,
artist,Terry Apala,228944,YouTube_subscribers_daily,YouTube,global,,Q3_2025,net_change,-13.0,subscribers,-13.0,-182.0
artist,Terry Apala,228944,YouTube_subscribers_daily,YouTube,global,,Q4_2024,net_change,120.0,subscribers,-49.0,
artist,Terry Apala,228944,YouTube_subscribers_daily,YouTube,global,,Q4_2025,net_change,-11.0,subscribers,2.0,-131.0
artist,Vector,170806,Bandsintown_followers_daily,Bandsintown,global,,Q1_2025,net_change,224.0,followers,219.0,
artist,Vector,170806,Bandsintown_followers_daily,Bandsintown,global,,Q2_2024,net_change,2.0,followers,,
artist,Vector,170806,Bandsintown_followers_daily,Bandsintown,global,,Q2_2025,net_change,-608.0,followers,-832.0,-610.0
artist,Vector,170806,Bandsintown_followers_daily,Bandsintown,global,,Q3_2024,net_change,0.0,followers,-2.0,
artist,Vector,170806,Bandsintown_followers_daily,Bandsintown,global,,Q3_2025,net_change,848.0,followers,1456.0,848.0
artist,Vector,170806,Bandsintown_followers_daily,Bandsintown,global,,Q4_2024,net_change,5.0,followers,5.0,
artist,Vector,170806,Bandsintown_followers_daily,Bandsintown,global,,Q4_2025,net_change,19.0,followers,-829.0,14.0
artist,Vector,170806,Instagram_followers_daily,Instagram,global,,Q1_2024,net_change,833.0,followers,,
artist,Vector,170806,Instagram_followers_daily,Instagram,global,,Q1_2025,net_change,-23249.0,followers,5437.0,-24082.0
artist,Vector,170806,Instagram_followers_daily,Instagram,global,,Q2_2024,net_change,5287.0,followers,4454.0,
artist,Vector,170806,Instagram_followers_daily,Instagram,global,,Q2_2025,net_change,-13018.0,followers,10231.0,-18305.0
artist,Vector,170806,Instagram_followers_daily,Instagram,global,,Q3_2024,net_change,-41251.0,followers,-46538.0,
artist,Vector,170806,Instagram_followers_daily,Instagram,global,,Q3_2025,net_change,-13725.0,followers,-707.0,27526.0
artist,Vector,170806,Instagram_followers_daily,Instagram,global,,Q4_2024,net_change,-28686.0,followers,12565.0,
artist,Vector,170806,Instagram_followers_daily,Instagram,global,,Q4_2025,net_change,-2995.0,followers,10730.0,25691.0
artist,Vector,170806,Soundcloud_followers_daily,Soundcloud,global,,Q1_2024,net_change,10.0,followers,,
artist,Vector,170806,Soundcloud_followers_daily,Soundcloud,global,,Q1_2025,net_change,1.0,followers,-6.0,-9.0
artist,Vector,170806,Soundcloud_followers_daily,Soundcloud,global,,Q2_2024,net_change,4.0,followers,-6.0,
artist,Vector,170806,Soundcloud_followers_daily,Soundcloud,global,,Q2_2025,net_change,2.0,followers,1.0,-2.0
artist,Vector,170806,Soundcloud_followers_daily,Soundcloud,global,,Q3_2024,net_change,11.0,followers,7.0,
artist,Vector,170806,Soundcloud_followers_daily,Soundcloud,global,,Q4_2024,net_change,7.0,followers,-4.0,
artist,Vector,170806,Soundcloud_followers_daily,Soundcloud,global,,Q4_2025,net_change,3.0,followers,,-4.0
artist,Vector,170806,Spotify_followers_daily,Spotify,global,,Q1_2024,net_change,20372.0,followers,,
artist,Vector,170806,Spotify_followers_daily,Spotify,global,,Q1_2025,net_change,20477.0,followers,308.0,105.0
artist,Vector,170806,Spotify_followers_daily,Spotify,global,,Q2_2025,net_change,25628.0,followers,5151.0,
artist,Vector,170806,Spotify_followers_daily,Spotify,global,,Q3_2024,net_change,20841.0,followers,,
artist,Vector,170806,Spotify_followers_daily,Spotify,global,,Q3_2025,net_change,24200.0,followers,-1428.0,3359.0
artist,Vector,170806,Spotify_followers_daily,Spotify,global,,Q4_2024,net_change,20169.0,followers,-672.0,
artist,Vector,170806,Spotify_followers_daily,Spotify,global,,Q4_2025,net_change,34331.0,followers,10131.0,14162.0
artist,Vector,170806,Spotify_monthly_listeners_daily,Spotify,global,,Q1_2024,net_change,-33310.0,listeners,,
artist,Vector,170806,Spotify_monthly_listeners_daily,Spotify,global,,Q1_2025,net_change,-15071.0,listeners,-74356.0,18239.0
artist,Vector,170806,Spotify_monthly_listeners_daily,Spotify,global,,Q2_2024,net_change,-27435.0,listeners,5875.0,
artist,Vector,170806,Spotify_monthly_listeners_daily,Spotify,global,,Q2_2025,net_change,290365.0,listeners,305436.0,317800.0
artist,Vector,170806,Spotify_monthly_listeners_daily,Spotify,global,,Q3_2024,net_change,-139051.0,listeners,-111616.0,
artist,Vector,170806,Spotify_monthly_listeners_daily,Spotify,global,,Q3_2025,net_change,98625.0,listeners,-191740.0,237676.0
artist,Vector,170806,Spotify_monthly_listeners_daily,Spotify,global,,Q4_2024,net_change,59285.0,listeners,198336.0,
artist,Vector,170806,Spotify_monthly_listeners_daily,Spotify,global,,Q4_2025,net_change,13764.0,listeners,-84861.0,-45521.0
artist,Vector,170806,TikTok_followers_daily,TikTok,global,,Q1_2025,net_change,2742.0,followers,884.0,
artist,Vector,170806,TikTok_followers_daily,TikTok,global,,Q2_2024,net_change,1149.0,followers,,
artist,Vector,170806,TikTok_followers_daily,TikTok,global,,Q2_2025,net_change,2067.0,followers,-675.0,918.0
artist,Vector,170806,TikTok_followers_daily,TikTok,global,,Q3_2024,net_change,1755.0,followers,606.0,
artist,Vector,170806,TikTok_followers_daily,TikTok,global,,Q3_2025,net_change,3638.0,followers,1571.0,1883.0
artist,Vector,170806,TikTok_followers_daily,TikTok,global,,Q4_2024,net_change,1858.0,followers,103.0,
artist,Vector,170806,TikTok_followers_daily,TikTok,global,,Q4_2025,net_change,828.0,followers,-2810.0,-1030.0
artist,Vector,170806,TikTok_likes_daily,TikTok,global,,Q1_2025,net_change,49320.0,likes,46377.0,
artist,Vector,170806,TikTok_likes_daily,TikTok,global,,Q2_2024,net_change,829.0,likes,,
artist,Vector,170806,TikTok_likes_daily,TikTok,global,,Q2_2025,net_change,4020.0,likes,-45300.0,3191.0
artist,Vector,170806,TikTok_likes_daily,TikTok,global,,Q3_2024,net_change,1300.0,likes,471.0,
artist,Vector,170806,TikTok_likes_daily,TikTok,global,,Q3_2025,net_change,162546.0,likes,158526.0,161246.0
artist,Vector,170806,TikTok_likes_daily,TikTok,global,,Q4_2024,net_change,2943.0,likes,1643.0,
artist,Vector,170806,TikTok_likes_daily,TikTok,global,,Q4_2025,net_change,1697.0,likes,-160849.0,-1246.0
artist,Vector,170806,Twitter_followers_daily,Twitter,global,,Q1_2024,net_change,-47.0,followers,,
artist,Vector,170806,Twitter_followers_daily,Twitter,global,,Q1_2025,net_change,-22.0,followers,310.0,25.0
artist,Vector,170806,Twitter_followers_daily,Twitter,global,,Q2_2024,net_change,-1322.0,followers,-1275.0,
artist,Vector,170806,Twitter_followers_daily,Twitter,global,,Q2_2025,net_change,946.0,followers,968.0,2268.0
artist,Vector,170806,Twitter_followers_daily,Twitter,global,,Q3_2024,net_change,2576.0,followers,3898.0,
artist,Vector,170806,Twitter_followers_daily,Twitter,global,,Q3_2025,net_change,-61.0,followers,-1007.0,-2637.0
artist,Vector,170806,Twitter_followers_daily,Twitter,global,,Q4_2024,net_change,-332.0,followers,-2908.0,
artist,Vector,170806,Twitter_followers_daily,Twitter,global,,Q4_2025,net_change,-2164.0,followers,-2103.0,-1832.0
artist,Vector,170806,YouTube_subscribers_daily,YouTube,global,,Q1_2024,net_change,2600.0,subscribers,,
artist,Vector,170806,YouTube_subscribers_daily,YouTube,global,,Q1_2025,net_change,1132.0,subscribers,9.0,-1468.0
artist,Vector,170806,YouTube_subscribers_daily,YouTube,global,,Q2_2024,net_change,1200.0,subscribers,-1400.0,
artist,Vector,170806,YouTube_subscribers_daily,YouTube,global,,Q2_2025,net_change,996.0,subscribers,-136.0,-204.0
artist,Vector,170806,YouTube_subscribers_daily,YouTube,global,,Q3_2024,net_change,1138.0,subscribers,-62.0,
artist,Vector,170806,YouTube_subscribers_daily,YouTube,global,,Q3_2025,net_change,1094.0,subscribers,98.0,-44.0
artist,Vector,170806,YouTube_subscribers_daily,YouTube,global,,Q4_2024,net_change,1123.0,subscribers,-15.0,
artist,Vector,170806,YouTube_subscribers_daily,YouTube,global,,Q4_2025,net_change,807.0,subscribers,-287.0,-316.0
artist,Waje,429450,Instagram_followers_daily,Instagram,global,,Q1_2024,net_change,-10171.0,followers,,
artist,Waje,429450,Instagram_followers_daily,Instagram,global,,Q1_2025,net_change,-10329.0,followers,2509.0,-158.0
artist,Waje,429450,Instagram_followers_daily,Instagram,global,,Q2_2024,net_change,-516.0,followers,9655.0,
artist,Waje,429450,Instagram_followers_daily,Instagram,global,,Q2_2025,net_change,3018.0,followers,13347.0,3534.0
artist,Waje,429450,Instagram_followers_daily,Instagram,global,,Q3_2024,net_change,-16438.0,followers,-15922.0,
artist,Waje,429450,Instagram_followers_daily,Instagram,global,,Q4_2024,net_change,-12838.0,followers,3600.0,
artist,Waje,429450,Instagram_followers_daily,Instagram,global,,Q4_2025,net_change,12461.0,followers,,25299.0
artist,Waje,429450,Spotify_followers_daily,Spotify,global,,Q1_2025,net_change,5.0,followers,-206.0,
artist,Waje,429450,Spotify_followers_daily,Spotify,global,,Q2_2025,net_change,49.0,followers,44.0,
artist,Waje,429450,Spotify_followers_daily,Spotify,global,,Q3_2024,net_change,2796.0,followers,,
artist,Waje,429450,Spotify_followers_daily,Spotify,global,,Q3_2025,net_change,139.0,followers,90.0,-2657.0
artist,Waje,429450,Spotify_followers_daily,Spotify,global,,Q4_2024,net_change,211.0,followers,-2585.0,
artist,Waje,429450,Spotify_followers_daily,Spotify,global,,Q4_2025,net_change,568.0,followers,429.0,357.0
artist,Waje,429450,Spotify_monthly_listeners_daily,Spotify,global,,Q1_2024,net_change,-9814.0,listeners,,
artist,Waje,429450,Spotify_monthly_listeners_daily,Spotify,global,,Q1_2025,net_change,-17708.0,listeners,-49243.0,-7894.0
artist,Waje,429450,Spotify_monthly_listeners_daily,Spotify,global,,Q2_2024,net_change,-1212.0,listeners,8602.0,
artist,Waje,429450,Spotify_monthly_listeners_daily,Spotify,global,,Q2_2025,net_change,-5505.0,listeners,12203.0,-4293.0
artist,Waje,429450,Spotify_monthly_listeners_daily,Spotify,global,,Q3_2024,net_change,12848.0,listeners,14060.0,
artist,Waje,429450,Spotify_monthly_listeners_daily,Spotify,global,,Q3_2025,net_change,836.0,listeners,6341.0,-12012.0
artist,Waje,429450,Spotify_monthly_listeners_daily,Spotify,global,,Q4_2024,net_change,31535.0,listeners,18687.0,
artist,Waje,429450,Spotify_monthly_listeners_daily,Spotify,global,,Q4_2025,net_change,20838.0,listeners,20002.0,-10697.0
artist,Waje,429450,YouTube_subscribers_daily,YouTube,global,,Q1_2024,net_change,200.0,subscribers,,
artist,Waje,429450,YouTube_subscribers_daily,YouTube,global,,Q1_2025,net_change,319.0,subscribers,-10.0,119.0
artist,Waje,429450,YouTube_subscribers_daily,YouTube,global,,Q2_2024,net_change,329.0,subscribers,129.0,
artist,Waje,429450,YouTube_subscribers_daily,YouTube,global,,Q2_2025,net_change,344.0,subscribers,25.0,15.0
artist,Waje,429450,YouTube_subscribers_daily,YouTube,global,,Q3_2024,net_change,336.0,subscribers,7.0,
artist,Waje,429450,YouTube_subscribers_daily,YouTube,global,,Q3_2025,net_change,267.0,subscribers,-77.0,-69.0
artist,Waje,429450,YouTube_subscribers_daily,YouTube,global,,Q4_2024,net_change,329.0,subscribers,-7.0,
artist,Waje,429450,YouTube_subscribers_daily,YouTube,global,,Q4_2025,net_change,1184.0,subscribers,917.0,855.0
artist,WurlD,424613,Bandsintown_followers_daily,Bandsintown,global,,Q1_2025,net_change,156.0,followers,-30.0,
artist,WurlD,424613,Bandsintown_followers_daily,Bandsintown,global,,Q2_2025,net_change,243.0,followers,87.0,
artist,WurlD,424613,Bandsintown_followers_daily,Bandsintown,global,,Q3_2025,net_change,-2523.0,followers,-2766.0,
artist,WurlD,424613,Bandsintown_followers_daily,Bandsintown,global,,Q4_2024,net_change,186.0,followers,,
artist,WurlD,424613,Bandsintown_followers_daily,Bandsintown,global,,Q4_2025,net_change,122.0,followers,2645.0,-64.0
artist,WurlD,424613,Instagram_followers_daily,Instagram,global,,Q1_2024,net_change,-3256.0,followers,,
artist,WurlD,424613,Instagram_followers_daily,Instagram,global,,Q1_2025,net_change,-8726.0,followers,2737.0,-5470.0
artist,WurlD,424613,Instagram_followers_daily,Instagram,global,,Q2_2024,net_change,-4247.0,followers,-991.0,
artist,WurlD,424613,Instagram_followers_daily,Instagram,global,,Q2_2025,net_change,-5078.0,followers,3648.0,-831.0
artist,WurlD,424613,Instagram_followers_daily,Instagram,global,,Q3_2024,net_change,-17549.0,followers,-13302.0,
artist,WurlD,424613,Instagram_followers_daily,Instagram,global,,Q3_2025,net_change,-5727.0,followers,-649.0,11822.0
artist,WurlD,424613,Instagram_followers_daily,Instagram,global,,Q4_2024,net_change,-11463.0,followers,6086.0,
artist,WurlD,424613,Instagram_followers_daily,Instagram,global,,Q4_2025,net_change,-1063.0,followers,4664.0,10400.0
artist,WurlD,424613,Soundcloud_followers_daily,Soundcloud,global,,Q1_2024,net_change,10.0,followers,,
artist,WurlD,424613,Soundcloud_followers_daily,Soundcloud,global,,Q1_2025,net_change,17.0,followers,14.0,7.0
artist,WurlD,424613,Soundcloud_followers_daily,Soundcloud,global,,Q2_2024,net_change,10.0,followers,0.0,
artist,WurlD,424613,Soundcloud_followers_daily,Soundcloud,global,,Q2_2025,net_change,34.0,followers,17.0,24.0
artist,WurlD,424613,Soundcloud_followers_daily,Soundcloud,global,,Q3_2025,net_change,9.0,followers,-25.0,
artist,WurlD,424613,Soundcloud_followers_daily,Soundcloud,global,,Q4_2024,net_change,3.0,followers,,
artist,WurlD,424613,Soundcloud_followers_daily,Soundcloud,global,,Q4_2025,net_change,11.0,followers,2.0,8.0
artist,WurlD,424613,Spotify_followers_daily,Spotify,global,,Q1_2025,net_change,2942.0,followers,-271.0,
artist,WurlD,424613,Spotify_followers_daily,Spotify,global,,Q2_2024,net_change,15268.0,followers,,
artist,WurlD,424613,Spotify_followers_daily,Spotify,global,,Q2_2025,net_change,2569.0,followers,-373.0,-12699.0
artist,WurlD,424613,Spotify_followers_daily,Spotify,global,,Q3_2024,net_change,7430.0,followers,-7838.0,
artist,WurlD,424613,Spotify_followers_daily,Spotify,global,,Q3_2025,net_change,3896.0,followers,1327.0,-3534.0
artist,WurlD,424613,Spotify_followers_daily,Spotify,global,,Q4_2024,net_change,3213.0,followers,-4217.0,
artist,WurlD,424613,Spotify_followers_daily,Spotify,global,,Q4_2025,net_change,8383.0,followers,4487.0,5170.0
artist,WurlD,424613,Spotify_monthly_listeners_daily,Spotify,global,,Q1_2024,net_change,-184136.0,listeners,,
artist,WurlD,424613,Spotify_monthly_listeners_daily,Spotify,global,,Q1_2025,net_change,75492.0,listeners,62619.0,259628.0
artist,WurlD,424613,Spotify_monthly_listeners_daily,Spotify,global,,Q2_2024,net_change,12076.0,listeners,196212.0,
artist,WurlD,424613,Spotify_monthly_listeners_daily,Spotify,global,,Q2_2025,net_change,56359.0,listeners,-19133.0,44283.0
artist,WurlD,424613,Spotify_monthly_listeners_daily,Spotify,global,,Q3_2024,net_change,-31927.0,listeners,-44003.0,
artist,WurlD,424613,Spotify_monthly_listeners_daily,Spotify,global,,Q3_2025,net_change,120790.0,listeners,64431.0,152717.0
artist,WurlD,424613,Spotify_monthly_listeners_daily,Spotify,global,,Q4_2024,net_change,12873.0,listeners,44800.0,
artist,WurlD,424613,Spotify_monthly_listeners_daily,Spotify,global,,Q4_2025,net_change,371588.0,listeners,250798.0,358715.0
artist,WurlD,424613,TikTok_followers_daily,TikTok,global,,Q1_2024,net_change,500.0,followers,,
artist,WurlD,424613,TikTok_followers_daily,TikTok,global,,Q1_2025,net_change,16153.0,followers,15084.0,15653.0
artist,WurlD,424613,TikTok_followers_daily,TikTok,global,,Q2_2025,net_change,3433.0,followers,-12720.0,
artist,WurlD,424613,TikTok_followers_daily,TikTok,global,,Q3_2024,net_change,319.0,followers,,
artist,WurlD,424613,TikTok_followers_daily,TikTok,global,,Q3_2025,net_change,5344.0,followers,1911.0,5025.0
artist,WurlD,424613,TikTok_followers_daily,TikTok,global,,Q4_2024,net_change,1069.0,followers,750.0,
artist,WurlD,424613,TikTok_followers_daily,TikTok,global,,Q4_2025,net_change,2183.0,followers,-3161.0,1114.0
artist,WurlD,424613,TikTok_likes_daily,TikTok,global,,Q1_2024,net_change,3100.0,likes,,
artist,WurlD,424613,TikTok_likes_daily,TikTok,global,,Q1_2025,net_change,1038447.0,likes,988747.0,1035347.0
artist,WurlD,424613,TikTok_likes_daily,TikTok,global,,Q2_2024,net_change,2400.0,likes,-700.0,
artist,WurlD,424613,TikTok_likes_daily,TikTok,global,,Q2_2025,net_change,424490.0,likes,-613957.0,422090.0
artist,WurlD,424613,TikTok_likes_daily,TikTok,global,,Q3_2024,net_change,1200.0,likes,-1200.0,
artist,WurlD,424613,TikTok_likes_daily,TikTok,global,,Q3_2025,net_change,535374.0,likes,110884.0,534174.0
artist,WurlD,424613,TikTok_likes_daily,TikTok,global,,Q4_2024,net_change,49700.0,likes,48500.0,
artist,WurlD,424613,TikTok_likes_daily,TikTok,global,,Q4_2025,net_change,317962.0,likes,-217412.0,268262.0
artist,WurlD,424613,Twitter_followers_daily,Twitter,global,,Q1_2024,net_change,-440.0,followers,,
artist,WurlD,424613,Twitter_followers_daily,Twitter,global,,Q1_2025,net_change,-1078.0,followers,-714.0,-638.0
artist,WurlD,424613,Twitter_followers_daily,Twitter,global,,Q2_2024,net_change,-4908.0,followers,-4468.0,
artist,WurlD,424613,Twitter_followers_daily,Twitter,global,,Q2_2025,net_change,417.0,followers,1495.0,5325.0
artist,WurlD,424613,Twitter_followers_daily,Twitter,global,,Q3_2024,net_change,-3689.0,followers,1219.0,
artist,WurlD,424613,Twitter_followers_daily,Twitter,global,,Q3_2025,net_change,-496.0,followers,-913.0,3193.0
artist,WurlD,424613,Twitter_followers_daily,Twitter,global,,Q4_2024,net_change,-364.0,followers,3325.0,
artist,WurlD,424613,Twitter_followers_daily,Twitter,global,,Q4_2025,net_change,-1978.0,followers,-1482.0,-1614.0
artist,WurlD,424613,Wikipedia_views_daily,Wikipedia,global,,Q1_2024,sum,2161.0,views,,
artist,WurlD,424613,Wikipedia_views_daily,Wikipedia,global,,Q1_2025,sum,3027.0,views,1502.0,866.0
artist,WurlD,424613,Wikipedia_views_daily,Wikipedia,global,,Q2_2024,sum,1528.0,views,-633.0,
artist,WurlD,424613,Wikipedia_views_daily,Wikipedia,global,,Q2_2025,sum,1750.0,views,-1277.0,222.0
artist,WurlD,424613,Wikipedia_views_daily,Wikipedia,global,,Q3_2024,sum,1466.0,views,-62.0,
artist,WurlD,424613,Wikipedia_views_daily,Wikipedia,global,,Q3_2025,sum,1660.0,views,-90.0,194.0
artist,WurlD,424613,Wikipedia_views_daily,Wikipedia,global,,Q4_2024,sum,1525.0,views,59.0,
artist,WurlD,424613,Wikipedia_views_daily,Wikipedia,global,,Q4_2025,sum,1831.0,views,171.0,306.0
artist,WurlD,424613,YouTube_subscribers_daily,YouTube,global,,Q1_2024,net_change,700.0,subscribers,,
artist,WurlD,424613,YouTube_subscribers_daily,YouTube,global,,Q1_2025,net_change,368.0,subscribers,138.0,-332.0
artist,WurlD,424613,YouTube_subscribers_daily,YouTube,global,,Q2_2024,net_change,400.0,subscribers,-300.0,
artist,WurlD,424613,YouTube_subscribers_daily,YouTube,global,,Q2_2025,net_change,266.0,subscribers,-102.0,-134.0
artist,WurlD,424613,YouTube_subscribers_daily,YouTube,global,,Q3_2024,net_change,283.0,subscribers,-117.0,
artist,WurlD,424613,YouTube_subscribers_daily,YouTube,global,,Q3_2025,net_change,540.0,subscribers,274.0,257.0
artist,WurlD,424613,YouTube_subscribers_daily,YouTube,global,,Q4_2024,net_change,230.0,subscribers,-53.0,
artist,WurlD,424613,YouTube_subscribers_daily,YouTube,global,,Q4_2025,net_change,315.0,subscribers,-225.0,85.0
artist,Yung6ix,5060,Instagram_followers_daily,Instagram,global,,Q1_2024,net_change,-14045.0,followers,,
artist,Yung6ix,5060,Instagram_followers_daily,Instagram,global,,Q1_2025,net_change,-34801.0,followers,6487.0,-20756.0
artist,Yung6ix,5060,Instagram_followers_daily,Instagram,global,,Q2_2024,net_change,-20367.0,followers,-6322.0,
artist,Yung6ix,5060,Instagram_followers_daily,Instagram,global,,Q2_2025,net_change,-25075.0,followers,9726.0,-4708.0
artist,Yung6ix,5060,Instagram_followers_daily,Instagram,global,,Q3_2024,net_change,-48372.0,followers,-28005.0,
artist,Yung6ix,5060,Instagram_followers_daily,Instagram,global,,Q4_2024,net_change,-41288.0,followers,7084.0,
artist,Yung6ix,5060,Instagram_followers_daily,Instagram,global,,Q4_2025,net_change,0.0,followers,,41288.0
artist,Yung6ix,5060,Soundcloud_followers_daily,Soundcloud,global,,Q3_2024,net_change,0.0,followers,,
artist,Yung6ix,5060,Spotify_followers_daily,Spotify,global,,Q1_2024,net_change,6519.0,followers,,
artist,Yung6ix,5060,Spotify_followers_daily,Spotify,global,,Q1_2025,net_change,1921.0,followers,-152.0,-4598.0
artist,Yung6ix,5060,Spotify_followers_daily,Spotify,global,,Q2_2025,net_change,1612.0,followers,-309.0,
artist,Yung6ix,5060,Spotify_followers_daily,Spotify,global,,Q3_2024,net_change,3017.0,followers,,
artist,Yung6ix,5060,Spotify_followers_daily,Spotify,global,,Q3_2025,net_change,1743.0,followers,131.0,-1274.0
artist,Yung6ix,5060,Spotify_followers_daily,Spotify,global,,Q4_2024,net_change,2073.0,followers,-944.0,
artist,Yung6ix,5060,Spotify_followers_daily,Spotify,global,,Q4_2025,net_change,1903.0,followers,160.0,-170.0
artist,Yung6ix,5060,Spotify_monthly_listeners_daily,Spotify,global,,Q1_2024,net_change,10267.0,listeners,,
artist,Yung6ix,5060,Spotify_monthly_listeners_daily,Spotify,global,,Q2_2024,net_change,6244.0,listeners,-4023.0,
artist,Yung6ix,5060,Spotify_monthly_listeners_daily,Spotify,global,,Q3_2024,net_change,2112.0,listeners,-4132.0,
artist,Yung6ix,5060,Spotify_monthly_listeners_daily,Spotify,global,,Q3_2025,net_change,15152.0,listeners,,13040.0
artist,Yung6ix,5060,Spotify_monthly_listeners_daily,Spotify,global,,Q4_2024,net_change,13312.0,listeners,11200.0,
artist,Yung6ix,5060,Spotify_monthly_listeners_daily,Spotify,global,,Q4_2025,net_change,11259.0,listeners,-3893.0,-2053.0
artist,Yung6ix,5060,Wikipedia_views_daily,Wikipedia,global,,Q1_2024,sum,2368.0,views,,
artist,Yung6ix,5060,Wikipedia_views_daily,Wikipedia,global,,Q1_2025,sum,3341.0,views,1054.0,973.0
artist,Yung6ix,5060,Wikipedia_views_daily,Wikipedia,global,,Q2_2024,sum,2386.0,views,18.0,
artist,Yung6ix,5060,Wikipedia_views_daily,Wikipedia,global,,Q2_2025,sum,2250.0,views,-1091.0,-136.0
artist,Yung6ix,5060,Wikipedia_views_daily,Wikipedia,global,,Q3_2024,sum,2161.0,views,-225.0,
artist,Yung6ix,5060,Wikipedia_views_daily,Wikipedia,global,,Q3_2025,sum,2010.0,views,-240.0,-151.0
artist,Yung6ix,5060,Wikipedia_views_daily,Wikipedia,global,,Q4_2024,sum,2287.0,views,126.0,
artist,Yung6ix,5060,Wikipedia_views_daily,Wikipedia,global,,Q4_2025,sum,2114.0,views,104.0,-173.0
artist,Yung6ix,5060,YouTube_subscribers_daily,YouTube,global,,Q1_2024,net_change,6.0,subscribers,,
artist,Yung6ix,5060,YouTube_subscribers_daily,YouTube,global,,Q1_2025,net_change,0.0,subscribers,-2.0,-6.0
artist,Yung6ix,5060,YouTube_subscribers_daily,YouTube,global,,Q2_2024,net_change,4.0,subscribers,-2.0,
artist,Yung6ix,5060,YouTube_subscribers_daily,YouTube,global,,Q2_2025,net_change,1.0,subscribers,1.0,-3.0
artist,Yung6ix,5060,YouTube_subscribers_daily,YouTube,global,,Q3_2024,net_change,1.0,subscribers,-3.0,
artist,Yung6ix,5060,YouTube_subscribers_daily,YouTube,global,,Q3_2025,net_change,3.0,subscribers,2.0,2.0
artist,Yung6ix,5060,YouTube_subscribers_daily,YouTube,global,,Q4_2024,net_change,2.0,subscribers,1.0,
artist,Yung6ix,5060,YouTube_subscribers_daily,YouTube,global,,Q4_2025,net_change,2.0,subscribers,-1.0,0.0
