year,country_code,station,city,artists,play_count,is_domestic
2019,NG,Naija FM 102.7,Lagos,235,81539,Y
2019,NG,Wazobia FM,Lagos,277,41350,Y
2019,NG,Cool FM,Lagos,269,34470,Y
2019,NG,Inspiration 92.3 FM,Lagos,261,21006,Y
2019,GB,The Beat (103.6FM),London,137,19955,N
2019,GB,Pie Radio UK,Manchester,54,18963,N
2019,GB,Capital Xtra,London,110,13519,N
2019,FR,Africa Radio,Paris,120,13182,N
2019,NG,Splash 105.5 FM,Ibadan,241,13095,Y
2019,GB,Reprezent Radio,London,142,12546,N
2019,GB,BBC Radio 1 Xtra,London,106,12228,N
2019,FR,Tropiques FM,Paris,45,10518,N
2019,GB,Westside Radio,London,124,8437,N
2019,US,WWPR,"New York, NY",20,8411,N
2019,US,Hot 97,"New York, NY",28,8275,N
2019,ZA,Y FM,Johannesburg,73,7109,N
2019,DE,WDR Funkhaus Europa,Cologne,110,5997,N
2019,US,WPOW,"Miami, FL",9,5675,N
2019,GB,Rinse FM,London,123,5377,N
2019,GB,KISS XTRA,London,33,5121,N
2019,GB,Ujima 98 FM,Bristol,133,5028,N
2019,US,WKYS-FM,"Washington, D.C.",23,4591,N
2019,NL,NPO FunX NL,Hilversum,69,4309,N
2019,US,Power 107.5,"Colombus, OH",10,4253,N
2019,US,WGPR,"Detroit, MI",6,3942,N
2019,FR,Mouv',Paris,74,3901,N
2019,US,WOWI,"Norfolk, VA",10,3852,N
2019,US,WPGC 95.5,"Washington, D.C.",11,3650,N
2019,GB,Kemet,Nottingham,67,3561,N
2019,GB,Unity Xtra,Manchester,65,3560,N
2019,GB,Pulse 88,London,73,3523,N
2019,US,WZMX,"Hartford, CT",18,3433,N
2019,US,WQUE,"New Orleans, LA",7,3250,N
2019,US,WBTJ,"Richmond, VA",17,3184,N
2019,GB,BBC Radio 1,London,76,3148,N
2019,US,Hot 93.3,"Dallas, TX",5,3112,N
2019,GB,Kiss FM,London,11,2877,N
2019,FR,Générations (Lyon),Lyon,32,2816,N
2019,US,WHHL,"St. Louis, MO",9,2790,N
2019,US,KBXX,"Houston, TX",9,2787,N
2019,US,KBFB,"Dallas, TX",10,2759,N
2019,NZ,Flava,Tauranga,11,2702,N
2019,US,WHZT-FM,"Spartanburg, SC",6,2687,N
2019,FR,Générations (IDF),Paris,22,2632,N
2019,US,WQOK-FM,"Raleigh-Durham, NC",16,2481,N
2019,BE,Tarmac,Brussels,12,2467,N
2019,US,WRSV,"Rocky Mount, NC",13,2456,N
2019,US,102 JAMZ,"Reidsville, NC",8,2294,N
2019,ZA,5FM,Bloemfontein,44,2154,N
2019,US,K104,"Dallas, TX",9,2069,N
2019,BE,Bruzz,Brussels,89,1986,N
2019,GB,New Style Radio,Birmingham,89,1976,N
2019,GB,BBC Asian Network,Birmingham,91,1882,N
2019,US,92Q Jams Baltimore,"Baltimore, MD",12,1856,N
2019,US,WPWX-FM,"Chicago, IL",53,1839,N
2019,US,KFCO-FM,"Bennett, CO",7,1830,N
2019,US,WHTA-FM,"Mableton, GA",20,1805,N
2019,NZ,Mai FM,Whangarei,14,1693,N
2019,DE,L'Unico,Paderborn,9,1693,N
2019,US,KMEL,"San Francisco, CA",12,1644,N
2019,US,KOPW-FM (Omaha's Power 106.9 FM),"Plattsmouth, NE",7,1604,N
2019,US,WMMR,"Philadelphia, PA",2,1580,N
2019,US,WJMN,"Boston, MA",16,1483,N
2019,US,KPHW-FM (Power Hawaï 104.3 FM),"Houston, TX",5,1477,N
2019,AU,Triple J,Sydney,61,1439,N
2019,US,WRVZ,"Charleston, WV",6,1437,N
2019,US,WQLQ-FM,"South Bend, IN",4,1416,N
2019,FR,Blackbox,Bordeaux,9,1411,N
2019,US,Z-107.9,"Cincinnati, OH",12,1398,N
2019,FR,Nova,Paris,40,1377,N
2019,US,Hot 104.7,"Kennebunkport, ME",6,1341,N
2019,US,WDKX-FM,"Rochester, NY",12,1339,N
2019,DK,myROCK,Copenhagen,1,1331,N
2019,US,POWER106,"Los Angeles, CA",6,1330,N
2019,US,KBPI,"Denver, CO",1,1311,N
2019,US,WQLZ,"Springfield, IL",1,1306,N
2019,US,KTBZ,"Houston, TX",11,1293,N
2019,AU,FBI,Sydney,54,1258,N
2019,GB,NTS,London,114,1236,N
2019,JM,Zip FM,Kingston,33,1231,N
2019,AU,The Edge 96.ONE,Sydney,59,1199,N
2019,US,WLDI,"West Palm Beach, FL",5,1176,N
2019,US,KISW,"Seattle, WA",1,1131,N
2019,SE,P3,Stockholm,63,1124,N
2019,FR,Oui FM,Paris,1,1118,N
2019,GB,Worldwide FM,London,66,1105,N
2019,PT,Mega Hits,Lisbon,17,1095,N
2019,FR,Ado,Paris,17,1048,N
2019,BE,Studio Brussel,Brussels,50,1047,N
2019,US,95.7 Jamz,"Midfield, AL",10,1042,N
2019,GB,BBC Radio 6,London,21,1032,N
2019,ID,Motion 97.5,Jakarta,9,1018,N
2019,DK,DR P3,Copenhagen,21,1017,N
2019,ZA,947,Rivonia,28,1007,N
2019,IE,RTÉ 2FM,Dublin,32,972,N
2019,GB,Radio Cardiff,Cardiff,48,959,N
2019,US,WNRW,"Louisville, KY",5,949,N
2019,BE,Fun Radio BL,Brussels,24,945,N
2019,LB,Virgin Radio 89.5,Bayrut,24,931,N
2019,PT,Kiss FM Algarve,Albufeira,5,921,N
2019,US,103.3 AMP Radio,"Boston, MA",4,914,N
2019,AU,PBS,Melbourne,89,909,N
2019,DE,Star FM,Berlin,1,900,N
2019,GB,Capital FM [Liverpool],Liverpool,6,890,N
2019,US,KPAT-FM (The Beat San Maria 95.7 FM),"Orcutt, CA",4,868,N
2019,GB,Capital FM [London],London,6,866,N
2019,IT,Radio Playstudio,Emilia–Romagna,26,860,N
2019,GB,Reform Radio,Manchester,63,857,N
2019,BE,Contact,Mons,15,854,N
2019,US,WHYI,"Miami, FL",5,851,N
2019,BE,Tipik [ex Pure FM],Liège,18,838,N
2019,BE,NRJ Belgique,Brussels,21,820,N
2019,GB,Roundhouse Radio,Duxhurst,14,811,N
2019,CH,RTS Couleur 3,Mont Salève,54,804,N
2019,FR,Plein Air,Besançon,4,802,N
2019,PT,Cidade,Lisbon,11,801,N
2019,FR,Radio ECN,Mulhouse,9,800,N
2019,US,WDJX,"Louisville, KY",1,799,N
2019,US,KPTT,"Denver, CO",4,788,N
2019,US,KPWK,"Seattle, WA",9,787,N
2019,IE,FM104,Dublin,19,785,N
2019,GB,Capital South Wales,Cardiff,4,779,N
2019,IE,Spin 1038,Dublin,21,772,N
2019,US,WIYY,"Baltimore, MD",1,772,N
2019,DE,1Live Diggi,Düsseldorf,12,765,N
2019,US,103.7 KISS FM,"Milwaukee, WI",7,764,N
2019,GB,2BR,Manchester,6,762,N
2019,FR,Nova [Bordeaux],Bordeaux,31,761,N
2019,DE,Star Fm Nürnberg,Lauf an der Pegnitz,1,758,N
2019,US,KYLD [WILD 94.9],"San Francisco, CA",10,757,N
2019,US,KUUU-FM (U92 Salt Lake City 92.5 FM),"South Jordan, UT",8,749,N
2019,FR,Radio Star (Sud),Marseille,5,745,N
2019,PT,RTP Antena 3,Lisbon,23,743,N
2019,CO,Radionica,Bogotá,17,731,N
2019,BE,Top Radio,Poperinge,55,727,N
2019,GB,Capital FM [Edinburgh],Edinburgh,5,722,N
2019,FR,Metropolys,Lille,5,720,N
2019,TR,Power FM,Istanbul,8,719,N
2019,FR,Radio En Construction,Strasbourg,16,718,N
2019,FR,Prun',Nantes,39,715,N
2019,DE,Fritz,Potsdam,28,712,N
2019,DE,Dasding,Stuttgart,38,706,N
2019,FR,RFI,Paris,69,703,N
2019,US,WDJQ-FM (Q92 Radio),"Alliance, OH",11,703,N
2019,US,KWEE-FM,"Portland, OR",6,693,N
2019,AT,FM4,Vienna,43,668,N
2019,US,WBLS FM,"New York, NY",61,664,N
2019,US,KTFM,"San Antonio, TX",5,660,N
2019,US,KIOZ,"San Diego, CA",1,649,N
2019,MK,Antenna 5,Skopje,12,647,N
2019,FR,Radio ONE,Agde,6,642,N
2019,FR,NRJ,Paris,6,640,N
2019,FR,Nice Radio,Ashburton,11,638,N
2019,US,KCAQ-FM,"Ventura, CA",7,633,N
2019,US,WHUR-FM,"Washington, D.C.",47,632,N
2019,CH,Rabe,Bern,66,632,N
2019,US,KEZE-FM (Hot 96.9FM Spokane),"Spokane, WA",4,626,N
2019,NL,Radio Decibel,Hilversum,2,625,N
2019,US,KUPD,"Phoenix, AZ",1,619,N
2019,US,WKQI,"Detroit, MI",5,610,N
2019,IE,Beat 102 103,Dungarvan,10,604,N
2019,US,WZNF,"Biloxi, MS",2,598,N
2019,RU,Radio Record,Saint Petersburg,10,597,N
2019,ZA,Heart FM,Cape Town,20,593,N
2019,DE,CT Das Radio,Bochum,7,581,N
2019,CH,Radio X,Basel,50,580,N
2019,FR,Oxygène Radio,Segré,6,579,N
2019,AU,Double J,Canberra,25,574,N
2019,US,KBLZ-FM (The Blaze Winona 102.7 FM),"Longview, TX",7,571,N
2019,AT,KroneHit Electric,Vienna,2,564,N
2019,FI,Radio Nova,Helsinki,1,562,N
2019,DE,Jam FM,Berlin,26,557,N
2019,US,WHBQ,"Memphis, TN",3,556,N
2019,NL,NPO 3FM,Hilversum,16,550,N
2019,DE,Big FM,Saarbrücken,41,538,N
2019,AU,4RGR (Power 100),Townsville,1,537,N
2019,SE,P5,Stockholm,13,534,N
2019,CA,CIBL,"Montreal, QC",43,528,N
2019,DE,Charivari 98.6,Nürnberg,3,528,N
2019,US,WWWQ,"Atlanta, GA",5,521,N
2019,DE,Kiss FM,Berlin,14,518,N
2019,GB,Kerrang!,London,1,516,N
2019,GB,Radio Essex,London,6,512,N
2019,FR,Radio Grenouille,Marseille,31,511,N
2019,IT,Radio Ibiza,Naples,13,508,N
2019,US,WRIF,"Detroit, MI",1,504,N
2019,AU,Triple R,Melbourne,59,503,N
2019,GB,North Manchester FM,Manchester,29,501,N
2019,AU,RTR,Perth,76,496,N
2019,RO,ProFM Black,Bucharest,7,493,N
2019,US,KEXP,"Seattle, WA",31,493,N
2019,US,KDGS-FM,"Wichita, KS",10,492,N
2019,TR,Radyo Fenomen,Istanbul,4,489,N
2019,US,WZFT,"Baltimore, MD",5,487,N
2019,FR,Fun Radio,Paris,12,486,N
2019,FR,Horizon,Rouen,11,477,N
2019,US,Rock 102,"Tucson, AR",1,474,N
2019,DE,UnserDing,Saarbrücken,25,464,N
2019,US,WFLC,"Miami, FL",6,463,N
2019,US,WKDU,"Philadelphia, PA",58,461,N
2019,FR,RVM,Charleville-Mézières,5,461,N
2019,US,KPSU,"Portland, OR",23,455,N
2019,PT,Mix FM,Lisbon,24,452,N
2019,PT,Rádio Oxigénio,Lisbon,23,449,N
2019,ES,Marcha FM,Las Palmas,5,444,N
2019,DE,rbb 88.8 FM,Berlin,4,443,N
2019,US,Star 102.1,"Knoxville, TN",2,442,N
2019,US,WAYV-FM,"Atlanta, GA",3,438,N
2019,CN,Metro Radio [国际都市频率],Beijing,7,435,N
2019,CH,Rouge Fm,Lausanne,7,434,N
2019,US,WHTZ,"New York, NY",6,433,N
2019,FR,Radio Dio,Saint-Etienne,10,432,N
2019,DE,Die Neue Welle,Karlsruhe,1,431,N
2019,FR,RCV99,Lille,19,430,N
2019,FR,Tsugi,Paris,13,424,N
2019,FR,Montagne FM,Saint-Jean-de-Maurienne,4,423,N
2019,FR,RTS FM,Montpellier,5,423,N
2019,US,KTBT,"Tulsa, OK",7,422,N
2019,FR,Radio Monaco,Moneghetti,27,419,N
2019,FR,Collines La Radio,Cerizay,1,418,N
2019,CH,SRF3,Zürich,30,416,N
2019,FR,Radio 6,Calais,2,416,N
2019,US,WFBC-FM (B93.7 FM Greenville Pop Music),"Greenville, SC",2,410,N
2019,CO,Los 40 Principales,Cali,8,410,N
2019,US,WXTB,"Tampa, FL",1,408,N
2019,IL,Beat Radio,Jerusalem,14,403,N
2019,GB,BCfm,Bristol,36,402,N
2019,US,WTDY-FM,"Philadelphia, PA",3,402,N
2019,NO,NRK P13,Oslo,15,401,N
2019,US,KKOB,"Albuquerque, NM",6,400,N
2019,FR,Top FM,Marseille,8,391,N
2019,MX,XHJD-FM [D99 ],"Monterrey, NL",5,384,N
2019,MX,XHUIA-FM [Ibero 90.9],"Mexico City, DF",46,384,N
2019,BR,Jovem Pan,"São Paulo, SP",7,382,N
2019,FR,Cannes Radio,Cannes,1,382,N
2019,DE,94.3 RS2,Berlin,2,381,N
2019,US,WJRR,"Orlando, FL",1,381,N
2019,BE,MNM,Veltem-Beisem,21,379,N
2019,NO,Radio Rock,Oslo,1,378,N
2019,ES,Los 40,Rioja,5,376,N
2019,FR,Alouette,Nantes,3,376,N
2019,US,WREK,"Atlanta, GA",27,370,N
2019,FR,Oxygène La Radio de la Seine et Marne,Melun,4,366,N
2019,IT,Discoradio,Lombardy,2,366,N
2019,EE,ERR Raadio 2,Rakvere,36,365,N
2019,US,WKSL,"Jacksonville, FL",5,364,N
2019,FR,Voltage,Paris,5,362,N
2019,DE,Byte FM,Hamburg,36,360,N
2019,DE,1Live,Düsseldorf,26,360,N
2019,NZ,George FM,Tauranga,18,360,N
2019,US,KUDL,"Sacramento, CA",7,355,N
2019,MX,XHPOP-FM [Radio Disney 99.3],"Mexico City, DF",4,352,N
2019,DK,The Voice,Copenhagen,5,352,N
2019,FR,Europe 2,Paris,4,352,N
2019,FR,FIP,Paris,18,349,N
2019,SE,NRJ Sweden,Stockholm,4,348,N
2019,US,KQMV-FM,"Seattle, WA",4,345,N
2019,US,XHTO,"El Paso, TX",8,344,N
2019,US,HOT 96.9 Boston,"Boston, MA",6,344,N
2019,FR,Fréquence Grands Lacs,Bordeaux,5,343,N
2019,GB,Fubar Radio,London,16,343,N
2019,FR,Flor FM,Mulhouse,10,342,N
2019,US,WICB,"Ithaca, NY",14,341,N
2019,ES,La Fresca FM,Alicante,11,339,N
2019,MX,XHTB-FM [93.3 FM],"Cuernavaca, MO",1,339,N
2019,US,KEGL,"Dallas, TX",1,339,N
2019,GB,Amazing Radio,London,9,338,N
2019,CH,Energy Zürich,Zürich,5,337,N
2019,US,Pitbull Globalization,"Washington, D.C.",1,336,N
2019,IE,iRadio,Dublin,10,334,N
2019,DE,Radio PSR,Dresden,2,333,N
2019,CA,CHHI,"Miramichi, NB",1,325,N
2019,NO,NRK mP3,Oslo,4,324,N
2019,LB,Mix FM 104.4,Beirut,9,324,N
2019,FR,Contact FM Marne,Reims,2,322,N
2019,FR,Toulouse FM,Toulouse,5,321,N
2019,AU,Joy 94.9,Melbourne,20,321,N
2019,US,The Heat,"Washington, D.C.",4,319,N
2019,IS,95.7 FM,Reykjavík,3,317,N
2019,FR,Vibration,Orléans,6,317,N
2019,RO,Radio Deep Romania,Bucharest,4,314,N
2019,DE,R.SH,Kiel,1,314,N
2019,ES,Mix FM,Riano De Ibio,9,313,N
2019,DE,You FM,Frankfurt,10,312,N
2019,GB,Hot Radio,Poole,16,312,N
2019,DE,Hitradio Rt1 Südschwaben,Mindelheim,6,310,N
2019,DE,Radio Bamberg,Bamberg,3,310,N
2019,MX,XHUAD-FM [Lobos FM 94.1 FM],"Durango, DG",12,309,N
2019,DE,Hitradio Rt1 Nordschwaben,Ulm,5,308,N
2019,DE,Planet Radio,Frankfurt,29,308,N
2019,FR,Radio Menergy,Albi,10,308,N
2019,US,Octane,"Washington, D.C.",1,308,N
2019,DE,Hitradio Rt1,Ingolstadt,4,306,N
2019,PL,Radio ZET,Szczecin,3,304,N
2019,ES,MegaStar FM,Madrid,2,301,N
2019,DE,MDR Sputnik,Halle (Saale),15,300,N
2019,FR,France Inter,Paris,15,299,N
2019,US,KALV-FM (Live Phoenix 101.5 FM),"Phoenix, AZ",5,297,N
2019,FR,Lor'FM,Metz,5,295,N
2019,NZ,ZM,Auckland,8,294,N
2019,US,WAKS,"Cleveland, OH",7,292,N
2019,US,KRRL-FM Real 92.3,"Los Angeles, CA",8,290,N
2019,FR,Beur FM,Paris,8,287,N
2019,US,WYKS,"Gainesville, GA",2,286,N
2019,BE,Urgent FM,Ghent,30,284,N
2019,GB,Planet Rock,London,1,284,N
2019,NO,NRK P3,Steigen,14,283,N
2019,US,WXKS,"Boston, MA",5,282,N
2019,FR,Radio VFM,Vire,4,281,N
2019,US,KCRW,"Los Angeles, CA",41,280,N
2019,CA,99.7 2Day FM,"River, BC",2,278,N
2019,DE,Radio Top 40,Erfurt-Jena,9,278,N
2019,FR,Radio FG,Paris,7,278,N
2019,FR,Mixx FM,Cognac,5,277,N
2019,IT,Deejay,Milan,13,275,N
2019,DE,Radio Euroherz,Bayreuth,4,274,N
2019,DE,Harmony Fm,Wiesbaden,2,274,N
2019,CA,CHUM,"Toronto, ON",1,272,N
2019,RU,NRJ Energy,Moscow,3,271,N
2019,MX,XHIN-FM [95.3 FM],"Culiacan, SI",6,267,N
2019,FR,Vinci - Autoroute FM,Alpes Provence,6,267,N
2019,IT,Radio m2o,Lazio,17,267,N
2019,AU,2Day FM,Sydney,6,267,N
2019,DE,NRJ [Hamburg],Hamburg,4,265,N
2019,GB,Cool FM,Belfast,7,265,N
2019,US,WEQX-FM,"Manchester, NH",3,265,N
2019,AU,Hit 105,Brisbane,8,264,N
2019,NO,NRJ Norway,Bergen,1,264,N
2019,FR,Radio 8,Sedan,1,263,N
2019,US,Power 96.5 FM,"Springfield, IL",3,261,N
2019,US,WSTR,"Atlanta, GA",4,260,N
2019,BR,Kiss FM,"São Paulo, SP",1,260,N
2019,US,WWKL,"Harrisburg, PA",5,259,N
2019,CA,CHYZ 94.3 FM,"Quebec City, QC",28,257,N
2019,US,Hot 103.5,"Sacramento, CA",9,257,N
2019,BE,Nostalgie [Vlaanderen],Brussels,2,257,N
2019,DE,Radio Jade,Wilhelmshaven,55,254,N
2019,US,WKNC,"Raleigh, NC",22,254,N
2019,CH,LoRa,Zürich,45,253,N
2019,FR,Wit FM,Angoulême,4,253,N
2019,FR,Kiss FM [St Tropez/Monaco],Nice,2,252,N
2019,US,KLLY-FM,"Bakersfield, CA",5,251,N
2019,AU,Fox FM,Melbourne,7,251,N
2019,FR,Kiss FM [Toulon/Marseille],Marseille,2,248,N
2019,FR,Radio PFM 99.9,Arras,16,247,N
2019,BE,MNM Hits,Brussels,3,246,N
2019,DE,AFK Max,Nürnberg,8,246,N
2019,UY,Concierto Punta 95.1 FM,Punta del Este,7,244,N
2019,FR,Cerise FM,Mulhouse,1,243,N
2019,PL,RMF FM,Koszalin,3,243,N
2019,AU,3BDG,Bendigo,8,242,N
2019,DE,Radio Eins Coburg,Bayreuth,2,242,N
2019,US,K92,"Roanoke, VA",4,241,N
2019,AU,2SKI (Snow FM 97.7),Cooma,5,241,N
2019,FR,Skyrock,Paris,18,240,N
2019,US,WZPL,"Indianapolis, IN",4,239,N
2019,US,KZZP,"Phoenix, AZ",4,236,N
2019,GR,Republic Radio,Thessaloniki,4,236,N
2019,DE,NRJ [Nüremberg],Nürnberg,6,235,N
2019,FR,Hit West,Nantes,6,235,N
2019,FR,Radio Meuh,La Clusaz,11,234,N
2019,AU,hit Southwest,Bunbury,8,233,N
2019,US,Wired 96.5,"Philadelphia, PA",2,231,N
2019,MX,XHDI-FM [88.5 FM],"Chihuahua, CH",1,229,N
2019,US,Y101.7,"Jackson, MS",2,229,N
2019,US,KIIS,"Los Angeles, CA",5,229,N
2019,AU,Hit 100.3 Mackay,Mackay,9,229,N
2019,AU,Hit 107,Adelaide,6,228,N
2019,BR,Metropolitana 98.5 FM,"São Paulo, SP",4,228,N
2019,AU,hit100.7 Darling Downs,Toowoomba,9,227,N
2019,AU,Hit 103.5 FM Cairns,Cairns,6,227,N
2019,FI,YLE X3M,Helsinki,9,227,N
2019,US,KISV-FM,"Bakersfield, CA",6,226,N
2019,FR,Tendance Ouest,Rouen,8,225,N
2019,DE,HAMBURG ZWEI,Bergedorf,1,225,N
2019,DE,Radio Bob!,Frankfurt,1,225,N
2019,AU,Hit106.9 Newcastle,Newcastle,9,224,N
2019,AU,hit107.9 Central Queensland,Rockhampton,8,223,N
2019,DE,NRJ [Bremen],Bremen,4,223,N
2019,DE,HR3,Frankfurt,3,222,N
2019,DE,Antenne Bad Kreuznach,Frankfurt,2,222,N
2019,DE,NRJ [Sachsen],Dresden,35,219,N
2019,DE,Antenne Kaiserslautern,Mannheim,3,219,N
2019,LT,Zip FM,Vilnius,15,219,N
2019,DE,NRJ [München],Munich,3,218,N
2019,AU,2CFM,Gosford,10,218,N
2019,DE,Radio 21,Hanover,1,218,N
2019,DE,NRJ ENERGY Berlin,Potsdam,5,217,N
2019,FR,Radio 666,Hérouville-Saint-Clair,18,217,N
2019,AU,Hit 104.7,Canberra,7,215,N
2019,AU,Hit 92.9,Perth,8,215,N
2019,GB,Gaydio,Manchester,12,215,N
2019,ES,Europa FM,Madrid,8,213,N
2019,BR,Jovem Pan FM Florianópolis,"Belo Horizonte, MG",5,212,N
2019,AU,4SEA [90.9 Sea FM],Gold Coast,5,212,N
2019,US,WKSC,"Chicago, IL",6,211,N
2019,IT,Radio Company,Udine,8,211,N
2019,BE,Joe FM,Brussels,1,211,N
2019,DE,Rockland Radio,Rheinland-Pfalz,1,211,N
2019,AU,Hit 103.1,Townsville,8,208,N
2019,DE,NRJ ENERGY Stuttgart,Stuttgart,5,207,N
2019,AU,7TTT (Hit Hobart 100.9),Hobart,8,207,N
2019,FI,YLEX,Helsinki,19,207,N
2019,DE,Radio Seefunk RSF,Lake Constance,1,207,N
2019,US,Hot 104 Radio,"Houston, TX",5,206,N
2019,GB,Hits Radio Staffordshire and Cheshire,Stoke-on-Trent,3,206,N
2019,GB,The Wave 96.4 FM,London,4,206,N
2019,AU,hit104.9 The Border,Albury,7,206,N
2019,AU,Kiss FM,Melbourne,47,204,N
2019,US,WZOK,"Rockford, IL",2,204,N
2019,US,Wild 101,"Boise, ID",6,202,N
2019,GB,Mi-Soul,London,33,200,N
2019,DE,Radio Brocken,Halle (Saale),4,200,N
2019,IT,Radio Rosa,Poggibonzi,9,199,N
2019,FR,Fréquence Plus,Beaune,4,199,N
2019,AU,4AMM (Hit Tablelands 97.9),Cairns,7,198,N
2019,FR,Canal B,Rennes,16,198,N
2019,US,WHSN,"BANGOR, ME",1,197,N
2019,US,KALX,"San Francisco, CA",36,196,N
2019,CA,JUMP! 106.9,"Ottawa, ON",4,196,N
2019,MY,Hitz FM Kota Kinabalu,Kota Kinabalu,6,196,N
2019,DE,Bayern 2,Munich,18,196,N
2019,GB,Magic Chilled,London,2,195,N
2019,DK,DR P6 Beat,Copenhagen,10,194,N
2019,US,KQCH-FM - Channel 94.1,"Omaha, NE",3,193,N
2019,AU,2DBO (Hit Dubbo 93.5),Dubbo,9,193,N
2019,DE,Radio Fantasy,Ingolstadt,4,192,N
2019,US,KSFM-FM (KSFM Sacramento 102.5 FM),"Sacramento, CA",7,192,N
2019,ID,87.6 Hard Rock FM,Jakarta,6,192,N
2019,DE,Bayern 3,Munich,7,191,N
2019,AU,5SEF (Hit Limestone Coast 96.1),Naracoorte,5,191,N
2019,CA,CISM,"Montreal, QC",21,191,N
2019,NL,NPO 3FM KX,Hilversum,9,190,N
2019,FR,Radio Scoop,Roanne,4,190,N
2019,US,KHTS,"San Diego, CA",7,189,N
2019,GB,KMFM,Tonbridge,6,189,N
2019,FR,ARL,Bordeaux,3,188,N
2019,FR,Magnum La Radio,Mulhouse,3,188,N
2019,CH,Rete Tre,Ticino,18,187,N
2019,DE,Radio FFN,Hanover,1,186,N
2019,DE,Radio Klinikfunk,Wiesbaden,6,185,N
2019,IT,Radio Piterpan,Veneto,19,184,N
2019,FR,Latina,Paris,2,184,N
2019,DE,NDR Info,Hamburg,50,183,N
2019,CA,CJFM-FM [Virgin Radio 96],"Montreal, QC",10,183,N
2019,FR,Activ Radio,Saint-Etienne,11,182,N
2019,DE,Delta Radio,Kiel,10,182,N
2019,AU,Power FM 103.1,Ballarat,7,182,N
2019,PL,Polskie Radio Czwórka,Warsaw,23,182,N
2019,CA,CKKS-FM,"Chilliwack, BC",5,181,N
2019,US,99.7 NOW,"San Francisco, CA",10,181,N
2019,BE,Qmusic,Bruges,6,181,N
2019,DE,SWR 3,Stuttgart,10,181,N
2019,US,WCPT,"Chicago, IL",1,181,N
2019,LT,Power Hit Radio,Vilnius,7,181,N
2019,NZ,The Edge,Auckland,8,180,N
2019,AU,K-Rock 95.5 FM,Geelong,5,180,N
2019,CZ,ČRo Radio Wave,Prague,15,180,N
2019,BR,Antena 1,"São Paulo, SP",1,180,N
2019,TH,MCOT-Met 107 FM,Bangkok,8,179,N
2019,MX,Aire Libre,"Mexico City, DF",22,179,N
2019,DE,Radio Nordseewelle,Aurich,2,178,N
2019,AU,3SEA (Hit Gippsland 94.3),Traralgon,6,177,N
2019,US,Polski FM,"Park Forest, IL",9,177,N
2019,IT,Rai 2,Lazio,17,176,N
2019,IL,Kol Rega 91.5 FM,Haifa,7,175,N
2019,ES,Radio Surco,Villarrobledo,4,175,N
2019,FR,Maritima Radio,Marseille,5,174,N
2019,BE,Radio Quartz,Sombreffe,3,174,N
2019,FR,Durance FM,Aix-en-Provence,1,173,N
2019,US,WKTU,"New York, NY",4,172,N
2019,MY,Hitz FM Kuala Lumpur,Kuala Lumpur,6,172,N
2019,CA,CBV-FM,"La Malbaie, QC",13,171,N
2019,IT,Radio 105,Lombardy,13,170,N
2019,ES,Hit FM,Madrid,5,169,N
2019,AU,2XL (918 AM),Cooma,4,168,N
2019,US,94.1 The Zone,"Rochester, NY",1,168,N
2019,US,WNDV-FM,"South Bend, IN",4,167,N
2019,LT,Radiocentras,Alytus,7,166,N
2019,AU,7EXX (Chilli FM 90.1),Launceston,8,165,N
2019,FR,Alpes 1,Grenoble,2,165,N
2019,US,WCGQ-FM,"Columbus, OH",6,164,N
2019,DE,Rock Antenne,Ingolstadt,3,164,N
2019,MX,XHMRL-FM [TOP 91.5 FM],"Morelia, MI",2,162,N
2019,FR,100%,Carcassonne,2,162,N
2019,PE,Radio Doble Nueve,Lima,5,161,N
2019,US,WARQ-FM,"Columbus, OH",2,160,N
2019,RO,Kiss FM,Bucharest,5,160,N
2019,AU,Power FM 94.9,Nowra,6,160,N
2019,US,WFLZ,"Tampa, FL",4,159,N
2019,AU,2WIN,Wollongong,4,159,N
2019,BE,RGR FM,Westerlo,9,159,N
2019,CZ,Radio 1,Prague,24,159,N
2019,FR,Radio Intensité,Châteaudun,13,158,N
2019,NL,Radio 10,Hilversum,5,158,N
2019,GB,Heat,London,3,158,N
2019,DE,N-Joy,Hamburg,13,157,N
2019,FR,Océane,Lannion,2,157,N
2019,MY,Hitz FM Kuching,Kuching,6,156,N
2019,DE,City Radio Trier,Trierweiler,1,156,N
2019,BE,Radio 1,Brussels,14,155,N
2019,DE,Jam Fm New Music Radio,Berlin,20,154,N
2019,IE,Today FM,Cork,10,154,N
2019,GB,Funky Essex,Costessey,18,154,N
2019,DE,Ego FM,Munich,10,154,N
2019,DE,NDR 2,Hamburg,3,154,N
2019,IE,Classic Hits 4FM,Dublin,4,154,N
2019,MX,XHTP-FM [Sensación 95.5],"Xalapa, VE",6,153,N
2019,AU,7SEA (Sea FM 101.7),Burnie,6,153,N
2019,US,KRUF-FM (K945 Shreveport 94.5 FM),"Shreveport, LA",4,152,N
2019,DE,Antenne Koblenz 98.0,Landau,2,152,N
2019,DE,Rock Antenne Hamburg,Hamburg,2,152,N
2019,US,WAMJ-FM,"Atlanta, GA",20,151,N
2019,US,WWXM,"Myrtle Beach, SC",5,151,N
2019,US,98.9 Magic FM,"Colorado Spring, CO",6,151,N
2019,BE,Antipode,Brussels,5,151,N
2019,FR,Radio Caroline,Rennes,2,151,N
2019,DE,RADIO BOB Rockt Schleswig-Holstein,Kiel,3,151,N
2019,US,WJFX-FM (Online Fort Wayne Hot 107.9 FM),"Fort Wayne, IN",3,150,N
2019,ES,Loca Latino,Madrid,9,149,N
2019,SE,P4,Stockholm,8,149,N
2019,ES,Radio 3,Pechina,34,149,N
2019,CH,RTS Option,Lausanne,3,149,N
2019,DE,Antenne Zweibrücken,Saarbrücken,2,149,N
2019,MX,XHSON-FM [Beat 100.9],"Mexico City, DF",9,148,N
2019,DE,Sunshine Live,Stuttgart,16,148,N
2019,ES,Sol FM,Alicante,5,148,N
2019,US,KBFF,"Portland, OR",3,147,N
2019,AU,7DDD (Sea FM 107.7),Devonport,6,147,N
2019,DE,Deutschlandfunk Kultur,Berlin,12,147,N
2019,US,Hip Hop Nation,"Washington, D.C.",3,147,N
2019,DE,Antenne Pirmasens,Saarbrücken,1,147,N
2019,US,KPWW-FM (Power Texarkana 95.9 FM),"Texarkana, TX",2,146,N
2019,FR,Inside,Pau,3,146,N
2019,AR,Metro 95.1,Buenos Aires,7,145,N
2019,GB,BBC London,London,18,145,N
2019,US,KUNM,"Albuquerque, NM",29,144,N
2019,FR,Radio RMB,Montluçon,9,144,N
2019,US,WZYP,"Huntsville, AL",2,142,N
2019,DE,RBB Radioeins,Berlin,25,142,N
2019,DE,Ostseewelle HIT-RADIO Mecklenburg-Vorpommern,Berlin,3,142,N
2019,US,WKSE-FM (KISS Niagara Falls 98.5FM),"Niagara Falls, NY",5,141,N
2019,FR,Radio Espace,Lyon,3,141,N
2019,DK,VLR,Odense,2,141,N
2019,MX,XHJC [Exa 91.5 FM],"Mexicali, BC",4,140,N
2019,BR,Rádio Mix FM,"São Paulo, SP",4,140,N
2019,LU,L'essentiel Radio,Differdange,4,140,N
2019,DE,Mdr Kultur,Camburg,3,139,N
2019,CA,CHFI-FM,"Labrador City, NL",3,137,N
2019,FR,Sea FM,Avranches,4,137,N
2019,CA,CJSR,"Edmonton, AB",32,136,N
2019,HK,RTHK Radio 3,Hong Kong,17,136,N
2019,FR,Jazz Radio,Lyon,6,136,N
2019,TR,Radyo S,Bursa,10,136,N
2019,FR,ici Paris-Île-de-France,Paris,2,136,N
2019,BE,Nostalgie [Wallonie],Namur,2,135,N
2019,AU,91.9 Sea FM,Nambour,8,134,N
2019,DE,FluxFM,Berlin,25,134,N
2019,DE,Radio Cottbus 94.5,Cottbus,3,134,N
2019,US,KFRR-FM,"Wooster, OH",2,134,N
2019,DE,Radio Plassenburg 101.6,Bayreuth,1,134,N
2019,DE,"Radio Osnabrück 98,2",Bremerhaven,2,133,N
2019,CL,Radio Futuro,Santiago,1,130,N
2019,CA,CHYM-FM,"Kitchener, ON",6,129,N
2019,IT,Ciccio Riccio,Specchia,18,129,N
2019,DE,Radio Ramasuri,Bayreuth,1,128,N
2019,FR,Fusion FM,Vichy,2,128,N
2019,AU,Nova 96.9,Sydney,6,127,N
2019,IT,Radio Studio Piu',Pedaso,19,127,N
2019,GB,Select,London,12,126,N
2019,CA,CING-FM [Fresh 95.3 FM],"Hamilton, ON",3,126,N
2019,CA,CFMY,"Redcliff, AB",3,126,N
2019,IT,Canale Italia,Veneto,6,126,N
2019,FR,Direct FM,Metz,3,126,N
2019,DE,Radio Mainwelle,Bayreuth,3,126,N
2019,IT,Radio Bruno,Florence,7,125,N
2019,DE,Bayern 1,Munich,3,125,N
2019,DE,SR1 Europawelle,Saarbrücken,7,124,N
2019,US,KLYV-FM (Y105 Music Dubuque Pop radio),"Dubuque, IA",2,123,N
2019,BE,Equinoxe,Liège,11,122,N
2019,FR,Champagne FM,Château-Thierry,2,122,N
2019,AU,Nova 91.9,Adelaide,5,121,N
2019,DE,Baden FM,Stuttgart,3,121,N
2019,NL,SLAM!,Hilversum,15,120,N
2019,FR,Flash FM,Limoges,5,120,N
2019,US,KRUI,"Iowa City, IA",12,119,N
2019,AU,Nova 100,Melbourne,6,119,N
2019,US,WXXL,"Orlando, FL",4,119,N
2019,US,KGLT,"Bozeman, MT",22,119,N
2019,DE,917 X FM,Hamburg,14,119,N
2019,DE,Donau 3 Fm,Ulm,1,119,N
2019,AU,6CST,Mandurah,5,118,N
2019,CO,La X 103.9 FM,Bogotá,19,118,N
2019,DE,Radio Oberland,Garmisch-Partenkirchen,1,118,N
2019,FR,Littoral FM,Narbonne,1,118,N
2019,PL,Radio Afera,Poznań,9,117,N
2019,ID,RRI Pro 2 105.1 FM,Jakarta,5,117,N
2019,CH,Radio Canal 3,Basel,4,117,N
2019,US,WYRG,"Indianapolis, IN",3,116,N
2019,FR,Radio Contact,Lille,4,116,N
2019,MX,XHOF-FM [Reactor 105.7],"Mexico City, DF",14,116,N
2019,AU,2GOS,Gosford,1,116,N
2019,IT,Radio Orte,Lazio,6,115,N
2019,FR,Fréquence Mutine,Brest,10,115,N
2019,FR,Décibel,Saint-Malo,1,115,N
2019,US,WQFS,"Greensboro, NC",47,114,N
2019,CH,Argovia Pop,Zürich,3,114,N
2019,IT,Veronica My Radio,Marche,16,114,N
2019,AU,2SER,Sydney,18,113,N
2019,GB,BBC Radio 2,London,21,113,N
2019,FR,Happy Radio,Bergerac,3,113,N
2019,SK,RTV Rádio_FM,Bratislava,23,113,N
2019,AU,Hot 100,Darwin,9,112,N
2019,DE,RPR1,Rheinland-Pfalz,6,112,N
2019,DE,Radio Primavera,Offenbach,1,112,N
2019,US,Q97.1,"Visalia, CA",7,111,N
2019,GB,SubFM,London,21,111,N
2019,DE,Antenne Niederrhein,Düsseldorf,2,111,N
2019,US,WFMF,"Baton Rouge, LA",6,110,N
2019,NL,Radio 538,Hilversum,6,110,N
2019,FR,Virgin Radio,Lyon,1,110,N
2019,BR,Vida FM (Fortaleza),"São Paulo, SP",3,110,N
2019,DE,Bayernwelle Südost,Freilassing,2,110,N
2019,MX,Los 40,"Mexico City, DF",6,109,N
2019,DE,Hit Radio Ohr,Freiburg im Breisgau,9,109,N
2019,DE,Radio Ton,Würzburg,1,108,N
2019,US,WZEE,"Madison, WI",5,107,N
2019,FR,Galaxie Radio,Lille,9,107,N
2019,FR,Graf'HIT,Amiens,13,107,N
2019,AD,RTVA Andorra Musica,Andorra la Vella,2,107,N
2019,RO,Radio Zu,Constanța,4,106,N
2019,US,WHQC,"Charlotte, NC",6,106,N
2019,AU,Nova 93.7,Perth,5,106,N
2019,FR,Delta FM,Dunkirk,4,106,N
2019,CA,CKBC,"Bathurst, NB",3,105,N
2019,CA,Rouge FM,"Quebec City, QC",5,105,N
2019,CA,ICI Radio-Canada Première - Montréal,"Montreal, QC",7,105,N
2019,DE,Radio Hannover 87.6 R,Hannover,2,105,N
2019,FR,Sweet FM,Le Mans,4,105,N
2019,MX,XHSM-FM [Sin Límites 100.9 FM],"Ciudad Obregon, SO",1,104,N
2019,AU,2VLY (Power FM 98.1),Muswellbrook,5,104,N
2019,MX,XHOB-FM [Factor 93.1 FM],"San Luis Potosi, SL",4,104,N
2019,DE,Radio Charivari München,Munich,6,104,N
2019,ES,Gozadera FM,Sevilla,5,104,N
2019,AU,87.8 UCFM,Canberra,3,103,N
2019,UA,Kiss FM Ukraine,Lviv,9,103,N
2019,PL,RMF MAXXX,Zabrze,3,103,N
2019,LU,Eldoradio Live,Luxembourg,6,102,N
2019,GB,Absolute Radio 90's,London,2,102,N
2019,DE,Dish FM,Cologne,3,101,N
2019,US,WWPW,"Atlanta, GA",5,100,N
2019,AU,96.5 Wave FM,Wollongong,2,100,N
2019,MT,Magic Malta,Valletta,9,100,N
2019,BE,Radio 2,Antwerp,6,100,N
2019,DE,Antenne Landau,Frankfurt,3,99,N
2019,ZA,Jacaranda FM,Johannesburg,8,99,N
2019,MX,RMX Radio,"Guadalajara, JA",6,98,N
2019,AU,Hot 91.1 FM,Maroochydore,2,98,N
2019,GB,BBC Three Counties Radio,Sandy Heath,19,98,N
2019,US,WBMX-FM (JAMS Chicago 104.3 FM),"Chicago, IL",6,98,N
2019,DE,Antenne [Brandenburg],Potsdam,2,98,N
2019,DE,Radio Okerwelle,Braunschweig,13,97,N
2019,GB,Premier Christian Radio,London,8,97,N
2019,DK,DR P8 Jazz,Copenhagen,12,97,N
2019,CH,One FM,Zürich,4,97,N
2019,CO,La FM,Bogotá,9,97,N
2019,DE,Radio 2 Day,Munich,2,97,N
2019,US,XHITZ,"San Diego, CA",6,96,N
2019,SI,Val 202,Ljubljana,15,96,N
2019,CA,CJXY-FM [92.5 The Beat],"Montreal, QC",5,95,N
2019,AU,Nova 106.9,Brisbane,5,95,N
2019,DE,Radio FFH,Frankfurt,2,95,N
2019,GB,WCR FM,Wolverhampton,11,95,N
2019,FR,La Radio Plus,Paris,5,94,N
2019,MX,XHESL [Exa 102.1 FM],"San Luis Potosi, SL",5,93,N
2019,CA,CHOM-FM [Chom 97.7],"Montreal, QC",1,93,N
2019,US,WTOK-FM (Hot San Juan Puerto Rico 102.5 FM),"San Juan, TX",6,92,N
2019,FR,RMN,Pontivy,4,92,N
2019,CA,"CITE-FM [Rouge FM 107,3]","Montreal, QC",4,91,N
2019,IT,Radionorba,Apulia,3,91,N
2019,PL,Polskie Radio Program III (PR3) Trójka,Zagan,17,91,N
2019,US,Colorado Public Radio's Open Air,"Laporte, IN",6,91,N
2019,DE,"Radio Gong 97,1 Nürnberg",Nürnberg,2,91,N
2019,US,WFMU,"Jersey City, NJ",29,90,N
2019,MX,XHQRO-FM [Radar 107.5],"Queretaro, QT",3,90,N
2019,CA,Rythme 105.7,"Montreal, QC",3,89,N
2019,FR,Primitive,Reims,11,89,N
2019,US,Frisky Radio,"New York, NY",19,87,N
2019,AU,7HO 101.7 FM,Hobart,2,87,N
2019,DE,Radio Galaxy,Nuremberg,4,86,N
2019,IT,Radio Verona,Verona,6,86,N
2019,ES,Ibiza Global Radio,Ibiza,17,86,N
2019,MX,XHGU-FM [Switch 105.9 FM],"Juarez, CH",4,85,N
2019,ZA,KFM 94.5,Cape Town,11,85,N
2019,BE,VivaCite,Profondeville,7,85,N
2019,FR,RFM,Paris,2,85,N
2019,FR,Radio Flash,Montpellier,2,84,N
2019,DE,Fantasy Dance,Frankfurt,5,84,N
2019,SG,987FM,Singapore,5,84,N
2019,GB,C.F.M.,Carlisle,4,84,N
2019,GB,Moray Firth Radio,Inverness,4,84,N
2019,ES,Los 40 Dance [Máxima FM],Barcelona,18,84,N
2019,BE,100'5 Das Hitradio,Eupen,1,82,N
2019,FR,RTL2,Paris,3,81,N
2019,DE,Vogtland Radio,Chemnitz,1,81,N
2019,MX,XHSR [Exa 97.3 FM],"Monterrey, NL",5,79,N
2019,ID,Phoenix Radio 91 FM,Bali,4,79,N
2019,DE,Radio Awn,Passau,1,79,N
2019,CA,"CIMF-FM [Rouge 94,9]","Ottawa, ON",5,78,N
2019,DE,WDR 5,Bielefeld,7,78,N
2019,DE,Bonn FM,Bonn,9,78,N
2019,DE,SR 2 KulturRadio,Bliestal,3,78,N
2019,FR,Nostalgie,Paris,1,78,N
2019,GB,Radio Borders,Ashkirk,3,77,N
2019,US,WRRC,"Trenton, NJ",4,77,N
2019,GB,BBC Radio Bristol,Bristol,14,77,N
2019,GB,BBC Radio 4 Xtra,London,5,77,N
2019,ID,Visi FM,Medan,6,76,N
2019,US,WFLY-FM,"Troy, MI",4,76,N
2019,GB,Key 103,Manchester,5,76,N
2019,US,Kiss FM,"De Pere, WI",4,76,N
2019,GB,100% Dragon Hits,London,1,75,N
2019,GB,Northsound 1,Aberdeen,3,75,N
2019,MX,XHGR-FM - Los 40 Xalapa - 104.1 FM,"Xalapa, VE",5,75,N
2019,BR,Energia 97 FM,"São Paulo, SP",2,75,N
2019,BE,Classic 21,Houffalize,5,75,N
2019,US,KKXX-FM,"Bakersfield, CA",1,74,N
2019,GB,Tay FM,Dundee,3,74,N
2019,MX,XHFAJ-FM [Alfa 91.3],"Mexico City, DF",3,73,N
2019,BR,Atlantida FM - Porto Alegre,"Porto Alegre, RS",7,73,N
2019,CA,CFOU,"Trois-riviere, QC",3,73,N
2019,SE,P2,Stockholm,20,73,N
2019,BE,Geel FM,Geel,6,73,N
2019,DE,Radio Arabella,Munich,1,73,N
2019,BE,Sud Radio,Izel,3,73,N
2019,ID,101.4 Trax FM,Jakarta,5,72,N
2019,GB,Forth 1,Balerno,3,72,N
2019,AU,3YFM [Coast FM],Warnambool,5,72,N
2019,AU,97.3 FM,Brisbane,6,72,N
2019,US,The Joint,"Washington, D.C.",4,72,N
2019,US,WPXY-FM (98 PXY Rochester 97.9 FM),"Rochester, NY",3,71,N
2019,UA,DJ FM,Kiev,7,71,N
2019,CA,CBC Radio One London,"London, ON",16,71,N
2019,CH,RTS1,Val Muggio,14,71,N
2019,AT,Antenne Steiermark,Bruck an der Mur,4,71,N
2019,DE,Radio Trausnitz,Ingolstadt,2,71,N
2019,FR,FOREVER,Bordeaux,1,71,N
2019,MX,Ya! FM Villahermosa,"Villahermosa, TB",3,70,N
2019,IT,Radio Kiss Kiss Napoli,Campania,4,70,N
2019,US,WNCI,"Columbus, OH",9,70,N
2019,CH,RaSa,Schaffhausen,27,70,N
2019,GB,BBC World Service,London,14,70,N
2019,AT,ORF Hitradio Ö3,Vienna,5,70,N
2019,US,KISO,"Omaha, NE",7,69,N
2019,IT,Radio Globo,Rome,3,68,N
2019,US,WEZB,"New Orleans, LA",4,68,N
2019,US,Hitz 104.9,"Visalia, CA",4,68,N
2019,NL,100% NL Feest,Hilversum,1,68,N
2019,GB,Downtown Radio,Belfast,3,68,N
2019,MX,W Radio 96.9 FM,"Mexico City, DF",9,67,N
2019,RO,Europa FM,Bucharest,5,67,N
2019,US,WPIA-FM (KISS FM Peoria 98.5),"Eureka, CA",5,67,N
2019,DE,Radio 7,Stuttgart,4,67,N
2019,DE,Jump,Halle (Saale),3,67,N
2019,MX,XHCEL-FM [El y Ella 103.7 FM],"Celaya, GT",4,67,N
2019,AU,Power FM Coast,Batemans Bay,3,66,N
2019,US,WTMG-FM,"Gainesville, FL",5,66,N
2019,US,WAMU-FM,"Washington, D.C.",16,66,N
2019,US,WRUR,"Rochester, NY",14,66,N
2019,DE,Bremen Vier,Bremen,8,66,N
2019,IT,RMC Italia,Milan,5,66,N
2019,CA,CHQM-FM [QM/FM 103.5],"Vancouver, BC",2,65,N
2019,CA,CBO-FM,"Pembroke, ON",16,65,N
2019,GB,Sun FM,Sunderland,1,65,N
2019,CA,CIHT-FM,"Ottawa, ON",2,64,N
2019,DE,Antenne [Thüringen],Erfurt,3,64,N
2019,FR,N'Radio,Soissons,1,64,N
2019,US,i106,"Nashville, TS",5,63,N
2019,TR,Kral World,İstanbul,5,63,N
2019,DE,Radio HBW - Harz-Borde-Welle,Aschersleben,11,62,N
2019,MX,XHMA-FM,"Guadalajara, JA",2,62,N
2019,FR,TSF Jazz,Paris,7,62,N
2019,FR,Jet FM,Nantes,12,62,N
2019,GB,Wave 105,Dorchester,2,62,N
2019,DE,Hit Radio N1,Nuremberg,5,61,N
2019,DE,Radio Gong Fm Regensburg,Ingolstadt,4,61,N
2019,GB,Clyde 1,Glasgow,3,61,N
2019,CA,CBC Radio 2 Halifax,"Saint John, NB",13,61,N
2019,FR,Radio Studio 1,Strasbourg,2,61,N
2019,DE,NB Radiotreff,Neubrandenburg,11,61,N
2019,FR,Mona FM,Lille,1,61,N
2019,BR,Rádio Cidade FM 98.1,"Gonzaga, MG",5,60,N
2019,MX,XHMOR-FM [La 99.1 FM],"Yautepec, ML",4,60,N
2019,US,KSOC,"Dallas, TX",5,60,N
2019,GB,BBC Radio 4,Kilskeery,15,60,N
2019,IS,RÚV Rás 2,Reykjavík,9,60,N
2019,GR,Kiss FM 92.2,Athina,2,60,N
2019,FR,Mistral FM,Toulon,3,59,N
2019,US,R&B 102.9,"Berkeley, CA",3,59,N
2019,IT,Radio Number One,Rome,3,59,N
2019,BR,Educadora,"Salvador, BA",13,59,N
2019,ID,Volare,Pontianak,3,59,N
2019,DE,Bremen Zwei,Bremen,3,59,N
2019,DE,Unser Radio Deggendorf,Passau,1,59,N
2019,US,KXCI,"Tucson, AR",15,58,N
2019,FR,Jaime Radio,Lorient,2,58,N
2019,US,Liquid Metal,"Washington, D.C.",1,58,N
2019,US,WEBN-F2 (WEBN 102.7FM Cincinnati),"Cincinnati, OH",1,58,N
2019,US,KQBL-F3 (Boise 96.5 FM),"Boise, ID",1,58,N
2019,AU,3SHI (Mixx FM 107.7),Hamilton,4,57,N
2019,CA,CBC Radio One Vancouver,"Hope, BC",16,57,N
2019,CA,CBR,"Harvie Heights, AB",12,57,N
2019,US,KDWB,"Minneapolis, MN",4,57,N
2019,DE,105'5 Spreeradio,Berlin,2,57,N
2019,BE,Radio Premiere,Eupen,12,57,N
2019,NL,NPO Radio 2,Hilversum,9,57,N
2019,FR,Radio Mélodie,Sarreguemines,3,57,N
2019,GB,Resonance Extra,London,21,56,N
2019,GB,BBC Radio WM,Birmingham,13,56,N
2019,CH,SRF2,Nendeln,11,56,N
2019,ES,Beach Grooves Radio,Málaga,12,56,N
2019,DK,Radio 100,Glostrup,4,56,N
2019,IT,RTL 102.5,Rome,2,55,N
2019,US,Z100 FM,"Harrisburg, IL",5,55,N
2019,MY,Best FM,Kuala Lumpur,3,55,N
2019,US,KHFI,"Austin, TX",4,55,N
2019,DE,Deutschlandfunk,Traben-Trarbach,11,55,N
2019,IE,98 FM,Dublin,5,55,N
2019,DE,Radio 8,Nuremberg,1,55,N
2019,CA,CBC Radio One Victoria,"Melbourne, VIC",14,54,N
2019,US,KUWS,"Superior, WI",15,54,N
2019,HR,HR2 - Drugi program,Zagreb,9,54,N
2019,FR,Radio Camargue,Nîmes,2,54,N
2019,US,105.9 KISS-FM,"Lawrence, KS",1,53,N
2019,AU,3WWM (Mixx FM 101.3),Horsham,6,53,N
2019,CA,KWPZ-FM [Praise 106.5],"Vancouver, BC",1,53,N
2019,GB,BBC Radio Leeds,York,10,53,N
2019,LV,Radio NABA 6,Riga,15,52,N
2019,US,WTIC-FM,"Hartford, CT",1,52,N
2019,US,KCDZ Z107.7 FM,"St. Louis, MO",4,52,N
2019,CA,CBLA-FM,"Orillia, ON",15,52,N
2019,PE,Radio La Zona,Lima,2,52,N
2019,FR,DKL Dreyeckland,Mulhouse,1,51,N
2019,CO,Blu Radio,Bogotá,3,50,N
2019,LU,"radio 100,7",Luxembourg,13,50,N
2019,LU,RTL Radio Lëtzebuerg,Dudelange,4,50,N
2019,ID,Prambors FM,Jakarta,10,49,N
2019,AU,Hot Tomato,Gold Coast,2,49,N
2019,US,WIOQ,"Philadelphia, PA",5,49,N
2019,MX,XHTS-FM [Ya! 102.9 FM],"Veracruz, VE",2,49,N
2019,CA,CBW,"Fairford, AB",12,49,N
2019,CA,CBX+ [CBX Edmonton],"Edmonton, AB",11,49,N
2019,DE,"Radio Gong 106,9 Würzburg",Würzburg,4,49,N
2019,RO,Actualitati,Bucharest,7,49,N
2019,IE,RTÉ Radio 1,Dublin,8,49,N
2019,AU,5ADD [Mix 102.3],Adelaide,4,49,N
2019,NO,NRK P2,Bergen,9,48,N
2019,ID,Paramuda 93.7 FM,Bandung,4,48,N
2019,US,WUVT,"Blacksburg, VA",11,48,N
2019,GB,Kisstory,London,7,48,N
2019,FR,K6 FM,Dijon,2,48,N
2019,CN,Beijing Music Radio [ 北京音乐广播],Beijing,3,47,N
2019,US,WCWS,"Wooster, OH",16,47,N
2019,GB,Radio X (XFM),London,3,47,N
2019,AU,bay 93.9,Geelong,1,47,N
2019,BR,Costa Verde FM,"Itaguai, RJ",3,46,N
2019,AU,KIIS 1065,Sydney,4,46,N
2019,US,Radio Danz,"Miami, FL",9,46,N
2019,LV,Latvijas radio 5,Riga,10,46,N
2019,DE,Radio IN,Ingolstadt,1,46,N
2019,DE,Radio Saw,Halle (Saale),2,46,N
2019,DK,NOVA,Copenhagen,4,45,N
2019,AU,KIIS 101,Melbourne,5,45,N
2019,ES,RAC 105,Barcelona,3,45,N
2019,ID,105 KISS FM,Medan,4,45,N
2019,IT,Radio Marte 2,Campania,8,45,N
2019,GB,Radio X Manchester,Manchester,2,45,N
2019,US,WITR,"Rochester, NY",10,45,N
2019,PL,Radio Maryja,Bydgoszcz,2,45,N
2019,PL,Radio Eska,Warsaw,5,44,N
2019,US,KJYO,"Oklahoma City, OK",6,43,N
2019,ID,Most FM 99,Medan,2,43,N
2019,US,The Loft,"Washington, D.C.",4,43,N
2019,LT,LRT Opus,Vilnius,9,42,N
2019,MX,XHEXA [EXA 104.9],"Mexico City, DF",1,42,N
2019,US,WRVW,"Nashville, TS",5,42,N
2019,US,WBBM,"Chicago, IL",4,42,N
2019,MX,XHDK-FM [Planeta 94.7 ],"Guadalajara, JA",2,42,N
2019,DE,HR 1,Frankfurt,5,42,N
2019,FR,Jordanne FM,Aurillac,4,42,N
2019,US,KXRK-FM (X96 Utah's Original Alternative 96.3 FM),"Provo, UT",1,42,N
2019,GB,Blast 106,Belfast,5,41,N
2019,FR,Prysm Radio 1,Paris,2,41,N
2019,IT,Radio Jukebox,Cosenza,2,40,N
2019,IT,Radio Sabbia,Emilia–Romagna,4,40,N
2019,ES,Los 40 Classic,Almería,3,40,N
2019,AU,3GG (531 AM),Warragul,1,40,N
2019,BR,89.1 FM,"São Paulo, SP",2,40,N
2019,AU,5AUU (Magic 105.9 FM),Port Pirie,6,39,N
2019,US,WBEZ-FM,"LaSalle-Peru, IL",9,39,N
2019,PL,Antyradio,Bedzin,2,39,N
2019,AR,Pop Radio,Junin,2,38,N
2019,UY,FM Del Hum,Mercedes,5,38,N
2019,US,KHTH Hot 101.7 FM,"Santa Rosa, CA",2,37,N
2019,US,Mix 93.9,"Kansas City, MO",4,37,N
2019,BA,BH radio 1,Sarajevo,10,37,N
2019,PT,Rádio Radar,Lisbon,4,37,N
2019,NZ,RNZ National,Christchurch,14,37,N
2019,TR,Virgin Radio,Istanbul,3,37,N
2019,DE,Antenne Frankfurt,Frankfurt,3,37,N
2019,ID,Oz Radio 103.1 FM,Bandung,11,36,N
2019,AR,Disney,Buenos Aires,1,36,N
2019,CN,Music Radio Guangdong [广东电台音乐之声],Guangzhou,4,36,N
2019,BR,Cidade FM (Fortaleza),"Fortaleza, CE",2,35,N
2019,GB,BBC Radio Wales,Aberystwyth,10,35,N
2019,US,KUMD,"Duluth, MN",12,35,N
2019,GB,BBC Radio Sheffield,Sheffield,9,35,N
2019,AU,Mix 94.5,Perth,3,35,N
2019,US,Mix 106.5 FM,"Baltimore, MD",2,34,N
2019,CA,CFOM-FM,"Quebec City, QC",2,34,N
2019,US,WVYB-FM,"Daytona Beach, FL",3,34,N
2019,US,KXXM,"San Antonio, TX",5,34,N
2019,US,Planet 102.3,"Corpus Christi, TX",5,34,N
2019,BR,FM O DIA,"Rio de Janeiro, RJ",8,34,N
2019,US,C89.5,"Seattle, WA",11,34,N
2019,FR,Europe 1,Gien,6,34,N
2019,RS,Radio AS FM,Novi Sad,5,34,N
2019,US,Shade 45,"Washington, D.C.",4,34,N
2019,GB,BBC Radio Manchester,Holme Moss,7,33,N
2019,DK,Skala,Odense,6,33,N
2019,DE,Radio Salü,Saarbrücken,2,33,N
2019,GB,Heart Yorkshire,Wakefield,2,33,N
2019,DE,Energy Stuttgart,Stuttgart,1,32,N
2019,AR,Vorterix,Buenos Aires,5,32,N
2019,TR,dinamo.fm,İstanbul,14,32,N
2019,FR,Arverne,Clermont-Ferrand,7,32,N
2019,AR,Rock & Pop,Buenos Aires,2,32,N
2019,FR,Beaub FM,Limoges,7,31,N
2019,DE,WDR 3,Bonn,16,31,N
2019,UY,Azul FM 101.9,Punta del Este,6,31,N
2019,US,WDHT-FM,"Springfield, IL",2,31,N
2019,NZ,Radio Live,Oamaru,3,31,N
2019,DK,DR P4 Kobenhavn,Copenhagen,3,31,N
2019,CH,Rete Due,Ticino,8,30,N
2019,US,KCBS-AM,"San Francisco, CA",2,30,N
2019,ES,Via Radio,Vigo,2,30,N
2019,GB,Talksport 2,London,4,30,N
2019,NO,NRK P1,Steinsby,8,30,N
2019,GB,Heart FM,London,3,30,N
2019,IS,Kiss FM 104.5,Reykjavík,3,30,N
2019,UA,UR2 – Radio Promin,Kiev,3,30,N
2019,FR,47 FM,Agen,1,30,N
2019,BE,Bel RTL,Tournai,2,30,N
2019,MX,XHRCA [Planeta 102.7 FM],"Torreon, CO",3,29,N
2019,CO,La Mega,Bogotá,5,29,N
2019,IT,R101,Milan,6,29,N
2019,GB,BBC Radio Lancashire,Winter Hill,8,29,N
2019,US,WXPN-FM,"Coplay, PA",9,29,N
2019,IE,Highland Radio,Letterkenny,3,29,N
2019,CA,CHOI-FM,"Quebec City, QC",1,29,N
2019,MX,XHMLS-FM [Éxitos 91.3 FM],"Matamoros, TM",2,28,N
2019,AU,3CCS (Mixx FM 92.7),Lorne,5,28,N
2019,US,KZHT,"Salt Lake City, UT",5,28,N
2019,DE,Radio Homburg,Saarbrücken,1,28,N
2019,GB,BBC Radio Merseyside,Liverpool,15,27,N
2019,DE,Radio Hamburg,Hamburg,3,27,N
2019,DE,104.6 RTL,Berlin,4,27,N
2019,US,WDCG,"Raleigh, NC",6,27,N
2019,NZ,Newstalk ZB,Ashburton,2,27,N
2019,GB,BBC Radio Solent,Rowridge,4,27,N
2019,DE,Radio Neunkirchen,Saarbrücken,1,27,N
2019,US,WBZZ-FM,"Pittsburgh, PA",1,27,N
2019,US,XHITZ Z90.3 FM,"San Diego, CA",3,26,N
2019,GB,Jazz FM,London,7,26,N
2019,DE,Radio Isw,Passau,2,26,N
2019,DE,Classic Rock Radio,Saarbrücken,2,26,N
2019,DE,SWR1 Baden-Württemberg,Stuttgart,3,26,N
2019,MX,XHMIA-FM [89.3 FM],"Merida, YU",4,26,N
2019,BR,Blink 102 FM (Campo Grande),"Campo Grande, MS",7,25,N
2019,LT,M-1 Plius,Vilnius,1,25,N
2019,US,WINS-AM,"New York, NY",4,24,N
2019,DE,NDR 1 Radio MV,Greifswald,1,24,N
2019,MX,XHZS-FM [100.3 FM],"Mazatlan, SI",7,23,N
2019,AU,3NNN (Edge FM 102.1),Albury,5,23,N
2019,CH,RTS2,Chasseral,9,23,N
2019,GB,BBC Radio Devon,Plymouth,4,23,N
2019,FR,Radio Emotion,Nice,1,23,N
2019,GB,BBC Essex,Great Braxted,5,23,N
2019,RU,Authority Radio Krasnoyarsk,Krasnoyarsk,6,22,N
2019,DE,Gong 96.3,Munich,2,22,N
2019,AU,4RGT (Star 106.3),Townsville,3,22,N
2019,US,WZFL,"Miami, FL",9,22,N
2019,BE,DH Radio,Perwez,4,22,N
2019,FR,L'Eko Des Garrigues,Montpellier,10,22,N
2019,SE,P1,Stockholm,6,22,N
2019,AR,Delta 90.3,Buenos Aires,4,22,N
2019,FR,Evasion,Évry,2,22,N
2019,US,1 Pure EDM,"Chicago, IL",2,22,N
2019,ID,Pilar Radio,Cirebon,3,21,N
2019,GB,MCR Live,London,2,21,N
2019,AU,Mix 106.3,Canberra,1,21,N
2019,SE,Mix Megapol,Göteborg,6,20,N
2019,FR,France Maghreb 2,Dijon,11,20,N
2019,AU,hit93.1 Riverina,Bundaberg,3,20,N
2019,GB,BBC Radio 3,London,13,20,N
2019,DE,Radio Regenbogen,Mannheim,6,20,N
2019,IT,Radio Spazio Blu,Lazio,4,20,N
2019,IT,Rai 1,Rome,11,20,N
2019,LT,LRT Radijas,Alytus,4,20,N
2019,DE,R.SA Sachsen,Leisnig,2,20,N
2019,US,KMOX-AM,"St. Louis, MO",3,19,N
2019,HU,Petofi,Budapest,4,19,N
2019,US,KMCK-FM (Power Arkansas 105.7FM),"Fayetteville, AR",6,19,N
2019,RU,Europa Plus,Moscow,6,19,N
2019,KR,Korea FM 24/7 Music & News Radio,Seoul,1,18,N
2019,BE,Max FM,Brussels,3,18,N
2019,ID,94.8 DJFM,Surabaya,3,17,N
2019,US,No Shoes Radio,"Washington, D.C.",1,17,N
2019,GB,BBC Radio Scotland,Glasgow,8,17,N
2019,ES,Flaix FM,Barcelona,4,17,N
2019,CA,CJAD,"Montreal, QC",4,17,N
2019,US,WIXX-FM,"Green Bay, WI",1,16,N
2019,DE,Radio Alpenwelle,Walchensee,2,16,N
2019,BR,Eldorado,"São Paulo, SP",4,16,N
2019,US,KYSR,"Los Angeles, CA",2,16,N
2019,IS,RÚV Rás 1,Reykjavík,6,16,N
2019,GB,BBC Radio 5,London,7,16,N
2019,MX,XHNU-FM [Súper 94.5 FM],"Acapulco, GR",4,16,N
2019,PE,Radio Disney Peru,Lima,2,15,N
2019,GB,BBC Radio Newcastle,Newcastle upon Tyne,6,15,N
2019,LU,Eldoradio Chill Channel,Luxembourg,6,15,N
2019,US,Radio Margaritaville,"Washington, D.C.",3,15,N
2019,FR,Radio Néo,Bourges,6,15,N
2019,DE,MDR THÜRINGEN Erfurt,Erfurt,1,15,N
2019,GB,BBC Radio Berkshire,Reading,5,14,N
2019,BR,Radio Inconfidentes,"Belo Horizonte, MG",5,14,N
2019,US,KHKS,"Dallas, TX",5,14,N
2019,AU,River 94.9,Brisbane,1,14,N
2019,DE,Antenne [Bayern],Munich,2,14,N
2019,DE,Radio Allgäu Hit,Munich,5,14,N
2019,US,WLNK-FM (The Link Charlotte 107.9 FM),"Charlotte, NC",1,13,N
2019,DE,RTL Radio,National,3,13,N
2019,GB,Talksport London,London,6,13,N
2019,US,WMMJ-FM,"Bethesda, MD",4,13,N
2019,NL,NPO Radio 1,Hilversum,7,13,N
2019,BG,BNR Horizont,Sofia,7,13,N
2019,NL,KINK,Amsterdam,4,13,N
2019,IT,RDS [Radio Dimensione Suono],Lazio,4,13,N
2019,AU,4SSS,Nambour,1,13,N
2019,NL,Qmusic Non-Stop,Hilversum,1,13,N
2019,GB,"Greatest Hits Radio Bucks, Beds and Herts",Aylesbury,1,13,N
2019,US,KHTT,"Tulsa, OK",2,13,N
2019,DE,B 5 Aktuell,Würzburg,2,13,N
2019,LT,Radio M-1,Vilnius,2,12,N
2019,CA,CKOI,"Montreal, QC",3,12,N
2019,US,WXXX,"Burlington, VT",3,12,N
2019,CA,CFAK,"Skerbrooke, QC",10,12,N
2019,AU,Triple M 99.5 FM,Cairns,5,12,N
2019,TR,FG 93.7,İstanbul,7,12,N
2019,CH,Radio Kaiseregg,Düdingen,7,12,N
2019,US,KMYZ-FM (Z104.5FM Tulsa),"Tulsa, OK",1,12,N
2019,ID,Solo Radio 92.9 FM,Surakarta,3,12,N
2019,US,WWJ-AM,"Detroit, MI",1,11,N
2019,US,KUDD,"Salt Lake City, UT",2,11,N
2019,US,WKRQ-FM (Q102 WKRQ Cincinnati),"Cincinnati, OH",3,11,N
2019,US,WSHE-FM,"Chicago, IL",3,11,N
2019,US,V103.3,"Newport, NJ",3,11,N
2019,AU,Triple M Gold Coast,Gold Coast,3,11,N
2019,DE,Radio Saarbrücken,Saarbrücken,1,11,N
2019,GB,BBC Radio Cymru,Aberystwyth,7,10,N
2019,RS,Radio Beograd 1,Belgrade,4,10,N
2019,IE,Q102,Dublin,4,10,N
2019,SG,Class 95,Singapore,3,10,N
2019,ID,RRI Pro 1,Makassar,2,10,N
2019,DE,Radio Charivari Würzburg,Würzburg,2,10,N
2019,FR,Sud Radio,Toulouse,4,10,N
2019,ES,Radio Marca Barcelona,Barcelona,1,10,N
2019,DE,SWR 2,Stuttgart,2,10,N
2019,MX,XHLS-FM [Romance 99.5 FM],"Guadalajara, JA",1,10,N
2019,CH,Rete Uno,Zürich,1,10,N
2019,NL,Sky Radio,Hilversum,1,10,N
2019,FR,Echo FM,Hirson,2,10,N
2019,US,WXYT-FM (The Ticket Detroit Sports 97.1 FM),"Detroit, MI",1,10,N
2019,GB,BBC Radio Ulster,Enniskillen,5,9,N
2019,US,101.9fm The MIX,"Chicago, IL",3,9,N
2019,FR,Totem,Paris,2,9,N
2019,KR,TBS FM,Seoul,9,9,N
2019,US,WRNW,"Milwaukee, WI",2,9,N
2019,AU,2GO,Gosford,4,9,N
2019,UY,Más FM 101.3,Paysandú,2,8,N
2019,US,WDZH-FM,"Detroit, MI",1,8,N
2019,GB,Central FM,London,2,8,N
2019,GB,BBC Surrey,Duxhurst,3,8,N
2019,AU,Triple M Central Queensland 101.5 & 95.1,Rockhampton,3,8,N
2019,GB,BBC Sussex,Chichester,3,8,N
2019,GB,BBC Radio Kent,Wrotham,3,8,N
2019,AU,4GR,Carnegie,3,8,N
2019,FR,Forum,Orléans,1,8,N
2019,DE,LandesWelle,Erfurt,1,8,N
2019,US,Pulse 87 NY,"New York, NY",2,8,N
2019,FR,RTL,Paris,3,8,N
2019,EC,Radio City,Guayaquil,1,8,N
2019,NL,Indie XL,Amsterdam,4,8,N
2019,DE,106!8 Rock N Pop,Hamburg,1,8,N
2019,CH,SRF MusikWelle,Basel,6,7,N
2019,PH,Love Radio Manilla,Manila,4,7,N
2019,DE,Radio F,Nürnberg,1,7,N
2019,AU,3BO (Triple M Bendigo 93.5),Bendigo,4,7,N
2019,BR,Nova Brasil FM (Sao Paulo),"Poços de Caldas, MG",6,7,N
2019,US,WXRV-FM,"Needham, MA",3,7,N
2019,AL,Radio Tirana 2,Tirana,5,7,N
2019,FR,Radio SCOOP Gold,Gap,2,7,N
2019,US,KWSS,"Phoenix, AZ",2,7,N
2019,MX,ULTRA 92.5 FM PUEBLA,"Puebla, PU",3,7,N
2019,DE,106.4 Top FM,Munich,1,7,N
2019,BR,Saudades FM,"Matao, SP",1,7,N
2019,AU,Triple M Mackay & The Whitsundays 98.7,Mackay,2,7,N
2019,AU,2KKO,Newcastle,2,7,N
2019,US,WCBS Newsradio 880,"New York, NY",1,7,N
2019,BR,Melodia,"Varginha, MG",2,7,N
2019,ID,Bens Radio,Jakarta,6,6,N
2019,IN,Radio Mirchi 98.3 FM,Ahmadabad,3,6,N
2019,AU,4TO [Triple M Townsville],Townsville,2,6,N
2019,US,WSTW-FM,"Wilmington, NC",2,6,N
2019,AU,2GB,Sydney,6,6,N
2019,FR,Radio Mont-Blanc,Annecy,2,6,N
2019,ID,Gajahmada FM 102.6,Semarang,4,6,N
2019,GB,Lyca Radio 1458,London,6,6,N
2019,US,KROQ,"Los Angeles, CA",2,6,N
2019,MX,XHZIH-FM [Estereo Vida 90.5 FM],"Zihuatanejo, GR",2,6,N
2019,FR,Radio Alfa,Paris,5,6,N
2019,CA,CJOB,"Winnipeg, MB",2,6,N
2019,CA,CKNW,"Vancouver, BC",2,6,N
2019,US,WRFF,"Philadelphia, PA",3,6,N
2019,US,92-9 The Game,"Atlanta, GA",5,6,N
2019,AU,3M FM,Inverloch,2,6,N
2019,CH,Radio Swiss Pop,Basel,1,6,N
2019,LU,Radio Aktiv,Echternach,1,6,N
2019,AR,La 100,Buenos Aires,1,6,N
2019,ES,Kiss FM,Madrid,1,6,N
2019,DE,NDR 1 Welle Nord,Flensburg,3,6,N
2019,GB,Panjab Radio,London,3,5,N
2019,US,1075 KZL,"Winston-Salem, NC",2,5,N
2019,AU,2CA,Canberra,5,5,N
2019,BE,Chérie FM,Brussels,2,5,N
2019,ID,KISI 93.4 FM,Bogor,2,5,N
2019,KR,Mapo FM,Seoul,5,5,N
2019,MX,XEOYE [Oye 89.7 FM],"Mexico City, DF",2,5,N
2019,PL,Jedynka - Polskie Radio Program 1,Warsaw,3,5,N
2019,FR,Lyon 1ère,Lyon,2,5,N
2019,CA,News Talk 770,"Calgary, AB",3,5,N
2019,AU,3AW,Melbourne,4,5,N
2019,GB,Wessex FM,Dorchester,1,5,N
2019,DE,MDR SACHSEN Dresden,Dresden,1,5,N
2019,DE,WDR 4,Düsseldorf,1,5,N
2019,CL,Radio Cooperativa,Santiago,1,5,N
2019,DE,Radio Charivari Rosenheim,Wasserburg am Inn,2,5,N
2019,AU,3SR (Triple M Goulburn Valley 95.3),Shepparton,2,5,N
2019,AU,2BDR (Triple M The Border 105.7),Albury,2,5,N
2019,CH,SRF 1 Bern Freiburg,Bern,2,5,N
2019,US,KRBQ,"San Francisco, CA",1,5,N
2019,CA,102.3 NOW! Radio,"Edmonton, AB",3,5,N
2019,CL,Radio Sonar,Santiago,1,5,N
2019,MX,XEJP-FM [Joya 93.7 FM],"Mexico City, DF",1,5,N
2019,AU,C91.3 FM,Campbelltown,3,4,N
2019,ES,Ràdio Flaixbac,Barcelona,2,4,N
2019,FR,Urban Hit,Paris,4,4,N
2019,AR,Mega,Santa Fe,3,4,N
2019,PT,Rádio Comercial,Lisbon,4,4,N
2019,NO,P5 Hits,Oslo,4,4,N
2019,DE,Antenne 1 Baden-Württemberg,Stuttgart,3,4,N
2019,US,AM 770 KTTH,"Seattle, WA",3,4,N
2019,AU,Triple M [Adelaide],Adelaide,2,4,N
2019,AU,7XXX (Triple M Hobart 107.3),Hobart,2,4,N
2019,ID,Indonesia 40 [IRadio FM],Bandung,3,4,N
2019,MX,XHQRT-FM [91 DAT 90.9 FM],"Queretaro, QT",2,4,N
2019,FI,YLE Radio 1,Raahe,3,4,N
2019,DE,Kulturradio rbb,Berlin,4,4,N
2019,US,WSKQ-FM (La Mega New York 97.9 FM),"New York, NY",1,4,N
2019,CA,CFRA,"Ottawa, ON",2,4,N
2019,US,WJFK-FM,"Baltimore, MD",3,4,N
2019,MY,Hot FM,Johor Bahru,4,4,N
2019,US,WWDC,"Washington, D.C.",3,4,N
2019,ES,Los 40 Urban [KeBuena],Madrid,2,4,N
2019,BR,Interativa FM,"Avare, SP",1,4,N
2019,FR,Radiocean,Quimperlé,1,4,N
2019,NL,BNR Nieuwsradio,Amsterdam,1,4,N
2019,NZ,The Rock,Auckland,1,4,N
2019,CA,CKMM-FM [Énergie Montréal 94.3],"Montreal, QC",1,4,N
2019,US,La Suavecita 107.1 FM,"Seaside, CA",1,4,N
2019,FR,Chérie FM,Paris,1,4,N
2019,MX,XHFG-FM [Pulsar 107.3 FM],"Tijuana, BC",1,4,N
2019,ID,Ardan Radio 105.9 FM,Bandung,2,4,N
2019,CH,LFM,Lausanne,3,3,N
2019,US,Majic 95.1,"Fort Wayne, IN",1,3,N
2019,HK,RTHK Radio 2,Hong Kong,3,3,N
2019,CA,CHED,"Edmonton, AB",3,3,N
2019,BR,Rádio Record (Rio de Janeiro),"Rio de Janeiro, RJ",3,3,N
2019,KR,Arirang Radio,Jeju,3,3,N
2019,US,KITS,"San Francisco, CA",1,3,N
2019,FR,Canal FM,Aulnoye-Aymeries,3,3,N
2019,FR,TFM,Aubenas,3,3,N
2019,DE,Bremen Eins,Bremen,1,3,N
2019,AR,Aspen 102.3 FM,Buenos Aires,1,3,N
2019,AU,Triple M Central West 1051.1,Newcastle,1,3,N
2019,DE,BB Radio,Potsdam,2,3,N
2019,TH,Cool Fahrenheit,Bangkok,3,3,N
2019,GB,West Sound,Ayrshire,2,3,N
2019,IN,Radio City 91.1,Bengaluru,3,3,N
2019,CA,CFYX FM93,"Mont-Joli, QC",3,3,N
2019,BR,Bahia FM,"Alagoinhas, BA",3,3,N
2019,US,KAFA,"Colorado Spring, CO",1,3,N
2019,AU,2UE - Macquarie Sports Radio Melbourne,Melbourne,3,3,N
2019,GB,TalkRadio,London,2,3,N
2019,US,WLW-AM (Newsradio 700 WLW),"Cincinnati, OH",1,3,N
2019,CA,Energie,"Quebec City, QC",1,3,N
2019,MX,XHOJ-FM [Maxima 106.7],"Guadalajara, JA",1,3,N
2019,CA,CFPL-FM [London's Best Rock FM 96],"London, ON",1,3,N
2019,MX,XEAD-FM [La Buena Onda 101.9 FM],"Guadalajara, JA",1,3,N
2019,US,ENERGY98,"Portland, OR",1,3,N
2019,IT,Radio Suby,Umbria,1,3,N
2019,DE,Apollo Radio,Chemnitz,2,2,N
2019,NZ,The Breeze,Auckland,1,2,N
2019,ID,101 Jak FM,Jakarta,1,2,N
2019,US,My 102.7,"Spring Creek, VA",1,2,N
2019,US,WWBX-FM (Mix 104.1 FM),"Boston, MA",1,2,N
2019,US,KOIT-FM,"San Francisco, CA",2,2,N
2019,GB,Fun Kids,London,2,2,N
2019,CL,Radio Disney Chile 104.9 FM Santiago,Santiago,2,2,N
2019,US,KLLC-FM,"San Francisco, CA",2,2,N
2019,MX,XHPAZ-FM [Super Stereo 96.7 FM],"La Paz, BS",2,2,N
2019,DE,Radio Horeb,Immenstadt im Allgau,2,2,N
2019,ES,Canal Fiesta Radio,Seville,1,2,N
2019,AU,2SM,Sydney,2,2,N
2019,NZ,Rhema,Auckland,2,2,N
2019,US,The Spectrum,"Washington, D.C.",1,2,N
2019,TR,Power Turk FM,Istanbul,1,2,N
2019,PT,Antena 2,Lisbon,2,2,N
2019,MX,XHERZ-FM [Los 40 93.1],"Leon, GT",2,2,N
2019,DE,HR 2,Frankfurt,2,2,N
2019,RU,Dorojnoe Radio,Moscow,2,2,N
2019,DE,Klassik Radio,Hamburg,2,2,N
2019,HK,RTHK Radio 1,Hong Kong,1,2,N
2019,DK,Radio24syv,Copenhagen,2,2,N
2019,US,Alt 92.1,"Scranton, PA",2,2,N
2019,FR,RDL Radio,Lille,2,2,N
2019,GB,Classic FM,London,2,2,N
2019,PE,Radio Moda,Lima,2,2,N
2019,AU,6NOW,Perth,2,2,N
2019,NO,Radio Norge,Skavland,2,2,N
2019,GB,Radio City 2,Liverpool,1,2,N
2019,GB,Metro 2,Newcastle upon Tyne,1,2,N
2019,BR,Radio Disney,"São Paulo, SP",1,2,N
2019,FR,Tonic Radio,Lyon,1,2,N
2019,IS,Bylgjan FM,Reykjavík,1,2,N
2019,DE,Ndr 90.3,Hamburg,1,2,N
2019,GB,Radio Aire 2,Leeds,1,2,N
2019,GB,Pirate FM,Plymouth,1,2,N
2019,DE,Radio Charivari Regensburg,Ingolstadt,1,2,N
2019,DE,NDR 1 Niedersachsen,Hannover,1,2,N
2019,HU,MR2 Rádió Petöfi,Budapest,1,2,N
2019,GB,Rock FM 2,Blackpool,1,2,N
2019,NO,P4 Radio Hele Norge,Oslo,1,2,N
2019,GB,Key 2,Manchester,1,2,N
2019,FR,Top Music,Strasbourg,2,2,N
2019,NZ,Coast,Auckland,2,2,N
2019,LU,RTL Deutschlands Hit-Radio,Luxembourg,2,2,N
2019,BR,Lideranca FM,"Morada Nova, CE",2,2,N
2019,US,670 The Score,"Chicago, IL",2,2,N
2019,AR,Radio Uno,Cordoba,1,2,N
2019,GB,Absolute Radio 70's,London,2,2,N
2019,US,WOR-AM (710 WOR The Voice of New York),"New York, NY",2,2,N
2019,CA,WKND,"Quebec City, QC",2,2,N
2019,NO,NRJ Norge,Oslo,1,2,N
2019,US,KYW-AM,"Philadelphia, PA",1,2,N
2019,NZ,The Hits,Auckland,1,2,N
2019,US,KYKY-FM (Y Saint Louis 98.1 FM),"St. Louis, MO",1,2,N
2019,GB,Absolute Radio,Birmingham,2,2,N
2019,ES,Cadena Dial,Madrid,2,2,N
2019,AU,2UE - Macquarie Sports Radio Sydney,Sydney,2,2,N
2019,CZ,Evropa 2,Prague,2,2,N
2019,MX,XHMG-FM [Digital 102.9 FM],"Monterrey, NL",2,2,N
2019,DK,DR P5,Copenhagen,1,2,N
2019,US,Sirius XMU,"Washington, D.C.",1,2,N
2019,US,93XRT,"Chicago, IL",1,2,N
2019,PH,91.5 Win Radio Manilla,Manila,2,2,N
2019,MX,XHOCL-FM [Diego 99.3 FM],"Tijuana, BC",1,2,N
2019,BE,Mint,Brussels,1,2,N
2019,DE,Radio Schlagerparadies,Oldenburg,1,2,N
2019,FR,Radio Bonheur,Saint-Brieuc,1,1,N
2019,KR,Mukulcast FM,Seoul,1,1,N
2019,US,KBZT-FM (ALT San Diego 94.9 FM),"San Diego, CA",1,1,N
2019,DE,Die Neue 107.7,Stuttgart,1,1,N
2019,DE,Das Neue Rsa Radio,Frankfurt,1,1,N
2019,CA,CKLH-FM [K-Lite 102.9],"Hamilton, ON",1,1,N
2019,PH,DWLS (Barangay LS 97.1),Manila,1,1,N
2019,AU,3PTV,Melbourne,1,1,N
2019,BE,Radio Klara,Brussels,1,1,N
2019,BR,JB FM,"Rio de Janeiro, RJ",1,1,N
2019,US,KVIL-FM (ALT Dallas 103.7),"Dallas, TX",1,1,N
2019,AU,Triple M Brisbane 104.5,Brisbane,1,1,N
2019,DE,NDR Radio Kultur,Hamburg,1,1,N
2019,DE,Club 85 80's Maxi-Mix,Berlin,1,1,N
2019,FR,RCA La Radio,Nantes,1,1,N
2019,NZ,The Sound,Auckland,1,1,N
2019,CL,Radio Zero,Santiago,1,1,N
2019,US,92.3 The Moose,"Green River, NC",1,1,N
2019,ID,102.3 Rase FM,Bandung,1,1,N
2019,US,WZZK-FM,"Birmingham, AL",1,1,N
2019,US,Z104,"Price, UT",1,1,N
2019,US,WMBX-F2 (102.3FM R&B x 102.3 Palm Beach),"West Palm Beach, FL",1,1,N
2019,SG,Capital 95.8FM,Singapore,1,1,N
2019,GB,Hallam 2,Leeds,1,1,N
2019,GB,Clyde 2,Glasgow,1,1,N
2019,AU,7LA (LAFM 89.3),Launceston,1,1,N
2019,GB,Greatest Hits Radio North East Scotland,Aberdeen,1,1,N
2019,MX,XHVHT-FM [99.1 FM],"Villahermosa, TB",1,1,N
2019,IT,Radio Birikina,Lusiana,1,1,N
2019,BE,Maximum FM,Liège,1,1,N
2019,ID,iRadio 89.6 FM,Jakarta,1,1,N
2019,GB,Tay 2,Dundee,1,1,N
2019,FR,Radio Liberté,Strasbourg,1,1,N
2019,GB,Viking 2,Hull,1,1,N
2019,GB,Forth 2,Edinburgh,1,1,N
2019,CA,CHOX-FM,"Baie-Saint-Paul, QC",1,1,N
2019,ES,Cadena 100,Madrid,1,1,N
2019,AU,Triple M [Sydney],Sydney,1,1,N
2019,GB,Unity FM,Birmingham,1,1,N
2019,CY,RIK 2 CYBC,Paralimni,1,1,N
2019,GB,Absolute 80's,London,1,1,N
2019,NZ,More FM,Auckland,1,1,N
2019,US,"WBZ-AM (WBZ News radio 103,0FM)","Boston, MA",1,1,N
2019,PT,RFM,Lisbon,1,1,N
2019,LT,Radio Lietus,Klaipėda,1,1,N
2019,IN,92.7 Big FM,Mumbai,1,1,N
2019,GB,Dilse Radio 1035am,London,1,1,N
2019,ES,Radio Nervión,Bilbao,1,1,N
2019,MX,XHPF-FM [Globo 101.9 FM],"Mexicali, BC",1,1,N
2019,ES,Rock FM,Madrid,1,1,N
2019,US,WASU-FM The App,"Boone, NC",1,1,N
2019,US,WCOO-FM,"Charleston, SC",1,1,N
2019,US,The Independent FM,"Los Angeles, CA",1,1,N
2019,US,WLZX-FM,"Springfield, MA",1,1,N
2019,US,WHAS-AM (NewsRadio WHAS Louisville 840 AM),"Louisville, KY",1,1,N
2019,GB,XS Manchester,Manchester,1,1,N
2019,US,KRML,"Carmel Valley, CA",1,1,N
2019,US,Radio 104.1,"Waterbury, CT",1,1,N
2019,BR,Lider FM (Triângulo Mineiro),"Pedra Azul, ES",1,1,N
2019,US,Nexus Radio,"Chicago, IL",1,1,N
2019,AU,SEN,Melbourne,1,1,N
2019,BR,Piatã FM (Salvador),"Salvador, BA",1,1,N
2019,US,KKDO,"Sacramento, CA",1,1,N
2019,PH,YES FM Manilla,Manila,1,1,N
2019,ID,Radio Rama 104.7 FM,Bandung,1,1,N
2019,BR,Rádio Beat,"Rio de Janeiro, RJ",1,1,N
2019,MY,Sinar FM,Johor Bahru,1,1,N
2019,AU,Gold 104.3,Melbourne,1,1,N
2019,US,Y100,"Green Bay, WI",1,1,N
2019,FR,Est FM,Strasbourg,1,1,N
2019,US,KIOA-F2,"Des Moines, IA",1,1,N
2019,DK,DR P2,Copenhagen,1,1,N
2020,NG,Naija FM 102.7,Lagos,278,93560,Y
2020,NG,Cool FM,Lagos,291,75514,Y
2020,NG,Wazobia FM,Lagos,304,48166,Y
2020,NG,Raypower 100.5 FM,Abuja,307,39912,Y
2020,GB,Pie Radio UK,Manchester,101,26033,N
2020,GB,The Beat (103.6FM),London,172,23844,N
2020,NG,Inspiration 92.3 FM,Lagos,302,22462,Y
2020,GB,Capital Xtra,London,130,16839,N
2020,FR,Africa Radio,Paris,138,16770,N
2020,GB,KISS XTRA,London,66,14326,N
2020,NG,Splash 105.5 FM,Ibadan,274,13245,Y
2020,GB,BBC Radio 1 Xtra,London,149,13131,N
2020,GB,Reprezent Radio,London,152,13042,N
2020,FR,Tropiques FM,Paris,57,11767,N
2020,GB,Westside Radio,London,156,11328,N
2020,DE,WDR Funkhaus Europa,Cologne,127,8708,N
2020,GB,Kemet,Nottingham,108,7187,N
2020,NL,NPO FunX NL,Hilversum,96,6832,N
2020,GB,Unity Xtra,Manchester,28,6368,N
2020,GB,Ujima 98 FM,Bristol,213,6215,N
2020,GB,Pulse 88,London,78,6162,N
2020,BE,Tarmac,Brussels,31,5874,N
2020,ZA,Y FM,Johannesburg,85,5387,N
2020,GB,Rinse FM,London,148,4455,N
2020,FR,Mouv',Paris,102,3846,N
2020,PT,Kiss FM Algarve,Albufeira,8,3536,N
2020,ZA,5FM,Bloemfontein,102,3071,N
2020,PT,Cidade,Lisbon,9,2982,N
2020,BE,Bruzz,Brussels,85,2931,N
2020,AU,The Edge 96.ONE,Sydney,76,2760,N
2020,GB,BBC Radio 1,London,80,2649,N
2020,GB,Capital FM [Liverpool],Liverpool,5,2580,N
2020,GB,Kiss FM,London,74,2505,N
2020,GB,New Style Radio,Birmingham,105,2419,N
2020,FR,Générations (Lyon),Lyon,29,2329,N
2020,US,WWPR,"New York, NY",25,2320,N
2020,GB,BBC Asian Network,Birmingham,100,2204,N
2020,FR,Générations (IDF),Paris,20,2137,N
2020,GB,Capital FM [London],London,5,2118,N
2020,GB,Capital FM [Edinburgh],Edinburgh,6,2094,N
2020,GB,2BR,Manchester,7,2088,N
2020,US,WPWX-FM,"Chicago, IL",74,2078,N
2020,PT,Cidade Hip-Hop,Lisbon,4,2026,N
2020,US,WBLS FM,"New York, NY",92,1933,N
2020,AT,KroneHit Electric,Vienna,3,1902,N
2020,US,WHTA-FM,"Mableton, GA",24,1891,N
2020,US,WKYS-FM,"Washington, D.C.",35,1886,N
2020,GB,BCfm,Bristol,135,1875,N
2020,IE,Spin 1038,Dublin,44,1867,N
2020,BE,NRJ Belgique,Brussels,39,1782,N
2020,US,WRSV,"Rocky Mount, NC",21,1740,N
2020,GB,Capital South Wales,Cardiff,6,1704,N
2020,PT,Mega Hits,Lisbon,11,1673,N
2020,TR,Power FM,Istanbul,18,1632,N
2020,RO,ProFM Black,Bucharest,12,1599,N
2020,DE,Kiss FM,Berlin,25,1598,N
2020,BE,Contact,Mons,34,1593,N
2020,FR,Nova,Paris,70,1589,N
2020,US,Hot 97,"New York, NY",37,1582,N
2020,CH,SRF Virus,Basel,27,1541,N
2020,DK,The Voice,Copenhagen,4,1518,N
2020,IE,RTÉ 2FM,Dublin,51,1514,N
2020,US,WLZX-FM,"Springfield, MA",2,1506,N
2020,FR,Skyrock,Paris,20,1489,N
2020,US,WQUE,"New Orleans, LA",5,1487,N
2020,FR,Radio ECN,Mulhouse,8,1471,N
2020,US,KOPW-FM (Omaha's Power 106.9 FM),"Plattsmouth, NE",7,1424,N
2020,NZ,Flava,Tauranga,12,1393,N
2020,US,KEXP,"Seattle, WA",99,1372,N
2020,US,WMMR,"Philadelphia, PA",1,1333,N
2020,FR,Urban Hit,Paris,6,1320,N
2020,AU,FBI,Sydney,61,1309,N
2020,NL,Radio 10,Hilversum,3,1290,N
2020,IT,Radio Playstudio,Emilia–Romagna,18,1286,N
2020,US,WHZT-FM,"Spartanburg, SC",4,1273,N
2020,US,WJMN,"Boston, MA",22,1250,N
2020,GB,Worldwide FM,London,98,1247,N
2020,FR,Inside,Pau,2,1225,N
2020,US,WZMX,"Hartford, CT",31,1216,N
2020,GB,Heart Yorkshire,Wakefield,4,1212,N
2020,US,WDKX-FM,"Rochester, NY",14,1203,N
2020,ZA,947,Rivonia,40,1197,N
2020,US,WHYI,"Miami, FL",4,1156,N
2020,GB,Key 103,Manchester,7,1142,N
2020,GB,NTS,London,123,1112,N
2020,AU,Triple J,Sydney,60,1103,N
2020,BE,Fun Radio BL,Brussels,57,1101,N
2020,FR,RVM,Charleville-Mézières,5,1092,N
2020,GB,Radio Essex,London,9,1080,N
2020,FR,Radio ONE,Agde,6,1077,N
2020,DE,1Live Diggi,Düsseldorf,11,1075,N
2020,NL,SLAM!,Hilversum,18,1075,N
2020,US,92Q Jams Baltimore,"Baltimore, MD",12,1067,N
2020,BE,Studio Brussel,Brussels,83,1063,N
2020,PT,Rádio Marginal,Cascais,9,1050,N
2020,US,WPOW,"Miami, FL",9,1044,N
2020,DK,DR P3,Copenhagen,27,1039,N
2020,RO,Radio Zu,Constanța,5,1017,N
2020,NZ,Mai FM,Whangarei,13,1005,N
2020,ID,Motion 97.5,Jakarta,11,1004,N
2020,CH,RTS Couleur 3,Mont Salève,72,993,N
2020,FR,Voltage,Paris,3,992,N
2020,US,KPHW-FM (Power Hawaï 104.3 FM),"Houston, TX",5,979,N
2020,LU,L'essentiel Radio,Differdange,4,975,N
2020,DE,Delta Radio,Kiel,6,961,N
2020,FR,Mixx FM,Cognac,2,961,N
2020,FR,Nova [Bordeaux],Bordeaux,64,953,N
2020,JM,Zip FM,Kingston,44,951,N
2020,US,The Joint,"Washington, D.C.",8,933,N
2020,AU,PBS,Melbourne,99,930,N
2020,FR,Horizon,Rouen,4,930,N
2020,ES,Loca Latino,Madrid,6,929,N
2020,IE,FM104,Dublin,29,922,N
2020,PT,Mix FM,Lisbon,41,919,N
2020,GB,Reform Radio,Manchester,57,918,N
2020,MK,Antenna 5,Skopje,13,911,N
2020,DE,Byte FM,Hamburg,65,910,N
2020,DE,Big FM,Saarbrücken,48,910,N
2020,US,WHHL,"St. Louis, MO",8,904,N
2020,DE,Jam FM,Berlin,25,900,N
2020,FR,Radio Star (Sud),Marseille,10,886,N
2020,US,102 JAMZ,"Reidsville, NC",6,879,N
2020,GB,Wave 105,Dorchester,1,873,N
2020,US,WHUR-FM,"Washington, D.C.",73,870,N
2020,FR,Activ Radio,Saint-Etienne,8,869,N
2020,FR,Wit FM,Angoulême,3,869,N
2020,DE,Dasding,Stuttgart,35,868,N
2020,US,WQOK-FM,"Raleigh-Durham, NC",11,867,N
2020,FR,Fréquence Plus,Beaune,2,862,N
2020,PT,RTP Antena 3,Lisbon,18,860,N
2020,US,Power 107.5,"Colombus, OH",12,859,N
2020,RO,Radio Deep Romania,Bucharest,11,856,N
2020,FR,Radio Flash,Montpellier,4,855,N
2020,US,Z-107.9,"Cincinnati, OH",18,851,N
2020,BE,Tipik [ex Pure FM],Liège,21,846,N
2020,GB,BBC Radio 6,London,32,837,N
2020,PL,Radio Kampus FM,Warsaw,51,831,N
2020,US,WDJX,"Louisville, KY",1,829,N
2020,GB,Metro 2,Newcastle upon Tyne,1,821,N
2020,CN,Metro Radio [国际都市频率],Beijing,7,814,N
2020,GB,Radio Cardiff,Cardiff,34,809,N
2020,RS,Radio AS FM,Novi Sad,16,807,N
2020,LB,Mix FM 104.4,Beirut,6,806,N
2020,ZA,Heart FM,Cape Town,31,803,N
2020,FR,Beur FM,Paris,8,802,N
2020,IE,iRadio,Dublin,8,801,N
2020,FR,Vibration,Orléans,5,799,N
2020,US,WPGC 95.5,"Washington, D.C.",11,789,N
2020,SE,P3,Stockholm,56,783,N
2020,US,WQLQ-FM,"South Bend, IN",4,779,N
2020,BE,Top Radio,Poperinge,55,775,N
2020,GB,Cool FM,Belfast,7,770,N
2020,AU,Double J,Canberra,24,751,N
2020,GB,Hallam 2,Leeds,1,748,N
2020,GB,Fubar Radio,London,12,738,N
2020,FR,RFI,Paris,54,735,N
2020,DE,Fritz,Potsdam,39,729,N
2020,GR,Kiss FM 92.2,Athina,2,728,N
2020,MT,Magic Malta,Valletta,6,726,N
2020,FR,Radio 6,Calais,3,718,N
2020,FR,Littoral FM,Narbonne,3,715,N
2020,FR,Alouette,Nantes,2,715,N
2020,FR,Radio Grenouille,Marseille,50,710,N
2020,FR,Sea FM,Avranches,3,710,N
2020,FR,Metropolys,Lille,5,706,N
2020,DE,rbb 88.8 FM,Berlin,4,704,N
2020,AU,4RGR (Power 100),Townsville,1,703,N
2020,CH,Rabe,Bern,61,702,N
2020,US,KMEL,"San Francisco, CA",11,700,N
2020,RO,Kiss FM,Bucharest,15,699,N
2020,FR,NRJ,Paris,5,693,N
2020,CH,Radio X,Basel,72,689,N
2020,CH,Rouge Fm,Lausanne,7,686,N
2020,FR,Flash FM,Limoges,2,684,N
2020,FR,RTS FM,Montpellier,7,683,N
2020,NL,Radio Decibel,Hilversum,4,670,N
2020,PT,Vodafone FM,Lisbon,17,665,N
2020,FR,Plein Air,Besançon,4,665,N
2020,CA,CIBL,"Montreal, QC",47,655,N
2020,IT,Radio Spazio Blu,Lazio,11,651,N
2020,FR,Radio Scoop,Roanne,7,643,N
2020,DE,Radio 8,Nuremberg,4,639,N
2020,US,KEZE-FM (Hot 96.9FM Spokane),"Spokane, WA",5,638,N
2020,IT,Ciccio Riccio,Specchia,36,634,N
2020,CA,CHUM,"Toronto, ON",1,625,N
2020,IE,Beat 102 103,Dungarvan,11,625,N
2020,IT,Radio Piterpan,Veneto,15,623,N
2020,LB,Virgin Radio 89.5,Bayrut,6,623,N
2020,TR,Radyo Fenomen,Istanbul,6,620,N
2020,US,95.7 Jamz,"Midfield, AL",11,616,N
2020,FR,Hit West,Nantes,4,611,N
2020,FR,Tonic Radio,Lyon,1,611,N
2020,FR,Prun',Nantes,32,605,N
2020,US,WIYY,"Baltimore, MD",1,605,N
2020,CH,LoRa,Zürich,53,602,N
2020,US,WGPR,"Detroit, MI",9,600,N
2020,FR,Radio 8,Sedan,2,599,N
2020,FR,Tendance Ouest,Rouen,3,597,N
2020,AU,RTR,Perth,81,596,N
2020,DE,UnserDing,Saarbrücken,25,596,N
2020,US,WQLZ,"Springfield, IL",1,596,N
2020,UY,Concierto Punta 95.1 FM,Punta del Este,10,595,N
2020,GB,KMFM,Tonbridge,7,586,N
2020,US,KPWK,"Seattle, WA",8,585,N
2020,TH,MCOT-Met 107 FM,Bangkok,11,585,N
2020,FR,Durance FM,Aix-en-Provence,2,579,N
2020,US,KKXX-FM,"Bakersfield, CA",4,571,N
2020,PT,Rádio Canal FM,Angra do Heroísmo,10,570,N
2020,DE,94.3 RS2,Berlin,5,568,N
2020,US,WBMX-FM (JAMS Chicago 104.3 FM),"Chicago, IL",6,566,N
2020,FR,Magnum La Radio,Mulhouse,5,566,N
2020,US,KPTT,"Denver, CO",4,565,N
2020,AT,FM4,Vienna,49,565,N
2020,FR,Vinci - Autoroute FM,Alpes Provence,7,563,N
2020,FR,Delta FM,Dunkirk,4,563,N
2020,FR,RCV99,Lille,19,557,N
2020,US,WBTJ,"Richmond, VA",39,556,N
2020,AU,Triple R,Melbourne,82,555,N
2020,LT,Zip FM,Vilnius,24,555,N
2020,NO,NRK mP3,Oslo,5,554,N
2020,GB,Kerrang!,London,2,554,N
2020,BE,Urgent FM,Ghent,59,552,N
2020,DE,Radio Top 40,Erfurt-Jena,11,552,N
2020,PT,Rádio Oxigénio,Lisbon,25,552,N
2020,CH,Toxic FM,Sankt Gallen,7,548,N
2020,US,KCRW,"Los Angeles, CA",34,541,N
2020,BR,Radio Disney,"São Paulo, SP",2,541,N
2020,SE,NRJ Sweden,Stockholm,4,540,N
2020,CH,SRF3,Zürich,28,534,N
2020,FR,Mistral FM,Toulon,2,529,N
2020,FR,100%,Carcassonne,3,527,N
2020,US,WKDU,"Philadelphia, PA",64,525,N
2020,GB,Key 2,Manchester,1,522,N
2020,MX,XHUIA-FM [Ibero 90.9],"Mexico City, DF",54,521,N
2020,NL,NPO 3FM,Hilversum,22,521,N
2020,FR,Montagne FM,Saint-Jean-de-Maurienne,3,514,N
2020,FR,Oxygène Radio,Segré,9,513,N
2020,GB,Hot Radio,Poole,20,512,N
2020,FR,Direct FM,Metz,4,509,N
2020,FI,YLEX,Helsinki,47,505,N
2020,EE,ERR Raadio 2,Rakvere,78,504,N
2020,FR,Radio En Construction,Strasbourg,12,500,N
2020,US,KISW,"Seattle, WA",1,499,N
2020,US,WOWI,"Norfolk, VA",7,498,N
2020,FR,La Radio Plus,Paris,5,494,N
2020,GB,Clyde 1,Glasgow,6,493,N
2020,FR,Oxygène La Radio de la Seine et Marne,Melun,6,492,N
2020,FR,Alpes 1,Grenoble,1,492,N
2020,US,WPXY-FM (98 PXY Rochester 97.9 FM),"Rochester, NY",3,489,N
2020,FR,Flor FM,Mulhouse,14,487,N
2020,FR,Radio Intensité,Châteaudun,5,486,N
2020,IE,RTÉ Radio 1,Dublin,6,484,N
2020,US,HOT 96.9 Boston,"Boston, MA",6,483,N
2020,DE,1Live,Düsseldorf,21,482,N
2020,CH,Energy Zürich,Zürich,6,481,N
2020,US,K104,"Dallas, TX",6,481,N
2020,DE,Radio Fantasy,Ingolstadt,7,480,N
2020,US,KZZP,"Phoenix, AZ",9,478,N
2020,CH,Radio Vostok,Genève,12,477,N
2020,MX,XHJD-FM [D99 ],"Monterrey, NL",5,475,N
2020,GB,Rock FM 2,Blackpool,1,475,N
2020,US,KISV-FM,"Bakersfield, CA",7,472,N
2020,DE,Radio Seefunk RSF,Lake Constance,1,466,N
2020,DE,Antenne Niederrhein,Düsseldorf,7,463,N
2020,AU,2SKI (Snow FM 97.7),Cooma,4,463,N
2020,DK,myROCK,Copenhagen,1,461,N
2020,DE,Planet Radio,Frankfurt,28,454,N
2020,SK,RTV Rádio_FM,Bratislava,28,449,N
2020,FR,Cannes Radio,Cannes,3,444,N
2020,ES,Gozadera FM,Sevilla,32,438,N
2020,DE,Bayern 3,Munich,8,438,N
2020,PL,Radio ZET,Szczecin,2,431,N
2020,DE,R.SH,Kiel,3,427,N
2020,CA,CHYZ 94.3 FM,"Quebec City, QC",37,424,N
2020,ES,Marcha FM,Las Palmas,7,424,N
2020,DE,Antenne Kaiserslautern,Mannheim,4,424,N
2020,AU,Nova 96.9,Sydney,6,423,N
2020,NO,Radio Rock,Oslo,1,418,N
2020,IT,Canale Italia,Veneto,5,414,N
2020,ES,Los 40,Rioja,4,412,N
2020,AU,Nova 106.9,Brisbane,7,412,N
2020,FR,Top FM,Marseille,6,410,N
2020,US,WREK,"Atlanta, GA",17,408,N
2020,IT,Radio Ibiza,Naples,17,407,N
2020,US,KYLD [WILD 94.9],"San Francisco, CA",9,406,N
2020,DE,Die Neue Welle,Karlsruhe,1,405,N
2020,DE,MDR Sputnik,Halle (Saale),18,403,N
2020,US,WFBC-FM (B93.7 FM Greenville Pop Music),"Greenville, SC",3,402,N
2020,IS,95.7 FM,Reykjavík,4,402,N
2020,FR,RMN,Pontivy,5,397,N
2020,FR,Fréquence Grands Lacs,Bordeaux,6,396,N
2020,FR,Toulouse FM,Toulouse,5,396,N
2020,CO,Radionica,Bogotá,22,394,N
2020,FR,Radio Monaco,Moneghetti,17,394,N
2020,FI,YLE X3M,Helsinki,16,392,N
2020,DE,Hitradio Rt1 Südschwaben,Mindelheim,7,390,N
2020,GB,Hits Radio Staffordshire and Cheshire,Stoke-on-Trent,6,388,N
2020,DE,Hitradio Rt1 Nordschwaben,Ulm,6,387,N
2020,FR,Radio VFM,Vire,5,386,N
2020,DE,Hitradio Rt1,Ingolstadt,7,382,N
2020,FR,FIP,Paris,20,381,N
2020,DE,Radio Jade,Wilhelmshaven,84,380,N
2020,US,Hot 104.7,"Kennebunkport, ME",11,378,N
2020,AU,Nova 91.9,Adelaide,7,378,N
2020,DE,You FM,Frankfurt,11,376,N
2020,PL,Radio Afera,Poznań,15,376,N
2020,AU,Nova 100,Melbourne,6,375,N
2020,FR,Kiss FM [St Tropez/Monaco],Nice,2,373,N
2020,FR,Prysm Radio 1,Paris,6,371,N
2020,US,KLLY-FM,"Bakersfield, CA",2,369,N
2020,FR,Radio ISA,Grenoble,3,369,N
2020,CA,JUMP! 106.9,"Ottawa, ON",5,364,N
2020,US,The Heat,"Washington, D.C.",5,363,N
2020,IT,Radio 105,Lombardy,19,363,N
2020,US,WAYV-FM,"Atlanta, GA",4,362,N
2020,GB,Heart FM,London,2,361,N
2020,BE,VivaCite,Profondeville,4,358,N
2020,AU,Nova 93.7,Perth,6,355,N
2020,SG,987FM,Singapore,6,354,N
2020,AU,Hit 104.7,Canberra,6,354,N
2020,US,KQMV-FM,"Seattle, WA",2,352,N
2020,US,WFLC,"Miami, FL",9,352,N
2020,NZ,George FM,Tauranga,16,352,N
2020,FR,Kiss FM [Toulon/Marseille],Marseille,3,352,N
2020,US,KBFB,"Dallas, TX",13,351,N
2020,AU,Hit 105,Brisbane,7,351,N
2020,DE,Radio Charivari München,Munich,9,350,N
2020,MY,Hitz FM Kota Kinabalu,Kota Kinabalu,6,348,N
2020,FR,Cerise FM,Mulhouse,2,347,N
2020,DE,NRJ [Hamburg],Hamburg,9,346,N
2020,NO,NRK P3,Steigen,15,345,N
2020,MX,XHMOR-FM [La 99.1 FM],"Yautepec, ML",5,344,N
2020,FR,Fun Radio,Paris,17,342,N
2020,FR,Radio Menergy,Albi,7,341,N
2020,US,WKNC,"Raleigh, NC",22,336,N
2020,US,XHTO,"El Paso, TX",5,334,N
2020,US,103.7 KISS FM,"Milwaukee, WI",6,333,N
2020,US,WKTU,"New York, NY",5,331,N
2020,DE,NDR Info,Hamburg,79,330,N
2020,BR,Kiss FM,"São Paulo, SP",1,330,N
2020,CA,CISM,"Montreal, QC",32,326,N
2020,FR,Maritima Radio,Marseille,3,326,N
2020,CZ,ČRo Radio Wave,Prague,12,324,N
2020,US,WRIF,"Detroit, MI",3,323,N
2020,BE,MNM,Veltem-Beisem,17,322,N
2020,US,WZNF,"Biloxi, MS",2,321,N
2020,GB,Radio Aire 2,Leeds,1,320,N
2020,IT,Radio Verona,Verona,10,318,N
2020,DE,Radio Klinikfunk,Wiesbaden,9,316,N
2020,BE,Geel FM,Geel,7,315,N
2020,ES,Sol FM,Alicante,5,314,N
2020,DE,NRJ [Bremen],Bremen,5,313,N
2020,AU,87.8 UCFM,Canberra,5,312,N
2020,MY,Hitz FM Kuching,Kuching,5,310,N
2020,US,KRRL-FM Real 92.3,"Los Angeles, CA",8,310,N
2020,IT,Radio m2o,Lazio,17,310,N
2020,GB,BBC World Service,London,45,309,N
2020,US,Colorado Public Radio's Open Air,"Laporte, IN",4,309,N
2020,LT,Power Hit Radio,Vilnius,11,307,N
2020,BR,Jovem Pan,"São Paulo, SP",4,306,N
2020,ES,Mix FM,Riano De Ibio,8,306,N
2020,IL,Kol Rega 91.5 FM,Haifa,9,304,N
2020,IT,Radio Globo,Rome,3,303,N
2020,DE,"Radio Gong 106,9 Würzburg",Würzburg,7,302,N
2020,NO,NRJ Norge,Oslo,1,301,N
2020,DE,Radio HBW - Harz-Borde-Welle,Aschersleben,32,299,N
2020,CH,One FM,Zürich,4,299,N
2020,GB,Roundhouse Radio,Duxhurst,10,299,N
2020,LU,Eldoradio Live,Luxembourg,12,298,N
2020,DE,Antenne Bad Kreuznach,Frankfurt,5,298,N
2020,FR,Blackbox,Bordeaux,1,297,N
2020,MY,Hitz FM Kuala Lumpur,Kuala Lumpur,5,297,N
2020,CO,La X 103.9 FM,Bogotá,19,297,N
2020,CA,CHYM-FM,"Kitchener, ON",5,296,N
2020,BE,Qmusic,Bruges,8,294,N
2020,DE,Radio Okerwelle,Braunschweig,13,293,N
2020,ES,La Fresca FM,Alicante,15,292,N
2020,US,KFCO-FM,"Bennett, CO",4,290,N
2020,AU,Hit 103.5 FM Cairns,Cairns,7,290,N
2020,AU,Hit106.9 Newcastle,Newcastle,8,289,N
2020,AU,7TTT (Hit Hobart 100.9),Hobart,6,288,N
2020,AU,4AMM (Hit Tablelands 97.9),Cairns,8,288,N
2020,AU,Fox FM,Melbourne,6,288,N
2020,AU,Power FM 103.1,Ballarat,4,286,N
2020,DE,Radio Nordseewelle,Aurich,5,286,N
2020,FR,Lor'FM,Metz,5,284,N
2020,IE,Classic Hits 4FM,Dublin,3,284,N
2020,FR,Jaime Radio,Lorient,4,284,N
2020,FR,K6 FM,Dijon,4,283,N
2020,AU,Hit 103.1,Townsville,7,282,N
2020,DE,Radio Cottbus 94.5,Cottbus,4,282,N
2020,US,Star 102.1,"Knoxville, TN",2,281,N
2020,US,WPIA-FM (KISS FM Peoria 98.5),"Eureka, CA",6,281,N
2020,AU,hit Southwest,Bunbury,7,281,N
2020,US,KBPI,"Denver, CO",1,281,N
2020,AU,Hit 100.3 Mackay,Mackay,7,280,N
2020,CZ,Radio 1,Prague,41,280,N
2020,AU,3BDG,Bendigo,7,279,N
2020,US,KALX,"San Francisco, CA",34,276,N
2020,AU,4SEA [90.9 Sea FM],Gold Coast,6,276,N
2020,GB,Blast 106,Belfast,34,274,N
2020,BR,Jovem Pan FM Florianópolis,"Belo Horizonte, MG",6,274,N
2020,DE,HAMBURG ZWEI,Bergedorf,2,274,N
2020,AU,hit100.7 Darling Downs,Toowoomba,7,273,N
2020,PL,RMF MAXXX,Zabrze,6,273,N
2020,AU,2CFM,Gosford,6,272,N
2020,FR,Radio Camargue,Nîmes,5,272,N
2020,CA,99.7 2Day FM,"River, BC",1,271,N
2020,AU,hit107.9 Central Queensland,Rockhampton,5,271,N
2020,US,Wild 101,"Boise, ID",4,270,N
2020,AU,Hit 92.9,Perth,5,270,N
2020,CA,CBV-FM,"La Malbaie, QC",18,270,N
2020,DE,Harmony Fm,Wiesbaden,1,270,N
2020,US,KCAQ-FM,"Ventura, CA",10,268,N
2020,GB,Jazz FM,London,9,268,N
2020,FR,Sweet FM,Le Mans,5,268,N
2020,AU,hit104.9 The Border,Albury,7,267,N
2020,AU,7EXX (Chilli FM 90.1),Launceston,5,266,N
2020,CA,ICI Radio-Canada Première - Montréal,"Montreal, QC",18,266,N
2020,CA,CJSR,"Edmonton, AB",32,266,N
2020,US,WCPT,"Chicago, IL",6,266,N
2020,LV,Latvijas radio 5,Riga,17,265,N
2020,DE,BB Radio,Potsdam,3,265,N
2020,CA,CJFM-FM [Virgin Radio 96],"Montreal, QC",11,264,N
2020,PL,RMF FM,Koszalin,2,264,N
2020,DE,Antenne Koblenz 98.0,Landau,6,262,N
2020,DE,Star Fm Nürnberg,Lauf an der Pegnitz,2,261,N
2020,FR,Ado,Paris,2,260,N
2020,US,K92,"Roanoke, VA",3,260,N
2020,US,Nexus Radio,"Chicago, IL",1,259,N
2020,BE,Antipode,Brussels,11,258,N
2020,DE,Radio Eins Coburg,Bayreuth,7,258,N
2020,US,KLYV-FM (Y105 Music Dubuque Pop radio),"Dubuque, IA",2,255,N
2020,DE,Antenne Zweibrücken,Saarbrücken,4,254,N
2020,GB,BBC London,London,29,253,N
2020,US,Hot 93.3,"Dallas, TX",5,252,N
2020,US,WDJQ-FM (Q92 Radio),"Alliance, OH",8,252,N
2020,MX,XHSR [Exa 97.3 FM],"Monterrey, NL",6,251,N
2020,AU,Power FM 94.9,Nowra,6,251,N
2020,DE,City Radio Trier,Trierweiler,3,251,N
2020,AU,K-Rock 95.5 FM,Geelong,4,250,N
2020,AU,2WIN,Wollongong,4,250,N
2020,FR,RFM,Paris,2,250,N
2020,FR,Radio 666,Hérouville-Saint-Clair,19,249,N
2020,AU,Hot 100,Darwin,9,248,N
2020,BE,Joe FM,Brussels,4,248,N
2020,US,WZFT,"Baltimore, MD",4,245,N
2020,FR,Fusion FM,Vichy,11,245,N
2020,FR,Radio Dio,Saint-Etienne,10,245,N
2020,US,KRUF-FM (K945 Shreveport 94.5 FM),"Shreveport, LA",2,243,N
2020,NZ,ZM,Auckland,5,243,N
2020,NL,Radio 538,Hilversum,11,243,N
2020,DE,RBB Radioeins,Berlin,35,243,N
2020,DE,Radio Bamberg,Bamberg,4,243,N
2020,NL,100% NL Feest,Hilversum,1,243,N
2020,GB,Pirate FM,Plymouth,3,243,N
2020,US,99.7 NOW,"San Francisco, CA",14,242,N
2020,IT,Radio Rosa,Poggibonzi,10,242,N
2020,FR,Radio Contact,Lille,3,240,N
2020,BE,DH Radio,Perwez,4,240,N
2020,US,KALV-FM (Live Phoenix 101.5 FM),"Phoenix, AZ",18,239,N
2020,BR,Eldorado,"São Paulo, SP",10,239,N
2020,CA,CKKS-FM,"Chilliwack, BC",10,238,N
2020,DE,N-Joy,Hamburg,11,238,N
2020,GB,BBC Radio 4,Kilskeery,32,238,N
2020,US,WHTZ,"New York, NY",5,236,N
2020,AR,Metro 95.1,Buenos Aires,13,235,N
2020,US,WICB,"Ithaca, NY",11,233,N
2020,GR,Republic Radio,Thessaloniki,3,233,N
2020,IT,Deejay,Milan,15,231,N
2020,DE,Radio Euroherz,Bayreuth,3,231,N
2020,FR,Canal B,Rennes,12,229,N
2020,CA,CHQM-FM [QM/FM 103.5],"Vancouver, BC",1,228,N
2020,AU,7SEA (Sea FM 101.7),Burnie,5,228,N
2020,AU,7DDD (Sea FM 107.7),Devonport,6,228,N
2020,DE,Donau 3 Fm,Ulm,1,228,N
2020,MX,Los 40,"Mexico City, DF",15,227,N
2020,FR,Radio Numero 1,Bourges,1,227,N
2020,DE,Radio Gong Fm Regensburg,Ingolstadt,7,226,N
2020,US,KUUU-FM (U92 Salt Lake City 92.5 FM),"South Jordan, UT",8,226,N
2020,US,Octane,"Washington, D.C.",1,226,N
2020,FR,Europe 2,Paris,3,225,N
2020,GB,Talksport 2,London,8,224,N
2020,US,KBXX,"Houston, TX",9,222,N
2020,AU,6CST,Mandurah,5,221,N
2020,US,WAMJ-FM,"Atlanta, GA",22,219,N
2020,ES,MegaStar FM,Madrid,3,219,N
2020,MX,XHNU-FM [Súper 94.5 FM],"Acapulco, GR",4,219,N
2020,UA,UR2 – Radio Promin,Kiev,16,218,N
2020,DE,FluxFM,Berlin,16,218,N
2020,US,KHTS,"San Diego, CA",4,217,N
2020,BR,Antena 1,"São Paulo, SP",1,217,N
2020,CA,"CITE-FM [Rouge FM 107,3]","Montreal, QC",4,216,N
2020,RU,Radio Record,Saint Petersburg,7,216,N
2020,DE,Radio Plassenburg 101.6,Bayreuth,4,216,N
2020,GB,WCR FM,Wolverhampton,31,215,N
2020,US,Polski FM,"Park Forest, IL",4,215,N
2020,US,KUNM,"Albuquerque, NM",47,214,N
2020,FR,Radio RMB,Montluçon,12,213,N
2020,DE,Radio PSR,Dresden,4,212,N
2020,ZA,Jacaranda FM,Johannesburg,6,212,N
2020,FR,ARL,Bordeaux,2,211,N
2020,FR,Collines La Radio,Cerizay,1,209,N
2020,US,Pitbull Globalization,"Washington, D.C.",3,209,N
2020,GB,Spire FM,Salisbury,3,209,N
2020,GB,Mi-Soul,London,39,208,N
2020,FR,France Maghreb 2,Dijon,11,208,N
2020,US,KXCI,"Tucson, AR",30,208,N
2020,AU,2SER,Sydney,20,208,N
2020,DE,Radio Brocken,Halle (Saale),1,208,N
2020,MY,Best FM,Kuala Lumpur,3,208,N
2020,ES,Hit FM,Madrid,5,206,N
2020,ZA,KFM 94.5,Cape Town,11,205,N
2020,US,KXXM,"San Antonio, TX",4,204,N
2020,DK,Radio 100,Glostrup,2,204,N
2020,GB,"Greatest Hits Radio Bucks, Beds and Herts",Aylesbury,2,204,N
2020,CA,CHFI-FM,"Labrador City, NL",4,203,N
2020,FR,France Inter,Paris,20,203,N
2020,CA,"CIMF-FM [Rouge 94,9]","Ottawa, ON",4,202,N
2020,IT,Rai 2,Lazio,20,202,N
2020,GB,Downtown Radio,Belfast,6,202,N
2020,US,Liquid Metal,"Washington, D.C.",1,202,N
2020,NZ,The Edge,Auckland,4,201,N
2020,AU,5SEF (Hit Limestone Coast 96.1),Naracoorte,8,201,N
2020,ES,Ràdio Flaixbac,Barcelona,4,201,N
2020,GB,Heat,London,1,201,N
2020,AU,Hit 107,Adelaide,6,200,N
2020,PL,Polskie Radio Czwórka,Warsaw,33,200,N
2020,DE,Ostseewelle HIT-RADIO Mecklenburg-Vorpommern,Berlin,6,200,N
2020,US,KTBT,"Tulsa, OK",6,198,N
2020,GB,Wessex FM,Dorchester,2,198,N
2020,US,WNRW,"Louisville, KY",6,197,N
2020,AU,91.9 Sea FM,Nambour,8,197,N
2020,FR,Radio Espace,Lyon,6,196,N
2020,US,Hot Z 95,"Corpus Christi, TX",8,196,N
2020,CL,Radio Futuro,Santiago,1,195,N
2020,IL,Beat Radio,Jerusalem,9,194,N
2020,BE,Nostalgie [Wallonie],Namur,2,194,N
2020,FR,Latina,Paris,3,194,N
2020,US,Hitz 104.9,"Visalia, CA",2,193,N
2020,GB,Sun FM,Sunderland,3,193,N
2020,US,WNDV-FM,"South Bend, IN",4,192,N
2020,DE,Hit Radio Ohr,Freiburg im Breisgau,11,192,N
2020,GB,UTV - Signal 2,Stoke-on-Trent,1,192,N
2020,US,KGLT,"Bozeman, MT",29,191,N
2020,AU,bay 93.9,Geelong,1,191,N
2020,ES,Los 40 Dance [Máxima FM],Barcelona,13,190,N
2020,AR,Radio Uno,Cordoba,2,190,N
2020,BE,Nostalgie [Vlaanderen],Brussels,2,190,N
2020,US,1075 KZL,"Winston-Salem, NC",3,189,N
2020,GB,The Wave 96.4 FM,London,5,189,N
2020,US,WLDI,"West Palm Beach, FL",6,188,N
2020,CA,Rouge FM,"Quebec City, QC",3,187,N
2020,FR,Evasion,Évry,1,187,N
2020,ES,Radio 3,Pechina,38,186,N
2020,DE,NRJ [München],Munich,12,185,N
2020,US,WYKS,"Gainesville, GA",1,184,N
2020,AD,RTVA Andorra Musica,Andorra la Vella,2,184,N
2020,GB,Gaydio,Manchester,12,183,N
2020,US,WFLZ,"Tampa, FL",6,182,N
2020,DE,NRJ [Nüremberg],Nürnberg,10,182,N
2020,DE,Dish FM,Cologne,2,182,N
2020,ES,Los 40 Classic,Almería,2,182,N
2020,RO,Europa FM,Bucharest,6,181,N
2020,US,WKSC,"Chicago, IL",7,180,N
2020,CH,Rete Tre,Ticino,23,180,N
2020,US,WYRG,"Indianapolis, IN",1,180,N
2020,DE,Rock Antenne,Ingolstadt,1,180,N
2020,FR,Radio Meuh,La Clusaz,13,179,N
2020,FR,Oui FM,Paris,1,179,N
2020,US,WZFL,"Miami, FL",9,178,N
2020,US,POWER106,"Los Angeles, CA",4,177,N
2020,US,KRUI,"Iowa City, IA",5,177,N
2020,DE,Rock Antenne Hamburg,Hamburg,1,177,N
2020,US,KBFF,"Portland, OR",2,176,N
2020,IT,Radio Studio Piu',Pedaso,14,176,N
2020,AU,2Day FM,Sydney,6,175,N
2020,IT,Radio Jukebox,Cosenza,4,175,N
2020,US,WWKL,"Harrisburg, PA",3,174,N
2020,US,Hot 104 Radio,"Houston, TX",5,173,N
2020,BE,Equinoxe,Liège,15,173,N
2020,DE,Radio Mainwelle,Bayreuth,4,173,N
2020,DE,Deutschlandfunk Kultur,Berlin,14,173,N
2020,PT,Rádio Benedita FM 88.1,Benedita,7,173,N
2020,GB,Funky Essex,Costessey,12,173,N
2020,GB,The Breeze,Bristol,1,173,N
2020,US,WARQ-FM,"Columbus, OH",1,172,N
2020,DE,Radio Oberland,Garmisch-Partenkirchen,2,172,N
2020,GB,Sam FM,South Coast,1,170,N
2020,GB,Nation Radio UK,London,1,169,N
2020,IT,Radio Bruno,Florence,6,168,N
2020,CO,La FM,Bogotá,8,168,N
2020,GB,Viking 2,Hull,1,167,N
2020,US,WTOK-FM (Hot San Juan Puerto Rico 102.5 FM),"San Juan, TX",7,166,N
2020,MX,XHTS-FM [Ya! 102.9 FM],"Veracruz, VE",4,166,N
2020,FR,Primitive,Reims,13,166,N
2020,GB,GHR Hull & East Yorkshire,Hull,1,166,N
2020,US,WZPL,"Indianapolis, IN",4,165,N
2020,IT,Radio Company,Udine,10,165,N
2020,DE,Star FM,Berlin,3,165,N
2020,CA,CKBC,"Bathurst, NB",1,164,N
2020,US,KUDL,"Sacramento, CA",4,164,N
2020,FR,Radio FG,Paris,12,163,N
2020,MX,XHOF-FM [Reactor 105.7],"Mexico City, DF",7,163,N
2020,HK,RTHK Radio 3,Hong Kong,25,162,N
2020,DK,DR P6 Beat,Copenhagen,9,162,N
2020,FR,Radio Néo,Bourges,2,162,N
2020,DE,Radio Homburg,Saarbrücken,3,162,N
2020,DE,Radio Bob!,Frankfurt,2,162,N
2020,FR,Beaub FM,Limoges,9,161,N
2020,US,WCGQ-FM,"Columbus, OH",4,161,N
2020,FR,FOREVER,Bordeaux,3,161,N
2020,DE,RADIO BOB Rockt Schleswig-Holstein,Kiel,2,161,N
2020,US,KIIS,"Los Angeles, CA",5,160,N
2020,BR,Rádio Mix FM,"São Paulo, SP",3,160,N
2020,NL,Qmusic Non-Stop,Hilversum,3,160,N
2020,DE,Radio Neunkirchen,Saarbrücken,3,160,N
2020,US,WXYT-FM (The Ticket Detroit Sports 97.1 FM),"Detroit, MI",4,160,N
2020,FR,Tsugi,Paris,14,159,N
2020,DE,LandesWelle,Erfurt,1,159,N
2020,FR,Océane,Lannion,1,159,N
2020,FR,Top Music,Strasbourg,2,159,N
2020,GB,The Beach,Norwich,1,159,N
2020,US,The Loft,"Washington, D.C.",4,158,N
2020,NZ,RNZ National,Christchurch,13,157,N
2020,DE,Jump,Halle (Saale),2,157,N
2020,GB,SubFM,London,17,156,N
2020,BE,Radio Quartz,Sombreffe,5,156,N
2020,US,KQCH-FM - Channel 94.1,"Omaha, NE",2,155,N
2020,CH,Argovia Pop,Zürich,3,155,N
2020,DK,DR P8 Jazz,Copenhagen,6,155,N
2020,MX,XHJC [Exa 91.5 FM],"Mexicali, BC",1,154,N
2020,DE,Antenne Landau,Frankfurt,7,154,N
2020,FR,Jazz Radio,Lyon,5,154,N
2020,LU,Eldoradio Chill Channel,Luxembourg,7,154,N
2020,BE,RGR FM,Westerlo,7,154,N
2020,MX,Ya! FM Villahermosa,"Villahermosa, TB",4,153,N
2020,GB,Amazing Radio,London,18,153,N
2020,DE,Bayern 2,Munich,18,153,N
2020,DE,Radio Ramasuri,Bayreuth,1,153,N
2020,DE,Radio 21,Hanover,1,153,N
2020,DE,"Radio Osnabrück 98,2",Bremerhaven,2,153,N
2020,DE,Rockland Radio,Rheinland-Pfalz,1,152,N
2020,US,KISO,"Omaha, NE",6,151,N
2020,DE,Antenne Frankfurt,Frankfurt,9,151,N
2020,DE,Radio Hannover 87.6 R,Hannover,3,151,N
2020,DE,Bayernwelle Südost,Freilassing,1,151,N
2020,MX,XHQRO-FM [Radar 107.5],"Queretaro, QT",3,151,N
2020,DE,89.0 RTL,Halle (Saale),6,149,N
2020,US,XHITZ,"San Diego, CA",5,147,N
2020,MX,XHPOP-FM [Radio Disney 99.3],"Mexico City, DF",4,147,N
2020,AU,Kiss FM,Melbourne,40,146,N
2020,PT,Rádio Guadiana,Vila Real de Santo António,17,146,N
2020,DE,SWR1 Baden-Württemberg,Stuttgart,6,146,N
2020,NO,NRK P13,Oslo,7,146,N
2020,GB,Planet Rock,London,1,144,N
2020,CA,CHOM-FM [Chom 97.7],"Montreal, QC",1,144,N
2020,DE,Vogtland Radio,Chemnitz,4,143,N
2020,US,SiriusXM Chill,"New York, NY",1,143,N
2020,US,KBLZ-FM (The Blaze Winona 102.7 FM),"Longview, TX",4,143,N
2020,US,KTFM,"San Antonio, TX",2,142,N
2020,FR,Fréquence Mutine,Brest,10,142,N
2020,GB,Select,London,19,142,N
2020,DE,917 X FM,Hamburg,12,142,N
2020,MX,XHEXA [EXA 104.9],"Mexico City, DF",4,141,N
2020,BE,MNM Hits,Brussels,4,141,N
2020,US,KPAT-FM (The Beat San Maria 95.7 FM),"Orcutt, CA",8,141,N
2020,PT,RFM,Lisbon,5,141,N
2020,FR,Galaxie Radio,Lille,17,140,N
2020,US,WKRZ-FM (98.5 KRZ FM Wilkes Barre),"Wilkes-Barre, PA",5,140,N
2020,GB,Premier Christian Radio,London,8,140,N
2020,DE,AFK Max,Nürnberg,8,140,N
2020,DE,Mdr Kultur,Camburg,4,140,N
2020,LT,LRT Opus,Vilnius,13,139,N
2020,GB,BBC Radio WM,Birmingham,14,138,N
2020,DE,Radio Primavera,Offenbach,1,138,N
2020,AU,2GOS,Gosford,1,138,N
2020,MX,XHTP-FM [Sensación 95.5],"Xalapa, VE",8,137,N
2020,DE,NDR 2,Hamburg,6,137,N
2020,MX,XHSON-FM [Beat 100.9],"Mexico City, DF",11,137,N
2020,BE,Sud Radio,Izel,3,137,N
2020,FR,Radio Caroline,Rennes,2,137,N
2020,US,WFMU,"Jersey City, NJ",39,136,N
2020,US,KQKS-FM (KS 107.5FM Denver Rythmic Music),"Denver, CO",3,136,N
2020,US,WAKS,"Cleveland, OH",5,136,N
2020,US,WRUR,"Rochester, NY",30,136,N
2020,BE,Radio 2,Antwerp,7,136,N
2020,DE,Radio Awn,Passau,2,136,N
2020,SE,P2,Stockholm,42,135,N
2020,US,KSFM-FM (KSFM Sacramento 102.5 FM),"Sacramento, CA",3,135,N
2020,BR,Metropolitana 98.5 FM,"São Paulo, SP",2,135,N
2020,AR,Vorterix,Buenos Aires,8,135,N
2020,IT,Radio Number One,Rome,3,134,N
2020,UA,Kiss FM Ukraine,Lviv,6,133,N
2020,DE,Antenne [Brandenburg],Potsdam,2,133,N
2020,AU,3CCS (Mixx FM 92.7),Lorne,3,131,N
2020,CH,Radio Canal 3,Basel,5,130,N
2020,FR,Totem,Paris,4,130,N
2020,US,WJFX-FM (Online Fort Wayne Hot 107.9 FM),"Fort Wayne, IN",3,129,N
2020,GB,BBC Radio Leeds,York,11,129,N
2020,DE,Radio FFN,Hanover,1,129,N
2020,MX,XHMIA-FM [89.3 FM],"Merida, YU",7,128,N
2020,CH,RTS Option,Lausanne,5,128,N
2020,US,R&B 102.9,"Berkeley, CA",3,127,N
2020,AU,Hot 91.1 FM,Maroochydore,3,127,N
2020,LU,RTL Radio Lëtzebuerg,Dudelange,4,127,N
2020,US,WTDY-FM,"Philadelphia, PA",2,126,N
2020,US,WEZB,"New Orleans, LA",5,126,N
2020,MX,W Radio 96.9 FM,"Mexico City, DF",13,126,N
2020,UY,Más FM 101.3,Paysandú,2,126,N
2020,IT,R101,Milan,3,126,N
2020,FR,Radio Studio 1,Strasbourg,2,126,N
2020,AU,3NNN (Edge FM 102.1),Albury,3,126,N
2020,TR,Radyo S,Bursa,10,124,N
2020,US,WAMU-FM,"Washington, D.C.",31,124,N
2020,BE,Radio 1,Brussels,13,124,N
2020,FR,FC Radio,Lyon,2,124,N
2020,US,Y101.7,"Jackson, MS",3,123,N
2020,FR,Radio PFM 99.9,Arras,12,123,N
2020,FR,N'Radio,Soissons,3,123,N
2020,DE,Radio Trausnitz,Ingolstadt,2,122,N
2020,US,Wired 96.5,"Philadelphia, PA",1,121,N
2020,DE,Radio IN,Ingolstadt,3,121,N
2020,CH,Radio Stadtfilter 96.3 FM,Winterthur,16,121,N
2020,LT,M-1 Plius,Vilnius,2,121,N
2020,DE,Bonn FM,Bonn,6,120,N
2020,BE,Bel RTL,Tournai,4,120,N
2020,MX,Aire Libre,"Mexico City, DF",30,119,N
2020,US,KDWB,"Minneapolis, MN",4,119,N
2020,PT,Rádio Comercial,Lisbon,6,119,N
2020,DE,Baden FM,Stuttgart,3,119,N
2020,DE,Jam Fm New Music Radio,Berlin,3,118,N
2020,PL,Polskie Radio Program III (PR3) Trójka,Zagan,23,118,N
2020,ID,Phoenix Radio 91 FM,Bali,5,117,N
2020,CA,CBO-FM,"Pembroke, ON",28,116,N
2020,US,WBEZ-FM,"LaSalle-Peru, IL",28,115,N
2020,FR,Chérie FM,Paris,3,115,N
2020,US,WSTR,"Atlanta, GA",2,114,N
2020,UA,DJ FM,Kiev,7,114,N
2020,AT,ORF Hitradio Ö3,Vienna,4,114,N
2020,GB,BBC Radio Bristol,Bristol,13,114,N
2020,US,Radio Margaritaville,"Washington, D.C.",5,114,N
2020,AU,3WWM (Mixx FM 101.3),Horsham,4,114,N
2020,US,WWPW,"Atlanta, GA",5,113,N
2020,DE,NRJ ENERGY Stuttgart,Stuttgart,12,113,N
2020,GB,Kisstory,London,11,113,N
2020,AU,2DBO (Hit Dubbo 93.5),Dubbo,7,112,N
2020,DE,RPR1,Rheinland-Pfalz,11,112,N
2020,US,KPSU,"Portland, OR",9,112,N
2020,AU,2VLY (Power FM 98.1),Muswellbrook,4,111,N
2020,CA,CBLA-FM,"Orillia, ON",30,111,N
2020,US,Kiss FM,"De Pere, WI",2,110,N
2020,CA,CBW,"Fairford, AB",25,110,N
2020,FR,Graf'HIT,Amiens,10,110,N
2020,US,WQFS,"Greensboro, NC",38,109,N
2020,IT,Discoradio,Lombardy,3,109,N
2020,GB,BBC Radio 2,London,16,108,N
2020,AU,3SEA (Hit Gippsland 94.3),Traralgon,5,108,N
2020,DE,Radio Saarbrücken,Saarbrücken,2,108,N
2020,CH,RTS1,Val Muggio,10,107,N
2020,US,WRRC,"Trenton, NJ",7,107,N
2020,MX,XHCEL-FM [El y Ella 103.7 FM],"Celaya, GT",3,107,N
2020,DE,"Radio Gong 97,1 Nürnberg",Nürnberg,1,107,N
2020,DE,NRJ ENERGY Berlin,Potsdam,12,106,N
2020,GB,BBC Radio Manchester,Holme Moss,11,106,N
2020,DK,VLR,Odense,2,106,N
2020,DE,Antenne Pirmasens,Saarbrücken,1,105,N
2020,FR,Nostalgie,Paris,2,105,N
2020,US,WXKS,"Boston, MA",3,104,N
2020,GB,Moray Firth Radio,Inverness,7,104,N
2020,IE,Today FM,Cork,11,104,N
2020,CA,CBC Radio One London,"London, ON",28,104,N
2020,DE,Sunshine Live,Stuttgart,13,104,N
2020,AR,Delta 90.3,Buenos Aires,12,104,N
2020,AU,3YFM [Coast FM],Warnambool,3,104,N
2020,AU,96.5 Wave FM,Wollongong,3,103,N
2020,AU,97.3 FM,Brisbane,4,103,N
2020,BE,Classic 21,Houffalize,4,103,N
2020,AU,Power FM Coast,Batemans Bay,4,102,N
2020,FR,Jet FM,Nantes,15,102,N
2020,DE,WDR 5,Bielefeld,6,102,N
2020,US,WKSL,"Jacksonville, FL",5,101,N
2020,GB,C.F.M.,Carlisle,7,101,N
2020,BR,Vida FM (Fortaleza),"São Paulo, SP",2,101,N
2020,FR,Décibel,Saint-Malo,1,101,N
2020,DE,Radio Galaxy,Nuremberg,3,100,N
2020,AU,3SHI (Mixx FM 107.7),Hamilton,4,100,N
2020,LT,Radiocentras,Alytus,2,100,N
2020,DE,SWR 3,Stuttgart,8,99,N
2020,SI,Val 202,Ljubljana,16,99,N
2020,FR,Radio Arc en Ciel,Strasbourg,2,99,N
2020,US,WITR,"Rochester, NY",21,98,N
2020,GB,Forth 1,Balerno,6,98,N
2020,DE,Bremen Vier,Bremen,9,98,N
2020,GB,Tay FM,Dundee,5,97,N
2020,BE,100'5 Das Hitradio,Eupen,6,97,N
2020,IT,Radio Sabbia,Emilia–Romagna,7,97,N
2020,US,Hip Hop Nation,"Washington, D.C.",6,97,N
2020,LU,Radio Aktiv,Echternach,4,97,N
2020,CO,Los 40 Principales,Cali,7,96,N
2020,DE,Radio Arabella,Munich,3,96,N
2020,DE,Unser Radio Deggendorf,Passau,3,96,N
2020,DE,NB Radiotreff,Neubrandenburg,20,96,N
2020,US,WFLY-FM,"Troy, MI",1,95,N
2020,GB,Northsound 1,Aberdeen,5,95,N
2020,GB,Radio Borders,Ashkirk,5,95,N
2020,US,KDGS-FM,"Wichita, KS",3,95,N
2020,CO,La Mega,Bogotá,6,94,N
2020,CA,CBR,"Harvie Heights, AB",24,94,N
2020,CA,CBX+ [CBX Edmonton],"Edmonton, AB",26,93,N
2020,FR,Champagne FM,Château-Thierry,3,93,N
2020,IS,RÚV Rás 1,Reykjavík,14,92,N
2020,US,WHBQ,"Memphis, TN",4,92,N
2020,CA,CFMY,"Redcliff, AB",3,91,N
2020,GB,Talksport London,London,9,91,N
2020,UY,FM Del Hum,Mercedes,4,91,N
2020,IT,RTL 102.5,Rome,2,90,N
2020,MX,XHUAD-FM [Lobos FM 94.1 FM],"Durango, DG",9,90,N
2020,GB,Absolute Radio 90's,London,1,90,N
2020,MX,XHFAJ-FM [Alfa 91.3],"Mexico City, DF",4,89,N
2020,AU,Hot Tomato,Gold Coast,3,89,N
2020,IT,Radio Birikina,Lusiana,4,88,N
2020,DE,SR1 Europawelle,Saarbrücken,6,87,N
2020,DE,Bayern 1,Munich,4,87,N
2020,US,105.9 KISS-FM,"Lawrence, KS",2,86,N
2020,CA,CBC Radio One Victoria,"Melbourne, VIC",23,85,N
2020,FR,ici Paris-Île-de-France,Paris,4,85,N
2020,AU,Joy 94.9,Melbourne,9,85,N
2020,DE,Bremen Zwei,Bremen,3,85,N
2020,RU,NRJ Energy,Moscow,4,85,N
2020,AU,7HO 101.7 FM,Hobart,2,85,N
2020,FR,Radio Emotion,Nice,2,85,N
2020,US,WZYP,"Huntsville, AL",4,84,N
2020,ES,Europa FM,Madrid,6,84,N
2020,FR,Grand Sud FM,Narbonne,2,84,N
2020,US,WKSE-FM (KISS Niagara Falls 98.5FM),"Niagara Falls, NY",2,83,N
2020,MX,XHDK-FM [Planeta 94.7 ],"Guadalajara, JA",6,83,N
2020,CA,CBC Radio One Vancouver,"Hope, BC",21,83,N
2020,GB,BBC Radio Sheffield,Sheffield,18,83,N
2020,MX,XHGU-FM [Switch 105.9 FM],"Juarez, CH",3,82,N
2020,FI,Radio Nova,Helsinki,1,82,N
2020,CA,CING-FM [Fresh 95.3 FM],"Hamilton, ON",3,81,N
2020,IT,Radio Kiss Kiss Napoli,Campania,4,81,N
2020,NL,NPO 3FM KX,Hilversum,13,81,N
2020,FR,Canal FM,Aulnoye-Aymeries,3,81,N
2020,MX,XHTB-FM [93.3 FM],"Cuernavaca, MO",2,80,N
2020,MX,XHOB-FM [Factor 93.1 FM],"San Luis Potosi, SL",5,80,N
2020,US,KUWS,"Superior, WI",25,80,N
2020,BE,Radio Premiere,Eupen,12,80,N
2020,US,KUMD,"Duluth, MN",17,80,N
2020,FR,Happy Radio,Bergerac,4,80,N
2020,BR,Energia 97 FM,"São Paulo, SP",5,79,N
2020,DE,Radio FFH,Frankfurt,2,79,N
2020,US,WZEE,"Madison, WI",5,78,N
2020,US,Pulse 87 NY,"New York, NY",4,78,N
2020,DE,HITRADIO RTL - Top40,Dresden,1,78,N
2020,US,KHKS,"Dallas, TX",4,77,N
2020,US,No Shoes Radio,"Washington, D.C.",1,77,N
2020,LU,"radio 100,7",Luxembourg,11,77,N
2020,US,Q97.1,"Visalia, CA",5,76,N
2020,IT,Radio Marte 2,Campania,4,76,N
2020,US,WUVT,"Blacksburg, VA",17,76,N
2020,DE,Antenne [Thüringen],Erfurt,3,76,N
2020,PT,Smooth FM,Lisbon,1,76,N
2020,CH,RaSa,Schaffhausen,30,75,N
2020,US,KJYO,"Oklahoma City, OK",5,74,N
2020,US,WDHT-FM,"Springfield, IL",3,74,N
2020,US,WNCI,"Columbus, OH",8,74,N
2020,LU,RTL Deutschlands Hit-Radio,Luxembourg,1,74,N
2020,US,WTIC-FM,"Hartford, CT",2,73,N
2020,GB,BBC Radio 3,London,15,72,N
2020,GB,BBC Radio Cymru,Aberystwyth,23,72,N
2020,US,KHFI,"Austin, TX",6,71,N
2020,CH,LFM,Lausanne,5,71,N
2020,LV,Radio NABA 6,Riga,16,71,N
2020,ES,Radio Surco,Villarrobledo,4,70,N
2020,FR,Jordanne FM,Aurillac,3,70,N
2020,US,WFMF,"Baton Rouge, LA",5,69,N
2020,US,Frisky Radio,"New York, NY",24,69,N
2020,GB,BBC Radio 4 Xtra,London,7,69,N
2020,FR,Lyon 1ère,Lyon,2,69,N
2020,US,103.3 AMP Radio,"Boston, MA",4,68,N
2020,ES,Beach Grooves Radio,Málaga,11,68,N
2020,GB,BBC Three Counties Radio,Sandy Heath,16,68,N
2020,ES,Flaix FM,Barcelona,4,68,N
2020,SM,Radio San Marino Classic,San Marino,4,68,N
2020,AT,Antenne Steiermark,Bruck an der Mur,5,68,N
2020,GB,BBC Radio Devon,Plymouth,10,67,N
2020,IT,RMC Italia,Milan,11,67,N
2020,PL,Radio Eska,Warsaw,3,67,N
2020,US,WXXL,"Orlando, FL",6,66,N
2020,ID,Gajahmada FM 102.6,Semarang,11,65,N
2020,US,KKOB,"Albuquerque, NM",2,65,N
2020,ID,Pilar Radio,Cirebon,5,65,N
2020,SE,P4,Stockholm,5,65,N
2020,DE,104.6 RTL,Berlin,1,65,N
2020,US,WWWQ,"Atlanta, GA",4,63,N
2020,PT,Rádio Atlântida,Ponta Delgada,2,63,N
2020,CA,CJXY-FM [92.5 The Beat],"Montreal, QC",6,63,N
2020,DE,NRJ [Sachsen],Dresden,10,63,N
2020,FR,Radio Mélodie,Sarreguemines,2,63,N
2020,FR,Mona FM,Lille,1,63,N
2020,CA,CHHI,"Miramichi, NB",1,62,N
2020,MX,XHMA-FM,"Guadalajara, JA",6,62,N
2020,GB,BBC Radio Merseyside,Liverpool,8,62,N
2020,HR,HR2 - Drugi program,Zagreb,10,62,N
2020,AU,2XL (918 AM),Cooma,1,62,N
2020,US,KCDZ Z107.7 FM,"St. Louis, MO",4,61,N
2020,GB,Magic Chilled,London,4,61,N
2020,US,98.9 Magic FM,"Colorado Spring, CO",4,61,N
2020,DE,Radio Allgäu Hit,Munich,4,61,N
2020,DE,Radio Charivari Rosenheim,Wasserburg am Inn,5,61,N
2020,ID,105 KISS FM,Medan,8,60,N
2020,ES,Ibiza Global Radio,Ibiza,15,59,N
2020,ID,RRI Pro 2 105.1 FM,Jakarta,2,59,N
2020,CA,CFOU,"Trois-riviere, QC",9,59,N
2020,IT,Radionorba,Apulia,3,58,N
2020,BR,Radio Inconfidentes,"Belo Horizonte, MG",6,58,N
2020,IT,Radio Orte,Lazio,7,58,N
2020,US,WDCG,"Raleigh, NC",5,57,N
2020,NO,NRK P2,Bergen,9,57,N
2020,CH,Radio Lac,Nyon,2,57,N
2020,GB,BBC Radio Newcastle,Newcastle upon Tyne,6,57,N
2020,CH,RTR - Radio Rumantsch,Chur,5,57,N
2020,DE,Radio 2 Day,Munich,1,57,N
2020,DE,RTL Radio,National,1,57,N
2020,US,WIOQ,"Philadelphia, PA",6,55,N
2020,AR,Disney,Buenos Aires,2,55,N
2020,ID,Radio Pinguin 102.8 FM,Denpasar,2,55,N
2020,CO,Blu Radio,Bogotá,4,54,N
2020,GB,BBC Radio Berkshire,Reading,9,54,N
2020,ID,RRI Pro 1,Jakarta,6,54,N
2020,US,KWEE-FM,"Portland, OR",7,53,N
2020,BR,Educadora,"Salvador, BA",6,53,N
2020,DE,Antenne 1 Baden-Württemberg,Stuttgart,3,53,N
2020,IT,Rai 1,Rome,5,53,N
2020,NZ,Rhema,Auckland,3,53,N
2020,DE,SR 2 KulturRadio,Bliestal,6,53,N
2020,NL,NPO Radio 2,Hilversum,11,52,N
2020,US,WSKQ-FM (La Mega New York 97.9 FM),"New York, NY",4,52,N
2020,IE,Highland Radio,Letterkenny,6,52,N
2020,AR,Rock & Pop,Buenos Aires,7,52,N
2020,GB,BBC Radio Solent,Rowridge,11,51,N
2020,DE,Radio Saw,Halle (Saale),3,51,N
2020,FR,TSF Jazz,Paris,5,51,N
2020,AU,3GG (531 AM),Warragul,1,51,N
2020,TR,dinamo.fm,İstanbul,17,50,N
2020,US,WHQC,"Charlotte, NC",5,50,N
2020,DE,Deutschlandfunk,Traben-Trarbach,16,50,N
2020,MX,XHQRT-FM [91 DAT 90.9 FM],"Queretaro, QT",1,50,N
2020,US,KUPD,"Phoenix, AZ",1,50,N
2020,DE,Radio Hamburg,Hamburg,4,49,N
2020,CH,SRF 1 Bern Freiburg,Bern,5,49,N
2020,IE,98 FM,Dublin,3,49,N
2020,NL,Sky Radio,Hilversum,2,49,N
2020,US,WXTB,"Tampa, FL",1,49,N
2020,AU,4RGT (Star 106.3),Townsville,2,48,N
2020,IS,RÚV Rás 2,Reykjavík,8,47,N
2020,IT,Radio Subasio,Umbria,1,47,N
2020,PE,Radio Disney Peru,Lima,2,46,N
2020,DE,Das Neue Rsa Radio,Frankfurt,1,46,N
2020,CA,CIHT-FM,"Ottawa, ON",3,45,N
2020,GB,Resonance Extra,London,17,45,N
2020,US,WNYU-FM,"New York, NY",11,45,N
2020,NL,KINK,Amsterdam,6,45,N
2020,US,WVYB-FM,"Daytona Beach, FL",4,44,N
2020,US,WXPN-FM,"Coplay, PA",9,43,N
2020,GB,BBC Radio Wales,Aberystwyth,12,43,N
2020,FR,L'Eko Des Garrigues,Montpellier,12,43,N
2020,US,Sirius XMU,"Washington, D.C.",7,43,N
2020,AU,5ADD [Mix 102.3],Adelaide,1,43,N
2020,ID,Ardan Radio 105.9 FM,Bandung,6,42,N
2020,FI,YLE Radio 1,Raahe,10,42,N
2020,SE,P1,Stockholm,10,42,N
2020,CH,SRF2,Nendeln,11,42,N
2020,FR,Virgin Radio,Lyon,1,42,N
2020,ID,87.6 Hard Rock FM,Jakarta,2,42,N
2020,CH,Rete Due,Ticino,13,41,N
2020,US,Diplo's Revolution,"Washington, D.C.",8,41,N
2020,ID,Most FM 99,Medan,2,41,N
2020,CH,SRF 1 Basel Baselland,Basel,3,41,N
2020,BR,Costa Verde FM,"Itaguai, RJ",2,40,N
2020,US,WKQI,"Detroit, MI",6,40,N
2020,MX,XHMLS-FM [Éxitos 91.3 FM],"Matamoros, TM",8,40,N
2020,GB,BBC Radio Ulster,Enniskillen,11,40,N
2020,DE,WDR 3,Bonn,6,40,N
2020,PT,RDP Açores - Antena 1,Ponta Delgada,7,40,N
2020,RO,Actualitati,Bucharest,6,40,N
2020,DE,SWR 2,Stuttgart,10,38,N
2020,CH,Radio Kaiseregg,Düdingen,4,38,N
2020,US,94.1 The Zone,"Rochester, NY",1,38,N
2020,ES,RAC 105,Barcelona,2,37,N
2020,MX,ULTRA 92.5 FM PUEBLA,"Puebla, PU",4,37,N
2020,DK,Skala,Odense,8,37,N
2020,DE,Bremen Eins,Bremen,6,37,N
2020,GB,BBC Essex,Great Braxted,5,37,N
2020,CH,Radio Swiss Pop,Basel,1,37,N
2020,FR,DKL Dreyeckland,Mulhouse,1,37,N
2020,GB,North Manchester FM,Manchester,9,37,N
2020,DE,Classic Rock Radio,Saarbrücken,1,37,N
2020,US,KSOC,"Dallas, TX",5,36,N
2020,GB,Lyca Radio 1458,London,7,36,N
2020,BG,BNR Horizont,Sofia,10,36,N
2020,TR,FG 93.7,İstanbul,12,36,N
2020,NL,Radio Veronica,Amsterdam,3,36,N
2020,AU,C91.3 FM,Campbelltown,2,36,N
2020,IT,RDS [Radio Dimensione Suono],Lazio,5,36,N
2020,CA,CFPL-FM [London's Best Rock FM 96],"London, ON",1,36,N
2020,US,i106,"Nashville, TS",3,35,N
2020,MX,XHVHT-FM [99.1 FM],"Villahermosa, TB",4,35,N
2020,BR,Rádio Cidade FM 98.1,"Gonzaga, MG",5,35,N
2020,US,WIXX-FM,"Green Bay, WI",2,34,N
2020,DE,Radio Z,Nürnberg,7,34,N
2020,FR,RCA La Radio,Nantes,3,34,N
2020,US,WBZZ-FM,"Pittsburgh, PA",1,34,N
2020,IL,KZ Radio Israel,Jerusalem,16,33,N
2020,PT,Rádio Radar,Lisbon,2,33,N
2020,DE,Ego FM,Munich,7,33,N
2020,AU,Mix 94.5,Perth,1,33,N
2020,DE,Radio Isw,Passau,4,33,N
2020,NZ,Newstalk ZB,Ashburton,1,33,N
2020,MX,XHIN-FM [95.3 FM],"Culiacan, SI",5,32,N
2020,SE,P5,Stockholm,7,32,N
2020,GB,BBC Radio Scotland,Glasgow,7,31,N
2020,AR,Pop Radio,Junin,6,30,N
2020,US,KZHT,"Salt Lake City, UT",5,30,N
2020,US,Radio Danz,"Miami, FL",6,30,N
2020,IS,Kiss FM 104.5,Reykjavík,2,30,N
2020,DE,Radio Alpenwelle,Walchensee,2,30,N
2020,DK,NOVA,Copenhagen,6,29,N
2020,US,Mix 93.9,"Kansas City, MO",3,28,N
2020,RU,Capital FM Moscow,Moscow,3,28,N
2020,FR,Europe 1,Gien,13,28,N
2020,DE,NDR 1 Radio MV,Greifswald,2,28,N
2020,RU,Authority Radio Krasnoyarsk,Krasnoyarsk,2,28,N
2020,CA,CBC Radio 2 Halifax,"Saint John, NB",9,28,N
2020,DE,Radio Regenbogen,Mannheim,6,28,N
2020,DE,Antenne [Bayern],Munich,4,28,N
2020,AU,Mix 106.3,Canberra,1,28,N
2020,GB,Love 80s Radio Manchester,Manchester,2,28,N
2020,US,Venus,"New York, NY",1,27,N
2020,CN,Music Radio Guangdong [广东电台音乐之声],Guangzhou,3,27,N
2020,DE,Radio Salü,Saarbrücken,2,27,N
2020,UY,Azul FM 101.9,Punta del Este,5,27,N
2020,BR,Blink 102 FM (Campo Grande),"Campo Grande, MS",6,26,N
2020,FR,Echo FM,Hirson,2,26,N
2020,US,C89.5,"Seattle, WA",10,26,N
2020,LT,LRT Radijas,Alytus,4,26,N
2020,BE,Chérie FM,Brussels,1,26,N
2020,US,Hits 1,"Washington, D.C.",1,25,N
2020,US,WRVW,"Nashville, TS",4,25,N
2020,GB,BBC Sussex,Chichester,8,25,N
2020,GB,Radio X (XFM),London,4,25,N
2020,GB,XS Manchester,Manchester,2,25,N
2020,GB,Classic FM,London,2,25,N
2020,ES,Cadena 100,Madrid,3,25,N
2020,GB,96.2 The Revolution,Manchester,3,24,N
2020,CA,CJAD,"Montreal, QC",6,24,N
2020,NO,NRK P1,Steinsby,3,24,N
2020,CZ,Evropa 2,Prague,11,24,N
2020,NZ,95bFM,Auckland,12,24,N
2020,AU,River 94.9,Brisbane,1,24,N
2020,DE,R.SA Sachsen,Leisnig,2,24,N
2020,US,Power 96.5 FM,"Springfield, IL",5,23,N
2020,BE,Max FM,Brussels,5,23,N
2020,GB,BBC Surrey,Duxhurst,5,23,N
2020,NL,Qmusic,Amsterdam,2,23,N
2020,US,Rock 102,"Tucson, AR",1,23,N
2020,GB,BBC Radio Kent,Wrotham,8,22,N
2020,PT,Rádio Lagoa,Lagoa,8,22,N
2020,AU,KIIS 1065,Sydney,4,22,N
2020,CA,CHOI-FM,"Quebec City, QC",4,22,N
2020,US,Ozzy's Boneyard,"Washington, D.C.",1,22,N
2020,US,WKRQ-FM (Q102 WKRQ Cincinnati),"Cincinnati, OH",5,21,N
2020,GB,Radio X Manchester,Manchester,4,21,N
2020,ES,Radio Nervión,Bilbao,4,21,N
2020,NL,Sublime Radio,Hilversum,3,21,N
2020,NL,NPO Radio 2 Soul & Jazz,Hilversum,3,21,N
2020,NZ,Radio Live,Oamaru,3,21,N
2020,DE,HR3,Frankfurt,1,21,N
2020,FR,Est FM,Strasbourg,1,21,N
2020,US,WWXM,"Myrtle Beach, SC",4,20,N
2020,DE,NDR Radio Kultur,Hamburg,7,20,N
2020,CH,RTS2,Chasseral,4,20,N
2020,PE,Radio La Zona,Lima,3,20,N
2020,BR,Atlantida FM - Porto Alegre,"Porto Alegre, RS",3,20,N
2020,TR,Joy FM,Istanbul,1,20,N
2020,US,WVKL-FM (95.7 FM R&B Norfolk Urban Music),Norfolk,1,20,N
2020,ES,Via Radio,Vigo,1,19,N
2020,TR,Kral World,İstanbul,3,19,N
2020,RU,ХИТ FM 107.4 (Hit FM),Moscow,2,19,N
2020,BR,Bahia FM,"Alagoinhas, BA",5,19,N
2020,DE,Radio Teddy,Schwerin,2,19,N
2020,BR,Cidade FM (Fortaleza),"Fortaleza, CE",3,18,N
2020,GB,BBC Radio Lancashire,Winter Hill,4,18,N
2020,ES,iCat FM,Barcelona,3,18,N
2020,US,1 Pure EDM,"Chicago, IL",3,17,N
2020,US,WXXX,"Burlington, VT",3,17,N
2020,GB,Panjab Radio,London,5,17,N
2020,US,Hot 103.5,"Sacramento, CA",7,17,N
2020,CN,Beijing Music Radio [ 北京音乐广播],Beijing,4,17,N
2020,DE,Radio 7,Stuttgart,1,17,N
2020,CL,Radio Sonar,Santiago,1,17,N
2020,DE,L'Unico,Paderborn,2,17,N
2020,DE,Fantasy Dance,Frankfurt,3,16,N
2020,DE,CT Das Radio,Bochum,5,16,N
2020,MX,XHLS-FM [Romance 99.5 FM],"Guadalajara, JA",2,16,N
2020,AU,2GB,Sydney,1,16,N
2020,AU,KIIS 101,Melbourne,1,16,N
2020,US,G100 - The Throwback Station,"Rincon, GA",2,15,N
2020,US,WASU-FM The App,"Boone, NC",9,15,N
2020,US,KRML,"Carmel Valley, CA",5,15,N
2020,US,WCWS,"Wooster, OH",5,15,N
2020,DE,Kulturradio rbb,Berlin,6,15,N
2020,DE,B 5 Aktuell,Würzburg,4,15,N
2020,FR,Radio Liberté,Strasbourg,2,15,N
2020,GB,Union JACK,London,2,15,N
2020,RU,DFM Радио 101.2 FM (DFM Radio),Moscow,1,15,N
2020,EC,Radio City,Guayaquil,2,14,N
2020,BR,FM O DIA,"Rio de Janeiro, RJ",5,14,N
2020,HU,Petofi,Budapest,4,14,N
2020,US,Shade 45,"Washington, D.C.",2,14,N
2020,RS,Radio Beograd 1,Belgrade,6,14,N
2020,US,WEQX-FM,"Manchester, NH",4,14,N
2020,CH,Rete Uno,Zürich,5,14,N
2020,MX,XHMG-FM [Digital 102.9 FM],"Monterrey, NL",3,14,N
2020,PT,Rádio Horizonte,Ponta Delgada,2,14,N
2020,IT,Radio Suby,Umbria,1,14,N
2020,DE,Gong 96.3,Munich,3,13,N
2020,US,XHITZ Z90.3 FM,"San Diego, CA",2,13,N
2020,BR,Nova Brasil FM (Sao Paulo),"Poços de Caldas, MG",5,13,N
2020,NL,NPO 3FM Alternative,Hilversum,3,13,N
2020,MX,XHMRL-FM [TOP 91.5 FM],"Morelia, MI",2,13,N
2020,ID,Oz Radio 103.1 FM,Bandung,8,13,N
2020,AU,Radio Metro,Gold Coast,6,13,N
2020,TW,ICRT,Taiwan,7,13,N
2020,AU,3M FM,Inverloch,4,13,N
2020,FR,Nice Radio,Ashburton,1,13,N
2020,KR,Mapo FM,Seoul,3,13,N
2020,DE,Charivari 98.6,Nürnberg,1,13,N
2020,DE,MDR SACHSEN Dresden,Dresden,1,13,N
2020,FR,Radiocean,Quimperlé,2,13,N
2020,BR,Melodia,"Varginha, MG",3,13,N
2020,GB,Radio City 2,Liverpool,1,13,N
2020,GB,Gold London,London,1,13,N
2020,US,KWSS,"Phoenix, AZ",8,12,N
2020,DE,Radio Ton,Würzburg,2,12,N
2020,MX,XHESL [Exa 102.1 FM],"San Luis Potosi, SL",3,12,N
2020,NL,NPO Radio 1,Hilversum,6,12,N
2020,DE,HR 2,Frankfurt,6,12,N
2020,FR,Radio SCOOP Gold,Gap,2,12,N
2020,HK,RTHK Radio 2,Hong Kong,2,12,N
2020,IN,Radio City 91.1,Bengaluru,2,12,N
2020,BR,89.1 FM,"São Paulo, SP",4,12,N
2020,FR,Radio Star (Est),Belfort,1,12,N
2020,NO,Topp 40,Oslo,1,12,N
2020,ES,Radio Marca Barcelona,Barcelona,1,12,N
2020,CA,CKLH-FM [K-Lite 102.9],"Hamilton, ON",1,11,N
2020,ID,Volare,Pontianak,2,11,N
2020,LT,Radio M-1,Vilnius,2,11,N
2020,PT,RTP Antena 1,Lisbon,3,11,N
2020,DE,HR 1,Frankfurt,3,11,N
2020,AU,Gold 104.3,Melbourne,1,11,N
2020,MX,XHCHA-FM [Hits 104.5 FM],"Chihuahua, CH",1,11,N
2020,GB,Greatest Hits Radio North East Scotland,Aberdeen,1,11,N
2020,PE,Radio Moda,Lima,5,11,N
2020,IT,Veronica My Radio,Marche,6,11,N
2020,NL,Indie XL,Amsterdam,3,11,N
2020,DE,Apollo Radio,Chemnitz,4,10,N
2020,GB,Dilse Radio 1035am,London,2,10,N
2020,PL,Jedynka - Polskie Radio Program 1,Warsaw,3,10,N
2020,FR,Arverne,Clermont-Ferrand,3,10,N
2020,US,WEEI-FM (WEEI 93.7FM),"Boston, MA",7,10,N
2020,GB,TalkRadio,London,4,10,N
2020,GB,Clyde 2,Glasgow,1,10,N
2020,GB,West Sound,Ayrshire,1,10,N
2020,GB,Forth 2,Edinburgh,1,10,N
2020,AU,2ST,Bowral,1,10,N
2020,GB,Tay 2,Dundee,1,10,N
2020,MX,XHOJ-FM [Maxima 106.7],"Guadalajara, JA",3,10,N
2020,GB,Capital Dance,London,1,10,N
2020,CA,CKOI,"Montreal, QC",2,9,N
2020,ID,Sushi,Padang,4,9,N
2020,GB,BBC Radio 5,London,7,9,N
2020,US,WMMJ-FM,"Bethesda, MD",5,9,N
2020,BE,Radio Klara,Brussels,4,9,N
2020,US,WLW-AM (Newsradio 700 WLW),"Cincinnati, OH",1,9,N
2020,ID,94.8 DJFM,Surabaya,2,9,N
2020,GB,Smooth Radio East Midlands,Nottingham,1,9,N
2020,GB,Smooth Radio North West,Manchester,1,9,N
2020,GB,Smooth FM,London,1,9,N
2020,MY,Hot FM,Johor Bahru,2,9,N
2020,US,102.7 Da Bomb,"Houston, TX",2,8,N
2020,PH,91.5 Win Radio Manilla,Manila,4,8,N
2020,DK,DR P4 Kobenhavn,Copenhagen,2,8,N
2020,AU,4CA,Cairns,1,8,N
2020,US,Lithium,"Washington, D.C.",1,8,N
2020,DE,NDR 1 Niedersachsen,Hannover,1,8,N
2020,US,WEBN-F2 (WEBN 102.7FM Cincinnati),"Cincinnati, OH",1,8,N
2020,GB,Smooth Radio North East,Durham,1,8,N
2020,MX,XHZS-FM [100.3 FM],"Mazatlan, SI",1,7,N
2020,TH,Mellow 97.5,Bangkok,3,7,N
2020,FR,RTL2,Paris,3,7,N
2020,US,KMCK-FM (Power Arkansas 105.7FM),"Fayetteville, AR",5,7,N
2020,AR,40 Principales,Comodoro Rivadavia,3,7,N
2020,ID,Visi FM,Medan,4,7,N
2020,ID,KISI 93.4 FM,Bogor,2,7,N
2020,US,Alt Nation,"Washington, D.C.",1,7,N
2020,US,ENERGY98,"Portland, OR",3,7,N
2020,PE,Radio Doble Nueve,Lima,3,7,N
2020,NZ,8K,Christchurch,2,7,N
2020,AU,2UUS,Wollongong,1,7,N
2020,DE,Ndr 90.3,Hamburg,1,7,N
2020,AU,4SSS,Nambour,1,7,N
2020,US,Mix 106.5 FM,"Baltimore, MD",1,7,N
2020,SG,Kiss92,Singapore,1,6,N
2020,CA,CJMJ-FM [Majic 100.3],"Ottawa, ON",1,6,N
2020,US,WRMF-FM,"Palm Beach, FL",2,6,N
2020,US,WSHE-FM,"Chicago, IL",2,6,N
2020,DE,Die Neue 107.7,Stuttgart,3,6,N
2020,ID,Paramuda 93.7 FM,Bandung,3,6,N
2020,CA,CHOX-FM,"Baie-Saint-Paul, QC",4,6,N
2020,FR,RTL,Paris,2,6,N
2020,PT,Antena 2,Lisbon,4,6,N
2020,BR,CBN FM,"Campinas, SP",2,6,N
2020,US,WQMP-FM (Alternative Music Orlando 101.9 FM),"Daytona Beach, FL",1,6,N
2020,AU,7LA (LAFM 89.3),Launceston,1,6,N
2020,FR,Contact FM Marne,Reims,1,6,N
2020,AU,2GO,Gosford,1,6,N
2020,AU,5AUU (Magic 105.9 FM),Port Pirie,2,6,N
2020,JP,Free FM Osaka,Ōsaka-shi,3,6,N
2020,KR,Arirang Radio,Jeju,6,6,N
2020,US,WCBS Newsradio 880,"New York, NY",3,6,N
2020,MX,XHLTN-FM [Radio Latina 104.5 FM],"Tijuana, BC",1,6,N
2020,DE,Klassik Radio,Hamburg,3,5,N
2020,NZ,More FM,Auckland,1,5,N
2020,ID,Solo Radio 92.9 FM,Surakarta,4,5,N
2020,ID,Indonesia 40 [IRadio FM],Bandung,1,5,N
2020,AU,7AD (900 AM),Devonport,3,5,N
2020,AL,Radio Tirana 2,Tirana,4,5,N
2020,NO,P5 Hits,Oslo,2,5,N
2020,US,BPM,"Washington, D.C.",1,5,N
2020,US,WKQX,"Chicago, IL",2,5,N
2020,MX,RMX Radio,"Guadalajara, JA",4,5,N
2020,AR,Mega,Santa Fe,3,5,N
2020,NL,Pinguin Radio,The Hague,2,5,N
2020,BR,Transcontinental FM,"São Paulo, SP",2,5,N
2020,DE,MDR THÜRINGEN Erfurt,Erfurt,1,5,N
2020,AU,Triple M Gold Coast,Gold Coast,1,5,N
2020,DE,NDR 1 Welle Nord,Flensburg,1,5,N
2020,AU,2KKO,Newcastle,1,5,N
2020,AR,La 100,Buenos Aires,2,5,N
2020,NO,P4 Radio Hele Norge,Oslo,2,5,N
2020,CH,SRF MusikWelle,Basel,4,5,N
2020,GB,LBC Radio,London,1,5,N
2020,US,Outlaw Country,"Washington, D.C.",1,5,N
2020,BR,Piatã FM (Salvador),"Salvador, BA",1,5,N
2020,MX,XHDI-FM [88.5 FM],"Chihuahua, CH",1,5,N
2020,US,WWBX-FM (Mix 104.1 FM),"Boston, MA",2,4,N
2020,MX,XHOCL-FM [Diego 99.3 FM],"Tijuana, BC",2,4,N
2020,CA,CFYX FM93,"Mont-Joli, QC",3,4,N
2020,DE,Radio Paradiso,Berlin,1,4,N
2020,GB,Central FM,London,3,4,N
2020,SE,Rix FM,Stockholm,2,4,N
2020,DE,Club 85 80's Maxi-Mix,Berlin,3,4,N
2020,RU,Europa Plus,Moscow,3,4,N
2020,CL,Radio Cooperativa,Santiago,2,4,N
2020,US,92-9 The Game,"Atlanta, GA",3,4,N
2020,RU,Dorojnoe Radio,Moscow,3,4,N
2020,MX,XHRT-FM [Xtrema 95.3 FM],"Reynosa, TM",1,4,N
2020,AU,Triple M Central West 1051.1,Newcastle,1,4,N
2020,AU,4GR,Carnegie,2,4,N
2020,AU,Triple M Mackay & The Whitsundays 98.7,Mackay,2,4,N
2020,MX,XERC-FM [Radio Centro 97.7 FM],"Mexico City, DF",2,4,N
2020,US,WJFK-FM,"Baltimore, MD",2,4,N
2020,US,CD102.5 (WWCD),"Baltimore, MD",1,4,N
2020,US,WJRR,"Orlando, FL",1,4,N
2020,US,KIOZ,"San Diego, CA",1,4,N
2020,US,WXRV-FM,"Needham, MA",1,4,N
2020,CY,RIK 2 CYBC,Paralimni,2,3,N
2020,US,WSTW-FM,"Wilmington, NC",1,3,N
2020,US,V103.3,"Newport, NJ",2,3,N
2020,CA,102.3 NOW! Radio,"Edmonton, AB",3,3,N
2020,AU,Portuguese Radio,Sydney,3,3,N
2020,US,KSWD-FM (The Sound Seattle 94.1 FM),"Seattle, WA",3,3,N
2020,IE,Q102,Dublin,3,3,N
2020,PL,Radio Maryja,Bydgoszcz,3,3,N
2020,US,The Spectrum,"Washington, D.C.",1,3,N
2020,FR,RDL Radio,Lille,2,3,N
2020,ID,Prambors FM,Jakarta,1,3,N
2020,US,KYSR,"Los Angeles, CA",1,3,N
2020,AR,Aspen 102.3 FM,Buenos Aires,1,3,N
2020,AU,Triple M 99.5 FM,Cairns,1,3,N
2020,AU,3SR (Triple M Goulburn Valley 95.3),Shepparton,1,3,N
2020,AU,Triple M Central Queensland 101.5 & 95.1,Rockhampton,1,3,N
2020,AU,hit93.1 Riverina,Bundaberg,1,3,N
2020,AU,3BO (Triple M Bendigo 93.5),Bendigo,1,3,N
2020,AU,7XXX (Triple M Hobart 107.3),Hobart,1,3,N
2020,AU,4TO [Triple M Townsville],Townsville,1,3,N
2020,DE,106.4 Top FM,Munich,1,3,N
2020,AU,2BDR (Triple M The Border 105.7),Albury,1,3,N
2020,DE,Radio Charivari Regensburg,Ingolstadt,2,3,N
2020,AU,3AW,Melbourne,2,3,N
2020,BR,Saudades FM,"Matao, SP",2,3,N
2020,AU,SEN,Melbourne,2,3,N
2020,US,670 The Score,"Chicago, IL",2,3,N
2020,NZ,Coast,Auckland,1,3,N
2020,ID,101.4 Trax FM,Jakarta,2,3,N
2020,CO,RadioAktiva,Bogotá,1,3,N
2020,US,KMYZ-FM (Z104.5FM Tulsa),"Tulsa, OK",1,3,N
2020,DK,DR P5,Copenhagen,1,3,N
2020,US,KEGL,"Dallas, TX",1,3,N
2020,GB,The Wireless,London,1,3,N
2020,HK,RTHK Radio 1,Hong Kong,2,3,N
2020,US,KKDO,"Sacramento, CA",1,3,N
2020,DE,Radio Horeb,Immenstadt im Allgau,1,3,N
2020,NL,BNR Nieuwsradio,Amsterdam,2,2,N
2020,MX,XHOBS-FM [92.1 FM],"Ciudad Obregon, SO",2,2,N
2020,SG,Class 95,Singapore,1,2,N
2020,PH,DWLS (Barangay LS 97.1),Manila,1,2,N
2020,US,101.9fm The MIX,"Chicago, IL",1,2,N
2020,ID,Radio Rama 104.7 FM,Bandung,1,2,N
2020,IN,92.7 Big FM,Mumbai,2,2,N
2020,IN,Radio Mirchi 98.3 FM,Ahmadabad,2,2,N
2020,DK,DR P2,Copenhagen,2,2,N
2020,CA,CFAK,"Skerbrooke, QC",1,2,N
2020,CA,News Talk 770,"Calgary, AB",2,2,N
2020,AU,2UE - Macquarie Sports Radio Brisbane,Brisbane,2,2,N
2020,NO,NRK P1+,Trondheim,1,2,N
2020,DE,WDR 4,Düsseldorf,1,2,N
2020,FR,Forum,Orléans,1,2,N
2020,AU,Triple M [Sydney],Sydney,1,2,N
2020,SE,Mix Megapol,Göteborg,1,2,N
2020,JP,はつかいち / 広島県 hatsukaichi FM,Tokyo,2,2,N
2020,PT,PEF – Posto Emissor do Funchal (Canal 1),Funchal,2,2,N
2020,FR,Radio Bonheur,Saint-Brieuc,2,2,N
2020,US,WOR-AM (710 WOR The Voice of New York),"New York, NY",1,2,N
2020,BE,Maximum FM,Liège,1,2,N
2020,TR,Joy Türk FM,Istanbul,2,2,N
2020,US,KFRR-FM,"Wooster, OH",1,2,N
2020,ES,Rock FM,Madrid,1,2,N
2020,CA,CKFM,"Toronto, ON",1,2,N
2020,CA,WKND,"Quebec City, QC",1,2,N
2020,GB,Unity FM,Birmingham,1,2,N
2020,FR,Sud Radio,Toulouse,1,2,N
2020,DE,Radio B2 R,Zehlendorf,1,1,N
2020,AU,Triple M [Adelaide],Adelaide,1,1,N
2020,CA,CKMB-FM [Kool FM 107.5],"Barrie, ON",1,1,N
2020,US,WOMX-FM (Mix 105.1FM Orlando Pop Music),"Orlando, FL",1,1,N
2020,US,Majic 95.1,"Fort Wayne, IN",1,1,N
2020,BR,Rádio Record (Rio de Janeiro),"Rio de Janeiro, RJ",1,1,N
2020,ID,Shelter 95.3 FM,Cirebon,1,1,N
2020,BA,BH radio 1,Sarajevo,1,1,N
2020,US,KROQ,"Los Angeles, CA",1,1,N
2020,US,WRFF,"Philadelphia, PA",1,1,N
2020,MX,XEOYE [Oye 89.7 FM],"Mexico City, DF",1,1,N
2020,BR,Lider FM (Triângulo Mineiro),"Pedra Azul, ES",1,1,N
2020,MX,XHCTO-FM [Hits 93.1 FM],"Torreon, CO",1,1,N
2020,FR,Radio Antenne Portugaise,Tours,1,1,N
2020,DE,Radio F,Nürnberg,1,1,N
2020,IT,Rai Radio 3,Rome,1,1,N
2020,FR,MBS,Paris,1,1,N
2020,CL,Viña FM,Viña del Mar,1,1,N
2020,CA,CKNW,"Vancouver, BC",1,1,N
2020,US,KXNA-FM (The X Arkansas 104.9 FM),"Fayetteville, AR",1,1,N
2020,ID,91.6 Indika FM,Jakarta,1,1,N
2020,MX,XHSH-FM [Amor 95.3 FM],"Mexico City, DF",1,1,N
2020,FI,Radio SuomiPOP,Fiskars,1,1,N
2020,DE,SWR 4,Stuttgart,1,1,N
2020,PH,YES FM Manilla,Manila,1,1,N
2020,MX,XHSOL-FM [Súper 89.9 FM],"Mexicali, BC",1,1,N
2020,PH,Love Radio Manilla,Manila,1,1,N
2020,DE,HR4 [Hessen],Frankfurt,1,1,N
2020,ES,Canal Fiesta Radio,Seville,1,1,N
2020,US,WROX-FM (96X Norfolk),"Exmore, VA",1,1,N
2020,US,KBZT-FM (ALT San Diego 94.9 FM),"San Diego, CA",1,1,N
2020,US,WWDC,"Washington, D.C.",1,1,N
2020,US,Alt 92.1,"Scranton, PA",1,1,N
2020,NZ,The Rock,Auckland,1,1,N
2020,SE,Rockklassiker,Göteborg,1,1,N
2020,FR,Radio Alfa,Paris,1,1,N
2020,CA,CJKX-FM,"Ajax, ON",1,1,N
2020,US,92.3 The Moose,"Green River, NC",1,1,N
2020,US,Z100 FM,"Harrisburg, IL",1,1,N
2020,AU,4KQ,Brisbane,1,1,N
2020,US,Alt AZ 93.3,"Phoenix, AZ",1,1,N
2020,NL,NPO Radio 5,Hilversum,1,1,N
2020,CA,CHED,"Edmonton, AB",1,1,N
2020,NZ,Radio Hauraki,Invercargill,1,1,N
2020,CA,CFQX-FM,"Winnipeg, MB",1,1,N
2020,AU,6PR,Perth,1,1,N
2020,US,WFAN-FM,"De Land, FL",1,1,N
2020,NO,Radio Norge,Skavland,1,1,N
2020,BR,Lideranca FM,"Morada Nova, CE",1,1,N
2020,US,WINS-AM,"New York, NY",1,1,N
2020,US,KOOL-FM (Kool FM Phoenix 94.5),"Phoenix, AZ",1,1,N
2020,ID,Bens Radio,Jakarta,1,1,N
2021,NG,Naija FM 102.7,Lagos,304,109071,Y
2021,NG,Cool FM,Lagos,295,102177,Y
2021,NG,Soundcity FM Lagos,Lagos,270,93678,Y
2021,NG,Wazobia FM,Lagos,311,62652,Y
2021,NG,The Beat 99.9 FM,Lagos,274,59547,Y
2021,NG,Raypower 100.5 FM,Abuja,354,37448,Y
2021,NG,Inspiration 92.3 FM,Lagos,315,29272,Y
2021,GB,The Beat (103.6FM),London,172,25566,N
2021,KE,Hot 96,Nairobi,149,18797,N
2021,FR,Africa Radio,Paris,141,18742,N
2021,GB,Capital Xtra,London,141,17931,N
2021,GB,BBC Radio 1 Xtra,London,170,17850,N
2021,GH,YFM,Accra,211,15719,N
2021,GB,Reprezent Radio,London,161,15316,N
2021,GB,KISS XTRA,London,94,14970,N
2021,NG,Splash 105.5 FM,Ibadan,294,14776,Y
2021,GB,Westside Radio,London,163,14470,N
2021,GB,Ujima 98 FM,Bristol,249,14346,N
2021,GH,Hitz FM,Accra,170,11846,N
2021,NL,NPO FunX NL,Hilversum,98,11181,N
2021,KE,NRG Radio,Nairobi,129,10967,N
2021,BE,Tarmac,Brussels,65,10869,N
2021,GB,Pie Radio UK,Manchester,115,10670,N
2021,US,WKYS-FM,"Washington, D.C.",52,9953,N
2021,US,Hot 97,"New York, NY",47,9755,N
2021,GH,3 FM,Accra,169,9612,N
2021,GH,Starr FM,Accra,185,9534,N
2021,DE,WDR Funkhaus Europa,Cologne,148,9510,N
2021,GB,Unity Xtra,Manchester,54,9206,N
2021,FR,Tropiques FM,Paris,65,9130,N
2021,GH,Citi FM,Accra,174,8173,N
2021,GH,Class FM,Accra,157,7961,N
2021,GB,Rinse FM,London,124,6943,N
2021,GH,Joy FM,Accra,154,6674,N
2021,US,WHTA-FM,"Mableton, GA",34,6608,N
2021,US,WQOK-FM,"Raleigh-Durham, NC",25,6571,N
2021,ZA,Y FM,Johannesburg,89,6566,N
2021,US,KMEL,"San Francisco, CA",19,6271,N
2021,US,WWPR,"New York, NY",43,6198,N
2021,KE,Classic 105 FM,Nairobi,46,6186,N
2021,KE,Radio Jambo,Nairobi,87,5959,N
2021,US,Power 107.5,"Colombus, OH",26,5908,N
2021,US,92Q Jams Baltimore,"Baltimore, MD",25,5715,N
2021,GB,Kemet,Nottingham,132,5711,N
2021,GB,Pulse 88,London,80,5656,N
2021,US,WJMN,"Boston, MA",41,5177,N
2021,US,Z-107.9,"Cincinnati, OH",26,4955,N
2021,US,WPOW,"Miami, FL",22,4824,N
2021,US,WGPR,"Detroit, MI",18,4790,N
2021,US,Hot 104.7,"Kennebunkport, ME",21,4745,N
2021,US,Q97.1,"Visalia, CA",10,4736,N
2021,US,WHZT-FM,"Spartanburg, SC",15,4717,N
2021,US,WZMX,"Hartford, CT",45,4670,N
2021,US,KBFB,"Dallas, TX",13,4650,N
2021,CH,SRF Virus,Basel,24,4583,N
2021,US,WDKX-FM,"Rochester, NY",34,4567,N
2021,US,KWEE-FM,"Portland, OR",10,4554,N
2021,GB,Croydon FM,London,83,4546,N
2021,US,KTFM-F2 (Energy San Antonio 94.1FM),"San Antonio, TX",7,4531,N
2021,GB,Kiss FM,London,111,4517,N
2021,US,KUUU-FM (U92 Salt Lake City 92.5 FM),"South Jordan, UT",15,4429,N
2021,US,KZZP,"Phoenix, AZ",23,4249,N
2021,US,WRSV,"Rocky Mount, NC",45,4213,N
2021,GB,Foundation FM,London,93,4160,N
2021,KE,Capital FM,Nairobi,128,4157,N
2021,US,KBXX,"Houston, TX",20,4143,N
2021,US,The Heat,"Washington, D.C.",9,4126,N
2021,US,K104,"Dallas, TX",11,4123,N
2021,US,102 JAMZ,"Reidsville, NC",16,4083,N
2021,NZ,Mai FM,Whangarei,24,3971,N
2021,MA,Hit Radio Maroc,Rabat,18,3931,N
2021,FR,Mouv',Paris,109,3913,N
2021,US,WOWI,"Norfolk, VA",22,3843,N
2021,AU,The Edge 96.ONE,Sydney,87,3719,N
2021,FR,Générations (Lyon),Lyon,44,3711,N
2021,US,KISV-FM,"Bakersfield, CA",8,3709,N
2021,US,KCAQ-FM,"Ventura, CA",13,3643,N
2021,US,WQUE,"New Orleans, LA",13,3624,N
2021,US,KPWK,"Seattle, WA",20,3554,N
2021,US,WFLY-FM,"Troy, MI",7,3464,N
2021,US,WBTJ,"Richmond, VA",25,3448,N
2021,GB,BCfm,Bristol,145,3441,N
2021,US,POWER106,"Los Angeles, CA",19,3427,N
2021,US,Hot Z 95,"Corpus Christi, TX",13,3411,N
2021,JM,Zip FM,Kingston,73,3402,N
2021,FR,Générations (IDF),Paris,56,3347,N
2021,PT,Vodafone FM,Lisbon,16,3332,N
2021,US,WHHL,"St. Louis, MO",16,3282,N
2021,GB,BBC Radio 1,London,88,3243,N
2021,US,KOPW-FM (Omaha's Power 106.9 FM),"Plattsmouth, NE",21,3156,N
2021,US,KPAT-FM (The Beat San Maria 95.7 FM),"Orcutt, CA",14,3131,N
2021,BE,Bruzz,Brussels,106,3123,N
2021,US,KBLZ-FM (The Blaze Winona 102.7 FM),"Longview, TX",13,3069,N
2021,FR,Urban Hit,Paris,52,3047,N
2021,ZA,VOW Voice of Wits 88.1 FM,Johannesburg,82,3044,N
2021,US,KSFM-FM (KSFM Sacramento 102.5 FM),"Sacramento, CA",9,3022,N
2021,US,KDGS-FM,"Wichita, KS",14,2938,N
2021,US,WWWQ,"Atlanta, GA",8,2805,N
2021,US,95.7 Jamz,"Midfield, AL",21,2789,N
2021,GB,Platform B,Brighton,97,2719,N
2021,PT,Mega Hits,Lisbon,12,2688,N
2021,US,KRRL-FM Real 92.3,"Los Angeles, CA",14,2683,N
2021,FR,Nova,Paris,67,2678,N
2021,GH,Peace FM,Accra,124,2655,N
2021,GB,BBC Asian Network,Birmingham,88,2652,N
2021,US,WPWX-FM,"Chicago, IL",70,2646,N
2021,ZA,5FM,Bloemfontein,73,2641,N
2021,ZA,UCT Radio 104.5 FM,Cape Town,25,2636,N
2021,LB,Virgin Radio 89.5,Bayrut,15,2635,N
2021,AU,FBI,Sydney,144,2567,N
2021,PT,Kiss FM Algarve,Albufeira,17,2556,N
2021,GB,Colourful Radio,London,144,2427,N
2021,US,Wild 101,"Boise, ID",12,2415,N
2021,US,KIIS,"Los Angeles, CA",14,2389,N
2021,US,KFCO-FM,"Bennett, CO",14,2331,N
2021,RO,Radio Zu,Constanța,7,2329,N
2021,DK,DR P3,Copenhagen,65,2261,N
2021,US,WBLS FM,"New York, NY",72,2259,N
2021,FR,Radio Flash,Montpellier,5,2235,N
2021,TR,Power FM,Istanbul,23,2227,N
2021,US,i106,"Nashville, TS",7,2213,N
2021,GB,New Style Radio,Birmingham,100,2195,N
2021,IE,RTÉ 2FM,Dublin,68,2183,N
2021,US,WTDY-FM,"Philadelphia, PA",10,2159,N
2021,US,KYLD [WILD 94.9],"San Francisco, CA",24,2158,N
2021,US,KEXP,"Seattle, WA",144,2128,N
2021,US,103.7 KISS FM,"Milwaukee, WI",9,2070,N
2021,RO,ProFM Black,Bucharest,16,2006,N
2021,US,KEZE-FM (Hot 96.9FM Spokane),"Spokane, WA",9,1940,N
2021,ZA,947,Rivonia,32,1745,N
2021,US,KKOB,"Albuquerque, NM",7,1744,N
2021,GH,Adom FM,Accra,91,1741,N
2021,SE,P3,Stockholm,57,1718,N
2021,US,WNRW,"Louisville, KY",14,1694,N
2021,TR,Radyo Fenomen,Istanbul,6,1685,N
2021,US,KHTS,"San Diego, CA",15,1649,N
2021,DE,Bremen Next,Bremen,22,1612,N
2021,AU,Double J,Canberra,24,1586,N
2021,IE,Spin 1038,Dublin,62,1583,N
2021,US,Y101.7,"Jackson, MS",9,1574,N
2021,GR,MAD Radio 106.2 FM,Athens,5,1567,N
2021,RO,Kiss FM,Bucharest,17,1562,N
2021,FR,Skyrock,Paris,32,1552,N
2021,DE,1Live Diggi,Düsseldorf,15,1531,N
2021,US,WARQ-FM,"Columbus, OH",7,1530,N
2021,US,XHTO,"El Paso, TX",17,1529,N
2021,US,Radio Milwaukee: WYMS,Milwaukee,32,1513,N
2021,MX,XHFAJ-FM [Alfa 91.3],"Mexico City, DF",6,1505,N
2021,US,KTBT,"Tulsa, OK",15,1500,N
2021,PT,Cidade Hip-Hop,Lisbon,4,1467,N
2021,AT,KroneHit Electric,Vienna,4,1460,N
2021,AU,Triple J,Sydney,72,1458,N
2021,PT,Cidade,Lisbon,9,1432,N
2021,US,KKXX-FM,"Bakersfield, CA",12,1419,N
2021,LU,Eldoradio Live,Luxembourg,14,1403,N
2021,US,WAYV-FM,"Atlanta, GA",10,1368,N
2021,PT,Rádio Marginal,Cascais,10,1365,N
2021,US,KALV-FM (Live Phoenix 101.5 FM),"Phoenix, AZ",24,1354,N
2021,US,WIOQ,"Philadelphia, PA",18,1353,N
2021,GB,Radio Cardiff,Cardiff,46,1330,N
2021,US,KTFM,"San Antonio, TX",8,1304,N
2021,US,WKSE-FM (KISS Niagara Falls 98.5FM),"Niagara Falls, NY",8,1302,N
2021,US,105.9 KISS-FM,"Lawrence, KS",4,1300,N
2021,US,WKRQ-FM (Q102 WKRQ Cincinnati),"Cincinnati, OH",2,1296,N
2021,US,WPXY-FM (98 PXY Rochester 97.9 FM),"Rochester, NY",11,1287,N
2021,US,WWPW,"Atlanta, GA",12,1262,N
2021,MK,Antenna 5,Skopje,16,1261,N
2021,US,WAMJ-FM,"Atlanta, GA",16,1258,N
2021,PT,Mix FM,Lisbon,51,1253,N
2021,GB,NTS,London,140,1248,N
2021,FR,Nova [Bordeaux],Bordeaux,59,1246,N
2021,CH,RTS Couleur 3,Mont Salève,87,1241,N
2021,US,WLZX-FM,"Springfield, MA",2,1228,N
2021,GB,SWU FM,Bristol,95,1225,N
2021,US,WDJQ-FM (Q92 Radio),"Alliance, OH",17,1225,N
2021,FR,Radio Grenouille,Marseille,72,1203,N
2021,GR,Kiss FM 92.2,Athina,6,1203,N
2021,GB,BBC Radio 6,London,33,1191,N
2021,BE,Studio Brussel,Brussels,103,1177,N
2021,NZ,ZM,Auckland,11,1169,N
2021,CH,Energy Zürich,Zürich,6,1169,N
2021,GB,Reform Radio,Manchester,74,1167,N
2021,US,WQLQ-FM,"South Bend, IN",6,1159,N
2021,US,KISO,"Omaha, NE",14,1151,N
2021,US,WZFT,"Baltimore, MD",13,1142,N
2021,PL,Radio Kampus FM,Warsaw,51,1126,N
2021,DE,Jam FM,Berlin,28,1125,N
2021,US,WKSC,"Chicago, IL",17,1113,N
2021,BE,NRJ Belgique,Brussels,33,1107,N
2021,US,WBZZ-FM,"Pittsburgh, PA",10,1106,N
2021,US,99.7 NOW,"San Francisco, CA",18,1105,N
2021,FR,Latina,Paris,9,1104,N
2021,US,The Joint,"Washington, D.C.",8,1103,N
2021,FR,Prun',Nantes,35,1099,N
2021,US,1075 KZL,"Winston-Salem, NC",10,1099,N
2021,TR,Joy FM,Istanbul,8,1079,N
2021,US,KLLY-FM,"Bakersfield, CA",6,1056,N
2021,IT,Radio Playstudio,Emilia–Romagna,34,1053,N
2021,US,WDJX,"Louisville, KY",7,1052,N
2021,HR,Enter Zagreb,Zagreb,11,1049,N
2021,US,WNDV-FM,"South Bend, IN",10,1047,N
2021,US,Hits 1,"Washington, D.C.",4,1044,N
2021,US,WKDU,"Philadelphia, PA",70,1043,N
2021,DE,Byte FM,Hamburg,40,1042,N
2021,GB,Worldwide FM,London,109,1022,N
2021,US,WFLZ,"Tampa, FL",14,996,N
2021,US,KBFF,"Portland, OR",9,991,N
2021,US,LITT Hip-Hop,Los Angeles,5,990,N
2021,BE,Fun Radio BL,Brussels,64,979,N
2021,US,WEZB,"New Orleans, LA",7,979,N
2021,SC,Paradise FM,Saint Louis,67,966,N
2021,CA,CHUM,"Toronto, ON",7,964,N
2021,AT,FM4,Vienna,58,956,N
2021,US,WVKL-FM (95.7 FM R&B Norfolk Urban Music),Norfolk,4,952,N
2021,FR,Radio Campus Besançon,Besançon,21,944,N
2021,DE,Dasding,Stuttgart,51,940,N
2021,EE,ERR Raadio 2,Rakvere,70,934,N
2021,FR,NRJ,Paris,6,933,N
2021,US,WVYB-FM,"Daytona Beach, FL",4,917,N
2021,FR,Radio En Construction,Strasbourg,15,914,N
2021,FR,RFI,Paris,64,914,N
2021,IT,Radio Ibiza,Naples,17,909,N
2021,LT,Radiocentras,Alytus,8,904,N
2021,PT,Rádio Oxigénio,Lisbon,23,895,N
2021,IT,Discoradio,Lombardy,3,893,N
2021,DE,L'Unico,Paderborn,4,891,N
2021,CH,Radio X,Basel,65,889,N
2021,DE,Kiss FM,Berlin,25,888,N
2021,UY,Concierto Punta 95.1 FM,Punta del Este,11,888,N
2021,CA,CIBL,"Montreal, QC",67,884,N
2021,IL,KZ Radio Israel,Jerusalem,113,883,N
2021,US,Kiss FM,"De Pere, WI",5,882,N
2021,ES,Canal Fiesta Radio,Seville,6,873,N
2021,US,KXXM,"San Antonio, TX",14,866,N
2021,DE,Bonn FM,Bonn,7,859,N
2021,FR,Radio ECN,Mulhouse,12,855,N
2021,BE,NRJ België,Brussels,31,854,N
2021,US,WKQI,"Detroit, MI",12,847,N
2021,US,WDHT-FM,"Springfield, IL",9,844,N
2021,IE,FM104,Dublin,31,839,N
2021,DE,Radio Charivari München,Munich,10,837,N
2021,NO,NRK mP3,Oslo,14,834,N
2021,US,WPIA-FM (KISS FM Peoria 98.5),"Eureka, CA",9,830,N
2021,AU,Triple R,Melbourne,88,822,N
2021,BR,Rádio Mix FM,"São Paulo, SP",6,821,N
2021,CH,Toxic FM,Sankt Gallen,12,819,N
2021,US,WFBC-FM (B93.7 FM Greenville Pop Music),"Greenville, SC",12,817,N
2021,AU,PBS,Melbourne,103,806,N
2021,ES,iCat FM,Barcelona,26,805,N
2021,NL,NPO 3FM Alternative,Hilversum,7,799,N
2021,FI,YLEX,Helsinki,68,795,N
2021,US,Planet 102.3,"Corpus Christi, TX",8,785,N
2021,CH,SRF3,Zürich,36,776,N
2021,US,WAKS,"Cleveland, OH",14,776,N
2021,US,98.9 Magic FM,"Colorado Spring, CO",4,767,N
2021,US,WWXM,"Myrtle Beach, SC",14,764,N
2021,US,WMMJ-FM,"Bethesda, MD",11,762,N
2021,US,KPHW-FM (Power Hawaï 104.3 FM),"Houston, TX",10,756,N
2021,GB,Soho Radio,London,78,751,N
2021,FR,Radio Campus Clermont Ferrand,Clermont-Ferrand,18,744,N
2021,ES,MegaStar FM,Madrid,4,743,N
2021,MX,Los 40,"Mexico City, DF",17,741,N
2021,TR,Virgin Radio,Istanbul,4,735,N
2021,AU,RTR,Perth,80,733,N
2021,AU,Power FM 94.9,Nowra,9,732,N
2021,US,WHYI,"Miami, FL",13,729,N
2021,ZA,GoodHope FM,Cape Town,34,724,N
2021,RS,Radio AS FM,Novi Sad,45,721,N
2021,CH,Rabe,Bern,53,718,N
2021,US,Pitbull Globalization,"Washington, D.C.",4,716,N
2021,NL,Radio Decibel,Hilversum,3,711,N
2021,FR,Radio Star (Sud),Marseille,14,710,N
2021,DE,Die Neue Welle,Karlsruhe,2,704,N
2021,US,KCRW,"Los Angeles, CA",45,702,N
2021,US,WJFX-FM (Online Fort Wayne Hot 107.9 FM),"Fort Wayne, IN",6,699,N
2021,US,WKRZ-FM (98.5 KRZ FM Wilkes Barre),"Wilkes-Barre, PA",12,697,N
2021,DE,Big FM,Saarbrücken,47,696,N
2021,US,R&B 102.9,"Berkeley, CA",6,694,N
2021,IT,Radio m2o,Lazio,20,690,N
2021,US,WIYY,"Baltimore, MD",1,689,N
2021,US,WFLC,"Miami, FL",10,688,N
2021,ZA,Heart FM,Cape Town,37,688,N
2021,ID,Prambors FM,Jakarta,7,686,N
2021,TH,MCOT-Met 107 FM,Bangkok,16,685,N
2021,PT,Rádio Canal FM,Angra do Heroísmo,10,682,N
2021,ID,Z 99.9 FM,Jakarta,2,680,N
2021,US,WHQC,"Charlotte, NC",14,675,N
2021,ES,Gozadera FM,Sevilla,42,670,N
2021,US,Hitz 104.9,"Visalia, CA",5,663,N
2021,US,WYKS,"Gainesville, GA",3,662,N
2021,RO,Radio Deep Romania,Bucharest,10,659,N
2021,US,KQCH-FM - Channel 94.1,"Omaha, NE",5,655,N
2021,FR,Toulouse FM,Toulouse,9,651,N
2021,DK,myROCK,Copenhagen,1,647,N
2021,GB,Fubar Radio,London,13,644,N
2021,US,KSOC,"Dallas, TX",8,643,N
2021,US,K92,"Roanoke, VA",7,641,N
2021,SK,RTV Rádio_FM,Bratislava,36,639,N
2021,PT,RTP Antena 3,Lisbon,20,631,N
2021,PT,RFM,Lisbon,10,631,N
2021,US,WBMX-FM (JAMS Chicago 104.3 FM),"Chicago, IL",3,624,N
2021,US,WXXL,"Orlando, FL",13,624,N
2021,LT,Radio M-1,Vilnius,4,616,N
2021,US,KISW,"Seattle, WA",2,615,N
2021,FI,YLE X3M,Helsinki,34,614,N
2021,DE,Antenne Niederrhein,Düsseldorf,8,613,N
2021,LB,Mix FM 104.4,Beirut,6,610,N
2021,US,WQLZ,"Springfield, IL",1,604,N
2021,FR,Ado,Paris,9,599,N
2021,IT,Radio Globo,Rome,5,598,N
2021,DE,Planet Radio,Frankfurt,52,597,N
2021,FR,Tsugi,Paris,23,591,N
2021,US,WKSL,"Jacksonville, FL",15,584,N
2021,IT,Radio Piterpan,Veneto,16,583,N
2021,IT,Ciccio Riccio,Specchia,49,582,N
2021,DE,Jump,Halle (Saale),7,578,N
2021,US,WWKL,"Harrisburg, PA",6,575,N
2021,US,Star 102.1,"Knoxville, TN",8,574,N
2021,US,Octane,"Washington, D.C.",1,569,N
2021,ES,Loca Latino,Madrid,14,566,N
2021,RU,Capital FM Moscow,Moscow,10,565,N
2021,US,WZNF,"Biloxi, MS",6,558,N
2021,FR,Montagne FM,Saint-Jean-de-Maurienne,6,557,N
2021,GB,Kerrang!,London,2,555,N
2021,DE,Radio Klinikfunk,Wiesbaden,7,549,N
2021,AU,2SER,Sydney,26,548,N
2021,FR,RTS FM,Montpellier,8,543,N
2021,US,WMMR,"Philadelphia, PA",1,542,N
2021,BE,Tipik [ex Pure FM],Liège,35,541,N
2021,DE,Deutschlandfunk Nova,Köln,11,539,N
2021,DE,NDR Blue,Hamburg,55,537,N
2021,US,WXKS,"Boston, MA",14,535,N
2021,ZA,Metro FM,Johannesburg,59,533,N
2021,BE,MNM,Veltem-Beisem,34,527,N
2021,CH,One FM,Zürich,5,524,N
2021,LT,Zip FM,Vilnius,8,521,N
2021,DE,Radio Seefunk RSF,Lake Constance,1,520,N
2021,FR,Inside,Pau,5,520,N
2021,DE,HAMBURG ZWEI,Bergedorf,2,514,N
2021,GR,Kosmos Radio 93.6 & 107.0,Athens,29,513,N
2021,FR,RCV99,Lille,25,512,N
2021,GB,Smooth Radio North West,Manchester,1,511,N
2021,MX,XHJD-FM [D99 ],"Monterrey, NL",8,507,N
2021,DE,Radio Z,Nürnberg,35,506,N
2021,US,KPSU,"Portland, OR",11,505,N
2021,US,KUDL,"Sacramento, CA",8,504,N
2021,BE,Urgent FM,Ghent,67,501,N
2021,MX,XHEXA [EXA 104.9],"Mexico City, DF",7,501,N
2021,BE,Contact,Mons,27,495,N
2021,DE,LandesWelle,Erfurt,1,494,N
2021,LV,Latvijas radio 5,Riga,26,493,N
2021,DE,MDR Sputnik,Halle (Saale),27,490,N
2021,DE,You FM,Frankfurt,15,488,N
2021,US,WHTZ,"New York, NY",12,485,N
2021,US,Hot 93.3,"Dallas, TX",5,483,N
2021,US,WZYP,"Huntsville, AL",9,482,N
2021,NZ,The Edge,Auckland,11,482,N
2021,LU,L'essentiel Radio,Differdange,7,482,N
2021,DK,DR P6 Beat,Copenhagen,19,482,N
2021,US,WCGQ-FM,"Columbus, OH",13,480,N
2021,IL,Kol Rega 91.5 FM,Haifa,12,477,N
2021,MX,XHUIA-FM [Ibero 90.9],"Mexico City, DF",38,476,N
2021,US,XHITZ,"San Diego, CA",13,474,N
2021,DK,The Voice,Copenhagen,9,473,N
2021,CA,CKKS-FM,"Chilliwack, BC",11,473,N
2021,SG,987FM,Singapore,6,471,N
2021,FR,FIP,Paris,21,469,N
2021,CH,Virgin Hits,Bern,14,468,N
2021,MX,Aire Libre,"Mexico City, DF",24,468,N
2021,IE,98 FM,Dublin,7,468,N
2021,LT,Power Hit Radio,Vilnius,14,467,N
2021,US,KJYO,"Oklahoma City, OK",14,466,N
2021,US,WNCI,"Columbus, OH",16,464,N
2021,US,KDWB,"Minneapolis, MN",14,464,N
2021,MX,XHMOR-FM [La 99.1 FM],"Yautepec, ML",6,464,N
2021,AU,96.5 Wave FM,Wollongong,8,463,N
2021,US,Wired 96.5,"Philadelphia, PA",6,461,N
2021,IE,Beat 102 103,Dungarvan,13,458,N
2021,FR,Prysm Radio 1,Paris,7,457,N
2021,RU,Like FM,Moscow,1,457,N
2021,DE,917 X FM,Hamburg,24,455,N
2021,US,CIDR,"Detroit, MI",10,455,N
2021,US,The Loft,"Washington, D.C.",6,455,N
2021,AU,Power FM Coast,Batemans Bay,7,450,N
2021,AU,3NNN (Edge FM 102.1),Albury,9,449,N
2021,US,WNYU-FM,"New York, NY",129,448,N
2021,PH,Monster RX 93.1,Manila,6,448,N
2021,GB,Radio Borders,Ashkirk,10,447,N
2021,DE,Radio Nordseewelle,Aurich,8,446,N
2021,US,Hip Hop Nation,"Washington, D.C.",6,445,N
2021,FR,Fun Radio,Paris,26,443,N
2021,DE,UnserDing,Saarbrücken,21,441,N
2021,ZA,Jacaranda FM,Johannesburg,9,441,N
2021,CA,CING-FM [Fresh 95.3 FM],"Hamilton, ON",7,440,N
2021,CH,Radio Vostok,Genève,14,437,N
2021,US,KRUF-FM (K945 Shreveport 94.5 FM),"Shreveport, LA",6,435,N
2021,BE,Radio 1,Brussels,20,434,N
2021,ES,Mix FM,Riano De Ibio,13,434,N
2021,US,Colorado Public Radio's Open Air,"Laporte, IN",6,433,N
2021,FR,Flor FM,Mulhouse,9,431,N
2021,ID,101.4 Trax FM,Jakarta,5,427,N
2021,FI,Radio City,Helsinki,1,425,N
2021,AU,2VLY (Power FM 98.1),Muswellbrook,7,421,N
2021,FR,Radio Contact,Lille,6,421,N
2021,US,Venus,"New York, NY",2,416,N
2021,RU,ХИТ FM 107.4 (Hit FM),Moscow,13,416,N
2021,IT,Deejay,Milan,13,416,N
2021,CZ,Radio 1,Prague,45,415,N
2021,DE,1Live,Düsseldorf,15,413,N
2021,GB,Hits Radio Staffordshire and Cheshire,Stoke-on-Trent,7,413,N
2021,US,WYRG,"Indianapolis, IN",1,411,N
2021,GB,Smooth Radio East Midlands,Nottingham,2,410,N
2021,FR,Blackbox,Bordeaux,4,409,N
2021,ES,Los 40,Rioja,10,407,N
2021,PL,Polskie Radio Czwórka,Warsaw,33,407,N
2021,US,WRVW,"Nashville, TS",15,406,N
2021,FR,Radio RMB,Montluçon,19,406,N
2021,BE,MNM Hits,Brussels,5,405,N
2021,US,WFMF,"Baton Rouge, LA",14,405,N
2021,US,Power 96.5 FM,"Springfield, IL",8,404,N
2021,NO,NRK P3,Steigen,25,404,N
2021,GB,Capital FM [Liverpool],Liverpool,9,402,N
2021,CA,CBC Radio 2 Halifax,"Saint John, NB",32,400,N
2021,AU,7EXX (Chilli FM 90.1),Launceston,8,398,N
2021,DE,CT Das Radio,Bochum,6,398,N
2021,DE,rbb 88.8 FM,Berlin,1,398,N
2021,US,WRIF,"Detroit, MI",1,397,N
2021,MX,XHUAD-FM [Lobos FM 94.1 FM],"Durango, DG",13,396,N
2021,IE,iRadio,Dublin,17,394,N
2021,NO,Radio Rock,Oslo,1,392,N
2021,AU,4RGT (Star 106.3),Townsville,8,389,N
2021,GB,Hot Radio,Poole,22,389,N
2021,DE,FluxFM,Berlin,19,389,N
2021,AU,5AUU (Magic 105.9 FM),Port Pirie,8,388,N
2021,FR,Metropolys,Lille,5,385,N
2021,DE,Radio Top 40,Erfurt-Jena,9,384,N
2021,BR,Jovem Pan FM Florianópolis,"Belo Horizonte, MG",8,384,N
2021,US,WDCG,"Raleigh, NC",13,384,N
2021,GB,Tay FM,Dundee,9,384,N
2021,FR,Radio Scoop,Roanne,6,383,N
2021,CO,Radionica,Bogotá,24,380,N
2021,NZ,95bFM,Auckland,43,379,N
2021,CA,CJSR,"Edmonton, AB",29,378,N
2021,US,KRUI,"Iowa City, IA",9,377,N
2021,NL,100% NL Feest,Hilversum,1,377,N
2021,FR,Radio 666,Hérouville-Saint-Clair,17,375,N
2021,US,KRBQ,"San Francisco, CA",6,375,N
2021,GB,Northsound 1,Aberdeen,10,374,N
2021,GB,Mi-Soul,London,57,372,N
2021,FR,Maritima Radio,Marseille,4,372,N
2021,FR,Radio ONE,Agde,5,370,N
2021,CH,LoRa,Zürich,57,368,N
2021,DE,Antenne Kaiserslautern,Mannheim,8,366,N
2021,US,Mix 93.9,"Kansas City, MO",8,365,N
2021,FR,Graf'HIT,Amiens,7,362,N
2021,ES,Ràdio Flaixbac,Barcelona,8,361,N
2021,GB,Heart Yorkshire,Wakefield,9,360,N
2021,BR,Metropolitana 98.5 FM,"São Paulo, SP",12,359,N
2021,US,WLDI,"West Palm Beach, FL",14,359,N
2021,FR,Radio ISA,Grenoble,4,358,N
2021,MX,XHESL [Exa 102.1 FM],"San Luis Potosi, SL",10,357,N
2021,MY,Hot FM,Johor Bahru,1,357,N
2021,BR,Jovem Pan,"São Paulo, SP",7,356,N
2021,NO,NRK P13,Oslo,8,356,N
2021,AU,Hot 91.1 FM,Maroochydore,7,352,N
2021,DE,Bayern 3,Munich,8,351,N
2021,CA,CISM,"Montreal, QC",31,351,N
2021,US,KPTT,"Denver, CO",12,350,N
2021,GB,BBC London,London,31,349,N
2021,GB,Kisstory,London,8,347,N
2021,DE,Ostseewelle HIT-RADIO Mecklenburg-Vorpommern,Berlin,6,347,N
2021,LU,"radio 100,7",Luxembourg,15,345,N
2021,CZ,ČRo Radio Wave,Prague,14,345,N
2021,DE,RBB Radioeins,Berlin,24,342,N
2021,AU,Hot 100,Darwin,9,341,N
2021,US,WZEE,"Madison, WI",13,340,N
2021,CH,Rete Tre,Ticino,26,340,N
2021,GB,Moray Firth Radio,Inverness,9,340,N
2021,AU,2CFM,Gosford,8,339,N
2021,AU,K-Rock 95.5 FM,Geelong,7,337,N
2021,DE,Fritz,Potsdam,21,333,N
2021,GB,Key 103,Manchester,11,332,N
2021,FR,Mixx FM,Cognac,6,332,N
2021,IE,Classic Hits 4FM,Dublin,3,328,N
2021,TW,ICRT,Taiwan,41,327,N
2021,US,WKNC,"Raleigh, NC",13,327,N
2021,BR,Kiss FM,"São Paulo, SP",1,327,N
2021,GB,Cool FM,Belfast,6,326,N
2021,FR,Magnum La Radio,Mulhouse,5,325,N
2021,GB,Clyde 1,Glasgow,12,324,N
2021,GB,Tay 2,Dundee,2,323,N
2021,FI,HitMix,Helsinki,2,322,N
2021,DE,N-Joy,Hamburg,9,321,N
2021,AU,3CCS (Mixx FM 92.7),Lorne,8,321,N
2021,US,HOT 96.9 Boston,"Boston, MA",9,320,N
2021,DE,Radio Brocken,Halle (Saale),2,320,N
2021,GB,Clyde 2,Glasgow,3,320,N
2021,ID,Motion 97.5,Jakarta,10,319,N
2021,US,KUPD,"Phoenix, AZ",2,318,N
2021,US,KQKS-FM (KS 107.5FM Denver Rythmic Music),"Denver, CO",7,317,N
2021,FR,Vinci - Autoroute FM,Alpes Provence,7,316,N
2021,FR,Canal B,Rennes,13,315,N
2021,AU,Radio Metro,Gold Coast,18,315,N
2021,FR,Sea FM,Avranches,5,313,N
2021,UA,UR2 – Radio Promin,Kiev,19,312,N
2021,US,KHFI,"Austin, TX",12,311,N
2021,MY,Hitz FM Kota Kinabalu,Kota Kinabalu,8,309,N
2021,IT,Controradio Firenze,Firenze,11,308,N
2021,ES,Europa FM,Madrid,10,307,N
2021,AU,3WWM (Mixx FM 101.3),Horsham,10,306,N
2021,ZA,MFM 92.6,Stellenbosch,15,306,N
2021,AU,87.8 UCFM,Canberra,3,306,N
2021,NL,NPO 3FM,Hilversum,17,305,N
2021,DE,Radio Okerwelle,Braunschweig,17,305,N
2021,NZ,Flava,Tauranga,13,304,N
2021,HU,Petofi,Budapest,12,303,N
2021,US,WKTU,"New York, NY",7,300,N
2021,FR,Radio Campus Paris,Paris,28,299,N
2021,PL,Radio ZET,Szczecin,5,299,N
2021,GB,KMFM,Tonbridge,7,298,N
2021,US,Rock 102,"Tucson, AR",1,296,N
2021,BE,Geel FM,Geel,8,295,N
2021,CA,99.7 2Day FM,"River, BC",2,294,N
2021,US,WTOK-FM (Hot San Juan Puerto Rico 102.5 FM),"San Juan, TX",4,293,N
2021,GB,Heart FM,London,7,293,N
2021,FR,Kiss FM [Toulon/Marseille],Marseille,7,293,N
2021,AU,Power FM 103.1,Ballarat,7,291,N
2021,FR,Kiss FM [St Tropez/Monaco],Nice,8,291,N
2021,BE,Qmusic,Bruges,15,290,N
2021,ES,Radio 3,Pechina,41,290,N
2021,AU,3YFM [Coast FM],Warnambool,10,288,N
2021,AU,Hot Tomato,Gold Coast,6,287,N
2021,DE,Radio HBW - Harz-Borde-Welle,Aschersleben,43,285,N
2021,GB,Forth 1,Balerno,9,285,N
2021,GB,West Sound,Ayrshire,2,285,N
2021,CH,Rouge Fm,Lausanne,20,283,N
2021,AR,Delta 90.3,Buenos Aires,13,283,N
2021,GB,Radio Reverb,Brighton,16,283,N
2021,GB,Smooth Radio North East,Durham,1,283,N
2021,US,KZHT,"Salt Lake City, UT",11,281,N
2021,MT,Magic Malta,Valletta,8,281,N
2021,US,KUNM,"Albuquerque, NM",53,281,N
2021,FR,Radio Monaco,Moneghetti,31,279,N
2021,PE,Studio92,Lima,6,278,N
2021,US,Hot 103.5,"Sacramento, CA",12,277,N
2021,FR,Beur FM,Paris,7,277,N
2021,NZ,8K,Christchurch,18,276,N
2021,FR,Nostalgie,Paris,1,276,N
2021,GB,Greatest Hits Radio North East Scotland,Aberdeen,2,275,N
2021,CA,KWPZ-FM [Praise 106.5],"Vancouver, BC",3,273,N
2021,CO,La FM,Bogotá,2,272,N
2021,CL,Radio Futuro,Santiago,1,272,N
2021,AU,3SHI (Mixx FM 107.7),Hamilton,9,271,N
2021,PE,Radio Doble Nueve,Lima,3,271,N
2021,GB,Talksport 2,London,7,270,N
2021,IT,Radio Rosa,Poggibonzi,12,268,N
2021,ES,RAC 105,Barcelona,4,268,N
2021,ES,La Fresca FM,Alicante,15,267,N
2021,GB,Forth 2,Edinburgh,2,265,N
2021,US,WZPL,"Indianapolis, IN",3,264,N
2021,US,Hot 104 Radio,"Houston, TX",5,264,N
2021,FR,Radio Phénix,Caen,6,264,N
2021,AU,7SEA (Sea FM 101.7),Burnie,8,263,N
2021,JP,J-WAVE,Tokyo,43,262,N
2021,CA,CHYM-FM,"Kitchener, ON",5,262,N
2021,DE,R.SH,Kiel,3,261,N
2021,ES,Sol FM,Alicante,9,259,N
2021,MX,XHNU-FM [Súper 94.5 FM],"Acapulco, GR",8,259,N
2021,MY,Hitz FM Kuching,Kuching,11,258,N
2021,BR,Vida FM (Fortaleza),"São Paulo, SP",3,258,N
2021,DE,Radio Köln,Köln,8,258,N
2021,BR,Metropolitana Pop,São Paulo,1,257,N
2021,ID,Phoenix Radio 91 FM,Bali,11,255,N
2021,PL,Radio Afera,Poznań,15,255,N
2021,PL,RMF FM,Koszalin,2,254,N
2021,FR,Radio Dio,Saint-Etienne,10,253,N
2021,FR,RFM,Paris,3,253,N
2021,IS,95.7 FM,Reykjavík,3,251,N
2021,DE,Radio Bonn/Rhein-Sieg,Bonn/Rhein-Sieg,9,251,N
2021,US,KGLT,"Bozeman, MT",30,250,N
2021,GB,Premier Christian Radio,London,13,249,N
2021,US,KALX,"San Francisco, CA",29,249,N
2021,IT,Canale Italia,Veneto,4,249,N
2021,FR,Radio Alfa,Paris,4,249,N
2021,US,The Coffee House,"Washington, D.C.",1,249,N
2021,CO,Los 40 Principales,Cali,6,247,N
2021,DE,Radio 91.2 Lokalfunk Dortmund,Dortmund,9,247,N
2021,ID,94.8 DJFM,Surabaya,11,246,N
2021,GB,North Manchester FM,Manchester,20,246,N
2021,AU,2GOS,Gosford,3,246,N
2021,CH,Radio Stadtfilter 96.3 FM,Winterthur,18,245,N
2021,GB,Amazing Radio,London,26,244,N
2021,US,WREK,"Atlanta, GA",17,243,N
2021,BR,Energia 97 FM,"São Paulo, SP",6,243,N
2021,FR,Beaub FM,Limoges,15,243,N
2021,AU,4AMM (Hit Tablelands 97.9),Cairns,9,242,N
2021,DE,Antenne [Düsseldorf],Düsseldorf,8,242,N
2021,GB,Slack City,London,30,241,N
2021,DE,Radio Eins Coburg,Bayreuth,11,241,N
2021,US,WPAT-FM,"Paterson, NJ",1,241,N
2021,GB,Delite Radio,London,39,240,N
2021,DE,Radio Gong Fm Regensburg,Ingolstadt,6,239,N
2021,FR,Radio Campus Amiens,Amiens,14,238,N
2021,AU,2SKI (Snow FM 97.7),Cooma,6,238,N
2021,ZA,Radio NFM Nuus,Cape Town,56,237,N
2021,US,WZOK,"Rockford, IL",9,237,N
2021,AU,7DDD (Sea FM 107.7),Devonport,8,237,N
2021,GB,Heat,London,2,237,N
2021,IT,Radio Company,Udine,13,236,N
2021,US,KXCI,"Tucson, AR",34,236,N
2021,FR,France Inter,Paris,29,235,N
2021,FR,Horizon,Rouen,3,235,N
2021,FR,Top FM,Marseille,9,234,N
2021,CA,CJFM-FM [Virgin Radio 96],"Montreal, QC",12,233,N
2021,AU,3BDG,Bendigo,6,233,N
2021,DE,NRJ [Bremen],Bremen,4,232,N
2021,DE,Jam Fm New Music Radio,Berlin,20,232,N
2021,AU,Hit 105,Brisbane,8,232,N
2021,FR,Radio VFM,Vire,7,232,N
2021,FR,Durance FM,Aix-en-Provence,4,231,N
2021,AU,Hit 103.1,Townsville,7,230,N
2021,DE,Radio FFN,Hanover,3,230,N
2021,US,KBPI,"Denver, CO",2,230,N
2021,AU,Hit106.9 Newcastle,Newcastle,8,229,N
2021,FR,Radio Meuh,La Clusaz,16,229,N
2021,LT,LRT Opus,Vilnius,15,228,N
2021,CA,CHQM-FM [QM/FM 103.5],"Vancouver, BC",2,227,N
2021,DE,Radio Bamberg,Bamberg,6,226,N
2021,AU,hit Southwest,Bunbury,6,225,N
2021,AU,7TTT (Hit Hobart 100.9),Hobart,7,225,N
2021,FR,Lyon 1ère,Lyon,3,225,N
2021,AU,hit104.9 The Border,Albury,7,224,N
2021,FR,Mistral FM,Toulon,8,224,N
2021,ID,105 KISS FM,Medan,6,224,N
2021,FR,Radio Menergy,Albi,8,223,N
2021,FR,Sweet FM,Le Mans,7,223,N
2021,CL,Radio Disney Chile 104.9 FM Santiago,Santiago,2,222,N
2021,MY,Hitz FM Kuala Lumpur,Kuala Lumpur,6,222,N
2021,ID,Solo Radio 92.9 FM,Surakarta,12,221,N
2021,US,KHKS,"Dallas, TX",13,221,N
2021,AU,hit107.9 Central Queensland,Rockhampton,7,220,N
2021,RO,Europa FM,Bucharest,7,219,N
2021,AU,Fox FM,Melbourne,7,218,N
2021,AU,Hit 104.7,Canberra,9,218,N
2021,DE,"Radio Gong 106,9 Würzburg",Würzburg,4,218,N
2021,NL,SLAM!,Hilversum,22,217,N
2021,IE,RTÉ Radio 1,Dublin,10,217,N
2021,DE,Radio 21,Hanover,1,217,N
2021,DE,"Radio Osnabrück 98,2",Bremerhaven,1,216,N
2021,DE,Rockland Radio,Rheinland-Pfalz,1,216,N
2021,FR,Tonic Radio,Lyon,7,215,N
2021,AU,hit100.7 Darling Downs,Toowoomba,7,214,N
2021,DE,Radio Euroherz,Bayreuth,7,214,N
2021,MX,XHSON-FM [Beat 100.9],"Mexico City, DF",11,214,N
2021,US,WCPT,"Chicago, IL",5,214,N
2021,GB,Noods Radio,Bristol,49,213,N
2021,DE,Radio Teddy,Schwerin,3,211,N
2021,DE,Radio Hannover 87.6 R,Hannover,5,210,N
2021,DE,Radio Fantasy,Ingolstadt,12,209,N
2021,GB,Capital FM [Edinburgh],Edinburgh,11,209,N
2021,ES,Los 40 Dance [Máxima FM],Barcelona,17,209,N
2021,DE,Radio Mainwelle,Bayreuth,3,209,N
2021,AU,Hit 100.3 Mackay,Mackay,8,207,N
2021,GB,Planet Rock,London,2,207,N
2021,BE,Joe FM,Brussels,1,206,N
2021,DE,Das Neue Rsa Radio,Frankfurt,4,205,N
2021,AU,Hit 103.5 FM Cairns,Cairns,6,204,N
2021,AU,Nova 100,Melbourne,8,203,N
2021,SI,Val 202,Ljubljana,28,203,N
2021,SE,NRJ Sweden,Stockholm,7,201,N
2021,FR,Plein Air,Besançon,7,201,N
2021,MX,XHQRO-FM [Radar 107.5],"Queretaro, QT",8,201,N
2021,US,Polski FM,"Park Forest, IL",1,200,N
2021,DE,Baden FM,Stuttgart,2,200,N
2021,PT,Rádio Renascença,Lisbon,1,200,N
2021,GB,All FM,Manchester,39,199,N
2021,AU,Nova 96.9,Sydney,7,199,N
2021,RU,NRJ Energy,Moscow,5,199,N
2021,US,WICB,"Ithaca, NY",14,198,N
2021,GB,2BR,Manchester,9,198,N
2021,PT,Rádio Comercial,Lisbon,5,198,N
2021,AU,5SEF (Hit Limestone Coast 96.1),Naracoorte,7,197,N
2021,AU,Hit 107,Adelaide,9,197,N
2021,MX,XHERZ-FM [Los 40 93.1],"Leon, GT",8,196,N
2021,FR,Radio U,Brest,11,196,N
2021,AU,4SEA [90.9 Sea FM],Gold Coast,6,195,N
2021,DE,Radio Cottbus 94.5,Cottbus,8,194,N
2021,GB,XS Manchester,Manchester,2,194,N
2021,DE,Bayern 2,Munich,36,193,N
2021,FR,RVM,Charleville-Mézières,5,192,N
2021,AU,Nova 93.7,Perth,4,191,N
2021,DE,NDR 2,Hamburg,12,191,N
2021,FR,Forum,Orléans,1,191,N
2021,GB,BBC World Service,London,33,190,N
2021,AU,Nova 91.9,Adelaide,5,189,N
2021,CO,La X 103.9 FM,Bogotá,17,189,N
2021,GB,Brum Radio,Birmingham,19,189,N
2021,DE,Radio Plassenburg 101.6,Bayreuth,6,189,N
2021,DE,Antenne Bad Kreuznach,Frankfurt,5,188,N
2021,AU,Nova 106.9,Brisbane,7,187,N
2021,BE,Radio 2,Antwerp,6,187,N
2021,SE,P4,Stockholm,9,186,N
2021,DE,Deutschlandfunk Kultur,Berlin,17,186,N
2021,IT,Radio Studio Piu',Pedaso,13,186,N
2021,BE,Nostalgie [Wallonie],Namur,1,185,N
2021,CH,RaSa,Schaffhausen,43,184,N
2021,FR,Jazz Radio,Lyon,6,183,N
2021,LV,Radio NABA 6,Riga,13,183,N
2021,CH,Radio Canal 3,Basel,12,182,N
2021,IT,Rai 2,Lazio,23,181,N
2021,AU,7HO 101.7 FM,Hobart,6,181,N
2021,GB,BBC Radio 2,London,23,181,N
2021,DE,Dish FM,Cologne,4,180,N
2021,GB,Radio X Manchester,Manchester,6,179,N
2021,FR,Fusion FM,Vichy,10,179,N
2021,US,WXRV-FM,"Needham, MA",3,179,N
2021,CA,CHFI-FM,"Labrador City, NL",4,178,N
2021,BE,Top Radio,Poperinge,19,178,N
2021,CH,Radio Kaiseregg,Düdingen,11,178,N
2021,CA,Rouge FM,"Quebec City, QC",3,177,N
2021,DE,Antenne Zweibrücken,Saarbrücken,4,177,N
2021,IT,RMC Italia,Milan,9,177,N
2021,MX,XHGR-FM - Los 40 Xalapa - 104.1 FM,"Xalapa, VE",8,177,N
2021,BE,Nostalgie [Vlaanderen],Brussels,1,176,N
2021,PT,Rádio Radar,Lisbon,9,175,N
2021,FR,La Radio Plus,Paris,7,175,N
2021,ZA,East Coast Radio,Durban,18,175,N
2021,MY,Best FM,Kuala Lumpur,4,175,N
2021,DE,94.3 RS2,Berlin,6,175,N
2021,AR,Metro 95.1,Buenos Aires,6,175,N
2021,CA,CKBC,"Bathurst, NB",1,174,N
2021,FR,Radio Campus Angers,Angers,19,173,N
2021,AU,2Day FM,Sydney,7,170,N
2021,DE,RTL Radio,National,5,170,N
2021,FR,Radio Arc en Ciel,Strasbourg,7,170,N
2021,DE,Cosmo WDR,Köln,1,170,N
2021,CA,"CIMF-FM [Rouge 94,9]","Ottawa, ON",9,169,N
2021,TR,FG 93.7,İstanbul,17,168,N
2021,FR,Jaime Radio,Lorient,6,168,N
2021,BR,Educadora,"Salvador, BA",6,167,N
2021,CO,La Mega,Bogotá,8,167,N
2021,AU,Kiss FM,Melbourne,52,166,N
2021,DE,Radio Bob!,Frankfurt,1,166,N
2021,DE,Donau 3 Fm,Ulm,1,164,N
2021,NL,Radio 538,Hilversum,10,162,N
2021,IL,Galgalatz,Jerusalem,15,162,N
2021,LU,Eldoradio Chill Channel,Luxembourg,2,162,N
2021,FR,Delta FM,Dunkirk,5,162,N
2021,DE,Radio Charivari Rosenheim,Wasserburg am Inn,4,162,N
2021,LU,RTL Deutschlands Hit-Radio,Luxembourg,5,162,N
2021,JP,Free FM Osaka,Ōsaka-shi,11,161,N
2021,CA,"CITE-FM [Rouge FM 107,3]","Montreal, QC",4,160,N
2021,DE,BB Radio,Potsdam,2,160,N
2021,DE,Rock Antenne,Ingolstadt,2,160,N
2021,MX,XHMIA-FM [89.3 FM],"Merida, YU",6,159,N
2021,DE,Hitradio Rt1 Nordschwaben,Ulm,8,157,N
2021,IT,Radio 105,Lombardy,23,156,N
2021,DE,Hitradio Rt1 Südschwaben,Mindelheim,8,155,N
2021,DE,RADIO BOB Rockt Schleswig-Holstein,Kiel,1,155,N
2021,CA,CHYZ 94.3 FM,"Quebec City, QC",28,154,N
2021,US,WXYT-FM (The Ticket Detroit Sports 97.1 FM),"Detroit, MI",4,154,N
2021,FR,Fréquence Mutine,Brest,14,153,N
2021,DE,Antenne Koblenz 98.0,Landau,6,153,N
2021,DE,Radio Oberland,Garmisch-Partenkirchen,4,153,N
2021,DE,Star FM,Berlin,5,153,N
2021,US,KLYV-FM (Y105 Music Dubuque Pop radio),"Dubuque, IA",8,152,N
2021,DE,Hit Radio Ohr,Freiburg im Breisgau,10,152,N
2021,DE,Bayernwelle Südost,Freilassing,2,152,N
2021,DE,City Radio Trier,Trierweiler,5,151,N
2021,DE,Star Fm Nürnberg,Lauf an der Pegnitz,4,150,N
2021,AT,88.6 Wien,Vienna,2,150,N
2021,BR,Nova Brasil FM (Sao Paulo),"Poços de Caldas, MG",9,149,N
2021,AU,Mix 94.5,Perth,7,149,N
2021,CH,RTS Option,Lausanne,7,149,N
2021,GB,Radio Essex,London,10,147,N
2021,US,WRRC,"Trenton, NJ",13,147,N
2021,NL,NPO Radio 2 Soul & Jazz,Hilversum,24,147,N
2021,MX,XHTP-FM [Sensación 95.5],"Xalapa, VE",11,146,N
2021,ES,Hit FM,Madrid,6,145,N
2021,JP,FM Cocolo,Osaka,15,144,N
2021,FR,Activ Radio,Saint-Etienne,5,142,N
2021,GB,Downtown Radio,Belfast,8,142,N
2021,IT,Radio Bruno,Florence,3,142,N
2021,MX,XHOB-FM [Factor 93.1 FM],"San Luis Potosi, SL",5,141,N
2021,NL,Sublime Radio,Hilversum,10,141,N
2021,FR,Vibration,Orléans,5,141,N
2021,DE,NRJ [Hamburg],Hamburg,5,141,N
2021,CO,RadioAktiva,Bogotá,1,141,N
2021,FR,Primitive,Reims,16,140,N
2021,PE,Radio La Zona,Lima,5,140,N
2021,DE,Radio PSR,Dresden,4,139,N
2021,DE,Bremen Vier,Bremen,10,139,N
2021,DE,Vogtland Radio,Chemnitz,3,139,N
2021,CA,CBC Radio One London,"London, ON",33,138,N
2021,FR,Radio Espace,Lyon,11,138,N
2021,IT,Radio Marte 2,Campania,4,138,N
2021,FR,Cannes Radio,Cannes,2,138,N
2021,FR,Oxygène Radio,Segré,10,137,N
2021,CA,CBO-FM,"Pembroke, ON",33,137,N
2021,AU,2WIN,Wollongong,4,137,N
2021,CA,CBLA-FM,"Orillia, ON",33,136,N
2021,GB,Funky Essex,Costessey,22,136,N
2021,HR,Radio 101,Zagreb,5,136,N
2021,BR,Eldorado,"São Paulo, SP",8,136,N
2021,IT,Radio Spazio Blu,Lazio,5,135,N
2021,DE,Ego FM,Munich,19,135,N
2021,MK,Radio 2 MRT,Skopje,6,135,N
2021,FR,Radio 6,Calais,3,135,N
2021,MX,XHGU-FM [Switch 105.9 FM],"Juarez, CH",3,134,N
2021,DE,Antenne Pirmasens,Saarbrücken,1,134,N
2021,AT,Welle 1 Salzburg,Vienna,3,134,N
2021,BR,Mix FM Rio,Rio de Janeiro,7,133,N
2021,DE,Deutsche Welle,Vienna,18,133,N
2021,ZA,Groot FM 90.5,Pretoria,6,133,N
2021,CH,Argovia Pop,Zürich,4,132,N
2021,IS,RÚV Rás 2,Reykjavík,12,132,N
2021,DE,Antenne Landau,Frankfurt,5,132,N
2021,US,KUWS,"Superior, WI",30,131,N
2021,AT,ORF Hitradio Ö3,Vienna,5,131,N
2021,FR,Océane,Lannion,2,130,N
2021,FR,Radiocean,Quimperlé,3,130,N
2021,US,Liquid Metal,"Washington, D.C.",1,130,N
2021,SG,Kiss92,Singapore,5,129,N
2021,DE,89.0 RTL,Halle (Saale),8,129,N
2021,ES,Radio Surco,Villarrobledo,5,128,N
2021,DE,Antenne Frankfurt,Frankfurt,5,128,N
2021,GB,Blast 106,Belfast,18,127,N
2021,IT,Radio Verona,Verona,9,127,N
2021,TR,Number One Türk,Istanbul,5,127,N
2021,DE,Radio Neunkirchen,Saarbrücken,4,127,N
2021,FR,100%,Carcassonne,2,127,N
2021,DE,Radio Primavera,Offenbach,2,127,N
2021,CA,CBW,"Fairford, AB",31,126,N
2021,CA,CBR,"Harvie Heights, AB",32,126,N
2021,CA,JUMP! 106.9,"Ottawa, ON",6,125,N
2021,DE,MDR Tweens,Leipzig,6,125,N
2021,ES,Marcha FM,Las Palmas,3,125,N
2021,BR,Antena 1,"São Paulo, SP",1,125,N
2021,FR,Cerise FM,Mulhouse,2,124,N
2021,CA,CBC Radio One Victoria,"Melbourne, VIC",30,123,N
2021,FR,France Maghreb 2,Dijon,18,123,N
2021,NZ,RNZ National,Christchurch,23,123,N
2021,FR,Radio Studio 1,Strasbourg,3,123,N
2021,BR,Radio Disney,"São Paulo, SP",2,123,N
2021,LT,M-1 Plius,Vilnius,4,122,N
2021,DE,Rock Antenne Hamburg,Hamburg,2,122,N
2021,DE,Radio Homburg,Saarbrücken,3,121,N
2021,FR,FOREVER,Bordeaux,1,121,N
2021,FR,Voltage,Paris,2,121,N
2021,CA,CBC Radio One Vancouver,"Hope, BC",26,120,N
2021,CA,CJMJ-FM [Majic 100.3],"Ottawa, ON",2,120,N
2021,AD,RTVA Andorra Musica,Andorra la Vella,2,120,N
2021,HK,RTHK Radio 3,Hong Kong,11,119,N
2021,US,WXPN-FM,"Coplay, PA",14,119,N
2021,MX,XHOF-FM [Reactor 105.7],"Mexico City, DF",15,119,N
2021,DE,Sunshine Live,Stuttgart,13,119,N
2021,DE,HITRADIO RTL - Top40,Dresden,1,119,N
2021,FR,Collines La Radio,Cerizay,1,118,N
2021,LU,RTL Radio Lëtzebuerg,Dudelange,4,118,N
2021,ID,Oz Radio 103.1 FM,Bandung,10,117,N
2021,DE,Radio Ramasuri,Bayreuth,1,117,N
2021,US,WRUR,"Rochester, NY",35,116,N
2021,GB,BBC Radio WM,Birmingham,24,116,N
2021,ID,Radio Pinguin 102.8 FM,Denpasar,6,116,N
2021,GB,Trans Radio UK,N,10,116,N
2021,DE,Radio 8,Nuremberg,7,115,N
2021,US,WAMU-FM,"Washington, D.C.",31,115,N
2021,GB,SubFM,London,30,115,N
2021,FR,K6 FM,Dijon,4,115,N
2021,ZA,KFM 94.5,Cape Town,13,115,N
2021,US,WBEZ-FM,"LaSalle-Peru, IL",28,114,N
2021,US,WFMU,"Jersey City, NJ",30,114,N
2021,GB,Jazz FM,London,19,113,N
2021,MX,XHJC [Exa 91.5 FM],"Mexicali, BC",3,113,N
2021,GB,Capital South Wales,Cardiff,10,113,N
2021,GB,BBC Radio 3,London,12,110,N
2021,DE,Radio Awn,Passau,2,110,N
2021,FR,Jet FM,Nantes,23,109,N
2021,BE,Radio Premiere,Eupen,17,109,N
2021,ID,Volare,Pontianak,4,109,N
2021,CA,CBX+ [CBX Edmonton],"Edmonton, AB",25,108,N
2021,SM,Radio San Marino Classic,San Marino,7,108,N
2021,DE,Hitradio.rt1 Neuburg-Schrobenhausen,Neuburg-Schrobenhausen,5,107,N
2021,CO,La X,Medellín,9,107,N
2021,GB,BBC Radio Sheffield,Sheffield,10,107,N
2021,DE,Radio Trausnitz,Ingolstadt,3,107,N
2021,FR,Radio Intensité,Châteaudun,7,107,N
2021,PT,Smooth FM,Lisbon,2,107,N
2021,JP,Inter FM,Tokyo,43,106,N
2021,DE,SWR1 Baden-Württemberg,Stuttgart,5,106,N
2021,GB,WCR FM,Wolverhampton,27,105,N
2021,AR,Vorterix,Buenos Aires,7,105,N
2021,FR,Littoral FM,Narbonne,3,105,N
2021,GB,Capital FM [London],London,8,105,N
2021,IT,Radio Sabbia,Emilia–Romagna,5,104,N
2021,DE,Delta Radio,Kiel,7,103,N
2021,MX,XHTS-FM [Ya! 102.9 FM],"Veracruz, VE",9,103,N
2021,SC,SBC Radyo Sesel,Victoria,22,103,N
2021,SM,Radio San Marino,San Marino,6,103,N
2021,MX,W Radio 96.9 FM,"Mexico City, DF",10,102,N
2021,JP,North Wave,Hokkaido,18,102,N
2021,DE,Radio Saw,Halle (Saale),5,101,N
2021,DE,Hitradio Rt1,Ingolstadt,6,100,N
2021,DE,Radio Arabella,Munich,3,99,N
2021,MX,Ya! FM Villahermosa,"Villahermosa, TB",5,98,N
2021,GB,Talksport London,London,10,98,N
2021,FR,Radio FG,Paris,11,98,N
2021,BE,Radio Willy,Brussels,2,98,N
2021,ES,Kiss FM,Madrid,2,98,N
2021,GB,The Wave 96.4 FM,London,8,97,N
2021,FR,Mona FM,Lille,3,97,N
2021,GB,Wave 105,Dorchester,2,96,N
2021,FR,Top Music,Strasbourg,2,96,N
2021,ES,Cadena 100,Madrid,3,96,N
2021,US,KCDZ Z107.7 FM,"St. Louis, MO",5,94,N
2021,GB,C.F.M.,Carlisle,9,94,N
2021,DE,Hit Radio FFH,Frankfurt,2,94,N
2021,US,WITR,"Rochester, NY",23,93,N
2021,AU,Joy 94.9,Melbourne,8,93,N
2021,FR,ARL,Bordeaux,4,93,N
2021,DE,Bayern 1,Munich,4,93,N
2021,BE,Equinoxe,Liège,29,92,N
2021,FR,Lor'FM,Metz,5,92,N
2021,FR,Chérie FM,Paris,4,92,N
2021,ID,Pilar Radio,Cirebon,6,91,N
2021,UY,FM Del Hum,Mercedes,11,90,N
2021,GB,BBC Radio 4,Kilskeery,23,90,N
2021,PT,Rádio Guadiana,Vila Real de Santo António,17,90,N
2021,FR,Galaxie Radio,Lille,11,90,N
2021,GB,BBC Radio Leeds,York,12,89,N
2021,JP,FM YOKOHAMA,Yokohama,24,89,N
2021,IT,Rai 1,Rome,23,89,N
2021,US,WCOO-FM,"Charleston, SC",1,89,N
2021,US,KEGL,"Dallas, TX",2,89,N
2021,IT,Veronica My Radio,Marche,3,89,N
2021,MX,XHPOP-FM [Radio Disney 99.3],"Mexico City, DF",6,88,N
2021,GB,Select,London,19,88,N
2021,AT,Antenne Steiermark,Bruck an der Mur,8,88,N
2021,FR,Direct FM,Metz,2,88,N
2021,BE,Antipode,Brussels,7,87,N
2021,DE,Radio IN,Ingolstadt,3,87,N
2021,DE,AFK Max,Nürnberg,9,86,N
2021,FR,Fréquence Plus,Beaune,5,86,N
2021,FR,Flash FM,Limoges,6,86,N
2021,FR,Radio Campus Bordeaux 88.1,Bordeaux,12,85,N
2021,DE,HR3,Frankfurt,4,85,N
2021,BE,100'5 Das Hitradio,Eupen,5,85,N
2021,GB,Capital Dance,London,6,85,N
2021,IT,Radio Orte,Lazio,2,85,N
2021,DE,WDR 5,Bielefeld,13,84,N
2021,DE,Radio Galaxy Landshut,Landshut,4,84,N
2021,IE,Today FM,Cork,5,84,N
2021,DK,DR P8 Jazz,Copenhagen,9,82,N
2021,CH,Rhône FM,Bern,6,82,N
2021,NL,Sky Radio,Hilversum,2,82,N
2021,MX,XHSR [Exa 97.3 FM],"Monterrey, NL",11,81,N
2021,FR,Décibel,Saint-Malo,1,80,N
2021,DE,Antenne [Brandenburg],Potsdam,2,80,N
2021,IT,Radio Birikina,Lusiana,2,80,N
2021,GB,Pirate FM,Plymouth,7,79,N
2021,CH,RTR - Radio Rumantsch,Chur,10,78,N
2021,DE,SR1 Europawelle,Saarbrücken,5,78,N
2021,DE,Antenne [Thüringen],Erfurt,2,78,N
2021,DE,104.6 RTL,Berlin,3,78,N
2021,MX,XHMA-FM,"Guadalajara, JA",8,77,N
2021,BE,Classic 21,Houffalize,7,77,N
2021,US,Shade 45,"Washington, D.C.",2,77,N
2021,US,Radio 104.1,"Waterbury, CT",2,76,N
2021,GB,Classic FM,London,2,76,N
2021,IS,RÚV Rás 1,Reykjavík,16,75,N
2021,DE,Radio Galaxy Ingolstadt,Ingolstadt,6,75,N
2021,DE,Radio Galaxy,Nuremberg,4,75,N
2021,DE,Bremen Zwei,Bremen,7,75,N
2021,FI,Radio Nova,Helsinki,2,75,N
2021,DE,NB Radiotreff,Neubrandenburg,19,74,N
2021,BA,BH radio 1,Sarajevo,13,74,N
2021,US,Radio Margaritaville,"Washington, D.C.",4,74,N
2021,CL,Viña FM,Viña del Mar,7,74,N
2021,GB,BBC Radio Ulster,Enniskillen,9,74,N
2021,IT,Radionorba,Apulia,3,74,N
2021,BR,Blink 102 FM (Campo Grande),"Campo Grande, MS",4,73,N
2021,NZ,George FM,Tauranga,15,73,N
2021,NO,The Beat,Oslo,3,72,N
2021,CH,RTS1,Val Muggio,17,72,N
2021,DE,R.SA Sachsen,Leisnig,2,72,N
2021,FR,Radio Camargue,Nîmes,7,72,N
2021,GB,SG1 Radio,Stevenage,17,71,N
2021,AU,KIIS 1065,Sydney,11,70,N
2021,FR,Tendance Ouest,Rouen,8,69,N
2021,US,KUMD,"Duluth, MN",17,69,N
2021,ES,Radio Mallorca,Mallorca,6,69,N
2021,BE,VivaCite,Profondeville,7,69,N
2021,JP,BAY FM,Chiba,21,68,N
2021,NL,NPO Radio 2,Hilversum,14,68,N
2021,SE,P2,Stockholm,22,67,N
2021,PL,Polskie Radio Program III (PR3) Trójka,Zagan,22,67,N
2021,FR,Totem,Paris,4,67,N
2021,IT,Radio Studio 93,Aprilia,2,67,N
2021,US,Cowboy Joe Radio [ARCHIVED],Sheridan,3,67,N
2021,FR,Europe 2,Paris,8,67,N
2021,DE,Radio Jade,Wilhelmshaven,9,66,N
2021,CA,CJUM-FM UMFM,Winnipeg,13,66,N
2021,US,WUVT,"Blacksburg, VA",9,66,N
2021,FR,RMN,Pontivy,3,66,N
2021,AU,3GG (531 AM),Warragul,1,66,N
2021,AR,Disney,Buenos Aires,3,66,N
2021,BE,RGR FM,Westerlo,8,65,N
2021,DE,SWR 3,Stuttgart,8,65,N
2021,NL,Radio 10,Hilversum,2,65,N
2021,AU,2XL (918 AM),Cooma,1,65,N
2021,DE,WDR 2,Berlin,1,65,N
2021,IT,Radio Kiss Kiss Napoli,Campania,4,64,N
2021,MX,XHDK-FM [Planeta 94.7 ],"Guadalajara, JA",5,63,N
2021,US,WXXX,"Burlington, VT",7,63,N
2021,NO,NRK P1,Steinsby,10,63,N
2021,IL,Beat Radio,Jerusalem,11,63,N
2021,FR,Oxygène La Radio de la Seine et Marne,Melun,3,63,N
2021,ES,Radio Nervión,Bilbao,5,62,N
2021,DE,Unser Radio Deggendorf,Passau,2,62,N
2021,AU,KIIS 101,Melbourne,8,61,N
2021,ES,Ibiza Global Radio,Ibiza,16,61,N
2021,NL,Qmusic,Amsterdam,4,61,N
2021,IE,Highland Radio,Letterkenny,8,60,N
2021,RU,DFM Радио 101.2 FM (DFM Radio),Moscow,13,60,N
2021,GB,BBC Radio Bristol,Bristol,11,60,N
2021,DE,Antenne 1 Baden-Württemberg,Stuttgart,6,60,N
2021,BE,Radio Quartz,Sombreffe,7,60,N
2021,IT,Radio Number One,Rome,6,60,N
2021,BE,Sud Radio,Izel,4,60,N
2021,ES,Flaix FM,Barcelona,5,60,N
2021,MX,XHCEL-FM [El y Ella 103.7 FM],"Celaya, GT",4,60,N
2021,PE,Radio Disney Peru,Lima,3,59,N
2021,GB,Solar Radio,London,19,59,N
2021,JP,FM Fukuoka,Fukuoka,9,59,N
2021,US,XHITZ Z90.3 FM,"San Diego, CA",9,59,N
2021,IT,RTL 102.5,Rome,3,58,N
2021,US,WLNK-FM (The Link Charlotte 107.9 FM),"Charlotte, NC",4,58,N
2021,RU,Radio Monte Carlo St. Petersburg,St. Petersburg,1,58,N
2021,AT,ORF Ö2 Radio Wien,Vienna,1,58,N
2021,AU,Coles Radio,Melbourne,2,58,N
2021,AR,BLUR FM,Buenos Aires,2,58,N
2021,DE,NRJ ENERGY Stuttgart,Stuttgart,3,58,N
2021,CA,CFMY,"Redcliff, AB",4,57,N
2021,DE,Mdr Kultur,Camburg,10,57,N
2021,DE,Radio Hamburg,Hamburg,3,56,N
2021,AU,6CST,Mandurah,8,56,N
2021,GB,Gorgeous FM,Birmingham,7,56,N
2021,CH,RTS2,Chasseral,5,56,N
2021,FR,Radio Mélodie,Sarreguemines,3,56,N
2021,DE,Radio Allgäu Hit,Munich,5,56,N
2021,DE,Radio Galaxy Aschaffenburg,Aschaffenburg,1,55,N
2021,US,WTIC-FM,"Hartford, CT",2,55,N
2021,JP,FM 802,Osaka,18,55,N
2021,BR,Radio Inconfidentes,"Belo Horizonte, MG",11,54,N
2021,JP,LOVE FM,Fukuoka,22,54,N
2021,IT,Radio Monte Carlo 2,Monte Carlo,4,54,N
2021,CO,Blu Radio,Bogotá,7,53,N
2021,US,KRML,"Carmel Valley, CA",9,53,N
2021,DE,NRJ [München],Munich,4,53,N
2021,DE,NRJ ENERGY Berlin,Potsdam,5,53,N
2021,DK,Radio 100,Glostrup,3,53,N
2021,DE,Radio 2 Day,Munich,1,53,N
2021,US,WHSN,"BANGOR, ME",1,52,N
2021,BR,Transcontinental FM,"São Paulo, SP",3,52,N
2021,US,KHTT,"Tulsa, OK",5,51,N
2021,ZA,Mutha FM,Cape Town,17,51,N
2021,GB,BBC Radio Manchester,Holme Moss,12,51,N
2021,AU,97.3 FM,Brisbane,3,51,N
2021,DE,SR 2 KulturRadio,Bliestal,5,50,N
2021,AU,7LA (LAFM 89.3),Launceston,7,50,N
2021,SE,Rix FM,Stockholm,2,50,N
2021,US,WQFS,"Greensboro, NC",17,49,N
2021,CH,SRF2,Nendeln,9,49,N
2021,IT,R101,Milan,5,49,N
2021,NL,NPO 3FM KX,Hilversum,6,49,N
2021,DE,NRJ [Nüremberg],Nürnberg,7,49,N
2021,AU,5ADD [Mix 102.3],Adelaide,1,49,N
2021,HR,Prvi karlovački - WOW Hits,Karlovac,4,49,N
2021,GB,BBC Radio Cymru,Aberystwyth,17,48,N
2021,FR,Echo FM,Hirson,4,48,N
2021,GB,BBC Three Counties Radio,Sandy Heath,15,48,N
2021,FR,Happy Radio,Bergerac,4,48,N
2021,JP,Air-G,Hokkaido,13,47,N
2021,CZ,Evropa 2,Prague,5,47,N
2021,NO,JærRadioen,Sandnes,3,47,N
2021,IT,RDS [Radio Dimensione Suono],Lazio,8,46,N
2021,GB,BBC Radio Devon,Plymouth,9,46,N
2021,BE,Bel RTL,Tournai,5,46,N
2021,SG,One FM 91.3,Singapore,2,46,N
2021,FR,Radio 8,Sedan,4,46,N
2021,US,KZOK-FM,"Seattle, WA",1,46,N
2021,GB,Radio X (XFM),London,10,45,N
2021,US,KUDD,"Salt Lake City, UT",4,45,N
2021,NO,NRK P2,Bergen,12,45,N
2021,CN,Metro Radio [国际都市频率],Beijing,3,45,N
2021,NL,Radio Veronica,Amsterdam,3,45,N
2021,ID,91.6 Indika FM,Jakarta,2,44,N
2021,CA,CFOU,"Trois-riviere, QC",9,44,N
2021,ES,Radio Marca Barcelona,Barcelona,4,44,N
2021,NL,Pinguin Radio,The Hague,7,43,N
2021,CH,SRF 1 Bern Freiburg,Bern,9,43,N
2021,DE,Radio Chemnitz,Chemnitz,3,43,N
2021,US,No Shoes Radio,"Washington, D.C.",1,43,N
2021,UY,Más FM 101.3,Paysandú,8,42,N
2021,GB,BBC Radio Berkshire,Reading,10,42,N
2021,DE,Radio Leipzig,Leipzig,3,42,N
2021,DE,Radio Zwickau,Zwickau,4,42,N
2021,JP,Zip FM,Nagoya,15,42,N
2021,GB,Fun Kids,London,4,42,N
2021,DE,Bremen Eins,Bremen,4,42,N
2021,MX,XHSH-FM [Amor 95.3 FM],"Mexico City, DF",2,42,N
2021,GB,96.2 The Revolution,Manchester,1,41,N
2021,BR,FM O DIA,"Rio de Janeiro, RJ",14,41,N
2021,RS,Radio Beograd 1,Belgrade,7,41,N
2021,GB,BBC Radio Kent,Wrotham,12,41,N
2021,AU,River 94.9,Brisbane,1,41,N
2021,AU,bay 93.9,Geelong,2,41,N
2021,FR,ici Paris-Île-de-France,Paris,3,41,N
2021,PT,RDP Açores - Antena 1,Ponta Delgada,16,40,N
2021,DE,Radio Dresden,Dresden,2,40,N
2021,TR,dinamo.fm,İstanbul,17,39,N
2021,MX,XHDI-FM [88.5 FM],"Chihuahua, CH",3,39,N
2021,AU,91.9 Sea FM,Nambour,5,39,N
2021,DE,Deutschlandfunk,Traben-Trarbach,15,39,N
2021,CH,SRF 1 Basel Baselland,Basel,4,39,N
2021,RU,Authority Radio Krasnoyarsk,Krasnoyarsk,5,39,N
2021,DE,Radio Saarbrücken,Saarbrücken,2,39,N
2021,FR,Alouette,Nantes,2,39,N
2021,FR,Champagne FM,Château-Thierry,2,39,N
2021,PH,Magic 89.9,Manila,1,39,N
2021,MX,Rock 101,Mexico City,6,38,N
2021,DK,Skala,Odense,6,38,N
2021,FR,Hit West,Nantes,3,38,N
2021,ID,Most FM 99,Medan,3,38,N
2021,HR,Antena Zagreb,Zagreb,2,38,N
2021,MX,XHRT-FM [Xtrema 95.3 FM],"Reynosa, TM",1,37,N
2021,US,WPGC 95.5,"Washington, D.C.",7,37,N
2021,IT,Radio Jukebox,Cosenza,2,37,N
2021,ID,Gajahmada FM 102.6,Semarang,9,37,N
2021,GB,BBC Radio Scotland,Glasgow,11,37,N
2021,BE,DH Radio,Perwez,5,37,N
2021,PT,Rádio Atlântida,Ponta Delgada,3,37,N
2021,NZ,Radio Live,Oamaru,3,37,N
2021,CH,Rete Due,Ticino,10,36,N
2021,BG,BNR Horizont,Sofia,14,36,N
2021,MX,XEAD-FM [La Buena Onda 101.9 FM],"Guadalajara, JA",1,36,N
2021,NL,Omroep Brabant,Eindhoven,3,36,N
2021,ZA,Mix FM 93.8,Johannesburg,5,36,N
2021,AU,Mix 106.3,Canberra,2,36,N
2021,US,WEBN-F2 (WEBN 102.7FM Cincinnati),"Cincinnati, OH",1,36,N
2021,HR,HR2 - Drugi program,Zagreb,11,35,N
2021,US,Frisky Radio,"New York, NY",26,34,N
2021,GB,Resonance Extra,London,12,34,N
2021,US,KROQ,"Los Angeles, CA",5,34,N
2021,ME,RTCG Radio 98,Podgorica,10,34,N
2021,PT,Rádio Lagoa,Lagoa,14,34,N
2021,FR,Fréquence Grands Lacs,Bordeaux,4,34,N
2021,CA,CHOM-FM [Chom 97.7],"Montreal, QC",1,34,N
2021,RO,Actualitati,Bucharest,9,33,N
2021,MX,XHTB-FM [93.3 FM],"Cuernavaca, MO",2,33,N
2021,MX,ULTRA 92.5 FM PUEBLA,"Puebla, PU",7,33,N
2021,EC,Radio City,Guayaquil,7,33,N
2021,GB,Absolute Radio 90's,London,3,33,N
2021,DE,Radio Salü,Saarbrücken,5,33,N
2021,US,CD102.5 (WWCD),"Baltimore, MD",3,33,N
2021,IT,Rai Radio 3,Rome,14,33,N
2021,NL,Radio Rijnmond,Rotterdam,1,33,N
2021,NZ,Newstalk ZB,Ashburton,2,33,N
2021,NL,KINK,Amsterdam,3,33,N
2021,ID,Ardan Radio 105.9 FM,Bandung,7,32,N
2021,UY,Azul FM 101.9,Punta del Este,9,32,N
2021,DE,Radio Regenbogen,Mannheim,8,32,N
2021,GB,Love 80s Radio Manchester,Manchester,2,32,N
2021,MX,XHZS-FM [100.3 FM],"Mazatlan, SI",2,31,N
2021,BR,Costa Verde FM,"Itaguai, RJ",2,31,N
2021,PT,RTP Antena 1,Lisbon,15,31,N
2021,RU,Europa Plus,Moscow,7,31,N
2021,CH,Radio Swiss Pop,Basel,6,31,N
2021,MX,XHMLS-FM [Éxitos 91.3 FM],"Matamoros, TM",3,30,N
2021,US,WZFL,"Miami, FL",8,30,N
2021,UA,DJ FM,Kiev,5,30,N
2021,DE,Radio Alpenwelle,Walchensee,2,30,N
2021,GB,BBC Radio Newcastle,Newcastle upon Tyne,6,30,N
2021,US,KLJY-FM (JOY Saint Louis 99.1 FM),"St. Louis, MO",2,30,N
2021,AU,Magic FM 80s,Berri,1,30,N
2021,LU,Radio Aktiv,Echternach,3,30,N
2021,PL,Radio Eska,Warsaw,3,30,N
2021,DE,B 5 Aktuell,Würzburg,6,29,N
2021,GB,BBC Sussex,Chichester,6,29,N
2021,GB,BBC Surrey,Duxhurst,6,29,N
2021,NZ,Rhema,Auckland,2,29,N
2021,AU,3PTV,Melbourne,1,29,N
2021,DE,Radio Charivari Regensburg,Ingolstadt,3,29,N
2021,US,WSTR,"Atlanta, GA",2,28,N
2021,NO,Elverums Radioen,Elverum,2,28,N
2021,US,WNYL-FM (ALT New York 92.3 FM),"New York, NY",5,28,N
2021,UY,CW33 La Nueva Radio Florida,Florida,5,28,N
2021,IT,Radio Bussola,Salerno,7,28,N
2021,GB,Lyca Radio 1458,London,5,28,N
2021,FR,Evasion,Évry,3,28,N
2021,AU,Smooth FM 95.3,Sydney,1,28,N
2021,GB,Nation Radio UK,London,2,28,N
2021,GB,TalkRadio,London,2,28,N
2021,FR,L'Eko Des Garrigues,Montpellier,13,27,N
2021,US,KBZT-FM (ALT San Diego 94.9 FM),"San Diego, CA",5,27,N
2021,US,KVIL-FM (ALT Dallas 103.7),"Dallas, TX",5,27,N
2021,US,WQMP-FM (Alternative Music Orlando 101.9 FM),"Daytona Beach, FL",3,27,N
2021,GB,BBC Radio Merseyside,Liverpool,6,27,N
2021,PT,Rádio Horizonte,Ponta Delgada,2,27,N
2021,SE,Mix Megapol,Göteborg,1,27,N
2021,US,KKDO,"Sacramento, CA",5,26,N
2021,CH,Rete Uno,Zürich,9,26,N
2021,JP,Tokyo FM,Tokyo,12,26,N
2021,BE,Chérie FM,Brussels,3,26,N
2021,ID,Paramuda 93.7 FM,Bandung,3,26,N
2021,GB,BBC Radio Solent,Rowridge,8,26,N
2021,AT,Life Radio,Linz,1,26,N
2021,ES,Rock FM,Madrid,3,26,N
2021,GB,Sun FM,Sunderland,1,26,N
2021,DE,SWR 2,Stuttgart,10,25,N
2021,DK,NOVA,Copenhagen,5,25,N
2021,DE,Gong 96.3,Munich,2,25,N
2021,CA,ICI Radio-Canada Première - Montréal,"Montreal, QC",11,25,N
2021,DE,Hit Radio N1,Nuremberg,6,25,N
2021,DE,106.4 Top FM,Munich,4,25,N
2021,US,KITS,"San Francisco, CA",3,24,N
2021,FR,TSF Jazz,Paris,9,24,N
2021,CN,Music Radio Guangdong [广东电台音乐之声],Guangzhou,8,24,N
2021,GB,Absolute Radio 70's,London,2,24,N
2021,JP,はつかいち / 広島県 hatsukaichi FM,Tokyo,5,24,N
2021,DE,Apollo Radio,Chemnitz,4,24,N
2021,DE,Radio FFH,Frankfurt,2,24,N
2021,FR,DKL Dreyeckland,Mulhouse,2,24,N
2021,FR,Wit FM,Angoulême,3,24,N
2021,FR,Radio Numero 1,Bourges,1,24,N
2021,DE,WDR 3,Bonn,11,23,N
2021,DE,SWR 1 RP,Rheinland-Pfalz,3,23,N
2021,GB,Gaydio,Manchester,11,23,N
2021,CH,LFM,Lausanne,7,23,N
2021,GB,Panjab Radio,London,8,23,N
2021,US,KNRK,"Portland, OR",2,23,N
2021,DE,Radio Isw,Passau,3,23,N
2021,PE,Radio Nueva Q,Lima,3,23,N
2021,FR,Europe 1,Gien,12,22,N
2021,CA,CBV-FM,"La Malbaie, QC",9,22,N
2021,GB,Absolute 80's,London,2,22,N
2021,AU,3M FM,Inverloch,8,22,N
2021,FR,RTL2,Paris,5,22,N
2021,NO,Radio 102,Haugesund,5,22,N
2021,MX,XHIM-FM,"Juarez, CH",3,22,N
2021,GB,Central FM,London,2,22,N
2021,US,C89.5,"Seattle, WA",7,21,N
2021,FR,Arverne,Clermont-Ferrand,13,21,N
2021,DE,Antenne [Bayern],Munich,2,21,N
2021,BE,Max FM,Brussels,8,21,N
2021,US,90.9 KCBI FM,"Dallas, TX",1,21,N
2021,US,WDZH-FM,"Detroit, MI",1,21,N
2021,GB,BBC Radio Lancashire,Winter Hill,7,21,N
2021,DE,NDR 1 Radio MV,Greifswald,1,21,N
2021,FR,Oui FM,Paris,1,21,N
2021,GB,Gold London,London,2,21,N
2021,NL,Qmusic Non-Stop,Hilversum,1,21,N
2021,AT,ORF Ö1,Vienna,7,20,N
2021,US,KNDD-FM (The End Seattle 107.7 FM),"Seattle, WA",1,20,N
2021,NL,BNR Nieuwsradio,Amsterdam,2,20,N
2021,FR,47 FM,Agen,1,20,N
2021,FR,Grand Sud FM,Narbonne,4,20,N
2021,AR,Rock & Pop,Buenos Aires,8,19,N
2021,JP,Kiss FM Kobe,Kobe,8,19,N
2021,ID,Sushi,Padang,4,19,N
2021,US,WJRR,"Orlando, FL",1,19,N
2021,US,KFRG-FM (K-FROG San Bernardino 95.1 FM),"San Bernardino, CA",1,19,N
2021,GB,BBC Radio 4 Xtra,London,7,18,N
2021,DE,NRJ [Sachsen],Dresden,3,18,N
2021,US,WSKQ-FM (La Mega New York 97.9 FM),"New York, NY",4,18,N
2021,DE,RPR1,Rheinland-Pfalz,10,18,N
2021,ID,Visi FM,Medan,1,18,N
2021,US,Alt Nation,"Washington, D.C.",1,18,N
2021,US,Sirius XMU,"Washington, D.C.",7,18,N
2021,PT,Antena 2,Lisbon,1,18,N
2021,GB,GHR Hull & East Yorkshire,Hull,2,18,N
2021,CH,Radio Lac,Nyon,2,18,N
2021,ZA,Overvaal Stereo,Welkom,5,17,N
2021,NL,NPO Radio 1,Hilversum,8,17,N
2021,MD,Radio Moldova,Chișinău,6,17,N
2021,UA,Kiss FM Ukraine,Lviv,6,17,N
2021,ZA,One FM,Cape Town,1,17,N
2021,FR,Canal FM,Aulnoye-Aymeries,4,17,N
2021,FR,RCA La Radio,Nantes,2,17,N
2021,ZA,Bok radio,Cape Town,1,17,N
2021,PT,Rádio Benedita FM 88.1,Benedita,3,17,N
2021,BR,Atlantida FM - Porto Alegre,"Porto Alegre, RS",6,17,N
2021,BR,Melodia,"Varginha, MG",3,17,N
2021,GB,BBC Radio Wales,Aberystwyth,8,16,N
2021,FI,NRJ Finland,Helsinki,1,16,N
2021,NZ,The Sound,Auckland,2,16,N
2021,FI,YLE Radio 1,Raahe,12,16,N
2021,DE,NDR Radio Kultur,Hamburg,9,16,N
2021,SE,P5,Stockholm,4,16,N
2021,GB,BBC Essex,Great Braxted,4,16,N
2021,ID,RRI Pro 1,Makassar,5,16,N
2021,DE,Radio 7,Stuttgart,2,16,N
2021,ES,Beach Grooves Radio,Málaga,8,16,N
2021,ZA,OFM,Bloemfontein,3,16,N
2021,DE,Classic Rock Radio,Saarbrücken,1,16,N
2021,GB,Dilse Radio 1035am,London,1,16,N
2021,GB,Smooth FM,London,1,16,N
2021,IN,Radio City 91.1,Bengaluru,1,15,N
2021,BR,Coca-Cola FM,São Paulo,3,15,N
2021,AR,40 Principales,Comodoro Rivadavia,7,15,N
2021,JP,FMりべーる (FM Riviére),Asahikawa,5,15,N
2021,DK,DR P4 Kobenhavn,Copenhagen,5,15,N
2021,LT,Radio Lietus,Klaipėda,5,15,N
2021,HR,HR3 - Treci program,Zagreb,4,15,N
2021,DE,HR 1,Frankfurt,3,15,N
2021,ID,87.6 Hard Rock FM,Jakarta,4,15,N
2021,GB,LBC Radio,London,2,15,N
2021,FI,Iskelmä,Helsinki,5,15,N
2021,PL,Jedynka - Polskie Radio Program 1,Warsaw,6,14,N
2021,BR,89.1 FM,"São Paulo, SP",4,14,N
2021,US,Radio Danz,"Miami, FL",5,14,N
2021,CH,Radio Ticino,Ticino,2,14,N
2021,CN,Beijing Music Radio [ 北京音乐广播],Beijing,4,14,N
2021,MX,XHOJ-FM [Maxima 106.7],"Guadalajara, JA",2,14,N
2021,FR,Impact FM,Lyon,2,14,N
2021,CA,CHOX-FM,"Baie-Saint-Paul, QC",5,14,N
2021,CL,Radio Sonar,Santiago,1,14,N
2021,IS,Kiss FM 104.5,Reykjavík,1,14,N
2021,ID,102.3 Rase FM,Bandung,1,13,N
2021,CH,SRF MusikWelle,Basel,13,13,N
2021,NZ,More FM,Auckland,2,13,N
2021,CA,CHED,"Edmonton, AB",6,13,N
2021,AL,Radio Tirana 2,Tirana,5,13,N
2021,NL,Omrop Fryslan,Jirnsum,3,13,N
2021,CA,CKNW,"Vancouver, BC",3,13,N
2021,MX,XHLS-FM [Romance 99.5 FM],"Guadalajara, JA",4,12,N
2021,FR,N'Radio,Soissons,2,12,N
2021,IT,Controradio Bari,Bari,5,12,N
2021,NL,NH Radio,North Holland,2,12,N
2021,LT,LRT Radijas,Alytus,6,12,N
2021,NL,Radio Noord,Groningen,1,12,N
2021,DE,NDR 1 Welle Nord,Flensburg,3,12,N
2021,IT,Radio Suby,Umbria,2,12,N
2021,SE,P1,Stockholm,7,11,N
2021,JP,FM Aichi,Aichi,4,11,N
2021,RU,Radio Record,Saint Petersburg,3,11,N
2021,GB,Absolute Radio,Birmingham,2,11,N
2021,US,1 Pure EDM,"Chicago, IL",7,11,N
2021,US,KYSR,"Los Angeles, CA",3,11,N
2021,BR,Lider FM (Triângulo Mineiro),"Pedra Azul, ES",4,11,N
2021,CA,CJOB,"Winnipeg, MB",3,11,N
2021,DK,DR P2,Copenhagen,5,10,N
2021,KR,TBS FM,Seoul,5,10,N
2021,MX,XHNAY-FM,"Puerto Vallarta, JA",2,10,N
2021,CA,CHOI-FM,"Quebec City, QC",2,10,N
2021,US,WCWS,"Wooster, OH",3,10,N
2021,AT,ORF Radio Burgenland,Bruck an der Leitha,1,10,N
2021,US,Ozzy's Boneyard,"Washington, D.C.",1,10,N
2021,GB,Nation Radio Cardiff,Cardiff,1,10,N
2021,GB,Magic Soul,London,1,10,N
2021,US,WYCD-FM,"Detroit, MI",1,10,N
2021,IT,Radio Subasio,Umbria,1,10,N
2021,US,KKWF-FM,"Seattle, WA",1,10,N
2021,IE,Q102,Dublin,6,9,N
2021,DE,Die Neue 107.7,Stuttgart,4,9,N
2021,GB,Downtown Country,Belfast,3,9,N
2021,DE,Radio Horeb,Immenstadt im Allgau,3,9,N
2021,US,KRZZ-FM (La Raza San Francisco 93.3 FM),"San Francisco, CA",2,9,N
2021,CA,WKND,"Quebec City, QC",2,9,N
2021,HR,HR Radio Dubrovnik,Dubrovnik,5,9,N
2021,AT,ORF Ö2 Radio Kärnten,Feldkirchen in Kärnten,4,9,N
2021,US,WEEI-FM (WEEI 93.7FM),"Boston, MA",5,9,N
2021,HR,Radio Donji Miholjac,Pula,1,9,N
2021,FR,Radio Emotion,Nice,1,9,N
2021,NO,P4 Radio Hele Norge,Oslo,3,9,N
2021,CA,CKOI,"Montreal, QC",4,9,N
2021,US,KSON-FM 103.7,"San Diego, CA",1,9,N
2021,FR,Rire et Chansons,Paris,1,9,N
2021,JP,"TBS Radio, Inc",Tokyo,5,8,N
2021,US,KQMV-FM,"Seattle, WA",4,8,N
2021,GB,K107 FM,Kirkcaldy,4,8,N
2021,GB,Absolute Classic Rock,London,2,8,N
2021,ID,Shelter 95.3 FM,Cirebon,3,8,N
2021,US,KWSS,"Phoenix, AZ",5,8,N
2021,DE,NDR 1 Niedersachsen,Hannover,4,8,N
2021,US,KRXP-FM,"Pueblo West, CO",1,8,N
2021,US,The Spectrum,"Washington, D.C.",3,8,N
2021,GB,BBC Radio 5,London,5,8,N
2021,FR,Radio Liberté,Strasbourg,1,8,N
2021,NO,P5 Hits,Oslo,1,8,N
2021,BR,Bahia FM,"Alagoinhas, BA",2,8,N
2021,GR,Republic Radio,Thessaloniki,2,8,N
2021,KR,MBC FM4U Radio Main,Seoul,3,8,N
2021,PT,PEF – Posto Emissor do Funchal (Canal 1),Funchal,3,8,N
2021,CA,CJAD,"Montreal, QC",3,8,N
2021,ES,Los 40 Urban [KeBuena],Madrid,2,8,N
2021,US,KSWD-FM (The Sound Seattle 94.1 FM),"Seattle, WA",7,7,N
2021,FR,Radio Bonheur,Saint-Brieuc,7,7,N
2021,CA,CFAK,"Skerbrooke, QC",6,7,N
2021,RU,Dorojnoe Radio,Moscow,5,7,N
2021,US,LITT Dance,Los Angeles,3,7,N
2021,CA,News Talk 770,"Calgary, AB",4,7,N
2021,US,WJFK-FM,"Baltimore, MD",3,7,N
2021,US,WOR-AM (710 WOR The Voice of New York),"New York, NY",1,7,N
2021,PE,Radio Moda,Lima,4,7,N
2021,AR,Pop Radio,Junin,2,7,N
2021,GB,Virgin Radio UK,London,3,7,N
2021,US,102.7 Da Bomb,"Houston, TX",1,7,N
2021,MX,XERC-FM [Radio Centro 97.7 FM],"Mexico City, DF",1,7,N
2021,US,Mix 106.5 FM,"Baltimore, MD",2,7,N
2021,MX,XHSOL-FM [Súper 89.9 FM],"Mexicali, BC",4,7,N
2021,US,G100 - The Throwback Station,"Rincon, GA",3,7,N
2021,GB,Magic Chilled,London,1,7,N
2021,GB,Mellow Magic,London,1,7,N
2021,ES,Cadena Dial,Madrid,1,7,N
2021,BR,Rádio Beat,"Rio de Janeiro, RJ",2,7,N
2021,ZA,Bosveld Stereo,Pretoria,1,7,N
2021,FR,Radio Star (Est),Belfort,1,7,N
2021,US,The Pulse Radio,"New York, NY",1,7,N
2021,DE,NDR Info,Hamburg,4,6,N
2021,JP,Nack 5,Saitama,4,6,N
2021,DE,BR Heimat,München,5,6,N
2021,AR,Mega,Santa Fe,4,6,N
2021,US,WIXX-FM,"Green Bay, WI",2,6,N
2021,DK,VLR,Odense,2,6,N
2021,BR,JB FM,"Rio de Janeiro, RJ",1,6,N
2021,ID,Radio Rama 104.7 FM,Bandung,4,6,N
2021,US,WWDC,"Washington, D.C.",3,6,N
2021,BE,Radio Klara,Brussels,5,6,N
2021,US,670 The Score,"Chicago, IL",4,6,N
2021,US,WZLX-FM (Boston's Classic Rock 100.7 FM),"Boston, MA",1,6,N
2021,US,KYW-AM,"Philadelphia, PA",1,6,N
2021,US,KTBZ,"Houston, TX",4,6,N
2021,DE,Charivari 98.6,Nürnberg,1,6,N
2021,BR,Metropolitana Sertanejo,São Paulo,1,6,N
2021,ID,KISI 93.4 FM,Bogor,2,6,N
2021,FI,Radio Nostalgia,Helsinki,3,6,N
2021,IN,Radio Mirchi 98.3 FM,Ahmadabad,5,5,N
2021,JP,Nippon Cultural Broadcasting,Tokyo,4,5,N
2021,DE,Radio Ton,Würzburg,2,5,N
2021,US,WRNW,"Milwaukee, WI",4,5,N
2021,US,WRFF,"Philadelphia, PA",3,5,N
2021,DK,DR P5,Copenhagen,2,5,N
2021,DE,WDR 4,Düsseldorf,2,5,N
2021,DE,Ndr 90.3,Hamburg,1,5,N
2021,PL,RMF MAXXX,Zabrze,1,5,N
2021,DE,MDR SACHSEN Dresden,Dresden,1,5,N
2021,BR,SulAmerica Paradiso,"Rio de Janeiro, RJ",2,5,N
2021,ES,Los 40 Classic,Almería,4,5,N
2021,US,WOMX-FM (Mix 105.1FM Orlando Pop Music),"Orlando, FL",1,5,N
2021,DE,"Radio Gong 97,1 Nürnberg",Nürnberg,1,5,N
2021,CA,Energie,"Quebec City, QC",2,5,N
2021,CA,CKMM-FM [Énergie Montréal 94.3],"Montreal, QC",2,5,N
2021,US,KMCK-FM (Power Arkansas 105.7FM),"Fayetteville, AR",3,5,N
2021,US,ENERGY98,"Portland, OR",1,5,N
2021,BR,Band FM,São Paulo,3,4,N
2021,FR,Radio SCOOP Gold,Gap,3,4,N
2021,US,Majic 95.1,"Fort Wayne, IN",1,4,N
2021,US,101.9fm The MIX,"Chicago, IL",1,4,N
2021,KR,SBS 러브 FM-SBS 라디오,Seoul,3,4,N
2021,ZA,Pretoria FM,Pretoria,3,4,N
2021,MX,RMX Radio,"Guadalajara, JA",2,4,N
2021,ZA,Radio laeveld,Nelspruit,3,4,N
2021,AU,2KKO,Newcastle,2,4,N
2021,FR,Radio Antenne Portugaise,Tours,4,4,N
2021,DE,HR 2,Frankfurt,1,4,N
2021,MX,XHMG-FM [Digital 102.9 FM],"Monterrey, NL",2,4,N
2021,US,WWJ-AM,"Detroit, MI",4,4,N
2021,US,WEQX-FM,"Manchester, NH",2,4,N
2021,US,WXTB,"Tampa, FL",2,4,N
2021,ID,Bens Radio,Jakarta,4,4,N
2021,NO,NRK P1+,Trondheim,4,4,N
2021,AU,4SSS,Nambour,1,4,N
2021,AR,Aspen 102.3 FM,Buenos Aires,1,4,N
2021,AU,5MU (1125 AM),Murray Bridge,3,4,N
2021,AR,Vale,Junin,3,4,N
2021,US,92-9 The Game,"Atlanta, GA",3,4,N
2021,AU,3SR (Triple M Goulburn Valley 95.3),Shepparton,2,3,N
2021,KR,Arirang Radio,Jeju,3,3,N
2021,CA,CKMB-FM [Kool FM 107.5],"Barrie, ON",1,3,N
2021,US,WSTW-FM,"Wilmington, NC",1,3,N
2021,US,WSHE-FM,"Chicago, IL",1,3,N
2021,US,KOIT-FM,"San Francisco, CA",1,3,N
2021,US,V103.3,"Newport, NJ",2,3,N
2021,BR,Rádio Record (Rio de Janeiro),"Rio de Janeiro, RJ",2,3,N
2021,HR,Hrvatski Katolicki Radio,Zagreb,3,3,N
2021,NL,Omroep West,Rotterdam,3,3,N
2021,MX,XHRL-FM [Genesis 98.1 FM],"Monterrey, NL",3,3,N
2021,US,WKQX,"Chicago, IL",1,3,N
2021,US,WBTZ-FM (The Buzz 99.9 FM),"Plattsburgh, NY",2,3,N
2021,CY,RIK 2 CYBC,Paralimni,3,3,N
2021,BE,BXFM 104.3 FM,Brussels,3,3,N
2021,DE,Radio F,Nürnberg,2,3,N
2021,FI,Yle Radio Suomi,Helsinki,2,3,N
2021,FR,RTL,Paris,2,3,N
2021,TR,Power Turk FM,Istanbul,3,3,N
2021,US,WLKK,"Buffalo, NY",1,3,N
2021,PL,Antyradio,Bedzin,3,3,N
2021,PE,La Karibeña,Lima,2,3,N
2021,FR,Jordanne FM,Aurillac,1,3,N
2021,PE,Radio Panamericana 101.1 FM,Lima,1,3,N
2021,DE,Radio Schlagerparadies,Oldenburg,1,3,N
2021,NL,Indie XL,Amsterdam,3,3,N
2021,KR,KBS CoolFM Main,Seoul,3,3,N
2021,US,KMYZ-FM (Z104.5FM Tulsa),"Tulsa, OK",1,3,N
2021,US,KIOZ,"San Diego, CA",1,3,N
2021,GB,Union JACK,London,1,3,N
2021,US,WHUR-FM,"Washington, D.C.",1,3,N
2021,US,WLEY-FM,"Chicago, IL",1,3,N
2021,TR,Radyo S,Bursa,2,3,N
2021,AU,Triple M [Melbourne],Melbourne,1,3,N
2021,AT,ORF Ö2 Radio Tirol,Innsbruck,2,2,N
2021,AU,Portuguese Radio,Sydney,2,2,N
2021,AU,4GR,Carnegie,2,2,N
2021,AU,2BDR (Triple M The Border 105.7),Albury,2,2,N
2021,AU,3SEA (Hit Gippsland 94.3),Traralgon,2,2,N
2021,JP,"Nippon Broadcasting System, Inc. (ニッポン放送)",Tokyo,2,2,N
2021,DE,Radio Paradiso,Berlin,1,2,N
2021,SG,Class 95,Singapore,2,2,N
2021,US,WCBS Newsradio 880,"New York, NY",2,2,N
2021,GR,Sfera 96.6 FM,Patra,2,2,N
2021,PH,91.5 Win Radio Manilla,Manila,2,2,N
2021,US,WASU-FM The App,"Boone, NC",1,2,N
2021,US,KFRR-FM,"Wooster, OH",1,2,N
2021,DE,Klassik Radio,Hamburg,2,2,N
2021,BR,Itapoan FM,"Salvador, BA",2,2,N
2021,AU,5CS (1044 AM),Port Pirie,1,2,N
2021,AU,Gold 104.3,Melbourne,1,2,N
2021,AU,5AU (1242 AM),Port Augusta,1,2,N
2021,AU,RSN 927,Melbourne,1,2,N
2021,BR,Rádio Saudade FM 100.7,Santos,1,2,N
2021,NO,Radio Norge,Skavland,1,2,N
2021,AU,7AD (900 AM),Devonport,1,2,N
2021,US,WBEB-FM,"Philadelphia, PA",1,2,N
2021,US,KYKY-FM (Y Saint Louis 98.1 FM),"St. Louis, MO",1,2,N
2021,CL,Radio Cooperativa,Santiago,1,2,N
2021,FR,FC Radio,Lyon,2,2,N
2021,BR,Cidade FM (Rio de Janeiro),"Rio de Janeiro, RJ",1,2,N
2021,BR,Rádio Cidade FM 98.1,"Gonzaga, MG",1,2,N
2021,US,KQBL-F3 (Boise 96.5 FM),"Boise, ID",1,2,N
2021,GB,Magic,London,1,2,N
2021,MX,XHLTN-FM [Radio Latina 104.5 FM],"Tijuana, BC",2,2,N
2021,MX,XHCTO-FM [Hits 93.1 FM],"Torreon, CO",2,2,N
2021,BR,Saudades FM,"Matao, SP",1,2,N
2021,US,La Suavecita 107.1 FM,"Seaside, CA",2,2,N
2021,NL,NPO Radio 5,Hilversum,1,2,N
2021,KR,KBS 1 Radio Main,Seoul,2,2,N
2021,DE,SWR Aktuell,Berlin,1,2,N
2021,US,KLLC-FM,"San Francisco, CA",1,2,N
2021,US,WZZK-FM,"Birmingham, AL",2,2,N
2021,DE,Radio Paloma,Berlin,1,1,N
2021,AU,Triple M Central West 1051.1,Newcastle,1,1,N
2021,AU,3BO (Triple M Bendigo 93.5),Bendigo,1,1,N
2021,AU,Triple M Central Queensland 101.5 & 95.1,Rockhampton,1,1,N
2021,AU,Triple M 99.5 FM,Cairns,1,1,N
2021,AU,hit93.1 Riverina,Bundaberg,1,1,N
2021,AU,2DBO (Hit Dubbo 93.5),Dubbo,1,1,N
2021,JP,ABC Radio,Osaka,1,1,N
2021,MX,XEJP-FM [Joya 93.7 FM],"Mexico City, DF",1,1,N
2021,US,"WBZ-AM (WBZ News radio 103,0FM)","Boston, MA",1,1,N
2021,CA,CKLH-FM [K-Lite 102.9],"Hamilton, ON",1,1,N
2021,US,Star 99.9,"Bridgeport, NJ",1,1,N
2021,MX,XHPAZ-FM [Super Stereo 96.7 FM],"La Paz, BS",1,1,N
2021,US,WFAN-FM,"De Land, FL",1,1,N
2021,US,WROX-FM (96X Norfolk),"Exmore, VA",1,1,N
2021,PH,Love Radio Manilla,Manila,1,1,N
2021,AU,Triple M [Sydney],Sydney,1,1,N
2021,NL,100% NL,Amsterdam,1,1,N
2021,US,WLW-AM (Newsradio 700 WLW),"Cincinnati, OH",1,1,N
2021,HK,RTHK Radio 2,Hong Kong,1,1,N
2021,HK,RTHK Radio 1,Hong Kong,1,1,N
2021,PH,YES FM Manilla,Manila,1,1,N
2021,MX,XHOCL-FM [Diego 99.3 FM],"Tijuana, BC",1,1,N
2021,US,WDRV-FM,"Milwaukee, WI",1,1,N
2021,AU,3YB (94.5 FM),Warrnambool,1,1,N
2021,US,WQDR-FM,"Rolesville, NC",1,1,N
2021,CA,CFWMFM [BOB FM 99.9],"Winnipeg, MB",1,1,N
2021,MX,XEOYE [Oye 89.7 FM],"Mexico City, DF",1,1,N
2021,AT,ORF Ö2 Radio Salzburg,Salzburg,1,1,N
2021,AT,ORF Ö2 Radio Niederösterreich,Sankt Pölten,1,1,N
2021,US,WIL-FM,"St. Louis, MO",1,1,N
2021,NZ,Coast,Auckland,1,1,N
2021,NZ,Mix,Auckland,1,1,N
2021,GB,Hallam 2,Leeds,1,1,N
2021,AU,2UUS,Wollongong,1,1,N
2021,GB,Greatest Hits Radio,London,1,1,N
2021,BE,Maximum FM,Liège,1,1,N
2021,US,Pulse 87 NY,"New York, NY",1,1,N
2021,US,WRMF-FM,"Palm Beach, FL",1,1,N
2021,AU,4RGR (Power 100),Townsville,1,1,N
2021,FI,Radio SuomiPOP,Fiskars,1,1,N
2021,FR,Fréquence K,Côte d'Azur,1,1,N
2021,US,WHAS-AM (NewsRadio WHAS Louisville 840 AM),"Louisville, KY",1,1,N
2021,PL,Radio Maryja,Bydgoszcz,1,1,N
2021,CA,CFPL-FM [London's Best Rock FM 96],"London, ON",1,1,N
2021,NZ,The Rock,Auckland,1,1,N
2021,BR,Mundo Livre FM Curitiba,"Curitiba, PR",1,1,N
2021,US,Spin Radio 107.1,"Easton, PA",1,1,N
2021,AU,C91.3 FM,Campbelltown,1,1,N
2021,HR,CLUB MUSIC RADIO - TAMBURA,Zagreb,1,1,N
2021,SG,Yes 933,Singapore,1,1,N
2021,DE,MDR THÜRINGEN Erfurt,Erfurt,1,1,N
2021,SG,Capital 95.8FM,Singapore,1,1,N
2021,BR,Radio So Flashack,Rio de Janeiro,1,1,N
2021,MX,XHPF-FM [Globo 101.9 FM],"Mexicali, BC",1,1,N
2021,PE,Radiomar 106.3 FM,Lima,1,1,N
2021,DE,Kulturradio rbb,Berlin,1,1,N
2021,US,WROV,"Martinsville, VA",1,1,N
2021,CA,CFYX FM93,"Mont-Joli, QC",1,1,N
2021,HR,Radio Kaj,Zagreb,1,1,N
2021,MX,XHQRT-FM [91 DAT 90.9 FM],"Queretaro, QT",1,1,N
2021,AT,ORF Ö2 Radio Vorarlberg,Bregenz,1,1,N
2021,TH,Mellow 97.5,Bangkok,1,1,N
2021,GB,Unity FM,Birmingham,1,1,N
2021,US,KLUV-FM,"Dallas, TX",1,1,N
2021,CA,Jewel 92,"Brantford, ON",1,1,N
2022,NG,Cool FM,Lagos,285,131145,Y
2022,NG,Naija FM 102.7,Lagos,332,98733,Y
2022,NG,The Beat 99.9 FM,Lagos,281,81766,Y
2022,NG,Wazobia FM,Lagos,331,70047,Y
2022,NG,Soundcity FM Lagos,Lagos,292,58227,Y
2022,NG,Raypower 100.5 FM,Abuja,345,32685,Y
2022,FR,Africa Radio,Paris,137,30387,N
2022,US,WKYS-FM,"Washington, D.C.",56,26519,N
2022,US,Hot 97,"New York, NY",58,26330,N
2022,NG,Inspiration 92.3 FM,Lagos,348,26127,Y
2022,KE,Hot 96,Nairobi,158,25494,N
2022,GB,The Beat (103.6FM),London,171,23311,N
2022,BE,Tarmac,Brussels,76,22343,N
2022,GB,BBC Radio 1 Xtra,London,187,22316,N
2022,US,KBFB,"Dallas, TX",53,20131,N
2022,GH,YFM,Accra,225,19973,N
2022,US,WWPR,"New York, NY",65,19361,N
2022,GB,KISS XTRA,London,85,19289,N
2022,US,Power 107.5,"Colombus, OH",39,19080,N
2022,KE,Radio Jambo,Nairobi,102,18801,N
2022,GB,Reprezent Radio,London,167,18659,N
2022,FR,Tropiques FM,Paris,62,18620,N
2022,KE,NRG Radio,Nairobi,165,18613,N
2022,US,WQOK-FM,"Raleigh-Durham, NC",31,18598,N
2022,NL,NPO FunX NL,Hilversum,99,18439,N
2022,NZ,Mai FM,Whangarei,36,18087,N
2022,US,KBXX,"Houston, TX",26,17895,N
2022,GB,Unity Xtra,Manchester,73,17643,N
2022,GB,Pie Radio UK,Manchester,127,17516,N
2022,US,WQUE,"New Orleans, LA",22,17029,N
2022,GH,Hitz FM,Accra,194,16694,N
2022,US,WHTA-FM,"Mableton, GA",44,16408,N
2022,FR,Générations (Lyon),Lyon,77,15865,N
2022,US,K104,"Dallas, TX",12,15831,N
2022,FR,Mouv',Paris,109,15804,N
2022,FR,Générations (IDF),Paris,80,15734,N
2022,US,WOWI,"Norfolk, VA",25,15627,N
2022,US,Z-107.9,"Cincinnati, OH",40,15298,N
2022,US,Hot 104.7,"Kennebunkport, ME",40,15224,N
2022,PT,Vodafone FM,Lisbon,10,15013,N
2022,GH,Starr FM,Accra,194,14871,N
2022,US,WGPR,"Detroit, MI",22,14767,N
2022,US,92Q Jams Baltimore,"Baltimore, MD",32,14569,N
2022,ZA,Y FM,Johannesburg,89,14554,N
2022,GB,Capital Xtra,London,117,14278,N
2022,GH,3 FM,Accra,197,14175,N
2022,GB,Ujima 98 FM,Bristol,240,14045,N
2022,GB,Westside Radio,London,162,13922,N
2022,FR,Blackbox,Bordeaux,16,13597,N
2022,US,KMEL,"San Francisco, CA",25,13402,N
2022,FR,Ado,Paris,38,13301,N
2022,US,102 JAMZ,"Reidsville, NC",21,12171,N
2022,NG,Splash 105.5 FM,Ibadan,284,11722,Y
2022,MA,Hit Radio Maroc,Rabat,41,11690,N
2022,US,KCAQ-FM,"Ventura, CA",22,11688,N
2022,US,WPOW,"Miami, FL",18,11656,N
2022,GH,Joy FM,Accra,188,11590,N
2022,US,LITT Hip-Hop,Los Angeles,34,11438,N
2022,US,KBLZ-FM (The Blaze Winona 102.7 FM),"Longview, TX",22,11419,N
2022,GH,Citi FM,Accra,182,11055,N
2022,US,WZMX,"Hartford, CT",57,10997,N
2022,US,WJMN,"Boston, MA",54,10926,N
2022,US,WBTJ,"Richmond, VA",29,10892,N
2022,FR,Skyrock,Paris,33,10708,N
2022,US,WDKX-FM,"Rochester, NY",48,10650,N
2022,GH,Class FM,Accra,168,10623,N
2022,US,95.7 Jamz,"Midfield, AL",21,10372,N
2022,TR,Power FM,Istanbul,27,10237,N
2022,DE,WDR Funkhaus Europa,Cologne,137,10224,N
2022,KE,Classic 105 FM,Nairobi,74,9941,N
2022,US,KOPW-FM (Omaha's Power 106.9 FM),"Plattsmouth, NE",26,9936,N
2022,US,WRSV,"Rocky Mount, NC",41,9900,N
2022,US,KPHW-FM (Power Hawaï 104.3 FM),"Houston, TX",14,9380,N
2022,US,KISV-FM,"Bakersfield, CA",15,9251,N
2022,GB,Kemet,Nottingham,137,9236,N
2022,AU,The Edge 96.ONE,Sydney,110,8889,N
2022,US,KUUU-FM (U92 Salt Lake City 92.5 FM),"South Jordan, UT",19,8840,N
2022,US,KWEE-FM,"Portland, OR",13,8802,N
2022,KE,Capital FM,Nairobi,156,8607,N
2022,US,KDGS-FM,"Wichita, KS",16,8391,N
2022,US,POWER106,"Los Angeles, CA",21,8391,N
2022,US,WHZT-FM,"Spartanburg, SC",19,8320,N
2022,US,Hot Z 95,"Corpus Christi, TX",20,8229,N
2022,GB,Rinse FM,London,143,8117,N
2022,NG,City FM,Ikeja,238,7828,Y
2022,US,KSFM-FM (KSFM Sacramento 102.5 FM),"Sacramento, CA",21,7825,N
2022,ZA,UCT Radio 104.5 FM,Cape Town,58,7773,N
2022,US,WPGC 95.5,"Washington, D.C.",26,7740,N
2022,JM,Zip FM,Kingston,74,7726,N
2022,US,KTFM-F2 (Energy San Antonio 94.1FM),"San Antonio, TX",8,7639,N
2022,US,KPAT-FM (The Beat San Maria 95.7 FM),"Orcutt, CA",18,7320,N
2022,US,Q97.1,"Visalia, CA",14,7299,N
2022,US,KZZP,"Phoenix, AZ",24,7156,N
2022,DE,Bremen Next,Bremen,46,7072,N
2022,US,WHHL,"St. Louis, MO",19,6967,N
2022,GB,Kiss FM,London,101,6855,N
2022,ZA,5FM,Bloemfontein,54,6841,N
2022,US,KRRL-FM Real 92.3,"Los Angeles, CA",17,6780,N
2022,PT,Mega Hits,Lisbon,33,6535,N
2022,ZA,VOW Voice of Wits 88.1 FM,Johannesburg,112,6480,N
2022,LB,Mix FM 104.4,Beirut,16,6465,N
2022,GP,NRJ Antilles | Guadeloupe,Basse-Terre,63,6431,N
2022,GB,Croydon FM,London,106,6388,N
2022,US,KEZE-FM (Hot 96.9FM Spokane),"Spokane, WA",16,6333,N
2022,LB,Virgin Radio 89.5,Bayrut,22,5854,N
2022,TR,Radyo Fenomen,Istanbul,8,5827,N
2022,FR,Urban Hit,Paris,46,5699,N
2022,GB,Foundation FM,London,115,5641,N
2022,BE,Fun Radio BL,Brussels,76,5500,N
2022,FR,Radio ECN,Mulhouse,24,5491,N
2022,SE,P3,Stockholm,64,5474,N
2022,FR,Radio Star (Sud),Marseille,9,5385,N
2022,DE,Kiss FM,Berlin,31,5296,N
2022,PT,Cidade,Lisbon,10,5273,N
2022,US,Wild 101,"Boise, ID",12,5247,N
2022,LU,L'essentiel Radio,Differdange,14,5190,N
2022,GB,New Style Radio,Birmingham,106,5144,N
2022,ZA,Metro FM,Johannesburg,91,5127,N
2022,BE,NRJ Belgique,Brussels,25,5081,N
2022,SC,Paradise FM,Saint Louis,93,4935,N
2022,GB,Colourful Radio,London,166,4913,N
2022,US,WBLS FM,"New York, NY",69,4792,N
2022,US,WPWX-FM,"Chicago, IL",71,4714,N
2022,RO,Radio Zu,Constanța,12,4599,N
2022,CH,One FM,Zürich,20,4554,N
2022,FR,NRJ,Paris,22,4497,N
2022,US,KIIS,"Los Angeles, CA",19,4443,N
2022,GH,Peace FM,Accra,144,4360,N
2022,GB,Platform B,Brighton,83,4355,N
2022,US,WVYB-FM,"Daytona Beach, FL",12,4262,N
2022,US,WVKL-FM (95.7 FM R&B Norfolk Urban Music),Norfolk,3,4189,N
2022,CH,SRF Virus,Basel,41,4137,N
2022,AT,Energy Hits,Vienna,4,4134,N
2022,US,WFLY-FM,"Troy, MI",13,4117,N
2022,US,WRRC,"Trenton, NJ",48,4087,N
2022,GF,NRJ GUYANE,Cayenne,42,3996,N
2022,BE,Bruzz,Brussels,116,3948,N
2022,GR,MAD Radio 106.2 FM,Athens,8,3944,N
2022,FR,Latina,Paris,9,3900,N
2022,FR,Fun Radio,Paris,29,3829,N
2022,US,KLJY-FM (JOY Saint Louis 99.1 FM),"St. Louis, MO",1,3822,N
2022,FR,Mixx FM,Cognac,10,3660,N
2022,FR,RTS FM,Montpellier,11,3619,N
2022,GB,BBC Radio 1,London,77,3611,N
2022,ZA,GoodHope FM,Cape Town,71,3550,N
2022,FR,Mistral FM,Toulon,16,3547,N
2022,GB,BCfm,Bristol,140,3515,N
2022,PT,Cidade Hip-Hop,Lisbon,5,3500,N
2022,US,KALV-FM (Live Phoenix 101.5 FM),"Phoenix, AZ",25,3461,N
2022,PT,Rádio Marginal,Cascais,10,3444,N
2022,US,WTDY-FM,"Philadelphia, PA",11,3431,N
2022,US,The Heat,"Washington, D.C.",13,3345,N
2022,RO,Kiss FM,Bucharest,31,3318,N
2022,GB,BBC Asian Network,Birmingham,81,3312,N
2022,US,KKOB,"Albuquerque, NM",14,3295,N
2022,GH,Adom FM,Accra,119,3201,N
2022,US,i106,"Nashville, TS",14,3201,N
2022,MX,Match FM,Mexico City,14,3198,N
2022,US,WNRW,"Louisville, KY",18,3189,N
2022,FI,Radio Rock,Helsinki,2,3083,N
2022,PT,Mix FM,Lisbon,39,3074,N
2022,FR,Montagne FM,Saint-Jean-de-Maurienne,10,3071,N
2022,CA,KWPZ-FM [Praise 106.5],"Vancouver, BC",1,3014,N
2022,US,Y101.7,"Jackson, MS",14,2969,N
2022,IE,Spin 1038,Dublin,67,2950,N
2022,FR,Maritima Radio,Marseille,11,2946,N
2022,US,KTBT,"Tulsa, OK",18,2889,N
2022,US,WGTS-FM,"Washington, D.C.",1,2863,N
2022,US,Rock 102,"Tucson, AR",1,2855,N
2022,FR,Voltage,Paris,6,2761,N
2022,US,KISO,"Omaha, NE",14,2740,N
2022,PT,Kiss FM Algarve,Albufeira,20,2667,N
2022,RO,ProFM Black,Bucharest,20,2660,N
2022,US,XHITZ,"San Diego, CA",12,2638,N
2022,FR,Radio Scoop,Roanne,7,2622,N
2022,US,WQLQ-FM,"South Bend, IN",6,2620,N
2022,FR,Toulouse FM,Toulouse,15,2619,N
2022,DK,The Voice,Copenhagen,11,2608,N
2022,US,WWWQ,"Atlanta, GA",12,2578,N
2022,RE,NRJ Réunion,Saint-Denis,34,2536,N
2022,US,WFBC-FM (B93.7 FM Greenville Pop Music),"Greenville, SC",9,2529,N
2022,AU,FBI,Sydney,157,2512,N
2022,GB,Capital FM [Edinburgh],Edinburgh,7,2472,N
2022,FR,Sweet FM,Le Mans,7,2458,N
2022,US,KSOC,"Dallas, TX",10,2445,N
2022,US,WWKL,"Harrisburg, PA",8,2440,N
2022,US,WARQ-FM,"Columbus, OH",7,2408,N
2022,US,99.7 NOW,"San Francisco, CA",29,2400,N
2022,MK,Antenna 5,Skopje,19,2369,N
2022,US,KHTS,"San Diego, CA",13,2361,N
2022,FR,RVM,Charleville-Mézières,5,2342,N
2022,US,WAMJ-FM,"Atlanta, GA",20,2317,N
2022,GB,Capital FM [London],London,11,2310,N
2022,GB,Capital FM [Liverpool],Liverpool,9,2308,N
2022,US,WKSE-FM (KISS Niagara Falls 98.5FM),"Niagara Falls, NY",6,2299,N
2022,GB,2BR,Manchester,8,2285,N
2022,FR,Vibration,Orléans,8,2266,N
2022,GB,Capital South Wales,Cardiff,7,2253,N
2022,DK,DR P3,Copenhagen,65,2251,N
2022,US,WLZX-FM,"Springfield, MA",1,2249,N
2022,FR,Activ Radio,Saint-Etienne,9,2229,N
2022,FR,Radio 6,Calais,3,2222,N
2022,FR,Kiss FM [Toulon/Marseille],Marseille,12,2217,N
2022,FR,Kiss FM [St Tropez/Monaco],Nice,11,2208,N
2022,FR,Nova,Paris,49,2203,N
2022,ID,Z 99.9 FM,Jakarta,7,2170,N
2022,TH,MCOT-Met 107 FM,Bangkok,17,2157,N
2022,RE,EXO FM,Saint Denis,35,2132,N
2022,US,WQLZ,"Springfield, IL",1,2121,N
2022,US,103.7 KISS FM,"Milwaukee, WI",7,2105,N
2022,FR,Flash FM,Limoges,11,2098,N
2022,FR,Horizon,Rouen,8,2032,N
2022,FR,Oxygène Radio,Segré,12,2012,N
2022,US,WWPW,"Atlanta, GA",19,1997,N
2022,FR,Tendance Ouest,Rouen,5,1965,N
2022,DE,Jam FM,Berlin,30,1956,N
2022,FR,Radio 8,Sedan,7,1951,N
2022,GH,Pluzz FM,Ghana,102,1941,N
2022,US,XHTO,"El Paso, TX",12,1929,N
2022,GB,Pulse 88,London,31,1925,N
2022,US,Planet 102.3,"Corpus Christi, TX",12,1917,N
2022,DE,L'Unico,Paderborn,7,1891,N
2022,FR,Flor FM,Mulhouse,10,1885,N
2022,DE,1Live Diggi,Düsseldorf,17,1861,N
2022,FR,Radio Numero 1,Bourges,4,1851,N
2022,NL,SLAM!,Hilversum,18,1849,N
2022,DE,Dasding,Stuttgart,85,1824,N
2022,US,Radio Milwaukee: WYMS,Milwaukee,42,1824,N
2022,US,WKSC,"Chicago, IL",17,1817,N
2022,ZA,Heart FM,Cape Town,45,1807,N
2022,US,KBFF,"Portland, OR",9,1807,N
2022,IE,RTÉ 2FM,Dublin,55,1799,N
2022,US,WNYU-FM,"New York, NY",71,1798,N
2022,ZA,947,Rivonia,38,1794,N
2022,US,KEXP,"Seattle, WA",138,1771,N
2022,CH,Energy Zürich,Zürich,9,1763,N
2022,US,WDJQ-FM (Q92 Radio),"Alliance, OH",20,1731,N
2022,US,WPIA-FM (KISS FM Peoria 98.5),"Eureka, CA",20,1723,N
2022,MX,XHFAJ-FM [Alfa 91.3],"Mexico City, DF",6,1723,N
2022,FR,Radio ISA,Grenoble,6,1717,N
2022,MQ,MIXX FM MARTINIQUE,Fort-de-France,17,1695,N
2022,NL,Radio Decibel,Hilversum,2,1691,N
2022,GB,Radio Cardiff,Cardiff,64,1679,N
2022,ID,101.4 Trax FM,Jakarta,9,1675,N
2022,US,WPXY-FM (98 PXY Rochester 97.9 FM),"Rochester, NY",9,1664,N
2022,FR,Konbini Radio,Paris,90,1660,N
2022,FI,Radio City,Helsinki,3,1652,N
2022,US,Kiss FM,"De Pere, WI",8,1642,N
2022,US,105.9 KISS-FM,"Lawrence, KS",15,1641,N
2022,US,WEZB,"New Orleans, LA",9,1632,N
2022,US,KLLY-FM,"Bakersfield, CA",10,1625,N
2022,FR,100%,Carcassonne,5,1612,N
2022,ES,MegaStar FM,Madrid,9,1603,N
2022,FR,Tonic Radio,Lyon,9,1601,N
2022,FR,Direct FM,Metz,5,1588,N
2022,FR,Radio Camargue,Nîmes,4,1583,N
2022,FR,Prun',Nantes,42,1581,N
2022,FR,Metropolys,Lille,7,1579,N
2022,FR,Littoral FM,Narbonne,3,1564,N
2022,GB,Reform Radio,Manchester,98,1558,N
2022,US,KYLD [WILD 94.9],"San Francisco, CA",21,1553,N
2022,FR,Evasion,Évry,4,1537,N
2022,CH,NRJ Energy Basel,Liestal,8,1533,N
2022,BE,Tipik [ex Pure FM],Liège,39,1532,N
2022,FR,Radio ONE,Agde,4,1507,N
2022,UY,Concierto Punta 95.1 FM,Punta del Este,14,1493,N
2022,US,WKSL,"Jacksonville, FL",21,1491,N
2022,US,WAKS,"Cleveland, OH",13,1489,N
2022,BE,Studio Brussel,Brussels,83,1488,N
2022,US,WHTZ,"New York, NY",12,1486,N
2022,IT,Radio Ibiza,Naples,28,1468,N
2022,FR,Jordanne FM,Aurillac,9,1465,N
2022,FI,YLE X3M,Helsinki,43,1461,N
2022,FR,Inside,Pau,7,1461,N
2022,IT,Radio m2o,Lazio,31,1460,N
2022,BE,NRJ België,Brussels,39,1454,N
2022,US,WNDV-FM,"South Bend, IN",16,1453,N
2022,FR,Radio Contact,Lille,9,1447,N
2022,FR,Jaime Radio,Lorient,12,1440,N
2022,US,KBPI,"Denver, CO",1,1431,N
2022,US,WRIF,"Detroit, MI",1,1430,N
2022,US,KFCO-FM,"Bennett, CO",7,1426,N
2022,FR,N'Radio,Soissons,3,1421,N
2022,FR,Lor'FM,Metz,7,1414,N
2022,FR,Fréquence Grands Lacs,Bordeaux,3,1411,N
2022,FR,Nova [Bordeaux],Bordeaux,46,1399,N
2022,US,WDHT-FM,"Springfield, IL",8,1399,N
2022,IT,Radio Raheem,Milano,49,1397,N
2022,FR,Radio Campus Besançon,Besançon,29,1395,N
2022,PH,Monster RX 93.1,Manila,22,1392,N
2022,US,WKQI,"Detroit, MI",18,1386,N
2022,US,WFLZ,"Tampa, FL",14,1386,N
2022,IT,Radio Playstudio,Emilia–Romagna,38,1382,N
2022,US,KTFM,"San Antonio, TX",5,1381,N
2022,US,WIOQ,"Philadelphia, PA",19,1380,N
2022,US,WZNF,"Biloxi, MS",7,1379,N
2022,BR,Metropolitana Pop,São Paulo,3,1378,N
2022,FR,Radio Intensité,Châteaudun,12,1370,N
2022,CH,NRJ Energy Bern,Bern,6,1357,N
2022,US,1075 KZL,"Winston-Salem, NC",9,1350,N
2022,BE,MNM,Veltem-Beisem,55,1339,N
2022,FI,HitMix,Helsinki,4,1336,N
2022,TR,Metro FM,Istanbul,7,1335,N
2022,US,KUPD,"Phoenix, AZ",1,1329,N
2022,HU,Petofi,Budapest,24,1328,N
2022,BR,Metropolitana 98.5 FM,"São Paulo, SP",10,1321,N
2022,FR,Radio VFM,Vire,13,1320,N
2022,MX,XHJD-FM [D99 ],"Monterrey, NL",8,1319,N
2022,FR,Delta FM,Dunkirk,6,1310,N
2022,CH,RTS Couleur 3,Mont Salève,107,1302,N
2022,FR,RFI,Paris,83,1298,N
2022,NO,Radio Rock,Oslo,2,1297,N
2022,NO,NRK mP3,Oslo,7,1295,N
2022,MX,XHOB-FM [Factor 93.1 FM],"San Luis Potosi, SL",6,1274,N
2022,TR,Virgin Radio,Istanbul,7,1268,N
2022,FR,Fusion FM,Vichy,10,1257,N
2022,FR,Wit FM,Angoulême,2,1255,N
2022,FR,Top Music,Strasbourg,1,1248,N
2022,FR,Radio Phénix,Caen,11,1243,N
2022,FR,Fréquence Plus,Beaune,4,1236,N
2022,US,WDJX,"Louisville, KY",10,1232,N
2022,US,Hot 104 Radio,"Houston, TX",9,1231,N
2022,DE,Bonn FM,Bonn,11,1225,N
2022,DE,Radio Primavera,Offenbach,47,1206,N
2022,GB,All FM,Manchester,101,1202,N
2022,US,WZYP,"Huntsville, AL",11,1202,N
2022,BE,Contact,Mons,43,1200,N
2022,US,ENERGY98,"Portland, OR",2,1197,N
2022,US,WXXL,"Orlando, FL",13,1196,N
2022,CA,JUMP! 106.9,"Ottawa, ON",13,1195,N
2022,US,Hitz 104.9,"Visalia, CA",6,1195,N
2022,FR,Magnum La Radio,Mulhouse,7,1192,N
2022,FR,RMN,Pontivy,10,1186,N
2022,US,Hot 93.3,"Dallas, TX",7,1183,N
2022,BG,NRJ Radio ENERGY,Sofia,3,1180,N
2022,FR,Plein Air,Besançon,13,1174,N
2022,GR,Kosmos Radio 93.6 & 107.0,Athens,27,1155,N
2022,FR,Nevers FM,Nevers,5,1149,N
2022,GB,NTS,London,136,1138,N
2022,NO,NRK P3,Steigen,37,1133,N
2022,SG,987FM,Singapore,6,1133,N
2022,US,WDCG,"Raleigh, NC",14,1133,N
2022,GH,Asaase Radio,Accra,81,1128,N
2022,US,WAYV-FM,"Atlanta, GA",8,1128,N
2022,FI,YLEX,Helsinki,58,1116,N
2022,US,WIYY,"Baltimore, MD",3,1102,N
2022,DE,Big FM,Saarbrücken,47,1101,N
2022,US,WYKS,"Gainesville, GA",6,1096,N
2022,RS,Radio AS FM,Novi Sad,32,1093,N
2022,AU,Triple J,Sydney,61,1085,N
2022,GB,Kerrang!,London,1,1085,N
2022,US,KHTT,"Tulsa, OK",10,1082,N
2022,US,KKXX-FM,"Bakersfield, CA",8,1081,N
2022,ZA,Ukhozi FM,Johannesburg,55,1080,N
2022,GB,BBC Radio 6,London,45,1080,N
2022,FR,Radio Monaco,Moneghetti,30,1080,N
2022,LU,Eldoradio Live,Luxembourg,17,1075,N
2022,AU,Double J,Canberra,20,1075,N
2022,US,KXXM,"San Antonio, TX",14,1074,N
2022,DK,myROCK,Copenhagen,2,1063,N
2022,ZA,Radio NFM Nuus,Cape Town,76,1057,N
2022,BE,Urgent FM,Ghent,42,1049,N
2022,US,WWXM,"Myrtle Beach, SC",12,1043,N
2022,US,KQCH-FM - Channel 94.1,"Omaha, NE",12,1037,N
2022,CH,Radio X,Basel,81,1036,N
2022,GB,Soho Radio,London,102,1026,N
2022,FR,K6 FM,Dijon,4,1025,N
2022,AT,KroneHit Electric,Vienna,7,1018,N
2022,BG,Avto Radio,Sofia,2,1016,N
2022,NZ,ZM,Auckland,10,1010,N
2022,SE,P4,Stockholm,12,1010,N
2022,US,WMMR,"Philadelphia, PA",2,1006,N
2022,ZA,MFM 92.6,Stellenbosch,38,1000,N
2022,PT,RTP Antena 3,Lisbon,23,1000,N
2022,US,98.9 Magic FM,"Colorado Spring, CO",6,998,N
2022,FR,Radio En Construction,Strasbourg,13,995,N
2022,MY,Hitz FM Kota Kinabalu,Kota Kinabalu,13,986,N
2022,PL,Radio Kampus FM,Warsaw,44,977,N
2022,US,WHQC,"Charlotte, NC",14,974,N
2022,IT,Canale Italia,Veneto,6,963,N
2022,FR,C Lab,Rennes,60,958,N
2022,CO,La X 103.9 FM,Bogotá,17,952,N
2022,DE,Byte FM,Hamburg,59,951,N
2022,IT,Deejay,Milan,23,947,N
2022,GH,Neat FM,Accra,119,944,N
2022,US,KHFI,"Austin, TX",12,941,N
2022,US,WXXX,"Burlington, VT",15,941,N
2022,MX,XHQRT-FM [91 DAT 90.9 FM],"Queretaro, QT",2,939,N
2022,EE,ERR Raadio 2,Rakvere,84,934,N
2022,NL,Radio FunX Fissa,Amsterdam,36,932,N
2022,ID,Motion 97.5,Jakarta,15,928,N
2022,US,KMCK-FM (Power Arkansas 105.7FM),"Fayetteville, AR",5,917,N
2022,PT,RFM,Lisbon,9,915,N
2022,ES,iCat FM,Barcelona,31,913,N
2022,US,WLDI,"West Palm Beach, FL",14,912,N
2022,ID,Phoenix Radio 91 FM,Bali,16,905,N
2022,PE,Onda Cero,Lima,2,904,N
2022,FR,Beur FM,Paris,4,903,N
2022,PE,Studio92,Lima,10,900,N
2022,US,WXRV-FM,"Needham, MA",4,897,N
2022,GB,Slack City,London,57,896,N
2022,MX,XHPOP-FM [Radio Disney 99.3],"Mexico City, DF",5,894,N
2022,US,WZFT,"Baltimore, MD",15,889,N
2022,FR,Top FM,Marseille,8,872,N
2022,CH,Virgin Hits,Bern,1,871,N
2022,FR,Radio Campus Clermont Ferrand,Clermont-Ferrand,29,870,N
2022,CH,Toxic FM,Sankt Gallen,10,870,N
2022,DE,Planet Radio,Frankfurt,78,869,N
2022,FR,Radio Alfa,Paris,8,869,N
2022,US,WZPL,"Indianapolis, IN",8,864,N
2022,NZ,Rhema,Auckland,4,860,N
2022,DE,Die Neue Welle,Karlsruhe,3,856,N
2022,US,WCGQ-FM,"Columbus, OH",13,854,N
2022,PT,Rádio Canal FM,Angra do Heroísmo,14,848,N
2022,US,K92,"Roanoke, VA",9,843,N
2022,US,CIDR,"Detroit, MI",21,843,N
2022,US,KDWB,"Minneapolis, MN",16,836,N
2022,US,WHYI,"Miami, FL",12,834,N
2022,MX,XHGR-FM - Los 40 Xalapa - 104.1 FM,"Xalapa, VE",11,834,N
2022,FR,RCV99,Lille,41,833,N
2022,GB,SWU FM,Bristol,68,831,N
2022,DE,UnserDing,Saarbrücken,28,829,N
2022,US,Star 102.1,"Knoxville, TN",10,828,N
2022,LT,Radiocentras,Alytus,9,827,N
2022,HR,Prvi karlovački - WOW Hits,Karlovac,24,827,N
2022,BE,Sud Radio,Izel,4,824,N
2022,US,WJFX-FM (Online Fort Wayne Hot 107.9 FM),"Fort Wayne, IN",10,823,N
2022,FR,Chérie FM,Paris,3,823,N
2022,US,WKRZ-FM (98.5 KRZ FM Wilkes Barre),"Wilkes-Barre, PA",15,818,N
2022,PH,Magic 89.9,Manila,12,816,N
2022,GB,Cool FM,Belfast,11,816,N
2022,BE,Kif Radio,Brussels,43,810,N
2022,BG,N-JOY,Sofia,3,800,N
2022,FR,Radio Grenouille,Marseille,59,796,N
2022,AT,FM4,Vienna,57,795,N
2022,PT,Rádio Comercial,Lisbon,4,795,N
2022,CA,Virgin Radio (CKFM-FM),Toronto,22,794,N
2022,US,Pandora Now,"Washington, D.C.",8,794,N
2022,BE,MNM Hits,Brussels,3,788,N
2022,US,KXNA-FM (The X Arkansas 104.9 FM),"Fayetteville, AR",1,787,N
2022,DE,NDR Blue,Hamburg,69,785,N
2022,BG,Radio Fresh 100.3,Sofia,2,785,N
2022,CA,CIBL,"Montreal, QC",50,781,N
2022,US,WNCI,"Columbus, OH",14,778,N
2022,ES,Los 40,Rioja,7,776,N
2022,ES,Marcha FM,Las Palmas,6,775,N
2022,DE,Rock Antenne,Ingolstadt,2,775,N
2022,MX,XHERZ-FM [Los 40 93.1],"Leon, GT",11,774,N
2022,IL,Beat Radio,Jerusalem,10,766,N
2022,CO,La X,Medellín,14,763,N
2022,FR,Champagne FM,Château-Thierry,1,762,N
2022,GB,Hot Radio,Poole,23,757,N
2022,FR,FOREVER,Bordeaux,6,755,N
2022,GB,Worldwide FM,London,90,754,N
2022,ES,Los 40 Dance [Máxima FM],Barcelona,19,749,N
2022,NO,NRK P13,Oslo,15,744,N
2022,DE,1Live,Düsseldorf,32,741,N
2022,FR,Tsugi,Paris,26,739,N
2022,ID,94.8 DJFM,Surabaya,15,739,N
2022,FR,Radio Zenith Messina,Messina,8,737,N
2022,US,KUDL,"Sacramento, CA",7,736,N
2022,LV,Latvijas radio 5,Riga,27,736,N
2022,IT,Radio Spazio Blu,Lazio,9,734,N
2022,FR,Oui FM,Paris,1,733,N
2022,RO,Radio Deep Romania,Bucharest,8,728,N
2022,IL,KZ Radio Israel,Jerusalem,108,725,N
2022,US,WKDU,"Philadelphia, PA",71,724,N
2022,US,WRVW,"Nashville, TS",16,721,N
2022,US,Colorado Public Radio's Open Air,"Laporte, IN",4,720,N
2022,DE,Deutschlandfunk Nova,Köln,13,712,N
2022,IE,Beat 102 103,Dungarvan,15,712,N
2022,BR,Mix FM Rio,Rio de Janeiro,11,706,N
2022,PT,Rádio Oxigénio,Lisbon,28,706,N
2022,IT,Radio Globo,Rome,5,704,N
2022,FR,FIP,Paris,22,702,N
2022,IE,FM104,Dublin,46,700,N
2022,FR,Radio Flash,Montpellier,1,700,N
2022,FR,Radio Arc en Ciel,Strasbourg,7,697,N
2022,US,KQKS-FM (KS 107.5FM Denver Rythmic Music),"Denver, CO",17,696,N
2022,SC,SBC Radyo Sesel,Victoria,31,692,N
2022,LT,Zip FM,Vilnius,15,687,N
2022,US,KCRW,"Los Angeles, CA",51,684,N
2022,ZA,East Coast Radio,Durban,26,680,N
2022,US,Pitbull Globalization,"Washington, D.C.",7,679,N
2022,DE,Jam Fm New Music Radio,Berlin,14,675,N
2022,CL,Radio Futuro,Santiago,4,668,N
2022,CH,my105 - dance,Bern,3,664,N
2022,GB,North Manchester FM,Manchester,44,659,N
2022,MX,XHMOR-FM [La 99.1 FM],"Yautepec, ML",5,659,N
2022,CA,CING-FM [Fresh 95.3 FM],"Hamilton, ON",14,658,N
2022,IT,Ciccio Riccio,Specchia,44,657,N
2022,DE,917 X FM,Hamburg,2,656,N
2022,LT,Radio M-1,Vilnius,7,653,N
2022,AU,Triple R,Melbourne,79,645,N
2022,BR,Jovem Pan FM Florianópolis,"Belo Horizonte, MG",6,644,N
2022,MY,Hitz FM Kuala Lumpur,Kuala Lumpur,11,644,N
2022,DE,Radio Seefunk RSF,Lake Constance,3,643,N
2022,CA,CHUM,"Toronto, ON",6,641,N
2022,US,Power 96.5 FM,"Springfield, IL",9,641,N
2022,PE,Radio Disney Peru,Lima,3,640,N
2022,NZ,George FM,Tauranga,15,640,N
2022,MX,XHESL [Exa 102.1 FM],"San Luis Potosi, SL",6,637,N
2022,DE,Radio HBW - Harz-Borde-Welle,Aschersleben,59,636,N
2022,MX,XHDK-FM [Planeta 94.7 ],"Guadalajara, JA",3,636,N
2022,BE,RGR FM,Westerlo,8,631,N
2022,AU,PBS,Melbourne,94,627,N
2022,CL,Viña FM,Viña del Mar,9,626,N
2022,IT,Radio Piterpan,Veneto,27,624,N
2022,AT,88.6 Wien,Vienna,2,624,N
2022,DE,MDR Sputnik,Halle (Saale),29,623,N
2022,US,WXKS,"Boston, MA",13,613,N
2022,CH,SRF3,Zürich,26,605,N
2022,MX,XHCEL-FM [El y Ella 103.7 FM],"Celaya, GT",4,604,N
2022,TW,ICRT,Taiwan,28,601,N
2022,FR,Radio Menergy,Albi,6,601,N
2022,IL,Kol Rega 91.5 FM,Haifa,12,600,N
2022,CA,CBC Radio 2 Halifax,"Saint John, NB",34,596,N
2022,US,KJYO,"Oklahoma City, OK",14,593,N
2022,DE,CT Das Radio,Bochum,12,590,N
2022,US,KISW,"Seattle, WA",2,589,N
2022,US,WKRQ-FM (Q102 WKRQ Cincinnati),"Cincinnati, OH",5,586,N
2022,FR,Graf'HIT,Amiens,7,586,N
2022,CA,CJFM-FM [Virgin Radio 96],"Montreal, QC",9,583,N
2022,US,WFMF,"Baton Rouge, LA",12,581,N
2022,HR,Antena Zagreb,Zagreb,6,578,N
2022,NL,Radio 538,Hilversum,11,577,N
2022,GH,Sunny FM,Accra,28,575,N
2022,DE,Radio Klinikfunk,Wiesbaden,8,575,N
2022,US,WICB,"Ithaca, NY",28,573,N
2022,MA,Radio Mars,Casablanca,17,571,N
2022,CA,CISM,"Montreal, QC",42,571,N
2022,IT,Controradio Firenze,Firenze,15,570,N
2022,DE,LandesWelle,Erfurt,3,568,N
2022,CH,Rabe,Bern,48,565,N
2022,BR,Jovem Pan,"São Paulo, SP",8,551,N
2022,GB,Fubar Radio,London,20,551,N
2022,DE,Fritz,Potsdam,29,549,N
2022,SG,Yes 933,Singapore,5,549,N
2022,MX,XHMA-FM,"Guadalajara, JA",9,548,N
2022,AU,RTR,Perth,87,541,N
2022,RU,NRJ Energy,Moscow,15,538,N
2022,AR,Metro 95.1,Buenos Aires,9,536,N
2022,US,KHKS,"Dallas, TX",15,536,N
2022,US,KPTT,"Denver, CO",11,536,N
2022,IT,Radio Company,Udine,22,534,N
2022,ES,Radio Marca Barcelona,Barcelona,4,532,N
2022,IT,Radio Studio Piu',Pedaso,20,531,N
2022,GB,The Wave 96.4 FM,London,7,529,N
2022,HR,HR2 - Drugi program,Zagreb,14,528,N
2022,FR,Sea FM,Avranches,4,523,N
2022,FR,FC Radio,Lyon,2,523,N
2022,DE,You FM,Frankfurt,19,521,N
2022,BR,Energia 97 FM,"São Paulo, SP",6,521,N
2022,MX,XHEXA [EXA 104.9],"Mexico City, DF",6,521,N
2022,US,Hits 1,"Washington, D.C.",4,520,N
2022,CO,Los 40 Principales,Cali,4,518,N
2022,DE,Radio Köln,Köln,14,513,N
2022,IS,95.7 FM,Reykjavík,5,508,N
2022,UA,Lux FM 103.1 (Pадіо Люкс),Kiev,1,508,N
2022,MY,Hitz FM Kuching,Kuching,12,507,N
2022,GB,Delite Radio,London,63,506,N
2022,CA,CKIS-FM (Kiss 92.5),Toronto,21,505,N
2022,DE,Radio Bonn/Rhein-Sieg,Bonn/Rhein-Sieg,8,502,N
2022,BE,DH Radio,Perwez,4,500,N
2022,DE,Antenne Niederrhein,Düsseldorf,7,497,N
2022,GB,Moray Firth Radio,Inverness,9,497,N
2022,CH,LoRa,Zürich,69,496,N
2022,FR,Radio U,Brest,13,496,N
2022,DE,Radio Z,Nürnberg,53,494,N
2022,US,Mix 93.9,"Kansas City, MO",5,493,N
2022,FR,Wave Radio,Soorts-Hossegor,11,489,N
2022,DE,N-Joy,Hamburg,27,488,N
2022,CH,Rhône FM,Bern,9,488,N
2022,UY,FM Del Hum,Mercedes,7,487,N
2022,DE,FluxFM,Berlin,18,486,N
2022,IE,Classic Hits 4FM,Dublin,4,482,N
2022,US,KRUF-FM (K945 Shreveport 94.5 FM),"Shreveport, LA",9,480,N
2022,GB,Hits Radio Staffordshire and Cheshire,Stoke-on-Trent,9,477,N
2022,GB,Heart FM,London,9,477,N
2022,BR,Rádio Mix FM,"São Paulo, SP",9,476,N
2022,HR,Radio 101,Zagreb,7,475,N
2022,FR,Vinci - Autoroute FM,Alpes Provence,7,475,N
2022,US,WYRG,"Indianapolis, IN",1,472,N
2022,RO,Europa FM,Bucharest,9,471,N
2022,GB,Forth 1,Balerno,11,469,N
2022,SM,Radio San Marino,San Marino,11,469,N
2022,US,HOT 96.9 Boston,"Boston, MA",7,468,N
2022,CL,Radio Disney Chile 104.9 FM Santiago,Santiago,4,468,N
2022,CH,Radio Vostok,Genève,10,468,N
2022,FR,Radio RMB,Montluçon,29,466,N
2022,GB,BBC London,London,41,465,N
2022,AR,Delta 90.3,Buenos Aires,14,463,N
2022,DE,Radio 91.2 Lokalfunk Dortmund,Dortmund,8,462,N
2022,GB,Premier Gospel,London,24,460,N
2022,IT,Radio Verona,Verona,10,460,N
2022,MX,ULTRA 92.5 FM PUEBLA,"Puebla, PU",9,458,N
2022,TH,Mellow 97.5,Bangkok,8,455,N
2022,DE,Radio Brocken,Halle (Saale),1,451,N
2022,CH,Radio Ticino,Ticino,3,451,N
2022,BE,VivaCite,Profondeville,7,450,N
2022,MT,89.7 Bay,Valletta,7,446,N
2022,DE,HAMBURG ZWEI,Bergedorf,2,446,N
2022,AL,Radio Tirana 2,Tirana,2,443,N
2022,NL,Qmusic,Amsterdam,9,441,N
2022,GB,KMFM,Tonbridge,12,441,N
2022,CH,RaSa,Schaffhausen,56,440,N
2022,US,KZHT,"Salt Lake City, UT",12,440,N
2022,GB,Planet Rock,London,1,440,N
2022,GB,Key 103,Manchester,8,439,N
2022,IL,Galgalatz,Jerusalem,23,438,N
2022,BE,Qmusic,Bruges,35,436,N
2022,NO,NRJ Norway,Bergen,5,436,N
2022,GB,Amazing Radio,London,24,435,N
2022,IT,Rai 2,Lazio,19,434,N
2022,MX,Ya! FM Villahermosa,"Villahermosa, TB",3,432,N
2022,IT,Radio Rosa,Poggibonzi,14,432,N
2022,US,WKNC,"Raleigh, NC",14,432,N
2022,DE,Rock Antenne Hamburg,Hamburg,2,431,N
2022,GB,Radio Borders,Ashkirk,12,430,N
2022,FR,Canal FM,Aulnoye-Aymeries,3,428,N
2022,CO,Radionica,Bogotá,20,428,N
2022,RU,ХИТ FM 107.4 (Hit FM),Moscow,15,425,N
2022,DE,Radio Top 40,Erfurt-Jena,11,424,N
2022,MX,XHMLS-FM [Éxitos 91.3 FM],"Matamoros, TM",4,424,N
2022,US,KXCI,"Tucson, AR",44,423,N
2022,ID,105 KISS FM,Medan,14,423,N
2022,DE,Antenne [Düsseldorf],Düsseldorf,8,422,N
2022,MX,W Radio 96.9 FM,"Mexico City, DF",10,421,N
2022,DE,rbb 88.8 FM,Berlin,7,420,N
2022,HR,Enter Zagreb,Zagreb,10,418,N
2022,US,Octane,"Washington, D.C.",1,418,N
2022,DE,RBB Radioeins,Berlin,33,417,N
2022,ID,Radio Pinguin 102.8 FM,Denpasar,6,414,N
2022,US,WZEE,"Madison, WI",12,413,N
2022,US,Wired 96.5,"Philadelphia, PA",7,412,N
2022,FR,Radio Campus Paris,Paris,29,412,N
2022,AU,Radio Metro,Gold Coast,23,411,N
2022,US,WJRR,"Orlando, FL",1,411,N
2022,US,KIOZ,"San Diego, CA",2,410,N
2022,DE,"Radio Gong 106,9 Würzburg",Würzburg,6,409,N
2022,ES,Ràdio Flaixbac,Barcelona,5,408,N
2022,MX,XHTS-FM [Ya! 102.9 FM],"Veracruz, VE",6,407,N
2022,IT,Radio Marte 2,Campania,10,406,N
2022,CH,Radio Zürisee,Zurich,6,406,N
2022,RU,Capital FM Moscow,Moscow,8,403,N
2022,BR,Coca-Cola FM,São Paulo,4,402,N
2022,MX,XHTP-FM [Sensación 95.5],"Xalapa, VE",16,399,N
2022,US,Venus,"New York, NY",2,399,N
2022,IT,RTL 102.5,Rome,6,397,N
2022,RU,Europa Plus,Moscow,5,397,N
2022,JP,J-WAVE,Tokyo,52,396,N
2022,AU,KIIS 1065,Sydney,15,396,N
2022,FR,Radio Béton,Tours,43,395,N
2022,NZ,95bFM,Auckland,46,395,N
2022,GB,Tay FM,Dundee,10,395,N
2022,CA,CJSR,"Edmonton, AB",29,394,N
2022,US,X98.5,"Anderson, SC",1,394,N
2022,FR,Radio Mega,Montélimar,22,393,N
2022,IE,iRadio,Dublin,12,392,N
2022,DE,MDR Tweens,Leipzig,8,392,N
2022,IT,Radio Jukebox,Cosenza,2,391,N
2022,PE,Radio La Zona,Lima,4,391,N
2022,FR,Beaub FM,Limoges,8,389,N
2022,OM,Virgin Radio - Oman,Mascate,8,388,N
2022,FR,Radio Dio,Saint-Etienne,11,388,N
2022,ID,Solo Radio 92.9 FM,Surakarta,16,387,N
2022,CA,CJUM-FM UMFM,Winnipeg,37,381,N
2022,GB,C.F.M.,Carlisle,8,381,N
2022,US,KKUU U92.7 FM,"Palm Springs, CA",7,380,N
2022,US,KCDZ Z107.7 FM,"St. Louis, MO",7,377,N
2022,FR,Radio SCOOP Gold,Gap,7,376,N
2022,DE,Classic Rock Radio,Saarbrücken,2,373,N
2022,US,WZOK,"Rockford, IL",13,372,N
2022,CZ,Evropa 2,Prague,8,372,N
2022,GB,Clyde 1,Glasgow,15,370,N
2022,GB,Northsound 1,Aberdeen,9,369,N
2022,FR,Raje,Paris,26,368,N
2022,EE,Power Hit Radio,Tallinn,3,368,N
2022,MX,XHUIA-FM [Ibero 90.9],"Mexico City, DF",39,367,N
2022,DE,Radio Nordseewelle,Aurich,5,363,N
2022,GB,Gorgeous FM,Birmingham,26,362,N
2022,GB,Premier Christian Radio,London,13,361,N
2022,DE,Ego FM,Munich,27,361,N
2022,CH,Radio Bern 1,Bern,9,361,N
2022,MT,Vibe FM,Valletta,14,360,N
2022,GB,Kisstory,London,19,359,N
2022,MY,Best FM,Kuala Lumpur,5,358,N
2022,NZ,Radio Live,Oamaru,2,358,N
2022,FR,RFM,Paris,3,356,N
2022,PL,Radio Afera,Poznań,9,355,N
2022,PL,Radio Bielsko,Bielsko-Biała,5,354,N
2022,GB,SG1 Radio,Stevenage,32,353,N
2022,DE,Deutsche Welle,Vienna,35,350,N
2022,DZ,Chaine III,Algiers,42,350,N
2022,US,WEBN-F2 (WEBN 102.7FM Cincinnati),"Cincinnati, OH",1,349,N
2022,AU,6CST,Mandurah,7,347,N
2022,NL,Qmusic Non-Stop,Hilversum,2,347,N
2022,IT,Radio 105,Lombardy,26,346,N
2022,AU,Kiss FM,Melbourne,82,345,N
2022,CZ,ČRo Radio Wave,Prague,16,345,N
2022,TR,Joy FM,Istanbul,4,345,N
2022,BR,Kiss FM,"São Paulo, SP",1,345,N
2022,SK,RTV Rádio_FM,Bratislava,27,344,N
2022,CH,Radio Chablais,Bern,3,342,N
2022,MX,XHNU-FM [Súper 94.5 FM],"Acapulco, GR",7,338,N
2022,DE,Jump,Halle (Saale),3,338,N
2022,DE,Das Neue Rsa Radio,Frankfurt,1,336,N
2022,US,The Joint,"Washington, D.C.",6,334,N
2022,ES,RAC 105,Barcelona,2,334,N
2022,UA,Lux FM (Pадіо Люкс) Lviv,L'viv,1,333,N
2022,FR,Impact FM,Lyon,2,333,N
2022,CH,Rete Tre,Ticino,29,332,N
2022,GB,West Sound,Ayrshire,1,332,N
2022,AT,ORF Hitradio Ö3,Vienna,3,331,N
2022,GR,Kiss FM 92.2,Athina,2,331,N
2022,LV,Radio SWH,Riga,13,330,N
2022,GB,Brum Radio,Birmingham,27,330,N
2022,ES,Kiss FM,Madrid,3,329,N
2022,FR,Oxygène La Radio de la Seine et Marne,Melun,7,327,N
2022,US,KRBQ,"San Francisco, CA",2,326,N
2022,GB,Mi-Soul,London,46,326,N
2022,DE,R.SH,Kiel,3,326,N
2022,US,WTOK-FM (Hot San Juan Puerto Rico 102.5 FM),"San Juan, TX",3,325,N
2022,SI,Val 202,Ljubljana,27,322,N
2022,IT,Radio Studio 93,Aprilia,8,322,N
2022,BR,Educadora,"Salvador, BA",13,321,N
2022,FR,Lyon 1ère,Lyon,4,321,N
2022,US,KALX,"San Francisco, CA",33,320,N
2022,CH,Radio Canal 3,Basel,11,320,N
2022,MX,XHMG-FM [Digital 102.9 FM],"Monterrey, NL",4,320,N
2022,MX,Aire Libre,"Mexico City, DF",26,317,N
2022,UY,CW33 La Nueva Radio Florida,Florida,4,315,N
2022,HR,HR1 - Prvi program,Zagreb,3,315,N
2022,BE,Nostalgie [Wallonie],Namur,1,315,N
2022,FR,Est FM,Strasbourg,5,314,N
2022,CZ,Radio 1,Prague,29,313,N
2022,BE,Joe FM,Brussels,4,312,N
2022,BR,Blink 102 FM (Campo Grande),"Campo Grande, MS",5,312,N
2022,GB,Clyde 2,Glasgow,1,311,N
2022,GB,Heat,London,11,310,N
2022,UY,Azul FM 101.9,Punta del Este,6,309,N
2022,FR,Forum,Orléans,1,309,N
2022,AU,Hot 91.1 FM,Maroochydore,7,307,N
2022,ZA,KFM 94.5,Cape Town,13,305,N
2022,BE,Geel FM,Geel,11,303,N
2022,AU,Power FM 94.9,Nowra,9,301,N
2022,GB,GHR Hull & East Yorkshire,Hull,1,301,N
2022,NL,100% NL Feest,Hilversum,1,301,N
2022,US,Nexus Radio,"Chicago, IL",1,300,N
2022,NZ,The Edge,Auckland,10,295,N
2022,FR,Radio Campus Bordeaux 88.1,Bordeaux,17,294,N
2022,MX,Los 40,"Mexico City, DF",13,294,N
2022,ZA,Jacaranda FM,Johannesburg,9,294,N
2022,AU,Joy 94.9,Melbourne,8,294,N
2022,US,WXTB,"Tampa, FL",1,294,N
2022,CA,CKKS-FM,"Chilliwack, BC",13,293,N
2022,HR,HR Radio Dubrovnik,Dubrovnik,9,293,N
2022,US,KPWK,"Seattle, WA",8,292,N
2022,SE,P2,Stockholm,17,292,N
2022,DE,Star FM,Berlin,4,292,N
2022,PL,Radio ZET,Szczecin,1,292,N
2022,IE,98 FM,Dublin,6,291,N
2022,MT,Magic Malta,Valletta,8,291,N
2022,AU,2SKI (Snow FM 97.7),Cooma,7,290,N
2022,FR,Radio Campus Angers,Angers,33,289,N
2022,GB,Downtown Radio,Belfast,11,289,N
2022,IT,RDS [Radio Dimensione Suono],Lazio,6,289,N
2022,GB,Capital Dance,London,3,288,N
2022,DE,Dish FM,Cologne,3,287,N
2022,GB,Magic,London,1,286,N
2022,DE,Radio Teddy,Schwerin,3,285,N
2022,GB,Tay 2,Dundee,1,285,N
2022,AU,5AUU (Magic 105.9 FM),Port Pirie,11,282,N
2022,FR,Radio Campus Amiens,Amiens,11,282,N
2022,BE,Radio Willy,Brussels,3,280,N
2022,FR,France Inter,Paris,27,278,N
2022,AU,3SHI (Mixx FM 107.7),Hamilton,9,278,N
2022,GB,Trans Radio UK,N,22,278,N
2022,IT,Radionorba,Apulia,3,278,N
2022,AU,3YFM [Coast FM],Warnambool,10,277,N
2022,DE,Bremen Vier,Bremen,13,276,N
2022,US,XHITZ Z90.3 FM,"San Diego, CA",10,275,N
2022,ES,Radio Mallorca,Mallorca,8,274,N
2022,MX,XEOYE [Oye 89.7 FM],"Mexico City, DF",1,274,N
2022,PL,Polskie Radio Czwórka,Warsaw,34,273,N
2022,AU,7EXX (Chilli FM 90.1),Launceston,9,272,N
2022,GB,Greatest Hits Radio,London,1,272,N
2022,US,KEGL,"Dallas, TX",3,272,N
2022,CA,CHOM-FM [Chom 97.7],"Montreal, QC",2,271,N
2022,PL,Polskie Radio Program III (PR3) Trójka,Zagan,33,270,N
2022,RO,Actualitati,Bucharest,13,270,N
2022,AU,Power FM Coast,Batemans Bay,9,269,N
2022,AU,87.8 UCFM,Canberra,4,269,N
2022,CO,Blu Radio,Bogotá,4,269,N
2022,PE,Radio Moda,Lima,7,266,N
2022,AU,96.5 Wave FM,Wollongong,7,265,N
2022,CO,RadioAktiva,Bogotá,3,265,N
2022,GB,Forth 2,Edinburgh,2,264,N
2022,ES,Radio 3,Pechina,41,263,N
2022,CH,Radio RTN,Saint-Blaise,9,263,N
2022,US,KRUI,"Iowa City, IA",11,263,N
2022,ES,Mix FM,Riano De Ibio,9,263,N
2022,CA,CHQM-FM [QM/FM 103.5],"Vancouver, BC",3,262,N
2022,US,KUDD,"Salt Lake City, UT",4,262,N
2022,CA,CBC Radio One London,"London, ON",41,261,N
2022,DE,Radio Okerwelle,Braunschweig,29,261,N
2022,FR,Radio FMR,Toulouse,15,261,N
2022,GB,Radio X (XFM),London,7,259,N
2022,US,WREK,"Atlanta, GA",22,258,N
2022,US,562live Long Beach,Los Angeles,8,257,N
2022,MK,Radio 2 MRT,Skopje,8,257,N
2022,HR,HR Radio Sljeme,Zagreb,5,257,N
2022,NZ,Flava,Tauranga,7,256,N
2022,AT,Welle 1 Salzburg,Vienna,12,256,N
2022,CO,La FM,Bogotá,8,256,N
2022,AU,4RGT (Star 106.3),Townsville,8,255,N
2022,AU,Hot Tomato,Gold Coast,9,254,N
2022,AU,K-Rock 95.5 FM,Geelong,8,254,N
2022,CA,CFMY,"Redcliff, AB",3,254,N
2022,DE,AFK Max,Nürnberg,9,254,N
2022,PL,RMF FM,Koszalin,2,254,N
2022,IE,RTÉ Radio 1,Dublin,10,253,N
2022,AU,3NNN (Edge FM 102.1),Albury,8,252,N
2022,CH,Radio Stadtfilter 96.3 FM,Winterthur,20,252,N
2022,FR,Radio Pulsar,Paris,43,250,N
2022,IT,Radio Bussola,Salerno,17,248,N
2022,LU,Radio Aktiv,Echternach,4,248,N
2022,US,KUNM,"Albuquerque, NM",47,246,N
2022,AU,3WWM (Mixx FM 101.3),Horsham,8,246,N
2022,GB,Heart Yorkshire,Wakefield,10,246,N
2022,PT,Smooth FM,Lisbon,3,246,N
2022,AU,2GOS,Gosford,4,245,N
2022,CA,CBO-FM,"Pembroke, ON",39,243,N
2022,FR,Mona FM,Lille,5,243,N
2022,AU,2VLY (Power FM 98.1),Muswellbrook,7,241,N
2022,GB,Greatest Hits Radio North East Scotland,Aberdeen,3,241,N
2022,US,WHSN,"BANGOR, ME",1,240,N
2022,AR,BLUR FM,Buenos Aires,3,239,N
2022,AU,Hit 104.7,Canberra,5,239,N
2022,CH,Rouge Fm,Lausanne,10,238,N
2022,IT,Radio Bruno,Florence,4,238,N
2022,IT,Radio Kiss Kiss Napoli,Campania,4,237,N
2022,CA,CBLA-FM,"Orillia, ON",37,236,N
2022,ID,PTPN Radio 99.60 FM,Surakarta,9,234,N
2022,DE,Radio Bob!,Frankfurt,3,234,N
2022,US,The Coffee House,"Washington, D.C.",1,232,N
2022,FR,Radio PFM 99.9,Arras,16,231,N
2022,AU,7HO 101.7 FM,Hobart,9,230,N
2022,AU,2SER,Sydney,28,230,N
2022,DE,Sunshine Live,Stuttgart,15,228,N
2022,LU,RTL Radio Lëtzebuerg,Dudelange,4,228,N
2022,AU,Power FM 103.1,Ballarat,9,227,N
2022,US,KLYV-FM (Y105 Music Dubuque Pop radio),"Dubuque, IA",9,227,N
2022,BE,RTBF Jam,Brussels,35,226,N
2022,AU,7DDD (Sea FM 107.7),Devonport,11,226,N
2022,BE,Radio 2,Antwerp,6,224,N
2022,CA,99.7 2Day FM,"River, BC",2,223,N
2022,AU,2WIN,Wollongong,4,223,N
2022,DE,NRJ [Hamburg],Hamburg,6,223,N
2022,DE,NDR 2,Hamburg,10,221,N
2022,AU,3CCS (Mixx FM 92.7),Lorne,9,220,N
2022,GB,Wave 105,Dorchester,1,219,N
2022,DE,Bayern 2,Munich,29,218,N
2022,JP,LOVE FM,Fukuoka,26,218,N
2022,CA,CBR,"Harvie Heights, AB",36,218,N
2022,GB,Pirate FM,Plymouth,6,217,N
2022,ES,Radio Surco,Villarrobledo,5,216,N
2022,FR,Radio Caroline,Rennes,2,216,N
2022,CH,Radio Lac,Nyon,1,216,N
2022,DE,Star Fm Nürnberg,Lauf an der Pegnitz,2,214,N
2022,GB,Radio Reverb,Brighton,17,214,N
2022,MX,XHSR [Exa 97.3 FM],"Monterrey, NL",8,214,N
2022,GB,Noods Radio,Bristol,50,212,N
2022,FR,Echo FM,Hirson,4,211,N
2022,PL,Radio RSC 88.6 FM,Skierniewice,10,211,N
2022,CA,CBC Radio One Victoria,"Melbourne, VIC",35,210,N
2022,FR,Jazz Radio,Lyon,5,210,N
2022,IT,Veronica My Radio,Marche,5,210,N
2022,DE,Ostseewelle HIT-RADIO Mecklenburg-Vorpommern,Berlin,4,210,N
2022,FR,Durance FM,Aix-en-Provence,2,207,N
2022,DE,NRJ [Bremen],Bremen,5,207,N
2022,AU,Hot 100,Darwin,5,207,N
2022,DE,NB Radiotreff,Neubrandenburg,18,205,N
2022,FR,La Radio Plus,Paris,8,205,N
2022,DE,Radio Eins Coburg,Bayreuth,3,203,N
2022,RU,Radio Record,Saint Petersburg,15,203,N
2022,FR,Nostalgie,Paris,6,202,N
2022,US,Cowboy Joe Radio [ARCHIVED],Sheridan,7,202,N
2022,DE,Radio Bamberg,Bamberg,4,202,N
2022,NO,NRK P1,Steinsby,8,202,N
2022,GB,Virgin Radio UK,London,3,202,N
2022,FR,Radio Mélodie,Sarreguemines,2,202,N
2022,CA,CBC Radio One Vancouver,"Hope, BC",34,201,N
2022,CH,LFM,Lausanne,3,201,N
2022,FR,Canal B,Rennes,20,200,N
2022,CA,Rouge FM,"Quebec City, QC",4,200,N
2022,CA,CBW,"Fairford, AB",34,200,N
2022,DE,RADIO BOB Rockt Schleswig-Holstein,Kiel,3,200,N
2022,SG,Kiss92,Singapore,7,198,N
2022,FR,Radio Espace,Lyon,4,198,N
2022,DE,Bayern 3,Munich,9,197,N
2022,ID,Pilar Radio,Cirebon,12,197,N
2022,DE,HR3,Frankfurt,4,197,N
2022,DE,Antenne Kaiserslautern,Mannheim,3,196,N
2022,AR,Rock & Pop,Buenos Aires,5,196,N
2022,DE,WDR 2,Berlin,6,196,N
2022,BE,Nostalgie [Vlaanderen],Brussels,3,196,N
2022,DE,Hitradio.rt1 Neuburg-Schrobenhausen,Neuburg-Schrobenhausen,6,195,N
2022,FR,ici Paris-Île-de-France,Paris,7,194,N
2022,DE,Antenne Landau,Frankfurt,2,194,N
2022,AU,Fox FM,Melbourne,2,193,N
2022,FR,Radio Meuh,La Clusaz,8,193,N
2022,US,Radio 104.1,"Waterbury, CT",4,193,N
2022,PE,Radio Nueva Q,Lima,4,193,N
2022,CA,CBX+ [CBX Edmonton],"Edmonton, AB",35,192,N
2022,US,WRUR,"Rochester, NY",38,192,N
2022,BE,Radio 1,Brussels,16,192,N
2022,US,KYKY-FM (Y Saint Louis 98.1 FM),"St. Louis, MO",5,191,N
2022,DE,Antenne Zweibrücken,Saarbrücken,1,191,N
2022,FR,H2O Annecy,Annecy,4,191,N
2022,CO,La Mega,Bogotá,10,190,N
2022,DE,Antenne Bad Kreuznach,Frankfurt,5,190,N
2022,FR,Fréquence Mutine,Brest,12,189,N
2022,GB,LBC Radio,London,3,189,N
2022,CA,CJMJ-FM [Majic 100.3],"Ottawa, ON",3,188,N
2022,JP,FM YOKOHAMA,Yokohama,25,188,N
2022,CA,CHYM-FM,"Kitchener, ON",2,187,N
2022,ES,Europa FM,Madrid,12,186,N
2022,FR,SUN,Nantes,22,186,N
2022,AU,7SEA (Sea FM 101.7),Burnie,7,185,N
2022,DE,Cosmo WDR,Köln,5,185,N
2022,LT,LRT Opus,Vilnius,14,183,N
2022,AU,hit Southwest,Bunbury,6,182,N
2022,DE,Radio Allgäu Hit,Munich,4,182,N
2022,CH,Radio Kaiseregg,Düdingen,6,182,N
2022,FR,Prysm Radio 1,Paris,12,181,N
2022,CA,"CIMF-FM [Rouge 94,9]","Ottawa, ON",4,181,N
2022,ZA,Mutha FM,Cape Town,25,180,N
2022,BA,BH radio 1,Sarajevo,20,180,N
2022,BR,Radio Inconfidentes,"Belo Horizonte, MG",8,180,N
2022,DE,Antenne Koblenz 98.0,Landau,6,179,N
2022,DE,Hitradio Rt1 Südschwaben,Mindelheim,4,178,N
2022,GB,Radio Essex,London,9,178,N
2022,NL,NPO 3FM,Hilversum,30,177,N
2022,US,KGLT,"Bozeman, MT",18,177,N
2022,NZ,8K,Christchurch,15,176,N
2022,DE,Antenne Pirmasens,Saarbrücken,1,176,N
2022,DE,Radio Saw,Halle (Saale),2,176,N
2022,AU,4SEA [90.9 Sea FM],Gold Coast,7,174,N
2022,GB,Downtown Country,Belfast,1,174,N
2022,DE,Radio Hannover 87.6 R,Hannover,2,174,N
2022,AU,4AMM (Hit Tablelands 97.9),Cairns,7,173,N
2022,ES,Hit FM,Madrid,3,173,N
2022,US,WCOO-FM,"Charleston, SC",1,173,N
2022,PE,Radio Doble Nueve,Lima,4,173,N
2022,DE,Hit Radio FFH,Frankfurt,2,173,N
2022,FR,Radio 666,Hérouville-Saint-Clair,10,172,N
2022,DE,Vogtland Radio,Chemnitz,4,172,N
2022,AU,7TTT (Hit Hobart 100.9),Hobart,5,171,N
2022,AU,Hit 107,Adelaide,4,170,N
2022,DE,Hitradio Rt1 Nordschwaben,Ulm,4,170,N
2022,LU,Eldoradio Chill Channel,Luxembourg,3,170,N
2022,LU,"radio 100,7",Luxembourg,18,169,N
2022,DE,Bayernwelle Südost,Freilassing,1,169,N
2022,CA,CFOU,"Trois-riviere, QC",8,167,N
2022,AU,2CFM,Gosford,6,167,N
2022,AU,5SEF (Hit Limestone Coast 96.1),Naracoorte,8,167,N
2022,DE,Hit Radio Ohr,Freiburg im Breisgau,11,167,N
2022,EC,Radio City,Guayaquil,9,167,N
2022,DE,Radio PSR,Dresden,2,167,N
2022,US,WFLC,"Miami, FL",3,166,N
2022,AU,Hit 105,Brisbane,5,166,N
2022,AU,hit107.9 Central Queensland,Rockhampton,3,165,N
2022,BE,Top Radio,Poperinge,12,165,N
2022,GB,Magic Chilled,London,3,165,N
2022,DE,BB Radio,Potsdam,1,165,N
2022,DE,Radio Oberland,Garmisch-Partenkirchen,1,165,N
2022,GB,Mellow Magic,London,1,165,N
2022,DE,Radio Mainwelle,Bayreuth,3,165,N
2022,AU,Hit106.9 Newcastle,Newcastle,3,164,N
2022,FR,Radio Campus Lille,Lille,30,164,N
2022,MX,XHSON-FM [Beat 100.9],"Mexico City, DF",13,164,N
2022,DE,"Radio Osnabrück 98,2",Bremerhaven,1,164,N
2022,US,WZFL,"Miami, FL",6,163,N
2022,GB,Absolute Radio,Birmingham,2,163,N
2022,AU,Hit 103.1,Townsville,3,162,N
2022,AU,hit100.7 Darling Downs,Toowoomba,4,162,N
2022,AU,Mix 94.5,Perth,5,162,N
2022,DE,Radio 21,Hanover,1,162,N
2022,US,KQMV-FM,"Seattle, WA",1,161,N
2022,AU,Hit 100.3 Mackay,Mackay,4,161,N
2022,PE,Radiomar 106.3 FM,Lima,1,161,N
2022,AU,Hit 103.5 FM Cairns,Cairns,3,160,N
2022,DE,Radio Cottbus 94.5,Cottbus,4,160,N
2022,AU,hit104.9 The Border,Albury,2,159,N
2022,FR,Cannes Radio,Cannes,2,159,N
2022,DE,Radio Plassenburg 101.6,Bayreuth,2,159,N
2022,AU,3BDG,Bendigo,3,158,N
2022,AD,RTVA Andorra Musica,Andorra la Vella,2,158,N
2022,JP,Inter FM,Tokyo,34,158,N
2022,AR,Disney,Buenos Aires,5,158,N
2022,GB,Magic Soul,London,1,157,N
2022,FI,NRJ Finland,Helsinki,7,156,N
2022,FR,Primitive,Reims,15,154,N
2022,ZA,OFM,Bloemfontein,7,154,N
2022,JP,FM Cocolo,Osaka,23,154,N
2022,DE,City Radio Trier,Trierweiler,3,153,N
2022,NL,Radio 10,Hilversum,1,153,N
2022,CA,"CITE-FM [Rouge FM 107,3]","Montreal, QC",4,152,N
2022,PL,Radio Eska,Warsaw,3,152,N
2022,DE,SR1 Europawelle,Saarbrücken,13,151,N
2022,PE,Radio Panamericana 101.1 FM,Lima,1,151,N
2022,DE,Hitradio Rt1,Ingolstadt,4,150,N
2022,CH,RTR - Radio Rumantsch,Chur,8,150,N
2022,MX,XHGU-FM [Switch 105.9 FM],"Juarez, CH",2,150,N
2022,BE,Equinoxe,Liège,39,149,N
2022,US,Pulse 87 NY,"New York, NY",5,149,N
2022,FR,Cerise FM,Mulhouse,2,148,N
2022,MY,Hot FM,Johor Bahru,4,148,N
2022,DE,Deutschlandfunk Kultur,Berlin,21,147,N
2022,GB,Talksport 2,London,8,147,N
2022,ES,La Fresca FM,Alicante,12,145,N
2022,ID,Oz Radio 103.1 FM,Bandung,10,145,N
2022,US,KRML,"Carmel Valley, CA",6,145,N
2022,BR,Jovem POP FM - Top 40/Hits,Rio de Janeiro,1,144,N
2022,HK,RTHK Radio 3,Hong Kong,17,143,N
2022,ZA,Groot FM 90.5,Pretoria,6,143,N
2022,JP,North Wave,Hokkaido,28,141,N
2022,PT,Rádio Guadiana,Vila Real de Santo António,20,141,N
2022,US,Hot 103.5,"Sacramento, CA",8,140,N
2022,CA,CKOI,"Montreal, QC",5,140,N
2022,GB,BBC Radio 2,London,14,139,N
2022,CA,CHOI-FM,"Quebec City, QC",4,139,N
2022,GB,Talksport London,London,19,138,N
2022,DE,Bayern 1,Munich,3,138,N
2022,CH,RTS Option,Lausanne,9,137,N
2022,US,101.9fm The MIX,"Chicago, IL",2,136,N
2022,GB,BBC Radio WM,Birmingham,19,136,N
2022,ES,Loca Latino,Madrid,9,136,N
2022,PL,Radio Victoria,Skierniewice,7,136,N
2022,DE,SWR1 Baden-Württemberg,Stuttgart,2,136,N
2022,AU,KIIS 101,Melbourne,7,135,N
2022,GB,Absolute Classic Rock,London,3,134,N
2022,EE,MyHits,Tallinn,2,134,N
2022,US,R&B 102.9,"Berkeley, CA",3,133,N
2022,DE,Radio Charivari München,Munich,8,133,N
2022,DE,RPR1,Rheinland-Pfalz,12,133,N
2022,UA,UR2 – Radio Promin,Kiev,12,133,N
2022,US,KLLC-FM,"San Francisco, CA",2,132,N
2022,ID,87.6 Hard Rock FM,Jakarta,7,131,N
2022,GB,Absolute 80's,London,1,131,N
2022,ID,RRI Pro 1,Jakarta,6,130,N
2022,IT,Radio Sabbia,Emilia–Romagna,4,130,N
2022,BE,Classic 21,Houffalize,4,129,N
2022,CA,CHFI-FM,"Labrador City, NL",1,128,N
2022,UY,Más FM 101.3,Paysandú,8,128,N
2022,IT,Discoradio,Lombardy,4,128,N
2022,CH,Radio Pilatus,Luzern,2,127,N
2022,GB,K107 FM,Kirkcaldy,14,127,N
2022,FR,TSF Jazz,Paris,4,127,N
2022,GB,Absolute Radio 90's,London,1,127,N
2022,PT,Rádio Renascença,Lisbon,2,126,N
2022,US,WUVT,"Blacksburg, VA",25,125,N
2022,US,WFMU,"Jersey City, NJ",28,125,N
2022,IE,Today FM,Cork,7,125,N
2022,DE,Bremen Zwei,Bremen,5,125,N
2022,DE,Radio Trausnitz,Ingolstadt,1,125,N
2022,DE,Antenne [Thüringen],Erfurt,2,125,N
2022,US,WIXX-FM,"Green Bay, WI",6,124,N
2022,ID,Prambors FM,Jakarta,15,122,N
2022,ES,Gozadera FM,Sevilla,31,121,N
2022,DE,Radio Arabella,Munich,4,121,N
2022,SE,NRJ Sweden,Stockholm,7,121,N
2022,US,WROX-FM (96X Norfolk),"Exmore, VA",1,121,N
2022,ZA,Mix FM 93.8,Johannesburg,10,119,N
2022,US,WAMU-FM,"Washington, D.C.",21,119,N
2022,US,WBEZ-FM,"LaSalle-Peru, IL",22,119,N
2022,LT,M-1 Plius,Vilnius,5,119,N
2022,IS,RÚV Rás 2,Reykjavík,16,118,N
2022,DE,Radio Awn,Passau,1,118,N
2022,AT,ORF Ö2 Radio Wien,Vienna,1,118,N
2022,US,KUWS,"Superior, WI",23,117,N
2022,US,KUMD,"Duluth, MN",18,117,N
2022,SG,One FM 91.3,Singapore,1,117,N
2022,ID,Ardan Radio 105.9 FM,Bandung,15,116,N
2022,RU,DFM Радио 101.2 FM (DFM Radio),Moscow,7,116,N
2022,MX,XHJC [Exa 91.5 FM],"Mexicali, BC",9,113,N
2022,DE,Radio Fantasy,Ingolstadt,9,113,N
2022,PE,La Karibeña,Lima,3,113,N
2022,CH,RTS1,Val Muggio,16,112,N
2022,IL,Kan88,Jerusalem,12,112,N
2022,FR,Océane,Lannion,3,111,N
2022,MX,XHOF-FM [Reactor 105.7],"Mexico City, DF",10,111,N
2022,CH,Radio Freiburg,Fribourg,5,111,N
2022,FR,Radiocean,Quimperlé,3,110,N
2022,PT,Antena 2,Lisbon,5,110,N
2022,BE,Max FM,Brussels,9,110,N
2022,DE,Antenne Frankfurt,Frankfurt,5,109,N
2022,US,WSTR,"Atlanta, GA",2,108,N
2022,FR,Collines La Radio,Cerizay,1,108,N
2022,IS,RÚV Rás 1,Reykjavík,13,107,N
2022,FR,Galaxie Radio,Lille,7,107,N
2022,CH,Argovia Pop,Zürich,7,106,N
2022,ES,Cadena 100,Madrid,4,106,N
2022,US,WMMJ-FM,"Bethesda, MD",8,105,N
2022,US,92-9 The Game,"Atlanta, GA",4,105,N
2022,DE,Radio IN,Ingolstadt,1,105,N
2022,BE,Radio Quartz,Sombreffe,8,105,N
2022,GB,Absolute Radio 70's,London,3,104,N
2022,US,KPSU,"Portland, OR",16,103,N
2022,BR,Costa Verde FM,"Itaguai, RJ",2,103,N
2022,FR,Jet FM,Nantes,20,103,N
2022,JP,Zip FM,Nagoya,17,103,N
2022,FR,RTL,Paris,2,103,N
2022,DE,Charivari 98.6,Nürnberg,3,103,N
2022,NZ,More FM,Auckland,5,102,N
2022,JP,BAY FM,Chiba,21,101,N
2022,GB,WCR FM,Wolverhampton,25,101,N
2022,JP,FM 802,Osaka,13,101,N
2022,DE,NRJ ENERGY Stuttgart,Stuttgart,8,101,N
2022,DK,DR P6 Beat,Copenhagen,23,101,N
2022,GB,BBC World Service,London,14,101,N
2022,IT,Radio Orte,Lazio,2,101,N
2022,TR,FG 93.7,İstanbul,11,101,N
2022,MX,XHUAD-FM [Lobos FM 94.1 FM],"Durango, DG",12,100,N
2022,BE,Chérie FM,Brussels,2,100,N
2022,NL,Omroep Brabant,Eindhoven,2,100,N
2022,AT,Antenne Steiermark,Bruck an der Mur,8,99,N
2022,GB,BBC Radio 3,London,15,99,N
2022,NO,NRK P2,Bergen,13,99,N
2022,US,WXPN-FM,"Coplay, PA",19,97,N
2022,AU,91.9 Sea FM,Nambour,6,97,N
2022,DE,WDR 5,Bielefeld,10,97,N
2022,DE,Unser Radio Deggendorf,Passau,1,97,N
2022,DE,Baden FM,Stuttgart,1,97,N
2022,MX,XHQRO-FM [Radar 107.5],"Queretaro, QT",7,96,N
2022,IT,Radio Monte Carlo 2,Monte Carlo,3,96,N
2022,GB,BBC Radio Bristol,Bristol,13,95,N
2022,US,WLNK-FM (The Link Charlotte 107.9 FM),"Charlotte, NC",9,95,N
2022,MX,XHZS-FM [100.3 FM],"Mazatlan, SI",5,94,N
2022,DE,Delta Radio,Kiel,9,94,N
2022,LV,Radio NABA 6,Riga,11,94,N
2022,IT,Rai 1,Rome,13,94,N
2022,DE,NRJ [Nüremberg],Nürnberg,10,94,N
2022,GB,Jazz FM,London,14,93,N
2022,GB,Itch FM,London,14,93,N
2022,GB,BBC Radio 4,Kilskeery,19,93,N
2022,NL,NPO 3FM KX,Hilversum,7,93,N
2022,GR,Rythmos 94.9,Athens,4,93,N
2022,GB,SubFM,London,20,92,N
2022,DE,NRJ ENERGY Berlin,Potsdam,7,92,N
2022,PT,TSF Rádio Notícias,Lisbon,4,91,N
2022,CA,CHYZ 94.3 FM,"Quebec City, QC",7,91,N
2022,GB,BBC Radio Berkshire,Reading,12,90,N
2022,CA,Energie,"Quebec City, QC",5,90,N
2022,GB,Solar Radio,London,24,89,N
2022,AU,4RGR (Power 100),Townsville,1,89,N
2022,US,WXYT-FM (The Ticket Detroit Sports 97.1 FM),"Detroit, MI",3,89,N
2022,DE,NRJ [München],Munich,6,89,N
2022,BR,Vida FM (Fortaleza),"São Paulo, SP",5,87,N
2022,DE,SWR 3,Stuttgart,7,87,N
2022,GB,Classic FM,London,2,87,N
2022,GB,Gaydio,Manchester,13,86,N
2022,GB,Select,London,23,86,N
2022,AU,Coles Radio,Melbourne,1,86,N
2022,BR,89.1 FM,"São Paulo, SP",2,86,N
2022,ES,Ibiza Global Radio,Ibiza,25,85,N
2022,US,The Loft,"Washington, D.C.",5,85,N
2022,FR,Grand Sud FM,Narbonne,4,84,N
2022,GB,BBC Radio Scotland,Glasgow,10,83,N
2022,US,Diplo's Revolution,"Washington, D.C.",1,83,N
2022,FI,Radio Nostalgia,Helsinki,1,82,N
2022,NL,Omroep Zeeland,Amsterdam,1,82,N
2022,DE,Radio Leipzig,Leipzig,3,81,N
2022,NL,Sublime Radio,Hilversum,15,80,N
2022,CH,RTS2,Chasseral,7,80,N
2022,US,La Suavecita 107.1 FM,"Seaside, CA",2,80,N
2022,FR,Radio Star (Est),Belfort,3,80,N
2022,BE,Radio Premiere,Eupen,16,79,N
2022,PT,Rádio Radar,Lisbon,9,79,N
2022,BE,Antipode,Brussels,5,79,N
2022,NO,JærRadioen,Sandnes,4,79,N
2022,ID,91.6 Indika FM,Jakarta,2,78,N
2022,AU,Nova 106.9,Brisbane,7,78,N
2022,GB,BBC Radio Leeds,York,10,78,N
2022,GB,BBC Radio Sheffield,Sheffield,10,77,N
2022,AE,Luv 107.1,Dubai,3,77,N
2022,DE,Radio Gong Fm Regensburg,Ingolstadt,6,77,N
2022,NL,Radio Rijnmond,Rotterdam,1,77,N
2022,DE,Radio Zwickau,Zwickau,3,76,N
2022,AU,Nova 96.9,Sydney,7,75,N
2022,DK,NOVA,Copenhagen,4,75,N
2022,NO,Radio Norge,Skavland,2,75,N
2022,AU,Nova 100,Melbourne,7,74,N
2022,BR,FM O DIA,"Rio de Janeiro, RJ",9,74,N
2022,RU,Radio Monte Carlo St. Petersburg,St. Petersburg,2,74,N
2022,NL,Sky Radio,Hilversum,3,74,N
2022,GB,BBC Three Counties Radio,Sandy Heath,21,73,N
2022,NO,Elverums Radioen,Elverum,3,73,N
2022,NL,NPO Radio 2,Hilversum,6,73,N
2022,DE,Radio Homburg,Saarbrücken,1,73,N
2022,DE,Radio Neunkirchen,Saarbrücken,1,73,N
2022,FR,Radio Emotion,Nice,2,73,N
2022,BE,Bel RTL,Tournai,6,72,N
2022,MX,XEJP-FM [Joya 93.7 FM],"Mexico City, DF",2,72,N
2022,CL,Radio Sonar,Santiago,3,72,N
2022,DE,Rockland Radio,Rheinland-Pfalz,1,72,N
2022,BR,Transcontinental FM,"São Paulo, SP",2,72,N
2022,NZ,RNZ National,Christchurch,14,71,N
2022,DE,Radio Chemnitz,Chemnitz,2,71,N
2022,NL,Omrop Fryslan,Jirnsum,5,70,N
2022,GB,BBC Radio Kent,Wrotham,5,70,N
2022,FR,Décibel,Saint-Malo,1,70,N
2022,US,Amazing Radio USA,New York City,1,70,N
2022,NL,LINDA Radio,Hilversum,1,70,N
2022,FR,France Maghreb 2,Dijon,10,69,N
2022,DK,DR P8 Jazz,Copenhagen,11,69,N
2022,BR,Antena 1,"São Paulo, SP",3,69,N
2022,DE,Radio FFN,Hanover,2,69,N
2022,GB,BBC Radio 5,London,9,68,N
2022,GB,Central FM,London,3,68,N
2022,FR,Arverne,Clermont-Ferrand,5,68,N
2022,IT,R101,Milan,8,68,N
2022,PT,Rádio Atlântida,Ponta Delgada,3,68,N
2022,HK,RTHK Radio 2,Hong Kong,10,66,N
2022,LT,Power Hit Radio,Vilnius,8,66,N
2022,GB,BBC Radio Ulster,Enniskillen,13,66,N
2022,DE,Antenne [Bayern],Munich,2,65,N
2022,PL,Jedynka - Polskie Radio Program 1,Warsaw,9,65,N
2022,DE,Radio Dresden,Dresden,3,65,N
2022,ID,Sushi,Padang,8,64,N
2022,FR,Radio Alpa,Paris,8,64,N
2022,FI,Radio Nova,Helsinki,3,64,N
2022,DE,Radio FFH,Frankfurt,2,64,N
2022,GB,BBC Radio Manchester,Holme Moss,14,63,N
2022,BG,BNR Horizont,Sofia,13,63,N
2022,US,94.1 The Zone,"Rochester, NY",1,63,N
2022,DE,Radio 2 Day,Munich,2,62,N
2022,DE,NRJ [Sachsen],Dresden,7,61,N
2022,US,WBMX-FM (JAMS Chicago 104.3 FM),"Chicago, IL",1,61,N
2022,AU,Nova 93.7,Perth,6,61,N
2022,MD,Radio Moldova,Chișinău,8,61,N
2022,DE,Bremen Eins,Bremen,4,61,N
2022,AU,Nova 91.9,Adelaide,5,60,N
2022,PL,Antyradio,Bedzin,1,60,N
2022,DE,SR 2 KulturRadio,Bliestal,5,59,N
2022,BR,Nova Brasil FM (Sao Paulo),"Poços de Caldas, MG",10,58,N
2022,PT,RDP Açores - Antena 1,Ponta Delgada,11,58,N
2022,AU,5ADD [Mix 102.3],Adelaide,2,58,N
2022,MY,Sinar FM,Johor Bahru,3,57,N
2022,AR,Vorterix,Buenos Aires,6,57,N
2022,PT,Rádio Lagoa,Lagoa,18,56,N
2022,ES,Beach Grooves Radio,Málaga,4,55,N
2022,FR,Europe 1,Gien,16,55,N
2022,FR,France Culture,Paris,21,55,N
2022,GB,BBC Radio Wales,Aberystwyth,14,55,N
2022,GB,Funky Essex,Costessey,15,55,N
2022,DE,Radio Ramasuri,Bayreuth,1,55,N
2022,MX,XHRT-FM [Xtrema 95.3 FM],"Reynosa, TM",1,54,N
2022,AU,2Day FM,Sydney,4,54,N
2022,DE,Deutschlandfunk,Traben-Trarbach,11,54,N
2022,DE,Apollo Radio,Chemnitz,1,54,N
2022,US,TikTok Radio,"Washington, D.C.",7,54,N
2022,IE,Highland Radio,Letterkenny,3,54,N
2022,KZ,Авторадио (Avtoradio),Almaty,1,53,N
2022,DO,Latidos 93.7,Santo Domingo,1,53,N
2022,US,WKTU,"New York, NY",6,52,N
2022,NO,P4 Radio Hele Norge,Oslo,1,52,N
2022,IT,Radio Birikina,Lusiana,2,52,N
2022,PH,DWLS (Barangay LS 97.1),Manila,1,52,N
2022,MX,Rock 101,Mexico City,6,51,N
2022,GB,Choice Radio,N,1,51,N
2022,NL,NPO Radio 1,Hilversum,23,50,N
2022,BE,100'5 Das Hitradio,Eupen,4,50,N
2022,CA,CBV-FM,"La Malbaie, QC",13,50,N
2022,US,WITR,"Rochester, NY",12,50,N
2022,IT,RMC Italia,Milan,6,50,N
2022,IT,Controradio Bari,Bari,3,50,N
2022,US,G100 - The Throwback Station,"Rincon, GA",6,50,N
2022,IT,Rai Radio 3,Rome,12,49,N
2022,MX,XHOJ-FM [Maxima 106.7],"Guadalajara, JA",4,49,N
2022,SE,P5,Stockholm,6,49,N
2022,DE,R.SA Sachsen,Leisnig,2,49,N
2022,AU,97.3 FM,Brisbane,3,48,N
2022,DE,Radio B2 R,Zehlendorf,4,47,N
2022,PT,Rádio Benedita FM 88.1,Benedita,5,47,N
2022,NL,Radio Noord,Groningen,1,47,N
2022,HR,Radio Donji Miholjac,Pula,3,46,N
2022,BR,Eldorado,"São Paulo, SP",6,46,N
2022,CH,SRF 1 Bern Freiburg,Bern,9,45,N
2022,CH,SRF 1 Basel Baselland,Basel,8,45,N
2022,DE,Radio Jade,Wilhelmshaven,9,45,N
2022,ZA,Overvaal Stereo,Welkom,4,44,N
2022,CA,ICI Radio-Canada Première - Montréal,"Montreal, QC",14,44,N
2022,US,KQBL-F3 (Boise 96.5 FM),"Boise, ID",1,44,N
2022,ZA,Bok radio,Cape Town,4,44,N
2022,AT,Radio Arabella,Vienna,2,44,N
2022,AT,Life Radio,Linz,2,44,N
2022,DE,Hit Radio N1,Nuremberg,4,44,N
2022,RS,Radio Beograd 1,Belgrade,10,43,N
2022,AT,ORF Ö1,Vienna,15,43,N
2022,GB,BBC Surrey,Duxhurst,8,43,N
2022,FR,Totem,Paris,1,43,N
2022,US,WTIC-FM,"Hartford, CT",2,42,N
2022,SG,Capital 95.8FM,Singapore,2,42,N
2022,AU,2UE - Macquarie Sports Radio Melbourne,Melbourne,2,42,N
2022,PH,91.5 Win Radio Manilla,Manila,13,41,N
2022,SG,Class 95,Singapore,4,41,N
2022,US,Radio Danz,"Miami, FL",5,41,N
2022,GB,BBC Radio Cymru,Aberystwyth,12,41,N
2022,CH,3Fach,Lausanne,9,41,N
2022,FR,Rire et Chansons,Paris,1,41,N
2022,GB,BBC Sussex,Chichester,7,41,N
2022,CL,Radio Cooperativa,Santiago,2,40,N
2022,GB,Original 106,Amberdeen,1,40,N
2022,AU,Mix 106.3,Canberra,2,40,N
2022,ES,Los 40 Classic,Almería,1,40,N
2022,FR,RCA La Radio,Nantes,2,39,N
2022,CH,Radio 24 Pop,Zürich,4,39,N
2022,FR,Alouette,Nantes,2,39,N
2022,GB,BBC Essex,Great Braxted,4,39,N
2022,US,WQFS,"Greensboro, NC",27,38,N
2022,DK,DR P4 Kobenhavn,Copenhagen,6,38,N
2022,AU,7LA (LAFM 89.3),Launceston,5,38,N
2022,ES,Sol FM,Alicante,5,38,N
2022,DE,Club 85 80's Maxi-Mix,Berlin,1,38,N
2022,DE,NDR Info,Hamburg,4,37,N
2022,US,WWDC,"Washington, D.C.",8,37,N
2022,DE,HR 1,Frankfurt,4,36,N
2022,FR,Europe 2,Paris,9,36,N
2022,SE,P1,Stockholm,12,36,N
2022,GB,BBC Radio Merseyside,Liverpool,9,35,N
2022,JP,Tokyo FM,Tokyo,14,35,N
2022,ES,Radio Nervión,Bilbao,5,35,N
2022,ID,Paramuda 93.7 FM,Bandung,3,35,N
2022,MX,RMX Radio,"Guadalajara, JA",3,35,N
2022,DE,NDR 1 Radio MV,Greifswald,1,35,N
2022,AT,ORF Ö2 Radio Vorarlberg,Bregenz,1,35,N
2022,NZ,Newstalk ZB,Ashburton,3,35,N
2022,US,WHUR-FM,"Washington, D.C.",1,35,N
2022,AR,Mega,Santa Fe,4,34,N
2022,GB,BBC Radio Devon,Plymouth,5,34,N
2022,DE,WDR 3,Bonn,6,34,N
2022,NL,NH Radio,North Holland,1,34,N
2022,GB,BBC Radio Solent,Rowridge,5,34,N
2022,CA,WKND,"Quebec City, QC",7,34,N
2022,US,Majic 95.1,"Fort Wayne, IN",2,33,N
2022,AU,River 94.9,Brisbane,2,33,N
2022,BR,Rádio Cidade FM 98.1,"Gonzaga, MG",3,33,N
2022,ID,Sonora Lampung FM,Jakarta,6,32,N
2022,US,WOMX-FM (Mix 105.1FM Orlando Pop Music),"Orlando, FL",2,32,N
2022,JP,FM Fukuoka,Fukuoka,9,32,N
2022,DE,Radio Alpenwelle,Walchensee,1,32,N
2022,AU,2XL (918 AM),Cooma,1,32,N
2022,GE,GPB Radio 1,Tbilisi,13,31,N
2022,GB,BBC Radio Cornwall,Truro,4,31,N
2022,GB,BBC Radio Newcastle,Newcastle upon Tyne,6,30,N
2022,NL,Pinguin Radio,The Hague,4,30,N
2022,TR,dinamo.fm,İstanbul,12,29,N
2022,FR,L'Eko Des Garrigues,Montpellier,12,29,N
2022,ZA,One FM,Cape Town,2,29,N
2022,MX,XEAD-FM [La Buena Onda 101.9 FM],"Guadalajara, JA",1,29,N
2022,ZA,Pretoria FM,Pretoria,3,29,N
2022,CH,SRF2,Nendeln,7,29,N
2022,NZ,Mix,Auckland,3,29,N
2022,US,WEQX-FM,"Manchester, NH",5,29,N
2022,AU,bay 93.9,Geelong,2,29,N
2022,NL,NPO 3FM Alternative,Hilversum,7,29,N
2022,US,WBZZ-FM,"Pittsburgh, PA",2,29,N
2022,ID,Gajahmada FM 102.6,Semarang,6,28,N
2022,HR,HR3 - Treci program,Zagreb,4,28,N
2022,DE,Radio Isw,Passau,5,28,N
2022,ES,Canal Fiesta Radio,Seville,4,28,N
2022,DE,WDR 4,Düsseldorf,1,28,N
2022,AU,3GG (531 AM),Warragul,1,28,N
2022,FR,DKL Dreyeckland,Mulhouse,5,28,N
2022,DK,Skala,Odense,4,28,N
2022,BR,Bahia FM,"Alagoinhas, BA",8,28,N
2022,DE,Radio Euroherz,Bayreuth,2,27,N
2022,US,LITT Dance,Los Angeles,9,27,N
2022,ID,RDI 97.1 FM,Jakarta,10,27,N
2022,JP,"TBS Radio, Inc",Tokyo,11,27,N
2022,FR,RDWA,Die,13,27,N
2022,KR,MBC FM4U Radio Main,Seoul,11,27,N
2022,DE,89.0 RTL,Halle (Saale),3,27,N
2022,NZ,Coast,Auckland,2,27,N
2022,ID,Most FM 99,Medan,2,26,N
2022,US,WCWS,"Wooster, OH",2,26,N
2022,DE,SWR 2,Stuttgart,9,26,N
2022,KR,Mapo FM,Seoul,2,26,N
2022,DE,Radio Saarbrücken,Saarbrücken,1,26,N
2022,AU,4NNN (Zinc 96.1),Gympie,1,26,N
2022,SE,Radio Disney,Stockholm,1,26,N
2022,MX,XHMIA-FM [89.3 FM],"Merida, YU",1,26,N
2022,MX,XHTB-FM [93.3 FM],"Cuernavaca, MO",1,25,N
2022,ID,102.3 Rase FM,Bandung,1,25,N
2022,PT,RTP Antena 1,Lisbon,11,25,N
2022,RU,Authority Radio Krasnoyarsk,Krasnoyarsk,6,25,N
2022,NO,Radio 102,Haugesund,4,25,N
2022,MX,XHLTN-FM [Radio Latina 104.5 FM],"Tijuana, BC",2,25,N
2022,TR,Number One Türk,Istanbul,4,25,N
2022,MX,Radio Formula Yucatan,Mérida,4,24,N
2022,FI,Yle Radio Suomi,Helsinki,6,24,N
2022,US,Sirius XMU,"Washington, D.C.",4,24,N
2022,BR,Rádio Clube FM (Brasília),Brasília,2,24,N
2022,FR,ARL,Bordeaux,1,24,N
2022,NL,KINK,Amsterdam,2,24,N
2022,DE,Radio 7,Stuttgart,7,23,N
2022,JP,Air-G,Hokkaido,9,23,N
2022,GB,BBC Radio Lancashire,Winter Hill,4,23,N
2022,DE,Mdr Kultur,Camburg,6,23,N
2022,ME,RTCG Radio 98,Podgorica,6,23,N
2022,FR,47 FM,Agen,1,23,N
2022,DE,Radio Charivari Regensburg,Ingolstadt,3,23,N
2022,US,Liquid Metal,"Washington, D.C.",1,23,N
2022,CH,Rete Due,Ticino,6,22,N
2022,UA,Хіт FM (Hit FM),Kiev,2,22,N
2022,US,Outlaw Country,"Washington, D.C.",2,22,N
2022,DK,DR P5,Copenhagen,2,21,N
2022,DE,Donau 3 Fm,Ulm,4,21,N
2022,PL,RMF MAXXX,Zabrze,3,21,N
2022,BE,BXFM 104.3 FM,Brussels,2,21,N
2022,FR,RTL2,Paris,3,21,N
2022,US,WROV,"Martinsville, VA",1,21,N
2022,AU,2UE - Macquarie Sports Radio Sydney,Sydney,1,21,N
2022,CA,CFYX FM93,"Mont-Joli, QC",3,20,N
2022,AU,4ZZZ FM (4 Triple Z),Brisbane,11,20,N
2022,CH,Radio Swiss Pop,Basel,6,20,N
2022,CA,CJAD,"Montreal, QC",7,20,N
2022,NZ,The Hits,Auckland,4,20,N
2022,GB,Resonance FM,London,6,20,N
2022,TR,Radyo S,Bursa,5,20,N
2022,FR,Radio Dijon Campus,Dijon,4,20,N
2022,BR,Rádio 80 FM,São Paulo,2,20,N
2022,US,WKQX,"Chicago, IL",1,20,N
2022,JP,Nack 5,Saitama,7,19,N
2022,FR,Radio FG,Paris,8,19,N
2022,DE,Radio Hamburg,Hamburg,7,19,N
2022,DE,NDR Radio Kultur,Hamburg,4,19,N
2022,NL,Radio Veronica,Amsterdam,4,19,N
2022,BR,Metropolitana Sertanejo,São Paulo,2,19,N
2022,JP,FM Aichi,Aichi,8,18,N
2022,AU,7AD (900 AM),Devonport,2,18,N
2022,DE,Antenne [Brandenburg],Potsdam,2,18,N
2022,CA,CKNW,"Vancouver, BC",8,18,N
2022,SK,Rádio Slovensko,Bratislava,2,17,N
2022,ZA,Bosveld Stereo,Pretoria,5,17,N
2022,PT,Rádio Horizonte,Ponta Delgada,1,17,N
2022,IL,Kan Gimel,Haifa,1,17,N
2022,BR,Rádio Saudade FM 100.7,Santos,2,17,N
2022,BR,Atlantida FM - Porto Alegre,"Porto Alegre, RS",4,17,N
2022,DE,Radio Regenbogen,Mannheim,4,17,N
2022,US,WNYL-FM (ALT New York 92.3 FM),"New York, NY",3,17,N
2022,FR,Radio Antenne Portugaise,Tours,8,16,N
2022,JP,Kiss FM Kobe,Kobe,7,16,N
2022,US,Frisky Radio,"New York, NY",14,16,N
2022,CN,Music Radio Guangdong [广东电台音乐之声],Guangzhou,5,16,N
2022,FR,Radio Campus Montpellier,Montpellier,7,16,N
2022,FR,Sud Radio,Toulouse,5,16,N
2022,US,Polski FM,"Park Forest, IL",1,16,N
2022,MX,XHLS-FM [Romance 99.5 FM],"Guadalajara, JA",1,16,N
2022,DE,Radio 8,Nuremberg,4,16,N
2022,CA,CJOB,"Winnipeg, MB",7,16,N
2022,BR,Radio So Flashack,Rio de Janeiro,1,16,N
2022,NL,Arrow Classic Rock,Hilversum,1,16,N
2022,CA,CHED,"Edmonton, AB",6,15,N
2022,DE,Antenne 1 Baden-Württemberg,Stuttgart,3,15,N
2022,ID,Shelter 95.3 FM,Cirebon,2,15,N
2022,AU,3M FM,Inverloch,9,15,N
2022,AT,ORF Ö2 Radio Kärnten,Feldkirchen in Kärnten,5,15,N
2022,FI,YLE Radio 1,Raahe,8,15,N
2022,ID,iRadio 89.6 FM,Jakarta,1,15,N
2022,AU,5AU (1242 AM),Port Augusta,2,15,N
2022,MX,XHSOL-FM [Súper 89.9 FM],"Mexicali, BC",3,15,N
2022,BR,Cidade FM (Rio de Janeiro),"Rio de Janeiro, RJ",1,15,N
2022,AR,La 100,Buenos Aires,5,15,N
2022,NZ,The Breeze,Auckland,3,15,N
2022,GB,Resonance Extra,London,11,14,N
2022,LT,LRT Radijas,Alytus,5,14,N
2022,US,WWBX-FM (Mix 104.1 FM),"Boston, MA",2,14,N
2022,DE,94.3 RS2,Berlin,7,14,N
2022,DE,HR 2,Frankfurt,6,14,N
2022,DE,SWR 4,Stuttgart,1,14,N
2022,US,WINS-AM,"New York, NY",3,14,N
2022,US,Hip Hop Nation,"Washington, D.C.",4,14,N
2022,DE,B 5 Aktuell,Würzburg,3,14,N
2022,AU,5CS (1044 AM),Port Pirie,1,14,N
2022,DE,"Radio Gong 97,1 Nürnberg",Nürnberg,3,14,N
2022,GR,Republic Radio,Thessaloniki,2,14,N
2022,NZ,Radio Hauraki,Invercargill,1,14,N
2022,GB,Radio X Manchester,Manchester,5,13,N
2022,NL,NPO Radio 5,Hilversum,4,13,N
2022,KR,SBS 러브 FM-SBS 라디오,Seoul,6,13,N
2022,ID,RRI Pro 2 105.1 FM,Jakarta,2,13,N
2022,BR,Itapema FM,Joinville,1,13,N
2022,AU,Portuguese Radio,Sydney,6,13,N
2022,FR,MEUSE FM,Verdun,3,13,N
2022,CA,CKMM-FM [Énergie Montréal 94.3],"Montreal, QC",4,13,N
2022,AU,4CC (Zinc 927 AM),Gladstone,2,13,N
2022,NL,NPO Radio 2 Soul & Jazz,Hilversum,2,13,N
2022,GB,TalkRadio,London,5,13,N
2022,NL,Omroep West,Rotterdam,8,12,N
2022,US,103.3 AMP Radio,"Boston, MA",2,12,N
2022,US,WJFK-FM,"Baltimore, MD",6,12,N
2022,PE,Ritmo Romántica,Lima,1,12,N
2022,AU,5MU (1125 AM),Murray Bridge,1,12,N
2022,AU,4AA (1026 AM),Mackay,1,12,N
2022,NO,P5 Hits,Oslo,3,12,N
2022,FR,Radio Studio 1,Strasbourg,5,12,N
2022,NZ,The Rock,Auckland,1,12,N
2022,MX,XHSH-FM [Amor 95.3 FM],"Mexico City, DF",2,12,N
2022,DE,Harmony Fm,Wiesbaden,1,12,N
2022,US,C89.5,"Seattle, WA",3,11,N
2022,ID,Volare,Pontianak,4,11,N
2022,DE,Ndr 90.3,Hamburg,2,11,N
2022,DE,Radio Galaxy Landshut,Landshut,5,11,N
2022,BR,Melodia,"Varginha, MG",3,11,N
2022,AU,6PR,Perth,1,11,N
2022,US,KMYZ-FM (Z104.5FM Tulsa),"Tulsa, OK",1,11,N
2022,US,WCBS Newsradio 880,"New York, NY",2,11,N
2022,CH,Rete Uno,Zürich,6,10,N
2022,PH,106.7 Energy FM,Manila,4,10,N
2022,FI,Loop,Helsinki,1,10,N
2022,DE,106.4 Top FM,Munich,2,10,N
2022,GB,BBC Radio 4 Xtra,London,6,10,N
2022,DE,MDR SACHSEN Dresden,Dresden,1,10,N
2022,AU,2ST,Bowral,1,10,N
2022,NL,ZFM,Zoetermeer,2,10,N
2022,US,BPM,"Washington, D.C.",2,10,N
2022,DE,Radio Charivari Rosenheim,Wasserburg am Inn,3,10,N
2022,DK,Radio 100,Glostrup,2,10,N
2022,CA,News Talk 770,"Calgary, AB",5,10,N
2022,AU,Triple M Central Queensland 101.5 & 95.1,Rockhampton,1,10,N
2022,US,Radio Margaritaville,"Washington, D.C.",1,10,N
2022,GB,Fun Kids,London,3,10,N
2022,ID,Visi FM,Medan,1,10,N
2022,FR,Sol FM,Lyon,4,9,N
2022,IT,Radio Number One,Rome,3,9,N
2022,IE,RTÉ Lyric FM,Dublin,4,9,N
2022,MX,XHPF-FM [Globo 101.9 FM],"Mexicali, BC",5,9,N
2022,DE,Radio Horeb,Immenstadt im Allgau,4,9,N
2022,US,Alt Nation,"Washington, D.C.",1,9,N
2022,GB,Nation Radio UK,London,2,9,N
2022,MX,XHOCL-FM [Diego 99.3 FM],"Tijuana, BC",5,9,N
2022,ID,Indonesia 40 [IRadio FM],Bandung,1,9,N
2022,US,WLEY-FM,"Chicago, IL",2,9,N
2022,AU,3PTV,Melbourne,1,9,N
2022,AU,4CA,Cairns,1,9,N
2022,AU,Smooth FM 95.3,Sydney,1,9,N
2022,NL,LINQ FM,Voorne-Putten,2,9,N
2022,CA,CFAK,"Skerbrooke, QC",2,9,N
2022,GB,Love 80s Radio Manchester,Manchester,1,9,N
2022,AU,7XXX (Triple M Hobart 107.3),Hobart,1,9,N
2022,CA,102.3 NOW! Radio,"Edmonton, AB",2,9,N
2022,IN,Radio Mirchi 98.3 FM,Ahmadabad,3,9,N
2022,HR,Hrvatski Katolicki Radio,Zagreb,4,9,N
2022,IN,Radio City 91.1,Bengaluru,1,8,N
2022,GB,Boom Radio,London,2,8,N
2022,CH,SRF MusikWelle,Basel,8,8,N
2022,DE,Radio Galaxy Ingolstadt,Ingolstadt,4,8,N
2022,DE,Die Neue 107.7,Stuttgart,4,8,N
2022,AU,Gold 104.3,Melbourne,2,8,N
2022,GB,Sun FM,Sunderland,3,8,N
2022,AU,2UUS,Wollongong,1,8,N
2022,MX,XERC-FM [Radio Centro 97.7 FM],"Mexico City, DF",1,8,N
2022,AU,Triple M [Adelaide],Adelaide,5,8,N
2022,AT,Antenne Vorarlberg,Vienna,1,8,N
2022,DE,Klassik Radio,Berlin,1,8,N
2022,NL,NPO Radio 4,Amsterdam,4,7,N
2022,BR,JB FM,"Rio de Janeiro, RJ",1,7,N
2022,US,KRXP-FM,"Pueblo West, CO",2,7,N
2022,GB,Lyca Radio 1458,London,4,7,N
2022,DE,SWR 1 RP,Rheinland-Pfalz,2,7,N
2022,US,WSKQ-FM (La Mega New York 97.9 FM),"New York, NY",4,7,N
2022,ES,Cadena Dial,Madrid,3,7,N
2022,AU,3EL,Mildura,1,7,N
2022,DE,NDR 1 Welle Nord,Flensburg,1,7,N
2022,IL,Eco 99 FM,Tel Aviv,2,7,N
2022,US,KSWD-FM (The Sound Seattle 94.1 FM),"Seattle, WA",5,6,N
2022,US,670 The Score,"Chicago, IL",2,6,N
2022,KR,TBS FM,Seoul,5,6,N
2022,KR,KBS 1 Radio Main,Seoul,4,6,N
2022,LT,Radio Lietus,Klaipėda,5,6,N
2022,DE,SWR Aktuell,Berlin,1,6,N
2022,SE,Rix FM,Stockholm,1,6,N
2022,CA,Rythme 105.7,"Montreal, QC",2,6,N
2022,BR,Mundo Livre FM Curitiba,"Curitiba, PR",2,6,N
2022,US,"WBZ-AM (WBZ News radio 103,0FM)","Boston, MA",3,6,N
2022,US,WRNW,"Milwaukee, WI",3,6,N
2022,GR,Sfera 96.6 FM,Patra,4,6,N
2022,AU,Triple M Brisbane 104.5,Brisbane,1,6,N
2022,AU,Triple M Central West 1051.1,Newcastle,4,6,N
2022,NZ,The Sound,Auckland,3,6,N
2022,US,1 Pure EDM,"Chicago, IL",5,6,N
2022,DE,Berliner Rundfunk 91.4,Berlin,2,6,N
2022,US,KYW-AM,"Philadelphia, PA",1,6,N
2022,DE,Radio Galaxy,Nuremberg,3,6,N
2022,FR,Hit West,Nantes,2,5,N
2022,DE,105'5 Spreeradio,Berlin,2,5,N
2022,DE,Kulturradio rbb,Berlin,4,5,N
2022,US,KFRR-FM,"Wooster, OH",3,5,N
2022,JP,Free FM Osaka,Ōsaka-shi,4,5,N
2022,US,KRZZ-FM (La Raza San Francisco 93.3 FM),"San Francisco, CA",1,5,N
2022,US,KTBZ,"Houston, TX",1,5,N
2022,CN,Beijing Music Radio [ 北京音乐广播],Beijing,2,5,N
2022,BR,Radio Disney,"São Paulo, SP",1,5,N
2022,LU,RTL Deutschlands Hit-Radio,Luxembourg,1,5,N
2022,DE,RTL Radio,National,1,5,N
2022,DE,104.6 RTL,Berlin,1,5,N
2022,NO,Topp 40,Oslo,2,5,N
2022,ES,Radiolé,Madrid,1,5,N
2022,DK,Radio Soft,Copenhagen,1,5,N
2022,HR,CLUB MUSIC RADIO - TAMBURA,Zagreb,4,4,N
2022,BR,Band FM,São Paulo,3,4,N
2022,NO,NRJ Norge,Oslo,2,4,N
2022,US,Star 99.9,"Bridgeport, NJ",3,4,N
2022,BR,Saudades FM,"Matao, SP",4,4,N
2022,US,93XRT,"Chicago, IL",2,4,N
2022,ZA,Radio laeveld,Nelspruit,2,4,N
2022,US,WCPT,"Chicago, IL",3,4,N
2022,US,WLW-AM (Newsradio 700 WLW),"Cincinnati, OH",1,4,N
2022,MX,XHRL-FM [Genesis 98.1 FM],"Monterrey, NL",2,4,N
2022,BR,Nova Brasil 89.7 SP,São Paulo,1,4,N
2022,AU,2GB,Sydney,2,4,N
2022,FR,RMC,Paris,2,4,N
2022,UA,Kiss FM Ukraine,Lviv,3,4,N
2022,US,WEEI-FM (WEEI 93.7FM),"Boston, MA",2,4,N
2022,AU,Triple M 99.5 FM,Cairns,2,4,N
2022,NL,Indie XL,Amsterdam,4,4,N
2022,CA,CFPL-FM [London's Best Rock FM 96],"London, ON",1,4,N
2022,US,Ozzy's Boneyard,"Washington, D.C.",1,4,N
2022,US,WWJ-AM,"Detroit, MI",2,4,N
2022,JP,Nippon Cultural Broadcasting,Tokyo,2,4,N
2022,AU,3YB (94.5 FM),Warrnambool,1,4,N
2022,AU,4BC,Brisbane,4,4,N
2022,GB,CountryLine Radio,York,1,4,N
2022,US,Mix 106.5 FM,"Baltimore, MD",1,4,N
2022,US,KLBS 1330 AM,"Los Banos, CA",2,3,N
2022,JP,ABC Radio,Osaka,2,3,N
2022,KR,MBC Pyojun Radio Main,Seoul,2,3,N
2022,AU,Triple M [Melbourne],Melbourne,2,3,N
2022,JP,FMりべーる (FM Riviére),Asahikawa,3,3,N
2022,ID,Bens Radio,Jakarta,2,3,N
2022,US,KYSR,"Los Angeles, CA",1,3,N
2022,GB,XS Manchester,Manchester,2,3,N
2022,US,KWSS,"Phoenix, AZ",3,3,N
2022,FI,Radio SuomiPOP,Fiskars,2,3,N
2022,US,The Spectrum,"Washington, D.C.",2,3,N
2022,AT,ORF Ö2 Radio Steiermark,Graz,3,3,N
2022,PL,Radio Maryja,Bydgoszcz,3,3,N
2022,MX,XHFG-FM [Pulsar 107.3 FM],"Tijuana, BC",1,3,N
2022,MX,XHCHA-FM [Hits 104.5 FM],"Chihuahua, CH",2,3,N
2022,SG,Gold 90.5 FM,Caldecott Hill Estate,2,3,N
2022,BR,Band FM 96.1 FM,São Paulo,2,3,N
2022,IL,GLZ,Haifa,2,3,N
2022,AT,ORF Radio Burgenland,Bruck an der Leitha,1,3,N
2022,MX,XHIM-FM,"Juarez, CH",1,3,N
2022,DE,Radio Ton,Würzburg,1,3,N
2022,AR,Pop Radio,Junin,1,3,N
2022,DE,NDR 1 Niedersachsen,Hannover,1,3,N
2022,AR,Aspen 102.3 FM,Buenos Aires,1,3,N
2022,AU,Triple M Gold Coast,Gold Coast,2,3,N
2022,JP,はつかいち / 広島県 hatsukaichi FM,Tokyo,1,3,N
2022,AU,2DBO (Hit Dubbo 93.5),Dubbo,3,3,N
2022,PH,97.9 Home Radio,Manila,1,3,N
2022,JP,NHK R1,Tokyo,1,3,N
2022,DK,VLR,Odense,1,3,N
2022,RU,Like FM,Moscow,2,2,N
2022,FR,Radio Néo,Bourges,2,2,N
2022,DK,DR P2,Copenhagen,2,2,N
2022,US,KROQ,"Los Angeles, CA",2,2,N
2022,FR,Radio Orient,Paris,2,2,N
2022,US,KBZT-FM (ALT San Diego 94.9 FM),"San Diego, CA",2,2,N
2022,AT,ORF Ö2 Radio Niederösterreich,Sankt Pölten,2,2,N
2022,IS,Bylgjan FM,Reykjavík,2,2,N
2022,DE,Radio Schlagerparadies,Oldenburg,2,2,N
2022,US,WASU-FM The App,"Boone, NC",2,2,N
2022,GB,Panjab Radio,London,2,2,N
2022,US,WDZH-FM,"Detroit, MI",1,2,N
2022,US,Alt AZ 93.3,"Phoenix, AZ",2,2,N
2022,PT,Rádio Amália,Lisbon,1,2,N
2022,US,KMOX-AM,"St. Louis, MO",2,2,N
2022,CA,CFRA,"Ottawa, ON",1,2,N
2022,SG,Love 972,Singapore,1,2,N
2022,BR,Difusora FM 97.1,"Ribeirão Preto, SP",1,2,N
2022,SG,Power 98 FM,Singapore,1,2,N
2022,AU,3SEA (Hit Gippsland 94.3),Traralgon,1,2,N
2022,AT,KroneHit 105.8,Vienna,1,2,N
2022,KR,KBS CoolFM Main,Seoul,1,2,N
2022,US,KZOK-FM,"Seattle, WA",1,2,N
2022,SE,Rockklassiker,Göteborg,1,2,N
2022,TR,Power Turk FM,Istanbul,2,2,N
2022,GB,Nation Radio Cardiff,Cardiff,1,2,N
2022,FR,Radio Bonheur,Saint-Brieuc,2,2,N
2022,KR,Arirang Radio,Jeju,2,2,N
2022,FR,Radio Liberté,Strasbourg,2,2,N
2022,DE,Radio Salü,Saarbrücken,1,2,N
2022,ES,Flaix FM,Barcelona,2,2,N
2022,US,VivaLaVoce,"Washington, D.C.",2,2,N
2022,US,KHTH Hot 101.7 FM,"Santa Rosa, CA",1,2,N
2022,US,KFRG-FM (K-FROG San Bernardino 95.1 FM),"San Bernardino, CA",1,2,N
2022,US,WOR-AM (710 WOR The Voice of New York),"New York, NY",1,2,N
2022,US,WRFF,"Philadelphia, PA",1,2,N
2022,US,KOOL-FM (Kool FM Phoenix 94.5),"Phoenix, AZ",1,2,N
2022,IE,Q102,Dublin,1,2,N
2022,AU,2AY (1494 AM),Albury,1,2,N
2022,GR,Derti 98.6 FM,Athina,1,2,N
2022,US,WLKK,"Buffalo, NY",1,1,N
2022,AU,Triple M Mackay & The Whitsundays 98.7,Mackay,1,1,N
2022,US,WQMP-FM (Alternative Music Orlando 101.9 FM),"Daytona Beach, FL",1,1,N
2022,AT,ORF Ö2 Radio Tirol,Innsbruck,1,1,N
2022,BR,Itapoan FM,"Salvador, BA",1,1,N
2022,CA,CHEZ-FM,"Ottawa, ON",1,1,N
2022,BR,Rádio Record (Rio de Janeiro),"Rio de Janeiro, RJ",1,1,N
2022,KR,MBC-FM,Seoul,1,1,N
2022,DE,SWR 4 BW,Stuttgart,1,1,N
2022,FR,TFM,Aubenas,1,1,N
2022,RU,Dorojnoe Radio,Moscow,1,1,N
2022,GB,Dilse Radio 1035am,London,1,1,N
2022,MX,XHOBS-FM [92.1 FM],"Ciudad Obregon, SO",1,1,N
2022,AT,ORF Ö2 Radio Salzburg,Salzburg,1,1,N
2022,US,KNCI-FM,"Sacramento, CA",1,1,N
2022,US,WCBS-FM,New York,1,1,N
2022,NO,NRK P1+,Trondheim,1,1,N
2022,IS,Gull Bylgjan,Reykjavík,1,1,N
2022,AU,3BO (Triple M Bendigo 93.5),Bendigo,1,1,N
2022,CH,Radio Basilisk,Bern,1,1,N
2022,AU,Hit 92.9,Perth,1,1,N
2022,IT,Kiss Kiss History Hits,Naples,1,1,N
2022,FR,Fréquence K,Côte d'Azur,1,1,N
2022,SG,UFM 1003,Toa Payoh New Town,1,1,N
2022,CA,The Q,"Sooke, BC",1,1,N
2022,US,WHAS-AM (NewsRadio WHAS Louisville 840 AM),"Louisville, KY",1,1,N
2022,FR,Virgin Radio,Lyon,1,1,N
2022,JP,"Nippon Broadcasting System, Inc. (ニッポン放送)",Tokyo,1,1,N
2022,US,WZZK-FM,"Birmingham, AL",1,1,N
2022,RU,Radio Svoboda,Moscow,1,1,N
2022,AU,2GO,Gosford,1,1,N
2022,CY,RIK 2 CYBC,Paralimni,1,1,N
2022,ES,Los 40 Urban [KeBuena],Madrid,1,1,N
2022,AU,4TO [Triple M Townsville],Townsville,1,1,N
2022,US,Pride Radio,"San Francisco, CA",1,1,N
2022,BR,Lider FM (Triângulo Mineiro),"Pedra Azul, ES",1,1,N
2022,US,WIL-FM,"St. Louis, MO",1,1,N
2022,AU,SEN,Melbourne,1,1,N
2022,US,WRMF-FM,"Palm Beach, FL",1,1,N
2022,NO,The Beat,Oslo,1,1,N
2022,ID,KISI 93.4 FM,Bogor,1,1,N
2022,US,WBBM,"Chicago, IL",1,1,N
2022,FI,Iskelmä,Helsinki,1,1,N
2022,DE,BR Heimat,München,1,1,N
2022,GB,Unity FM,Birmingham,1,1,N
2022,CA,CHOX-FM,"Baie-Saint-Paul, QC",1,1,N
2022,US,WSTW-FM,"Wilmington, NC",1,1,N
2022,BE,Family Radio,Antwerpen,1,1,N
2022,AR,40 Principales,Comodoro Rivadavia,1,1,N
2023,NG,Cool FM,Lagos,279,122570,Y
2023,NG,Naija FM 102.7,Lagos,342,115951,Y
2023,NG,Soundcity FM Lagos,Lagos,319,112425,Y
2023,NG,The Beat 99.9 FM,Lagos,266,95657,Y
2023,NG,Wazobia FM,Lagos,334,65404,Y
2023,NG,City FM,Ikeja,356,64777,Y
2023,FR,Africa Radio,Paris,138,47239,N
2023,NG,Raypower 100.5 FM,Abuja,387,42848,Y
2023,GB,KISS XTRA,London,100,35744,N
2023,KE,Hot 96,Nairobi,179,35625,N
2023,GB,Pie Radio UK,Manchester,132,33717,N
2023,GB,The Beat (103.6FM),London,186,30484,N
2023,MQ,MIXX FM MARTINIQUE,Fort-de-France,31,28975,N
2023,BE,Tarmac,Brussels,98,27754,N
2023,NG,Inspiration 92.3 FM,Lagos,344,22448,Y
2023,NL,NPO FunX NL,Hilversum,113,22377,N
2023,GB,Reprezent Radio,London,154,21676,N
2023,US,WKYS-FM,"Washington, D.C.",57,21025,N
2023,GF,NRJ GUYANE,Cayenne,80,20969,N
2023,GB,BBC Radio 1 Xtra,London,199,20709,N
2023,KE,Radio Jambo,Nairobi,117,19090,N
2023,MA,Hit Radio Maroc,Rabat,37,18381,N
2023,US,WWPR,"New York, NY",82,17241,N
2023,KE,NRG Radio,Nairobi,183,17078,N
2023,NZ,Mai FM,Whangarei,38,16248,N
2023,US,Hot 97,"New York, NY",74,16039,N
2023,GP,NRJ Antilles | Guadeloupe,Basse-Terre,87,16012,N
2023,GB,Ujima 98 FM,Bristol,200,16008,N
2023,GB,Capital Xtra,London,127,15710,N
2023,FR,Tropiques FM,Paris,63,15597,N
2023,RE,NRJ Réunion,Saint-Denis,49,15510,N
2023,FR,Générations (IDF),Paris,98,15291,N
2023,NL,Radio FunX Fissa,Amsterdam,79,15164,N
2023,RE,EXO FM,Saint Denis,68,15024,N
2023,OM,Virgin Radio - Oman,Mascate,45,14793,N
2023,FR,Générations (Lyon),Lyon,85,14776,N
2023,GH,Starr FM,Accra,183,14422,N
2023,CI,Trace FM,Abidjan,103,13866,N
2023,GB,Westside Radio,London,156,13752,N
2023,DE,WDR Funkhaus Europa,Cologne,128,13548,N
2023,ZA,Y FM,Johannesburg,97,13346,N
2023,US,WOWI,"Norfolk, VA",33,13036,N
2023,GH,Citi FM,Accra,174,13032,N
2023,FR,Mouv',Paris,100,13002,N
2023,CI,Nostalgie FM,Abidjan,128,12962,N
2023,US,92Q Jams Baltimore,"Baltimore, MD",44,12932,N
2023,GH,Rainbow Radio,Accra,163,12925,N
2023,US,WQUE,"New Orleans, LA",25,12586,N
2023,PT,Vodafone FM,Lisbon,11,11924,N
2023,US,WQOK-FM,"Raleigh-Durham, NC",30,11378,N
2023,GH,Hitz FM,Accra,190,11234,N
2023,FR,Ado,Paris,48,10967,N
2023,US,Hot 104.7,"Kennebunkport, ME",42,10875,N
2023,US,Power 107.5,"Colombus, OH",36,10492,N
2023,US,WDKX-FM,"Rochester, NY",71,10213,N
2023,US,K104,"Dallas, TX",14,10156,N
2023,US,WGPR,"Detroit, MI",31,10148,N
2023,GH,Pluzz FM,Ghana,213,10122,N
2023,KE,Classic 105 FM,Nairobi,86,10098,N
2023,US,WHTA-FM,"Mableton, GA",50,10097,N
2023,US,WJMN,"Boston, MA",60,9742,N
2023,US,KBFB,"Dallas, TX",96,9701,N
2023,FR,Blackbox,Bordeaux,20,9688,N
2023,US,KBXX,"Houston, TX",26,9364,N
2023,US,WKTT Live 97.5 FM,Salisbury,68,9279,N
2023,GH,Asaase Radio,Accra,201,9260,N
2023,KE,Capital FM,Nairobi,157,9069,N
2023,NZ,Niu FM,Manaku,38,8942,N
2023,US,KOPW-FM (Omaha's Power 106.9 FM),"Plattsmouth, NE",27,8737,N
2023,US,KCAQ-FM,"Ventura, CA",22,8689,N
2023,US,WPOW,"Miami, FL",15,8671,N
2023,GH,YFM,Accra,200,8657,N
2023,US,WRSV,"Rocky Mount, NC",50,8543,N
2023,US,Z-107.9,"Cincinnati, OH",35,8518,N
2023,US,G100 - The Throwback Station,"Rincon, GA",7,8408,N
2023,GH,Kasapa FM,Accra,166,8362,N
2023,GH,3 FM,Accra,197,8244,N
2023,US,WZMX,"Hartford, CT",64,8170,N
2023,GH,Class FM,Accra,171,8144,N
2023,US,KMEL,"San Francisco, CA",27,7973,N
2023,US,KTFM-F2 (Energy San Antonio 94.1FM),"San Antonio, TX",13,7917,N
2023,FR,Konbini Radio,Paris,126,7906,N
2023,US,95.7 Jamz,"Midfield, AL",21,7801,N
2023,DE,Kiss FM,Berlin,40,7745,N
2023,JM,Zip FM,Kingston,85,7517,N
2023,US,WHZT-FM,"Spartanburg, SC",16,7405,N
2023,GB,Kiss FM,London,107,7362,N
2023,US,KSFM-FM (KSFM Sacramento 102.5 FM),"Sacramento, CA",19,7306,N
2023,FR,Mistral FM,Toulon,14,7188,N
2023,US,KWEE-FM,"Portland, OR",15,7178,N
2023,DE,Bremen Next,Bremen,53,7063,N
2023,US,WWWQ,"Atlanta, GA",14,7051,N
2023,US,KPHW-FM (Power Hawaï 104.3 FM),"Houston, TX",13,6998,N
2023,US,KBLZ-FM (The Blaze Winona 102.7 FM),"Longview, TX",20,6978,N
2023,AU,The Edge 96.ONE,Sydney,121,6948,N
2023,GH,Joy FM,Accra,176,6874,N
2023,FR,Skyrock,Paris,26,6855,N
2023,US,KDGS-FM,"Wichita, KS",24,6772,N
2023,US,Wild 101,"Boise, ID",18,6699,N
2023,US,KISV-FM,"Bakersfield, CA",15,6550,N
2023,GB,Croydon FM,London,117,6527,N
2023,GB,Kemet,Nottingham,125,6503,N
2023,US,WPGC 95.5,"Washington, D.C.",31,6426,N
2023,BE,Kif Radio,Brussels,62,6387,N
2023,US,WPWX-FM,"Chicago, IL",63,6378,N
2023,US,The Heat,"Washington, D.C.",17,6350,N
2023,US,Q97.1,"Visalia, CA",10,6249,N
2023,US,KLJY-FM (JOY Saint Louis 99.1 FM),"St. Louis, MO",1,6053,N
2023,GB,New Style Radio,Birmingham,105,6044,N
2023,GH,Neat FM,Accra,169,6035,N
2023,US,KHTE The Box 96.5 FM,Little Rock,20,6025,N
2023,US,WWKL,"Harrisburg, PA",4,5990,N
2023,ZA,VOW Voice of Wits 88.1 FM,Johannesburg,121,5980,N
2023,US,WHHL,"St. Louis, MO",15,5969,N
2023,US,KZZP,"Phoenix, AZ",24,5929,N
2023,SE,P3,Stockholm,83,5882,N
2023,DK,The Voice,Copenhagen,8,5831,N
2023,LB,Virgin Radio 89.5,Bayrut,24,5813,N
2023,GB,Colourful Radio,London,216,5769,N
2023,EE,Power Hit Radio,Tallinn,4,5727,N
2023,US,WXKS,"Boston, MA",13,5725,N
2023,US,KIIS,"Los Angeles, CA",14,5699,N
2023,US,WBLS FM,"New York, NY",59,5645,N
2023,GH,Happy 98.9 FM,Accra,142,5640,N
2023,US,Hot Z 95,"Corpus Christi, TX",17,5489,N
2023,US,WDJX,"Louisville, KY",7,5449,N
2023,US,KPAT-FM (The Beat San Maria 95.7 FM),"Orcutt, CA",18,5428,N
2023,PT,Cidade,Lisbon,6,5407,N
2023,FR,Radio ECN,Mulhouse,27,5403,N
2023,US,WXXL,"Orlando, FL",12,5376,N
2023,GB,Rinse FM,London,166,5342,N
2023,ZA,5FM,Bloemfontein,64,5263,N
2023,ZA,Metro FM,Johannesburg,98,5256,N
2023,US,WBTJ,"Richmond, VA",34,5237,N
2023,US,POWER106,"Los Angeles, CA",20,5234,N
2023,US,KKOB,"Albuquerque, NM",5,5217,N
2023,IE,Spin 1038,Dublin,70,5215,N
2023,CH,One FM,Zürich,51,5195,N
2023,GH,Sunny FM,Accra,52,5187,N
2023,US,WNRW,"Louisville, KY",19,5169,N
2023,US,99.7 NOW,"San Francisco, CA",21,5160,N
2023,US,WWPW,"Atlanta, GA",15,5157,N
2023,BE,Bruzz,Brussels,119,5148,N
2023,US,98.9 Magic FM,"Colorado Spring, CO",5,5037,N
2023,GB,Unity Xtra,Manchester,37,4961,N
2023,PT,Kiss FM Algarve,Albufeira,24,4910,N
2023,US,WZPL,"Indianapolis, IN",8,4824,N
2023,US,KPTT,"Denver, CO",10,4801,N
2023,FR,Mixx FM,Cognac,12,4755,N
2023,SC,Paradise FM,Saint Louis,112,4751,N
2023,ZA,UCT Radio 104.5 FM,Cape Town,57,4719,N
2023,US,WARQ-FM,"Columbus, OH",5,4708,N
2023,BE,Fun Radio BL,Brussels,85,4693,N
2023,US,WHTZ,"New York, NY",9,4651,N
2023,GH,Peace FM,Accra,149,4624,N
2023,FR,Tonic Radio,Lyon,10,4613,N
2023,US,KLLY-FM,"Bakersfield, CA",10,4546,N
2023,ZA,MFM 92.6,Stellenbosch,39,4545,N
2023,US,KISO,"Omaha, NE",15,4540,N
2023,US,Pandora Now,"Washington, D.C.",6,4525,N
2023,US,WKSC,"Chicago, IL",15,4488,N
2023,US,WWXM,"Myrtle Beach, SC",11,4486,N
2023,US,KHTS,"San Diego, CA",16,4465,N
2023,US,KTBT,"Tulsa, OK",17,4456,N
2023,MA,U RADIO,Rabat,35,4455,N
2023,US,WAMJ-FM,"Atlanta, GA",23,4451,N
2023,US,102.7 Da Bomb,"Houston, TX",8,4393,N
2023,US,KEZE-FM (Hot 96.9FM Spokane),"Spokane, WA",20,4383,N
2023,US,WHQC,"Charlotte, NC",18,4381,N
2023,US,WAKS,"Cleveland, OH",14,4356,N
2023,US,WFBC-FM (B93.7 FM Greenville Pop Music),"Greenville, SC",6,4355,N
2023,GB,Premier Gospel,London,53,4346,N
2023,US,Hot 104 Radio,"Houston, TX",5,4340,N
2023,US,KUDD,"Salt Lake City, UT",2,4317,N
2023,US,Mix 93.9,"Kansas City, MO",2,4255,N
2023,GH,Onua 95.1 FM,Accra,124,4239,N
2023,US,WFLZ,"Tampa, FL",16,4223,N
2023,US,WLDI,"West Palm Beach, FL",11,4210,N
2023,US,Planet 102.3,"Corpus Christi, TX",11,4198,N
2023,US,KXXM,"San Antonio, TX",13,4198,N
2023,US,WDCG,"Raleigh, NC",13,4198,N
2023,US,KALV-FM (Live Phoenix 101.5 FM),"Phoenix, AZ",17,4147,N
2023,GB,BBC Asian Network,Birmingham,94,4126,N
2023,FR,NRJ,Paris,37,4111,N
2023,FR,Radio ISA,Grenoble,9,4093,N
2023,US,KKXX-FM,"Bakersfield, CA",8,4079,N
2023,US,LITT Hip-Hop,Los Angeles,33,4057,N
2023,US,102 JAMZ,"Reidsville, NC",23,4030,N
2023,US,WKSL,"Jacksonville, FL",14,3987,N
2023,PE,Studio92,Lima,10,3981,N
2023,US,WHYI,"Miami, FL",11,3981,N
2023,US,WZYP,"Huntsville, AL",7,3875,N
2023,US,WEZB,"New Orleans, LA",8,3850,N
2023,US,KDWB,"Minneapolis, MN",11,3831,N
2023,ES,Los 40,Rioja,8,3821,N
2023,US,WXXX,"Burlington, VT",17,3805,N
2023,LB,Mix FM 104.4,Beirut,15,3777,N
2023,US,562live Long Beach,Los Angeles,23,3772,N
2023,ZA,GoodHope FM,Cape Town,74,3744,N
2023,DK,DR P3,Copenhagen,48,3740,N
2023,ES,Hit FM,Madrid,4,3725,N
2023,DE,1Live Diggi,Düsseldorf,33,3724,N
2023,GB,BCfm,Bristol,136,3719,N
2023,US,K92,"Roanoke, VA",5,3712,N
2023,US,KUDL,"Sacramento, CA",4,3711,N
2023,US,WQLQ-FM,"South Bend, IN",6,3702,N
2023,US,KJYO,"Oklahoma City, OK",16,3695,N
2023,US,WKSE-FM (KISS Niagara Falls 98.5FM),"Niagara Falls, NY",5,3676,N
2023,FR,Latina,Paris,8,3669,N
2023,US,Y101.7,"Jackson, MS",15,3660,N
2023,US,WKRQ-FM (Q102 WKRQ Cincinnati),"Cincinnati, OH",6,3659,N
2023,BE,NRJ Belgique,Brussels,21,3639,N
2023,ZA,Heart FM,Cape Town,52,3591,N
2023,GB,BBC Radio 1,London,72,3589,N
2023,DE,Jam FM,Berlin,28,3566,N
2023,US,WFMF,"Baton Rouge, LA",13,3562,N
2023,US,KLYV-FM (Y105 Music Dubuque Pop radio),"Dubuque, IA",9,3558,N
2023,US,WPXY-FM (98 PXY Rochester 97.9 FM),"Rochester, NY",7,3551,N
2023,US,WIOQ,"Philadelphia, PA",19,3546,N
2023,US,KRUF-FM (K945 Shreveport 94.5 FM),"Shreveport, LA",4,3530,N
2023,CA,KWPZ-FM [Praise 106.5],"Vancouver, BC",1,3518,N
2023,US,WTDY-FM,"Philadelphia, PA",9,3507,N
2023,CH,Toxic FM,Sankt Gallen,17,3483,N
2023,BR,Metropolitana 98.5 FM,"São Paulo, SP",8,3468,N
2023,CH,SRF Virus,Basel,38,3465,N
2023,US,KKUU U92.7 FM,"Palm Springs, CA",8,3439,N
2023,US,KBFF,"Portland, OR",7,3427,N
2023,NZ,The Edge,Auckland,13,3395,N
2023,SE,Radio Topp 40 Sverige,Stockholm,1,3363,N
2023,LU,L'essentiel Radio,Differdange,11,3330,N
2023,GB,Platform B,Brighton,122,3316,N
2023,US,XHTO,"El Paso, TX",19,3272,N
2023,US,WZFT,"Baltimore, MD",16,3266,N
2023,US,KUUU-FM (U92 Salt Lake City 92.5 FM),"South Jordan, UT",13,3263,N
2023,US,WZOK,"Rockford, IL",11,3259,N
2023,US,WJFX-FM (Online Fort Wayne Hot 107.9 FM),"Fort Wayne, IN",6,3250,N
2023,US,KRRL-FM Real 92.3,"Los Angeles, CA",15,3241,N
2023,FR,Radio Numero 1,Bourges,5,3220,N
2023,FR,Urban Hit,Paris,59,3207,N
2023,US,WVYB-FM,"Daytona Beach, FL",7,3198,N
2023,US,KHKS,"Dallas, TX",8,3147,N
2023,CA,CKIS-FM (Kiss 92.5),Toronto,16,3136,N
2023,GB,Capital FM [London],London,11,3129,N
2023,TR,Power FM,Istanbul,22,3126,N
2023,GB,Capital FM [Liverpool],Liverpool,12,3120,N
2023,US,101.9fm The MIX,"Chicago, IL",1,3115,N
2023,GB,2BR,Manchester,13,3098,N
2023,MX,XHOB-FM [Factor 93.1 FM],"San Luis Potosi, SL",5,3096,N
2023,CA,JUMP! 106.9,"Ottawa, ON",8,3090,N
2023,GB,Capital South Wales,Cardiff,11,3089,N
2023,GB,Capital FM [Edinburgh],Edinburgh,11,3074,N
2023,US,WDJQ-FM (Q92 Radio),"Alliance, OH",10,3060,N
2023,US,WZEE,"Madison, WI",11,3058,N
2023,NZ,ZM,Auckland,15,3054,N
2023,IE,Beat 102 103,Dungarvan,13,3043,N
2023,US,WNDV-FM,"South Bend, IN",13,3036,N
2023,ES,MegaStar FM,Madrid,7,3035,N
2023,US,WYKS,"Gainesville, GA",3,3016,N
2023,ID,Z 99.9 FM,Jakarta,11,3008,N
2023,GB,Reform Radio,Manchester,129,2996,N
2023,MT,89.7 Bay,Valletta,12,2990,N
2023,FR,Radio Star (Sud),Marseille,11,2968,N
2023,US,KHTT,"Tulsa, OK",5,2968,N
2023,TH,MCOT-Met 107 FM,Bangkok,21,2952,N
2023,PT,Mega Hits,Lisbon,34,2949,N
2023,CA,Virgin Radio (CKFM-FM),Toronto,24,2949,N
2023,US,WVKL-FM (95.7 FM R&B Norfolk Urban Music),Norfolk,3,2944,N
2023,US,WRRC,"Trenton, NJ",44,2912,N
2023,GR,MAD Radio 106.2 FM,Athens,12,2894,N
2023,ES,iCat FM,Barcelona,22,2871,N
2023,US,KSOC,"Dallas, TX",17,2870,N
2023,BR,Metropolitana Pop,São Paulo,3,2869,N
2023,US,KHFI,"Austin, TX",11,2861,N
2023,US,WGTS-FM,"Washington, D.C.",2,2842,N
2023,FR,Nova,Paris,38,2832,N
2023,US,CIDR,"Detroit, MI",24,2822,N
2023,US,Hot 103.5,"Sacramento, CA",12,2812,N
2023,CA,CJFM-FM [Virgin Radio 96],"Montreal, QC",14,2811,N
2023,CO,La X 103.9 FM,Bogotá,21,2808,N
2023,US,1075 KZL,"Winston-Salem, NC",6,2808,N
2023,TR,Radyo Fenomen,Istanbul,9,2798,N
2023,PT,Cidade Hip-Hop,Lisbon,2,2786,N
2023,US,103.7 KISS FM,"Milwaukee, WI",5,2766,N
2023,US,WFLC,"Miami, FL",6,2760,N
2023,US,KMCK-FM (Power Arkansas 105.7FM),"Fayetteville, AR",4,2719,N
2023,FR,Fun Radio,Paris,44,2698,N
2023,US,WZNF,"Biloxi, MS",5,2673,N
2023,US,XHITZ,"San Diego, CA",12,2660,N
2023,US,WNCI,"Columbus, OH",16,2659,N
2023,PE,Radio Disney Peru,Lima,3,2656,N
2023,GB,Radio Cardiff,Cardiff,101,2655,N
2023,US,WTIC-FM,"Hartford, CT",2,2654,N
2023,US,WRVW,"Nashville, TS",15,2653,N
2023,ZW,Breeze fm,Victoria Falls,137,2643,N
2023,MX,XHMLS-FM [Éxitos 91.3 FM],"Matamoros, TM",4,2638,N
2023,NO,NRJ Norge,Oslo,5,2634,N
2023,FR,Oxygène La Radio de la Seine et Marne,Melun,17,2614,N
2023,IE,RTÉ 2FM,Dublin,65,2610,N
2023,ID,94.8 DJFM,Surabaya,23,2605,N
2023,ES,AB 95 FM,Albacete,7,2592,N
2023,TR,Metro FM,Istanbul,12,2592,N
2023,US,Kiss FM,"De Pere, WI",5,2590,N
2023,MX,XHNU-FM [Súper 94.5 FM],"Acapulco, GR",2,2587,N
2023,FR,Radio Flash,Montpellier,2,2554,N
2023,PT,RFM,Lisbon,7,2552,N
2023,FI,YLE X3M,Helsinki,53,2518,N
2023,US,WFLY-FM,"Troy, MI",12,2510,N
2023,MX,XHJD-FM [D99 ],"Monterrey, NL",7,2502,N
2023,DE,Dasding,Stuttgart,71,2501,N
2023,BG,NRJ Radio ENERGY,Sofia,7,2457,N
2023,US,KHTH Hot 101.7 FM,"Santa Rosa, CA",3,2441,N
2023,FR,RTS FM,Montpellier,18,2427,N
2023,AE,Pulse 95 FM,Dubai,24,2425,N
2023,MX,Match FM,Mexico City,11,2404,N
2023,FR,Montagne FM,Saint-Jean-de-Maurienne,9,2384,N
2023,GB,Foundation FM,London,100,2379,N
2023,FR,Kiss FM [Toulon/Marseille],Marseille,8,2311,N
2023,FR,Kiss FM [St Tropez/Monaco],Nice,10,2308,N
2023,US,Mix 106.5 FM,"Baltimore, MD",4,2299,N
2023,CA,CHUM,"Toronto, ON",4,2295,N
2023,US,HOT 96.9 Boston,"Boston, MA",7,2294,N
2023,RO,Kiss FM,Bucharest,32,2282,N
2023,US,103.3 AMP Radio,"Boston, MA",6,2266,N
2023,US,WWBX-FM (Mix 104.1 FM),"Boston, MA",4,2257,N
2023,US,105.9 KISS-FM,"Lawrence, KS",8,2256,N
2023,MT,Vibe FM,Valletta,19,2254,N
2023,AU,FBI,Sydney,147,2248,N
2023,US,WAYV-FM,"Atlanta, GA",6,2232,N
2023,US,WPIA-FM (KISS FM Peoria 98.5),"Eureka, CA",7,2183,N
2023,ZA,947,Rivonia,56,2143,N
2023,FR,Nova [Bordeaux],Bordeaux,36,2142,N
2023,NG,Max FM 102.3,Lagos,99,2132,Y
2023,US,KYKY-FM (Y Saint Louis 98.1 FM),"St. Louis, MO",5,2096,N
2023,US,WCGQ-FM,"Columbus, OH",11,2093,N
2023,FR,Radio Monaco,Moneghetti,38,2092,N
2023,FR,Fréquence Plus,Beaune,4,2089,N
2023,CA,CKOI,"Montreal, QC",6,2087,N
2023,US,WOMX-FM (Mix 105.1FM Orlando Pop Music),"Orlando, FL",4,2085,N
2023,US,Star 99.9,"Bridgeport, NJ",4,2041,N
2023,FR,Metropolys,Lille,12,2038,N
2023,FR,Top FM,Marseille,11,2030,N
2023,PT,Mix FM,Lisbon,26,2027,N
2023,GB,Hits Radio Staffordshire and Cheshire,Stoke-on-Trent,9,2026,N
2023,RO,ProFM Black,Bucharest,17,2012,N
2023,MX,Ya! FM Villahermosa,"Villahermosa, TB",2,2011,N
2023,FR,Activ Radio,Saint-Etienne,6,2008,N
2023,GB,The Wave 96.4 FM,London,8,2006,N
2023,BE,RTBF Jam,Brussels,75,1997,N
2023,CO,Los 40 Principales,Cali,3,1973,N
2023,ID,87.6 Hard Rock FM,Jakarta,14,1970,N
2023,GB,Cool FM,Belfast,13,1964,N
2023,GB,Radio Essex,London,13,1956,N
2023,FR,Wit FM,Angoulême,11,1948,N
2023,BR,Mix FM Rio,Rio de Janeiro,12,1944,N
2023,CA,CING-FM [Fresh 95.3 FM],"Hamilton, ON",7,1925,N
2023,FR,Maritima Radio,Marseille,12,1921,N
2023,FR,Radio Scoop,Roanne,11,1913,N
2023,FR,Flor FM,Mulhouse,9,1910,N
2023,US,KEXP,"Seattle, WA",151,1902,N
2023,GB,Key 103,Manchester,9,1895,N
2023,GB,All FM,Manchester,122,1889,N
2023,US,My 102.7,"Spring Creek, VA",1,1888,N
2023,FR,Chérie FM,Paris,4,1875,N
2023,ES,Marcha FM,Las Palmas,5,1845,N
2023,FR,Evasion,Évry,2,1844,N
2023,BG,Avto Radio,Sofia,5,1831,N
2023,FR,Hit West,Nantes,4,1816,N
2023,FR,100%,Carcassonne,5,1805,N
2023,US,WNYU-FM,"New York, NY",64,1803,N
2023,US,WTOK-FM (Hot San Juan Puerto Rico 102.5 FM),"San Juan, TX",4,1787,N
2023,IS,95.7 FM,Reykjavík,5,1786,N
2023,GB,KMFM,Tonbridge,11,1781,N
2023,MK,Antenna 5,Skopje,14,1781,N
2023,BR,Rádio Mix FM,"São Paulo, SP",10,1776,N
2023,IE,FM104,Dublin,71,1774,N
2023,US,The Joint,"Washington, D.C.",18,1774,N
2023,MX,XHESL [Exa 102.1 FM],"San Luis Potosi, SL",7,1763,N
2023,CH,my105 - dance,Bern,7,1762,N
2023,RU,Like FM,Moscow,2,1761,N
2023,US,Hip Hop Nation,"Washington, D.C.",4,1752,N
2023,GB,Capital Dance,London,5,1742,N
2023,US,WKTU,"New York, NY",3,1737,N
2023,US,Venus,"New York, NY",3,1723,N
2023,ES,Ràdio Flaixbac,Barcelona,3,1722,N
2023,FR,Oxygène Radio,Segré,20,1721,N
2023,AU,Double J,Canberra,23,1721,N
2023,US,i106,"Nashville, TS",5,1708,N
2023,IE,iRadio,Dublin,16,1693,N
2023,US,TikTok Radio,"Washington, D.C.",5,1692,N
2023,FI,Radio Rock,Helsinki,1,1686,N
2023,GB,Gaydio,Manchester,12,1658,N
2023,GH,Adom FM,Accra,77,1654,N
2023,BE,Tipik [ex Pure FM],Liège,51,1653,N
2023,US,WSTW-FM,"Wilmington, NC",3,1651,N
2023,RU,ХИТ FM 107.4 (Hit FM),Moscow,13,1648,N
2023,MX,XHEXA [EXA 104.9],"Mexico City, DF",3,1647,N
2023,AU,Triple J,Sydney,69,1635,N
2023,FR,Vinci - Autoroute FM,Alpes Provence,11,1634,N
2023,ZA,Radio NFM Nuus,Cape Town,98,1632,N
2023,US,KLLC-FM,"San Francisco, CA",2,1619,N
2023,GB,SWU FM,Bristol,124,1618,N
2023,MX,XHJC [Exa 91.5 FM],"Mexicali, BC",7,1618,N
2023,FR,Jordanne FM,Aurillac,15,1610,N
2023,RU,Europa Plus,Moscow,13,1610,N
2023,NL,SLAM!,Hilversum,14,1603,N
2023,RU,Capital FM Moscow,Moscow,13,1603,N
2023,BE,NRJ België,Brussels,31,1602,N
2023,FR,Radio Camargue,Nîmes,4,1587,N
2023,FR,Top Music,Strasbourg,5,1570,N
2023,MX,XHFAJ-FM [Alfa 91.3],"Mexico City, DF",8,1569,N
2023,FR,Vibration,Orléans,13,1566,N
2023,CH,NRJ Energy Bern,Bern,8,1561,N
2023,CH,Energy Zürich,Zürich,8,1560,N
2023,FR,Radio 8,Sedan,4,1556,N
2023,CH,RTS Couleur 3,Mont Salève,107,1553,N
2023,CH,NRJ Energy Basel,Liestal,9,1549,N
2023,US,Power 96.5 FM,"Springfield, IL",8,1546,N
2023,BR,Jovem Pan FM Florianópolis,"Belo Horizonte, MG",13,1544,N
2023,FR,Prun',Nantes,40,1536,N
2023,FR,Littoral FM,Narbonne,5,1528,N
2023,TR,Heart FM,Ankara,9,1517,N
2023,ZA,Ukhozi FM,Johannesburg,68,1510,N
2023,US,WXHT Hot 102.7,Madison,8,1490,N
2023,FR,RFI,Paris,95,1489,N
2023,BR,Radio Disney,"São Paulo, SP",5,1487,N
2023,AU,Nova 96.9,Sydney,6,1474,N
2023,AU,Nova 91.9,Adelaide,5,1468,N
2023,FR,Radio ONE,Agde,4,1467,N
2023,ID,Phoenix Radio 91 FM,Bali,22,1466,N
2023,MX,XHMA-FM,"Guadalajara, JA",11,1463,N
2023,IT,Radio m2o,Lazio,30,1457,N
2023,DE,UnserDing,Saarbrücken,28,1447,N
2023,MX,XHTS-FM [Ya! 102.9 FM],"Veracruz, VE",2,1447,N
2023,RO,Radio Zu,Constanța,11,1444,N
2023,AU,Nova 106.9,Brisbane,5,1440,N
2023,US,WNXP,Nashville,16,1440,N
2023,AU,Nova 100,Melbourne,3,1439,N
2023,CH,Radio X,Basel,62,1437,N
2023,FI,HitMix,Helsinki,1,1435,N
2023,FR,N'Radio,Soissons,2,1432,N
2023,BG,Radio Fresh 100.3,Sofia,3,1428,N
2023,UY,Concierto Punta 95.1 FM,Punta del Este,12,1426,N
2023,PE,Onda Cero,Lima,1,1425,N
2023,FR,Fréquence Grands Lacs,Bordeaux,8,1421,N
2023,FR,Voltage,Paris,12,1418,N
2023,MX,Los 40,"Mexico City, DF",7,1418,N
2023,CA,CJUM-FM UMFM,Winnipeg,92,1417,N
2023,IT,Radio Playstudio,Emilia–Romagna,30,1414,N
2023,MX,XHPOP-FM [Radio Disney 99.3],"Mexico City, DF",5,1414,N
2023,FR,Radio Arc en Ciel,Strasbourg,11,1413,N
2023,AU,Nova 93.7,Perth,4,1410,N
2023,NO,NRJ Norway,Bergen,4,1404,N
2023,HR,Antena Zagreb,Zagreb,11,1402,N
2023,NL,538 Ibiza,Hilversum,2,1401,N
2023,SG,987FM,Singapore,8,1400,N
2023,ZA,East Coast Radio,Durban,32,1398,N
2023,US,KQCH-FM - Channel 94.1,"Omaha, NE",5,1398,N
2023,CL,Radio Disney Chile 104.9 FM Santiago,Santiago,4,1395,N
2023,FR,Radio Zenith Messina,Messina,9,1394,N
2023,FR,Radio Campus Besançon,Besançon,17,1384,N
2023,US,WRMF-FM,"Palm Beach, FL",1,1374,N
2023,AR,Disney,Buenos Aires,5,1354,N
2023,NL,Radio Decibel,Hilversum,2,1354,N
2023,NZ,George FM,Tauranga,13,1351,N
2023,US,WKQI,"Detroit, MI",9,1334,N
2023,MX,XHMOR-FM [La 99.1 FM],"Yautepec, ML",5,1332,N
2023,BR,Blink 102 FM (Campo Grande),"Campo Grande, MS",6,1331,N
2023,FR,Oui FM,Paris,1,1327,N
2023,ES,RAC 105,Barcelona,1,1325,N
2023,PE,Radio La Zona,Lima,3,1324,N
2023,DE,Delta Radio,Kiel,14,1319,N
2023,GB,Heart FM,London,13,1303,N
2023,ES,Los 40 Urban [KeBuena],Madrid,1,1299,N
2023,AL,Radio Tirana 2,Tirana,8,1298,N
2023,FR,Radio Campus Pau,Pau,13,1293,N
2023,BR,Educadora,"Salvador, BA",13,1291,N
2023,EE,ERR Raadio 2,Rakvere,70,1286,N
2023,AT,KroneHit Electric,Vienna,11,1283,N
2023,CA,"CITE-FM [Rouge FM 107,3]","Montreal, QC",7,1280,N
2023,CA,"CIMF-FM [Rouge 94,9]","Ottawa, ON",6,1274,N
2023,BR,Nova Brasil FM (Sao Paulo),"Poços de Caldas, MG",6,1270,N
2023,PH,Monster RX 93.1,Manila,21,1261,N
2023,US,Radio Milwaukee: WYMS,Milwaukee,27,1254,N
2023,DO,Latidos 93.7,Santo Domingo,2,1252,N
2023,DE,Radio Fantasy,Ingolstadt,9,1249,N
2023,FR,Radio RMB,Montluçon,25,1247,N
2023,FR,RVM,Charleville-Mézières,11,1241,N
2023,CA,Rouge FM,"Quebec City, QC",6,1240,N
2023,US,WLNK-FM (The Link Charlotte 107.9 FM),"Charlotte, NC",1,1240,N
2023,GB,Forth 1,Balerno,14,1239,N
2023,FR,Tendance Ouest,Rouen,5,1237,N
2023,CA,CFMY,"Redcliff, AB",4,1234,N
2023,DE,Big FM,Saarbrücken,66,1225,N
2023,GB,Tay FM,Dundee,10,1223,N
2023,GB,Soho Radio,London,135,1206,N
2023,FR,Jaime Radio,Lorient,10,1202,N
2023,CH,Rouge Fm,Lausanne,12,1200,N
2023,FR,Radio Contact,Lille,3,1200,N
2023,MX,XHMG-FM [Digital 102.9 FM],"Monterrey, NL",6,1196,N
2023,DE,L'Unico,Paderborn,8,1192,N
2023,FR,Plein Air,Besançon,5,1191,N
2023,DE,Planet Radio,Frankfurt,75,1189,N
2023,DE,1Live,Düsseldorf,31,1189,N
2023,NL,538 Dance Radio,Hilversum,3,1182,N
2023,BE,Studio Brussel,Brussels,45,1172,N
2023,PT,RTP Antena 3,Lisbon,16,1167,N
2023,GB,Kerrang!,London,2,1161,N
2023,US,ENERGY98,"Portland, OR",6,1160,N
2023,GB,Moray Firth Radio,Inverness,13,1159,N
2023,US,KYLD [WILD 94.9],"San Francisco, CA",11,1156,N
2023,MX,XHERZ-FM [Los 40 93.1],"Leon, GT",7,1156,N
2023,DE,Star FM,Berlin,1,1156,N
2023,AU,hit104.9 The Border,Albury,7,1154,N
2023,FR,Flash FM,Limoges,12,1153,N
2023,CA,99.7 2Day FM,"River, BC",2,1148,N
2023,AT,FM4,Vienna,52,1145,N
2023,AU,3BDG,Bendigo,9,1143,N
2023,BE,MNM,Veltem-Beisem,64,1138,N
2023,NO,NRK P3,Steigen,33,1133,N
2023,BG,N-JOY,Sofia,4,1132,N
2023,FR,Nevers FM,Nevers,14,1130,N
2023,AT,Welle 1 Salzburg,Vienna,7,1130,N
2023,FR,Canal FM,Aulnoye-Aymeries,10,1122,N
2023,CO,La X,Medellín,17,1122,N
2023,MX,XHGR-FM - Los 40 Xalapa - 104.1 FM,"Xalapa, VE",6,1118,N
2023,AU,Hit106.9 Newcastle,Newcastle,8,1118,N
2023,PT,Rádio Atlântida,Ponta Delgada,4,1117,N
2023,AU,Hit 105,Brisbane,8,1113,N
2023,PT,Rádio Comercial,Lisbon,5,1110,N
2023,AU,hit Southwest,Bunbury,6,1109,N
2023,AU,hit100.7 Darling Downs,Toowoomba,8,1105,N
2023,BR,Energia 97 FM,"São Paulo, SP",13,1102,N
2023,DE,Star Fm Nürnberg,Lauf an der Pegnitz,1,1098,N
2023,FR,Europe 2,Paris,4,1096,N
2023,GB,Northsound 1,Aberdeen,10,1094,N
2023,LV,Latvijas radio 5,Riga,31,1094,N
2023,AE,Luv 107.1,Dubai,5,1091,N
2023,FI,Radio City,Helsinki,1,1090,N
2023,AU,Fox FM,Melbourne,10,1085,N
2023,AU,Hit 107,Adelaide,7,1081,N
2023,AU,5SEF (Hit Limestone Coast 96.1),Naracoorte,6,1081,N
2023,AU,4SEA [90.9 Sea FM],Gold Coast,5,1080,N
2023,AU,Hit 100.3 Mackay,Mackay,7,1075,N
2023,AU,KIIS 101,Melbourne,7,1070,N
2023,AU,Hit 103.1,Townsville,10,1069,N
2023,AU,hit107.9 Central Queensland,Rockhampton,9,1068,N
2023,FR,Fusion FM,Vichy,4,1061,N
2023,FR,FIP autour du monde,Paris,18,1059,N
2023,AU,4AMM (Hit Tablelands 97.9),Cairns,7,1057,N
2023,BR,Jovem Pan,"São Paulo, SP",10,1055,N
2023,FR,Radio Star (Est),Belfort,6,1055,N
2023,AU,7TTT (Hit Hobart 100.9),Hobart,9,1053,N
2023,DE,Radio HBW - Harz-Borde-Welle,Aschersleben,62,1047,N
2023,AU,KIIS 1065,Sydney,13,1047,N
2023,GB,Clyde 1,Glasgow,10,1046,N
2023,AU,Hit 104.7,Canberra,7,1046,N
2023,US,WUNC Music,Fayetteville,14,1040,N
2023,FR,Océane,Lannion,1,1035,N
2023,AU,2CFM,Gosford,7,1030,N
2023,FR,Radiocean,Quimperlé,1,1030,N
2023,FR,Toulouse FM,Toulouse,8,1028,N
2023,ES,Los 40 Dance [Máxima FM],Barcelona,25,1020,N
2023,US,WLZX-FM,"Springfield, MA",2,1014,N
2023,DE,Radio Primavera,Offenbach,13,1011,N
2023,SE,NRJ Sweden,Stockholm,10,1011,N
2023,MY,Hitz FM Kuala Lumpur,Kuala Lumpur,23,1007,N
2023,GB,SG1 Radio,Stevenage,78,1005,N
2023,DE,"Radio Gong 106,9 Würzburg",Würzburg,4,1002,N
2023,PL,RMF MAXXX,Zabrze,5,1000,N
2023,ES,Canal Fiesta Radio,Seville,5,997,N
2023,GB,Hot Radio,Poole,8,996,N
2023,MY,Hitz FM Kota Kinabalu,Kota Kinabalu,24,994,N
2023,AU,Hit 103.5 FM Cairns,Cairns,6,991,N
2023,FI,YLEX,Helsinki,36,989,N
2023,RU,NRJ Energy,Moscow,32,987,N
2023,MX,XHQRT-FM [91 DAT 90.9 FM],"Queretaro, QT",2,985,N
2023,DE,MDR Sputnik,Halle (Saale),35,983,N
2023,DK,myROCK,Copenhagen,1,983,N
2023,FR,Radio Campus 47,Agen,29,982,N
2023,PL,Radio Kampus FM,Warsaw,55,979,N
2023,US,Hits 1,"Washington, D.C.",2,979,N
2023,AU,2WIN,Wollongong,4,977,N
2023,GB,Gorgeous FM,Birmingham,27,972,N
2023,PT,Rádio Canal FM,Angra do Heroísmo,13,971,N
2023,GB,Worldwide FM,London,35,965,N
2023,IS,Kiss FM 104.5,Reykjavík,3,964,N
2023,US,KCDZ Z107.7 FM,"St. Louis, MO",6,954,N
2023,AU,2GOS,Gosford,7,953,N
2023,FR,K6 FM,Dijon,5,953,N
2023,DE,Classic Rock Radio,Saarbrücken,1,951,N
2023,CY,Mix FM,Nicosia,22,944,N
2023,DK,NOVA,Copenhagen,7,942,N
2023,GB,NTS,London,134,931,N
2023,FR,Sweet FM,Le Mans,9,930,N
2023,GB,Heart Yorkshire,Wakefield,14,929,N
2023,IE,98 FM,Dublin,11,925,N
2023,FR,Direct FM,Metz,6,922,N
2023,ID,Motion 97.5,Jakarta,13,921,N
2023,AU,6CST,Mandurah,8,916,N
2023,FR,Horizon,Rouen,8,915,N
2023,DE,Bayern 3,Munich,12,915,N
2023,HR,Prvi karlovački - WOW Hits,Karlovac,20,915,N
2023,MY,Hitz FM Kuching,Kuching,20,903,N
2023,BE,Qmusic,Bruges,24,897,N
2023,MX,XEOYE [Oye 89.7 FM],"Mexico City, DF",2,894,N
2023,DE,N-Joy,Hamburg,36,890,N
2023,MX,XHSR [Exa 97.3 FM],"Monterrey, NL",6,887,N
2023,VE,Power 93.5 fm,Puerto La Cruz,30,883,N
2023,DE,Byte FM,Hamburg,57,873,N
2023,CZ,FAJN radio,Prague,11,873,N
2023,NO,NRK mP3,Oslo,9,867,N
2023,CZ,ČRo Radio Wave,Prague,15,867,N
2023,GB,BBC Radio 6,London,44,862,N
2023,DE,Rock Antenne,Ingolstadt,1,861,N
2023,RS,Radio AS FM,Novi Sad,17,859,N
2023,AR,40 Principales,Comodoro Rivadavia,2,857,N
2023,CA,CBC Radio 2 Halifax,"Saint John, NB",47,853,N
2023,BR,Kiss FM,"São Paulo, SP",1,851,N
2023,US,Colorado Public Radio's Open Air,"Laporte, IN",5,850,N
2023,DE,Radio Top 40,Erfurt-Jena,9,849,N
2023,FR,Radio Phénix,Caen,13,849,N
2023,DE,Deutschlandfunk Nova,Köln,19,847,N
2023,FR,Enjoy 33,Bordeaux,17,842,N
2023,GR,Kosmos Radio 93.6 & 107.0,Athens,34,839,N
2023,IT,Radio 105,Lombardy,31,839,N
2023,PL,Radio Bielsko,Bielsko-Biała,8,839,N
2023,FR,RCV99,Lille,26,838,N
2023,GB,Delite Radio,London,56,835,N
2023,PL,RMF FM,Koszalin,5,835,N
2023,RU,DFM Радио 101.2 FM (DFM Radio),Moscow,11,834,N
2023,AU,Mix 94.5,Perth,9,832,N
2023,BE,DH Radio,Perwez,5,829,N
2023,AU,Hot 100,Darwin,12,828,N
2023,TR,Joy FM,Istanbul,4,823,N
2023,DK,Skala,Odense,4,820,N
2023,SE,Radio Disney,Stockholm,2,817,N
2023,AU,2SKI (Snow FM 97.7),Cooma,5,813,N
2023,MX,ULTRA 92.5 FM PUEBLA,"Puebla, PU",12,811,N
2023,CA,102.3 NOW! Radio,"Edmonton, AB",3,809,N
2023,UA,Lux FM 103.1 (Pадіо Люкс),Kiev,3,809,N
2023,DE,NRJ [Bremen],Bremen,6,808,N
2023,LT,Radiocentras,Alytus,11,807,N
2023,CH,Radio Chablais,Bern,4,804,N
2023,CA,WKND,"Quebec City, QC",4,803,N
2023,BE,MNM Hits,Brussels,3,802,N
2023,US,Rock 102,"Tucson, AR",1,799,N
2023,US,WBZZ-FM,"Pittsburgh, PA",4,798,N
2023,PL,Radio Eska,Warsaw,3,797,N
2023,FR,C Lab,Rennes,58,795,N
2023,FR,Radio Galere,Marseille,32,792,N
2023,DE,Radio Galaxy Landshut,Landshut,1,791,N
2023,FR,Radio Valois Multien,Crépy-en-Valois,8,790,N
2023,GB,Downtown Radio,Belfast,13,788,N
2023,US,Hot 93.3,"Dallas, TX",4,784,N
2023,FR,Raje,Paris,24,782,N
2023,LT,Radio M-1,Vilnius,9,782,N
2023,DE,Ego FM,Munich,15,781,N
2023,US,KCMP The Current,Twin Cities,16,781,N
2023,CH,Rabe,Bern,59,780,N
2023,DE,NDR Blue,Hamburg,64,774,N
2023,IT,Canale Italia,Veneto,8,774,N
2023,DE,Radio Galaxy Ingolstadt,Ingolstadt,1,774,N
2023,AU,Triple R,Melbourne,124,771,N
2023,DE,Radio Charivari München,Munich,15,770,N
2023,DE,Antenne Niederrhein,Düsseldorf,10,768,N
2023,DE,Radio Galaxy,Nuremberg,1,766,N
2023,NL,Qmusic Non-Stop,Hilversum,1,764,N
2023,LV,Radio SWH,Riga,15,762,N
2023,FR,Radio En Construction,Strasbourg,9,755,N
2023,FR,Radio VFM,Vire,13,755,N
2023,LV,Radio Tev,Riga,4,754,N
2023,DE,Radio Bonn/Rhein-Sieg,Bonn/Rhein-Sieg,13,753,N
2023,US,WICB,"Ithaca, NY",23,750,N
2023,DE,Radio Gong Fm Regensburg,Ingolstadt,5,749,N
2023,IL,Beat Radio,Jerusalem,14,746,N
2023,FR,Radio Campus Clermont Ferrand,Clermont-Ferrand,24,745,N
2023,NO,Topp 40,Oslo,2,740,N
2023,TW,ICRT,Taiwan,31,739,N
2023,DE,Radio 91.2 Lokalfunk Dortmund,Dortmund,13,736,N
2023,AT,88.6 Wien,Vienna,1,735,N
2023,DE,Antenne [Düsseldorf],Düsseldorf,12,729,N
2023,DE,Radio Klinikfunk,Wiesbaden,9,728,N
2023,NL,Qmusic,Amsterdam,7,724,N
2023,AU,PBS,Melbourne,98,723,N
2023,DE,Radio Köln,Köln,10,723,N
2023,GB,WCR FM,Wolverhampton,22,722,N
2023,DE,Radio Galaxy Aschaffenburg,Aschaffenburg,1,722,N
2023,AT,Radio Arabella,Vienna,1,721,N
2023,NO,NRK P13,Oslo,20,720,N
2023,HN,Exa Honduras,Tegucigalpa,6,720,N
2023,US,Pitbull Globalization,"Washington, D.C.",6,720,N
2023,ID,105 KISS FM,Medan,12,719,N
2023,IT,Radio Ibiza,Naples,27,718,N
2023,DE,Hit Radio Ohr,Freiburg im Breisgau,16,712,N
2023,DZ,Chaine III,Algiers,80,709,N
2023,BR,Atlantida FM - Porto Alegre,"Porto Alegre, RS",8,709,N
2023,PT,Rádio Oxigénio,Lisbon,15,708,N
2023,FR,RMN,Pontivy,14,702,N
2023,AE,Beat 97.8 FM,Dubai,11,701,N
2023,FR,Radio Intensité,Châteaudun,13,700,N
2023,FR,SooGood Radio,Paris,6,699,N
2023,DE,Bonn FM,Bonn,5,696,N
2023,FR,FOREVER,Bordeaux,5,696,N
2023,AU,7DDD (Sea FM 107.7),Devonport,7,695,N
2023,BE,Top Radio,Poperinge,7,694,N
2023,IT,Radio Spazio Blu,Lazio,10,693,N
2023,US,WQLZ,"Springfield, IL",1,691,N
2023,DE,Bremen Vier,Bremen,23,689,N
2023,BR,Difusora FM 97.1,"Ribeirão Preto, SP",1,688,N
2023,FR,Radio Grenouille,Marseille,40,686,N
2023,AU,7SEA (Sea FM 101.7),Burnie,9,684,N
2023,IL,Kol Rega 91.5 FM,Haifa,14,677,N
2023,US,KUTX,Leander,19,676,N
2023,PT,Rádio Marginal,Cascais,7,676,N
2023,HR,Enter Zagreb,Zagreb,16,673,N
2023,DE,Rock Antenne Hamburg,Hamburg,1,672,N
2023,DE,Radio Seefunk RSF,Lake Constance,1,670,N
2023,FR,Virgin Radio,Lyon,1,669,N
2023,US,WRIF,"Detroit, MI",2,667,N
2023,AU,96.5 Wave FM,Wollongong,8,665,N
2023,DE,Radio Bob!,Frankfurt,1,665,N
2023,IL,KZ Radio Israel,Jerusalem,99,661,N
2023,DE,89.0 RTL,Halle (Saale),5,657,N
2023,GB,Noods Radio,Bristol,61,654,N
2023,IT,Radio Verona,Verona,12,652,N
2023,ZA,Jacaranda FM,Johannesburg,14,652,N
2023,DE,Radio Nordseewelle,Aurich,4,649,N
2023,US,KOIT-FM,"San Francisco, CA",1,649,N
2023,US,KALX,"San Francisco, CA",26,645,N
2023,SG,Kiss92,Singapore,22,644,N
2023,FR,Lor'FM,Metz,5,644,N
2023,NZ,Rhema,Auckland,2,640,N
2023,US,WIXX-FM,"Green Bay, WI",7,639,N
2023,AU,Radio Metro,Gold Coast,22,637,N
2023,DE,917 X FM,Hamburg,1,637,N
2023,NL,ZFM,Zoetermeer,22,635,N
2023,US,WKNC,"Raleigh, NC",17,635,N
2023,AU,Hot 91.1 FM,Maroochydore,7,631,N
2023,DE,Charivari 98.6,Nürnberg,2,630,N
2023,EE,MyHits,Tallinn,3,627,N
2023,DE,RPR1,Rheinland-Pfalz,11,624,N
2023,AU,91.9 Sea FM,Nambour,6,620,N
2023,NO,JærRadioen,Sandnes,9,620,N
2023,GB,Slack City,London,39,617,N
2023,DE,NRJ [Hamburg],Hamburg,8,616,N
2023,CH,LoRa,Zürich,71,614,N
2023,AU,Power FM 94.9,Nowra,7,613,N
2023,PH,Magic 89.9,Manila,7,612,N
2023,DE,CT Das Radio,Bochum,14,612,N
2023,US,WMMR,"Philadelphia, PA",2,612,N
2023,GB,BBC London,London,38,608,N
2023,DE,RADIO BOB Rockt Schleswig-Holstein,Kiel,1,607,N
2023,GB,Premier Christian Radio,London,23,604,N
2023,ID,Prambors FM,Jakarta,9,603,N
2023,US,KBPI,"Denver, CO",1,600,N
2023,AU,4RGT (Star 106.3),Townsville,7,599,N
2023,FR,FIP autour du groove,Paris,14,595,N
2023,ES,Radio Surco,Villarrobledo,6,593,N
2023,DE,Radio Allgäu Hit,Munich,5,592,N
2023,GR,Kiss FM 92.2,Athina,3,591,N
2023,NL,Radio 538,Hilversum,7,590,N
2023,US,KCRW,"Los Angeles, CA",60,584,N
2023,IT,Radio Studio Piu',Pedaso,20,584,N
2023,PL,Radio ZET,Szczecin,4,581,N
2023,NL,NPO 3FM,Hilversum,53,579,N
2023,LV,Star FM,Riga,11,579,N
2023,CA,CHFI-FM,"Labrador City, NL",3,579,N
2023,ZA,KFM 94.5,Cape Town,14,578,N
2023,NO,Radio Rock,Oslo,2,576,N
2023,FR,FIP,Paris,22,571,N
2023,DE,Ostseewelle HIT-RADIO Mecklenburg-Vorpommern,Berlin,4,571,N
2023,AU,Power FM Coast,Batemans Bay,8,570,N
2023,US,Octane,"Washington, D.C.",1,570,N
2023,US,KTBG,Warrensburg,14,567,N
2023,FO,VoxPop,Tórshavn,14,567,N
2023,IT,Radio Raheem,Milano,39,563,N
2023,GB,Planet Rock,London,2,563,N
2023,AU,Hot Tomato,Gold Coast,9,560,N
2023,US,Indie102.3,Denver,5,557,N
2023,ES,Loca Latino,Madrid,10,555,N
2023,LU,RTL Deutschlands Hit-Radio,Luxembourg,5,554,N
2023,DE,RTL Radio,National,4,553,N
2023,US,WMMJ-FM,"Bethesda, MD",11,549,N
2023,FR,Cannes Radio,Cannes,4,548,N
2023,GB,GHR Hull & East Yorkshire,Hull,3,542,N
2023,CH,Radio Bern 1,Bern,7,541,N
2023,AU,7EXX (Chilli FM 90.1),Launceston,9,538,N
2023,DE,Jump,Halle (Saale),6,538,N
2023,AU,2Day FM,Sydney,6,537,N
2023,MX,XHTP-FM [Sensación 95.5],"Xalapa, VE",20,537,N
2023,US,WHBQ,"Memphis, TN",5,537,N
2023,DE,Die Neue Welle,Karlsruhe,2,536,N
2023,FR,Beaub FM,Limoges,14,531,N
2023,CH,Radio Vostok,Genève,13,530,N
2023,DE,Antenne Bad Kreuznach,Frankfurt,5,530,N
2023,US,The Detroit Praise Network,Detroit,7,527,N
2023,AU,7HO 101.7 FM,Hobart,8,526,N
2023,US,WHSN,"BANGOR, ME",2,526,N
2023,AU,K-Rock 95.5 FM,Geelong,7,525,N
2023,ID,PTPN Radio 99.60 FM,Surakarta,20,524,N
2023,IT,Discoradio,Lombardy,6,523,N
2023,SA,Alif Alif FM,Riyadh,23,522,N
2023,US,WKDU,"Philadelphia, PA",54,522,N
2023,FR,Radio Béton,Tours,51,521,N
2023,BR,"Capital FM 102,7","Campo Grande, MS",1,519,N
2023,ES,La Fresca FM,Alicante,9,514,N
2023,IT,Radio Piterpan,Veneto,17,514,N
2023,CO,La Mega,Bogotá,12,513,N
2023,CA,CIBL,"Montreal, QC",52,513,N
2023,RU,Radio Record,Saint Petersburg,11,511,N
2023,BE,Contact,Mons,34,510,N
2023,CA,CISM,"Montreal, QC",39,509,N
2023,DE,You FM,Frankfurt,14,508,N
2023,AU,5AUU (Magic 105.9 FM),Port Pirie,10,508,N
2023,MX,XHUIA-FM [Ibero 90.9],"Mexico City, DF",31,508,N
2023,DE,Unser Radio Deggendorf,Passau,5,506,N
2023,CH,LFM,Lausanne,7,505,N
2023,SC,SBC Radyo Sesel,Victoria,40,504,N
2023,RO,Radio Deep Romania,Bucharest,9,504,N
2023,CH,SRF3,Zürich,29,503,N
2023,ID,Ardan Radio 105.9 FM,Bandung,15,503,N
2023,FR,Wave Radio,Soorts-Hossegor,19,503,N
2023,DE,Radio Cottbus 94.5,Cottbus,5,502,N
2023,GB,North Manchester FM,Manchester,33,501,N
2023,FR,Mona FM,Lille,7,501,N
2023,DE,NRJ ENERGY Berlin,Potsdam,8,500,N
2023,CA,CHYM-FM,"Kitchener, ON",3,499,N
2023,ID,Solo Radio 92.9 FM,Surakarta,17,495,N
2023,BE,Radio 1,Brussels,23,495,N
2023,DE,NRJ [Nüremberg],Nürnberg,7,492,N
2023,ES,Radio Mallorca,Mallorca,8,491,N
2023,DE,NRJ ENERGY Stuttgart,Stuttgart,7,490,N
2023,DE,NRJ [München],Munich,7,487,N
2023,US,KZHT,"Salt Lake City, UT",14,485,N
2023,GB,Pirate FM,Plymouth,7,485,N
2023,AU,Power FM 103.1,Ballarat,9,484,N
2023,DE,Antenne Pirmasens,Saarbrücken,3,484,N
2023,DE,Antenne Zweibrücken,Saarbrücken,2,483,N
2023,GB,Greatest Hits Radio,London,2,482,N
2023,US,KTFM,"San Antonio, TX",3,482,N
2023,US,WMNF,Tampa,95,481,N
2023,US,WUSM,Hattiesburg,10,481,N
2023,DE,SWR 3,Stuttgart,7,480,N
2023,FR,FC Radio,Lyon,2,480,N
2023,US,Majic 95.1,"Fort Wayne, IN",2,479,N
2023,CL,Viña FM,Viña del Mar,10,476,N
2023,US,KRUI,"Iowa City, IA",13,474,N
2023,AU,2VLY (Power FM 98.1),Muswellbrook,7,470,N
2023,GB,Radio Borders,Ashkirk,6,468,N
2023,LT,Zip FM,Vilnius,19,468,N
2023,US,WYEP,Pittsburgh,17,467,N
2023,ID,Radio Pinguin 102.8 FM,Denpasar,13,467,N
2023,FR,Radio Dio,Saint-Etienne,18,466,N
2023,DE,MDR Tweens,Leipzig,9,466,N
2023,DE,Dish FM,Cologne,2,466,N
2023,US,WZFL,"Miami, FL",8,466,N
2023,DE,104.6 RTL,Berlin,2,466,N
2023,GB,West Sound,Ayrshire,2,465,N
2023,CL,Radio Futuro,Santiago,1,465,N
2023,DE,FluxFM,Berlin,22,464,N
2023,CH,Radio Top,Zurich,2,462,N
2023,DE,RBB Radioeins,Berlin,33,461,N
2023,CA,CFOU,"Trois-riviere, QC",12,461,N
2023,FR,Beur FM,Paris,6,460,N
2023,US,WIYY,"Baltimore, MD",2,460,N
2023,FR,FIP Nouveautés,Paris,5,458,N
2023,GB,Wave 105,Dorchester,3,456,N
2023,US,Diplo's Revolution,"Washington, D.C.",2,455,N
2023,US,Amazing Radio USA,New York City,15,454,N
2023,US,KUPD,"Phoenix, AZ",2,453,N
2023,BR,Costa Verde FM,"Itaguai, RJ",1,452,N
2023,SE,P5,Stockholm,6,450,N
2023,US,WUTC,Chattanooga,25,449,N
2023,FR,Radio Campus Montpellier,Montpellier,26,447,N
2023,LU,"radio 100,7",Luxembourg,14,447,N
2023,CH,RaSa,Schaffhausen,55,446,N
2023,NO,P5 Hits,Oslo,5,443,N
2023,IE,Classic Hits 4FM,Dublin,2,440,N
2023,ES,Europa FM,Madrid,5,439,N
2023,GB,Itch FM,London,30,438,N
2023,SK,RTV Rádio_FM,Bratislava,43,437,N
2023,FR,Radio SCOOP Gold,Gap,6,437,N
2023,FR,Radio Campus Lorraine,Nancy,15,435,N
2023,DE,LandesWelle,Erfurt,3,434,N
2023,MY,Best FM,Kuala Lumpur,6,434,N
2023,FR,Radio Mega,Montélimar,46,432,N
2023,AU,Coles Radio,Melbourne,2,430,N
2023,AE,STAR FM,Dubai,6,427,N
2023,FR,Radio Campus Orléans,Orléans,57,426,N
2023,BE,Radio Willy,Brussels,2,425,N
2023,FR,Radio Caroline,Rennes,1,423,N
2023,BE,Urgent FM,Ghent,41,422,N
2023,CL,Radio Sonar,Santiago,1,420,N
2023,US,WSKQ-FM (La Mega New York 97.9 FM),"New York, NY",1,420,N
2023,IE,Today FM,Cork,7,419,N
2023,CA,CJMJ-FM [Majic 100.3],"Ottawa, ON",2,418,N
2023,LU,RTL Radio Lëtzebuerg,Dudelange,7,416,N
2023,AU,RTR,Perth,77,413,N
2023,AU,C91.3 FM,Campbelltown,1,412,N
2023,LU,Eldoradio Live,Luxembourg,12,411,N
2023,MX,XHZS-FM [100.3 FM],"Mazatlan, SI",8,410,N
2023,GB,Gold London,London,1,409,N
2023,GB,Mellow Magic,London,2,408,N
2023,GB,Magic Soul,London,2,407,N
2023,GB,C.F.M.,Carlisle,5,401,N
2023,GB,Trans Radio UK,N,49,400,N
2023,DE,Radio Awn,Passau,4,399,N
2023,SI,Val 202,Ljubljana,31,398,N
2023,GB,Kisstory,London,20,397,N
2023,ES,Radio 3,Pechina,57,394,N
2023,GB,Magic Chilled,London,2,392,N
2023,AU,Kiss FM,Melbourne,80,391,N
2023,GB,Forth 2,Edinburgh,2,390,N
2023,DE,Radio 8,Nuremberg,3,390,N
2023,CZ,Radio 1,Prague,46,389,N
2023,MA,Radio Mars,Casablanca,18,388,N
2023,DE,Antenne Kaiserslautern,Mannheim,5,388,N
2023,BR,Rádio Clube FM (Brasília),Brasília,2,388,N
2023,CA,CHQM-FM [QM/FM 103.5],"Vancouver, BC",4,386,N
2023,DE,Fritz,Potsdam,23,385,N
2023,CH,Radio Ticino,Ticino,5,385,N
2023,US,KXCI,"Tucson, AR",57,384,N
2023,GB,Mi-Soul,London,52,382,N
2023,DE,Radio Hamburg,Hamburg,5,382,N
2023,US,The Loft,"Washington, D.C.",5,381,N
2023,FR,Cerise FM,Mulhouse,2,381,N
2023,US,KXNA-FM (The X Arkansas 104.9 FM),"Fayetteville, AR",1,381,N
2023,DE,Antenne Landau,Frankfurt,3,380,N
2023,DE,Radio IN,Ingolstadt,3,376,N
2023,DE,Radio Z,Nürnberg,37,375,N
2023,DE,Radio Trausnitz,Ingolstadt,4,375,N
2023,FR,Inside,Pau,3,374,N
2023,FR,Radio Campus Angers,Angers,33,373,N
2023,DE,Radio Neunkirchen,Saarbrücken,4,373,N
2023,DE,Radio Homburg,Saarbrücken,5,373,N
2023,FR,Magnum La Radio,Mulhouse,4,373,N
2023,IT,Controradio Firenze,Firenze,13,372,N
2023,DE,Radio Saw,Halle (Saale),2,371,N
2023,PL,Antyradio,Bedzin,1,369,N
2023,GB,Nation Radio UK,London,2,368,N
2023,GB,Magic,London,2,362,N
2023,PL,Polskie Radio Czwórka,Warsaw,27,361,N
2023,DE,Radio Brocken,Halle (Saale),1,361,N
2023,NZ,The Hits,Auckland,6,360,N
2023,MK,Radio 2 MRT,Skopje,13,359,N
2023,FR,Tsugi,Paris,24,359,N
2023,CA,CHOM-FM [Chom 97.7],"Montreal, QC",2,359,N
2023,FR,Radio Ellebore,Chambery,13,358,N
2023,DE,Antenne 1 Baden-Württemberg,Stuttgart,4,357,N
2023,GB,Tay 2,Dundee,3,356,N
2023,FR,Impact FM,Lyon,2,356,N
2023,MX,XHOF-FM [Reactor 105.7],"Mexico City, DF",16,355,N
2023,DE,Hit Radio FFH,Frankfurt,3,350,N
2023,GB,Downtown Country,Belfast,2,349,N
2023,FR,Radio Alfa,Paris,8,348,N
2023,AR,Delta 90.3,Buenos Aires,13,348,N
2023,FR,Ouest Track,Le Havre,14,348,N
2023,GB,Clyde 2,Glasgow,3,345,N
2023,US,WFUV,New York City,7,344,N
2023,MY,Hot FM,Johor Bahru,4,344,N
2023,US,KUMD,"Duluth, MN",17,343,N
2023,DE,Radio 21,Hanover,1,343,N
2023,DE,"Radio Osnabrück 98,2",Bremerhaven,1,343,N
2023,DE,Rockland Radio,Rheinland-Pfalz,1,343,N
2023,GB,Greatest Hits Radio North East Scotland,Aberdeen,2,342,N
2023,CA,CJSR,"Edmonton, AB",27,341,N
2023,CH,3Fach,Lausanne,28,338,N
2023,DE,AFK Max,Nürnberg,13,338,N
2023,NL,Sky Radio,Hilversum,1,338,N
2023,FR,Radio Menergy,Albi,8,337,N
2023,FR,Radio MNE,Mulhouse,23,334,N
2023,UY,Azul FM 101.9,Punta del Este,9,334,N
2023,NL,LINDA Radio,Hilversum,1,333,N
2023,FR,Radio Dijon Campus,Dijon,16,331,N
2023,US,WSTR,"Atlanta, GA",3,329,N
2023,GB,Fubar Radio,London,19,329,N
2023,US,The Independent FM,"Los Angeles, CA",1,325,N
2023,GB,Smooth FM,London,1,325,N
2023,FR,Radio Pulsar,Paris,38,323,N
2023,FR,Radio PFM 99.9,Arras,36,323,N
2023,DE,rbb 88.8 FM,Berlin,3,322,N
2023,US,Radio Margaritaville,"Washington, D.C.",2,322,N
2023,JP,J-WAVE,Tokyo,47,320,N
2023,IT,Radio Bussola,Salerno,18,319,N
2023,DE,HAMBURG ZWEI,Bergedorf,2,319,N
2023,CH,Rhône FM,Bern,9,317,N
2023,AU,Joy 94.9,Melbourne,15,315,N
2023,US,The Pulse Radio,"New York, NY",2,314,N
2023,DE,City Radio Trier,Trierweiler,6,313,N
2023,CH,Radio RTN,Saint-Blaise,9,309,N
2023,CH,Radio Canal 3,Basel,9,308,N
2023,FR,Lyon 1ère,Lyon,2,308,N
2023,DE,BB Radio,Potsdam,2,308,N
2023,DE,Radio Teddy,Schwerin,2,304,N
2023,IT,Radio Monte Carlo 2,Monte Carlo,8,303,N
2023,FR,Radio Campus Amiens,Amiens,14,302,N
2023,US,WDST,Albany,14,302,N
2023,DE,WDR 2,Berlin,5,302,N
2023,GB,Radio X Manchester,Manchester,2,300,N
2023,US,Star 102.1,"Knoxville, TN",2,300,N
2023,BE,Maximum FM,Liège,3,299,N
2023,US,WXPN-FM,"Coplay, PA",18,298,N
2023,US,WREK,"Atlanta, GA",24,298,N
2023,GB,Radio Reverb,Brighton,20,297,N
2023,DE,Hit Radio N1,Nuremberg,2,297,N
2023,SG,Power 98 FM,Singapore,3,296,N
2023,GB,Amazing Radio,London,16,295,N
2023,FR,Graf'HIT,Amiens,7,294,N
2023,CH,Virgin Hits,Bern,1,294,N
2023,DE,NB Radiotreff,Neubrandenburg,32,293,N
2023,FR,Radio FMR,Toulouse,29,293,N
2023,NZ,95bFM,Auckland,31,292,N
2023,SE,P4,Stockholm,11,292,N
2023,HR,Radio 101,Zagreb,12,291,N
2023,BR,Itapoan FM,"Salvador, BA",3,291,N
2023,CH,Rete Tre,Ticino,21,290,N
2023,DE,Deutsche Welle,Vienna,41,289,N
2023,US,WYCE,Grand Rapids,21,289,N
2023,FR,Primitive,Reims,9,289,N
2023,PE,Radio Moda,Lima,2,289,N
2023,DO,Turbo 98.3,Santiago,1,285,N
2023,FR,Euradio,Nantes,20,283,N
2023,IL,Galgalatz,Jerusalem,22,282,N
2023,RO,Europa FM,Bucharest,10,281,N
2023,BE,Geel FM,Geel,4,280,N
2023,US,WYSO,Dayton,41,279,N
2023,US,KROK,Leesville,1,278,N
2023,MY,Sinar FM,Johor Bahru,2,278,N
2023,FR,Forum,Orléans,2,277,N
2023,IT,Radio Globo,Rome,7,276,N
2023,BR,Mundo Livre FM Curitiba,"Curitiba, PR",2,276,N
2023,US,KUNM,"Albuquerque, NM",67,275,N
2023,MX,XHFG-FM [Pulsar 107.3 FM],"Tijuana, BC",1,275,N
2023,US,KDNK,Aspen,64,274,N
2023,US,KXT,Dallas,9,274,N
2023,FR,Radio Campus Paris,Paris,28,274,N
2023,BE,Joe FM,Brussels,2,271,N
2023,GB,BBC Radio 2,London,22,270,N
2023,US,WCBE,Columbus,41,269,N
2023,MX,XHCEL-FM [El y Ella 103.7 FM],"Celaya, GT",1,268,N
2023,DE,NRJ [Sachsen],Dresden,5,267,N
2023,FR,H2O Annecy,Annecy,5,267,N
2023,FR,RFM,Paris,2,266,N
2023,NL,100% NL Feest,Hilversum,1,264,N
2023,US,KAXE,Grand Rapids,24,263,N
2023,FR,MEUSE FM,Verdun,18,262,N
2023,FR,SUN,Nantes,17,262,N
2023,FR,Prysm Radio 1,Paris,5,261,N
2023,DE,Antenne Koblenz 98.0,Landau,4,259,N
2023,FR,Radio Active 100FM,Toulon,21,257,N
2023,FR,Radio Espace,Lyon,13,256,N
2023,FR,RDWA,Die,29,256,N
2023,DE,Baden FM,Stuttgart,1,256,N
2023,US,KLRR-FM,Bend,2,256,N
2023,US,WUNC,Fayetteville,30,255,N
2023,PL,Radio Victoria,Skierniewice,7,255,N
2023,AU,Edge Radio,Hobart,5,250,N
2023,DE,R.SH,Kiel,1,248,N
2023,GB,BBC Radio WM,Birmingham,29,247,N
2023,DE,Hitradio Rt1 Nordschwaben,Ulm,5,246,N
2023,DE,Hitradio Rt1 Südschwaben,Mindelheim,5,246,N
2023,GB,Talksport 2,London,6,246,N
2023,US,KBOO,Portland,44,245,N
2023,FR,Radio Campus Lille,Lille,53,245,N
2023,GB,Classic FM,London,3,245,N
2023,FR,Arverne,Clermont-Ferrand,7,245,N
2023,MX,XHSOL-FM [Súper 89.9 FM],"Mexicali, BC",1,245,N
2023,IT,Radio Company,Udine,16,243,N
2023,TH,Mellow 97.5,Bangkok,16,243,N
2023,AR,BLUR FM,Buenos Aires,2,242,N
2023,NZ,Flava,Tauranga,7,241,N
2023,CH,Radio Zürisee,Zurich,8,240,N
2023,DE,NDR 2,Hamburg,9,238,N
2023,CA,CHOX-FM,"Baie-Saint-Paul, QC",3,238,N
2023,DE,Hitradio.rt1 Neuburg-Schrobenhausen,Neuburg-Schrobenhausen,5,237,N
2023,FR,Radio Résonance,Bourges,11,237,N
2023,MX,XHOCL-FM [Diego 99.3 FM],"Tijuana, BC",3,237,N
2023,AU,SYN FM,Melbourne,16,234,N
2023,GB,Virgin Radio UK,London,3,233,N
2023,FR,France Maghreb 2,Dijon,1,233,N
2023,PL,Radio Afera,Poznań,12,230,N
2023,GB,Absolute Classic Rock,London,2,230,N
2023,DK,DR P6 Beat,Copenhagen,12,229,N
2023,FR,Fréquence Mutine,Brest,15,227,N
2023,DE,Hitradio Rt1,Ingolstadt,5,227,N
2023,CH,Radio Stadtfilter 96.3 FM,Winterthur,18,227,N
2023,GB,Absolute Radio,Birmingham,5,227,N
2023,US,KGLT,"Bozeman, MT",24,226,N
2023,DE,HR3,Frankfurt,5,226,N
2023,US,WORT 89.9 FM Community Radio,Madison,71,225,N
2023,FR,Durance FM,Aix-en-Provence,1,225,N
2023,LU,Radio Aktiv,Echternach,3,225,N
2023,GB,Absolute Radio 90's,London,2,224,N
2023,US,WRUR,"Rochester, NY",47,223,N
2023,FR,ARL,Bordeaux,1,223,N
2023,MX,XHUAD-FM [Lobos FM 94.1 FM],"Durango, DG",13,222,N
2023,FR,Radio U,Brest,9,222,N
2023,DE,HITRADIO RTL - Top40,Dresden,2,222,N
2023,FR,Sea FM,Avranches,3,222,N
2023,US,KISW,"Seattle, WA",1,222,N
2023,FR,Jazz Radio,Lyon,7,220,N
2023,NL,100% NL,Amsterdam,2,220,N
2023,FR,Galaxie Radio,Lille,9,219,N
2023,IT,Radio Rosa,Poggibonzi,17,219,N
2023,IE,RTÉ Radio 1,Dublin,13,219,N
2023,ES,Kiss FM,Madrid,3,219,N
2023,AR,Radio Uno,Cordoba,2,219,N
2023,UY,FM Del Hum,Mercedes,7,218,N
2023,DE,Radio Leipzig,Leipzig,3,218,N
2023,GB,Absolute 80's,London,4,218,N
2023,DE,Radio Dresden,Dresden,4,217,N
2023,DE,Radio Zwickau,Zwickau,4,217,N
2023,DE,Radio Chemnitz,Chemnitz,3,217,N
2023,LU,Radio ARA,Luxembourg,55,215,N
2023,GB,Absolute Radio 70's,London,3,214,N
2023,LT,LRT Opus,Vilnius,17,212,N
2023,PL,Radio RSC 88.6 FM,Skierniewice,10,212,N
2023,DE,Gong 96.3,Munich,2,212,N
2023,DE,Radio Charivari Rosenheim,Wasserburg am Inn,4,211,N
2023,DE,Radio Eins Coburg,Bayreuth,4,210,N
2023,AU,2SER,Sydney,28,209,N
2023,FR,Radio FG,Paris,11,207,N
2023,GB,Smooth Radio North East,Durham,1,207,N
2023,FR,Fréquence K,Côte d'Azur,1,207,N
2023,NL,Sublime Radio,Hilversum,9,206,N
2023,DE,Radio Euroherz,Bayreuth,3,206,N
2023,CA,ROCK 95,"Barrie, ON",1,205,N
2023,ES,Cadena 100,Madrid,2,204,N
2023,PE,Radio Corazon,Lima,1,203,N
2023,ZA,Mutha FM,Cape Town,35,201,N
2023,DE,Radio Plassenburg 101.6,Bayreuth,3,201,N
2023,BE,100'5 Das Hitradio,Eupen,3,201,N
2023,AE,Tamil 89.4fm,Dubai,15,200,N
2023,PT,Rádio Benedita FM 88.1,Benedita,16,200,N
2023,GB,Brum Radio,Birmingham,15,199,N
2023,ZA,OFM,Bloemfontein,8,198,N
2023,BE,Nostalgie [Wallonie],Namur,4,198,N
2023,US,KAFA,"Colorado Spring, CO",1,197,N
2023,HK,RTHK Radio 3,Hong Kong,20,196,N
2023,BE,Radio 2,Antwerp,5,196,N
2023,GB,Jazz FM,London,21,195,N
2023,FR,Radio Campus Bordeaux 88.1,Bordeaux,14,195,N
2023,AT,ORF Hitradio Ö3,Vienna,6,194,N
2023,BE,Radio Premiere,Eupen,18,193,N
2023,DE,Bayernwelle Südost,Freilassing,3,193,N
2023,NL,Radio Rijnmond,Rotterdam,2,193,N
2023,IT,Deejay,Milan,20,192,N
2023,DE,Radio Okerwelle,Braunschweig,24,191,N
2023,US,94.1 The Zone,"Rochester, NY",1,191,N
2023,BE,VivaCite,Profondeville,8,190,N
2023,FR,Grand Sud FM,Narbonne,3,190,N
2023,GB,K107 FM,Kirkcaldy,18,188,N
2023,BE,Nostalgie [Vlaanderen],Brussels,2,186,N
2023,CA,CBLA-FM,"Orillia, ON",26,185,N
2023,FR,France Inter,Paris,23,185,N
2023,US,WAPS,Akron,9,185,N
2023,AD,RTVA Andorra Musica,Andorra la Vella,1,185,N
2023,AU,Gold 104.3,Melbourne,2,184,N
2023,DE,Bayern 2,Munich,28,183,N
2023,IT,Radio Jukebox,Cosenza,4,182,N
2023,ZA,Gagasi FM,Durban,32,182,N
2023,FR,Radio Rennes,Rennes,56,180,N
2023,GB,Select,London,17,179,N
2023,LT,Power Hit Radio,Vilnius,16,179,N
2023,DE,Radio Bamberg,Bamberg,3,179,N
2023,LU,Eldoradio Chill Channel,Luxembourg,1,178,N
2023,AU,4RGR (Power 100),Townsville,1,178,N
2023,US,WUVT,"Blacksburg, VA",25,177,N
2023,US,Hitz 104.9,"Visalia, CA",3,177,N
2023,US,KHUM,Eureka,11,174,N
2023,ID,KISI 93.4 FM,Bogor,6,174,N
2023,US,Pulse 87 NY,"New York, NY",5,174,N
2023,PL,Polskie Radio Program III (PR3) Trójka,Zagan,32,173,N
2023,MX,XHSON-FM [Beat 100.9],"Mexico City, DF",13,169,N
2023,FR,Radio Meuh,La Clusaz,15,169,N
2023,BE,Classic 21,Houffalize,4,169,N
2023,NL,Omroep Zeeland,Amsterdam,1,169,N
2023,US,KNON,Dallas,41,168,N
2023,US,KFCO-FM,"Bennett, CO",8,168,N
2023,DE,Das Neue Rsa Radio,Frankfurt,1,167,N
2023,NL,LINQ FM,Voorne-Putten,8,166,N
2023,IT,Ciccio Riccio,Specchia,14,166,N
2023,BE,Max FM,Brussels,5,162,N
2023,US,Liquid Metal,"Washington, D.C.",1,162,N
2023,AU,87.8 UCFM,Canberra,5,161,N
2023,DE,SR1 Europawelle,Saarbrücken,11,161,N
2023,FR,Radio Alpa,Paris,13,161,N
2023,FR,Radio Club,Wallers-Arenberg,10,161,N
2023,DE,SWR1 Baden-Württemberg,Stuttgart,4,161,N
2023,US,WAMU-FM,"Washington, D.C.",36,160,N
2023,BA,BH radio 1,Sarajevo,23,160,N
2023,FR,La Radio Plus,Paris,2,160,N
2023,CA,CBC Radio One London,"London, ON",28,159,N
2023,DE,Bayern 1,Munich,4,159,N
2023,AT,Antenne Steiermark,Bruck an der Mur,3,159,N
2023,ID,Pilar Radio,Cirebon,12,158,N
2023,ZA,Groot FM 90.5,Pretoria,6,158,N
2023,IT,Veronica My Radio,Marche,12,158,N
2023,NZ,8K,Christchurch,12,157,N
2023,GB,Talksport London,London,14,157,N
2023,CH,RTS Option,Lausanne,8,157,N
2023,SM,Radio San Marino,San Marino,7,157,N
2023,NO,NRK P1,Steinsby,9,157,N
2023,FR,FIP POP,Paris,4,156,N
2023,GB,Original 106,Amberdeen,2,156,N
2023,CH,Radio Kaiseregg,Düdingen,2,156,N
2023,GB,Smooth Radio North West,Manchester,3,155,N
2023,BE,Radio Quartz,Sombreffe,7,154,N
2023,BE,RGR FM,Westerlo,7,154,N
2023,DE,Radio PSR,Dresden,1,153,N
2023,DE,Radio Mainwelle,Bayreuth,3,153,N
2023,DE,i love music,Köln,3,153,N
2023,CA,CBC Radio One Victoria,"Melbourne, VIC",26,152,N
2023,CL,Radio Hoy,Santiago,5,152,N
2023,GB,BBC Radio Sheffield,Sheffield,27,151,N
2023,US,WHRV,Hampton,32,150,N
2023,US,KBAC,Santa Fe,6,150,N
2023,NL,Omroep Brabant,Eindhoven,3,150,N
2023,AR,Metro 95.1,Buenos Aires,11,149,N
2023,GB,Smooth Radio East Midlands,Nottingham,2,149,N
2023,PT,Smooth FM,Lisbon,4,149,N
2023,GB,BBC Three Counties Radio,Sandy Heath,25,148,N
2023,FR,NRJ at home,Paris,3,148,N
2023,FR,FIP autour de l'électro,Paris,5,147,N
2023,CA,CBX+ [CBX Edmonton],"Edmonton, AB",29,147,N
2023,US,KKAL,San Luis Obispo,1,147,N
2023,NL,NPO 3FM KX,Hilversum,7,147,N
2023,US,WBEZ-FM,"LaSalle-Peru, IL",32,146,N
2023,US,KQMV-FM,"Seattle, WA",5,146,N
2023,FI,Kiss,Helsinki,2,145,N
2023,FR,NRJ at work,Paris,3,145,N
2023,US,WMFO,Boston,48,144,N
2023,IL,Kan88,Jerusalem,22,144,N
2023,CH,Radio Munot,Schaffhausen,8,144,N
2023,US,WKRZ-FM (98.5 KRZ FM Wilkes Barre),"Wilkes-Barre, PA",30,142,N
2023,US,KVNF,Montrose,36,142,N
2023,PE,Radio Doble Nueve,Lima,6,142,N
2023,CA,CBO-FM,"Pembroke, ON",24,141,N
2023,CA,CBW,"Fairford, AB",22,141,N
2023,CO,Radionica,Bogotá,14,140,N
2023,US,KSMF-FM,Ashland,21,140,N
2023,RU,Radio Monte Carlo St. Petersburg,St. Petersburg,2,140,N
2023,BE,Sud Radio,Izel,2,140,N
2023,AU,3NNN (Edge FM 102.1),Albury,10,139,N
2023,GB,LBC Radio,London,2,139,N
2023,LV,Radio NABA 6,Riga,10,139,N
2023,US,WFHB,Bloomington,25,138,N
2023,US,WXTB,"Tampa, FL",1,138,N
2023,GB,BBC World Service,London,26,137,N
2023,CA,CBR,"Harvie Heights, AB",26,137,N
2023,ID,Oz Radio 103.1 FM,Bandung,12,137,N
2023,DE,Antenne [Thüringen],Erfurt,2,136,N
2023,DE,Radio FFN,Hanover,2,136,N
2023,CA,CBC Radio One Vancouver,"Hope, BC",26,135,N
2023,US,KUWS,"Superior, WI",24,134,N
2023,FR,France Musique La Jazz,Paris,3,134,N
2023,GB,BBC Radio Leeds,York,12,134,N
2023,IE,Highland Radio,Letterkenny,7,133,N
2023,DE,Bremen Zwei,Bremen,6,133,N
2023,ES,Mix FM,Riano De Ibio,7,133,N
2023,MX,XHGU-FM [Switch 105.9 FM],"Juarez, CH",3,133,N
2023,DE,Radio Oberland,Garmisch-Partenkirchen,3,133,N
2023,NL,Radio 10,Hilversum,2,133,N
2023,SG,Class 95,Singapore,4,132,N
2023,AU,3CCS (Mixx FM 92.7),Lorne,4,132,N
2023,AU,3YFM [Coast FM],Warnambool,5,131,N
2023,GB,Central FM,London,3,131,N
2023,PT,Radio Orbital,Lisbon,3,131,N
2023,DE,94.3 RS2,Berlin,2,131,N
2023,BR,89.1 FM,"São Paulo, SP",1,131,N
2023,FR,Canal B,Rennes,18,130,N
2023,LU,Radio Latina,Luxembourg,8,128,N
2023,HR,HR2 - Drugi program,Zagreb,30,128,N
2023,AU,3SHI (Mixx FM 107.7),Hamilton,4,127,N
2023,AU,3WWM (Mixx FM 101.3),Horsham,4,127,N
2023,FR,Alternantes FM,Nantes,29,126,N
2023,DE,Deutschlandfunk Kultur,Berlin,22,126,N
2023,CH,Radio Pilatus,Luzern,3,126,N
2023,MX,W Radio 96.9 FM,"Mexico City, DF",7,126,N
2023,FR,Nostalgie,Paris,2,126,N
2023,BE,Equinoxe,Liège,32,125,N
2023,US,WFPK,Louisville,31,125,N
2023,US,IRMIX Radio,Richardson,7,125,N
2023,BR,Cidade FM (Rio de Janeiro),"Rio de Janeiro, RJ",1,124,N
2023,BR,Itapema FM,Joinville,4,123,N
2023,US,WKQX,"Chicago, IL",2,122,N
2023,GB,Solar Radio,London,28,121,N
2023,AU,4ZZZ FM (4 Triple Z),Brisbane,25,120,N
2023,US,KJAC,Fort Collins,9,120,N
2023,US,WNCW,Charlotte,19,118,N
2023,DE,Radio Arabella,Munich,2,118,N
2023,DE,Radio Salü,Saarbrücken,3,117,N
2023,GB,Sun FM,Sunderland,3,116,N
2023,SG,One FM 91.3,Singapore,3,115,N
2023,GB,Resonance FM,London,24,115,N
2023,NZ,More FM,Auckland,4,115,N
2023,DE,R.SA Sachsen,Leisnig,2,115,N
2023,US,KRCL,Salt Lake City,23,114,N
2023,US,KIOZ,"San Diego, CA",1,114,N
2023,US,WTMD,Baltimore,19,113,N
2023,IT,Rai 2,Lazio,18,113,N
2023,PT,Radio Nova Era,Lisbon,8,113,N
2023,GB,BBC Radio Bristol,Bristol,17,112,N
2023,TR,FG 93.7,İstanbul,14,111,N
2023,US,KCSN,Los Angeles,9,111,N
2023,US,KHOL,Jackson Hole,18,111,N
2023,HR,HR Radio Dubrovnik,Dubrovnik,8,110,N
2023,ES,OpenLab,Ibiza,6,110,N
2023,FR,Delta FM,Dunkirk,3,110,N
2023,IS,RÚV Rás 2,Reykjavík,15,109,N
2023,GB,BBC Radio Berkshire,Reading,15,109,N
2023,AT,ORF Ö1,Vienna,32,108,N
2023,GB,BBC Radio Manchester,Holme Moss,15,108,N
2023,GB,Radio Carmarthenshire,Carmarthenshire,3,108,N
2023,DE,Vogtland Radio,Chemnitz,2,108,N
2023,FR,Radio 6,Calais,2,108,N
2023,MX,Rock 101,Mexico City,9,107,N
2023,DE,Radio Hannover 87.6 R,Hannover,3,107,N
2023,US,WJRR,"Orlando, FL",1,107,N
2023,GB,Nation Radio Cardiff,Cardiff,2,106,N
2023,PH,YES FM Manilla,Manila,2,106,N
2023,NL,Omrop Fryslan,Jirnsum,4,105,N
2023,FR,FIP autour du reggae,Paris,7,104,N
2023,US,WOCM,Ocean City,9,104,N
2023,US,WFIT-FM,Melbourne,13,102,N
2023,GB,TalkRadio,London,2,101,N
2023,BE,Chérie FM,Brussels,1,101,N
2023,CH,Argovia Pop,Zürich,8,100,N
2023,IL,Eco 99 FM,Tel Aviv,6,99,N
2023,SE,P2,Stockholm,12,99,N
2023,US,WERU-FM 89.9 (Blue Hill),Bangor,19,99,N
2023,US,The Coffee House,"Washington, D.C.",1,99,N
2023,US,WZEW,Mobile,1,99,N
2023,US,KUWR,Laramie,26,98,N
2023,DE,Radio Regenbogen,Mannheim,7,97,N
2023,US,WRAL-F2,Raleigh,1,97,N
2023,US,WDIY,Allentown,33,96,N
2023,US,Polski FM,"Park Forest, IL",7,96,N
2023,IT,R101,Milan,10,96,N
2023,FR,Collines La Radio,Cerizay,1,96,N
2023,IT,Radio Orte,Lazio,7,96,N
2023,US,WFMU,"Jersey City, NJ",31,95,N
2023,DE,105'5 Spreeradio,Berlin,1,95,N
2023,AT,ORF Ö2 Radio Wien,Vienna,1,95,N
2023,SE,Power Hit Radio,Stockholm,2,95,N
2023,ID,Gajahmada FM 102.6,Semarang,10,94,N
2023,MX,XHMIA-FM [89.3 FM],"Merida, YU",1,94,N
2023,GB,BBC Radio Kent,Wrotham,11,93,N
2023,DE,Deutschlandfunk,Traben-Trarbach,13,93,N
2023,DK,DR P8 Jazz,Copenhagen,7,93,N
2023,US,KSER,Everett,24,93,N
2023,GR,Loud 88.8,Trikala,7,93,N
2023,FI,Radio Nova,Helsinki,2,92,N
2023,MX,XHQRO-FM [Radar 107.5],"Queretaro, QT",6,92,N
2023,FR,FIP autour du rock,Paris,3,92,N
2023,ZA,Mix FM 93.8,Johannesburg,10,92,N
2023,CH,RTR - Radio Rumantsch,Chur,9,91,N
2023,GR,Republic Radio,Thessaloniki,6,91,N
2023,ZA,Pretoria FM,Pretoria,7,89,N
2023,DE,WDR 5,Bielefeld,8,88,N
2023,DE,Sunshine Live,Stuttgart,11,88,N
2023,US,Radio 104.1,"Waterbury, CT",2,88,N
2023,CO,RadioAktiva,Bogotá,1,88,N
2023,US,X98.5,"Anderson, SC",2,87,N
2023,DE,Antenne Niedersachsen,Uelzen,1,87,N
2023,LT,M-1 Plius,Vilnius,7,87,N
2023,US,Morehead State Public Radio (MSPR),Morehead,18,86,N
2023,US,KRFC,Fort Collins,25,85,N
2023,GB,BBC Radio Merseyside,Liverpool,15,85,N
2023,PT,Beat FM,Lisbon,3,85,N
2023,AR,Urbana Play 104.3 FM,Zapala,3,84,N
2023,US,WNRN,Richmond,5,84,N
2023,FR,Jet FM,Nantes,16,84,N
2023,BR,Antena 1,"São Paulo, SP",1,84,N
2023,DE,Antenne Frankfurt,Frankfurt,3,84,N
2023,PH,91.5 Win Radio Manilla,Manila,10,83,N
2023,FR,Happy Radio,Bergerac,1,83,N
2023,DE,Radio 7,Stuttgart,1,83,N
2023,US,KPSU,"Portland, OR",22,82,N
2023,US,KPOO,San Francisco,28,81,N
2023,MT,Magic Malta,Valletta,8,81,N
2023,GB,CountryLine Radio,York,2,79,N
2023,LV,Radio Superhits,Riga,2,79,N
2023,BE,Antipode,Brussels,4,78,N
2023,US,WXYT-FM (The Ticket Detroit Sports 97.1 FM),"Detroit, MI",1,78,N
2023,NL,NPO Radio 1,Hilversum,26,77,N
2023,US,WIOW - 102.3 WOW! Radio,Owosso,12,77,N
2023,BR,FM O DIA,"Rio de Janeiro, RJ",9,77,N
2023,FR,Décibel,Saint-Malo,1,77,N
2023,FR,ODS Radio,Aix-les-Bains,1,77,N
2023,US,KSUT,Ignacio,30,76,N
2023,PT,Rádio Guadiana,Vila Real de Santo António,15,76,N
2023,BR,90FM,Blumenau,1,75,N
2023,FR,Est FM,Strasbourg,3,75,N
2023,ES,Flaix FM,Barcelona,2,75,N
2023,RS,Radio Beograd 1,Belgrade,12,74,N
2023,US,WROX-FM (96X Norfolk),"Exmore, VA",3,74,N
2023,CA,CHYZ 94.3 FM,"Quebec City, QC",9,73,N
2023,FR,Radio 666,Hérouville-Saint-Clair,12,72,N
2023,FO,Kringvarp Føroya,Tórshavn,14,72,N
2023,AT,Life Radio,Linz,3,72,N
2023,NL,NPO Radio 2,Hilversum,5,72,N
2023,FR,Alpes 1,Grenoble,1,72,N
2023,US,WERS,Boston,9,71,N
2023,GB,BBC Essex,Great Braxted,15,71,N
2023,BE,Bel RTL,Tournai,4,71,N
2023,DE,Antenne [Bayern],Munich,4,70,N
2023,UY,Más FM 101.3,Paysandú,5,70,N
2023,DE,HR 1,Frankfurt,3,70,N
2023,DE,Radio Jade,Wilhelmshaven,25,69,N
2023,IT,RTL 102.5,Rome,3,69,N
2023,FR,RTL,Paris,8,69,N
2023,AU,bay 93.9,Geelong,2,68,N
2023,CH,1 FM Dance One,Zug,2,68,N
2023,ZA,Motsweding FM,Johannesburg,22,67,N
2023,FR,Le Chantier,Clermont-Ferrand,12,67,N
2023,CH,Radio Lac,Nyon,1,67,N
2023,NZ,RNZ National,Christchurch,10,66,N
2023,CH,RTS1,Val Muggio,15,65,N
2023,GB,BBC Sussex,Chichester,10,65,N
2023,RO,One fm,Bucharest,3,65,N
2023,GB,BBC Radio Devon,Plymouth,5,65,N
2023,GB,BBC Radio Cornwall,Truro,5,65,N
2023,GB,BBC Radio Newcastle,Newcastle upon Tyne,8,65,N
2023,BR,Rádio Cidade FM 98.1,"Gonzaga, MG",4,65,N
2023,FR,DKL Dreyeckland,Mulhouse,2,65,N
2023,PT,Rádio Radar,Lisbon,4,64,N
2023,MD,Radio Moldova,Chișinău,11,64,N
2023,US,WEBN-F2 (WEBN 102.7FM Cincinnati),"Cincinnati, OH",1,64,N
2023,JP,BAY FM,Chiba,15,63,N
2023,US,WRSI,Northampton,10,63,N
2023,QA,FM 107 Urdu Radio,Doha,8,63,N
2023,FR,Alouette,Nantes,1,63,N
2023,US,WUKY,Lexington-Fayette,15,62,N
2023,ES,Radiolé,Madrid,2,62,N
2023,GB,BBC Surrey,Duxhurst,10,61,N
2023,US,WMSC,Montclair,3,61,N
2023,FR,France Culture,Paris,13,60,N
2023,BR,Transcontinental FM,"São Paulo, SP",1,60,N
2023,DE,Bremen Eins,Bremen,6,59,N
2023,IT,Radio Kiss Kiss Napoli,Campania,3,58,N
2023,US,WMWV,Concord,1,58,N
2023,IT,Radionorba,Apulia,6,58,N
2023,US,WBMX-FM (JAMS Chicago 104.3 FM),"Chicago, IL",3,57,N
2023,DE,Donau 3 Fm,Ulm,7,57,N
2023,FR,FIP autour du jazz,Paris,2,57,N
2023,FR,Ici Normandie (Seine Maritime-Eure),Rouen,9,57,N
2023,US,WEVL,Memphis,17,56,N
2023,US,KOOP,Austin,18,56,N
2023,NO,NRK P2,Bergen,12,56,N
2023,IT,Radio Marte 2,Campania,6,56,N
2023,US,KMSU,Mankato,12,56,N
2023,FR,Radio Ballade 101.8,Esperaza,12,56,N
2023,NL,Radio Noord,Groningen,1,56,N
2023,FR,Radio Mélodie,Sarreguemines,1,56,N
2023,US,KRBQ,"San Francisco, CA",2,55,N
2023,CA,CFYX FM93,"Mont-Joli, QC",10,55,N
2023,IE,RTÉ Lyric FM,Dublin,9,55,N
2023,US,No Shoes Radio,"Washington, D.C.",1,55,N
2023,DK,Radio ABC,Randers,5,55,N
2023,ID,Sushi,Padang,7,54,N
2023,DE,SR 2 KulturRadio,Bliestal,7,54,N
2023,DE,Apollo Radio,Chemnitz,1,54,N
2023,IT,RMC Italia,Milan,5,54,N
2023,GB,SubFM,London,18,53,N
2023,BR,Radio Inconfidentes,"Belo Horizonte, MG",4,53,N
2023,DE,Radio 2 Day,Munich,1,53,N
2023,ZA,Overvaal Stereo,Welkom,11,52,N
2023,SG,Yes 933,Singapore,9,52,N
2023,ES,Gozadera FM,Sevilla,7,52,N
2023,ID,Paramuda 93.7 FM,Bandung,5,52,N
2023,US,KVYN,Saint helena,2,52,N
2023,FR,Latina Fiesta,Paris,1,52,N
2023,ZA,Bosveld Stereo,Pretoria,3,51,N
2023,FR,Franceinfo,Paris,6,51,N
2023,AU,triple j Unearthed,Sydney,5,51,N
2023,US,WWDC,"Washington, D.C.",5,50,N
2023,US,KCLC,St. Louis,4,50,N
2023,US,92-9 The Game,"Atlanta, GA",4,50,N
2023,BR,SulAmerica Paradiso,"Rio de Janeiro, RJ",1,50,N
2023,IT,Radio Birikina,Lusiana,2,50,N
2023,IS,RÚV Rás 1,Reykjavík,11,49,N
2023,FR,Echo FM,Hirson,2,48,N
2023,NL,Deep Dance Radio,Amsterdam,8,48,N
2023,BE,Family Radio,Antwerpen,2,48,N
2023,GB,Resonance Extra,London,11,47,N
2023,SK,Radio Expres,Bratislava,2,47,N
2023,ES,Scanner FM,Barcelona,4,47,N
2023,IT,Radio Marilu,Verona,1,47,N
2023,US,WEQX-FM,"Manchester, NH",3,47,N
2023,IE,Red FM,Cork,5,46,N
2023,PT,Rádio Lagoa,Lagoa,18,46,N
2023,CZ,Evropa 2,Prague,5,46,N
2023,AU,2UE - Macquarie Sports Radio Melbourne,Melbourne,2,46,N
2023,CA,CBV-FM,"La Malbaie, QC",18,45,N
2023,GB,BBC Radio Wales,Aberystwyth,14,45,N
2023,GB,BBC Radio Solent,Rowridge,9,45,N
2023,HR,Radio Samobor,Zagreb,5,44,N
2023,JP,Inter FM,Tokyo,18,44,N
2023,GB,Radio X (XFM),London,3,44,N
2023,ZA,Umhlobo Wenene fm,Cape Town,15,43,N
2023,GB,BBC Radio 3,London,10,43,N
2023,DE,Mdr Kultur,Camburg,7,43,N
2023,US,WSGE,Charlotte,14,43,N
2023,US,WKZE,Winchester Center,8,43,N
2023,US,R&B 102.9,"Berkeley, CA",6,42,N
2023,NZ,The Rock,Auckland,1,42,N
2023,CN,Music Radio Guangdong [广东电台音乐之声],Guangzhou,6,41,N
2023,US,WJFK-FM,"Baltimore, MD",3,41,N
2023,GB,Panjab Radio,London,1,41,N
2023,GB,BBC Radio Cymru,Aberystwyth,16,40,N
2023,HR,HR Radio Sljeme,Zagreb,12,40,N
2023,GB,BBC Radio Ulster,Enniskillen,14,40,N
2023,PT,Antena 2,Lisbon,4,40,N
2023,NO,Radio Metro Oslo/Akershus,Oslo,3,39,N
2023,US,Shade 45,"Washington, D.C.",7,39,N
2023,CA,ICI Radio-Canada Première - Montréal,"Montreal, QC",15,38,N
2023,DK,DR P4 Kobenhavn,Copenhagen,5,38,N
2023,AE,FM Mirchi Dubai,Dubai,6,38,N
2023,IT,Radio Sabbia,Emilia–Romagna,3,38,N
2023,JP,FM YOKOHAMA,Yokohama,17,37,N
2023,TR,dinamo.fm,İstanbul,21,37,N
2023,PH,106.7 Energy FM,Manila,4,37,N
2023,US,KRML,"Carmel Valley, CA",7,37,N
2023,DE,Radio Isw,Passau,2,37,N
2023,FR,RCA La Radio,Nantes,2,37,N
2023,CH,Vibration 108,Sion,2,37,N
2023,BR,Bahia FM,"Alagoinhas, BA",5,36,N
2023,GB,Boom Radio,London,2,36,N
2023,GR,Athens Dee Jay,Athens,2,36,N
2023,PH,Love Radio Manilla,Manila,2,36,N
2023,US,WRLT Lightning 100.1 FM,Nashville,7,35,N
2023,IT,Rai Radio 3,Rome,15,35,N
2023,FR,Radios chrétiennes francophones (RCF),Marseille,8,35,N
2023,AU,River 94.9,Brisbane,1,35,N
2023,FR,L'Eko Des Garrigues,Montpellier,9,34,N
2023,DE,NDR 1 Radio MV,Greifswald,1,34,N
2023,ID,99.1 Delta FM,Jakarta,1,34,N
2023,ID,Female Radio 97.9 FM,Jakarta,1,34,N
2023,TR,Virgin Radio,Istanbul,6,33,N
2023,IT,Rai 1,Rome,8,33,N
2023,GB,BBC Radio 4,Kilskeery,12,33,N
2023,GB,Love 80s Radio Manchester,Manchester,2,33,N
2023,GB,Lyca Radio 1458,London,3,33,N
2023,IT,RDS [Radio Dimensione Suono],Lazio,7,33,N
2023,AU,2UE - Macquarie Sports Radio Sydney,Sydney,1,33,N
2023,CA,ICI Musique,Toronto,12,32,N
2023,US,WUMB,Boston,3,32,N
2023,AR,Radio One,Buenos Aires,4,32,N
2023,BG,BNR Horizont,Sofia,10,32,N
2023,PT,Rádio Horizonte,Ponta Delgada,2,32,N
2023,CA,Rythme 105.7,"Montreal, QC",2,32,N
2023,NL,Pinguin Radio,The Hague,9,31,N
2023,MQ,Martinique La 1ère,Fort-de-France,15,30,N
2023,AR,Mega,Santa Fe,6,30,N
2023,GB,Starpoint Radio,Faversham,18,30,N
2023,MX,XHOJ-FM [Maxima 106.7],"Guadalajara, JA",3,30,N
2023,FR,Radio Emotion,Nice,1,30,N
2023,NZ,Coast,Auckland,2,30,N
2023,US,Sirius XMU,"Washington, D.C.",5,29,N
2023,ES,Ibiza Global Radio,Ibiza,12,29,N
2023,ID,Sonora Lampung FM,Jakarta,5,29,N
2023,DE,Antenne [Brandenburg],Potsdam,2,29,N
2023,CH,Rete Due,Ticino,9,28,N
2023,GB,BBC Radio Lancashire,Winter Hill,9,28,N
2023,NO,Radio 102,Haugesund,3,28,N
2023,FR,Totem,Paris,1,28,N
2023,US,KVIL-FM (ALT Dallas 103.7),"Dallas, TX",1,28,N
2023,CA,CKMM-FM [Énergie Montréal 94.3],"Montreal, QC",2,28,N
2023,PT,RTP Antena 1,Lisbon,15,27,N
2023,LV,Saules Radijas,Šiauliai,9,27,N
2023,SM,Radio San Marino Classic,San Marino,10,27,N
2023,FI,NRJ Finland,Helsinki,7,27,N
2023,IL,GLZ,Haifa,9,27,N
2023,US,KYSR,"Los Angeles, CA",2,27,N
2023,ZA,Bok radio,Cape Town,5,27,N
2023,GE,GPB Radio 1,Tbilisi,6,27,N
2023,FR,Maxximum,Paris,3,27,N
2023,CA,Energie,"Quebec City, QC",2,27,N
2023,BR,Band FM,São Paulo,5,26,N
2023,IT,Radio Studio 93,Aprilia,8,26,N
2023,CH,SRF2,Nendeln,8,26,N
2023,PT,RDP Açores - Antena 1,Ponta Delgada,7,26,N
2023,ZA,Lesedi FM,Durban,8,26,N
2023,IT,Radio Bruno,Florence,4,26,N
2023,GB,XRP RADIO,Birmingham,3,26,N
2023,DE,NDR Radio Kultur,Hamburg,6,26,N
2023,GB,Funky Essex,Costessey,8,26,N
2023,AE,Radio Gilli 106.5FM,Dubai,5,26,N
2023,PE,La Karibeña,Lima,2,26,N
2023,AU,5ADD [Mix 102.3],Adelaide,1,26,N
2023,RO,Bucuresti FM,Bucharest,2,26,N
2023,NZ,Mix,Auckland,3,25,N
2023,SE,P1,Stockholm,7,25,N
2023,IT,One dance,Bergamo,3,25,N
2023,DE,Radio Alpenwelle,Walchensee,1,25,N
2023,ZA,Thobela FM,Johannesburg,13,24,N
2023,CN,Beijing Music Radio [ 北京音乐广播],Beijing,8,24,N
2023,US,WMOT,Nashville,7,24,N
2023,US,KEGL,"Dallas, TX",4,24,N
2023,DE,Radio Horeb,Immenstadt im Allgau,5,24,N
2023,NL,Radio Veronica,Amsterdam,4,24,N
2023,IE,Mid West Radio,Kiltamagh,2,24,N
2023,JP,North Wave,Hokkaido,10,23,N
2023,US,Frisky Radio,"New York, NY",10,23,N
2023,IT,Radio Party Groove,Novara,3,23,N
2023,CH,RTS2,Chasseral,5,23,N
2023,FI,Yle Radio Suomi,Helsinki,8,23,N
2023,AU,Mix 106.3,Canberra,3,23,N
2023,NZ,Radio Hauraki,Invercargill,2,23,N
2023,US,BPM,"Washington, D.C.",3,23,N
2023,FR,Radio Campus Grenoble,Grenoble,12,22,N
2023,ID,RRI Pro 1,Makassar,10,22,N
2023,IT,Radioshakehit,Turin,8,22,N
2023,US,Birmingham Mountain Radio,Birmingham,1,22,N
2023,US,WCOO-FM,"Charleston, SC",2,22,N
2023,GB,Prospect Radio,London,11,22,N
2023,DE,Klassik Radio,Berlin,2,22,N
2023,CH,Radio Basilisk,Bern,1,22,N
2023,CO,Blu Radio,Bogotá,3,22,N
2023,CA,CHOI-FM,"Quebec City, QC",6,22,N
2023,SE,Rockklassiker,Göteborg,2,22,N
2023,CN,Guangdong City Radio [ 广东广播电视台城市之声],Guangzhou,1,22,N
2023,DK,Radio Soft,Copenhagen,1,22,N
2023,ID,91.6 Indika FM,Jakarta,1,21,N
2023,US,Cowboy Joe Radio [ARCHIVED],Sheridan,5,21,N
2023,FR,Radio Balises,Lanester,7,21,N
2023,FR,Radio Activ' 101.9 FM,Langueux,8,21,N
2023,US,Alt Nation,"Washington, D.C.",1,21,N
2023,US,WBJB,Monmouth Beach,3,21,N
2023,US,KNBA,Anchorage,8,21,N
2023,AU,3MDR,Upwey South,5,21,N
2023,RO,Actualitati,Bucharest,10,21,N
2023,US,XHITZ Z90.3 FM,"San Diego, CA",6,21,N
2023,US,WHUP,Hillsborough,11,20,N
2023,ID,Most FM 99,Medan,2,20,N
2023,GB,XS Manchester,Manchester,1,20,N
2023,GB,BBC Radio 4 Xtra,London,5,20,N
2023,JP,FM Cocolo,Osaka,8,20,N
2023,AU,2XL (918 AM),Cooma,1,20,N
2023,AU,97.3 FM,Brisbane,1,20,N
2023,UY,CW33 La Nueva Radio Florida,Florida,1,20,N
2023,US,KRVM,Eugene,10,19,N
2023,US,KFMG,Des Moines,5,19,N
2023,PL,Jedynka - Polskie Radio Program 1,Warsaw,8,19,N
2023,CH,Radio 24 Pop,Zürich,2,19,N
2023,AU,3GG (531 AM),Warragul,1,19,N
2023,NL,NPO Radio 2 Soul & Jazz,Hilversum,2,19,N
2023,PH,96.3 Easy Rock,Manila,1,19,N
2023,KR,SBS 러브 FM-SBS 라디오,Seoul,13,18,N
2023,FI,YLE Radio 1,Raahe,8,18,N
2023,US,LITT Dance,Los Angeles,2,18,N
2023,JP,LOVE FM,Fukuoka,10,17,N
2023,US,WEXT,Albany,5,17,N
2023,US,KYWH-FM,Lockwood,1,17,N
2023,AU,2UUS,Wollongong,2,17,N
2023,US,C89.5,"Seattle, WA",4,17,N
2023,SG,Gold 90.5 FM,Caldecott Hill Estate,2,17,N
2023,BR,Rádio Record (Rio de Janeiro),"Rio de Janeiro, RJ",1,16,N
2023,ID,iRadio 89.6 FM,Jakarta,3,16,N
2023,HR,Radio Donji Miholjac,Pula,6,16,N
2023,FR,47 FM,Agen,1,16,N
2023,US,KGSR-HD2 Austin City Limits Radio,Austin,2,16,N
2023,AR,Aspen 102.3 FM,Buenos Aires,2,16,N
2023,FR,Europe 1,Gien,6,15,N
2023,MX,Radio Chilango,Mexico City,3,15,N
2023,DE,Radio Ramasuri,Bayreuth,2,15,N
2023,IT,Radio Number One,Rome,4,15,N
2023,US,WEHM,Watertown,1,15,N
2023,GB,Dilse Radio 1035am,London,1,15,N
2023,FR,RTL2,Paris,4,15,N
2023,ES,Cadena Dial,Madrid,2,15,N
2023,CH,Radio Swiss Pop,Basel,1,15,N
2023,DE,NDR 1 Niedersachsen,Hannover,1,15,N
2023,BR,Rádio 80 FM,São Paulo,1,15,N
2023,ES,Radio Nervión,Bilbao,2,15,N
2023,US,WCWS,"Wooster, OH",1,15,N
2023,PE,Radio Nueva Q,Lima,2,15,N
2023,GB,Fun Kids,London,1,15,N
2023,DE,SWR 2,Stuttgart,5,14,N
2023,AT,Antenne Vorarlberg,Vienna,3,14,N
2023,US,WCLX Farm Fresh Radio,Burlington,1,14,N
2023,US,WJCU,University Heights,5,14,N
2023,FR,France Musique,Paris,5,14,N
2023,US,WMVY,Edgartown,4,14,N
2023,MX,Radio Formula Yucatan,Mérida,2,14,N
2023,NL,KINK,Amsterdam,2,13,N
2023,ZA,Radio laeveld,Nelspruit,9,13,N
2023,AU,Portuguese Radio,Sydney,9,13,N
2023,MX,XEAD-FM [La Buena Onda 101.9 FM],"Guadalajara, JA",1,13,N
2023,GB,BBC Radio Scotland,Glasgow,10,13,N
2023,US,KNMC,Havre,1,13,N
2023,FR,ici Provence,Marseille,7,13,N
2023,AT,KroneHit 105.8,Vienna,4,13,N
2023,CH,Radio 3i,Mendrisio,3,13,N
2023,GR,Hit 88.9 FM,Khalándrion,1,13,N
2023,US,SiriusXM FLY,"Washington, D.C.",2,13,N
2023,GB,BBC Radio 5,London,9,12,N
2023,ZA,Radio 2000,Cape Town,10,12,N
2023,CA,News Talk 770,"Calgary, AB",6,12,N
2023,CA,CKNW,"Vancouver, BC",5,12,N
2023,PT,TSF Rádio Notícias,Lisbon,2,12,N
2023,QA,Radio Malayalam 98.6FM,Doha,1,12,N
2023,DE,NDR 1 Welle Nord,Flensburg,2,12,N
2023,AU,6PR,Perth,1,12,N
2023,US,Ozzy's Boneyard,"Washington, D.C.",1,12,N
2023,NL,Omroep West,Rotterdam,1,12,N
2023,ID,Radio Rama 104.7 FM,Bandung,2,12,N
2023,DE,Die Neue 107.7,Stuttgart,2,11,N
2023,ID,RDI 97.1 FM,Jakarta,7,11,N
2023,DE,MDR SACHSEN Dresden,Dresden,2,11,N
2023,TR,Radyo S,Bursa,8,11,N
2023,US,WXRV-FM,"Needham, MA",2,11,N
2023,CA,CJOB,"Winnipeg, MB",4,11,N
2023,GB,Heat,London,1,11,N
2023,NL,NPO Radio 5,Hilversum,2,11,N
2023,FR,Radio Antenne Portugaise,Tours,9,11,N
2023,CA,CJAD,"Montreal, QC",6,11,N
2023,US,WROV,"Martinsville, VA",1,11,N
2023,JP,Tokyo FM,Tokyo,6,10,N
2023,US,KRSH,Santa Rosa,3,10,N
2023,KR,MBC FM4U Radio Main,Seoul,10,10,N
2023,ID,Bens Radio,Jakarta,7,10,N
2023,AT,ORF Ö2 Radio Kärnten,Feldkirchen in Kärnten,2,10,N
2023,HR,HR3 - Treci program,Zagreb,3,10,N
2023,DE,Radio Saarbrücken,Saarbrücken,1,10,N
2023,AU,5MU (1125 AM),Murray Bridge,2,10,N
2023,BR,Melodia,"Varginha, MG",2,10,N
2023,HR,Hrvatski Katolicki Radio,Zagreb,6,10,N
2023,DE,HR 2,Frankfurt,3,9,N
2023,AR,Rock & Pop,Buenos Aires,3,9,N
2023,US,KROQ,"Los Angeles, CA",1,9,N
2023,GB,Radio Wigwam,Cardiff,2,9,N
2023,CZ,Kiss,Prague,1,9,N
2023,AU,7LA (LAFM 89.3),Launceston,3,9,N
2023,HK,RTHK Radio 2,Hong Kong,4,9,N
2023,DE,WDR 3,Bonn,4,9,N
2023,CH,Radio Freiburg,Fribourg,4,9,N
2023,NL,NPO Radio 4,Amsterdam,1,9,N
2023,PH,97.9 Home Radio,Manila,1,9,N
2023,BR,Alpha FM,"São Paulo, SP",1,9,N
2023,US,90.1 KUWP Powell/Cody (Wyoming Sounds),Cody,5,8,N
2023,US,Radio Danz,"Miami, FL",2,8,N
2023,FR,ici Alsace,Strasbourg,5,8,N
2023,CH,Rete Uno,Zürich,7,8,N
2023,DE,Ndr 90.3,Hamburg,1,8,N
2023,AU,5AU (1242 AM),Port Augusta,2,8,N
2023,DE,106.4 Top FM,Munich,2,8,N
2023,AU,7AD (900 AM),Devonport,2,8,N
2023,AU,4CA,Cairns,2,8,N
2023,FR,ici Loire Océan,Nantes,5,8,N
2023,LT,LRT Radijas,Alytus,2,8,N
2023,FR,Fréquence 3,Paris,2,8,N
2023,FR,ici Breizh Izel,Brest,6,7,N
2023,AE,Big 106.2 FM,Dubai,5,7,N
2023,EC,Radio City,Guayaquil,7,7,N
2023,UA,Kiss FM Ukraine,Lviv,7,7,N
2023,US,PopRocks,"Washington, D.C.",1,7,N
2023,US,WQKL-FM,Ann Arbor,5,7,N
2023,MX,RMX Radio,"Guadalajara, JA",4,7,N
2023,US,The Spectrum,"Washington, D.C.",3,7,N
2023,FR,ici Isère,Grenoble,4,7,N
2023,FR,OUI FM Girls Rock,Paris,1,7,N
2023,AR,Pop Radio,Junin,3,7,N
2023,GB,Kool FM,London,3,7,N
2023,AU,5CS (1044 AM),Port Pirie,1,7,N
2023,AU,4AA (1026 AM),Mackay,2,7,N
2023,AU,3EL,Mildura,2,7,N
2023,DE,Radio Charivari Regensburg,Ingolstadt,2,7,N
2023,FR,ici Besançon,Besançon,4,7,N
2023,JP,Nack 5,Saitama,6,6,N
2023,ID,Indonesia 40 [IRadio FM],Bandung,1,6,N
2023,HU,Petofi,Budapest,4,6,N
2023,DE,NDR Info,Hamburg,2,6,N
2023,AU,3M FM,Inverloch,3,6,N
2023,CA,CHED,"Edmonton, AB",2,6,N
2023,SE,Mix Megapol,Göteborg,2,6,N
2023,FI,Radio Helsinki,Helsinki,5,6,N
2023,DE,Berliner Rundfunk 91.4,Berlin,2,6,N
2023,FR,ici Nord,Lille,5,6,N
2023,SK,Fun Radio,Bratislava,3,6,N
2023,US,WINS-AM,"New York, NY",4,6,N
2023,AU,4NNN (Zinc 96.1),Gympie,1,6,N
2023,FR,Radio Studio 1,Strasbourg,2,6,N
2023,US,KMTN The Mountain 96.9 FM,Jackson,2,6,N
2023,DK,DR P2,Copenhagen,1,6,N
2023,US,SiriusXM Turbo,"Washington, D.C.",3,6,N
2023,UA,Хіт FM (Hit FM),Kiev,3,5,N
2023,BR,Vida FM (Fortaleza),"São Paulo, SP",2,5,N
2023,AE,Al Arabiya 99.0,Dubai,3,5,N
2023,US,Sun Radio,Austin,4,5,N
2023,US,Nexus Radio,"Chicago, IL",1,5,N
2023,SK,Europa 2,Bratislava,3,5,N
2023,ES,Radio Marca Barcelona,Barcelona,2,5,N
2023,AU,Smooth FM 95.3,Sydney,1,5,N
2023,AU,2ST,Bowral,1,5,N
2023,AT,ORF Ö2 Radio Vorarlberg,Bregenz,1,5,N
2023,PE,Radiomar 106.3 FM,Lima,1,5,N
2023,AU,3PTV,Melbourne,1,5,N
2023,CL,Radio Cooperativa,Santiago,2,5,N
2023,FR,Sol FM,Lyon,4,5,N
2023,US,WKLQ-FM,Grand Rapids,1,5,N
2023,CH,SRF 1 Basel Baselland,Basel,3,5,N
2023,CH,SRF 1 Bern Freiburg,Bern,3,5,N
2023,CA,CFPL-FM [London's Best Rock FM 96],"London, ON",1,5,N
2023,US,KSWD-FM (The Sound Seattle 94.1 FM),"Seattle, WA",3,5,N
2023,LT,Radio Lietus,Klaipėda,3,5,N
2023,PT,Rádio Renascença,Lisbon,3,5,N
2023,FR,NRJ Made in France,Paris,1,5,N
2023,DE,SWR 1 RP,Rheinland-Pfalz,2,4,N
2023,KR,TBS FM,Seoul,3,4,N
2023,NO,P4 Radio Hele Norge,Oslo,2,4,N
2023,JP,FM 802,Osaka,3,4,N
2023,FO,FM 98.7,Klaksvík,2,4,N
2023,DE,Radio B2 R,Zehlendorf,1,4,N
2023,US,1 Pure EDM,"Chicago, IL",4,4,N
2023,FR,TSF Jazz,Paris,1,4,N
2023,CZ,Dance radio,Prague,1,4,N
2023,US,WUIN,Wilmington,2,4,N
2023,NZ,Newstalk ZB,Ashburton,4,4,N
2023,ID,RRI Pro 2 105.1 FM,Jakarta,3,4,N
2023,AU,4CC (Zinc 927 AM),Gladstone,1,4,N
2023,AU,Hit 92.9,Perth,1,4,N
2023,US,670 The Score,"Chicago, IL",3,4,N
2023,DE,SWR Aktuell,Berlin,2,4,N
2023,DE,"Radio Gong 97,1 Nürnberg",Nürnberg,1,4,N
2023,VE,Radio Satelite,Caracas,2,4,N
2023,JP,Kiss FM Kobe,Kobe,3,4,N
2023,JP,NHK R1,Tokyo,3,4,N
2023,QA,Radio suno 91.7,Doha,4,4,N
2023,DE,Cosmo WDR,Köln,2,4,N
2023,FR,ici Armorique,Vannes,4,4,N
2023,BE,BXFM 104.3 FM,Brussels,1,4,N
2023,AE,Fujairah FM,Dubai,2,3,N
2023,CY,RIK 2 CYBC,Paralimni,2,3,N
2023,CH,SRF MusikWelle,Basel,3,3,N
2023,JP,"Nippon Broadcasting System, Inc. (ニッポン放送)",Tokyo,3,3,N
2023,IE,Q102,Dublin,1,3,N
2023,CA,CKMB-FM [Kool FM 107.5],"Barrie, ON",2,3,N
2023,KR,MBC-FM,Seoul,1,3,N
2023,ID,Visi FM,Medan,2,3,N
2023,FR,Radio Neptune,Brest,1,3,N
2023,NL,NH Radio,North Holland,2,3,N
2023,BE,Radio Klara,Brussels,3,3,N
2023,SA,MBC FM,Riyadh,3,3,N
2023,US,WRFF,"Philadelphia, PA",1,3,N
2023,US,KFRR-FM,"Wooster, OH",1,3,N
2023,US,WBTZ-FM (The Buzz 99.9 FM),"Plattsburgh, NY",2,3,N
2023,US,WCNR,Charlottesville,2,3,N
2023,JP,"TBS Radio, Inc",Tokyo,3,3,N
2023,NO,The Beat,Oslo,3,3,N
2023,US,WCLZ-FM,Portland,2,3,N
2023,US,KTAO,Taos,2,3,N
2023,FR,ici Paris-Île-de-France,Paris,3,3,N
2023,ID,Volare,Pontianak,1,3,N
2023,DK,Radio 100,Glostrup,1,3,N
2023,BR,Rádio Saudade FM 100.7,Santos,1,3,N
2023,DE,Beats Radio,Augsburg,1,3,N
2023,MX,XERC-FM [Radio Centro 97.7 FM],"Mexico City, DF",1,3,N
2023,KR,Arirang Radio,Jeju,3,3,N
2023,MX,XHPF-FM [Globo 101.9 FM],"Mexicali, BC",2,3,N
2023,KR,Mapo FM,Seoul,1,3,N
2023,IN,Radio Mirchi 98.3 FM,Ahmadabad,3,3,N
2023,AU,Triple M Central Queensland 101.5 & 95.1,Rockhampton,3,3,N
2023,CO,La FM,Bogotá,1,3,N
2023,US,WBBM,"Chicago, IL",2,3,N
2023,BR,Band FM 96.1 FM,São Paulo,3,3,N
2023,US,WRSB Mega 97.5,Rochester,1,3,N
2023,IN,Radio City 91.1,Bengaluru,1,2,N
2023,DK,VLR,Odense,1,2,N
2023,NL,NPO 3FM Alternative,Hilversum,2,2,N
2023,JP,Nippon Cultural Broadcasting,Tokyo,2,2,N
2023,US,Soar Radio,Rockford,2,2,N
2023,BR,Saudades FM,"Matao, SP",2,2,N
2023,US,WDZH-FM,"Detroit, MI",2,2,N
2023,US,WBSD,Burlington,1,2,N
2023,US,KRXP-FM,"Pueblo West, CO",2,2,N
2023,US,WDVX,Knoxville,2,2,N
2023,AT,ORF Ö2 Radio Salzburg,Salzburg,1,2,N
2023,ES,UNIKA FM,Madrid,1,2,N
2023,FR,Hotmixradio Dance,Paris,2,2,N
2023,FR,Champagne FM,Château-Thierry,2,2,N
2023,GR,Easy 97.2,Athens,2,2,N
2023,US,WOXL HD2,Asheville,2,2,N
2023,AT,ORF Ö2 Radio Tirol,Innsbruck,2,2,N
2023,US,WEEI-FM (WEEI 93.7FM),"Boston, MA",2,2,N
2023,US,WBEB-FM,"Philadelphia, PA",1,2,N
2023,CA,CFAK,"Skerbrooke, QC",2,2,N
2023,AU,Cruise 1323,Adelaide,1,2,N
2023,TH,Cool Fahrenheit,Bangkok,2,2,N
2023,FR,RMC,Paris,2,2,N
2023,DE,BR Heimat,München,1,2,N
2023,TR,Kral World,İstanbul,1,2,N
2023,SG,UFM 1003,Toa Payoh New Town,2,2,N
2023,US,Underground Garage,"Washington, D.C.",1,2,N
2023,SE,Retro FM,Stockholm,1,2,N
2023,IS,Bylgjan FM,Reykjavík,1,2,N
2023,AU,RSN 927,Melbourne,1,2,N
2023,US,Outlaw Country,"Washington, D.C.",1,2,N
2023,US,WYRG,"Indianapolis, IN",1,2,N
2023,NO,P6 Rock,Oslo,1,2,N
2023,US,The Coast/Norfolk,Norfolk,1,2,N
2023,CA,CHEZ-FM,"Ottawa, ON",1,2,N
2023,TR,Number One Türk,Istanbul,2,2,N
2023,CA,CICX-FM,"Barrie, ON",1,2,N
2023,CA,CJBX-FM [BX93],"London, ON",1,2,N
2023,JP,FMりべーる (FM Riviére),Asahikawa,1,2,N
2023,FR,ici Normandie (Calvados-Orne),Caen,2,2,N
2023,FR,Sud Radio,Toulouse,1,2,N
2023,ES,Los 40 Classic,Almería,1,2,N
2023,FR,M Radio,Paris,1,2,N
2023,GR,Derti 98.6 FM,Athina,2,2,N
2023,US,VivaLaVoce,"Washington, D.C.",2,2,N
2023,PH,Wish 107.5,Manila,1,2,N
2023,KR,MBC Pyojun Radio Main,Seoul,2,2,N
2023,QA,Radio Olive 106.3 FM,Doha,2,2,N
2023,US,93.7 KRQ Tucson / KRQQ,Tucson,2,2,N
2023,SG,Love 972,Singapore,1,2,N
2023,AU,2AY (1494 AM),Albury,1,2,N
2023,IE,Shannonside FM,Longford,1,2,N
2023,US,KRTH K-Earth 101 FM,Los Angeles,1,2,N
2023,AU,4TO [Triple M Townsville],Townsville,1,2,N
2023,JP,ABC Radio,Osaka,1,1,N
2023,DE,Harmony Fm,Wiesbaden,1,1,N
2023,AE,Radio Asia 94.7,Dubai,1,1,N
2023,US,WHAS-AM (NewsRadio WHAS Louisville 840 AM),"Louisville, KY",1,1,N
2023,US,KPNW,Bellevue,1,1,N
2023,US,KTBZ,"Houston, TX",1,1,N
2023,US,WLW-AM (Newsradio 700 WLW),"Cincinnati, OH",1,1,N
2023,CH,Radio Rottu Oberwallis,Visp,1,1,N
2023,CN,Metro Radio [国际都市频率],Beijing,1,1,N
2023,UA,UR2 – Radio Promin,Kiev,1,1,N
2023,IL,100FM,Jerusalem,1,1,N
2023,DE,Pure FM,Berlin,1,1,N
2023,BR,Nova Brasil 89.7 SP,São Paulo,1,1,N
2023,US,KJKK-FM (Jack FM Dallas 100.3),"Dallas, TX",1,1,N
2023,HR,HR1 - Prvi program,Zagreb,1,1,N
2023,US,KLBS 1330 AM,"Los Banos, CA",1,1,N
2023,KR,KBS CoolFM Main,Seoul,1,1,N
2023,US,WOR-AM (710 WOR The Voice of New York),"New York, NY",1,1,N
2023,ES,Gran via Radio,Barcelona,1,1,N
2023,US,KBZT-FM (ALT San Diego 94.9 FM),"San Diego, CA",1,1,N
2023,RU,Dorojnoe Radio,Moscow,1,1,N
2023,AU,4BC,Brisbane,1,1,N
2023,US,WXPK,New York City,1,1,N
2023,US,WWJ-AM,"Detroit, MI",1,1,N
2023,NL,Indie XL,Amsterdam,1,1,N
2023,JP,Zip FM,Nagoya,1,1,N
2023,DE,B 5 Aktuell,Würzburg,1,1,N
2023,IL,רדיו לב המדינה,Rishon LeẔiyyon,1,1,N
2023,NZ,Radio Live,Oamaru,1,1,N
2023,US,WKHK-FM,"Richmond, VA",1,1,N
2023,IL,Kan Gimel,Haifa,1,1,N
2023,MX,La Bestia,Leon,1,1,N
2023,US,Spin Radio 107.1,"Easton, PA",1,1,N
2023,FI,Iskelmä,Helsinki,1,1,N
2023,MX,XHPAZ-FM [Super Stereo 96.7 FM],"La Paz, BS",1,1,N
2023,KR,KBS 1FM (ClassicFM) Main,Seoul,1,1,N
2023,SG,88.3 JIA FM,Singapore,1,1,N
2023,MX,XEJP-FM [Joya 93.7 FM],"Mexico City, DF",1,1,N
2023,ES,Rock FM,Madrid,1,1,N
2023,US,KWSS,"Phoenix, AZ",1,1,N
2023,AU,3YB (94.5 FM),Warrnambool,1,1,N
2023,AU,Triple M [Adelaide],Adelaide,1,1,N
2023,MX,XHLTN-FM [Radio Latina 104.5 FM],"Tijuana, BC",1,1,N
2023,JP,FM Fukuoka,Fukuoka,1,1,N
2023,DE,Kulturradio rbb,Berlin,1,1,N
2023,CA,CFRA,"Ottawa, ON",1,1,N
2023,US,AM 770 KTTH,"Seattle, WA",1,1,N
2023,US,Sports Radio 94 WIP,"Philadelphia, PA",1,1,N
2023,US,SiriusXM Chill,"New York, NY",1,1,N
2023,AU,SEN,Melbourne,1,1,N
2023,IT,Radio Kiss Kiss Italia,Campania,1,1,N
2023,SG,HAO FM 96.3,Singapore,1,1,N
2023,US,KLUV-FM,"Dallas, TX",1,1,N
2023,US,WCBS Newsradio 880,"New York, NY",1,1,N
2023,AU,Triple M [Melbourne],Melbourne,1,1,N
2023,AU,7XXX (Triple M Hobart 107.3),Hobart,1,1,N
2023,BR,Lideranca FM,"Morada Nova, CE",1,1,N
2023,US,WQMP-FM (Alternative Music Orlando 101.9 FM),"Daytona Beach, FL",1,1,N
2024,NG,Soundcity FM Lagos,Lagos,342,134644,Y
2024,NG,UFM (Ultima Radio),Lagos,358,133888,Y
2024,NG,Cool FM,Lagos,299,117917,Y
2024,NG,The Beat 99.9 FM,Lagos,346,90689,Y
2024,NG,Naija FM 102.7,Lagos,343,85965,Y
2024,NG,City FM,Ikeja,369,74687,Y
2024,NG,Max FM 102.3,Lagos,225,62362,Y
2024,FR,Africa Radio,Paris,118,62071,N
2024,NG,Wazobia FM,Lagos,365,53064,Y
2024,AE,Radio Gilli 106.5FM,Dubai,272,52817,N
2024,KE,Hot 96,Nairobi,187,42815,N
2024,GB,KISS XTRA,London,113,40489,N
2024,NG,Raypower 100.5 FM,Abuja,387,32453,Y
2024,GB,The Beat (103.6FM),London,185,31913,N
2024,KE,NRG Radio,Nairobi,192,28762,N
2024,OM,Virgin Radio - Oman,Mascate,22,26041,N
2024,BE,Tarmac,Brussels,99,24777,N
2024,GB,Pie Radio UK,Manchester,132,23498,N
2024,NG,Inspiration 92.3 FM,Lagos,375,21429,Y
2024,NL,NPO FunX NL,Hilversum,104,21160,N
2024,MQ,MIXX FM MARTINIQUE,Fort-de-France,40,21034,N
2024,GB,BBC Radio 1 Xtra,London,191,20724,N
2024,GB,Reprezent Radio,London,141,20714,N
2024,CI,Nostalgie FM,Abidjan,148,20412,N
2024,GB,Capital Xtra,London,123,20238,N
2024,GB,Ujima 98 FM,Bristol,203,19528,N
2024,US,Hot 97,"New York, NY",52,19213,N
2024,NZ,Mai FM,Whangarei,47,18070,N
2024,GF,NRJ GUYANE,Cayenne,71,17825,N
2024,GB,Westside Radio,London,160,17241,N
2024,US,WWPR,"New York, NY",85,15981,N
2024,KE,Classic 105 FM,Nairobi,98,14321,N
2024,US,WKYS-FM,"Washington, D.C.",57,13885,N
2024,ZA,Y FM,Johannesburg,104,13836,N
2024,NL,Radio FunX Fissa,Amsterdam,64,13199,N
2024,KE,Radio Jambo,Nairobi,103,12922,N
2024,DE,WDR Funkhaus Europa,Cologne,123,12517,N
2024,MA,Hit Radio Maroc,Rabat,34,12192,N
2024,US,WHTA-FM,"Mableton, GA",47,12024,N
2024,RE,EXO FM,Saint Denis,64,11857,N
2024,FR,Tropiques FM,Paris,63,11800,N
2024,GH,Rainbow Radio,Accra,165,11749,N
2024,DE,i love music,Köln,11,11551,N
2024,GH,Kasapa FM,Accra,204,11297,N
2024,US,WQUE,"New Orleans, LA",26,11296,N
2024,PT,Vodafone FM,Lisbon,12,11257,N
2024,US,92Q Jams Baltimore,"Baltimore, MD",29,10874,N
2024,KE,Capital FM,Nairobi,178,10722,N
2024,GH,Citi FM,Accra,177,10695,N
2024,US,WRSV,"Rocky Mount, NC",53,10591,N
2024,US,WOWI,"Norfolk, VA",26,10568,N
2024,RE,NRJ Réunion,Saint-Denis,45,10353,N
2024,US,WGPR,"Detroit, MI",26,10286,N
2024,NZ,Niu FM,Manaku,38,10073,N
2024,FR,RFI Musique,Paris,85,10044,N
2024,GB,Croydon FM,London,146,9880,N
2024,GH,Asaase Radio,Accra,231,9448,N
2024,FR,Générations (Lyon),Lyon,82,8906,N
2024,FR,Ado,Paris,31,8516,N
2024,US,G100 - The Throwback Station,"Rincon, GA",13,8450,N
2024,US,WJMN,"Boston, MA",63,8441,N
2024,FR,Générations (IDF),Paris,74,8331,N
2024,GB,Kemet,Nottingham,130,8330,N
2024,FR,Mouv',Paris,115,8282,N
2024,GH,3 FM,Accra,215,8134,N
2024,US,WPWX-FM,"Chicago, IL",65,8070,N
2024,US,WDKX-FM,"Rochester, NY",68,7981,N
2024,TR,Power FM,Istanbul,34,7917,N
2024,US,The Heat,"Washington, D.C.",14,7901,N
2024,US,KFCO-FM,"Bennett, CO",10,7893,N
2024,GH,Starr FM,Accra,192,7817,N
2024,ZA,UCT Radio 104.5 FM,Cape Town,92,7705,N
2024,ES,MegaStar FM,Madrid,8,7427,N
2024,US,WHZT-FM,"Spartanburg, SC",17,7417,N
2024,US,WZMX,"Hartford, CT",56,7336,N
2024,US,KBFB,"Dallas, TX",82,7299,N
2024,US,KOPW-FM (Omaha's Power 106.9 FM),"Plattsmouth, NE",24,7236,N
2024,US,Power 107.5,"Colombus, OH",39,7063,N
2024,FR,Blackbox,Bordeaux,27,7055,N
2024,US,KBLZ-FM (The Blaze Winona 102.7 FM),"Longview, TX",21,6979,N
2024,GH,Pluzz FM,Ghana,196,6969,N
2024,GB,Unity Radio 92.8 FM,Manchester,69,6812,N
2024,GB,WAEV,Savannah,62,6786,N
2024,US,The Joint,"Washington, D.C.",16,6779,N
2024,US,WQOK-FM,"Raleigh-Durham, NC",26,6765,N
2024,US,Pandora Now,"Washington, D.C.",13,6758,N
2024,US,Hot 104.7,"Kennebunkport, ME",36,6749,N
2024,JM,Zip FM,Kingston,85,6677,N
2024,DE,Jam FM,Berlin,19,6612,N
2024,MA,U RADIO,Rabat,39,6571,N
2024,US,KMEL,"San Francisco, CA",19,6562,N
2024,US,KCAQ-FM,"Ventura, CA",20,6556,N
2024,FR,NRJ at work,Paris,5,6419,N
2024,US,KHTE The Box 96.5 FM,Little Rock,25,6323,N
2024,FR,NRJ at home,Paris,4,6252,N
2024,US,KPHW-FM (Power Hawaï 104.3 FM),"Houston, TX",12,6230,N
2024,US,WAMJ-FM,"Atlanta, GA",19,6174,N
2024,US,WKTT Live 97.5 FM,Salisbury,63,6154,N
2024,GB,Radio2Funky,Leicester,134,6149,N
2024,US,95.7 Jamz,"Midfield, AL",30,6074,N
2024,GH,Class FM,Accra,185,6061,N
2024,ZA,Gagasi FM,Durban,107,6024,N
2024,US,WPGC 95.5,"Washington, D.C.",34,6019,N
2024,US,KBXX,"Houston, TX",24,5962,N
2024,US,WBTJ,"Richmond, VA",37,5956,N
2024,US,Z-107.9,"Cincinnati, OH",34,5956,N
2024,US,KDGS-FM,"Wichita, KS",21,5943,N
2024,CI,Trace FM,Abidjan,73,5870,N
2024,US,WBLS FM,"New York, NY",77,5613,N
2024,GB,Premier Gospel,London,44,5532,N
2024,DE,Bremen Next,Bremen,62,5496,N
2024,FR,Konbini Radio,Paris,125,5391,N
2024,AU,The Edge 96.ONE,Sydney,48,5306,N
2024,TR,Metro FM,Istanbul,13,5265,N
2024,US,KISV-FM,"Bakersfield, CA",13,5085,N
2024,US,Hot Z 95,"Corpus Christi, TX",21,5028,N
2024,DE,1Live Diggi,Düsseldorf,23,4994,N
2024,GB,Colourful Radio,London,173,4927,N
2024,US,WHHL,"St. Louis, MO",11,4856,N
2024,US,WWKL,"Harrisburg, PA",9,4853,N
2024,US,WFLC,"Miami, FL",11,4848,N
2024,GB,Rinse FM,London,155,4846,N
2024,PT,Kiss FM Algarve,Albufeira,24,4822,N
2024,US,WWPW,"Atlanta, GA",27,4783,N
2024,ZW,Breeze fm,Victoria Falls,181,4731,N
2024,US,KZZP,"Phoenix, AZ",24,4713,N
2024,PT,Radio Orbital,Lisbon,9,4682,N
2024,US,KKUU U92.7 FM,"Palm Springs, CA",14,4631,N
2024,GH,Neat FM,Accra,165,4606,N
2024,BE,Bruzz,Brussels,128,4531,N
2024,SE,P3,Stockholm,85,4530,N
2024,ZA,MFM 92.6,Stellenbosch,54,4517,N
2024,CY,Mix FM,Nicosia,28,4516,N
2024,PT,Mix FM,Lisbon,28,4463,N
2024,GR,MAD Radio 106.2 FM,Athens,9,4453,N
2024,US,K104,"Dallas, TX",13,4438,N
2024,DE,Kiss FM,Berlin,59,4409,N
2024,TR,Radyo Fenomen,Istanbul,15,4408,N
2024,PE,Radio Moda,Lima,2,4282,N
2024,SC,Paradise FM,Saint Louis,106,4263,N
2024,BE,Kif Radio,Brussels,86,4261,N
2024,GB,SWU FM,Bristol,140,4246,N
2024,US,KEZE-FM (Hot 96.9FM Spokane),"Spokane, WA",17,4195,N
2024,ZA,Metro FM,Johannesburg,88,4165,N
2024,IE,Spin 1038,Dublin,79,4062,N
2024,GH,Hitz FM,Accra,178,4056,N
2024,FR,Urban Hit,Paris,60,4003,N
2024,US,WWWQ,"Atlanta, GA",19,3987,N
2024,PE,Radio La Zona,Lima,5,3948,N
2024,GB,BBC Asian Network,Birmingham,69,3940,N
2024,US,KKOB,"Albuquerque, NM",8,3882,N
2024,DE,NRJ [Sachsen],Dresden,7,3867,N
2024,GB,New Style Radio,Birmingham,69,3841,N
2024,FR,Mistral FM,Toulon,20,3838,N
2024,CH,One FM,Zürich,51,3812,N
2024,MT,89.7 Bay,Valletta,15,3751,N
2024,GR,Athens Dee Jay,Athens,8,3721,N
2024,FR,Radio ECN,Mulhouse,26,3703,N
2024,US,KPAT-FM (The Beat San Maria 95.7 FM),"Orcutt, CA",18,3692,N
2024,US,Wild 101,"Boise, ID",9,3606,N
2024,LB,Virgin Radio 89.5,Bayrut,16,3603,N
2024,SE,Radio Topp 40 Sverige,Stockholm,4,3576,N
2024,US,102 JAMZ,"Reidsville, NC",19,3574,N
2024,CH,SRF Virus,Basel,30,3537,N
2024,PT,Radio Nova Era,Lisbon,18,3536,N
2024,GH,Peace FM,Accra,142,3463,N
2024,FR,Rinse,Paris,135,3396,N
2024,FR,Radio Flash,Montpellier,2,3384,N
2024,ZA,5FM,Bloemfontein,77,3369,N
2024,FI,NRJ Finland,Helsinki,6,3366,N
2024,GB,BBC Radio 1,London,69,3362,N
2024,RU,ХИТ FM 107.4 (Hit FM),Moscow,12,3323,N
2024,SE,Radio Disney,Stockholm,1,3282,N
2024,DE,Radio Fantasy,Ingolstadt,11,3259,N
2024,US,KLJY-FM (JOY Saint Louis 99.1 FM),"St. Louis, MO",1,3223,N
2024,LB,Mix FM 104.4,Beirut,21,3217,N
2024,DE,Dasding,Stuttgart,74,3207,N
2024,DE,Big FM,Saarbrücken,96,3205,N
2024,FR,NRJ,Paris,29,3204,N
2024,US,HOT 96.9 Boston,"Boston, MA",7,3202,N
2024,PT,Cidade Hip-Hop,Lisbon,2,3198,N
2024,CH,Vibration 108,Sion,7,3160,N
2024,MT,Vibe FM,Valletta,22,3146,N
2024,DE,RTL Radio,National,4,3139,N
2024,LU,RTL Deutschlands Hit-Radio,Luxembourg,4,3121,N
2024,ZA,Heart FM,Cape Town,50,3114,N
2024,DE,104.6 RTL,Berlin,6,3111,N
2024,US,POWER106,"Los Angeles, CA",14,3103,N
2024,GB,Kiss FM,London,109,3065,N
2024,DE,NRJ ENERGY Berlin,Potsdam,15,3049,N
2024,US,Hot 103.5,"Sacramento, CA",8,3045,N
2024,PT,Mega Hits,Lisbon,20,3041,N
2024,GR,Loud 88.8,Trikala,14,3027,N
2024,BE,Fun Radio BL,Brussels,82,3026,N
2024,DE,NRJ [Hamburg],Hamburg,12,3019,N
2024,PE,Studio92,Lima,12,3013,N
2024,US,LITT Hip-Hop,Los Angeles,34,3007,N
2024,DE,NRJ ENERGY Stuttgart,Stuttgart,14,3001,N
2024,DE,NRJ [Nüremberg],Nürnberg,13,2997,N
2024,GH,Onua 95.1 FM,Accra,130,2986,N
2024,PE,Radio Disney Peru,Lima,5,2986,N
2024,AU,FBI,Sydney,157,2975,N
2024,BE,NRJ Belgique,Brussels,26,2974,N
2024,US,WPOW,"Miami, FL",11,2968,N
2024,DE,NRJ [München],Munich,11,2961,N
2024,PE,Onda Cero,Lima,3,2957,N
2024,FR,Radio Contact,Lille,10,2922,N
2024,GH,Joy FM,Accra,161,2914,N
2024,ES,Marcha FM,Las Palmas,9,2837,N
2024,US,WKSE-FM (KISS Niagara Falls 98.5FM),"Niagara Falls, NY",6,2760,N
2024,US,KXXM,"San Antonio, TX",13,2734,N
2024,BR,Metropolitana 98.5 FM,"São Paulo, SP",10,2720,N
2024,ZA,GoodHope FM,Cape Town,69,2717,N
2024,US,WBZZ-FM,"Pittsburgh, PA",4,2716,N
2024,RO,Kiss FM,Bucharest,45,2706,N
2024,US,KUUU-FM (U92 Salt Lake City 92.5 FM),"South Jordan, UT",10,2697,N
2024,GB,Reform Radio,Manchester,124,2674,N
2024,ES,Los 40 Urban [KeBuena],Madrid,2,2664,N
2024,CO,La Mega,Bogotá,12,2663,N
2024,US,KSFM-FM (KSFM Sacramento 102.5 FM),"Sacramento, CA",19,2633,N
2024,FR,Nova,Paris,30,2633,N
2024,GB,Capital FM [London],London,12,2614,N
2024,US,KKXX-FM,"Bakersfield, CA",10,2609,N
2024,RO,Virgin Radio Romania,Bucharest,19,2600,N
2024,NL,Radio Decibel,Hilversum,2,2600,N
2024,FR,Europe 2,Paris,7,2599,N
2024,MK,Antenna 5,Skopje,20,2597,N
2024,GB,Capital FM [Liverpool],Liverpool,9,2595,N
2024,GB,Capital FM [Edinburgh],Edinburgh,10,2592,N
2024,AT,Welle 1 Salzburg,Vienna,14,2577,N
2024,GB,Capital South Wales,Cardiff,11,2572,N
2024,GB,2BR,Manchester,11,2568,N
2024,BG,Avto Radio,Sofia,5,2564,N
2024,FR,Toulouse FM,Toulouse,11,2555,N
2024,RO,Radio Impuls,Cluj,20,2554,N
2024,MX,Match FM,Mexico City,7,2551,N
2024,MX,XHFAJ-FM [Alfa 91.3],"Mexico City, DF",11,2549,N
2024,CO,La X 103.9 FM,Bogotá,14,2536,N
2024,US,KRRL-FM Real 92.3,"Los Angeles, CA",12,2529,N
2024,US,WFBC-FM (B93.7 FM Greenville Pop Music),"Greenville, SC",8,2497,N
2024,GB,BCfm,Bristol,142,2496,N
2024,US,KMCK-FM (Power Arkansas 105.7FM),"Fayetteville, AR",5,2490,N
2024,US,WTDY-FM,"Philadelphia, PA",5,2482,N
2024,ES,Ràdio Flaixbac,Barcelona,7,2463,N
2024,ES,Flaix FM,Barcelona,4,2451,N
2024,DK,The Voice,Copenhagen,14,2437,N
2024,ES,Hit FM,Madrid,10,2436,N
2024,RU,NRJ Energy,Moscow,20,2435,N
2024,US,Mix 106.5 FM,"Baltimore, MD",6,2420,N
2024,AE,Pulse 95 FM,Dubai,29,2419,N
2024,EE,Power Hit Radio,Tallinn,8,2416,N
2024,IE,RTÉ 2FM,Dublin,64,2410,N
2024,BE,RTBF Jam,Brussels,72,2404,N
2024,DE,Radio Top 40,Erfurt-Jena,14,2403,N
2024,US,WTIC-FM,"Hartford, CT",2,2402,N
2024,FR,Mixx FM,Cognac,11,2382,N
2024,FR,Kiss FM [Toulon/Marseille],Marseille,16,2376,N
2024,FR,N'Radio,Soissons,6,2376,N
2024,FR,Kiss FM [St Tropez/Monaco],Nice,11,2373,N
2024,BR,Metropolitana Pop,São Paulo,5,2369,N
2024,US,103.7 KISS FM,"Milwaukee, WI",4,2360,N
2024,GB,Radio Cardiff,Cardiff,102,2358,N
2024,US,WAYV-FM,"Atlanta, GA",11,2357,N
2024,FR,Top Music,Strasbourg,7,2352,N
2024,US,Q97.1,"Visalia, CA",17,2322,N
2024,US,99.7 NOW,"San Francisco, CA",24,2315,N
2024,DE,HITRADIO RTL - Top40,Dresden,4,2311,N
2024,US,KWEE-FM,"Portland, OR",12,2309,N
2024,GR,Plus radio 102.4,Thessaloniki,8,2309,N
2024,DE,UnserDing,Saarbrücken,36,2306,N
2024,GR,Yes! 91.2,Thessaloníki,12,2306,N
2024,NL,538 Ibiza,Hilversum,3,2304,N
2024,US,WWBX-FM (Mix 104.1 FM),"Boston, MA",4,2295,N
2024,FR,Radio Numero 1,Bourges,10,2294,N
2024,DE,1Live,Düsseldorf,42,2283,N
2024,DE,You FM,Frankfurt,22,2260,N
2024,SG,987FM,Singapore,13,2257,N
2024,US,WSTW-FM,"Wilmington, NC",3,2241,N
2024,GR,Zoo Radio 90.8,Thessaloniki,9,2240,N
2024,BE,Tipik [ex Pure FM],Liège,44,2236,N
2024,US,WZOK,"Rockford, IL",8,2223,N
2024,FR,Fréquence Plus,Beaune,7,2210,N
2024,RU,Europa Plus,Moscow,11,2201,N
2024,FR,Top FM,Marseille,15,2196,N
2024,US,KYKY-FM (Y Saint Louis 98.1 FM),"St. Louis, MO",7,2194,N
2024,ES,RAC 105,Barcelona,7,2193,N
2024,SE,Power Hit Radio,Stockholm,20,2192,N
2024,DE,Delta Radio,Kiel,19,2192,N
2024,TH,MCOT-Met 107 FM,Bangkok,22,2185,N
2024,US,KALV-FM (Live Phoenix 101.5 FM),"Phoenix, AZ",14,2180,N
2024,DE,Hitradio Rt1,Ingolstadt,6,2169,N
2024,US,Y101.7,"Jackson, MS",11,2163,N
2024,US,WIOQ,"Philadelphia, PA",16,2154,N
2024,US,WZYP,"Huntsville, AL",7,2141,N
2024,DE,Hitradio Rt1 Nordschwaben,Ulm,5,2124,N
2024,US,WOMX-FM (Mix 105.1FM Orlando Pop Music),"Orlando, FL",3,2123,N
2024,US,KSOC,"Dallas, TX",15,2122,N
2024,US,Pitbull Globalization,"Washington, D.C.",10,2121,N
2024,DE,Hitradio.rt1 Neuburg-Schrobenhausen,Neuburg-Schrobenhausen,5,2119,N
2024,GB,Foundation FM,London,84,2115,N
2024,US,103.3 AMP Radio,"Boston, MA",5,2115,N
2024,DE,Hitradio Rt1 Südschwaben,Mindelheim,5,2112,N
2024,FR,Radio ISA,Grenoble,9,2109,N
2024,US,WSKQ-FM (La Mega New York 97.9 FM),"New York, NY",5,2091,N
2024,FR,Champagne FM,Château-Thierry,3,2089,N
2024,ZA,947,Rivonia,66,2083,N
2024,FR,100%,Carcassonne,6,2079,N
2024,US,WNYU-FM,"New York, NY",57,2075,N
2024,NL,SLAM!,Hilversum,22,2068,N
2024,FR,Oxygène La Radio de la Seine et Marne,Melun,17,2067,N
2024,CA,KWPZ-FM [Praise 106.5],"Vancouver, BC",1,2061,N
2024,US,WHBQ,"Memphis, TN",6,2052,N
2024,DE,N-Joy,Hamburg,17,2050,N
2024,US,WZPL,"Indianapolis, IN",6,2047,N
2024,DK,DR P3,Copenhagen,57,2030,N
2024,US,WEZB,"New Orleans, LA",5,2025,N
2024,US,KHTS,"San Diego, CA",12,2021,N
2024,US,562live Long Beach,Los Angeles,21,2014,N
2024,GB,Key 103,Manchester,11,2001,N
2024,GB,Hits Radio Staffordshire and Cheshire,Stoke-on-Trent,12,1996,N
2024,AR,Disney,Buenos Aires,7,1992,N
2024,IE,Beat 102 103,Dungarvan,13,1990,N
2024,US,98.9 Magic FM,"Colorado Spring, CO",5,1986,N
2024,FR,Hit West,Nantes,5,1976,N
2024,US,KUDL,"Sacramento, CA",5,1967,N
2024,SA,MDL Beast,Riyadh,14,1963,N
2024,IT,Radio Playstudio,Emilia–Romagna,32,1962,N
2024,ID,Z 99.9 FM,Jakarta,9,1947,N
2024,BE,Qmusic,Bruges,9,1942,N
2024,FR,Latina,Paris,13,1941,N
2024,US,WYKS,"Gainesville, GA",4,1938,N
2024,US,KLYV-FM (Y105 Music Dubuque Pop radio),"Dubuque, IA",5,1938,N
2024,US,WXKS,"Boston, MA",11,1937,N
2024,ZA,East Coast Radio,Durban,32,1937,N
2024,PT,RFM,Lisbon,7,1927,N
2024,US,WRMF-FM,"Palm Beach, FL",2,1925,N
2024,GB,Radio Essex,London,14,1924,N
2024,BG,NRJ Radio ENERGY,Sofia,12,1922,N
2024,ES,Loca Latino,Madrid,12,1919,N
2024,ZA,Motsweding FM,Johannesburg,83,1918,N
2024,BE,MNM,Veltem-Beisem,68,1911,N
2024,NL,Radio 538,Hilversum,11,1911,N
2024,GB,KMFM,Tonbridge,9,1910,N
2024,MX,XHJD-FM [D99 ],"Monterrey, NL",9,1906,N
2024,US,105.9 KISS-FM,"Lawrence, KS",5,1905,N
2024,MQ,Martinique La 1ère,Fort-de-France,63,1903,N
2024,DK,Radio ABC,Randers,16,1903,N
2024,DE,Radio Gong Fm Regensburg,Ingolstadt,10,1901,N
2024,US,KRUF-FM (K945 Shreveport 94.5 FM),"Shreveport, LA",5,1890,N
2024,CA,CKOI,"Montreal, QC",5,1880,N
2024,US,ENERGY98,"Portland, OR",6,1876,N
2024,CO,Los 40 Principales,Cali,6,1874,N
2024,UY,Concierto Punta 95.1 FM,Punta del Este,14,1866,N
2024,US,My 102.7,"Spring Creek, VA",3,1862,N
2024,US,WXHT Hot 102.7,Madison,13,1855,N
2024,RO,Bucuresti FM,Bucharest,20,1852,N
2024,FR,Maritima Radio,Marseille,11,1850,N
2024,FR,Montagne FM,Saint-Jean-de-Maurienne,9,1843,N
2024,RO,One fm,Bucharest,7,1837,N
2024,FR,Radio Scoop,Roanne,10,1826,N
2024,US,Hot 104 Radio,"Houston, TX",8,1824,N
2024,US,WVKL-FM (95.7 FM R&B Norfolk Urban Music),Norfolk,5,1822,N
2024,ES,AB 95 FM,Albacete,9,1807,N
2024,US,WFLZ,"Tampa, FL",15,1806,N
2024,IT,Radio m2o,Lazio,30,1798,N
2024,MX,XHNU-FM [Súper 94.5 FM],"Acapulco, GR",2,1793,N
2024,US,102.7 Da Bomb,"Houston, TX",4,1785,N
2024,GB,Moray Firth Radio,Inverness,13,1783,N
2024,BE,MNM Hits,Brussels,7,1772,N
2024,US,WPXY-FM (98 PXY Rochester 97.9 FM),"Rochester, NY",6,1770,N
2024,GB,Northsound 1,Aberdeen,9,1770,N
2024,FR,Direct FM,Metz,10,1769,N
2024,GB,Platform B,Brighton,93,1764,N
2024,US,WXXL,"Orlando, FL",12,1762,N
2024,NO,NRJ Norge,Oslo,5,1761,N
2024,BE,NRJ België,Brussels,12,1759,N
2024,FR,Radio Star (Sud),Marseille,9,1754,N
2024,FR,Cerise FM,Mulhouse,5,1743,N
2024,NO,NRK P3,Steigen,27,1739,N
2024,GB,Forth 1,Balerno,11,1739,N
2024,US,WSUN - El Nuevo Zol 97.1,"Tampa, FL",2,1730,N
2024,US,WFMF,"Baton Rouge, LA",10,1719,N
2024,GB,Pirate FM,Plymouth,11,1718,N
2024,US,WKSL,"Jacksonville, FL",12,1718,N
2024,HR,Prvi karlovački - WOW Hits,Karlovac,19,1711,N
2024,IT,Radio Zeta,Rome,1,1708,N
2024,PT,Top FM,Porto,7,1707,N
2024,US,WWXM,"Myrtle Beach, SC",9,1701,N
2024,US,Star 99.9,"Bridgeport, NJ",3,1688,N
2024,AL,Radio Tirana 2,Tirana,7,1688,N
2024,FR,Skyrock,Paris,25,1685,N
2024,US,WZEE,"Madison, WI",12,1678,N
2024,GB,Tay FM,Dundee,8,1675,N
2024,US,WDJX,"Louisville, KY",6,1655,N
2024,DO,Latidos 93.7,Santo Domingo,3,1655,N
2024,ZA,Ukhozi FM,Johannesburg,72,1643,N
2024,US,XHTO,"El Paso, TX",19,1642,N
2024,NL,538 Dance Radio,Hilversum,6,1641,N
2024,FR,Vibration,Orléans,8,1633,N
2024,GR,Kiss FM 92.2,Athina,5,1631,N
2024,TR,Heart FM,Ankara,15,1624,N
2024,US,WHYI,"Miami, FL",12,1620,N
2024,BE,Contact,Mons,22,1609,N
2024,US,Planet 102.3,"Corpus Christi, TX",7,1607,N
2024,FR,Nova [Bordeaux],Bordeaux,29,1606,N
2024,DE,Planet Radio,Frankfurt,71,1588,N
2024,US,KHTH Hot 101.7 FM,"Santa Rosa, CA",4,1588,N
2024,ID,Phoenix Radio 91 FM,Bali,18,1586,N
2024,US,WNDV-FM,"South Bend, IN",7,1584,N
2024,FR,Lor'FM,Metz,9,1580,N
2024,US,KUDD,"Salt Lake City, UT",4,1578,N
2024,DE,Fritz,Potsdam,27,1577,N
2024,FR,K6 FM,Dijon,6,1572,N
2024,FR,FIP autour du monde,Paris,22,1571,N
2024,GB,Clyde 1,Glasgow,11,1570,N
2024,FR,Alouette,Nantes,7,1559,N
2024,US,WPIA-FM (KISS FM Peoria 98.5),"Eureka, CA",16,1555,N
2024,FR,Activ Radio,Saint-Etienne,10,1554,N
2024,GH,Sunny FM,Accra,50,1550,N
2024,US,WDJQ-FM (Q92 Radio),"Alliance, OH",9,1547,N
2024,FI,Loop,Helsinki,3,1546,N
2024,HN,Exa Honduras,Tegucigalpa,8,1545,N
2024,NL,Qmusic,Amsterdam,5,1544,N
2024,US,WKRQ-FM (Q102 WKRQ Cincinnati),"Cincinnati, OH",9,1538,N
2024,RU,Capital FM Moscow,Moscow,22,1534,N
2024,FR,C Lab,Rennes,69,1533,N
2024,FR,Metropolys,Lille,11,1530,N
2024,US,KOIT-FM,"San Francisco, CA",1,1523,N
2024,MX,XHGR-FM - Los 40 Xalapa - 104.1 FM,"Xalapa, VE",7,1521,N
2024,CZ,FAJN radio,Prague,20,1520,N
2024,RO,ProFM Black,Bucharest,14,1517,N
2024,CH,Toxic FM,Sankt Gallen,11,1514,N
2024,US,KLLY-FM,"Bakersfield, CA",2,1509,N
2024,FR,Radio 6,Calais,6,1506,N
2024,AU,Double J,Canberra,23,1504,N
2024,US,WKSC,"Chicago, IL",16,1501,N
2024,ID,94.8 DJFM,Surabaya,23,1492,N
2024,FR,ARL,Bordeaux,4,1492,N
2024,ES,Los 40,Rioja,8,1488,N
2024,FR,RFI,Paris,111,1478,N
2024,ES,Los 40 Dance [Máxima FM],Barcelona,23,1478,N
2024,DE,Antenne Niederrhein,Düsseldorf,9,1478,N
2024,FR,Radio Monaco,Moneghetti,38,1477,N
2024,FR,Cannes Radio,Cannes,5,1469,N
2024,LV,Star FM,Riga,11,1464,N
2024,US,KIIS,"Los Angeles, CA",17,1462,N
2024,DE,94.3 RS2,Berlin,4,1462,N
2024,US,WXXX,"Burlington, VT",14,1461,N
2024,FR,NRJ Électro,Paris,2,1461,N
2024,FR,Nova La Plage,Paris,20,1460,N
2024,DE,MDR Sputnik,Halle (Saale),36,1457,N
2024,FR,Maxximum,Paris,20,1457,N
2024,IE,FM104,Dublin,61,1456,N
2024,FR,RVM,Charleville-Mézières,8,1456,N
2024,NL,Qmusic Non-Stop,Hilversum,4,1454,N
2024,ZA,Radio NFM Nuus,Cape Town,76,1447,N
2024,FR,Radio Arc en Ciel,Strasbourg,9,1439,N
2024,CA,ICI Musique,Toronto,79,1437,N
2024,US,WFLY-FM,"Troy, MI",11,1435,N
2024,DE,Antenne [Düsseldorf],Düsseldorf,7,1430,N
2024,US,WGTS-FM,"Washington, D.C.",1,1425,N
2024,FR,Radio ONE,Agde,6,1424,N
2024,FR,Tonic Radio,Lyon,7,1413,N
2024,BG,Radio Fresh 100.3,Sofia,3,1410,N
2024,FR,Fréquence 3,Paris,9,1408,N
2024,SK,Europa 2,Bratislava,19,1407,N
2024,CH,Radio X,Basel,72,1406,N
2024,UY,Radio Disney Uruguay,Montevideo,4,1406,N
2024,DE,NRJ [Bremen],Bremen,7,1401,N
2024,DE,"Radio Gong 106,9 Würzburg",Würzburg,6,1398,N
2024,CA,CHUM,"Toronto, ON",5,1396,N
2024,US,WRAL-F2,Raleigh,2,1396,N
2024,US,CIDR,"Detroit, MI",8,1394,N
2024,MX,XHQRO-FM [Radar 107.5],"Queretaro, QT",9,1393,N
2024,DE,Radio 91.2 Lokalfunk Dortmund,Dortmund,9,1389,N
2024,LU,Eldoradio Live,Luxembourg,17,1385,N
2024,ES,La Fresca FM,Alicante,10,1380,N
2024,US,KUTX,Leander,19,1378,N
2024,EE,ERR Raadio 2,Rakvere,54,1377,N
2024,DE,Radio Bonn/Rhein-Sieg,Bonn/Rhein-Sieg,9,1377,N
2024,US,Radio Milwaukee: WYMS,Milwaukee,43,1373,N
2024,US,WLDI,"West Palm Beach, FL",8,1370,N
2024,US,1075 KZL,"Winston-Salem, NC",7,1364,N
2024,US,WZNF,"Biloxi, MS",4,1364,N
2024,CH,Rouge Fm,Lausanne,14,1363,N
2024,CA,Virgin Radio (CKFM-FM),Toronto,10,1359,N
2024,DE,89.0 RTL,Halle (Saale),8,1353,N
2024,FR,Flash FM,Limoges,16,1350,N
2024,FR,Radio Menergy,Albi,8,1350,N
2024,US,WNRW,"Louisville, KY",13,1349,N
2024,FI,YLE X3M,Helsinki,51,1349,N
2024,GB,Hot Radio,Poole,11,1348,N
2024,RO,Radio Zu,Constanța,10,1347,N
2024,DE,Radio Köln,Köln,9,1339,N
2024,CA,JUMP! 106.9,"Ottawa, ON",4,1334,N
2024,US,WJFX-FM (Online Fort Wayne Hot 107.9 FM),"Fort Wayne, IN",4,1329,N
2024,US,KHTT,"Tulsa, OK",7,1328,N
2024,NZ,The Edge,Auckland,15,1326,N
2024,GB,All FM,Manchester,113,1321,N
2024,DE,Antenne Unna,Unna,7,1317,N
2024,HR,Antena Zagreb,Zagreb,11,1316,N
2024,US,KLLC-FM,"San Francisco, CA",2,1315,N
2024,GB,Capital Dance,London,4,1314,N
2024,US,KEXP,"Seattle, WA",126,1311,N
2024,LU,L'essentiel Radio,Differdange,15,1306,N
2024,PH,Monster RX 93.1,Manila,16,1302,N
2024,DK,NOVA,Copenhagen,7,1302,N
2024,US,WDCG,"Raleigh, NC",13,1301,N
2024,US,Mix 93.9,"Kansas City, MO",3,1300,N
2024,CA,CJFM-FM [Virgin Radio 96],"Montreal, QC",12,1298,N
2024,IT,Radionorba,Apulia,10,1296,N
2024,FR,Latina Fiesta,Paris,7,1295,N
2024,DE,Antenne Münster,Münster,17,1288,N
2024,FR,Radio Valois Multien,Crépy-en-Valois,7,1287,N
2024,US,Hits 1,"Washington, D.C.",3,1286,N
2024,GP,NRJ Antilles | Guadeloupe,Basse-Terre,24,1285,N
2024,LT,European Hit Radio,Vilnius,14,1285,N
2024,FI,Radio City,Helsinki,1,1282,N
2024,IT,Radio 105,Lombardy,21,1281,N
2024,FR,Oxygène Radio,Segré,16,1278,N
2024,AR,Radio One,Buenos Aires,17,1278,N
2024,DE,Bayern 3,Munich,11,1275,N
2024,RO,Europa FM,Bucharest,11,1275,N
2024,RU,DFM Радио 101.2 FM (DFM Radio),Moscow,5,1273,N
2024,SK,Radio Expres,Bratislava,9,1272,N
2024,FR,Canal FM,Aulnoye-Aymeries,13,1270,N
2024,FR,Raje,Paris,23,1265,N
2024,BE,Top Radio,Poperinge,8,1264,N
2024,LT,Radiocentras,Alytus,13,1262,N
2024,ZA,Thobela FM,Johannesburg,78,1261,N
2024,US,XHITZ,"San Diego, CA",10,1259,N
2024,BR,Mix FM Rio,Rio de Janeiro,9,1257,N
2024,EE,MyHits,Tallinn,4,1254,N
2024,FR,Fusion FM,Vichy,9,1253,N
2024,GB,The Wave 96.4 FM,London,9,1251,N
2024,MX,Los 40,"Mexico City, DF",12,1248,N
2024,US,101.9fm The MIX,"Chicago, IL",2,1237,N
2024,GB,Gorgeous FM,Birmingham,16,1234,N
2024,DE,Classic Rock Radio,Saarbrücken,2,1231,N
2024,CO,La X,Medellín,14,1226,N
2024,RS,Radio AS FM,Novi Sad,10,1223,N
2024,LT,Zip FM,Vilnius,7,1217,N
2024,DO,Turbo 98.3,Santiago,2,1217,N
2024,CZ,ČRo Radio Wave,Prague,11,1216,N
2024,US,WVYB-FM,"Daytona Beach, FL",7,1215,N
2024,IE,Red FM,Cork,17,1213,N
2024,FR,Chérie FM,Paris,6,1210,N
2024,FR,Jordanne FM,Aurillac,10,1200,N
2024,US,WHQC,"Charlotte, NC",8,1195,N
2024,MX,XHERZ-FM [Los 40 93.1],"Leon, GT",8,1194,N
2024,DK,Skala,Odense,5,1194,N
2024,FR,Flor FM,Mulhouse,21,1188,N
2024,BE,Studio Brussel,Brussels,25,1182,N
2024,ZA,Umhlobo Wenene fm,Cape Town,87,1181,N
2024,BW,Duma FM,Gaborone,72,1177,N
2024,FR,La Radio Plus,Paris,8,1176,N
2024,AU,Triple J,Sydney,59,1174,N
2024,FI,Radio Rock,Helsinki,1,1171,N
2024,AT,FM4,Vienna,53,1165,N
2024,US,KTBT,"Tulsa, OK",14,1163,N
2024,PT,Cidade,Lisbon,7,1161,N
2024,FR,Prun',Nantes,34,1156,N
2024,CA,CFMY,"Redcliff, AB",4,1155,N
2024,US,KJYO,"Oklahoma City, OK",13,1147,N
2024,RO,Digi FM,Bucharest,14,1143,N
2024,FR,Radio Campus Besançon,Besançon,14,1138,N
2024,BR,Rádio Mix FM,"São Paulo, SP",11,1137,N
2024,BR,Educadora,"Salvador, BA",16,1137,N
2024,IT,Radio Globo,Rome,6,1137,N
2024,FR,Radio RMB,Montluçon,12,1136,N
2024,IE,98 FM,Dublin,7,1136,N
2024,CH,my105 - dance,Bern,9,1129,N
2024,US,KTFM-F2 (Energy San Antonio 94.1FM),"San Antonio, TX",7,1126,N
2024,FR,Wit FM,Angoulême,7,1124,N
2024,US,KHKS,"Dallas, TX",8,1123,N
2024,SM,Radio San Marino,San Marino,8,1118,N
2024,BR,Radio Disney,"São Paulo, SP",2,1112,N
2024,IT,Radioshakehit,Turin,25,1109,N
2024,DE,Sunshine Live,Stuttgart,17,1105,N
2024,FO,VoxPop,Tórshavn,17,1099,N
2024,FR,Ouï FM Rock Français,Paris,38,1097,N
2024,FR,Radio Espace,Lyon,21,1091,N
2024,FR,Fun Radio,Paris,31,1090,N
2024,AE,Luv 107.1,Dubai,8,1088,N
2024,CL,Radio Disney Chile 104.9 FM Santiago,Santiago,5,1087,N
2024,FR,Radio FG,Paris,24,1080,N
2024,DE,Bremen Vier,Bremen,20,1077,N
2024,IT,Radio Rosa,Poggibonzi,18,1074,N
2024,LT,Power Hit Radio,Vilnius,22,1069,N
2024,MX,XHPOP-FM [Radio Disney 99.3],"Mexico City, DF",10,1067,N
2024,ID,Motion 97.5,Jakarta,19,1066,N
2024,SE,NRJ Sweden,Stockholm,12,1066,N
2024,PL,Radio Eska,Warsaw,5,1066,N
2024,FR,RTS FM,Montpellier,8,1064,N
2024,DE,MDR Tweens,Leipzig,10,1063,N
2024,LU,Radio Aktiv,Echternach,7,1060,N
2024,CA,CHYM-FM,"Kitchener, ON",4,1058,N
2024,US,WHTZ,"New York, NY",11,1056,N
2024,IT,Radio Company,Udine,16,1054,N
2024,FR,SooGood Radio,Paris,8,1052,N
2024,PT,RTP Antena 3,Lisbon,20,1048,N
2024,MY,Fly FM,Kota Bharu,21,1047,N
2024,FR,Radio Star (Est),Belfort,6,1046,N
2024,DE,Antenne [Thüringen],Erfurt,5,1043,N
2024,MX,XHJC [Exa 91.5 FM],"Mexicali, BC",6,1028,N
2024,LU,RTL Radio Lëtzebuerg,Dudelange,5,1026,N
2024,DE,Antenne 1 Baden-Württemberg,Stuttgart,2,1024,N
2024,ZA,Jacaranda FM,Johannesburg,9,1023,N
2024,GB,Soho Radio,London,118,1016,N
2024,PT,Beat FM,Lisbon,20,1015,N
2024,ES,iCat FM,Barcelona,21,1013,N
2024,FR,Durance FM,Aix-en-Provence,5,1012,N
2024,CH,Rabe,Bern,57,1010,N
2024,PL,Radio Kampus FM,Warsaw,52,1004,N
2024,DE,Radio 7,Stuttgart,8,1000,N
2024,FR,FC Radio,Lyon,4,999,N
2024,GB,BBC Radio 6,London,47,998,N
2024,NL,ZFM,Zoetermeer,33,995,N
2024,FR,Radio Camargue,Nîmes,7,988,N
2024,MQ,Mouv' FM,Rivière-Pilote,74,987,N
2024,PT,Rádio Comercial,Lisbon,9,987,N
2024,MX,XHESL [Exa 102.1 FM],"San Luis Potosi, SL",5,985,N
2024,LV,Radio Tev,Riga,4,984,N
2024,CH,Radio Ticino,Ticino,3,982,N
2024,FR,Radio Phénix,Caen,7,981,N
2024,NL,NPO 3FM,Hilversum,38,975,N
2024,US,93.7 KRQ Tucson / KRQQ,Tucson,9,968,N
2024,GB,Heart FM,London,6,966,N
2024,CH,1 FM Dance One,Zug,7,964,N
2024,CH,RTS Couleur 3,Mont Salève,97,960,N
2024,GB,Heart Yorkshire,Wakefield,3,959,N
2024,PT,Rádio Canal FM,Angra do Heroísmo,13,958,N
2024,FR,Prysm Radio 1,Paris,9,958,N
2024,US,WORT 89.9 FM Community Radio,Madison,85,952,N
2024,CZ,Evropa 2,Prague,7,952,N
2024,LT,Radio M-1,Vilnius,11,949,N
2024,CH,NRJ Energy Basel,Liestal,7,949,N
2024,ZA,Lesedi FM,Durban,49,947,N
2024,US,WLNK-FM (The Link Charlotte 107.9 FM),"Charlotte, NC",4,947,N
2024,ZA,KFM 94.5,Cape Town,21,945,N
2024,MX,Radio Chilango,Mexico City,10,944,N
2024,CA,CJUM-FM UMFM,Winnipeg,107,937,N
2024,CH,Energy Zürich,Zürich,7,937,N
2024,CH,NRJ Energy Bern,Bern,7,934,N
2024,IT,Radio Number One,Rome,7,933,N
2024,CH,LoRa,Zürich,74,927,N
2024,DE,Ego FM,Munich,6,927,N
2024,FR,Radio 8,Sedan,7,921,N
2024,US,KBOO,Portland,115,918,N
2024,US,WNXP,Nashville,15,918,N
2024,DE,BB Radio,Potsdam,7,917,N
2024,CA,CKIS-FM (Kiss 92.5),Toronto,14,912,N
2024,BE,Sud Radio,Izel,7,905,N
2024,DE,Hit Radio Ohr,Freiburg im Breisgau,19,897,N
2024,GB,Worldwide FM,London,51,894,N
2024,IT,Radio Jukebox,Cosenza,3,893,N
2024,AU,Kiss FM,Melbourne,98,886,N
2024,CH,Radio Basilisk,Bern,4,884,N
2024,FR,Phare FM,Paris,5,884,N
2024,MX,XHMG-FM [Digital 102.9 FM],"Monterrey, NL",5,883,N
2024,US,KISO,"Omaha, NE",8,880,N
2024,DE,Radio Nordseewelle,Aurich,4,879,N
2024,AR,40 Principales,Comodoro Rivadavia,7,879,N
2024,IT,Discoradio,Lombardy,7,876,N
2024,FR,RFM,Paris,3,875,N
2024,DE,Donau 3 Fm,Ulm,6,872,N
2024,FR,Littoral FM,Narbonne,6,871,N
2024,FR,RTL2,Paris,8,870,N
2024,DE,Radio Teddy,Schwerin,5,869,N
2024,DZ,Chaine III,Algiers,82,867,N
2024,DE,Radio Charivari München,Munich,8,866,N
2024,AU,Radio Metro,Gold Coast,29,865,N
2024,AU,Triple R,Melbourne,141,864,N
2024,MX,XHMOR-FM [La 99.1 FM],"Yautepec, ML",8,864,N
2024,FR,Radio Campus Clermont Ferrand,Clermont-Ferrand,19,861,N
2024,FI,HitMix,Helsinki,3,859,N
2024,US,WMMJ-FM,"Bethesda, MD",14,857,N
2024,FR,Delta FM,Dunkirk,6,851,N
2024,FR,Happy Radio,Bergerac,4,850,N
2024,US,Pulse 87 NY,"New York, NY",8,844,N
2024,FR,RMN,Pontivy,19,842,N
2024,ES,Radio Surco,Villarrobledo,8,840,N
2024,FR,Radio Zenith Messina,Messina,12,840,N
2024,UA,Kiss FM Ukraine,Lviv,14,839,N
2024,TR,Joy FM,Istanbul,10,838,N
2024,FR,Plein Air,Besançon,9,838,N
2024,GB,Premier Christian Radio,London,24,838,N
2024,BR,Jovem Pan,"São Paulo, SP",8,835,N
2024,DE,Deutschlandfunk Nova,Köln,36,835,N
2024,ID,KISI 93.4 FM,Bogor,7,835,N
2024,LV,Saules Radijas,Šiauliai,22,833,N
2024,GB,Delite Radio,London,47,830,N
2024,GB,WCR FM,Wolverhampton,25,824,N
2024,MQ,RCI Martinique,Fort-de-France,43,823,N
2024,CA,Rythme 105.7,"Montreal, QC",5,818,N
2024,US,WARQ-FM,"Columbus, OH",2,818,N
2024,IT,Ciccio Riccio,Specchia,14,817,N
2024,AT,88.6 Wien,Vienna,1,811,N
2024,CA,CHFI-FM,"Labrador City, NL",5,810,N
2024,FR,Magnum La Radio,Mulhouse,6,810,N
2024,DE,Hit Radio FFH,Frankfurt,7,809,N
2024,HR,Enter Zagreb,Zagreb,15,808,N
2024,FR,FG Chic,Paris,19,807,N
2024,MX,XHOB-FM [Factor 93.1 FM],"San Luis Potosi, SL",6,806,N
2024,FR,Fréquence Grands Lacs,Bordeaux,6,806,N
2024,DE,Star FM,Berlin,2,804,N
2024,PL,RMF MAXXX,Zabrze,6,801,N
2024,GB,Kerrang!,London,1,800,N
2024,IT,RDS [Radio Dimensione Suono],Lazio,3,799,N
2024,AU,PBS,Melbourne,107,796,N
2024,DE,Jump,Halle (Saale),8,796,N
2024,DE,Radio Cottbus 94.5,Cottbus,9,795,N
2024,MK,Radio 2 MRT,Skopje,14,792,N
2024,GB,Gaydio,Manchester,10,792,N
2024,LV,Latvijas radio 5,Riga,38,790,N
2024,IT,Radio Kiss Kiss Napoli,Campania,6,788,N
2024,GB,Fun Kids,London,5,788,N
2024,AU,2GOS,Gosford,6,787,N
2024,DE,Radio Salü,Saarbrücken,4,787,N
2024,IL,Kol Rega 91.5 FM,Haifa,12,785,N
2024,US,Indie102.3,Denver,6,782,N
2024,US,Colorado Public Radio's Open Air,"Laporte, IN",6,782,N
2024,MX,XEOYE [Oye 89.7 FM],"Mexico City, DF",9,782,N
2024,DE,Star Fm Nürnberg,Lauf an der Pegnitz,3,781,N
2024,DE,Radio PSR,Dresden,4,780,N
2024,FR,Latina @work,Paris,1,780,N
2024,DE,Radio Seefunk RSF,Lake Constance,1,775,N
2024,CA,"CITE-FM [Rouge FM 107,3]","Montreal, QC",9,774,N
2024,PL,RMF FM,Koszalin,5,773,N
2024,IL,KZ Radio Israel,Jerusalem,108,769,N
2024,VE,Power 93.5 fm,Puerto La Cruz,36,768,N
2024,US,KTBG,Warrensburg,16,765,N
2024,US,KCRW,"Los Angeles, CA",38,761,N
2024,BR,Jovem Pan FM Florianópolis,"Belo Horizonte, MG",6,759,N
2024,DE,Radio Klinikfunk,Wiesbaden,11,758,N
2024,US,Alt 92.1,"Scranton, PA",1,755,N
2024,FR,Radio Grenouille,Marseille,38,744,N
2024,IT,Canale Italia,Veneto,9,744,N
2024,DE,NDR Blue,Hamburg,59,741,N
2024,US,The Loft,"Washington, D.C.",7,740,N
2024,FR,Radio En Construction,Strasbourg,9,738,N
2024,CA,Rouge FM,"Quebec City, QC",4,736,N
2024,AT,ORF Hitradio Ö3,Vienna,6,735,N
2024,US,WSTR,"Atlanta, GA",4,734,N
2024,FR,Horizon,Rouen,13,733,N
2024,BR,Energia 97 FM,"São Paulo, SP",5,732,N
2024,MX,XHMA-FM,"Guadalajara, JA",8,730,N
2024,US,KPTT,"Denver, CO",7,728,N
2024,US,Kiss FM,"De Pere, WI",7,719,N
2024,FR,Radio Galere,Marseille,59,718,N
2024,ID,105 KISS FM,Medan,15,715,N
2024,DE,Ostseewelle HIT-RADIO Mecklenburg-Vorpommern,Berlin,7,715,N
2024,CA,"CIMF-FM [Rouge 94,9]","Ottawa, ON",6,714,N
2024,CA,CING-FM [Fresh 95.3 FM],"Hamilton, ON",2,711,N
2024,US,WUNC Music,Fayetteville,24,711,N
2024,IT,Radio Monte Carlo 2,Monte Carlo,5,711,N
2024,PT,Rádio Atlântida,Ponta Delgada,4,709,N
2024,DE,Gong 96.3,Munich,7,707,N
2024,FR,Sweet FM,Le Mans,5,707,N
2024,DE,Radio Saw,Halle (Saale),6,706,N
2024,FR,FIP Metal,Paris,1,704,N
2024,GB,NTS,London,140,703,N
2024,ES,Ibiza 1 Radio,Ibiza,5,702,N
2024,IS,95.7 FM,Reykjavík,4,702,N
2024,IT,Radio Spazio Blu,Lazio,12,701,N
2024,CH,Radio Munot,Schaffhausen,6,699,N
2024,CA,CBC Radio 2 Halifax,"Saint John, NB",55,696,N
2024,GR,Kosmos Radio 93.6 & 107.0,Athens,28,695,N
2024,IT,Deejay,Milan,22,694,N
2024,IT,One dance,Bergamo,9,694,N
2024,EC,Punto Rojo 89.7 - 89.9 FM,Guayaquil,12,694,N
2024,NO,NRK mP3,Oslo,25,688,N
2024,CH,3Fach,Lausanne,25,687,N
2024,US,WBEB-FM,"Philadelphia, PA",1,684,N
2024,DE,Radio Galaxy Landshut,Landshut,2,682,N
2024,NO,NRK P13,Oslo,31,681,N
2024,US,KDWB,"Minneapolis, MN",13,680,N
2024,FR,Tendance Ouest,Rouen,5,676,N
2024,FR,FG Dance,Paris,12,673,N
2024,DE,Radio Galaxy,Nuremberg,3,670,N
2024,AU,Hit 104.7,Canberra,11,669,N
2024,SE,P4,Stockholm,10,669,N
2024,BE,Geel FM,Geel,9,668,N
2024,IL,Beat Radio,Jerusalem,18,668,N
2024,SK,Fun Radio,Bratislava,11,666,N
2024,BE,RGR FM,Westerlo,5,664,N
2024,BG,N-JOY,Sofia,5,662,N
2024,PL,Radio ZET,Szczecin,4,661,N
2024,DE,Radio Galaxy Ingolstadt,Ingolstadt,2,660,N
2024,NL,NPO 3FM KX,Hilversum,18,659,N
2024,US,KBFF,"Portland, OR",3,659,N
2024,AU,Hot Tomato,Gold Coast,7,659,N
2024,US,The Detroit Praise Network,Detroit,10,657,N
2024,RU,Radio Record,Saint Petersburg,9,655,N
2024,US,Hip Hop Nation,"Washington, D.C.",4,655,N
2024,FR,Radio VFM,Vire,13,653,N
2024,US,KHFI,"Austin, TX",8,652,N
2024,AU,Hot 100,Darwin,8,651,N
2024,PT,Rádio Marginal,Cascais,12,648,N
2024,BE,Maximum FM,Liège,6,648,N
2024,DE,Byte FM,Hamburg,34,646,N
2024,CH,Radio Bern 1,Bern,8,645,N
2024,IT,Radio Marte 2,Campania,8,645,N
2024,IT,Radio Bruno,Florence,5,645,N
2024,AU,96.5 Wave FM,Wollongong,4,643,N
2024,DE,Hit Radio N1,Nuremberg,2,642,N
2024,CA,CIBL,"Montreal, QC",86,637,N
2024,DK,myROCK,Copenhagen,1,637,N
2024,US,WRSB Mega 97.5,Rochester,3,635,N
2024,BR,Kiss FM,"São Paulo, SP",1,634,N
2024,RU,Like FM,Moscow,4,633,N
2024,IT,R101,Milan,5,632,N
2024,AU,4RGT (Star 106.3),Townsville,2,632,N
2024,FR,Inside,Pau,5,631,N
2024,LU,"radio 100,7",Luxembourg,16,630,N
2024,NL,Sky Radio,Hilversum,3,628,N
2024,FR,RCV99,Lille,23,627,N
2024,AU,hit Southwest,Bunbury,9,624,N
2024,AU,hit104.9 The Border,Albury,10,623,N
2024,FR,Enjoy 33,Bordeaux,13,621,N
2024,FR,FOREVER,Bordeaux,4,621,N
2024,IT,Radio Ibiza,Naples,20,620,N
2024,PT,Rádio Oxigénio,Lisbon,17,617,N
2024,US,Majic 95.1,"Fort Wayne, IN",2,616,N
2024,AU,3BDG,Bendigo,9,615,N
2024,AU,Fox FM,Melbourne,9,613,N
2024,DE,Radio Bob!,Frankfurt,1,613,N
2024,IT,Radio Verona,Verona,16,611,N
2024,ZA,Radio 2000,Cape Town,66,610,N
2024,AE,STAR FM,Dubai,6,609,N
2024,DE,917 X FM,Hamburg,1,609,N
2024,FR,Evasion,Évry,6,608,N
2024,US,K92,"Roanoke, VA",5,606,N
2024,FR,FIP Hip-hop,Paris,9,604,N
2024,DE,Radio Galaxy Aschaffenburg,Aschaffenburg,2,604,N
2024,NO,NRJ Norway,Bergen,8,604,N
2024,US,WEQX-FM,"Manchester, NH",4,604,N
2024,CL,Viña FM,Viña del Mar,8,603,N
2024,FI,Kiss,Helsinki,6,602,N
2024,AU,Power FM Coast,Batemans Bay,6,602,N
2024,ZA,VOW Voice of Wits 88.1 FM,Johannesburg,51,601,N
2024,MX,XHUIA-FM [Ibero 90.9],"Mexico City, DF",30,601,N
2024,AU,7TTT (Hit Hobart 100.9),Hobart,11,598,N
2024,US,KCDZ Z107.7 FM,"St. Louis, MO",5,598,N
2024,BR,Blink 102 FM (Campo Grande),"Campo Grande, MS",3,598,N
2024,US,WUTC,Chattanooga,29,597,N
2024,DE,SWR 3,Stuttgart,17,596,N
2024,BR,Atlantida FM - Porto Alegre,"Porto Alegre, RS",11,595,N
2024,IT,RTL 102.5,Rome,5,595,N
2024,AU,Hit 107,Adelaide,8,592,N
2024,MX,Ya! FM Villahermosa,"Villahermosa, TB",5,592,N
2024,HU,Aktív Rádió,Szolnok,6,592,N
2024,FR,Radio Mont-Blanc,Annecy,2,592,N
2024,IT,Radio Suby,Umbria,2,592,N
2024,AU,2VLY (Power FM 98.1),Muswellbrook,5,591,N
2024,JP,J-WAVE,Tokyo,55,589,N
2024,AU,5SEF (Hit Limestone Coast 96.1),Naracoorte,9,589,N
2024,DE,Radio Homburg,Saarbrücken,7,589,N
2024,AU,5AUU (Magic 105.9 FM),Port Pirie,5,589,N
2024,AU,4SEA [90.9 Sea FM],Gold Coast,8,586,N
2024,AU,4AMM (Hit Tablelands 97.9),Cairns,10,586,N
2024,DE,Radio Neunkirchen,Saarbrücken,6,586,N
2024,NL,LINDA Radio,Hilversum,5,586,N
2024,AU,hit100.7 Darling Downs,Toowoomba,11,585,N
2024,US,WHSN,"BANGOR, ME",3,585,N
2024,AU,Hit 103.5 FM Cairns,Cairns,11,583,N
2024,MX,XHSR [Exa 97.3 FM],"Monterrey, NL",7,583,N
2024,LV,Radio SWH,Riga,13,581,N
2024,MX,XHCEL-FM [El y Ella 103.7 FM],"Celaya, GT",4,580,N
2024,US,The Pulse Radio,"New York, NY",2,580,N
2024,US,BPM,"Washington, D.C.",3,577,N
2024,AU,hit107.9 Central Queensland,Rockhampton,9,576,N
2024,IT,Radio Piterpan,Veneto,32,576,N
2024,AU,Hot 91.1 FM,Maroochydore,4,575,N
2024,AU,7HO 101.7 FM,Hobart,6,575,N
2024,AU,Hit 100.3 Mackay,Mackay,10,573,N
2024,AU,Hit 105,Brisbane,10,573,N
2024,US,WAKS,"Cleveland, OH",13,572,N
2024,GB,Slack City,London,31,572,N
2024,AU,SYN FM,Melbourne,18,567,N
2024,FR,Radio Béton,Tours,41,564,N
2024,AU,Hit 103.1,Townsville,7,563,N
2024,CH,Radio Chablais,Bern,6,562,N
2024,FR,Sanef 107.7 Nord,Strasbourg,7,561,N
2024,DE,L'Unico,Paderborn,5,560,N
2024,AU,Edge Radio,Hobart,8,559,N
2024,MX,XHFG-FM [Pulsar 107.3 FM],"Tijuana, BC",1,556,N
2024,AU,Hit106.9 Newcastle,Newcastle,7,555,N
2024,GB,Downtown Radio,Belfast,13,550,N
2024,DE,Unser Radio Deggendorf,Passau,7,550,N
2024,AU,Power FM 94.9,Nowra,6,550,N
2024,PL,Radio RSC 88.6 FM,Skierniewice,10,546,N
2024,IT,Controradio Firenze,Firenze,16,545,N
2024,CA,WKND,"Quebec City, QC",3,541,N
2024,IT,Radio Studio Piu',Pedaso,17,539,N
2024,US,KXT,Dallas,6,539,N
2024,FR,Radio Intensité,Châteaudun,25,537,N
2024,US,Octane,"Washington, D.C.",1,537,N
2024,BE,100'5 Das Hitradio,Eupen,7,533,N
2024,GB,Cool FM,Belfast,13,532,N
2024,AU,6CST,Mandurah,13,531,N
2024,DE,CT Das Radio,Bochum,15,531,N
2024,DE,Radio Primavera,Offenbach,7,529,N
2024,ID,Radio Pinguin 102.8 FM,Denpasar,13,528,N
2024,FR,Totem,Paris,3,527,N
2024,FR,Beaub FM,Limoges,10,526,N
2024,FR,FIP,Paris,26,526,N
2024,RO,Radio Deep Romania,Bucharest,27,526,N
2024,FR,Oui FM,Paris,2,525,N
2024,DE,Dish FM,Cologne,5,521,N
2024,BE,Urgent FM,Ghent,68,520,N
2024,AU,2WIN,Wollongong,5,520,N
2024,US,WYEP,Pittsburgh,19,520,N
2024,AU,2CFM,Gosford,9,518,N
2024,ES,Scanner FM,Barcelona,14,517,N
2024,DE,RBB Radioeins,Berlin,31,514,N
2024,PE,Radio La Kalle,Lima,2,514,N
2024,FR,Jaime Radio,Lorient,12,513,N
2024,GB,North Manchester FM,Manchester,36,511,N
2024,ID,PTPN Radio 99.60 FM,Surakarta,14,509,N
2024,PH,Magic 89.9,Manila,12,509,N
2024,FR,Radio MNE,Mulhouse,31,508,N
2024,FR,FIP autour du groove,Paris,11,508,N
2024,CH,Rhône FM,Bern,5,508,N
2024,NZ,ZM,Auckland,8,507,N
2024,FR,Radio Dio,Saint-Etienne,18,507,N
2024,NO,Topp 40,Oslo,2,503,N
2024,DE,Rock Antenne,Ingolstadt,2,502,N
2024,FR,Radio Mega,Montélimar,41,501,N
2024,DE,LandesWelle,Erfurt,1,500,N
2024,FR,Radio Ellebore,Chambery,14,499,N
2024,TW,ICRT,Taiwan,30,495,N
2024,NZ,George FM,Tauranga,19,493,N
2024,AU,7SEA (Sea FM 101.7),Burnie,5,493,N
2024,AU,Nova 106.9,Brisbane,7,492,N
2024,FR,Forum,Orléans,3,491,N
2024,DE,RADIO BOB Rockt Schleswig-Holstein,Kiel,1,491,N
2024,FR,H2O Annecy,Annecy,3,490,N
2024,DE,Radio Charivari Regensburg,Ingolstadt,3,490,N
2024,GH,Adom FM,Accra,66,489,N
2024,IT,Radio Studio 93,Aprilia,7,487,N
2024,AE,Beat 97.8 FM,Dubai,12,485,N
2024,DE,AFK Max,Nürnberg,11,485,N
2024,GB,Mi-Soul,London,53,484,N
2024,FR,Atomic Radio,Pau,12,482,N
2024,DE,Radio HBW - Harz-Borde-Welle,Aschersleben,54,481,N
2024,IE,iRadio,Dublin,9,480,N
2024,US,WKTU,"New York, NY",5,479,N
2024,IT,Radio Bussola,Salerno,19,479,N
2024,FR,Radio Campus Montpellier,Montpellier,32,478,N
2024,SG,Kiss92,Singapore,28,475,N
2024,FR,OUI FM Rock Indé,Paris,2,475,N
2024,AU,7DDD (Sea FM 107.7),Devonport,7,469,N
2024,GB,SG1 Radio,Stevenage,51,466,N
2024,AU,Nova 96.9,Sydney,14,466,N
2024,US,KLRR-FM,Bend,1,466,N
2024,DE,Radio Charivari Rosenheim,Wasserburg am Inn,7,465,N
2024,BE,Mint,Brussels,2,464,N
2024,US,WKQI,"Detroit, MI",14,463,N
2024,BE,DH Radio,Perwez,5,463,N
2024,MX,XHMLS-FM [Éxitos 91.3 FM],"Matamoros, TM",2,463,N
2024,US,WNRN,Richmond,6,460,N
2024,GB,Funky Essex,Costessey,72,459,N
2024,FR,Ouest Track,Le Havre,22,457,N
2024,CA,CJMJ-FM [Majic 100.3],"Ottawa, ON",7,455,N
2024,US,TikTok Radio,"Washington, D.C.",3,455,N
2024,DE,Radio IN,Ingolstadt,3,454,N
2024,SC,SBC Radyo Sesel,Victoria,44,452,N
2024,IS,Kiss FM 104.5,Reykjavík,3,452,N
2024,CA,CISM,"Montreal, QC",36,451,N
2024,US,WICB,"Ithaca, NY",30,449,N
2024,FR,Radio Campus 47,Agen,7,449,N
2024,FR,La musique d'Inter,Paris,4,448,N
2024,US,KCMP The Current,Twin Cities,10,446,N
2024,PE,Radio Corazon,Lima,2,446,N
2024,US,WKNC,"Raleigh, NC",23,445,N
2024,IT,Radio Raheem,Milano,28,443,N
2024,AU,RTR,Perth,78,443,N
2024,AU,Nova 91.9,Adelaide,12,443,N
2024,PE,La Karibeña,Lima,5,442,N
2024,CH,Radio Canal 3,Basel,9,441,N
2024,FR,Radio Campus Orléans,Orléans,65,438,N
2024,CH,Rete Tre,Ticino,33,438,N
2024,PL,Polskie Radio Czwórka,Warsaw,34,437,N
2024,US,WQLQ-FM,"South Bend, IN",1,437,N
2024,FR,Wave Radio,Soorts-Hossegor,14,436,N
2024,FR,Radio Alfa,Paris,5,434,N
2024,FR,Tsugi,Paris,27,433,N
2024,US,WRRC,"Trenton, NJ",36,432,N
2024,US,KROK,Leesville,2,432,N
2024,US,KJAC,Fort Collins,6,432,N
2024,FR,Graf'HIT,Amiens,9,429,N
2024,SK,RTV Rádio_FM,Bratislava,30,426,N
2024,AU,Nova 100,Melbourne,10,425,N
2024,ID,Prambors FM,Jakarta,11,425,N
2024,ES,Europa FM,Madrid,5,424,N
2024,BE,Radio Campus Bruxelles,Brussels,98,422,N
2024,DE,Die Neue Welle,Karlsruhe,2,417,N
2024,BE,Radio 1,Brussels,20,415,N
2024,BE,Antipode,Brussels,3,412,N
2024,AT,Radio Arabella,Vienna,2,412,N
2024,DE,Radio Z,Nürnberg,40,411,N
2024,AU,Power FM 103.1,Ballarat,4,411,N
2024,AT,KroneHit 105.8,Vienna,7,409,N
2024,FR,Radio Active 100FM,Toulon,27,404,N
2024,GB,Itch FM,London,20,402,N
2024,AU,K-Rock 95.5 FM,Geelong,7,402,N
2024,AU,Nova 93.7,Perth,13,400,N
2024,FI,Radio Helsinki,Helsinki,19,399,N
2024,UY,Azul FM 101.9,Punta del Este,11,399,N
2024,NL,Omroep Zeeland,Amsterdam,2,398,N
2024,BR,Difusora FM 97.1,"Ribeirão Preto, SP",3,393,N
2024,DE,Radio Zwickau,Zwickau,7,393,N
2024,PL,Radio Bielsko,Bielsko-Biała,6,392,N
2024,CH,Radio Pilatus,Luzern,6,390,N
2024,ES,Cadena 100,Madrid,4,389,N
2024,DE,105'5 Spreeradio,Berlin,1,389,N
2024,NL,100% NL,Amsterdam,3,389,N
2024,FR,Voltage,Paris,11,388,N
2024,DE,Antenne Frankfurt,Frankfurt,25,388,N
2024,US,WZFL,"Miami, FL",8,388,N
2024,NL,Pinguin Radio,The Hague,8,388,N
2024,CZ,Kiss,Prague,4,388,N
2024,DE,Antenne Bad Kreuznach,Frankfurt,6,387,N
2024,US,WRUW 91.1 FM,Cleveland,27,386,N
2024,US,WLZX-FM,"Springfield, MA",3,385,N
2024,AU,Joy 94.9,Melbourne,7,382,N
2024,DE,Radio Dresden,Dresden,8,379,N
2024,IT,Rai 2,Lazio,21,378,N
2024,GB,Radio Reverb,Brighton,16,378,N
2024,IL,Galgalatz,Jerusalem,28,377,N
2024,CH,Radio Vostok,Genève,12,375,N
2024,FR,Radio Campus Amiens,Amiens,21,373,N
2024,CH,Argovia Pop,Zürich,12,373,N
2024,FR,MEUSE FM,Verdun,21,372,N
2024,GB,Planet Rock,London,1,372,N
2024,US,WMNF,Tampa,66,371,N
2024,CH,World Radio Switzerland,Zürich,50,370,N
2024,NZ,The Hits,Auckland,4,370,N
2024,FR,Radio Pulsar,Paris,34,369,N
2024,FI,YLEX,Helsinki,23,369,N
2024,AR,Pop Radio,Junin,8,369,N
2024,US,KDNK,Aspen,49,366,N
2024,AR,Aspen 102.3 FM,Buenos Aires,2,366,N
2024,NL,Sublime Radio,Hilversum,3,361,N
2024,SA,Alif Alif FM,Riyadh,16,360,N
2024,DE,Radio 8,Nuremberg,3,359,N
2024,BE,VivaCite,Profondeville,7,359,N
2024,US,WCGQ-FM,"Columbus, OH",9,358,N
2024,DE,Radio Leipzig,Leipzig,8,358,N
2024,US,KXCI,"Tucson, AR",50,357,N
2024,US,WZFT,"Baltimore, MD",13,357,N
2024,US,WRLT Lightning 100.1 FM,Nashville,7,357,N
2024,FR,Sea FM,Avranches,5,356,N
2024,LU,Radio ARA,Luxembourg,71,355,N
2024,FI,Radio Nova,Helsinki,6,355,N
2024,RO,Magic FM,Bucharest,6,354,N
2024,US,WDST,Albany,16,354,N
2024,MA,Radio Mars,Casablanca,21,353,N
2024,CZ,Radio 1,Prague,50,352,N
2024,AU,Mix 94.5,Perth,9,352,N
2024,LT,M-1 Dance,Vilnius,14,351,N
2024,DE,WDR 2,Berlin,8,351,N
2024,FR,Alpes 1,Grenoble,2,350,N
2024,US,WREK,"Atlanta, GA",30,349,N
2024,BR,Nova Brasil FM (Sao Paulo),"Poços de Caldas, MG",8,349,N
2024,US,Diplo's Revolution,"Washington, D.C.",7,349,N
2024,MX,XHOJ-FM [Maxima 106.7],"Guadalajara, JA",3,349,N
2024,ES,Radio 3,Pechina,57,347,N
2024,DE,Radio Chemnitz,Chemnitz,6,347,N
2024,BR,Costa Verde FM,"Itaguai, RJ",4,346,N
2024,DE,Antenne Pirmasens,Saarbrücken,6,344,N
2024,CA,102.3 NOW! Radio,"Edmonton, AB",2,344,N
2024,DE,Antenne Zweibrücken,Saarbrücken,6,342,N
2024,US,KUPD,"Phoenix, AZ",1,342,N
2024,SI,Val 202,Ljubljana,29,341,N
2024,AT,KroneHit Electric,Vienna,5,341,N
2024,ES,Canal Fiesta Radio,Seville,5,341,N
2024,DE,FluxFM,Berlin,18,340,N
2024,FR,Rire et Chansons,Paris,4,340,N
2024,GB,BBC Radio 2,London,24,338,N
2024,DE,Rock Antenne Hamburg,Hamburg,1,338,N
2024,US,KALX,"San Francisco, CA",27,336,N
2024,ES,Gozadera FM,Sevilla,8,336,N
2024,AU,7EXX (Chilli FM 90.1),Launceston,8,335,N
2024,US,WTOK-FM (Hot San Juan Puerto Rico 102.5 FM),"San Juan, TX",4,332,N
2024,FR,ODS Radio,Aix-les-Bains,2,332,N
2024,GR,Hit 88.9 FM,Khalándrion,3,332,N
2024,US,KNON,Dallas,59,331,N
2024,DE,SR1 Europawelle,Saarbrücken,9,330,N
2024,IE,Today FM,Cork,7,330,N
2024,ID,Oz Radio 103.1 FM,Bandung,13,330,N
2024,CL,Radio Futuro,Santiago,1,330,N
2024,US,KZHT,"Salt Lake City, UT",10,329,N
2024,US,KRUI,"Iowa City, IA",19,327,N
2024,ES,Radio Mallorca,Mallorca,6,324,N
2024,CH,Virgin Hits,Bern,1,324,N
2024,DE,Radio Regenbogen,Mannheim,6,321,N
2024,FR,47 FM,Agen,4,321,N
2024,ID,Solo Radio 92.9 FM,Surakarta,12,319,N
2024,US,WQLZ,"Springfield, IL",1,319,N
2024,US,WIOW - 102.3 WOW! Radio,Owosso,13,318,N
2024,CH,Kanal K,Wettingen,34,317,N
2024,US,XHITZ Z90.3 FM,"San Diego, CA",7,317,N
2024,CA,CHQM-FM [QM/FM 103.5],"Vancouver, BC",5,316,N
2024,DE,Bayernwelle Südost,Freilassing,5,316,N
2024,NZ,Rhema,Auckland,3,316,N
2024,US,WCBE,Columbus,30,311,N
2024,DE,Antenne Kaiserslautern,Mannheim,7,310,N
2024,DE,Radio Eins Coburg,Bayreuth,7,309,N
2024,ZA,OFM,Bloemfontein,9,303,N
2024,FR,FIP Nouveautés,Paris,2,303,N
2024,GB,Amazing Radio,London,16,302,N
2024,FR,Euradio,Nantes,11,302,N
2024,FR,Radio Rennes,Rennes,70,301,N
2024,ES,UNIKA FM,Madrid,32,300,N
2024,FR,Radio 666,Hérouville-Saint-Clair,11,299,N
2024,MX,XHUAD-FM [Lobos FM 94.1 FM],"Durango, DG",24,298,N
2024,RU,Radio Monte Carlo St. Petersburg,St. Petersburg,4,298,N
2024,DE,"Radio Osnabrück 98,2",Bremerhaven,1,297,N
2024,DE,City Radio Trier,Trierweiler,7,295,N
2024,VE,Radio Satelite,Caracas,16,295,N
2024,DE,Radio 21,Hanover,2,295,N
2024,AR,Delta 90.3,Buenos Aires,7,293,N
2024,FR,Radio Activ' 101.9 fm,Saint-Brieuc,32,292,N
2024,CH,Radio Stadtfilter 96.3 FM,Winterthur,25,292,N
2024,FR,Radio Campus Lille,Lille,52,292,N
2024,AT,Antenne Steiermark,Bruck an der Mur,5,292,N
2024,BR,Rádio Clube FM (Brasília),Brasília,2,291,N
2024,US,WIXX-FM,"Green Bay, WI",3,291,N
2024,SG,Power 98 FM,Singapore,1,289,N
2024,FR,Radio PFM 99.9,Arras,29,288,N
2024,PL,Polskie Radio Program III (PR3) Trójka,Zagan,16,288,N
2024,AU,2Day FM,Sydney,7,287,N
2024,CH,Radio RTN,Saint-Blaise,12,286,N
2024,US,KCSN,Los Angeles,12,282,N
2024,GB,Noods Radio,Bristol,80,282,N
2024,BR,"Capital FM 102,7","Campo Grande, MS",4,281,N
2024,FR,Radio SCOOP Gold,Gap,6,281,N
2024,AU,triple j Unearthed,Sydney,3,279,N
2024,US,KUNM,"Albuquerque, NM",59,278,N
2024,GB,Radio Carmarthenshire,Carmarthenshire,4,277,N
2024,LU,Radio Latina,Luxembourg,17,277,N
2024,DE,RPR1,Rheinland-Pfalz,8,277,N
2024,SG,Class 95,Singapore,4,275,N
2024,DE,Deutschlandfunk Kultur,Berlin,26,273,N
2024,MX,XHTS-FM [Ya! 102.9 FM],"Veracruz, VE",7,273,N
2024,US,KUMD,"Duluth, MN",17,273,N
2024,FR,Radio Meuh,La Clusaz,12,273,N
2024,US,KHOL,Jackson Hole,31,272,N
2024,US,WYCE,Grand Rapids,29,271,N
2024,FR,Alternantes FM,Nantes,50,270,N
2024,GB,Kisstory,London,12,270,N
2024,CH,Radio 24 Pop,Zürich,8,269,N
2024,FR,Radio Campus Lorraine,Nancy,6,268,N
2024,US,WNCI,"Columbus, OH",10,267,N
2024,DE,Baden FM,Stuttgart,3,265,N
2024,NO,JærRadioen,Sandnes,7,264,N
2024,IE,Classic Hits 4FM,Dublin,1,264,N
2024,FR,Radio U,Brest,29,263,N
2024,US,WKDU,"Philadelphia, PA",52,262,N
2024,US,WRIF,"Detroit, MI",1,262,N
2024,PL,Radio Victoria,Skierniewice,10,261,N
2024,CH,Radio 3i,Mendrisio,14,261,N
2024,MY,Best FM,Kuala Lumpur,4,261,N
2024,FR,Radio Dijon Campus,Dijon,18,260,N
2024,FR,SUN,Nantes,17,258,N
2024,MX,XHGU-FM [Switch 105.9 FM],"Juarez, CH",4,258,N
2024,BE,Bel RTL,Tournai,8,257,N
2024,DE,Antenne Koblenz 98.0,Landau,7,255,N
2024,CA,CJSR,"Edmonton, AB",38,254,N
2024,AU,91.9 Sea FM,Nambour,8,253,N
2024,DE,Radio Euroherz,Bayreuth,6,253,N
2024,BR,Cidade FM (Rio de Janeiro),"Rio de Janeiro, RJ",1,253,N
2024,FR,Le Chantier,Clermont-Ferrand,8,252,N
2024,NO,Radio Rock,Oslo,2,252,N
2024,UA,Lux FM (Pадіо Люкс) Lviv,L'viv,2,251,N
2024,PE,Radio Doble Nueve,Lima,6,250,N
2024,AR,BLUR FM,Buenos Aires,2,247,N
2024,FR,Lyon 1ère,Lyon,1,246,N
2024,CO,Radionica,Bogotá,30,245,N
2024,MX,XHEXA [EXA 104.9],"Mexico City, DF",4,245,N
2024,AR,Radio Uno,Cordoba,2,245,N
2024,FR,Radio Campus Paris,Paris,37,243,N
2024,DE,rbb 88.8 FM,Berlin,4,241,N
2024,US,WIYY,"Baltimore, MD",1,241,N
2024,FR,France Inter,Paris,27,240,N
2024,US,KBAC,Santa Fe,5,240,N
2024,DE,Radio Plassenburg 101.6,Bayreuth,7,240,N
2024,BE,Joe FM,Brussels,3,240,N
2024,FR,Nostalgie,Paris,1,239,N
2024,US,KQCH-FM - Channel 94.1,"Omaha, NE",1,239,N
2024,DE,Antenne [Bayern],Munich,4,238,N
2024,BE,Nostalgie [Wallonie],Namur,1,238,N
2024,DE,Das Neue Rsa Radio,Frankfurt,2,237,N
2024,IS,RÚV Rás 2,Reykjavík,13,235,N
2024,GB,SubFM,London,10,234,N
2024,US,WOXL HD2,Asheville,5,232,N
2024,CH,RaSa,Schaffhausen,32,231,N
2024,SE,P5,Stockholm,5,231,N
2024,FR,Radio Club,Wallers-Arenberg,12,231,N
2024,DE,NDR 2,Hamburg,12,230,N
2024,FR,RDWA,Die,35,230,N
2024,DE,Pure FM,Berlin,10,230,N
2024,MX,XHZS-FM [100.3 FM],"Mazatlan, SI",6,229,N
2024,DE,Bayern 2,Munich,19,228,N
2024,FR,Fréquence Mutine,Brest,17,228,N
2024,FR,Radio FMR,Toulouse,12,228,N
2024,ES,Mix FM,Riano De Ibio,9,227,N
2024,FR,Primitive,Reims,10,227,N
2024,AU,KIIS 1065,Sydney,9,226,N
2024,PL,Antyradio,Bedzin,2,226,N
2024,MX,XHOF-FM [Reactor 105.7],"Mexico City, DF",13,225,N
2024,US,KAXE,Grand Rapids,31,224,N
2024,US,WRUR,"Rochester, NY",38,223,N
2024,CH,Radio Neo1,Langnau,8,223,N
2024,NL,KINK,Amsterdam,3,222,N
2024,FR,Radio Résonance,Bourges,18,221,N
2024,GB,Brum Radio,Birmingham,16,221,N
2024,NO,P5 Hits,Oslo,3,220,N
2024,AR,Metro 95.1,Buenos Aires,7,219,N
2024,GB,BBC London,London,34,217,N
2024,US,WRVW,"Nashville, TS",9,217,N
2024,BE,Nostalgie [Vlaanderen],Brussels,3,217,N
2024,CA,CFOU,"Trois-riviere, QC",5,216,N
2024,GB,BBC World Service,London,67,214,N
2024,US,WBAI-FM,New York,50,213,N
2024,FR,Arverne,Clermont-Ferrand,5,213,N
2024,GB,Fubar Radio,London,19,212,N
2024,US,KTED 100.5,"Casper, WY",1,211,N
2024,US,WRSI,Northampton,10,210,N
2024,US,WKRZ-FM (98.5 KRZ FM Wilkes Barre),"Wilkes-Barre, PA",22,209,N
2024,US,KHUM,Eureka,8,209,N
2024,US,KVNF,Montrose,38,208,N
2024,DE,Radio Allgäu Hit,Munich,5,208,N
2024,LT,LRT Opus,Vilnius,11,207,N
2024,US,WFPK,Louisville,11,207,N
2024,PT,Rádio Radar,Lisbon,5,207,N
2024,FR,OUI FM Girls Rock,Paris,2,205,N
2024,GB,Select,London,30,203,N
2024,SE,Rix FM,Stockholm,2,203,N
2024,CA,CHOM-FM [Chom 97.7],"Montreal, QC",2,203,N
2024,US,Amazing Radio USA,New York City,23,201,N
2024,US,Star 102.1,"Knoxville, TN",2,201,N
2024,CO,La FM,Bogotá,7,196,N
2024,MX,ULTRA 92.5 FM PUEBLA,"Puebla, PU",9,196,N
2024,GR,Best 92.6 FM,Athens,14,195,N
2024,CH,Radio Kaiseregg,Düdingen,18,194,N
2024,DE,Radio Brocken,Halle (Saale),1,194,N
2024,PT,Rádio Renascença,Lisbon,2,194,N
2024,US,WERS,Boston,8,193,N
2024,MX,XHSON-FM [Beat 100.9],"Mexico City, DF",17,193,N
2024,DE,SWR1 Baden-Württemberg,Stuttgart,4,193,N
2024,US,KRCL,Salt Lake City,25,192,N
2024,FR,Radio G !,Angers,14,192,N
2024,US,KGLT,"Bozeman, MT",19,192,N
2024,ES,OpenLab,Ibiza,17,191,N
2024,GB,Jazz FM,London,14,191,N
2024,FR,Vinci - Autoroute FM,Alpes Provence,7,191,N
2024,CL,Radio Hoy,Santiago,9,191,N
2024,DE,Radio Ramasuri,Bayreuth,1,191,N
2024,MY,Sinar FM,Johor Bahru,1,191,N
2024,NO,The Beat,Oslo,3,190,N
2024,FR,Radio Campus Angers,Angers,35,189,N
2024,US,WMFO,Boston,45,189,N
2024,DE,Radio FFN,Hanover,6,188,N
2024,US,Nexus Radio,"Chicago, IL",1,188,N
2024,MX,XHTP-FM [Sensación 95.5],"Xalapa, VE",21,185,N
2024,NL,LINQ FM,Voorne-Putten,12,182,N
2024,MX,XHPF-FM [Globo 101.9 FM],"Mexicali, BC",4,181,N
2024,US,WFHB,Bloomington,43,180,N
2024,MY,Hitz FM Kuala Lumpur,Kuala Lumpur,16,179,N
2024,AD,RTVA Andorra Musica,Andorra la Vella,1,179,N
2024,DE,Radio 2 Day,Munich,3,178,N
2024,DE,Deutsche Welle,Vienna,30,177,N
2024,DE,Radio Mainwelle,Bayreuth,6,177,N
2024,TH,Mellow 97.5,Bangkok,14,175,N
2024,NL,Omroep Brabant,Eindhoven,3,175,N
2024,BE,Radio Willy,Brussels,4,174,N
2024,US,WOCM,Ocean City,8,174,N
2024,DE,Berliner Rundfunk 91.4,Berlin,1,174,N
2024,BA,BH radio 1,Sarajevo,26,173,N
2024,CH,Radio Zürisee,Zurich,1,172,N
2024,RO,Rock FM,Bucharest,2,172,N
2024,JP,Inter FM,Tokyo,26,171,N
2024,US,WRFL 88.1 FM,Lexington-Fayette,39,170,N
2024,MY,Hitz FM Kuching,Kuching,15,170,N
2024,DE,HR3,Frankfurt,5,170,N
2024,FR,Jazz Radio,Lyon,4,170,N
2024,MY,Hitz FM Kota Kinabalu,Kota Kinabalu,16,169,N
2024,CH,SRF3,Zürich,22,169,N
2024,LU,Eldoradio Chill Channel,Luxembourg,5,169,N
2024,DE,NB Radiotreff,Neubrandenburg,25,168,N
2024,US,KPOO,San Francisco,39,168,N
2024,US,Liquid Metal,"Washington, D.C.",1,168,N
2024,DE,Radio Hamburg,Hamburg,3,167,N
2024,DE,Antenne Niedersachsen,Uelzen,2,166,N
2024,DE,Bonn FM,Bonn,2,164,N
2024,DE,Radio Trausnitz,Ingolstadt,1,163,N
2024,MX,XHMIA-FM [89.3 FM],"Merida, YU",4,162,N
2024,US,WBMX-FM (JAMS Chicago 104.3 FM),"Chicago, IL",5,161,N
2024,NL,100% NL Feest,Hilversum,1,161,N
2024,FR,Radiocean,Quimperlé,2,161,N
2024,US,WXPN-FM,"Coplay, PA",27,160,N
2024,DE,Antenne Landau,Frankfurt,6,160,N
2024,DE,Rockland Radio,Rheinland-Pfalz,1,160,N
2024,FR,Océane,Lannion,2,159,N
2024,FR,FIP autour du reggae,Paris,7,157,N
2024,LV,Radio NABA 6,Riga,10,155,N
2024,FR,Galaxie Radio,Lille,10,154,N
2024,DK,VLR,Odense,3,154,N
2024,US,WAMU-FM,"Washington, D.C.",26,153,N
2024,US,WYSO,Dayton,23,153,N
2024,DE,Radio Alpenwelle,Walchensee,3,153,N
2024,US,KXNA-FM (The X Arkansas 104.9 FM),"Fayetteville, AR",1,153,N
2024,US,C89.5,"Seattle, WA",14,152,N
2024,FR,Plum'fm,Sérent,17,152,N
2024,US,KAFA,"Colorado Spring, CO",1,152,N
2024,DE,Bayern 1,Munich,6,151,N
2024,FR,Echo FM,Hirson,1,151,N
2024,ZA,Groot FM 90.5,Pretoria,6,150,N
2024,NZ,8K,Christchurch,7,148,N
2024,NO,NRK P1,Steinsby,6,148,N
2024,FR,Beur FM,Paris,6,146,N
2024,US,WMSC,Montclair,7,146,N
2024,AT,Life Radio,Linz,6,146,N
2024,DE,Radio Arabella,Munich,2,145,N
2024,ID,Pilar Radio,Cirebon,14,145,N
2024,FR,Radio Ballade 101.8,Esperaza,13,145,N
2024,US,KRML,"Carmel Valley, CA",5,144,N
2024,FR,France Musique La Jazz,Paris,4,143,N
2024,GB,Solar Radio,London,45,142,N
2024,DE,Radio Okerwelle,Braunschweig,23,142,N
2024,CA,99.7 2Day FM,"River, BC",1,142,N
2024,FR,Radio Campus Bordeaux 88.1,Bordeaux,13,141,N
2024,DE,Radio Oberland,Garmisch-Partenkirchen,3,141,N
2024,PT,Smooth FM,Lisbon,4,141,N
2024,AU,Coles Radio,Melbourne,1,140,N
2024,IS,RÚV Rás 1,Reykjavík,17,139,N
2024,FR,Crock Radio,Vienne,14,139,N
2024,US,WOWD,"Takoma, MD",52,138,N
2024,BR,Atlantida FM - Florianópolis,"Florianópolis, SC",8,138,N
2024,ID,Ardan Radio 105.9 FM,Bandung,15,138,N
2024,BE,Classic 21,Houffalize,2,138,N
2024,BE,Radio 2,Antwerp,1,138,N
2024,NZ,95bFM,Auckland,29,137,N
2024,IT,RMC Italia,Milan,7,137,N
2024,MX,Rock 101,Mexico City,7,137,N
2024,NZ,Flava,Tauranga,6,136,N
2024,IE,RTÉ Radio 1,Dublin,12,136,N
2024,DE,Radio Awn,Passau,1,135,N
2024,US,WBJB,Monmouth Beach,5,134,N
2024,BR,FM O DIA,"Rio de Janeiro, RJ",10,134,N
2024,BR,Itapema FM,Joinville,4,134,N
2024,CH,RTR - Radio Rumantsch,Chur,14,132,N
2024,HR,HR2 - Drugi program,Zagreb,26,132,N
2024,GB,K107 FM,Kirkcaldy,10,132,N
2024,MX,XHSOL-FM [Súper 89.9 FM],"Mexicali, BC",2,132,N
2024,LV,Radio Superhits,Riga,2,131,N
2024,US,KUWS,"Superior, WI",24,129,N
2024,FR,Canal B,Rennes,17,129,N
2024,GB,Prospect Radio,London,34,128,N
2024,ZA,Mutha FM,Cape Town,32,128,N
2024,DE,Bremen Zwei,Bremen,7,128,N
2024,AT,ORF Ö1,Vienna,30,127,N
2024,BE,Max FM,Brussels,5,127,N
2024,US,The Coffee House,"Washington, D.C.",1,127,N
2024,BR,Itapoan FM,"Salvador, BA",2,127,N
2024,US,KOOP,Austin,30,126,N
2024,US,KSMF-FM,Ashland,18,126,N
2024,PH,YES FM Manilla,Manila,5,126,N
2024,PT,Rádio Benedita FM 88.1,Benedita,12,125,N
2024,US,KSER,Everett,29,124,N
2024,FR,Graffiti Urban Radio,La Roche-sur-Yon,19,124,N
2024,US,KRFC,Fort Collins,25,123,N
2024,FR,FIP autour de l'électro,Paris,5,123,N
2024,FR,DKL Dreyeckland,Mulhouse,2,123,N
2024,FR,NRJ Made in France,Paris,1,123,N
2024,US,WUNC,Fayetteville,26,122,N
2024,FR,Virgin Radio,Lyon,1,122,N
2024,GB,Trans Radio UK,N,19,121,N
2024,GB,Starpoint Radio,Faversham,21,119,N
2024,US,WBEZ-FM,"LaSalle-Peru, IL",25,118,N
2024,AU,KIIS 101,Melbourne,7,118,N
2024,BR,Radio So Flashack,Rio de Janeiro,4,118,N
2024,US,WUVT,"Blacksburg, VA",23,118,N
2024,US,WFUV,New York City,5,118,N
2024,PT,TSF Rádio Notícias,Lisbon,6,118,N
2024,GR,Republic Radio,Thessaloniki,5,117,N
2024,US,WNCW,Charlotte,17,117,N
2024,DK,DR P6 Beat,Copenhagen,20,117,N
2024,US,KSUT,Ignacio,29,114,N
2024,BE,Equinoxe,Liège,41,114,N
2024,HK,RTHK Radio 3,Hong Kong,19,114,N
2024,CH,LFM,Lausanne,7,114,N
2024,FR,FIP POP,Paris,6,114,N
2024,US,WDIY,Allentown,30,113,N
2024,US,Morehead State Public Radio (MSPR),Morehead,18,113,N
2024,CA,CBO-FM,"Pembroke, ON",39,113,N
2024,FR,FIP autour du rock,Paris,3,113,N
2024,IE,East coast fm,Bray,2,112,N
2024,US,WHRV,Hampton,23,111,N
2024,DE,Radio Bamberg,Bamberg,4,111,N
2024,ES,Gran via Radio,Barcelona,7,111,N
2024,US,WTJU - 91.1 FM,Ashland,41,110,N
2024,ID,87.6 Hard Rock FM,Jakarta,21,110,N
2024,CH,Radio Lac,Nyon,1,110,N
2024,FR,Impact FM,Lyon,2,110,N
2024,US,WFIT-FM,Melbourne,18,109,N
2024,CZ,Dance radio,Prague,10,108,N
2024,CA,CBC Radio One London,"London, ON",29,108,N
2024,AU,2SER,Sydney,21,108,N
2024,DE,HAMBURG ZWEI,Bergedorf,3,108,N
2024,CA,CBLA-FM,"Orillia, ON",36,107,N
2024,AU,97.3 FM,Brisbane,8,107,N
2024,NL,Radio Rijnmond,Rotterdam,4,107,N
2024,DE,Vogtland Radio,Chemnitz,2,107,N
2024,US,KUWR,Laramie,20,106,N
2024,US,Polski FM,"Park Forest, IL",7,106,N
2024,UY,Del Plata 95.5 FM,Montevideo,1,106,N
2024,TR,FG 93.7,İstanbul,14,105,N
2024,US,KVNA,Flagstaff,1,105,N
2024,FR,Décibel,Saint-Malo,1,103,N
2024,DE,R.SA Sachsen,Leisnig,2,103,N
2024,ID,Gajahmada FM 102.6,Semarang,17,101,N
2024,GB,Global Soul Radio,London,15,100,N
2024,AR,Urbana Play 104.3 FM,Zapala,4,100,N
2024,FR,Mona FM,Lille,3,99,N
2024,AT,ORF Ö2 Radio Wien,Vienna,1,98,N
2024,CA,CBR,"Harvie Heights, AB",33,97,N
2024,CA,CBC Radio One Victoria,"Melbourne, VIC",34,95,N
2024,BE,Radio Quartz,Sombreffe,5,94,N
2024,JP,BAY FM,Chiba,18,94,N
2024,BR,Antena 1,"São Paulo, SP",1,94,N
2024,PT,Antena 2,Lisbon,2,94,N
2024,US,KRBQ,"San Francisco, CA",5,93,N
2024,CA,CBC Radio One Vancouver,"Hope, BC",36,93,N
2024,ZA,Gay SA Radio,Pretoria,15,93,N
2024,FR,Radio Caroline,Rennes,1,93,N
2024,UY,FM Del Hum,Mercedes,5,92,N
2024,FR,RADIOM,Castres,6,92,N
2024,UA,Lux FM 103.1 (Pадіо Люкс),Kiev,1,92,N
2024,FR,France Maghreb 2,Dijon,4,91,N
2024,IT,Radio Party Groove,Novara,15,91,N
2024,US,WSGE,Charlotte,13,91,N
2024,DE,Radio Hannover 87.6 R,Hannover,2,91,N
2024,US,WUKY,Lexington-Fayette,16,90,N
2024,DE,Beats Radio,Augsburg,7,90,N
2024,US,WXYT-FM (The Ticket Detroit Sports 97.1 FM),"Detroit, MI",1,90,N
2024,US,WERU-FM 89.9 (Blue Hill),Bangor,18,88,N
2024,BR,Mundo Livre FM Curitiba,"Curitiba, PR",3,88,N
2024,US,WUSM,Hattiesburg,8,87,N
2024,BR,90FM,Blumenau,1,87,N
2024,MD,Radio Moldova,Chișinău,15,87,N
2024,US,WJMU 89.5 FM,"Decatur, IL",2,86,N
2024,US,WFMU,"Jersey City, NJ",42,86,N
2024,DE,R.SH,Kiel,3,86,N
2024,UY,Más FM 101.3,Paysandú,5,86,N
2024,AE,Big 106.2 FM,Dubai,1,86,N
2024,FR,Collines La Radio,Cerizay,2,85,N
2024,FR,Radio Brume,Lyon,4,85,N
2024,PL,Radio Afera,Poznań,11,85,N
2024,DE,Deutschlandfunk,Traben-Trarbach,20,84,N
2024,DE,Charivari 98.6,Nürnberg,10,84,N
2024,NO,P4 Radio Hele Norge,Oslo,3,84,N
2024,PT,Rádio Guadiana,Vila Real de Santo António,18,83,N
2024,US,WTMD,Baltimore,22,82,N
2024,ES,Kiss FM,Madrid,3,82,N
2024,FR,Jet FM,Nantes,24,81,N
2024,QA,FM 107 Urdu Radio,Doha,12,81,N
2024,GB,Talksport London,London,12,79,N
2024,CA,CBW,"Fairford, AB",33,79,N
2024,US,WHUP,Hillsborough,20,79,N
2024,GB,XRP RADIO,Birmingham,6,79,N
2024,CO,RadioAktiva,Bogotá,1,79,N
2024,AT,Radio Austria,Vienna,1,79,N
2024,CH,RTS Option,Lausanne,6,78,N
2024,IL,Kan88,Jerusalem,12,78,N
2024,US,No Shoes Radio,"Washington, D.C.",1,78,N
2024,NL,NPO Radio 2 Soul & Jazz,Hilversum,5,78,N
2024,NL,Radio Noord,Groningen,1,78,N
2024,SG,One FM 91.3,Singapore,1,78,N
2024,US,Birmingham Mountain Radio,Birmingham,3,76,N
2024,UY,FM Hit 90.3 FM,Montevideo,1,76,N
2024,CA,CHYZ 94.3 FM,"Quebec City, QC",19,75,N
2024,TR,Radyo S,Bursa,13,74,N
2024,FR,L'Eko Des Garrigues,Montpellier,13,73,N
2024,CA,CBX+ [CBX Edmonton],"Edmonton, AB",32,72,N
2024,GB,BBC Radio Manchester,Holme Moss,10,72,N
2024,ZA,Mix FM 93.8,Johannesburg,8,72,N
2024,US,KRVM,Eugene,16,71,N
2024,US,WKZE,Winchester Center,8,71,N
2024,NL,Omrop Fryslan,Jirnsum,5,71,N
2024,US,WXTB,"Tampa, FL",1,71,N
2024,PT,Rádio Lagoa,Lagoa,22,70,N
2024,US,KMSU,Mankato,21,70,N
2024,AU,3NNN (Edge FM 102.1),Albury,22,69,N
2024,GB,Resonance FM,London,29,69,N
2024,AU,3CCS (Mixx FM 92.7),Lorne,9,69,N
2024,HR,Radio Samobor,Zagreb,6,69,N
2024,BE,Family Radio,Antwerpen,3,69,N
2024,US,WMMR,"Philadelphia, PA",3,69,N
2024,US,WVIA,Philadelphia,22,68,N
2024,DE,B 5 Aktuell,Würzburg,9,68,N
2024,LT,RADIO•R,Vilnius,2,68,N
2024,ES,Radiolé,Madrid,1,68,N
2024,LT,M-1 Plius,Vilnius,3,67,N
2024,US,Rock 102,"Tucson, AR",1,67,N
2024,JP,FM YOKOHAMA,Yokohama,23,65,N
2024,MX,W Radio 96.9 FM,"Mexico City, DF",12,64,N
2024,NL,NPO Radio 2,Hilversum,8,64,N
2024,GB,Original 106,Amberdeen,4,64,N
2024,DE,Mdr Kultur,Camburg,7,63,N
2024,NL,Radio Veronica,Amsterdam,2,63,N
2024,FR,Berry FM,Saint-Amand-Montrond,1,63,N
2024,MX,Horizonte 107.9 FM,Mexico City,3,62,N
2024,GB,Talksport 2,London,7,62,N
2024,US,WAPS,Akron,12,62,N
2024,NZ,RNZ National,Christchurch,10,62,N
2024,GB,BBC Radio Sheffield,Sheffield,26,61,N
2024,DK,DR P8 Jazz,Copenhagen,11,61,N
2024,AU,River 94.9,Brisbane,3,60,N
2024,DE,Radio Jade,Wilhelmshaven,20,59,N
2024,DE,SR 2 KulturRadio,Bliestal,9,58,N
2024,DE,Bremen Eins,Bremen,10,58,N
2024,ES,Ibiza Global Radio,Ibiza,16,57,N
2024,AE,FM Mirchi Dubai,Dubai,4,57,N
2024,BR,Rádio Cidade FM 98.1,"Gonzaga, MG",5,56,N
2024,FR,FIP autour du jazz,Paris,3,56,N
2024,DE,WDR 5,Bielefeld,8,56,N
2024,US,WQXR,"New York, NY",2,55,N
2024,CH,RTS1,Val Muggio,13,55,N
2024,ID,RRI Pro 1,Jakarta,8,55,N
2024,LT,Relax FM,Vilnius,1,55,N
2024,GB,BBC Essex,Great Braxted,24,54,N
2024,AU,4ZZZ FM (4 Triple Z),Brisbane,27,54,N
2024,US,KCLC,St. Louis,1,54,N
2024,HR,Radio Donji Miholjac,Pula,9,53,N
2024,IE,Highland Radio,Letterkenny,4,53,N
2024,NL,Deep Dance Radio,Amsterdam,10,53,N
2024,HR,HR Radio Dubrovnik,Dubrovnik,10,53,N
2024,US,WUMB,Boston,7,53,N
2024,JP,North Wave,Hokkaido,24,52,N
2024,CA,CHOI-FM,"Quebec City, QC",4,52,N
2024,BE,Radio Premiere,Eupen,15,52,N
2024,AU,3SHI (Mixx FM 107.7),Hamilton,7,51,N
2024,HR,Radio 101,Zagreb,1,51,N
2024,AU,bay 93.9,Geelong,1,51,N
2024,FR,Radio Mélodie,Sarreguemines,2,51,N
2024,DE,Popradio NRW,Uedem,5,50,N
2024,IT,Radio Marilu,Verona,2,50,N
2024,PE,Radio Nueva Q,Lima,2,50,N
2024,NO,Radio 102,Haugesund,3,49,N
2024,DE,NDR 1 Radio MV,Greifswald,1,49,N
2024,DE,HR 1,Frankfurt,3,49,N
2024,AU,3YFM [Coast FM],Warnambool,6,48,N
2024,JP,LOVE FM,Fukuoka,17,48,N
2024,GB,Classic FM,London,2,48,N
2024,SE,P2,Stockholm,11,48,N
2024,DE,Apollo Radio,Chemnitz,1,48,N
2024,GB,BBC Radio 3,London,6,48,N
2024,DE,WDR 4,Düsseldorf,2,48,N
2024,IT,Rai Radio 3,Rome,11,47,N
2024,RO,Actualitati,Bucharest,10,47,N
2024,FR,Radio Campus Grenoble,Grenoble,8,47,N
2024,DE,Klassik Radio,Berlin,1,47,N
2024,GB,BBC Three Counties Radio,Sandy Heath,19,46,N
2024,GB,Nation Radio Cardiff,Cardiff,2,46,N
2024,US,WPLN 90.3 FM Nashville Public Radio,"Nashville, TN",14,46,N
2024,US,R&B 102.9,"Berkeley, CA",5,46,N
2024,FR,RTL,Paris,8,45,N
2024,CA,Jewel 92,"Brantford, ON",3,45,N
2024,US,WEVL,Memphis,15,45,N
2024,US,Sirius XMU,"Washington, D.C.",4,45,N
2024,FR,Radio Alpa,Paris,8,45,N
2024,AT,ORF Ö2 Radio Oberösterreich,Linz,1,45,N
2024,CN,Music Radio Guangdong [广东电台音乐之声],Guangzhou,4,44,N
2024,DE,Cosmo WDR,Köln,4,44,N
2024,IE,RTÉ Lyric FM,Dublin,10,43,N
2024,US,Novaphonic.FM,Dayton,8,43,N
2024,ID,Sushi,Padang,7,43,N
2024,DE,Ndr 90.3,Hamburg,1,43,N
2024,US,KMTN The Mountain 96.9 FM,Jackson,8,42,N
2024,DE,SWR 2,Stuttgart,12,42,N
2024,TR,dinamo.fm,İstanbul,21,42,N
2024,ZA,Bosveld Stereo,Pretoria,3,42,N
2024,RS,Radio Beograd 1,Belgrade,11,41,N
2024,PT,RDP Açores - Antena 1,Ponta Delgada,12,41,N
2024,US,Shade 45,"Washington, D.C.",9,41,N
2024,AU,3WWM (Mixx FM 101.3),Horsham,6,40,N
2024,US,KASU 91.9 FM,"Jonesboro, AR",8,40,N
2024,IT,Radio Sabbia,Emilia–Romagna,5,40,N
2024,FR,RCA La Radio,Nantes,1,40,N
2024,LT,Radio Lietus,Klaipėda,1,40,N
2024,FR,Franceinfo,Paris,5,39,N
2024,AU,4BC,Brisbane,1,39,N
2024,NL,Indie XL,Amsterdam,2,38,N
2024,US,Frisky Radio,"New York, NY",14,37,N
2024,GB,BBC Radio WM,Birmingham,12,37,N
2024,ID,Paramuda 93.7 FM,Bandung,3,37,N
2024,DE,Kulturradio rbb,Berlin,7,37,N
2024,CO,Blu Radio,Bogotá,4,36,N
2024,FR,Radios chrétiennes francophones (RCF),Marseille,14,36,N
2024,GB,BBC Radio Leeds,York,13,36,N
2024,US,KYWH-FM,Lockwood,1,36,N
2024,US,WQMP-FM (Alternative Music Orlando 101.9 FM),"Daytona Beach, FL",3,35,N
2024,ZA,Overvaal Stereo,Welkom,5,35,N
2024,CY,RIK 2 CYBC,Paralimni,10,35,N
2024,GR,Easy 97.2,Athens,1,35,N
2024,GB,BBC Radio Cymru,Aberystwyth,16,34,N
2024,HR,HR Radio Sljeme,Zagreb,6,34,N
2024,US,KRVB,Boise,3,34,N
2024,GB,Radio X Manchester,Manchester,4,34,N
2024,SE,P1,Stockholm,12,34,N
2024,IE,Mid West Radio,Kiltamagh,2,34,N
2024,GB,Resonance Extra,London,14,33,N
2024,IL,Eco 99 FM,Tel Aviv,9,33,N
2024,FR,Radio Neptune,Brest,3,33,N
2024,PF,Polynésie La 1ère,Papeete,12,33,N
2024,GB,BBC Radio 4,Kilskeery,8,33,N
2024,US,KPSU,"Portland, OR",14,33,N
2024,US,KNMC,Havre,1,33,N
2024,PT,Rádio Horizonte,Ponta Delgada,3,33,N
2024,US,KQMV-FM,"Seattle, WA",5,33,N
2024,CA,CKMM-FM [Énergie Montréal 94.3],"Montreal, QC",4,33,N
2024,US,KIOZ,"San Diego, CA",1,33,N
2024,JP,Tokyo FM,Tokyo,15,32,N
2024,US,WCNR,Charlottesville,10,32,N
2024,EE,Star FM,Tallinn,3,32,N
2024,DK,DR P2,Copenhagen,1,32,N
2024,US,KNBA,Anchorage,10,31,N
2024,FR,FIP Sacré Français !,Paris,2,31,N
2024,GB,BBC Radio Ulster,Enniskillen,15,31,N
2024,BR,SulAmerica Paradiso,"Rio de Janeiro, RJ",1,31,N
2024,US,KKAL,San Luis Obispo,1,31,N
2024,PH,106.7 Energy FM,Manila,4,30,N
2024,NL,NPO Radio 1,Hilversum,17,30,N
2024,BR,Radio Inconfidentes,"Belo Horizonte, MG",4,30,N
2024,AU,3MDR,Upwey South,14,30,N
2024,FO,Kringvarp Føroya,Tórshavn,6,30,N
2024,NO,Radio Metro Oslo/Akershus,Oslo,1,30,N
2024,CA,Codiac FM 93.5,Moncton,4,29,N
2024,NO,NRK P2,Bergen,11,29,N
2024,FR,Radio Balises,Lanester,8,29,N
2024,GB,BBC Radio 4 Xtra,London,6,29,N
2024,FR,ici Alsace,Strasbourg,3,28,N
2024,DK,DR P4 Kobenhavn,Copenhagen,9,28,N
2024,DE,"Radio Gong 97,1 Nürnberg",Nürnberg,4,28,N
2024,CH,Radio Top,Zurich,1,28,N
2024,FR,France Culture,Paris,12,27,N
2024,FR,Ici Normandie (Seine Maritime-Eure),Rouen,2,27,N
2024,US,WEHM,Watertown,3,27,N
2024,ZA,Bok radio,Cape Town,5,27,N
2024,GB,Radio Wigwam,Cardiff,3,26,N
2024,FR,ici Besançon,Besançon,2,26,N
2024,MX,Radio Formula Yucatan,Mérida,6,26,N
2024,AT,ORF Ö2 Radio Vorarlberg,Bregenz,1,26,N
2024,FR,ici Breizh Izel,Brest,2,26,N
2024,NZ,Coast,Auckland,2,26,N
2024,DE,Club 85 80's Maxi-Mix,Berlin,1,26,N
2024,US,KKDG 99.7 Radio Free Durango,Durango,2,25,N
2024,IL,GLZ,Haifa,13,25,N
2024,FR,ici Nord,Lille,2,25,N
2024,DK,Radio Soft,Copenhagen,1,25,N
2024,US,KTAO,Taos,4,24,N
2024,GB,Radio X (XFM),London,2,24,N
2024,CH,Radio Südostschweiz,Chur,5,24,N
2024,AU,5ADD [Mix 102.3],Adelaide,1,24,N
2024,NL,JOE,Amsterdam,1,24,N
2024,CA,Energie,"Quebec City, QC",3,24,N
2024,PH,91.5 Win Radio Manilla,Manila,13,23,N
2024,FR,France Musique,Paris,8,23,N
2024,FR,ici Armorique,Vannes,3,23,N
2024,FR,ici Isère,Grenoble,3,23,N
2024,AT,Antenne Vorarlberg,Vienna,1,23,N
2024,DE,Radio Horeb,Immenstadt im Allgau,6,23,N
2024,IT,Rai 1,Rome,8,23,N
2024,FR,Radar - RADio ARt en sort,Fécamp,4,23,N
2024,US,92-9 The Game,"Atlanta, GA",10,23,N
2024,FR,ici Normandie (Calvados-Orne),Caen,2,23,N
2024,US,Ozzy's Boneyard,"Washington, D.C.",1,23,N
2024,FR,ici Provence,Marseille,2,22,N
2024,US,Radio Danz,"Miami, FL",10,22,N
2024,US,KFMG,Des Moines,7,22,N
2024,GB,Kool FM,London,14,22,N
2024,US,KRSH,Santa Rosa,2,22,N
2024,GB,BBC Radio Merseyside,Liverpool,4,22,N
2024,FR,ici Paris-Île-de-France,Paris,1,22,N
2024,FR,ici Loire Océan,Nantes,1,22,N
2024,MX,XHOCL-FM [Diego 99.3 FM],"Tijuana, BC",1,22,N
2024,CH,Radio Rottu Oberwallis,Visp,4,22,N
2024,AU,Mix 106.3,Canberra,3,22,N
2024,TR,Number One Türk,Istanbul,5,21,N
2024,GB,BBC Radio Lancashire,Winter Hill,4,21,N
2024,AU,6NOW,Perth,1,21,N
2024,SE,Rockklassiker,Göteborg,3,21,N
2024,US,KBPI,"Denver, CO",1,21,N
2024,US,WJCU,University Heights,8,20,N
2024,GB,Wave 105,Dorchester,1,20,N
2024,GB,Absolute Radio 90's,London,2,20,N
2024,UY,CW33 La Nueva Radio Florida,Florida,3,20,N
2024,BR,Rádio 80 FM,São Paulo,3,20,N
2024,FR,Est FM,Strasbourg,2,20,N
2024,SG,Gold 90.5 FM,Caldecott Hill Estate,2,20,N
2024,CH,Rete Due,Ticino,7,19,N
2024,CA,CBV-FM,"La Malbaie, QC",7,19,N
2024,ES,Cadena Dial,Madrid,2,19,N
2024,FR,Nevers FM,Nevers,4,19,N
2024,KR,SBS 러브 FM-SBS 라디오,Seoul,9,19,N
2024,ID,Most FM 99,Medan,1,19,N
2024,DE,WDR 3,Bonn,10,19,N
2024,US,WCLZ-FM,Portland,3,19,N
2024,US,Pride Radio,"San Francisco, CA",2,19,N
2024,US,WMVY,Edgartown,8,19,N
2024,IT,Veronica My Radio,Marche,6,19,N
2024,CZ,Radio Proglas,Brno,6,19,N
2024,US,Sports Radio 94 WIP,"Philadelphia, PA",3,19,N
2024,EC,Radio City,Guayaquil,10,19,N
2024,AT,ORF Ö2 Radio Kärnten,Feldkirchen in Kärnten,2,19,N
2024,US,WLRN 91.3 FM,"Miami, FL",7,18,N
2024,US,WMOT,Nashville,5,18,N
2024,US,Alt Nation,"Washington, D.C.",2,18,N
2024,GB,BBC Radio Solent,Rowridge,4,18,N
2024,GB,BBC Radio Cornwall,Truro,4,18,N
2024,GB,BBC Radio Berkshire,Reading,5,18,N
2024,GB,BBC Surrey,Duxhurst,7,18,N
2024,US,WUIN,Wilmington,4,17,N
2024,AU,3M FM,Inverloch,8,17,N
2024,US,The Independent FM,"Los Angeles, CA",1,17,N
2024,GB,BBC Radio Wales,Aberystwyth,11,17,N
2024,GB,BBC Radio Devon,Plymouth,4,17,N
2024,GB,BBC Radio Bristol,Bristol,6,17,N
2024,HR,HR3 - Treci program,Zagreb,6,17,N
2024,IT,Radio Birikina,Lusiana,1,17,N
2024,PT,RTP Antena 1,Lisbon,11,16,N
2024,US,90.1 KUWP Powell/Cody (Wyoming Sounds),Cody,4,16,N
2024,QA,Radio Malayalam 98.6FM,Doha,4,16,N
2024,AU,2SKI (Snow FM 97.7),Cooma,3,16,N
2024,AU,Gold 104.3,Melbourne,2,16,N
2024,BR,Melodia,"Varginha, MG",3,16,N
2024,CA,CJOB,"Winnipeg, MB",5,16,N
2024,CA,CKNW,"Vancouver, BC",4,16,N
2024,HK,RTHK Radio 2,Hong Kong,4,15,N
2024,NZ,More FM,Auckland,2,15,N
2024,CN,Beijing Music Radio [ 北京音乐广播],Beijing,5,15,N
2024,BR,Bahia FM,"Alagoinhas, BA",3,15,N
2024,GB,XS Manchester,Manchester,2,15,N
2024,GB,BBC Radio Newcastle,Newcastle upon Tyne,6,15,N
2024,DE,Radio Isw,Passau,2,15,N
2024,US,WEBN-F2 (WEBN 102.7FM Cincinnati),"Cincinnati, OH",1,15,N
2024,FR,France Musique Piano Zen,Paris,1,15,N
2024,MX,XHQRT-FM [91 DAT 90.9 FM],"Queretaro, QT",2,14,N
2024,PL,Jedynka - Polskie Radio Program 1,Warsaw,11,14,N
2024,ID,RDI 97.1 FM,Jakarta,9,14,N
2024,US,The Spectrum,"Washington, D.C.",6,14,N
2024,AE,Al Arabiya 99.0,Dubai,4,14,N
2024,FR,Radio Antenne Portugaise,Tours,4,14,N
2024,GB,BBC Radio Kent,Wrotham,4,14,N
2024,CH,Radio Swiss Pop,Basel,1,14,N
2024,PL,Radio Silesia,Gliwice,1,14,N
2024,FI,Yle Radio Suomi,Helsinki,3,14,N
2024,FR,Fréquence K,Côte d'Azur,1,14,N
2024,US,WZLX-FM (Boston's Classic Rock 100.7 FM),"Boston, MA",1,14,N
2024,GB,Panjab Radio,London,1,14,N
2024,CA,ICI Radio-Canada Première - Montréal,"Montreal, QC",5,13,N
2024,BG,BNR Horizont,Sofia,5,13,N
2024,GB,BBC Sussex,Chichester,4,13,N
2024,US,KPWK,"Seattle, WA",3,13,N
2024,BE,BXFM 104.3 FM,Brussels,2,13,N
2024,DE,SWR 1 RP,Rheinland-Pfalz,4,12,N
2024,ES,Radio Marca Barcelona,Barcelona,4,12,N
2024,JP,FM 802,Osaka,7,12,N
2024,GR,Sfera 96.6 FM,Patra,1,12,N
2024,JP,Kiss FM Kobe,Kobe,11,12,N
2024,US,Radio Margaritaville,"Washington, D.C.",1,12,N
2024,CH,SRF2,Nendeln,4,12,N
2024,US,WXPK,New York City,2,12,N
2024,AU,3PTV,Melbourne,1,12,N
2024,DE,NDR 1 Niedersachsen,Hannover,1,12,N
2024,AU,Smooth FM 95.3,Sydney,1,12,N
2024,ES,Los 40 Classic,Almería,2,12,N
2024,CL,Radio Sonar,Santiago,1,12,N
2024,NZ,Mix,Auckland,1,12,N
2024,JP,"TBS Radio, Inc",Tokyo,6,11,N
2024,DE,SWR Aktuell,Berlin,2,11,N
2024,FR,Sol FM,Lyon,5,11,N
2024,DE,MDR SACHSEN Dresden,Dresden,1,11,N
2024,ZA,Radio laeveld,Nelspruit,7,11,N
2024,NZ,The Rock,Auckland,1,11,N
2024,GE,GPB Radio 1,Tbilisi,1,11,N
2024,BR,Band FM,São Paulo,4,10,N
2024,JP,FM Cocolo,Osaka,9,10,N
2024,MX,XHLS-FM [Romance 99.5 FM],"Guadalajara, JA",3,10,N
2024,US,WEXT,Albany,2,10,N
2024,US,Global Urban Radio,New York,2,10,N
2024,AU,4AA (1026 AM),Mackay,2,10,N
2024,FR,Radio Emotion,Nice,1,10,N
2024,AU,5CS (1044 AM),Port Pirie,1,10,N
2024,AU,5AU (1242 AM),Port Augusta,1,10,N
2024,DE,NDR 1 Welle Nord,Flensburg,1,10,N
2024,AU,5MU (1125 AM),Murray Bridge,1,10,N
2024,AU,7LA (LAFM 89.3),Launceston,2,10,N
2024,AU,4NNN (Zinc 96.1),Gympie,2,10,N
2024,US,KBZT-FM (ALT San Diego 94.9 FM),"San Diego, CA",1,10,N
2024,CA,CKMB-FM [Kool FM 107.5],"Barrie, ON",3,9,N
2024,CL,Radio Cooperativa,Santiago,3,9,N
2024,AU,ABC Classic,Sydney,2,9,N
2024,AU,Portuguese Radio,Sydney,7,9,N
2024,DE,HR 2,Frankfurt,7,9,N
2024,GB,Sun FM,Sunderland,2,9,N
2024,AR,Rock & Pop,Buenos Aires,3,9,N
2024,FR,Hotmixradio Dance,Paris,2,9,N
2024,NL,NPO Radio 5,Hilversum,8,9,N
2024,AU,7AD (900 AM),Devonport,1,9,N
2024,AU,4CC (Zinc 927 AM),Gladstone,1,9,N
2024,NO,Radio Norge,Skavland,1,9,N
2024,NL,Omroep West,Rotterdam,4,9,N
2024,CA,CHED,"Edmonton, AB",2,9,N
2024,UY,Del Sol FM,Montevideo,2,9,N
2024,ID,Bens Radio,Jakarta,1,9,N
2024,US,KFRG-FM (K-FROG San Bernardino 95.1 FM),"San Bernardino, CA",1,9,N
2024,US,WHUR-FM,"Washington, D.C.",4,9,N
2024,TR,Virgin Radio,Istanbul,1,9,N
2024,QA,Radio Olive 106.3 FM,Doha,3,9,N
2024,UA,Хіт FM (Hit FM),Kiev,2,8,N
2024,IE,Shannonside FM,Longford,2,8,N
2024,US,WQKL-FM,Ann Arbor,3,8,N
2024,ID,RRI Pro 2 105.1 FM,Jakarta,3,8,N
2024,AE,Tamil 89.4fm,Dubai,3,8,N
2024,IL,רדיו לב המדינה,Rishon LeẔiyyon,8,8,N
2024,GB,Absolute Radio,Birmingham,3,8,N
2024,MX,RMX Radio,"Guadalajara, JA",6,8,N
2024,US,WINS-AM,"New York, NY",4,8,N
2024,AU,2ST,Bowral,1,8,N
2024,US,1 Pure EDM,"Chicago, IL",1,8,N
2024,AU,4CA,Cairns,1,8,N
2024,AU,3EL,Mildura,1,8,N
2024,AU,2XL (918 AM),Cooma,2,8,N
2024,FI,YLE Radio 1,Raahe,3,8,N
2024,US,WKHK-FM,"Richmond, VA",1,8,N
2024,JP,Nack 5,Saitama,6,7,N
2024,KR,TBS FM,Seoul,6,7,N
2024,US,LITT Dance,Los Angeles,2,7,N
2024,US,WBSD,Burlington,3,7,N
2024,US,WWDC,"Washington, D.C.",4,7,N
2024,KR,Arirang Radio,Jeju,6,7,N
2024,IL,Kan Gimel,Haifa,5,7,N
2024,NL,NPO Radio 4,Amsterdam,4,7,N
2024,KR,KBS CoolFM Main,Seoul,7,7,N
2024,AU,3GG (531 AM),Warragul,1,7,N
2024,PT,M80,Lisbon,1,7,N
2024,GB,Central FM,London,1,7,N
2024,DE,106.4 Top FM,Munich,2,7,N
2024,AU,2UUS,Wollongong,2,7,N
2024,US,670 The Score,"Chicago, IL",3,7,N
2024,US,KEGL,"Dallas, TX",1,7,N
2024,CA,News Talk 770,"Calgary, AB",3,7,N
2024,NZ,The Breeze,Auckland,1,7,N
2024,DK,DR P5,Copenhagen,2,6,N
2024,AE,Fujairah FM,Dubai,2,6,N
2024,CA,CJAD,"Montreal, QC",4,6,N
2024,JP,FMりべーる (FM Riviére),Asahikawa,4,6,N
2024,GB,BBC Radio Scotland,Glasgow,5,6,N
2024,NZ,Newstalk ZB,Ashburton,3,6,N
2024,US,KROQ,"Los Angeles, CA",1,6,N
2024,NO,NRK P1+,Trondheim,4,6,N
2024,PE,Radiomar 106.3 FM,Lima,3,6,N
2024,AU,4SSS,Nambour,1,6,N
2024,AT,ORF Ö2 Radio Salzburg,Salzburg,2,6,N
2024,AU,87.8 UCFM,Canberra,1,6,N
2024,US,KISW,"Seattle, WA",2,6,N
2024,CH,Radio Freiburg,Fribourg,3,6,N
2024,US,WLW-AM (Newsradio 700 WLW),"Cincinnati, OH",2,6,N
2024,FR,RMC,Paris,4,5,N
2024,LT,LRT Radijas,Alytus,3,5,N
2024,CH,SRF MusikWelle,Basel,5,5,N
2024,US,WEEI-FM (WEEI 93.7FM),"Boston, MA",3,5,N
2024,US,KTFM,"San Antonio, TX",2,5,N
2024,FR,Europe 1,Gien,3,5,N
2024,BE,Radio Klara,Brussels,5,5,N
2024,TR,Power Turk FM,Istanbul,3,5,N
2024,CA,CIND-FM (Indie 88),Toronto,1,5,N
2024,MX,XEJP-FM [Joya 93.7 FM],"Mexico City, DF",1,5,N
2024,BR,Rádio Saudade FM 100.7,Santos,1,5,N
2024,CA,CFYX FM93,"Mont-Joli, QC",2,5,N
2024,GB,Absolute 80's,London,2,5,N
2024,HR,Hrvatski Katolicki Radio,Zagreb,4,5,N
2024,KR,MBC FM4U Radio Main,Seoul,3,4,N
2024,IE,Q102,Dublin,1,4,N
2024,BR,Vida FM (Fortaleza),"São Paulo, SP",4,4,N
2024,IT,Radio Orte,Lazio,3,4,N
2024,MX,XEAD-FM [La Buena Onda 101.9 FM],"Guadalajara, JA",1,4,N
2024,ZA,Pretoria FM,Pretoria,2,4,N
2024,BR,89.1 FM,"São Paulo, SP",2,4,N
2024,US,KYSR,"Los Angeles, CA",2,4,N
2024,FO,FM 98.7,Klaksvík,2,4,N
2024,US,The Coast/Norfolk,Norfolk,2,4,N
2024,US,WDVX,Knoxville,4,4,N
2024,DE,NDR Info,Hamburg,4,4,N
2024,FR,Radio Studio 1,Strasbourg,4,4,N
2024,BR,Lideranca FM,"Morada Nova, CE",4,4,N
2024,AU,6PR,Perth,2,4,N
2024,DE,NDR Radio Kultur,Hamburg,3,4,N
2024,GB,TalkRadio,London,3,4,N
2024,US,WCBS Newsradio 880,"New York, NY",2,4,N
2024,CH,SRF 1 Basel Baselland,Basel,2,4,N
2024,CH,SRF 1 Bern Freiburg,Bern,2,4,N
2024,NO,Elverums Radioen,Elverum,1,4,N
2024,US,WWJ-AM,"Detroit, MI",3,4,N
2024,US,WKLQ-FM,Grand Rapids,1,4,N
2024,US,KRXP-FM,"Pueblo West, CO",2,4,N
2024,SE,GO Country,Stockholm,2,4,N
2024,US,SiriusXM FLY,"Washington, D.C.",1,4,N
2024,JP,NHK R1,Tokyo,3,3,N
2024,SK,Rádio Slovensko,Bratislava,2,3,N
2024,KR,SBSLOVE-FM(표준 FM),Seoul,3,3,N
2024,JP,FM Aichi,Aichi,3,3,N
2024,DE,Die Neue 107.7,Stuttgart,2,3,N
2024,KR,MBC-FM,Seoul,3,3,N
2024,SM,Radio San Marino Classic,San Marino,2,3,N
2024,DE,BR Heimat,München,3,3,N
2024,MY,Hot FM,Johor Bahru,2,3,N
2024,DE,Radio Schlagerparadies,Oldenburg,2,3,N
2024,AU,Radio Adelaide 101.5FM,Adelaide,3,3,N
2024,ES,Rock FM,Madrid,3,3,N
2024,IS,Bylgjan FM,Reykjavík,3,3,N
2024,AU,SEN,Melbourne,1,3,N
2024,NL,NPO Sterren,Hilversum,3,3,N
2024,GB,BBC Radio 5,London,2,3,N
2024,AE,Al Khaleejiya 1009,Dubai,3,3,N
2024,AU,3SEA (Hit Gippsland 94.3),Traralgon,2,3,N
2024,US,WOR-AM (710 WOR The Voice of New York),"New York, NY",3,3,N
2024,CH,Rete Uno,Zürich,2,3,N
2024,US,WKQX,"Chicago, IL",2,3,N
2024,US,WJFK-FM,"Baltimore, MD",2,3,N
2024,TR,Kral World,İstanbul,1,3,N
2024,CA,CHOX-FM,"Baie-Saint-Paul, QC",1,3,N
2024,QA,Radio suno 91.7,Doha,3,3,N
2024,JP,Nippon Cultural Broadcasting,Tokyo,3,3,N
2024,GB,Absolute Classic Rock,London,2,3,N
2024,ID,Sonora Lampung FM,Jakarta,3,3,N
2024,JP,"Nippon Broadcasting System, Inc. (ニッポン放送)",Tokyo,1,3,N
2024,GB,Absolute Radio Country,London,1,3,N
2024,GB,Lyca Radio 1458,London,1,2,N
2024,HR,HR1 - Prvi program,Zagreb,2,2,N
2024,US,WMMM,Verona,1,2,N
2024,US,WXRV-FM,"Needham, MA",2,2,N
2024,US,WNCS,Montpelier,2,2,N
2024,US,WMWV,Concord,2,2,N
2024,KR,MBC Pyojun Radio Main,Seoul,2,2,N
2024,US,WLKR,Norwalk,2,2,N
2024,SG,88.3 JIA FM,Singapore,2,2,N
2024,US,WTYD The Tide,Virginia Beach,1,2,N
2024,US,WCLX Farm Fresh Radio,Burlington,1,2,N
2024,US,KFRR-FM,"Wooster, OH",1,2,N
2024,US,KNRK,"Portland, OR",1,2,N
2024,US,KTBZ,"Houston, TX",2,2,N
2024,BE,Chérie FM,Brussels,2,2,N
2024,GB,Magic Chilled,London,2,2,N
2024,AU,Hit 92.9,Perth,2,2,N
2024,HK,RTHK Radio 1,Hong Kong,2,2,N
2024,AR,Mega,Santa Fe,2,2,N
2024,AU,2DBO (Hit Dubbo 93.5),Dubbo,2,2,N
2024,ID,99.1 Delta FM,Jakarta,2,2,N
2024,CA,CHEZ-FM,"Ottawa, ON",1,2,N
2024,AU,Triple M Brisbane 104.5,Brisbane,2,2,N
2024,ES,Radio Nervión,Bilbao,1,2,N
2024,US,KMYZ-FM (Z104.5FM Tulsa),"Tulsa, OK",2,2,N
2024,PH,Love Radio Manilla,Manila,2,2,N
2024,CH,RTS2,Chasseral,2,2,N
2024,HU,Petofi,Budapest,2,2,N
2024,BR,Band FM 96.1 FM,São Paulo,2,2,N
2024,DE,Antenne [Brandenburg],Potsdam,1,2,N
2024,AU,2SM,Sydney,1,2,N
2024,US,KRZZ-FM (La Raza San Francisco 93.3 FM),"San Francisco, CA",2,2,N
2024,PH,WRock 96.3 (Cebu),Cebu,2,2,N
2024,PH,Wish 107.5,Manila,1,2,N
2024,MX,XHPAZ-FM [Super Stereo 96.7 FM],"La Paz, BS",2,2,N
2024,FR,Radio Orient,Paris,2,2,N
2024,JP,ABC Radio,Osaka,1,2,N
2024,GB,Absolute Radio 70's,London,1,2,N
2024,AU,Triple M 99.5 FM,Cairns,1,2,N
2024,AU,Triple M Central West 1051.1,Newcastle,1,2,N
2024,HR,CLUB MUSIC RADIO - TAMBURA,Zagreb,1,1,N
2024,NL,BNR Nieuwsradio,Amsterdam,1,1,N
2024,SG,Capital 95.8FM,Singapore,1,1,N
2024,IN,Radio Mirchi 98.3 FM,Ahmadabad,1,1,N
2024,NL,NH Radio,North Holland,1,1,N
2024,GB,Heat,London,1,1,N
2024,AT,ORF Ö2 Radio Tirol,Innsbruck,1,1,N
2024,US,Underground Garage,"Washington, D.C.",1,1,N
2024,US,WRFF,"Philadelphia, PA",1,1,N
2024,ID,iRadio 89.6 FM,Jakarta,1,1,N
2024,GB,Boom Radio,London,1,1,N
2024,DE,Radio Ton,Würzburg,1,1,N
2024,US,WGCM-FM,"Gulfport, MS",1,1,N
2024,CA,CKKS-FM,"Chilliwack, BC",1,1,N
2024,US,WASU-FM The App,"Boone, NC",1,1,N
2024,AU,2BDR (Triple M The Border 105.7),Albury,1,1,N
2024,FR,TSF Jazz,Paris,1,1,N
2024,US,WTTS,Indianapolis,1,1,N
2024,NZ,Radio Hauraki,Invercargill,1,1,N
2024,AU,Triple M Gold Coast,Gold Coast,1,1,N
2024,AU,3BO (Triple M Bendigo 93.5),Bendigo,1,1,N
2024,NL,NPO 3FM Alternative,Hilversum,1,1,N
2024,AU,C91.3 FM,Campbelltown,1,1,N
2024,US,Lithium,"Washington, D.C.",1,1,N
2024,CA,CFAK,"Skerbrooke, QC",1,1,N
2024,AU,Cruise 1323,Adelaide,1,1,N
2024,DE,HR4 [Hessen],Frankfurt,1,1,N
2024,US,KRTH K-Earth 101 FM,Los Angeles,1,1,N
2024,US,WRNW,"Milwaukee, WI",1,1,N
2024,DK,Radio 100,Glostrup,1,1,N
2024,GB,Magic,London,1,1,N
2024,FR,Radio Bonheur,Saint-Brieuc,1,1,N
2024,US,WDZH-FM,"Detroit, MI",1,1,N
2024,CA,CFPL-FM [London's Best Rock FM 96],"London, ON",1,1,N
2024,RU,Dorojnoe Radio,Moscow,1,1,N
2024,US,WROX-FM (96X Norfolk),"Exmore, VA",1,1,N
2024,US,WWVA,"Atlanta, GA",1,1,N
2024,LU,Eldoradio Alternative,Luxembourg,1,1,N
2024,CN,Guangdong City Radio [ 广东广播电视台城市之声],Guangzhou,1,1,N
2024,AU,4GR,Carnegie,1,1,N
2024,GB,Smooth Radio North West,Manchester,1,1,N
2024,FI,Radio SuomiPOP,Fiskars,1,1,N
2024,US,KQBL-F3 (Boise 96.5 FM),"Boise, ID",1,1,N
2024,CA,CKLH-FM [K-Lite 102.9],"Hamilton, ON",1,1,N
2024,AU,5AA,Adelaide,1,1,N
2024,US,Soar Radio,Rockford,1,1,N
2024,FR,Netradio,Paris,1,1,N
2024,BR,Saudades FM,"Matao, SP",1,1,N
2024,AU,4TO [Triple M Townsville],Townsville,1,1,N
2024,US,WPAT-FM,"Paterson, NJ",1,1,N
2024,BR,Transcontinental FM,"São Paulo, SP",1,1,N
2024,SA,MBC FM,Riyadh,1,1,N
2024,AT,ORF Ö2 Radio Steiermark,Graz,1,1,N
2024,AU,3SR (Triple M Goulburn Valley 95.3),Shepparton,1,1,N
2024,RU,Radio Monte Carlo,Moscow,1,1,N
2024,FR,Grand Sud FM,Narbonne,1,1,N
2024,AU,2AY (1494 AM),Albury,1,1,N
2024,GR,Derti 98.6 FM,Athina,1,1,N
2024,BR,Rádio Beat,"Rio de Janeiro, RJ",1,1,N
2024,FR,ici 100% chanson française,Paris,1,1,N
2024,US,WCPT,"Chicago, IL",1,1,N
2024,PT,PEF – Posto Emissor do Funchal (Canal 1),Funchal,1,1,N
2024,SE,Mix Megapol,Göteborg,1,1,N
2024,AU,Triple M Mackay & The Whitsundays 98.7,Mackay,1,1,N
2024,AU,Triple M [Melbourne],Melbourne,1,1,N
2024,AU,7XXX (Triple M Hobart 107.3),Hobart,1,1,N
2025,NG,UFM (Ultima Radio),Lagos,349,117100,Y
2025,NG,Cool FM,Lagos,291,113757,Y
2025,NG,Naija FM 102.7,Lagos,350,102438,Y
2025,AE,Radio Gilli 106.5FM,Dubai,288,99472,N
2025,NG,The Beat 99.9 FM,Lagos,356,96635,Y
2025,NG,City FM,Ikeja,364,73074,Y
2025,NG,Soundcity FM Lagos,Lagos,317,62821,Y
2025,NG,Max FM 102.3,Lagos,229,61714,Y
2025,FR,Africa Radio,Paris,120,55207,N
2025,NG,Wazobia FM,Lagos,393,55050,Y
2025,NG,Raypower 100.5 FM,Abuja,399,40722,Y
2025,KE,Hot 96,Nairobi,218,39786,N
2025,GB,The Beat (103.6FM),London,208,35486,N
2025,NG,Inspiration 92.3 FM,Lagos,417,31061,Y
2025,GB,Pie Radio UK,Manchester,158,25975,N
2025,GB,KISS XTRA,London,117,25631,N
2025,OM,Virgin Radio - Oman,Mascate,23,24956,N
2025,GB,Reprezent Radio,London,166,23582,N
2025,GB,BBC Radio 1 Xtra,London,196,21579,N
2025,GB,Capital Xtra,London,136,21340,N
2025,NL,NPO FunX NL,Hilversum,93,21033,N
2025,CI,Nostalgie FM,Abidjan,139,18685,N
2025,GB,Westside Radio,London,154,18413,N
2025,NL,Radio FunX Fissa,Amsterdam,61,18112,N
2025,BE,Tarmac,Brussels,130,17630,N
2025,KE,NRG Radio,Nairobi,168,15396,N
2025,GH,Hitz FM,Accra,244,15275,N
2025,GB,Ujima 98 FM,Bristol,180,14902,N
2025,US,Hot 97,"New York, NY",52,12808,N
2025,GB,WAEV,Savannah,79,12660,N
2025,GB,Unity Radio 92.8 FM,Manchester,81,12648,N
2025,ZA,Y FM,Johannesburg,108,11143,N
2025,DE,i love music,Köln,12,11014,N
2025,FR,RFI Musique,Paris,96,10996,N
2025,KE,Classic 105 FM,Nairobi,105,10542,N
2025,GF,NRJ GUYANE,Cayenne,83,10475,N
2025,US,WQUE,"New Orleans, LA",19,10342,N
2025,KE,Radio Jambo,Nairobi,125,10331,N
2025,DE,NRJ [Hamburg],Hamburg,11,10298,N
2025,GP,NRJ Antilles | Guadeloupe,Basse-Terre,89,10274,N
2025,NZ,Mai FM,Whangarei,38,10121,N
2025,DE,NRJ ENERGY Berlin,Potsdam,11,10104,N
2025,DE,NRJ [Nüremberg],Nürnberg,10,10058,N
2025,DE,NRJ [München],Munich,10,10051,N
2025,DE,NRJ ENERGY Stuttgart,Stuttgart,11,10026,N
2025,GB,Colourful Radio,London,196,9742,N
2025,MQ,MIXX FM MARTINIQUE,Fort-de-France,42,9651,N
2025,KE,Capital FM,Nairobi,183,9516,N
2025,GH,Joy FM,Accra,202,9143,N
2025,GH,Asaase Radio,Accra,231,9139,N
2025,GB,Croydon FM,London,148,9124,N
2025,ZA,UCT Radio 104.5 FM,Cape Town,93,9097,N
2025,GH,Pluzz FM,Ghana,226,8957,N
2025,BG,Avto Radio,Sofia,8,8805,N
2025,US,KFCO-FM,"Bennett, CO",3,8782,N
2025,AU,The Edge 96.ONE,Sydney,64,8655,N
2025,RE,NRJ Réunion,Saint-Denis,45,8385,N
2025,GH,Citi FM,Accra,178,8323,N
2025,GH,Starr FM,Accra,220,8271,N
2025,FR,Mouv',Paris,123,8262,N
2025,PT,Vodafone FM,Lisbon,13,8177,N
2025,GB,Radio2Funky,Leicester,133,8092,N
2025,DE,Jam FM,Berlin,14,7936,N
2025,GH,Rainbow Radio,Accra,191,7769,N
2025,CI,Trace FM,Abidjan,7,7760,N
2025,US,WRSV,"Rocky Mount, NC",55,7603,N
2025,DE,Hitradio Rt1,Ingolstadt,6,7426,N
2025,GH,Kasapa FM,Accra,193,7391,N
2025,US,WGPR,"Detroit, MI",20,7297,N
2025,DE,Radio Gong Fm Regensburg,Ingolstadt,8,7249,N
2025,DE,Hitradio Rt1 Nordschwaben,Ulm,6,7235,N
2025,FR,Tropiques FM,Paris,58,7215,N
2025,DE,Hitradio.rt1 Neuburg-Schrobenhausen,Neuburg-Schrobenhausen,6,7208,N
2025,DE,Hitradio Rt1 Südschwaben,Mindelheim,6,7200,N
2025,GB,Premier Gospel,London,55,7170,N
2025,DE,Bremen Next,Bremen,56,7109,N
2025,LU,RTL Deutschlands Hit-Radio,Luxembourg,6,6909,N
2025,MA,U RADIO,Rabat,33,6869,N
2025,DE,RTL Radio,National,6,6859,N
2025,US,WWPR,"New York, NY",70,6831,N
2025,DE,NRJ [Bremen],Bremen,8,6719,N
2025,US,WKYS-FM,"Washington, D.C.",62,6717,N
2025,DE,104.6 RTL,Berlin,4,6716,N
2025,US,WJMN,"Boston, MA",51,6644,N
2025,FR,Ado,Paris,26,6625,N
2025,DE,NRJ [Sachsen],Dresden,8,6494,N
2025,FR,FC Radio,Lyon,6,6492,N
2025,AT,Welle 1 Salzburg,Vienna,12,6426,N
2025,DE,89.0 RTL,Halle (Saale),8,6407,N
2025,DE,HITRADIO RTL - Top40,Dresden,4,6349,N
2025,DE,Gong 96.3,Munich,9,6330,N
2025,FR,Radio ISA,Grenoble,7,6222,N
2025,ZW,Breeze fm,Victoria Falls,187,6221,N
2025,US,WDKX-FM,"Rochester, NY",61,6085,N
2025,DE,Radio Galaxy,Nuremberg,4,6042,N
2025,DE,Radio Galaxy Landshut,Landshut,4,6020,N
2025,FR,Nova,Paris,26,6009,N
2025,DE,Hit Radio N1,Nuremberg,7,5968,N
2025,GH,3 FM,Accra,212,5910,N
2025,FR,Evasion,Évry,6,5887,N
2025,NZ,Niu FM,Manaku,39,5870,N
2025,FR,Générations (Lyon),Lyon,77,5856,N
2025,FR,Nova La Plage,Paris,25,5773,N
2025,FR,Générations (IDF),Paris,81,5715,N
2025,MA,Hit Radio Maroc,Rabat,31,5711,N
2025,DE,Radio Fantasy,Ingolstadt,13,5711,N
2025,DE,Big FM,Saarbrücken,60,5697,N
2025,GB,Kemet,Nottingham,141,5573,N
2025,DE,Radio Galaxy Aschaffenburg,Aschaffenburg,5,5515,N
2025,MQ,Mouv' FM,Rivière-Pilote,104,5463,N
2025,US,WHTA-FM,"Mableton, GA",54,5450,N
2025,SE,Radio Topp 40 Sverige,Stockholm,3,5403,N
2025,DE,WDR Funkhaus Europa,Cologne,95,5389,N
2025,TR,Power FM,Istanbul,31,5376,N
2025,RU,NRJ Energy,Moscow,16,5339,N
2025,ES,MegaStar FM,Madrid,8,5285,N
2025,FR,Urban Hit,Paris,60,5280,N
2025,PT,Radio Orbital,Lisbon,14,5279,N
2025,FI,Loop,Helsinki,5,5218,N
2025,CH,One FM,Zürich,37,5194,N
2025,DE,Radio Galaxy Ingolstadt,Ingolstadt,5,5181,N
2025,SA,MDL Beast,Riyadh,45,5152,N
2025,BR,Difusora FM 97.1,"Ribeirão Preto, SP",5,5118,N
2025,RU,Capital FM Moscow,Moscow,11,5107,N
2025,GH,Class FM,Accra,194,5068,N
2025,FR,Nova [Bordeaux],Bordeaux,32,5062,N
2025,DE,Radio Top 40,Erfurt-Jena,19,5059,N
2025,US,WPWX-FM,"Chicago, IL",73,4954,N
2025,NL,GLXY.RADIO,Amsterdam,111,4952,N
2025,US,Hot 104.7,"Kennebunkport, ME",34,4891,N
2025,FR,NRJ at work,Paris,7,4853,N
2025,EE,Power Hit Radio,Tallinn,9,4745,N
2025,DE,MDR Sputnik,Halle (Saale),40,4707,N
2025,BE,Bruzz,Brussels,107,4701,N
2025,FR,Champagne FM,Château-Thierry,4,4666,N
2025,FR,Konbini Radio,Paris,124,4656,N
2025,DE,UnserDing,Saarbrücken,41,4647,N
2025,FR,Hit West,Nantes,3,4625,N
2025,GR,Athens Dee Jay,Athens,10,4617,N
2025,ZA,Gagasi FM,Durban,95,4602,N
2025,US,92Q Jams Baltimore,"Baltimore, MD",25,4581,N
2025,DE,N-Joy,Hamburg,17,4574,N
2025,FR,Radio Numero 1,Bourges,8,4573,N
2025,US,G100 - The Throwback Station,"Rincon, GA",12,4550,N
2025,PT,Radio Nova Era,Lisbon,19,4531,N
2025,ZA,Metro FM,Johannesburg,99,4494,N
2025,BG,Radio Fresh 100.3,Sofia,4,4480,N
2025,FR,100%,Carcassonne,7,4462,N
2025,TR,Metro FM,Istanbul,15,4458,N
2025,DE,94.3 RS2,Berlin,5,4455,N
2025,FR,NRJ Électro,Paris,3,4396,N
2025,GB,BBC Asian Network,Birmingham,72,4389,N
2025,FR,Flash FM,Limoges,13,4388,N
2025,DE,1Live,Düsseldorf,40,4369,N
2025,GR,Zoo Radio 90.8,Thessaloniki,12,4367,N
2025,BG,NRJ Radio ENERGY,Sofia,12,4342,N
2025,US,WOWI,"Norfolk, VA",30,4257,N
2025,US,WZMX,"Hartford, CT",48,4252,N
2025,US,KBLZ-FM (The Blaze Winona 102.7 FM),"Longview, TX",15,4252,N
2025,GR,MAD Radio 106.2 FM,Athens,6,4244,N
2025,FR,Enjoy 33,Bordeaux,23,4242,N
2025,ES,Hit FM,Madrid,8,4213,N
2025,DE,"Radio Gong 106,9 Würzburg",Würzburg,13,4181,N
2025,JM,Zip FM,Kingston,92,4142,N
2025,PT,Top FM,Porto,6,4122,N
2025,GR,Loud 88.8,Trikala,19,4116,N
2025,PT,Mix FM,Lisbon,29,4099,N
2025,PT,Kiss FM Algarve,Albufeira,21,4096,N
2025,FR,Mixx FM,Cognac,9,4087,N
2025,CY,Mix FM,Nicosia,29,4071,N
2025,PE,Studio92,Lima,13,4070,N
2025,ES,Ràdio Flaixbac,Barcelona,12,4065,N
2025,GB,Rinse FM,London,129,4055,N
2025,DE,1Live Diggi,Düsseldorf,27,4045,N
2025,LU,Eldoradio Live,Luxembourg,10,4039,N
2025,FR,Radio Monaco,Moneghetti,45,4009,N
2025,CH,Argovia Pop,Zürich,10,4003,N
2025,DE,Bayern 3,Munich,12,4000,N
2025,GR,Plus radio 102.4,Thessaloniki,14,3999,N
2025,FR,Toulouse FM,Toulouse,12,3965,N
2025,SC,Paradise FM,Saint Louis,102,3958,N
2025,FR,Alouette,Nantes,6,3940,N
2025,SK,Europa 2,Bratislava,18,3937,N
2025,CZ,FAJN radio,Prague,16,3933,N
2025,US,The Heat,"Washington, D.C.",10,3892,N
2025,RE,EXO FM,Saint Denis,58,3885,N
2025,FR,Littoral FM,Narbonne,6,3885,N
2025,DE,Radio Charivari München,Munich,8,3852,N
2025,FR,Europe 2,Paris,8,3841,N
2025,US,WKTT Live 97.5 FM,Salisbury,60,3832,N
2025,US,KBFB,"Dallas, TX",39,3824,N
2025,CH,NRJ Energy Basel,Liestal,11,3818,N
2025,FR,Radio Star (Est),Belfort,6,3798,N
2025,BE,Qmusic,Bruges,14,3792,N
2025,CH,NRJ Energy Bern,Bern,11,3774,N
2025,FR,Oxygène La Radio de la Seine et Marne,Melun,7,3760,N
2025,FR,Radio ONE,Agde,6,3757,N
2025,GH,Neat FM,Accra,177,3756,N
2025,CH,Energy Zürich,Zürich,11,3746,N
2025,DE,Radio 7,Stuttgart,9,3692,N
2025,SE,Power Hit Radio,Stockholm,22,3691,N
2025,DE,Radio Hamburg,Hamburg,5,3658,N
2025,DE,Dasding,Stuttgart,63,3649,N
2025,US,WWPW,"Atlanta, GA",21,3629,N
2025,DE,Hit Radio FFH,Frankfurt,6,3619,N
2025,BE,MNM Hits,Brussels,7,3606,N
2025,LB,Mix FM 104.4,Beirut,12,3588,N
2025,FR,N'Radio,Soissons,7,3555,N
2025,GB,BBC Radio 1,London,78,3535,N
2025,PT,Cidade Hip-Hop,Lisbon,4,3528,N
2025,MX,XHQRT-FM [91 DAT 90.9 FM],"Queretaro, QT",5,3520,N
2025,FR,Tonic Radio,Lyon,6,3520,N
2025,DE,Radio Regenbogen,Mannheim,9,3473,N
2025,DE,Radio Saw,Halle (Saale),6,3465,N
2025,TR,Radyo Fenomen,Istanbul,17,3457,N
2025,FR,Radio 8,Sedan,8,3454,N
2025,CH,Radio Bern 1,Bern,12,3452,N
2025,GB,SWU FM,Bristol,116,3449,N
2025,GB,New Style Radio,Birmingham,73,3436,N
2025,RU,ХИТ FM 107.4 (Hit FM),Moscow,12,3428,N
2025,FR,Fusion FM,Vichy,9,3414,N
2025,DE,Radio PSR,Dresden,3,3408,N
2025,DE,Delta Radio,Kiel,17,3380,N
2025,PT,Mega Hits,Lisbon,18,3358,N
2025,FR,RTS FM,Montpellier,9,3332,N
2025,ZA,MFM 92.6,Stellenbosch,60,3331,N
2025,ZA,Heart FM,Cape Town,51,3299,N
2025,FR,Radio Mont-Blanc,Annecy,3,3264,N
2025,CH,Radio Pilatus,Luzern,10,3247,N
2025,ZA,5FM,Bloemfontein,85,3239,N
2025,DE,Planet Radio,Frankfurt,48,3218,N
2025,SK,Fun Radio,Bratislava,10,3210,N
2025,FR,Fréquence Plus,Beaune,6,3200,N
2025,RO,One fm,Bucharest,7,3197,N
2025,CH,Vibration 108,Sion,11,3182,N
2025,DK,The Voice,Copenhagen,18,3176,N
2025,FR,Vibration,Orléans,8,3176,N
2025,GH,Adom FM,Accra,117,3168,N
2025,US,95.7 Jamz,"Midfield, AL",24,3166,N
2025,CA,KWPZ-FM [Praise 106.5],"Vancouver, BC",1,3164,N
2025,US,WHZT-FM,"Spartanburg, SC",14,3148,N
2025,FI,NRJ Finland,Helsinki,5,3130,N
2025,US,The Joint,"Washington, D.C.",26,3124,N
2025,DE,You FM,Frankfurt,21,3109,N
2025,US,WPGC 95.5,"Washington, D.C.",27,3096,N
2025,US,KPHW-FM (Power Hawaï 104.3 FM),"Houston, TX",11,3081,N
2025,US,KMEL,"San Francisco, CA",15,3075,N
2025,DE,Kiss FM,Berlin,44,3054,N
2025,CH,Radio 24 Pop,Zürich,9,3053,N
2025,DE,Radio Teddy,Schwerin,6,3041,N
2025,DE,WDR 2,Berlin,5,2987,N
2025,FR,Durance FM,Aix-en-Provence,7,2977,N
2025,DE,Radio Nordseewelle,Aurich,7,2977,N
2025,RU,Europa Plus,Moscow,9,2975,N
2025,DE,Antenne Niederrhein,Düsseldorf,6,2964,N
2025,GB,BCfm,Bristol,132,2963,N
2025,GH,Peace FM,Accra,150,2944,N
2025,US,WHHL,"St. Louis, MO",9,2943,N
2025,RO,Virgin Radio Romania,Bucharest,19,2932,N
2025,BE,NRJ België,Brussels,12,2923,N
2025,FR,La Radio Plus,Paris,8,2920,N
2025,DE,Antenne Unna,Unna,7,2918,N
2025,US,WBLS FM,"New York, NY",62,2916,N
2025,RO,Radio Zu,Constanța,9,2906,N
2025,US,K104,"Dallas, TX",7,2905,N
2025,BE,Fun Radio BL,Brussels,72,2900,N
2025,DE,Antenne Münster,Münster,15,2892,N
2025,US,Pandora Now,"Washington, D.C.",7,2878,N
2025,FR,Sweet FM,Le Mans,7,2867,N
2025,LB,Virgin Radio 89.5,Bayrut,16,2865,N
2025,GR,Yes! 91.2,Thessaloníki,12,2855,N
2025,US,KLJY-FM (JOY Saint Louis 99.1 FM),"St. Louis, MO",2,2848,N
2025,FR,Radio Espace,Lyon,20,2834,N
2025,DE,BB Radio,Potsdam,5,2825,N
2025,ES,RAC 105,Barcelona,6,2818,N
2025,DE,Radio 91.2 Lokalfunk Dortmund,Dortmund,6,2816,N
2025,US,KBXX,"Houston, TX",15,2807,N
2025,EE,MyHits,Tallinn,4,2783,N
2025,AT,Antenne Vorarlberg,Vienna,6,2782,N
2025,US,KOPW-FM (Omaha's Power 106.9 FM),"Plattsmouth, NE",25,2779,N
2025,US,Power 107.5,"Colombus, OH",31,2777,N
2025,CH,SRF Virus,Basel,38,2771,N
2025,SK,Radio Expres,Bratislava,7,2768,N
2025,DE,Radio Bonn/Rhein-Sieg,Bonn/Rhein-Sieg,7,2764,N
2025,DE,Antenne [Düsseldorf],Düsseldorf,6,2758,N
2025,DE,Jump,Halle (Saale),5,2733,N
2025,FR,Radio ECN,Mulhouse,20,2730,N
2025,DE,Radio Köln,Köln,7,2709,N
2025,CH,Toxic FM,Sankt Gallen,12,2695,N
2025,FR,Radio Contact,Lille,13,2672,N
2025,NL,Radio Decibel,Hilversum,1,2667,N
2025,US,LITT Hip-Hop,Los Angeles,23,2652,N
2025,BE,MNM,Veltem-Beisem,47,2644,N
2025,UY,Radio Disney Uruguay,Montevideo,4,2644,N
2025,US,WBTJ,"Richmond, VA",34,2634,N
2025,DE,RPR1,Rheinland-Pfalz,10,2629,N
2025,PT,RFM,Lisbon,5,2628,N
2025,MA,Radio Mars,Casablanca,52,2588,N
2025,FR,Direct FM,Metz,5,2575,N
2025,FR,RTL2,Paris,6,2571,N
2025,FR,ARL,Bordeaux,6,2570,N
2025,FR,Radio Scoop,Roanne,9,2555,N
2025,NL,Qmusic Non-Stop,Hilversum,4,2554,N
2025,NL,SLAM!,Hilversum,23,2551,N
2025,DE,Baden FM,Stuttgart,4,2538,N
2025,DE,Antenne 1 Baden-Württemberg,Stuttgart,7,2535,N
2025,PT,Cidade,Lisbon,8,2531,N
2025,US,WGTS-FM,"Washington, D.C.",1,2517,N
2025,ES,AB 95 FM,Albacete,10,2516,N
2025,BE,Top Radio,Poperinge,9,2513,N
2025,GR,"Dromos 89,8",Athens,1,2508,N
2025,BE,100'5 Das Hitradio,Eupen,9,2507,N
2025,FR,Radio Star (Sud),Marseille,6,2507,N
2025,FR,Wit FM,Angoulême,5,2503,N
2025,FR,3DFM,Arles,6,2474,N
2025,US,Hot Z 95,"Corpus Christi, TX",18,2473,N
2025,US,WWKL,"Harrisburg, PA",8,2471,N
2025,LU,RTL Radio Lëtzebuerg,Dudelange,5,2464,N
2025,US,Z-107.9,"Cincinnati, OH",22,2455,N
2025,FR,Rinse,Paris,84,2445,N
2025,NL,Radio 538,Hilversum,15,2437,N
2025,FR,Raje,Paris,23,2435,N
2025,FR,Delta FM,Dunkirk,5,2426,N
2025,US,WAMJ-FM,"Atlanta, GA",41,2424,N
2025,US,KDGS-FM,"Wichita, KS",28,2423,N
2025,US,ENERGY98,"Portland, OR",5,2413,N
2025,FR,Fréquence 3,Paris,9,2409,N
2025,FR,Radio Menergy,Albi,6,2404,N
2025,GF,Guyane La 1ère,Remire-Montjoly,82,2394,N
2025,GB,Radio Cardiff,Cardiff,94,2390,N
2025,BE,RTBF Jam,Brussels,68,2388,N
2025,FR,NRJ at home,Paris,24,2388,N
2025,FR,Mistral FM,Toulon,15,2368,N
2025,FR,Cerise FM,Mulhouse,7,2359,N
2025,LT,European Hit Radio,Vilnius,12,2343,N
2025,BE,Kif Radio,Brussels,79,2337,N
2025,FR,Radio Camargue,Nîmes,6,2321,N
2025,FR,RFM,Paris,5,2308,N
2025,FR,Lor'FM,Metz,12,2305,N
2025,RU,Like FM,Moscow,4,2301,N
2025,FR,K6 FM,Dijon,6,2281,N
2025,US,KEZE-FM (Hot 96.9FM Spokane),"Spokane, WA",16,2274,N
2025,LU,L'essentiel Radio,Differdange,13,2273,N
2025,US,KCAQ-FM,"Ventura, CA",18,2273,N
2025,FR,RVM,Charleville-Mézières,14,2261,N
2025,CH,Rouge Fm,Lausanne,14,2255,N
2025,FR,ODS Radio,Aix-les-Bains,5,2254,N
2025,AT,ORF Hitradio Ö3,Vienna,8,2251,N
2025,ES,Europa FM,Madrid,7,2246,N
2025,BE,Contact,Mons,17,2242,N
2025,LT,Radiocentras,Alytus,12,2236,N
2025,AT,Life Radio,Linz,8,2229,N
2025,GB,Foundation FM,London,68,2226,N
2025,FR,Alpes 1,Grenoble,3,2225,N
2025,FR,Océane,Lannion,2,2216,N
2025,DE,Bremen Vier,Bremen,14,2211,N
2025,AU,Double J,Canberra,18,2202,N
2025,FR,Radiocean,Quimperlé,2,2202,N
2025,ES,Flaix FM,Barcelona,8,2190,N
2025,ZA,GoodHope FM,Cape Town,55,2188,N
2025,DE,Fritz,Potsdam,25,2173,N
2025,UA,Lux FM (Pадіо Люкс) Lviv,L'viv,6,2172,N
2025,NL,Qmusic,Amsterdam,9,2168,N
2025,DE,SWR 3,Stuttgart,14,2156,N
2025,FR,Tendance Ouest,Rouen,7,2153,N
2025,FR,NRJ,Paris,26,2150,N
2025,NO,NRJ Norway,Bergen,4,2146,N
2025,FI,Kiss,Helsinki,4,2146,N
2025,US,WFLC,"Miami, FL",8,2143,N
2025,DK,Radio ABC,Randers,14,2123,N
2025,US,102 JAMZ,"Reidsville, NC",20,2118,N
2025,MT,89.7 Bay,Valletta,21,2112,N
2025,MY,Fly FM,Kota Bharu,24,2111,N
2025,DE,Die Neue Welle,Karlsruhe,4,2108,N
2025,DE,SR1 Europawelle,Saarbrücken,6,2105,N
2025,FR,Kiss FM [St Tropez/Monaco],Nice,11,2105,N
2025,FR,Kiss FM [Toulon/Marseille],Marseille,11,2099,N
2025,US,KSFM-FM (KSFM Sacramento 102.5 FM),"Sacramento, CA",21,2089,N
2025,MT,Vibe FM,Valletta,23,2084,N
2025,HR,Antena Zagreb,Zagreb,12,2082,N
2025,DE,MDR Tweens,Leipzig,6,2080,N
2025,HR,Otvoreni Radio,Zagreb,7,2068,N
2025,AT,Antenne Steiermark,Bruck an der Mur,8,2063,N
2025,BE,NRJ Belgique,Brussels,31,2059,N
2025,FR,Top FM,Marseille,10,2055,N
2025,NL,Kiss FM,Almere,7,2027,N
2025,AE,Pulse 95 FM,Dubai,29,2017,N
2025,BE,Tipik [ex Pure FM],Liège,33,2014,N
2025,NL,Sky Radio,Hilversum,3,2001,N
2025,IT,Discoradio,Lombardy,7,1985,N
2025,DE,HR3,Frankfurt,11,1985,N
2025,AT,KroneHit 105.8,Vienna,9,1982,N
2025,FR,Radio RMB,Montluçon,13,1979,N
2025,FR,Cannes Radio,Cannes,6,1973,N
2025,NZ,George FM,Tauranga,13,1972,N
2025,AT,Radio Austria,Vienna,3,1969,N
2025,US,KSOC,"Dallas, TX",17,1968,N
2025,NL,LINDA Radio,Hilversum,2,1968,N
2025,DE,Ostseewelle HIT-RADIO Mecklenburg-Vorpommern,Berlin,7,1966,N
2025,SE,P3,Stockholm,58,1960,N
2025,DE,Antenne [Thüringen],Erfurt,6,1951,N
2025,IT,Radio m2o,Lazio,31,1941,N
2025,RO,Radio Impuls,Cluj,15,1931,N
2025,CA,CKOI,"Montreal, QC",3,1931,N
2025,BE,RGR FM,Westerlo,6,1930,N
2025,ES,Marcha FM,Las Palmas,8,1930,N
2025,ES,Los 40 Dance [Máxima FM],Barcelona,17,1929,N
2025,DE,Radio Salü,Saarbrücken,6,1926,N
2025,US,HOT 96.9 Boston,"Boston, MA",8,1914,N
2025,DE,Radio Klinikfunk,Wiesbaden,6,1886,N
2025,GR,Music 89.2,Athens,12,1882,N
2025,PT,Rádio Comercial,Lisbon,5,1879,N
2025,GB,Radio Essex,London,12,1878,N
2025,RO,Kiss FM,Bucharest,40,1869,N
2025,SE,Rix FM,Stockholm,5,1867,N
2025,AU,Triple J,Sydney,56,1866,N
2025,US,KISV-FM,"Bakersfield, CA",13,1861,N
2025,ES,La Fresca FM,Alicante,11,1861,N
2025,ID,94.8 DJFM,Surabaya,24,1859,N
2025,GB,Capital Dance,London,5,1849,N
2025,FR,Radio 6,Calais,8,1849,N
2025,PL,Radio Kampus FM,Warsaw,37,1839,N
2025,FR,FIP autour du monde,Paris,16,1826,N
2025,FR,Prysm Radio 1,Paris,6,1819,N
2025,FR,Top Music,Strasbourg,7,1802,N
2025,FR,Canal FM,Aulnoye-Aymeries,9,1796,N
2025,ES,Cadena 100,Madrid,4,1794,N
2025,FR,Inside,Pau,8,1793,N
2025,FR,Forum,Orléans,4,1793,N
2025,DE,Radio Zwickau,Zwickau,7,1780,N
2025,FR,Maritima Radio,Marseille,10,1779,N
2025,GB,Delite Radio,London,43,1765,N
2025,GH,Onua 95.1 FM,Accra,132,1761,N
2025,FR,Happy Radio,Bergerac,4,1760,N
2025,US,Wild 101,"Boise, ID",6,1743,N
2025,DE,Radio Leipzig,Leipzig,7,1734,N
2025,IT,Radioshakehit,Turin,33,1711,N
2025,EE,ERR Raadio 2,Rakvere,63,1711,N
2025,DE,Radio Dresden,Dresden,6,1700,N
2025,GB,Kiss Dance,N,7,1699,N
2025,DE,Radio Chemnitz,Chemnitz,5,1699,N
2025,FR,Fréquence Grands Lacs,Bordeaux,8,1698,N
2025,US,562live Long Beach,Los Angeles,29,1695,N
2025,AT,KroneHit Electric,Vienna,10,1694,N
2025,FR,Blackbox,Bordeaux,18,1688,N
2025,AU,Radio Metro,Gold Coast,48,1684,N
2025,US,KRRL-FM Real 92.3,"Los Angeles, CA",12,1672,N
2025,FR,Europe 2 Pop Rock,Paris,2,1666,N
2025,DO,Latidos 93.7,Santo Domingo,5,1661,N
2025,GB,Platform B,Brighton,50,1651,N
2025,US,KKUU U92.7 FM,"Palm Springs, CA",10,1648,N
2025,FR,Radio Intensité,Châteaudun,23,1647,N
2025,FI,Radio Rock,Helsinki,1,1642,N
2025,MX,XHMA-FM,"Guadalajara, JA",4,1639,N
2025,HR,Prvi karlovački - WOW Hits,Karlovac,19,1630,N
2025,FI,YLE X3M,Helsinki,40,1628,N
2025,DE,Sunshine Live,Stuttgart,18,1625,N
2025,GB,Reform Radio,Manchester,108,1624,N
2025,CH,1 FM Dance One,Zug,6,1619,N
2025,ES,Loca Latino,Madrid,15,1612,N
2025,NO,NRK P3,Steigen,27,1599,N
2025,CA,ICI Musique,Toronto,85,1598,N
2025,FR,Jaime Radio,Lorient,12,1583,N
2025,US,KYMT-F2 Real 103.9,Las Vegas,17,1569,N
2025,FR,Rire et Chansons,Paris,2,1569,N
2025,FR,Montagne FM,Saint-Jean-de-Maurienne,7,1565,N
2025,ZA,Ukhozi FM,Johannesburg,74,1561,N
2025,FO,VoxPop,Tórshavn,20,1558,N
2025,US,Octane,"Washington, D.C.",1,1554,N
2025,AT,FM4,Vienna,50,1545,N
2025,US,KEXP,"Seattle, WA",130,1542,N
2025,ES,Radio Mallorca,Mallorca,10,1541,N
2025,NL,NPO 3FM,Hilversum,27,1538,N
2025,BE,One World Radio,Brussels,15,1535,N
2025,UA,Хіт FM (Hit FM),Kiev,3,1532,N
2025,IE,RTÉ 2FM,Dublin,56,1526,N
2025,IT,Radio Studio Piu',Pedaso,10,1526,N
2025,RO,Digi FM,Bucharest,10,1521,N
2025,DK,myROCK,Copenhagen,2,1517,N
2025,FR,Oxygène Radio,Segré,9,1513,N
2025,DE,SWR 4 BW,Stuttgart,12,1502,N
2025,GR,Kosmos Radio 93.6 & 107.0,Athens,22,1501,N
2025,DE,NDR 2,Hamburg,14,1499,N
2025,DE,Deutschlandfunk Nova,Köln,37,1498,N
2025,TH,MCOT-Met 107 FM,Bangkok,30,1490,N
2025,FR,Jordanne FM,Aurillac,7,1485,N
2025,ES,iCat FM,Barcelona,25,1481,N
2025,RO,Bucuresti FM,Bucharest,14,1479,N
2025,DE,Hit Radio Ohr,Freiburg im Breisgau,18,1474,N
2025,GB,Funky Essex,Costessey,77,1467,N
2025,US,KHTE The Box 96.5 FM,Little Rock,14,1467,N
2025,US,KWEE-FM,"Portland, OR",10,1461,N
2025,GB,Kiss FM,London,36,1459,N
2025,BR,Metropolitana Pop,São Paulo,18,1459,N
2025,PL,RMF MAXXX,Zabrze,7,1458,N
2025,ZW,Star FM (Zimbabwe),Harare,109,1452,N
2025,IS,K100 (Kaninn FM),Reykjavík,5,1449,N
2025,NC,Nouvelle-Caledonie La 1ère,Nouméa,32,1447,N
2025,ES,Ibiza 1 Radio,Ibiza,7,1445,N
2025,US,KZZP,"Phoenix, AZ",22,1444,N
2025,CH,Radio Freiburg,Fribourg,6,1444,N
2025,US,KXT,Dallas,9,1442,N
2025,FR,Radio Fuego,Paris,19,1439,N
2025,CH,RTS Couleur 3,Mont Salève,110,1433,N
2025,ZA,East Coast Radio,Durban,27,1433,N
2025,FR,La musique d'Inter,Paris,5,1433,N
2025,CO,La X,Medellín,14,1432,N
2025,GB,All FM,Manchester,110,1425,N
2025,IL,Beat Radio,Jerusalem,17,1423,N
2025,FR,Atomic Radio,Pau,13,1422,N
2025,LV,Radio Tev,Riga,4,1421,N
2025,US,WVKL-FM (95.7 FM R&B Norfolk Urban Music),Norfolk,4,1420,N
2025,FR,Sea FM,Avranches,4,1419,N
2025,LU,Radio Aktiv,Echternach,6,1418,N
2025,DE,CT Das Radio,Bochum,20,1409,N
2025,BW,Duma FM,Gaborone,92,1402,N
2025,DE,NDR 1 Niedersachsen,Hannover,12,1399,N
2025,CH,Radio X,Basel,56,1396,N
2025,FI,Radio City,Helsinki,1,1395,N
2025,FR,Metropolys,Lille,8,1392,N
2025,FR,Radio Krimi,Paris,20,1388,N
2025,HU,Aktív Rádió,Szolnok,7,1387,N
2025,US,Mix 106.5 FM,"Baltimore, MD",4,1386,N
2025,US,Pitbull Globalization,"Washington, D.C.",8,1384,N
2025,IT,Radio Ibiza,Naples,18,1382,N
2025,FR,Flor FM,Mulhouse,21,1380,N
2025,LT,Radio M-1,Vilnius,11,1377,N
2025,NL,NPO 3FM KX,Hilversum,11,1377,N
2025,NL,538 Ibiza,Hilversum,4,1376,N
2025,MX,XHMIA-FM [89.3 FM],"Merida, YU",6,1366,N
2025,RU,Radio Record,Saint Petersburg,18,1365,N
2025,CL,Radio Disney Chile 104.9 FM Santiago,Santiago,4,1365,N
2025,FR,Chérie FM,Paris,5,1362,N
2025,LT,Zip FM,Vilnius,12,1360,N
2025,HR,Enter Zagreb,Zagreb,14,1352,N
2025,US,KUTX,Leander,13,1350,N
2025,FR,RFI,Paris,98,1349,N
2025,PE,Radio Moda,Lima,7,1346,N
2025,IE,Spin 1038,Dublin,55,1345,N
2025,UA,Lux FM 103.1 (Pадіо Люкс),Kiev,5,1345,N
2025,NL,538 Dance Radio,Hilversum,11,1344,N
2025,US,KTED 100.5,"Casper, WY",2,1344,N
2025,AL,Radio Tirana 2,Tirana,10,1343,N
2025,ID,Z 99.9 FM,Jakarta,10,1339,N
2025,US,WNXP,Nashville,15,1337,N
2025,PL,Radio Eska,Warsaw,4,1335,N
2025,ES,UNIKA FM,Madrid,56,1334,N
2025,US,WZFL,"Miami, FL",13,1330,N
2025,MX,Radio Chilango,Mexico City,9,1326,N
2025,MQ,Martinique La 1ère,Fort-de-France,56,1313,N
2025,SG,987FM,Singapore,8,1313,N
2025,US,WHYI,"Miami, FL",10,1309,N
2025,RS,Radio AS FM,Novi Sad,8,1304,N
2025,FR,OUI FM ALTERNATIF,Paris,1,1303,N
2025,FR,Horizon,Rouen,8,1283,N
2025,DE,Radio Q,Berlin,17,1281,N
2025,IT,Radio Suby,Umbria,3,1280,N
2025,FR,H2O Annecy,Annecy,6,1274,N
2025,FI,Radio Nova,Helsinki,5,1266,N
2025,PE,Onda Cero,Lima,4,1252,N
2025,US,KCRW,"Los Angeles, CA",42,1250,N
2025,MX,Match FM,Mexico City,8,1250,N
2025,DE,Radio Cottbus 94.5,Cottbus,6,1250,N
2025,US,WMMJ-FM,"Bethesda, MD",14,1249,N
2025,RO,ProFM Black,Bucharest,14,1243,N
2025,RO,Europa FM,Bucharest,15,1240,N
2025,MX,XHESL [Exa 102.1 FM],"San Luis Potosi, SL",13,1237,N
2025,CZ,Evropa 2,Prague,9,1237,N
2025,DE,LandesWelle,Erfurt,12,1229,N
2025,US,KPAT-FM (The Beat San Maria 95.7 FM),"Orcutt, CA",9,1229,N
2025,MX,XHMG-FM [Digital 102.9 FM],"Monterrey, NL",4,1224,N
2025,YT,Mayotte La 1ère,Mamoudzou,87,1221,N
2025,FR,Activ Radio,Saint-Etienne,9,1221,N
2025,SE,NRJ Sweden,Stockholm,12,1221,N
2025,FI,HitMix,Helsinki,3,1217,N
2025,US,WWWQ,"Atlanta, GA",13,1216,N
2025,AU,FBI,Sydney,107,1207,N
2025,DK,NOVA,Copenhagen,6,1204,N
2025,SE,Radio Disney,Stockholm,3,1203,N
2025,CA,WKND,"Quebec City, QC",4,1202,N
2025,PL,Polskie Radio Czwórka,Warsaw,44,1201,N
2025,NO,NRJ Norge,Oslo,4,1197,N
2025,RU,DFM Радио 101.2 FM (DFM Radio),Moscow,4,1196,N
2025,FR,47 FM,Agen,4,1196,N
2025,MX,XHGR-FM - Los 40 Xalapa - 104.1 FM,"Xalapa, VE",9,1189,N
2025,FI,YLEX,Helsinki,20,1186,N
2025,DE,Cosmo WDR,Köln,3,1183,N
2025,LV,Saules Radijas,Šiauliai,22,1181,N
2025,US,Q97.1,"Visalia, CA",9,1180,N
2025,BR,Jovem Pan,"São Paulo, SP",10,1178,N
2025,DE,Ego FM,Munich,6,1174,N
2025,DE,NDR Blue,Hamburg,48,1172,N
2025,NO,NRK P13,Oslo,37,1168,N
2025,DE,Classic Rock Radio,Saarbrücken,1,1166,N
2025,FR,Magnum La Radio,Mulhouse,6,1163,N
2025,DE,Radio Bob!,Frankfurt,1,1162,N
2025,US,WIOQ,"Philadelphia, PA",11,1160,N
2025,FR,C Lab,Rennes,79,1157,N
2025,US,POWER106,"Los Angeles, CA",14,1157,N
2025,PT,Rádio Benedita FM 88.1,Benedita,17,1152,N
2025,US,KYKY-FM (Y Saint Louis 98.1 FM),"St. Louis, MO",6,1148,N
2025,DE,Byte FM,Hamburg,39,1144,N
2025,AR,Radio One,Buenos Aires,14,1143,N
2025,FR,Collines La Radio,Cerizay,5,1142,N
2025,CZ,ČRo Radio Wave,Prague,14,1139,N
2025,DE,Das Neue Rsa Radio,Frankfurt,10,1138,N
2025,DE,Donau 3 Fm,Ulm,6,1135,N
2025,BE,Studio Brussel,Brussels,22,1133,N
2025,FR,Totem,Paris,5,1131,N
2025,BE,BRF 1,Eupen,6,1124,N
2025,US,WSUN - El Nuevo Zol 97.1,"Tampa, FL",3,1124,N
2025,MX,XHERZ-FM [Los 40 93.1],"Leon, GT",10,1120,N
2025,US,KLLC-FM,"San Francisco, CA",1,1118,N
2025,US,WFBC-FM (B93.7 FM Greenville Pop Music),"Greenville, SC",5,1115,N
2025,FR,Prun',Nantes,33,1112,N
2025,CH,Radio RTN,Saint-Blaise,6,1100,N
2025,AT,88.6 Wien,Vienna,1,1099,N
2025,ID,Phoenix Radio 91 FM,Bali,25,1097,N
2025,FR,Radio Galere,Marseille,36,1096,N
2025,PT,RTP Antena 3,Lisbon,27,1096,N
2025,IT,Radio Playstudio,Emilia–Romagna,10,1094,N
2025,LV,Latvijas radio 5,Riga,33,1088,N
2025,IT,Radio Piterpan,Veneto,33,1085,N
2025,US,WTDY-FM,"Philadelphia, PA",3,1084,N
2025,DE,Radio FFN,Hanover,8,1083,N
2025,PT,Rádio Oxigénio,Lisbon,39,1082,N
2025,DE,RADIO BOB Rockt Schleswig-Holstein,Kiel,1,1082,N
2025,DE,Radio Paradiso,Berlin,2,1078,N
2025,DE,Radio Charivari Regensburg,Ingolstadt,4,1076,N
2025,BR,Metropolitana 98.5 FM,"São Paulo, SP",8,1074,N
2025,EE,Sky Plus,Tallinn,2,1071,N
2025,IT,Radio 105,Lombardy,30,1069,N
2025,DE,Radio IN,Ingolstadt,4,1069,N
2025,MX,XHNU-FM [Súper 94.5 FM],"Acapulco, GR",1,1069,N
2025,PE,Radio Disney Peru,Lima,6,1067,N
2025,NO,Topp 40,Oslo,2,1067,N
2025,US,105.9 KISS-FM,"Lawrence, KS",11,1064,N
2025,CH,Radio Chablais,Bern,7,1061,N
2025,CH,Radio Basilisk,Bern,5,1061,N
2025,US,WNYU-FM,"New York, NY",97,1060,N
2025,FR,SooGood Radio,Paris,5,1056,N
2025,DE,Radio Ramasuri,Bayreuth,4,1055,N
2025,BG,N-JOY,Sofia,10,1054,N
2025,US,KOIT-FM,"San Francisco, CA",1,1054,N
2025,FR,RMN,Pontivy,10,1043,N
2025,US,XHITZ,"San Diego, CA",6,1042,N
2025,GR,Kiss FM 92.2,Athina,2,1029,N
2025,DE,Berliner Rundfunk 91.4,Berlin,1,1028,N
2025,FR,Nice Radio,Ashburton,13,1025,N
2025,US,Nexus Radio,"Chicago, IL",3,1022,N
2025,GB,BBC Radio 6,London,45,1014,N
2025,GB,Soho Radio,London,111,1013,N
2025,LU,"radio 100,7",Luxembourg,17,1010,N
2025,US,Star 99.9,"Bridgeport, NJ",5,1007,N
2025,FR,Radio SCOOP Gold,Gap,5,1005,N
2025,US,Hip Hop Nation,"Washington, D.C.",6,1005,N
2025,CA,CBC Radio 2 Halifax,"Saint John, NB",60,1004,N
2025,DE,Radio Charivari Rosenheim,Wasserburg am Inn,5,1004,N
2025,FR,FG Chic,Paris,16,1002,N
2025,FR,Radio VFM,Vire,8,996,N
2025,ES,Los 40,Rioja,10,993,N
2025,FR,Radio FG,Paris,19,992,N
2025,DE,Bayernwelle Südost,Freilassing,7,987,N
2025,MX,XHOB-FM [Factor 93.1 FM],"San Luis Potosi, SL",9,986,N
2025,DE,Radio Neunkirchen,Saarbrücken,6,986,N
2025,DE,Radio Homburg,Saarbrücken,7,986,N
2025,CA,CKIS-FM (Kiss 92.5),Toronto,12,982,N
2025,FR,Oui FM,Paris,1,978,N
2025,CH,LFM,Lausanne,5,973,N
2025,PL,Radio ZET,Szczecin,5,969,N
2025,US,WXHT Hot 102.7,Madison,6,963,N
2025,US,WYKS,"Gainesville, GA",5,958,N
2025,CH,SRF3,Zürich,19,958,N
2025,CO,La Mega,Bogotá,11,955,N
2025,NL,ZFM,Zoetermeer,15,955,N
2025,DK,DR P3,Copenhagen,56,954,N
2025,FR,FIP Metal,Paris,3,954,N
2025,US,WJFX-FM (Online Fort Wayne Hot 107.9 FM),"Fort Wayne, IN",3,953,N
2025,ES,Radio Surco,Villarrobledo,8,952,N
2025,DE,NDR Info,Hamburg,14,949,N
2025,BR,Educadora,"Salvador, BA",11,947,N
2025,IT,Radio Number One,Rome,9,945,N
2025,CH,Radio Canal 3,Basel,11,936,N
2025,GB,Kerrang!,London,1,936,N
2025,US,My 102.7,"Spring Creek, VA",2,934,N
2025,FR,Radio Campus Clermont Ferrand,Clermont-Ferrand,22,931,N
2025,FR,Radio Valois Multien,Crépy-en-Valois,9,930,N
2025,FR,Maxximum,Paris,16,927,N
2025,US,WRMF-FM,"Palm Beach, FL",2,926,N
2025,FR,Radio Caroline,Rennes,5,920,N
2025,MX,XHFAJ-FM [Alfa 91.3],"Mexico City, DF",7,918,N
2025,FR,Alternantes FM,Nantes,57,914,N
2025,PT,Rádio Canal FM,Angra do Heroísmo,14,914,N
2025,US,WOMX-FM (Mix 105.1FM Orlando Pop Music),"Orlando, FL",4,914,N
2025,IL,KZ Radio Israel,Jerusalem,88,907,N
2025,US,Radio Milwaukee: WYMS,Milwaukee,17,906,N
2025,DE,Radio Alpenwelle,Walchensee,5,905,N
2025,NL,Omroep Zeeland,Amsterdam,2,904,N
2025,US,KKOB,"Albuquerque, NM",6,903,N
2025,LU,RTL Today Radio,Luxembourg,38,899,N
2025,ZA,Motsweding FM,Johannesburg,82,897,N
2025,PT,Rádio Radar,Lisbon,11,897,N
2025,DE,NDR 1 Welle Nord,Flensburg,11,889,N
2025,DE,Antenne Landau,Frankfurt,10,888,N
2025,CH,Radio Zürisee,Zurich,5,887,N
2025,US,WPXY-FM (98 PXY Rochester 97.9 FM),"Rochester, NY",4,886,N
2025,LV,Star FM,Riga,10,885,N
2025,AE,STAR FM,Dubai,6,883,N
2025,FR,Phare FM,Paris,4,883,N
2025,PL,Radio Bielsko,Bielsko-Biała,8,877,N
2025,DE,NDR 1 Radio MV,Greifswald,13,874,N
2025,DZ,Chaine III,Algiers,81,871,N
2025,US,WFLY-FM,"Troy, MI",3,870,N
2025,ZA,947,Rivonia,53,869,N
2025,FR,Radio En Construction,Strasbourg,12,867,N
2025,DE,Charivari 98.6,Nürnberg,10,864,N
2025,CH,Rabe,Bern,41,859,N
2025,IT,Radio Zeta,Rome,5,858,N
2025,MY,Sinar FM,Johor Bahru,2,857,N
2025,ZA,Radio NFM Nuus,Cape Town,69,856,N
2025,US,Diplo's Revolution,"Washington, D.C.",6,855,N
2025,FR,Skyrock,Paris,40,850,N
2025,UY,Concierto Punta 95.1 FM,Punta del Este,14,850,N
2025,US,WLDI,"West Palm Beach, FL",9,849,N
2025,DE,Antenne Frankfurt,Frankfurt,34,847,N
2025,PL,RMF FM,Koszalin,4,847,N
2025,US,WRIF,"Detroit, MI",1,847,N
2025,AU,Kiss FM,Melbourne,71,839,N
2025,GB,Gorgeous FM,Birmingham,8,836,N
2025,US,WAYV-FM,"Atlanta, GA",6,836,N
2025,DE,Star FM,Berlin,1,833,N
2025,US,WQLZ,"Springfield, IL",1,830,N
2025,GB,Hot Radio,Poole,22,828,N
2025,US,WIYY,"Baltimore, MD",2,824,N
2025,IE,FM104,Dublin,64,814,N
2025,DE,Rock Antenne,Ingolstadt,1,813,N
2025,GB,Worldwide FM,London,61,804,N
2025,FR,Radio Grenouille,Marseille,42,802,N
2025,MX,XHJD-FM [D99 ],"Monterrey, NL",16,802,N
2025,PT,Rádio Marginal,Cascais,7,801,N
2025,US,Planet 102.3,"Corpus Christi, TX",5,801,N
2025,DE,Star Fm Nürnberg,Lauf an der Pegnitz,1,801,N
2025,BE,Urgent FM,Ghent,93,800,N
2025,SK,RTV Rádio_FM,Bratislava,21,797,N
2025,FR,Radio Phénix,Caen,7,795,N
2025,US,WORT 89.9 FM Community Radio,Madison,86,794,N
2025,FR,OUI FM Rock Indé,Paris,2,792,N
2025,US,WBEB-FM,"Philadelphia, PA",2,789,N
2025,US,Mix 93.9,"Kansas City, MO",1,789,N
2025,DE,Antenne Pirmasens,Saarbrücken,9,788,N
2025,DE,Antenne Zweibrücken,Saarbrücken,10,786,N
2025,DE,"Radio Gong 97,1 Nürnberg",Nürnberg,11,786,N
2025,GB,Premier Christian Radio,London,25,784,N
2025,DE,Antenne Kaiserslautern,Mannheim,9,784,N
2025,FR,FIP Hip-hop,Paris,10,783,N
2025,IT,Canale Italia,Veneto,5,780,N
2025,FR,RCV99,Lille,28,779,N
2025,US,KHKS,"Dallas, TX",10,765,N
2025,US,The Detroit Praise Network,Detroit,14,763,N
2025,MK,Antenna 5,Skopje,15,758,N
2025,ZA,Tru FM,Johannesburg,72,756,N
2025,DE,rbb 88.8 FM,Berlin,5,754,N
2025,US,Colorado Public Radio's Open Air,"Laporte, IN",5,754,N
2025,GB,Fun Kids,London,3,753,N
2025,FR,Latina @work,Paris,1,753,N
2025,US,Indie102.3,Denver,5,752,N
2025,US,KALV-FM (Live Phoenix 101.5 FM),"Phoenix, AZ",13,743,N
2025,US,KHTH Hot 101.7 FM,"Santa Rosa, CA",3,740,N
2025,IT,Radionorba,Apulia,8,739,N
2025,GB,NTS,London,144,737,N
2025,FR,Radio Activ' 101.9 fm,Saint-Brieuc,50,736,N
2025,US,1075 KZL,"Winston-Salem, NC",5,736,N
2025,IT,Radio Company,Udine,13,735,N
2025,US,WLZX-FM,"Springfield, MA",2,733,N
2025,BR,Energia 97 FM,"São Paulo, SP",7,730,N
2025,DE,Antenne Bad Kreuznach,Frankfurt,5,730,N
2025,US,Rock 102,"Tucson, AR",1,730,N
2025,US,WKSE-FM (KISS Niagara Falls 98.5FM),"Niagara Falls, NY",3,729,N
2025,CO,Radionica,Bogotá,33,728,N
2025,GP,Guadeloupe La 1ère,Baie-Mahault,62,728,N
2025,FR,Fun Radio,Paris,18,727,N
2025,GB,Capital FM [London],London,6,727,N
2025,GB,Capital FM [Edinburgh],Edinburgh,6,725,N
2025,GB,Capital FM [Liverpool],Liverpool,6,725,N
2025,FR,Latina,Paris,9,725,N
2025,DE,Ahoy Radio,Hamburg,7,723,N
2025,GB,2BR,Manchester,6,722,N
2025,GB,Capital South Wales,Cardiff,6,719,N
2025,TR,Radyo S,Bursa,31,716,N
2025,DE,B 5 Aktuell,Würzburg,11,716,N
2025,CA,CHUM,"Toronto, ON",3,715,N
2025,AE,Beat 97.8 FM,Dubai,14,715,N
2025,MX,XHPOP-FM [Radio Disney 99.3],"Mexico City, DF",8,715,N
2025,US,KMCK-FM (Power Arkansas 105.7FM),"Fayetteville, AR",7,715,N
2025,FR,FIP autour du groove,Paris,12,715,N
2025,FR,Latina Fiesta,Paris,8,715,N
2025,IT,Radio Globo,Rome,5,712,N
2025,IT,Deejay,Milan,28,711,N
2025,DE,AFK Max,Nürnberg,18,711,N
2025,GB,BBC Radio 1 Dance,London,18,710,N
2025,FR,Plein Air,Besançon,7,708,N
2025,BE,Radio Campus Bruxelles,Brussels,104,707,N
2025,CH,Radio Neo1,Langnau,7,705,N
2025,HN,Exa Honduras,Tegucigalpa,10,702,N
2025,FR,Radio Arc en Ciel,Strasbourg,12,699,N
2025,US,Novaphonic.FM,Dayton,14,697,N
2025,FR,FG Dance,Paris,14,697,N
2025,BR,Kiss FM,"São Paulo, SP",1,697,N
2025,FR,Radio Dio,Saint-Etienne,17,696,N
2025,US,WZOK,"Rockford, IL",6,694,N
2025,US,KTBG,Warrensburg,12,692,N
2025,FR,Radio Campus Besançon,Besançon,17,691,N
2025,IT,Radio Raheem,Milano,31,689,N
2025,US,KBOO,Portland,79,688,N
2025,CH,my105 - dance,Bern,8,688,N
2025,DE,HR 2,Frankfurt,11,686,N
2025,GB,Slack City,London,29,681,N
2025,DE,RBB Radioeins,Berlin,20,681,N
2025,BE,Radio 1,Brussels,16,678,N
2025,RO,Radio Deep Romania,Bucharest,18,677,N
2025,US,WXKS,"Boston, MA",6,671,N
2025,ES,Los 40 Urban [KeBuena],Madrid,2,671,N
2025,CO,La X 103.9 FM,Bogotá,10,670,N
2025,MQ,RCI Martinique,Fort-de-France,49,669,N
2025,US,WFPK,Louisville,15,668,N
2025,US,CIDR,"Detroit, MI",8,666,N
2025,US,WZEE,"Madison, WI",9,666,N
2025,GB,Itch FM,London,39,664,N
2025,MX,XHQRO-FM [Radar 107.5],"Queretaro, QT",8,661,N
2025,CA,CIBL,"Montreal, QC",74,656,N
2025,ZA,Thobela FM,Johannesburg,79,655,N
2025,CA,CHYM-FM,"Kitchener, ON",2,655,N
2025,FR,France Inter,Paris,34,654,N
2025,DE,HR 1,Frankfurt,13,652,N
2025,MK,Radio 2 MRT,Skopje,15,650,N
2025,US,KTFM-F2 (Energy San Antonio 94.1FM),"San Antonio, TX",8,649,N
2025,CA,Virgin Radio (CKFM-FM),Toronto,10,647,N
2025,IT,Controradio Firenze,Firenze,14,646,N
2025,DE,HR4 [Hessen],Frankfurt,10,644,N
2025,JP,J-WAVE,Tokyo,70,640,N
2025,CH,Radio Südostschweiz,Chur,10,639,N
2025,DE,Radio Ton,Würzburg,3,639,N
2025,CA,CJFM-FM [Virgin Radio 96],"Montreal, QC",12,637,N
2025,MX,XHUIA-FM [Ibero 90.9],"Mexico City, DF",21,637,N
2025,US,WXXX,"Burlington, VT",12,635,N
2025,IS,Kiss FM 104.5,Reykjavík,3,635,N
2025,US,The Loft,"Washington, D.C.",6,634,N
2025,US,KUPD,"Phoenix, AZ",2,633,N
2025,ES,Radio 3,Pechina,63,632,N
2025,CH,Rhône FM,Bern,3,632,N
2025,CO,Los 40 Principales,Cali,5,632,N
2025,NC,Océane,Nouméa,49,627,N
2025,DE,Bayern 1,Munich,8,627,N
2025,US,WSTR,"Atlanta, GA",3,625,N
2025,FR,Radio MNE,Mulhouse,29,623,N
2025,DE,Deutschlandfunk Kultur,Berlin,24,622,N
2025,US,KUUU-FM (U92 Salt Lake City 92.5 FM),"South Jordan, UT",5,615,N
2025,SG,Kiss92,Singapore,16,614,N
2025,US,WFMF,"Baton Rouge, LA",9,613,N
2025,FR,Virgin Radio,Lyon,1,613,N
2025,US,WEZB,"New Orleans, LA",3,612,N
2025,FR,Radio Mega,Montélimar,46,612,N
2025,DE,ERF Jess,Wetzlar,4,611,N
2025,ES,Gozadera FM,Sevilla,15,611,N
2025,TR,Heart FM,Ankara,11,606,N
2025,FR,Sanef 107.7 Nord,Strasbourg,5,606,N
2025,PH,Monster RX 93.1,Manila,13,605,N
2025,FR,Radio Ellebore,Chambery,18,604,N
2025,US,99.7 NOW,"San Francisco, CA",22,603,N
2025,DE,Bremen Eins,Bremen,15,602,N
2025,US,KBPI,"Denver, CO",1,602,N
2025,BR,Mix FM Rio,Rio de Janeiro,7,600,N
2025,DE,917 X FM,Hamburg,1,599,N
2025,FR,Radio Béton,Tours,53,596,N
2025,FR,FIP,Paris,27,594,N
2025,DE,Radio Hannover 87.6 R,Hannover,5,593,N
2025,AU,Edge Radio,Hobart,9,592,N
2025,DE,SWR 2,Stuttgart,15,590,N
2025,VE,Radio Satelite,Caracas,16,588,N
2025,US,WRUW 91.1 FM,Cleveland,17,586,N
2025,IT,Radio Monte Carlo 2,Monte Carlo,4,582,N
2025,DE,Rockland Radio,Rheinland-Pfalz,1,582,N
2025,TR,Virgin Radio,Istanbul,2,582,N
2025,FR,Wave Radio,Soorts-Hossegor,18,581,N
2025,IL,Kol Rega 91.5 FM,Haifa,15,580,N
2025,FR,Primitive,Reims,11,580,N
2025,US,Hot 103.5,"Sacramento, CA",6,580,N
2025,DE,Radio 21,Hanover,1,578,N
2025,AU,RTR,Perth,69,577,N
2025,DE,"Radio Osnabrück 98,2",Bremerhaven,1,577,N
2025,GF,Radio Mosaïque,Cayenne,83,574,N
2025,ZA,KFM 94.5,Cape Town,26,574,N
2025,US,WSTW-FM,"Wilmington, NC",2,573,N
2025,US,103.7 KISS FM,"Milwaukee, WI",5,565,N
2025,GB,North Manchester FM,Manchester,23,565,N
2025,FR,Radio Campus Orléans,Orléans,67,564,N
2025,FR,Radio Campus Montpellier,Montpellier,28,562,N
2025,IT,One dance,Bergamo,10,562,N
2025,ZA,Jacaranda FM,Johannesburg,7,562,N
2025,BE,Mint,Brussels,2,562,N
2025,CH,LoRa,Zürich,60,558,N
2025,DE,Antenne Koblenz 98.0,Landau,9,555,N
2025,DE,Radio Euroherz,Bayreuth,8,555,N
2025,BE,VivaCite,Profondeville,5,555,N
2025,US,KDNK,Aspen,44,554,N
2025,GB,Amazing Radio,London,16,553,N
2025,US,WUTC,Chattanooga,29,550,N
2025,US,WMMR,"Philadelphia, PA",2,550,N
2025,DE,Rock Antenne Hamburg,Hamburg,1,547,N
2025,IE,Beat 102 103,Dungarvan,13,544,N
2025,DE,Radio Seefunk RSF,Lake Constance,1,542,N
2025,GB,Radio Reverb,Brighton,15,541,N
2025,CO,RadioAktiva,Bogotá,2,540,N
2025,LT,M-1 Dance,Vilnius,20,539,N
2025,US,WXXL,"Orlando, FL",7,536,N
2025,ES,Mix FM,Riano De Ibio,9,536,N
2025,AU,Triple R,Melbourne,66,533,N
2025,FR,Radio Active 100FM,Toulon,22,532,N
2025,CA,Rythme 105.7,"Montreal, QC",4,531,N
2025,US,KBRE 105.7 The Bear KTIQ,Merced,1,530,N
2025,FR,Radio Flash,Montpellier,3,529,N
2025,SG,Class 95,Singapore,5,527,N
2025,SC,SBC Radyo Sesel,Victoria,37,526,N
2025,US,98.9 Magic FM,"Colorado Spring, CO",3,526,N
2025,DE,City Radio Trier,Trierweiler,5,525,N
2025,GB,Cool FM,Belfast,8,523,N
2025,RU,Radio Monte Carlo St. Petersburg,St. Petersburg,6,521,N
2025,LT,LRT Opus,Vilnius,34,517,N
2025,PT,Beat FM,Lisbon,14,515,N
2025,DE,Dish FM,Cologne,2,513,N
2025,DK,Skala,Odense,7,513,N
2025,NL,Sublime Radio,Hilversum,6,513,N
2025,NL,100% NL,Amsterdam,5,512,N
2025,GB,Planet Rock,London,1,512,N
2025,US,KXCI,"Tucson, AR",41,511,N
2025,PE,Radio La Zona,Lima,4,510,N
2025,IT,Radio Spazio Blu,Lazio,10,508,N
2025,FR,FOREVER,Bordeaux,4,507,N
2025,GB,Brum Radio,Birmingham,17,506,N
2025,ZA,Lesedi FM,Durban,47,505,N
2025,PL,Antyradio,Bedzin,3,504,N
2025,FR,Radio Campus 47,Agen,1,503,N
2025,DE,105'5 Spreeradio,Berlin,3,501,N
2025,US,KUDL,"Sacramento, CA",3,500,N
2025,US,WDST,Albany,19,500,N
2025,BR,Atlantida FM - Porto Alegre,"Porto Alegre, RS",6,500,N
2025,US,101.9fm The MIX,"Chicago, IL",2,499,N
2025,CA,CJUM-FM UMFM,Winnipeg,78,496,N
2025,BE,DH Radio,Perwez,8,496,N
2025,FR,Beaub FM,Limoges,13,495,N
2025,US,WICB,"Ithaca, NY",34,494,N
2025,DE,Radio Brocken,Halle (Saale),4,494,N
2025,AE,Luv 107.1,Dubai,4,492,N
2025,DE,FluxFM,Berlin,21,492,N
2025,US,KDWB,"Minneapolis, MN",9,489,N
2025,CA,JUMP! 106.9,"Ottawa, ON",3,488,N
2025,ZA,Umhlobo Wenene fm,Cape Town,47,487,N
2025,US,Hot 104 Radio,"Houston, TX",5,487,N
2025,FR,Radio Zenith Messina,Messina,19,486,N
2025,US,WVYB-FM,"Daytona Beach, FL",3,485,N
2025,US,WKRQ-FM (Q102 WKRQ Cincinnati),"Cincinnati, OH",8,485,N
2025,NL,Radio Noord,Groningen,5,485,N
2025,US,KCDZ Z107.7 FM,"St. Louis, MO",4,482,N
2025,DK,Radio 100,Glostrup,2,482,N
2025,BR,Costa Verde FM,"Itaguai, RJ",4,481,N
2025,FR,Tsugi,Paris,21,480,N
2025,CZ,Radio 1,Prague,62,480,N
2025,US,KAXE,Grand Rapids,26,480,N
2025,NZ,The Edge,Auckland,4,480,N
2025,TR,FG 93.7,İstanbul,11,479,N
2025,NZ,Rhema,Auckland,2,474,N
2025,US,WNDV-FM,"South Bend, IN",3,472,N
2025,US,WYCE,Grand Rapids,19,472,N
2025,SI,Val 202,Ljubljana,53,471,N
2025,DE,Unser Radio Deggendorf,Passau,4,470,N
2025,US,WOWD,"Takoma, MD",92,469,N
2025,NL,Omroep Brabant,Eindhoven,6,469,N
2025,GR,Republic Radio,Thessaloniki,4,469,N
2025,TW,ICRT,Taiwan,32,465,N
2025,US,Amazing Radio USA,New York City,17,465,N
2025,BE,Maximum FM,Liège,7,460,N
2025,TR,Joy FM,Istanbul,7,459,N
2025,FR,Radio G !,Angers,33,458,N
2025,US,90.9 KCBI FM,"Dallas, TX",1,458,N
2025,IT,Radio Rosa,Poggibonzi,14,456,N
2025,FR,Max Radio,Grenoble,7,456,N
2025,US,Y101.7,"Jackson, MS",6,455,N
2025,US,93.7 KRQ Tucson / KRQQ,Tucson,9,455,N
2025,BE,Geel FM,Geel,6,455,N
2025,FR,Fréquence Mutine,Brest,11,452,N
2025,US,WTOK-FM (Hot San Juan Puerto Rico 102.5 FM),"San Juan, TX",4,451,N
2025,IT,Radio Verona,Verona,16,451,N
2025,LT,Power Hit Radio,Vilnius,18,451,N
2025,US,KTBT,"Tulsa, OK",14,450,N
2025,MX,XHOJ-FM [Maxima 106.7],"Guadalajara, JA",3,449,N
2025,DE,Radio Eins Coburg,Bayreuth,5,446,N
2025,CZ,Expres FM,Prague,14,446,N
2025,GB,KMFM,Tonbridge,6,445,N
2025,NO,JærRadioen,Sandnes,7,445,N
2025,CH,3Fach,Lausanne,24,443,N
2025,CA,CFOU,"Trois-riviere, QC",10,443,N
2025,ES,Scanner FM,Barcelona,17,443,N
2025,US,WRAL-F2,Raleigh,2,443,N
2025,CA,CING-FM [Fresh 95.3 FM],"Hamilton, ON",2,442,N
2025,US,WZYP,"Huntsville, AL",4,440,N
2025,MX,XHOF-FM [Reactor 105.7],"Mexico City, DF",14,439,N
2025,US,WRVZ,"Charleston, WV",12,438,N
2025,US,WBZZ-FM,"Pittsburgh, PA",3,437,N
2025,FR,MEUSE FM,Verdun,18,433,N
2025,DE,Antenne Niedersachsen,Uelzen,2,431,N
2025,US,WSKQ-FM (La Mega New York 97.9 FM),"New York, NY",2,430,N
2025,AR,Disney,Buenos Aires,6,430,N
2025,US,WNRW,"Louisville, KY",12,429,N
2025,US,Majic 95.1,"Fort Wayne, IN",2,428,N
2025,FR,Radio Bro Gwened,Paris,18,426,N
2025,MX,XHCEL-FM [El y Ella 103.7 FM],"Celaya, GT",2,426,N
2025,FR,Radio 666,Hérouville-Saint-Clair,19,425,N
2025,CZ,Kiss,Prague,3,425,N
2025,US,KISO,"Omaha, NE",9,424,N
2025,MX,XHUAD-FM [Lobos FM 94.1 FM],"Durango, DG",30,424,N
2025,IE,Red FM,Cork,11,422,N
2025,CH,RTR - Radio Rumantsch,Chur,11,420,N
2025,DE,Radio Plassenburg 101.6,Bayreuth,5,420,N
2025,GB,Mi-Soul,London,42,419,N
2025,US,WUSM,Hattiesburg,9,419,N
2025,US,KLYV-FM (Y105 Music Dubuque Pop radio),"Dubuque, IA",4,418,N
2025,VE,Power 93.5 fm,Puerto La Cruz,27,411,N
2025,FR,Radio Meuh,La Clusaz,16,409,N
2025,FR,Radio Pulsar,Paris,32,407,N
2025,CL,Súbela Radio,Santiago,12,406,N
2025,DE,Radio Z,Nürnberg,28,404,N
2025,US,WKTU,"New York, NY",8,402,N
2025,FR,Graf'HIT,Amiens,7,402,N
2025,US,KIOZ,"San Diego, CA",1,402,N
2025,BR,Jovem Pan FM Florianópolis,"Belo Horizonte, MG",6,401,N
2025,AU,SYN FM,Melbourne,33,400,N
2025,FR,Radio Campus Lorraine,Nancy,7,399,N
2025,LU,Radio ARA,Luxembourg,79,397,N
2025,GR,Happy 104,Athens,1,397,N
2025,AU,Hit 104.7,Canberra,19,396,N
2025,IE,iRadio,Dublin,9,396,N
2025,BE,Nostalgie [Vlaanderen],Brussels,2,394,N
2025,IT,Radio Bruno,Florence,5,394,N
2025,FR,Radio PFM 99.9,Arras,37,392,N
2025,CA,CISM,"Montreal, QC",23,392,N
2025,US,KOMP 92.3FM,Las Vegas,2,390,N
2025,FR,ici Alsace,Strasbourg,3,389,N
2025,AR,Metro 95.1,Buenos Aires,6,388,N
2025,DK,DR P6 Beat,Copenhagen,13,388,N
2025,FR,Radio Studio 1,Strasbourg,7,384,N
2025,AU,5SEF (Hit Limestone Coast 96.1),Naracoorte,15,383,N
2025,AU,Hit 107,Adelaide,14,379,N
2025,IE,98 FM,Dublin,7,379,N
2025,US,KIIS,"Los Angeles, CA",11,379,N
2025,AU,hit104.9 The Border,Albury,12,378,N
2025,US,WFLZ,"Tampa, FL",8,378,N
2025,DE,WDR 5,Bielefeld,11,378,N
2025,US,WJRR,"Orlando, FL",1,378,N
2025,FR,Ouest Track,Le Havre,15,377,N
2025,FR,ici Besançon,Besançon,5,377,N
2025,DE,Radio Bamberg,Bamberg,5,376,N
2025,CH,Radio Stadtfilter 96.3 FM,Winterthur,20,375,N
2025,PL,Radio Victoria,Skierniewice,8,374,N
2025,AU,hit100.7 Darling Downs,Toowoomba,15,373,N
2025,FR,ici Nord,Lille,5,373,N
2025,US,KUNM,"Albuquerque, NM",51,372,N
2025,AU,4AMM (Hit Tablelands 97.9),Cairns,17,372,N
2025,AU,Hit 103.1,Townsville,16,372,N
2025,DE,Radio HBW - Harz-Borde-Welle,Aschersleben,46,371,N
2025,AU,hit107.9 Central Queensland,Rockhampton,14,371,N
2025,EC,Punto Rojo 89.7 - 89.9 FM,Guayaquil,12,368,N
2025,US,KISW,"Seattle, WA",1,367,N
2025,US,103.3 AMP Radio,"Boston, MA",5,366,N
2025,FR,FIP POP,Paris,5,366,N
2025,AU,Fox FM,Melbourne,11,365,N
2025,ID,Prambors FM,Jakarta,8,365,N
2025,ID,Oz Radio 103.1 FM,Bandung,5,365,N
2025,CA,"CIMF-FM [Rouge 94,9]","Ottawa, ON",3,364,N
2025,FR,Plum'fm,Sérent,16,364,N
2025,PL,Polskie Radio Program III (PR3) Trójka,Zagan,18,364,N
2025,UA,Kiss FM Ukraine,Lviv,15,359,N
2025,CA,"CITE-FM [Rouge FM 107,3]","Montreal, QC",3,358,N
2025,IT,R101,Milan,4,358,N
2025,US,WWBX-FM (Mix 104.1 FM),"Boston, MA",3,358,N
2025,FR,Radio Micheline,Montélimar,22,357,N
2025,DE,Radio 8,Nuremberg,3,357,N
2025,GB,WCR FM,Wolverhampton,23,356,N
2025,IT,Radio Jukebox,Cosenza,1,356,N
2025,MX,XHSR [Exa 97.3 FM],"Monterrey, NL",14,353,N
2025,CA,Rouge FM,"Quebec City, QC",3,353,N
2025,US,V103.3,"Newport, NJ",9,353,N
2025,MX,XHMOR-FM [La 99.1 FM],"Yautepec, ML",5,353,N
2025,BR,Cidade FM (Rio de Janeiro),"Rio de Janeiro, RJ",1,353,N
2025,PH,Magic 89.9,Manila,20,352,N
2025,MX,XHJC [Exa 91.5 FM],"Mexicali, BC",5,351,N
2025,US,KKXX-FM,"Bakersfield, CA",8,348,N
2025,AU,hit Southwest,Bunbury,12,347,N
2025,IT,Ciccio Riccio,Specchia,13,347,N
2025,CH,World Radio Switzerland,Zürich,53,346,N
2025,FR,Crock Radio,Vienne,31,346,N
2025,US,WFUV,New York City,7,344,N
2025,US,WZPL,"Indianapolis, IN",7,343,N
2025,AU,Hit 105,Brisbane,14,342,N
2025,AO,Rádio Mais Luanda,Luanda,30,341,N
2025,US,WQMP-FM (Alternative Music Orlando 101.9 FM),"Daytona Beach, FL",4,340,N
2025,AU,2CFM,Gosford,13,340,N
2025,FR,FIP Nouveautés,Paris,3,340,N
2025,US,WXTB,"Tampa, FL",1,340,N
2025,ZA,VOW Voice of Wits 88.1 FM,Johannesburg,45,339,N
2025,IT,Radio Kiss Kiss Napoli,Campania,5,339,N
2025,BE,Nostalgie [Wallonie],Namur,3,339,N
2025,US,KPTT,"Denver, CO",9,338,N
2025,US,KNDE Candy 95 FM,"Bryan, TX",2,338,N
2025,DE,Radio 2 Day,Munich,2,338,N
2025,FR,Euradio,Nantes,15,336,N
2025,ZA,Radio 2000,Cape Town,46,336,N
2025,FR,Radio Dijon Campus,Dijon,15,336,N
2025,FR,ici Isère,Grenoble,3,336,N
2025,NO,Radio Rock,Oslo,1,336,N
2025,BE,Family Radio,Antwerpen,5,336,N
2025,US,KRUF-FM (K945 Shreveport 94.5 FM),"Shreveport, LA",5,335,N
2025,FR,Campus FM,Toulouse,22,334,N
2025,AU,Hit106.9 Newcastle,Newcastle,11,333,N
2025,US,WKNC,"Raleigh, NC",16,333,N
2025,GB,Pirate FM,Plymouth,7,332,N
2025,IT,Radio Marte 2,Campania,5,332,N
2025,FR,ici Loire Océan,Nantes,3,332,N
2025,PE,Radio Corazon,Lima,2,329,N
2025,AU,2WIN,Wollongong,6,325,N
2025,US,WROX-FM (96X Norfolk),"Exmore, VA",4,324,N
2025,SM,Radio San Marino,San Marino,5,324,N
2025,DK,POP FM,Copenhagen,1,324,N
2025,FR,Ici Normandie (Seine Maritime-Eure),Rouen,3,324,N
2025,US,Kiss FM,"De Pere, WI",4,324,N
2025,YT,NRJ Mayotte,Mamoudzou,32,323,N
2025,NO,NRK mP3,Oslo,13,321,N
2025,FR,Radio Campus Amiens,Amiens,20,319,N
2025,FR,Radio Campus Bordeaux 88.1,Bordeaux,11,319,N
2025,US,KEGL,"Dallas, TX",1,318,N
2025,CA,CFMY,"Redcliff, AB",3,316,N
2025,DE,Klassik Radio,Hamburg,8,316,N
2025,FR,ici Paris-Île-de-France,Paris,3,316,N
2025,US,KNON,Dallas,58,315,N
2025,AU,Nova 96.9,Sydney,10,315,N
2025,FR,ici Normandie (Calvados-Orne),Caen,3,315,N
2025,US,WARQ-FM,"Columbus, OH",1,315,N
2025,FR,ici Provence,Marseille,3,314,N
2025,US,TikTok Radio,"Washington, D.C.",2,314,N
2025,FR,Radio Campus Paris,Paris,29,313,N
2025,CL,Viña FM,Viña del Mar,11,310,N
2025,FR,Berry FM,Saint-Amand-Montrond,4,309,N
2025,EE,Raadio Tallinn,Tallinn,57,308,N
2025,CA,CJMJ-FM [Majic 100.3],"Ottawa, ON",3,308,N
2025,FR,ici Armorique,Vannes,5,308,N
2025,AU,Nova 100,Melbourne,10,306,N
2025,BE,Antipode,Brussels,4,306,N
2025,AT,Radio Arabella,Vienna,2,304,N
2025,US,WKSC,"Chicago, IL",8,303,N
2025,US,KJYO,"Oklahoma City, OK",6,302,N
2025,MX,Ya! FM Villahermosa,"Villahermosa, TB",5,300,N
2025,CZ,Dance radio,Prague,15,300,N
2025,MY,Best FM,Kuala Lumpur,4,300,N
2025,FR,Radio Rennes,Rennes,53,299,N
2025,US,WKDU,"Philadelphia, PA",49,299,N
2025,GB,Gaydio,Manchester,10,298,N
2025,AU,2Day FM,Sydney,11,296,N
2025,US,KHOL,Jackson Hole,35,296,N
2025,AU,Nova 93.7,Perth,7,295,N
2025,US,KLLY-FM,"Bakersfield, CA",1,295,N
2025,US,WMNF,Tampa,51,293,N
2025,GH,Sunny FM,Accra,39,293,N
2025,CA,CHQM-FM [QM/FM 103.5],"Vancouver, BC",2,291,N
2025,US,KRUI,"Iowa City, IA",23,291,N
2025,LU,Radio Latina,Luxembourg,17,290,N
2025,BE,Radio Willy,Brussels,3,289,N
2025,AU,PBS,Melbourne,67,288,N
2025,DE,Radio Mainwelle,Bayreuth,4,288,N
2025,CH,Virgin Hits,Bern,1,287,N
2025,FR,ici Breizh Izel,Brest,5,287,N
2025,US,WRUR,"Rochester, NY",32,285,N
2025,CH,Radio Vostok,Genève,11,285,N
2025,GB,Select,London,31,285,N
2025,US,KGLT,"Bozeman, MT",31,282,N
2025,AU,Bay FM 99.9,Byron Bay,62,282,N
2025,AU,Nova 91.9,Adelaide,10,282,N
2025,BR,Radio Disney,"São Paulo, SP",4,282,N
2025,DE,SWR 1 RP,Rheinland-Pfalz,11,282,N
2025,DE,Antenne [Bayern],Munich,3,281,N
2025,US,WHBQ,"Memphis, TN",5,280,N
2025,US,WDJQ-FM (Q92 Radio),"Alliance, OH",10,280,N
2025,FR,SUN,Nantes,20,280,N
2025,GF,Radio Péyi,Cayenne,16,279,N
2025,GP,Madras FM,Pointe-à-Pitre,20,279,N
2025,FR,Nostalgie,Paris,6,279,N
2025,ZA,Gay SA Radio,Pretoria,23,278,N
2025,CH,Radio Kaiseregg,Düdingen,16,277,N
2025,AU,3BDG,Bendigo,14,277,N
2025,MQ,RBR Martinique,Fort-de-France,48,276,N
2025,AU,7TTT (Hit Hobart 100.9),Hobart,10,276,N
2025,US,WKSL,"Jacksonville, FL",10,276,N
2025,CA,CJSR,"Edmonton, AB",32,276,N
2025,FR,Grand Sud FM,Narbonne,3,276,N
2025,MY,Hitz FM Kuala Lumpur,Kuala Lumpur,15,275,N
2025,MY,Hitz FM Kuching,Kuching,17,274,N
2025,SM,Radio San Marino Classic,San Marino,4,271,N
2025,AU,Hit 100.3 Mackay,Mackay,10,269,N
2025,MY,Hitz FM Kota Kinabalu,Kota Kinabalu,14,269,N
2025,US,WEBN-F2 (WEBN 102.7FM Cincinnati),"Cincinnati, OH",1,269,N
2025,US,WRRC,"Trenton, NJ",22,268,N
2025,US,KUMD,"Duluth, MN",14,268,N
2025,AU,4SEA [90.9 Sea FM],Gold Coast,9,267,N
2025,US,WREK,"Atlanta, GA",30,266,N
2025,US,KAFA,"Colorado Spring, CO",2,266,N
2025,AU,2SER,Sydney,23,263,N
2025,BR,Atlantida FM - Florianópolis,"Florianópolis, SC",11,263,N
2025,FR,RDWA,Die,35,262,N
2025,US,WTIC-FM,"Hartford, CT",2,261,N
2025,US,KPOO,San Francisco,59,260,N
2025,GB,Northsound 1,Aberdeen,9,260,N
2025,CH,RaSa,Schaffhausen,20,260,N
2025,PE,Radio Doble Nueve,Lima,6,260,N
2025,US,WWXM,"Myrtle Beach, SC",7,260,N
2025,DE,WDR 4,Düsseldorf,10,259,N
2025,FR,Arverne,Clermont-Ferrand,2,259,N
2025,PL,Radio RSC 88.6 FM,Skierniewice,10,258,N
2025,US,KUDD,"Salt Lake City, UT",2,257,N
2025,GR,Best 92.6 FM,Athens,21,257,N
2025,CH,Kanal K,Wettingen,22,256,N
2025,US,XHTO,"El Paso, TX",15,256,N
2025,DE,Radio Okerwelle,Braunschweig,19,255,N
2025,US,KRCL,Salt Lake City,27,254,N
2025,CA,CHOM-FM [Chom 97.7],"Montreal, QC",1,254,N
2025,FR,RVA,Clermont-Ferrand,2,252,N
2025,US,WDJX,"Louisville, KY",2,251,N
2025,US,KSER,Everett,37,250,N
2025,AR,BLUR FM,Buenos Aires,2,250,N
2025,ID,87.6 Hard Rock FM,Jakarta,21,249,N
2025,SA,Alif Alif FM,Riyadh,12,246,N
2025,DE,Deutschlandfunk,Traben-Trarbach,11,246,N
2025,CL,Radio Hoy,Santiago,7,246,N
2025,CA,CHFI-FM,"Labrador City, NL",3,245,N
2025,CL,Radio Futuro,Santiago,2,244,N
2025,AU,2GOS,Gosford,7,243,N
2025,US,WCBE,Columbus,24,242,N
2025,US,WYEP,Pittsburgh,24,242,N
2025,EE,Retro FM,Tallinn,1,242,N
2025,CA,CKMM-FM [Énergie Montréal 94.3],"Montreal, QC",1,242,N
2025,US,X98.5,"Anderson, SC",1,242,N
2025,GB,Tay FM,Dundee,8,240,N
2025,US,WPIA-FM (KISS FM Peoria 98.5),"Eureka, CA",7,239,N
2025,US,KVNF,Montrose,41,238,N
2025,CA,Energie,"Quebec City, QC",1,238,N
2025,RE,Réunion La 1ère,Saint-Denis,24,237,N
2025,AU,Mix 94.5,Perth,11,237,N
2025,MX,XHSON-FM [Beat 100.9],"Mexico City, DF",11,237,N
2025,FI,Radio Helsinki,Helsinki,19,236,N
2025,GB,Moray Firth Radio,Inverness,9,236,N
2025,BE,AraBel FM,Brussels,6,235,N
2025,DE,Radio Trausnitz,Ingolstadt,4,234,N
2025,US,WHSN,"BANGOR, ME",2,234,N
2025,QA,FM 107 Urdu Radio,Doha,9,234,N
2025,US,WBAI-FM,New York,53,233,N
2025,US,KHTS,"San Diego, CA",5,233,N
2025,CH,Rete Tre,Ticino,27,232,N
2025,GB,Forth 1,Balerno,10,231,N
2025,DE,Radio Awn,Passau,2,231,N
2025,BE,Joe FM,Brussels,3,231,N
2025,FR,France Maghreb 2,Dijon,2,230,N
2025,IT,Rai 2,Lazio,17,229,N
2025,US,WKQI,"Detroit, MI",11,229,N
2025,NL,100% NL Feest,Hilversum,1,229,N
2025,US,WPLN 90.3 FM Nashville Public Radio,"Nashville, TN",27,228,N
2025,AU,Joy 94.9,Melbourne,12,228,N
2025,GB,Trans Radio UK,N,40,226,N
2025,FR,Radio Campus Lille,Lille,46,224,N
2025,LV,Radio SWH,Riga,5,224,N
2025,FR,Le Chantier,Clermont-Ferrand,12,222,N
2025,AU,Hit 103.5 FM Cairns,Cairns,10,221,N
2025,FR,Graffiti Urban Radio,La Roche-sur-Yon,27,221,N
2025,IT,Radio Marilu,Verona,2,221,N
2025,AR,Radio Uno,Cordoba,2,221,N
2025,DO,Turbo 98.3,Santiago,4,221,N
2025,DE,R.SH,Kiel,4,220,N
2025,FR,Radio Résonance,Bourges,18,218,N
2025,ID,Radio Pinguin 102.8 FM,Denpasar,9,218,N
2025,GB,BBC London,London,26,217,N
2025,FR,Jazz Radio Nouveautés Soul,Paris,1,217,N
2025,GB,Global Soul Radio,London,15,216,N
2025,US,WRLT Lightning 100.1 FM,Nashville,3,215,N
2025,FR,Radio U,Brest,19,215,N
2025,IT,Radio Easy Rock,Treviso,2,214,N
2025,NL,JOE,Amsterdam,2,214,N
2025,FR,Netradio,Paris,1,214,N
2025,AU,Coles Radio,Melbourne,2,212,N
2025,BE,Sud Radio,Izel,6,211,N
2025,GB,Hits Radio,London,6,211,N
2025,FR,OUI FM Girls Rock,Paris,1,211,N
2025,US,KHUM,Eureka,10,210,N
2025,ES,Gran via Radio,Barcelona,4,209,N
2025,US,Liquid Metal,"Washington, D.C.",1,209,N
2025,GB,The Wave 96.4 FM,London,6,208,N
2025,TH,Mellow 97.5,Bangkok,9,208,N
2025,GB,BBC Radio 2,London,13,208,N
2025,US,Pride Radio,"San Francisco, CA",2,208,N
2025,BR,Rádio Clube FM (Brasília),Brasília,2,208,N
2025,US,KQMV-FM,"Seattle, WA",4,206,N
2025,AR,40 Principales,Comodoro Rivadavia,1,206,N
2025,BE,Radio Panik,Brussels,48,205,N
2025,BE,Radio Premiere,Eupen,12,202,N
2025,FR,Vinci - Autoroute FM,Alpes Provence,4,202,N
2025,ES,Los 40 Classic,Almería,2,202,N
2025,US,Global Urban Radio,New York,4,202,N
2025,US,WZNF,"Biloxi, MS",6,200,N
2025,AR,Delta 90.3,Buenos Aires,8,200,N
2025,MX,Horizonte 107.9 FM,Mexico City,9,199,N
2025,US,WAMU-FM,"Washington, D.C.",20,197,N
2025,LT,RADIO•R,Vilnius,6,197,N
2025,ID,105 KISS FM,Medan,11,196,N
2025,DE,Radio Arabella,Munich,2,196,N
2025,BR,Rádio Mix FM,"São Paulo, SP",9,195,N
2025,US,KHTT,"Tulsa, OK",5,195,N
2025,RO,Magic FM,Bucharest,9,195,N
2025,IE,Today FM,Cork,6,194,N
2025,PT,Smooth FM,Lisbon,2,194,N
2025,GP,RCI Guadeloupe,Pointe-à-Pitre,45,192,N
2025,IT,Radio Lombardia,Rome,3,192,N
2025,US,KUWS,"Superior, WI",20,192,N
2025,US,WMSC,Montclair,12,192,N
2025,BR,"Capital FM 102,7","Campo Grande, MS",3,190,N
2025,US,Morehead State Public Radio (MSPR),Morehead,15,190,N
2025,BA,BH radio 1,Sarajevo,19,189,N
2025,FR,Radio Balises,Lanester,10,189,N
2025,US,KALX,"San Francisco, CA",19,188,N
2025,US,KATY-FM,San Bernadino - Temecula,1,187,N
2025,PL,Radio Vanessa FM,Warsaw,4,184,N
2025,US,WFHB,Bloomington,28,183,N
2025,BR,Radio So Flashack,Rio de Janeiro,5,183,N
2025,IL,Galgalatz,Jerusalem,18,183,N
2025,US,102.7 Da Bomb,"Houston, TX",2,183,N
2025,US,KRRF Spin 106.3 FM,"Oak View, CA",3,182,N
2025,FR,Canal B,Rennes,15,182,N
2025,CA,99.7 2Day FM,"River, BC",3,181,N
2025,US,WRFL 88.1 FM,Lexington-Fayette,21,181,N
2025,FR,Radio Alfa,Paris,7,181,N
2025,FR,Beur FM,Paris,9,180,N
2025,PH,Love Radio Manilla,Manila,6,180,N
2025,CH,Radio Munot,Schaffhausen,3,180,N
2025,ES,OpenLab,Ibiza,16,179,N
2025,GB,SubFM,London,13,179,N
2025,LV,Radio Superhits,Riga,1,179,N
2025,GB,SUBTLE,London,46,178,N
2025,DE,Pure FM,Berlin,16,178,N
2025,US,WSGE,Charlotte,12,178,N
2025,BE,Radio 2,Antwerp,2,177,N
2025,CA,CHYZ 94.3 FM,"Quebec City, QC",7,177,N
2025,PM,Saint-Pierre et Miquelon La 1ère,Saint-Pierre,13,176,N
2025,DE,SWR1 Baden-Württemberg,Stuttgart,9,175,N
2025,AU,Hit99.5 Sunraysia,Mildura,9,174,N
2025,US,WUNC,Fayetteville,19,174,N
2025,FR,Radio Club,Wallers-Arenberg,11,174,N
2025,US,WCGQ-FM,"Columbus, OH",6,173,N
2025,US,WHTZ,"New York, NY",7,172,N
2025,ZA,OFM,Bloemfontein,9,171,N
2025,FR,RPG,Guéret,22,171,N
2025,CA,CBC Radio One London,"London, ON",44,170,N
2025,US,KJAC,Fort Collins,7,170,N
2025,US,KXRK-FM (X96 Utah's Original Alternative 96.3 FM),"Provo, UT",1,170,N
2025,FR,Echo FM,Hirson,3,170,N
2025,US,WRSI,Northampton,11,169,N
2025,FR,Radio Brume,Lyon,4,169,N
2025,NO,The Beat,Oslo,3,168,N
2025,CA,CBC Radio One Victoria,"Melbourne, VIC",46,167,N
2025,AU,Nova 106.9,Brisbane,9,167,N
2025,US,WUVT,"Blacksburg, VA",43,166,N
2025,FR,RADIOM,Castres,7,166,N
2025,UY,Más FM 101.3,Paysandú,6,166,N
2025,US,KSUT,Ignacio,28,165,N
2025,DE,Vogtland Radio,Chemnitz,3,165,N
2025,US,KCMP The Current,Twin Cities,12,165,N
2025,LU,Eldoradio Chill Channel,Luxembourg,3,165,N
2025,GB,Heart Yorkshire,Wakefield,4,165,N
2025,GB,BBC World Service,London,51,164,N
2025,HR,HR2 - Drugi program,Zagreb,23,164,N
2025,NL,LINQ FM,Voorne-Putten,9,164,N
2025,US,WYSO,Dayton,22,164,N
2025,FR,FIP autour du reggae,Paris,7,164,N
2025,FR,Radio Campus Angers,Angers,18,163,N
2025,FR,Diversité FM,Paris,8,162,N
2025,SE,P4,Stockholm,8,162,N
2025,BR,Itapema FM,Joinville,4,162,N
2025,US,WYRG,"Indianapolis, IN",2,162,N
2025,US,WMFO,Boston,44,161,N
2025,GB,Heart FM,London,5,161,N
2025,GB,Fubar Radio,London,11,160,N
2025,UY,Azul FM 101.9,Punta del Este,8,160,N
2025,BE,Radio Scorpio,Brussels,7,160,N
2025,CA,CBX+ [CBX Edmonton],"Edmonton, AB",50,159,N
2025,US,WPOW,"Miami, FL",5,159,N
2025,HR,Radio Zadar,Zadar,9,159,N
2025,ZA,Groot FM 90.5,Pretoria,8,159,N
2025,CH,Radio Lac,Nyon,5,158,N
2025,AU,7SEA (Sea FM 101.7),Burnie,8,158,N
2025,CA,CBO-FM,"Pembroke, ON",49,156,N
2025,JP,Inter FM,Tokyo,17,156,N
2025,RO,Rock FM,Bucharest,3,156,N
2025,US,WRSB Mega 97.5,Rochester,1,156,N
2025,FR,Radio Campus 66,Perpignan,28,155,N
2025,MX,XHGU-FM [Switch 105.9 FM],"Juarez, CH",5,155,N
2025,MX,XHEXA [EXA 104.9],"Mexico City, DF",2,154,N
2025,US,WHRV,Hampton,14,154,N
2025,US,KSMF-FM,Ashland,15,154,N
2025,US,WKZE,Winchester Center,12,153,N
2025,DE,NB Radiotreff,Neubrandenburg,26,152,N
2025,US,WBEZ-FM,"LaSalle-Peru, IL",18,152,N
2025,FR,France Musique La Jazz,Paris,4,152,N
2025,US,WTJU - 91.1 FM,Ashland,43,151,N
2025,US,Ritmo 95.7,"Miami, FL",1,150,N
2025,RE,Radio Coco,Saint-Denis,6,149,N
2025,NC,Radio Djiido,Nouméa,24,147,N
2025,US,WDIY,Allentown,32,147,N
2025,US,KOOP,Austin,27,147,N
2025,US,KRFC,Fort Collins,26,147,N
2025,US,WUKY,Lexington-Fayette,16,147,N
2025,GB,SG1 Radio,Stevenage,10,145,N
2025,FR,Mona FM,Lille,2,145,N
2025,SG,Power 98 FM,Singapore,1,144,N
2025,NZ,95bFM,Auckland,26,142,N
2025,FR,Galaxie Radio,Lille,10,142,N
2025,US,XHITZ Z90.3 FM,"San Diego, CA",2,142,N
2025,NL,Deep Dance Radio,Amsterdam,10,141,N
2025,CH,RTS Option,Lausanne,14,141,N
2025,FR,Jazz Radio,Lyon,3,141,N
2025,GB,Jazz FM,London,14,140,N
2025,US,WIOW - 102.3 WOW! Radio,Owosso,11,140,N
2025,NZ,ZM,Auckland,9,140,N
2025,US,KROK,Leesville,2,140,N
2025,DE,R.SA Sachsen,Leisnig,2,140,N
2025,AU,Power FM 103.1,Ballarat,10,139,N
2025,BR,Blink 102 FM (Campo Grande),"Campo Grande, MS",3,139,N
2025,ID,Solo Radio 92.9 FM,Surakarta,10,138,N
2025,US,KASU 91.9 FM,"Jonesboro, AR",13,138,N
2025,DE,Popradio NRW,Uedem,11,137,N
2025,CA,CBLA-FM,"Orillia, ON",38,136,N
2025,LT,Relax FM,Vilnius,1,135,N
2025,JP,FM Cocolo,Osaka,9,134,N
2025,AU,6NOW,Perth,3,133,N
2025,AU,6CST,Mandurah,11,132,N
2025,AU,7EXX (Chilli FM 90.1),Launceston,8,132,N
2025,US,WOCM,Ocean City,8,132,N
2025,DE,Bayern 2,Munich,23,130,N
2025,US,WZFT,"Baltimore, MD",8,129,N
2025,CH,Radio Ticino,Ticino,5,129,N
2025,US,WERU-FM 89.9 (Blue Hill),Bangor,24,128,N
2025,WF,Wallis et Futuna La 1ère,Velé,33,128,N
2025,BE,Classic 21,Houffalize,4,128,N
2025,US,WFIT-FM,Melbourne,16,127,N
2025,US,WLRN 91.3 FM,"Miami, FL",21,126,N
2025,FR,FIP autour de l'électro,Paris,7,126,N
2025,UY,Del Plata 95.5 FM,Montevideo,1,126,N
2025,CA,CBR,"Harvie Heights, AB",35,124,N
2025,US,KUWR,Laramie,17,124,N
2025,US,WVIA,Philadelphia,21,124,N
2025,DE,Bonn FM,Bonn,4,124,N
2025,US,WXYT-FM (The Ticket Detroit Sports 97.1 FM),"Detroit, MI",1,123,N
2025,AU,KIIS 1065,Sydney,5,122,N
2025,FR,ici Creuse,Guéret,4,122,N
2025,US,WHUP,Hillsborough,20,120,N
2025,CA,CBC Radio One Vancouver,"Hope, BC",36,120,N
2025,FR,FIP autour du rock,Paris,5,120,N
2025,DE,L'Unico,Paderborn,1,119,N
2025,MX,XHMLS-FM [Éxitos 91.3 FM],"Matamoros, TM",5,118,N
2025,BE,Radio Quartz,Sombreffe,5,118,N
2025,US,WLNK-FM (The Link Charlotte 107.9 FM),"Charlotte, NC",2,118,N
2025,DE,Bremen Zwei,Bremen,11,117,N
2025,GB,Noods Radio,Bristol,19,116,N
2025,GB,K107 FM,Kirkcaldy,9,116,N
2025,FR,Radio FMR,Toulouse,15,116,N
2025,FI,Easy Hits,Helsinki,2,115,N
2025,LV,Radio NABA 6,Riga,12,114,N
2025,US,KMTN The Mountain 96.9 FM,Jackson,6,114,N
2025,AU,91.9 Sea FM,Nambour,8,114,N
2025,JP,North Wave,Hokkaido,34,114,N
2025,DE,Mdr Kultur,Camburg,11,114,N
2025,AU,K-Rock 95.5 FM,Geelong,7,114,N
2025,DE,Radio Oberland,Garmisch-Partenkirchen,2,114,N
2025,IT,Radio Bussola,Salerno,12,114,N
2025,US,WKRZ-FM (98.5 KRZ FM Wilkes Barre),"Wilkes-Barre, PA",14,114,N
2025,MX,W Radio 96.9 FM,"Mexico City, DF",5,114,N
2025,IE,East coast fm,Bray,1,114,N
2025,AU,C91.3 FM,Campbelltown,2,114,N
2025,IL,Eco 99 FM,Tel Aviv,13,113,N
2025,NL,Pinguin Radio,The Hague,6,113,N
2025,PT,RTP Antena 1,Lisbon,5,113,N
2025,US,WBMX-FM (JAMS Chicago 104.3 FM),"Chicago, IL",8,112,N
2025,MX,XHTS-FM [Ya! 102.9 FM],"Veracruz, VE",4,112,N
2025,FR,Lyon 1ère,Lyon,1,112,N
2025,BR,Radio CDL 102.9 FM,Belo Horizonte,1,112,N
2025,CA,CBW,"Fairford, AB",34,110,N
2025,US,WCNR,Charlottesville,9,110,N
2025,FR,New Morning Radio,Paris,2,110,N
2025,AU,Power FM 94.9,Nowra,7,110,N
2025,FR,ici Hérault,Montpellier,3,110,N
2025,FR,NRJ Made in France,Paris,3,110,N
2025,AU,2VLY (Power FM 98.1),Muswellbrook,8,109,N
2025,US,WZKX-FM (Kicker108 Gulfport 107.9 FM),"Bay Saint Louis, MS",1,109,N
2025,PT,Rádio Renascença,Lisbon,2,109,N
2025,US,The Coffee House,"Washington, D.C.",1,108,N
2025,ID,KISI 93.4 FM,Bogor,3,108,N
2025,IN,Radio Mirchi 98.3 FM,Ahmadabad,7,107,N
2025,GB,Starpoint Radio,Faversham,29,106,N
2025,US,Radio Danz,"Miami, FL",7,106,N
2025,MX,XHTP-FM [Sensación 95.5],"Xalapa, VE",13,106,N
2025,FR,Kernews,La Baule,5,106,N
2025,GB,BBC Essex,Great Braxted,17,105,N
2025,US,Radio 104.1,"Waterbury, CT",1,105,N
2025,UY,FM Hit 90.3 FM,Montevideo,4,104,N
2025,FR,Radio Ballade 101.8,Esperaza,13,104,N
2025,AT,ORF Ö2 Radio Wien,Vienna,1,103,N
2025,AU,5AUU (Magic 105.9 FM),Port Pirie,8,102,N
2025,US,WNCW,Charlotte,15,102,N
2025,AT,ORF Ö2 Radio Vorarlberg,Bregenz,1,100,N
2025,FR,Franceinfo,Paris,8,99,N
2025,DE,Beats Radio,Augsburg,2,99,N
2025,US,KMSU,Mankato,25,98,N
2025,FI,Yle Vega,Helsinki,10,98,N
2025,US,WNRN,Richmond,4,98,N
2025,AU,87.8 UCFM,Canberra,8,98,N
2025,US,WAKS,"Cleveland, OH",8,97,N
2025,US,KKDG 99.7 Radio Free Durango,Durango,2,97,N
2025,BE,Bel RTL,Tournai,6,97,N
2025,FR,Impact FM,Lyon,2,97,N
2025,ES,Ibiza Global Radio,Ibiza,30,96,N
2025,AU,One FM 98.5,Shepparton,27,96,N
2025,LT,M-1 Plius,Vilnius,4,96,N
2025,NL,Omrop Fryslan,Jirnsum,2,96,N
2025,ZA,Mutha FM,Cape Town,20,95,N
2025,US,KBFF,"Portland, OR",4,95,N
2025,BE,Equinoxe,Liège,24,94,N
2025,US,R&B 102.9,"Berkeley, CA",4,94,N
2025,GB,Kisstory,London,9,94,N
2025,US,KCSN,Los Angeles,11,94,N
2025,US,Polski FM,"Park Forest, IL",4,94,N
2025,FI,Yle Radio Suomi,Helsinki,7,93,N
2025,IL,100FM,Jerusalem,11,93,N
2025,PL,Radio Afera,Poznań,14,93,N
2025,MX,Los 40,"Mexico City, DF",4,93,N
2025,BR,Itapoan FM,"Salvador, BA",3,93,N
2025,IE,RTÉ Lyric FM,Dublin,13,92,N
2025,NZ,Flava,Tauranga,6,92,N
2025,CH,Radio Top,Zurich,1,92,N
2025,US,WHQC,"Charlotte, NC",7,91,N
2025,AU,ABC Radio Australia English,Canberra,8,91,N
2025,ID,Ardan Radio 105.9 FM,Bandung,17,91,N
2025,GB,Talksport 2,London,9,91,N
2025,DK,DR P8 Jazz,Copenhagen,12,90,N
2025,US,KPSU,"Portland, OR",3,90,N
2025,PH,96.3 Easy Rock,Manila,1,90,N
2025,CH,RTS1,Val Muggio,11,89,N
2025,IT,Veronica My Radio,Marche,5,88,N
2025,BR,Nova Brasil FM (Sao Paulo),"Poços de Caldas, MG",6,88,N
2025,IT,RTL 102.5,Rome,5,88,N
2025,SE,Rockklassiker,Göteborg,1,88,N
2025,FR,Est FM,Strasbourg,2,88,N
2025,HR,HR Radio Dubrovnik,Dubrovnik,9,87,N
2025,IE,RTÉ Radio 1,Dublin,9,87,N
2025,FR,Radios chrétiennes francophones (RCF),Marseille,12,86,N
2025,GB,Resonance FM,London,18,86,N
2025,US,Pulse 87 NY,"New York, NY",5,86,N
2025,FR,RTL,Paris,6,86,N
2025,GB,Magic Chilled,London,3,86,N
2025,GB,Solar Radio,London,30,85,N
2025,UY,FM Del Hum,Mercedes,11,85,N
2025,AD,RTVA Andorra Musica,Andorra la Vella,1,85,N
2025,US,92-9 The Game,"Atlanta, GA",5,85,N
2025,AU,96.5 Wave FM,Wollongong,3,85,N
2025,US,WQXR,"New York, NY",2,85,N
2025,US,No Shoes Radio,"Washington, D.C.",2,84,N
2025,GB,Hits Radio Staffordshire and Cheshire,Stoke-on-Trent,3,84,N
2025,CH,Rete Due,Ticino,10,83,N
2025,IT,Radio Studio 93,Aprilia,5,82,N
2025,LV,Radio SWH Rock,Riga,1,82,N
2025,GB,Prospect Radio,London,25,81,N
2025,US,KBAC,Santa Fe,3,81,N
2025,AU,Hot Tomato,Gold Coast,5,81,N
2025,GB,Key 103,Manchester,4,81,N
2025,PT,Rádio Lagoa,Lagoa,22,80,N
2025,AU,4ZZZ FM (4 Triple Z),Brisbane,20,80,N
2025,HR,Yammat FM,Zagreb,28,80,N
2025,AU,Three D Radio,Adelaide,19,79,N
2025,PT,Rádio Guadiana,Vila Real de Santo António,17,79,N
2025,MD,Radio Moldova,Chișinău,12,79,N
2025,NC,Radio Rythme Bleu,Nouméa,15,79,N
2025,AU,97.3 FM,Brisbane,6,78,N
2025,FI,Yle Radio Oulu,Oulu,3,78,N
2025,FI,Yle Tampere,Tampere,3,78,N
2025,FI,Yle Jyväskylä,Jyväskylä,3,78,N
2025,FI,Yle Turku,Turku,3,78,N
2025,FR,Voltage,Paris,8,77,N
2025,IT,Radio Sabbia,Emilia–Romagna,5,77,N
2025,CY,RIK 2 CYBC,Paralimni,11,77,N
2025,US,KAFM,"Washington, D.C.",25,77,N
2025,US,WEQX-FM,"Manchester, NH",3,77,N
2025,PT,Rádio Atlântida,Ponta Delgada,2,77,N
2025,US,WXPN-FM,"Coplay, PA",13,76,N
2025,FR,Radio Campus Grenoble,Grenoble,16,76,N
2025,AU,7HO 101.7 FM,Hobart,3,76,N
2025,US,WFMU,"Jersey City, NJ",27,74,N
2025,FR,Radio Campus Tours,Tours,16,74,N
2025,ES,Canal Fiesta Radio,Seville,7,74,N
2025,FR,Radio Alpa,Paris,11,74,N
2025,NL,NPO Radio 2,Hilversum,6,74,N
2025,GB,BBC Radio Sheffield,Sheffield,24,72,N
2025,FR,RDC,Saint-Girons,2,72,N
2025,AO,RNA - Canal A,Luanda,22,71,N
2025,US,C89.5,"Seattle, WA",9,71,N
2025,RO,Actualitati,Bucharest,10,71,N
2025,US,KRML,"Carmel Valley, CA",5,71,N
2025,LT,Radio Lietus,Klaipėda,1,71,N
2025,DE,Deutsche Welle,Vienna,19,70,N
2025,AU,3SHI (Mixx FM 107.7),Hamilton,9,70,N
2025,GB,BBC Radio Leeds,York,24,70,N
2025,NL,Radio Veronica,Amsterdam,4,70,N
2025,GB,Original 106,Amberdeen,1,70,N
2025,AU,Hot 100,Darwin,7,69,N
2025,US,WDCG,"Raleigh, NC",7,69,N
2025,US,WERS,Boston,5,69,N
2025,US,KLRR-FM,Bend,1,69,N
2025,MX,Rock 101,Mexico City,4,69,N
2025,DE,Radio Allgäu Hit,Munich,5,69,N
2025,US,WTMD,Baltimore,13,68,N
2025,TT,Boom 94.1 FM,Port of Spain,20,68,N
2025,US,Star 102.1,"Knoxville, TN",2,68,N
2025,RE,Chérie FM Réunion,Saint-Denis,3,68,N
2025,ZA,Mix FM 93.8,Johannesburg,2,67,N
2025,US,WNCI,"Columbus, OH",9,66,N
2025,JP,LOVE FM,Fukuoka,22,66,N
2025,MX,XHSOL-FM [Súper 89.9 FM],"Mexicali, BC",3,65,N
2025,IS,95.7 FM,Reykjavík,4,65,N
2025,US,WUNC Music,Fayetteville,14,64,N
2025,CO,La FM,Bogotá,2,64,N
2025,ID,Gajahmada FM 102.6,Semarang,14,63,N
2025,US,WBSD,Burlington,2,63,N
2025,US,KQCH-FM - Channel 94.1,"Omaha, NE",1,63,N
2025,US,K92,"Roanoke, VA",3,62,N
2025,BE,Max FM,Brussels,4,61,N
2025,IE,Classic Hits 4FM,Dublin,2,61,N
2025,NO,NRK P1,Steinsby,4,61,N
2025,US,WEVL,Memphis,16,60,N
2025,ID,RRI Pro 2 105.1 FM,Jakarta,5,60,N
2025,NL,Radio Rijnmond,Rotterdam,3,60,N
2025,GB,BBC Radio 3,London,18,59,N
2025,US,WRVW,"Nashville, TS",7,59,N
2025,IT,Radio Party Groove,Novara,14,58,N
2025,BR,Rádio Cidade FM 98.1,"Gonzaga, MG",3,58,N
2025,FR,Distorsion,Auch,3,58,N
2025,ES,Kiss FM,Madrid,2,58,N
2025,CA,CHOI-FM,"Quebec City, QC",3,58,N
2025,GR,Sfera 96.6 FM,Patra,2,57,N
2025,JP,BAY FM,Chiba,12,57,N
2025,AU,KIIS 101,Melbourne,5,57,N
2025,BG,BNR Horizont,Sofia,8,56,N
2025,FR,DKL Dreyeckland,Mulhouse,3,56,N
2025,SE,P1,Stockholm,10,55,N
2025,GB,Talksport London,London,6,55,N
2025,US,KTAO,Taos,3,55,N
2025,AU,Power FM Coast,Batemans Bay,4,55,N
2025,FR,Radio Antenne Portugaise,Tours,6,54,N
2025,AU,3WWM (Mixx FM 101.3),Horsham,12,54,N
2025,US,BPM,"Washington, D.C.",6,54,N
2025,US,KCLC,St. Louis,1,54,N
2025,DE,Kulturradio rbb,Berlin,6,54,N
2025,AU,River 94.9,Brisbane,2,54,N
2025,US,KRSH,Santa Rosa,4,53,N
2025,BE,RQC,Mouscron,16,52,N
2025,FR,Radar - RADio ARt en sort,Fécamp,5,52,N
2025,HR,Radio Rijeka,Rijeka,7,52,N
2025,FR,Radio Mélodie,Sarreguemines,1,52,N
2025,BR,Mundo Livre FM Curitiba,"Curitiba, PR",2,52,N
2025,IL,Kan88,Jerusalem,8,51,N
2025,NZ,RNZ National,Christchurch,9,51,N
2025,UY,Del Sol FM,Montevideo,5,51,N
2025,US,WCLZ-FM,Portland,3,51,N
2025,HR,Radio 101,Zagreb,1,51,N
2025,US,KHFI,"Austin, TX",6,50,N
2025,US,WOXL HD2,Asheville,3,50,N
2025,PE,Radio La Kalle,Lima,1,50,N
2025,GR,Hit 88.9 FM,Khalándrion,1,50,N
2025,GB,Radio Wigwam,Cardiff,3,49,N
2025,IL,GLZ,Haifa,18,49,N
2025,AU,3NNN (Edge FM 102.1),Albury,19,49,N
2025,BR,Radio Inconfidentes,"Belo Horizonte, MG",5,49,N
2025,HK,RTHK Radio 3,Hong Kong,13,49,N
2025,GB,BBC Radio 4 Xtra,London,3,49,N
2025,ES,Radio Nervión,Bilbao,2,49,N
2025,US,WXDU Durham,"Durham, NC",7,48,N
2025,IT,Rai Radio 3,Rome,12,48,N
2025,CR,Nova Hits Radio,San José,6,48,N
2025,US,WUIN,Wilmington,5,48,N
2025,FR,Décibel,Saint-Malo,1,48,N
2025,PE,La Karibeña,Lima,3,48,N
2025,US,WMVY,Edgartown,2,48,N
2025,US,Hits 1,"Washington, D.C.",1,48,N
2025,BR,Lideranca FM,"Morada Nova, CE",1,48,N
2025,AT,ORF Ö1,Vienna,9,47,N
2025,ID,Paramuda 93.7 FM,Bandung,4,47,N
2025,ID,Sushi,Padang,5,47,N
2025,FR,FIP autour du jazz,Paris,1,47,N
2025,DE,ERF Plus,Wetzlar,1,47,N
2025,US,WAPS,Akron,9,46,N
2025,PE,Radio Nueva Q,Lima,1,46,N
2025,JP,FM 802,Osaka,10,45,N
2025,IS,RÚV Rás 2,Reykjavík,10,45,N
2025,EE,Star FM,Tallinn,2,45,N
2025,AU,Mix 106.3,Canberra,2,45,N
2025,CH,Radio 3i,Mendrisio,6,44,N
2025,US,KZHT,"Salt Lake City, UT",5,44,N
2025,IS,RÚV Rás 1,Reykjavík,12,44,N
2025,ID,Pilar Radio,Cirebon,8,44,N
2025,FR,FIP Sacré Français !,Paris,3,44,N
2025,SG,One FM 91.3,Singapore,1,44,N
2025,CA,Codiac FM 93.5,Moncton,2,44,N
2025,HR,Radio Samobor,Zagreb,6,43,N
2025,HR,Radio Donji Miholjac,Pula,6,43,N
2025,FR,Jet FM,Nantes,15,43,N
2025,EE,ERR Raadio 4,Tallinn,4,43,N
2025,DE,Radio Primavera,Offenbach,1,43,N
2025,US,WWDC,"Washington, D.C.",1,43,N
2025,NL,NPO Radio 2 Soul & Jazz,Hilversum,11,42,N
2025,RS,Radio Beograd 1,Belgrade,10,42,N
2025,DE,SR 2 KulturRadio,Bliestal,5,42,N
2025,FR,RCA La Radio,Nantes,3,42,N
2025,SE,P2,Stockholm,17,41,N
2025,IT,RDS [Radio Dimensione Suono],Lazio,7,41,N
2025,US,WJMU 89.5 FM,"Decatur, IL",1,41,N
2025,KR,MBC FM4U Radio Main,Seoul,11,40,N
2025,MX,XHOCL-FM [Diego 99.3 FM],"Tijuana, BC",2,40,N
2025,NL,NPO Radio 1,Hilversum,19,40,N
2025,FR,Radio Campus Rouen,Rouen,10,40,N
2025,HR,HR Radio Sljeme,Zagreb,6,40,N
2025,IT,Radio Orte,Lazio,6,40,N
2025,AU,4RGT (Star 106.3),Townsville,4,40,N
2025,GB,BBC Radio WM,Birmingham,13,39,N
2025,US,KRBQ,"San Francisco, CA",4,38,N
2025,ID,PTPN Radio 99.60 FM,Surakarta,6,38,N
2025,AU,3CCS (Mixx FM 92.7),Lorne,7,38,N
2025,GB,Central FM,London,2,38,N
2025,AU,Smooth FM 95.3,Sydney,2,38,N
2025,JP,FM YOKOHAMA,Yokohama,18,38,N
2025,AU,TRFM,Traralgon,8,38,N
2025,ID,RRI Pro 1,Makassar,7,37,N
2025,GB,BBC Radio 4,Kilskeery,10,37,N
2025,AU,5ADD [Mix 102.3],Adelaide,5,37,N
2025,MX,XHZS-FM [100.3 FM],"Mazatlan, SI",3,37,N
2025,KR,Arirang Radio,Jeju,6,36,N
2025,PL,Radio Silesia,Gliwice,3,36,N
2025,GB,Downtown Radio,Belfast,8,36,N
2025,MX,XHFG-FM [Pulsar 107.3 FM],"Tijuana, BC",1,36,N
2025,BR,90FM,Blumenau,3,35,N
2025,AU,3YFM [Coast FM],Warnambool,7,35,N
2025,TR,dinamo.fm,İstanbul,19,35,N
2025,IN,Radio City 91.1,Bengaluru,9,35,N
2025,DE,Radio Jade,Wilhelmshaven,5,35,N
2025,ID,Motion 97.5,Jakarta,10,35,N
2025,DK,DR P4 Kobenhavn,Copenhagen,5,35,N
2025,AU,3PTV,Melbourne,1,35,N
2025,DK,DR P2,Copenhagen,2,35,N
2025,US,KTBZ,"Houston, TX",1,35,N
2025,US,Frisky Radio,"New York, NY",12,34,N
2025,US,KRVM,Eugene,13,34,N
2025,US,LITT Dance,Los Angeles,2,34,N
2025,US,KNBA,Anchorage,11,34,N
2025,DE,Apollo Radio,Chemnitz,1,34,N
2025,AU,bay 93.9,Geelong,1,34,N
2025,IE,Shannonside FM,Longford,4,33,N
2025,GB,BBC Three Counties Radio,Sandy Heath,14,33,N
2025,PT,Rádio Horizonte,Ponta Delgada,2,33,N
2025,CN,Music Radio Guangdong [广东电台音乐之声],Guangzhou,5,32,N
2025,GB,Kool FM,London,11,32,N
2025,IT,Rai 1,Rome,10,32,N
2025,FR,Radio Pulse,Alençon,7,32,N
2025,IE,Mid West Radio,Kiltamagh,3,32,N
2025,KR,TBS FM,Seoul,4,32,N
2025,GB,Classic FM,London,2,32,N
2025,TR,Number One Türk,Istanbul,11,31,N
2025,FR,Radio Neptune,Brest,5,31,N
2025,FR,Nevers FM,Nevers,3,31,N
2025,US,KNMC,Havre,2,31,N
2025,GB,BBC Radio Ulster,Enniskillen,11,31,N
2025,IE,Highland Radio,Letterkenny,6,31,N
2025,AU,Hot 91.1 FM,Maroochydore,1,31,N
2025,AU,7DDD (Sea FM 107.7),Devonport,5,31,N
2025,BR,89.1 FM,"São Paulo, SP",1,31,N
2025,ID,Most FM 99,Medan,4,30,N
2025,KR,KBS CoolFM Main,Seoul,6,30,N
2025,FR,L'Eko Des Garrigues,Montpellier,10,30,N
2025,PF,Polynésie La 1ère,Papeete,16,29,N
2025,JP,Kiss FM Kobe,Kobe,13,29,N
2025,ZA,Radio laeveld,Nelspruit,11,29,N
2025,KR,SBS 러브 FM-SBS 라디오,Seoul,8,29,N
2025,NO,NRK P2,Bergen,6,29,N
2025,NZ,8K,Christchurch,5,29,N
2025,MX,Radio Formula Yucatan,Mérida,3,29,N
2025,FR,Fréquence K,Côte d'Azur,2,29,N
2025,CA,Jewel 92,"Brantford, ON",2,28,N
2025,AE,Big 106.2 FM,Dubai,2,28,N
2025,HR,HR3 - Treci program,Zagreb,5,27,N
2025,US,WINS-AM,"New York, NY",6,27,N
2025,PT,M80,Lisbon,2,27,N
2025,FR,ici Auxerre,Auxerre,2,27,N
2025,CA,CKKS-FM,"Chilliwack, BC",4,26,N
2025,GB,BBC Radio Cymru,Aberystwyth,15,26,N
2025,US,WRNW,"Milwaukee, WI",1,26,N
2025,ZA,Bosveld Stereo,Pretoria,4,26,N
2025,DE,Radio Horeb,Immenstadt im Allgau,4,25,N
2025,US,WJCU,University Heights,7,25,N
2025,BE,Chérie FM,Brussels,5,25,N
2025,NO,Radio 102,Haugesund,1,25,N
2025,US,WCBS Newsradio 880,"New York, NY",5,25,N
2025,BR,Rádio 80 FM,São Paulo,1,25,N
2025,GB,Resonance Extra,London,10,24,N
2025,US,KFMG,Des Moines,8,24,N
2025,DE,BarbaRadio,Berlin,1,24,N
2025,FR,France Culture,Paris,9,23,N
2025,US,Ozzy's Boneyard,"Washington, D.C.",1,23,N
2025,FR,Making Waves,Rosny-sous-bois,2,22,N
2025,FR,France Musique,Paris,6,22,N
2025,GB,BBC Radio Devon,Plymouth,3,22,N
2025,GB,BBC Radio Berkshire,Reading,5,22,N
2025,AU,Gold 104.3,Melbourne,1,22,N
2025,ZA,Bok radio,Cape Town,4,22,N
2025,NZ,Coast,Auckland,1,22,N
2025,FR,France Musique Piano Zen,Paris,1,22,N
2025,HK,RTHK Radio 2,Hong Kong,10,21,N
2025,CH,SRF 1 Bern Freiburg,Bern,5,21,N
2025,CH,SRF 1 Basel Baselland,Basel,5,21,N
2025,GB,BBC Radio Kent,Wrotham,6,21,N
2025,AU,Fleurieu FM,Victor Harbor,6,21,N
2025,FR,Hotmixradio Dance,Paris,5,21,N
2025,FR,RADIO BRESSE,BRANGES,2,20,N
2025,FI,YLE Radio 1,Raahe,6,20,N
2025,GB,BBC Sussex,Chichester,5,20,N
2025,GE,GPB Radio 1,Tbilisi,7,20,N
2025,AU,2UUS,Wollongong,1,20,N
2025,FR,ici Gironde,Bordeaux,2,19,N
2025,CN,Beijing Music Radio [ 北京音乐广播],Beijing,8,19,N
2025,US,WEXT,Albany,6,19,N
2025,GB,BBC Radio Cornwall,Truro,1,19,N
2025,SE,P5,Stockholm,3,19,N
2025,IT,Radio Birikina,Lusiana,1,19,N
2025,NZ,More FM,Auckland,3,18,N
2025,SG,88.3 JIA FM,Singapore,6,18,N
2025,GB,BBC Surrey,Duxhurst,6,18,N
2025,US,Radio Margaritaville,"Washington, D.C.",1,18,N
2025,US,Sirius XMU,"Washington, D.C.",6,18,N
2025,FR,Sol FM,Lyon,4,18,N
2025,JP,Tokyo FM,Tokyo,10,18,N
2025,AT,ORF Radio Burgenland,Bruck an der Leitha,1,18,N
2025,QA,Radio Olive 106.3 FM,Doha,4,17,N
2025,MX,XEAD-FM [La Buena Onda 101.9 FM],"Guadalajara, JA",2,17,N
2025,US,1 Pure EDM,"Chicago, IL",5,17,N
2025,IT,Südtirol 1,Bolzano,4,17,N
2025,AU,3M FM,Inverloch,6,17,N
2025,NO,P5 Hits,Oslo,1,17,N
2025,BR,Melodia,"Varginha, MG",6,17,N
2025,BR,Transcontinental FM,"São Paulo, SP",2,16,N
2025,DE,MDR Sorbischer Rundfunk,Berlin,4,16,N
2025,DE,MDR SACHSEN Dresden,Dresden,1,16,N
2025,MX,ULTRA 92.5 FM PUEBLA,"Puebla, PU",4,16,N
2025,PL,Jedynka - Polskie Radio Program 1,Warsaw,7,15,N
2025,HR,Radio Dalmacija,Split,2,15,N
2025,GB,BBC Radio Manchester,Holme Moss,6,15,N
2025,FO,Kringvarp Føroya,Tórshavn,6,15,N
2025,US,WROV,"Martinsville, VA",4,15,N
2025,DE,Antenne [Brandenburg],Potsdam,1,15,N
2025,DE,Radio Isw,Passau,2,15,N
2025,ID,Voks Radio Jogja 105.3 FM,Yogyakarta,1,15,N
2025,GB,Panjab Radio,London,2,15,N
2025,PF,NRJ Polynésie,Papeete,12,14,N
2025,GB,Radio Carmarthenshire,Carmarthenshire,2,14,N
2025,GB,BBC Radio Solent,Rowridge,3,14,N
2025,CA,CBV-FM,"La Malbaie, QC",3,14,N
2025,GP,Bel Radio,Pointe-à-Pitre,6,14,N
2025,US,KYWH-FM,Lockwood,1,14,N
2025,CO,Blu Radio,Bogotá,2,14,N
2025,MX,XHPF-FM [Globo 101.9 FM],"Mexicali, BC",2,14,N
2025,SG,Gold 90.5 FM,Caldecott Hill Estate,1,14,N
2025,AU,Triple M [Sydney],Sydney,3,13,N
2025,QA,Radio suno 91.7,Doha,7,13,N
2025,CA,ICI Radio-Canada Première - Montréal,"Montreal, QC",4,13,N
2025,US,WEHM,Watertown,1,13,N
2025,CH,RTS2,Chasseral,7,13,N
2025,IN,92.7 Big FM,Mumbai,4,13,N
2025,UY,CW33 La Nueva Radio Florida,Florida,2,13,N
2025,AR,Urbana Play 104.3 FM,Zapala,2,12,N
2025,GB,XRP RADIO,Birmingham,3,12,N
2025,DE,WDR 3,Bonn,6,12,N
2025,BR,Antena 1,"São Paulo, SP",1,12,N
2025,CH,Rete Uno,Zürich,3,12,N
2025,AU,Coast FM 88.7,Glandore,5,12,N
2025,US,SiriusXM FLY,"Washington, D.C.",3,12,N
2025,CH,Radio Swiss Pop,Basel,1,12,N
2025,NO,P4 Radio Hele Norge,Oslo,1,12,N
2025,IT,RMC Italia,Milan,5,11,N
2025,DE,SR 3 Saarlandwelle,Saarbrücken,3,11,N
2025,US,KSWD-FM (The Sound Seattle 94.1 FM),"Seattle, WA",2,11,N
2025,HR,Radio Split,Split,4,11,N
2025,AO,Rádio Ecclesia,Luanda,4,11,N
2025,KR,Mapo FM,Seoul,6,11,N
2025,GB,BBC Radio Merseyside,Liverpool,5,11,N
2025,US,WUMB,Boston,3,11,N
2025,AU,Hit 92.9,Perth,3,11,N
2025,QA,Radio Malayalam 98.6FM,Doha,4,11,N
2025,ID,Sonora Lampung FM,Jakarta,9,11,N
2025,MX,XHLS-FM [Romance 99.5 FM],"Guadalajara, JA",3,11,N
2025,DE,106.4 Top FM,Munich,2,11,N
2025,AE,FM Mirchi Dubai,Dubai,3,11,N
2025,ZA,Overvaal Stereo,Welkom,6,10,N
2025,BE,Equinoxe la Radio Découverte,Namur,4,10,N
2025,LT,LRT Radijas,Alytus,3,10,N
2025,CH,SRF2,Nendeln,7,10,N
2025,US,Alt Nation,"Washington, D.C.",1,10,N
2025,US,The Independent FM,"Los Angeles, CA",1,10,N
2025,AE,Tamil 89.4fm,Dubai,6,10,N
2025,US,WDVX,Knoxville,2,10,N
2025,GB,BBC Radio Lancashire,Winter Hill,3,10,N
2025,GB,BBC Radio Newcastle,Newcastle upon Tyne,3,10,N
2025,GB,BBC Radio Bristol,Bristol,5,10,N
2025,AU,3MDR,Upwey South,4,10,N
2025,CA,CHED,"Edmonton, AB",3,10,N
2025,PE,Radio Panamericana 101.1 FM,Lima,1,10,N
2025,US,Sports Radio 94 WIP,"Philadelphia, PA",2,10,N
2025,ES,Radio Marca Barcelona,Barcelona,3,10,N
2025,GB,TalkRadio,London,2,10,N
2025,DK,Radio Soft,Copenhagen,1,10,N
2025,BR,Band FM,São Paulo,1,10,N
2025,BR,Eldorado,"São Paulo, SP",2,10,N
2025,AE,Al Khaleejiya 1009,Dubai,3,9,N
2025,BR,Bahia FM,"Alagoinhas, BA",4,9,N
2025,US,WBJB,Monmouth Beach,2,9,N
2025,US,WMOT,Nashville,4,9,N
2025,CH,SRF MusikWelle,Basel,7,9,N
2025,PT,RDP Açores - Antena 1,Ponta Delgada,3,9,N
2025,GB,Nation Radio Cardiff,Cardiff,1,9,N
2025,GB,Nation Radio UK,London,1,9,N
2025,GB,Sun FM,Sunderland,1,9,N
2025,NL,Radio 10,Hilversum,1,9,N
2025,NL,KINK,Amsterdam,1,9,N
2025,CA,102.3 NOW! Radio,"Edmonton, AB",1,9,N
2025,DE,SWR Aktuell,Berlin,1,9,N
2025,AU,Edge FM 102.5,Deniliquin,3,8,N
2025,PH,91.5 Win Radio Manilla,Manila,7,8,N
2025,FI,Iskelmä,Helsinki,1,8,N
2025,GB,Clyde 1,Glasgow,3,8,N
2025,NL,NPO Radio 4,Amsterdam,4,8,N
2025,AU,3GG (531 AM),Warragul,1,8,N
2025,AU,2XL (918 AM),Cooma,1,8,N
2025,GB,Lyca Radio 1458,London,2,8,N
2025,US,Shade 45,"Washington, D.C.",1,8,N
2025,AT,ORF Ö2 Radio Salzburg,Salzburg,2,7,N
2025,US,WSHE-FM,"Chicago, IL",2,7,N
2025,GB,BBC Radio Wales,Aberystwyth,6,7,N
2025,PF,Radio 1,Papeete,3,7,N
2025,ES,Rock FM,Madrid,3,7,N
2025,US,WQKL-FM,Ann Arbor,2,7,N
2025,AU,Portuguese Radio,Sydney,6,7,N
2025,FR,Nebbia Campus Corte,Corte,3,7,N
2025,ID,RDI 97.1 FM,Jakarta,5,7,N
2025,AT,ORF Ö2 Radio Kärnten,Feldkirchen in Kärnten,1,7,N
2025,CL,Radio Concierto,Santiago,2,7,N
2025,CA,CKNW,"Vancouver, BC",3,7,N
2025,AU,2BDR (Triple M The Border 105.7),Albury,4,7,N
2025,DK,DR P5,Copenhagen,1,7,N
2025,AU,ABC Classic,Sydney,1,7,N
2025,GB,BBC Radio 5,London,4,7,N
2025,FR,RMC,Paris,4,6,N
2025,EC,Radio City,Guayaquil,3,6,N
2025,JP,FMりべーる (FM Riviére),Asahikawa,4,6,N
2025,JP,Nack 5,Saitama,3,6,N
2025,MY,Hot FM,Johor Bahru,4,6,N
2025,TR,Power Turk FM,Istanbul,4,6,N
2025,US,The Spectrum,"Washington, D.C.",1,6,N
2025,US,KROQ,"Los Angeles, CA",2,6,N
2025,EE,ERR Klassikaraadio,Tallinn,3,6,N
2025,FR,TSF Jazz,Paris,3,6,N
2025,MX,XEOYE [Oye 89.7 FM],"Mexico City, DF",2,6,N
2025,PT,Antena 2,Lisbon,1,6,N
2025,SE,Retro FM,Stockholm,1,6,N
2025,AU,Triple M 99.5 FM,Cairns,3,6,N
2025,US,KXXM,"San Antonio, TX",1,6,N
2025,FR,France Musique Concerts Radio France,Paris,3,5,N
2025,GB,Virgin Radio UK,London,3,5,N
2025,AU,3BO (Triple M Bendigo 93.5),Bendigo,2,5,N
2025,UY,Radio Monte Carlo 930,Montevideo,2,5,N
2025,GB,Radio X Manchester,Manchester,4,5,N
2025,AR,Rock & Pop,Buenos Aires,3,5,N
2025,CZ,Radio Proglas,Brno,3,5,N
2025,DE,BR Heimat,München,5,5,N
2025,US,670 The Score,"Chicago, IL",3,5,N
2025,DE,HAMBURG ZWEI,Bergedorf,1,5,N
2025,TR,Kral World,İstanbul,3,5,N
2025,CL,Radio Sonar,Santiago,1,5,N
2025,IT,Rai Südtirol,Bolzano,3,5,N
2025,DE,Die Neue 107.7,Stuttgart,1,5,N
2025,GR,Sfera 102.2 FM,Athens,2,5,N
2025,US,Soar Radio,Rockford,2,5,N
2025,HR,HR1 - Prvi program,Zagreb,4,4,N
2025,GB,Boom Radio,London,2,4,N
2025,GB,Unity FM,Birmingham,4,4,N
2025,JP,"TBS Radio, Inc",Tokyo,2,4,N
2025,CN,Yes FM,Singapore,4,4,N
2025,BE,RTBF Musiq3,Brussels,3,4,N
2025,DE,NDR Radio Kultur,Hamburg,4,4,N
2025,NL,Indie XL,Amsterdam,4,4,N
2025,EE,Raadio Elmar,Tartu,4,4,N
2025,PT,TSF Rádio Notícias,Lisbon,3,4,N
2025,IL,רדיו לב המדינה,Rishon LeẔiyyon,4,4,N
2025,AR,Mega,Santa Fe,4,4,N
2025,US,WKLQ-FM,Grand Rapids,1,4,N
2025,US,WWWQ-H2 99X,Atlanta,1,4,N
2025,SG,UFM 1003,Toa Payoh New Town,4,4,N
2025,US,WWJ-AM,"Detroit, MI",1,4,N
2025,CA,News Talk 770,"Calgary, AB",1,4,N
2025,CA,ROCK 95,"Barrie, ON",1,4,N
2025,NZ,The Rock,Auckland,1,4,N
2025,US,KXNA-FM (The X Arkansas 104.9 FM),"Fayetteville, AR",1,4,N
2025,AU,Triple M Central Queensland 101.5 & 95.1,Rockhampton,4,4,N
2025,AU,ABC Radio Perth,Perth,1,4,N
2025,AU,ABC Radio Melbourne,Melbourne,2,4,N
2025,NL,Omroep West,Rotterdam,2,4,N
2025,CO,Olímpica Stereo Bogotá,Bogotá,1,4,N
2025,HR,CLUB MUSIC RADIO - TAMBURA,Zagreb,2,3,N
2025,AE,Al Arabiya 99.0,Dubai,2,3,N
2025,JP,ABC Radio,Osaka,2,3,N
2025,NZ,The Hits,Auckland,1,3,N
2025,IS,Bylgjan FM,Reykjavík,2,3,N
2025,AU,4TO [Triple M Townsville],Townsville,2,3,N
2025,US,90.1 KUWP Powell/Cody (Wyoming Sounds),Cody,2,3,N
2025,PH,Wish 107.5,Manila,2,3,N
2025,US,Underground Garage,"Washington, D.C.",2,3,N
2025,FR,Europe 1,Gien,2,3,N
2025,BE,Radio Klara,Brussels,2,3,N
2025,PT,PEF – Posto Emissor do Funchal (Canal 1),Funchal,3,3,N
2025,AU,2SKI (Snow FM 97.7),Cooma,3,3,N
2025,BE,BXFM 104.3 FM,Brussels,1,3,N
2025,HU,Petofi,Budapest,3,3,N
2025,US,"WBZ-AM (WBZ News radio 103,0FM)","Boston, MA",2,3,N
2025,CA,CJAD,"Montreal, QC",3,3,N
2025,NL,NPO Radio 5,Hilversum,3,3,N
2025,US,WEEI-FM (WEEI 93.7FM),"Boston, MA",3,3,N
2025,US,KYLD [WILD 94.9],"San Francisco, CA",1,3,N
2025,CA,CJOB,"Winnipeg, MB",1,3,N
2025,US,Outlaw Country,"Washington, D.C.",1,3,N
2025,ID,Female Radio 97.9 FM,Jakarta,2,3,N
2025,NO,NRK P1+,Trondheim,1,3,N
2025,AU,Triple M Central West 1051.1,Newcastle,3,3,N
2025,AU,2KKO,Newcastle,3,3,N
2025,AU,Triple M [Adelaide],Adelaide,3,3,N
2025,EE,Raadio Kuku,Tallinn,1,3,N
2025,BR,Rádio Saudade FM 100.7,Santos,3,3,N
2025,NZ,Newstalk ZB,Ashburton,1,3,N
2025,US,WIXX-FM,"Green Bay, WI",1,3,N
2025,US,WQOK-FM,"Raleigh-Durham, NC",1,3,N
2025,GB,Absolute 80's,London,1,3,N
2025,HK,RTHK Radio 1,Hong Kong,2,2,N
2025,FR,Radio Orient,Paris,2,2,N
2025,JP,Nippon Cultural Broadcasting,Tokyo,2,2,N
2025,ZA,Pretoria FM,Pretoria,2,2,N
2025,ID,Bens Radio,Jakarta,2,2,N
2025,DE,Harmony Fm,Wiesbaden,1,2,N
2025,MX,XHPAZ-FM [Super Stereo 96.7 FM],"La Paz, BS",2,2,N
2025,DE,MDR Klassik,Berlin,2,2,N
2025,MX,XHRL-FM [Genesis 98.1 FM],"Monterrey, NL",2,2,N
2025,US,KMYZ-FM (Z104.5FM Tulsa),"Tulsa, OK",2,2,N
2025,US,WMMM,Verona,1,2,N
2025,US,WTYD The Tide,Virginia Beach,1,2,N
2025,US,KVYN,Saint helena,1,2,N
2025,SG,HAO FM 96.3,Singapore,2,2,N
2025,FI,Radio SuomiPOP,Fiskars,2,2,N
2025,FR,FG CHIC FRENCH,Paris,2,2,N
2025,GB,Smooth Radio North West,Manchester,2,2,N
2025,GB,Smooth Radio East Midlands,Nottingham,2,2,N
2025,CA,CFRA,"Ottawa, ON",1,2,N
2025,PT,Rádio Amália,Lisbon,1,2,N
2025,CA,CFAK,"Skerbrooke, QC",2,2,N
2025,IL,Kan Gimel,Haifa,2,2,N
2025,CL,Radio Cooperativa,Santiago,2,2,N
2025,FR,Radio Néo,Bourges,2,2,N
2025,US,KPWK,"Seattle, WA",2,2,N
2025,HR,Hrvatski Katolicki Radio,Zagreb,2,2,N
2025,US,WDZH-FM,"Detroit, MI",1,2,N
2025,US,KXTE X 107.5 FM,Las Vegas,1,2,N
2025,CA,CFYX FM93,"Mont-Joli, QC",1,2,N
2025,GB,BBC Radio Scotland,Glasgow,2,2,N
2025,FR,Radio Bonheur,Saint-Brieuc,2,2,N
2025,ID,iRadio 89.6 FM,Jakarta,2,2,N
2025,US,KSON-FM 103.7,"San Diego, CA",1,2,N
2025,AU,Radio Adelaide 101.5FM,Adelaide,2,2,N
2025,US,KUEZ EASY 104.1 FM,"Reno, NV",1,2,N
2025,HR,Radio Pula,Pula,1,2,N
2025,AU,6PR,Perth,2,2,N
2025,MX,XHSH-FM [Amor 95.3 FM],"Mexico City, DF",1,2,N
2025,DE,Radio B2 R,Zehlendorf,2,2,N
2025,US,KTFM,"San Antonio, TX",1,2,N
2025,ES,RNE radio clásica,Madrid,2,2,N
2025,AU,triple j Unearthed,Sydney,2,2,N
2025,NL,BNR Nieuwsradio,Amsterdam,1,2,N
2025,GB,XS Manchester,Manchester,2,2,N
2025,FR,La Grosse Radio,Paris,2,2,N
2025,AU,3SEA (Hit Gippsland 94.3),Traralgon,1,2,N
2025,GB,Absolute Radio 90's,London,1,2,N
2025,GB,Absolute Classic Rock,London,1,2,N
2025,GB,Absolute Radio,Birmingham,1,2,N
2025,GB,Virgin Radio Legends,London,1,1,N
2025,GB,Heat,London,1,1,N
2025,IE,Q102,Dublin,1,1,N
2025,CA,CKMB-FM [Kool FM 107.5],"Barrie, ON",1,1,N
2025,NZ,The Breeze,Auckland,1,1,N
2025,KR,KBS 1FM (ClassicFM) Main,Seoul,1,1,N
2025,AR,Aspen 102.3 FM,Buenos Aires,1,1,N
2025,BR,Saudades FM,"Matao, SP",1,1,N
2025,US,93XRT,"Chicago, IL",1,1,N
2025,US,KYSR,"Los Angeles, CA",1,1,N
2025,US,KBCO,Denver,1,1,N
2025,US,WNCS,Montpelier,1,1,N
2025,US,WLKR,Norwalk,1,1,N
2025,US,KRVB,Boise,1,1,N
2025,US,Birmingham Mountain Radio,Birmingham,1,1,N
2025,US,KKAL,San Luis Obispo,1,1,N
2025,US,WMWV,Concord,1,1,N
2025,US,KMOX-AM,"St. Louis, MO",1,1,N
2025,US,WDRV-FM,"Milwaukee, WI",1,1,N
2025,US,KRZZ-FM (La Raza San Francisco 93.3 FM),"San Francisco, CA",1,1,N
2025,US,WXPK,New York City,1,1,N
2025,BR,Rádio Beat,"Rio de Janeiro, RJ",1,1,N
2025,AU,Triple M Brisbane 104.5,Brisbane,1,1,N
2025,AU,2ST,Bowral,1,1,N
2025,NL,NH Radio,North Holland,1,1,N
2025,US,The Pulse Radio,"New York, NY",1,1,N
2025,NO,P6 Rock,Oslo,1,1,N
2025,CA,CHEZ-FM,"Ottawa, ON",1,1,N
2025,US,KLBS 1330 AM,"Los Banos, CA",1,1,N
2025,AT,ORF Ö2 Radio Niederösterreich,Sankt Pölten,1,1,N
2025,KR,SBSLOVE-FM(표준 FM),Seoul,1,1,N
2025,US,WXRV-FM,"Needham, MA",1,1,N
2025,FO,FM 98.7,Klaksvík,1,1,N
2025,NL,EASY FM,Almerе,1,1,N
2025,DE,"Radyo 94,8 Metropol FM",Berlin,1,1,N
2025,GB,Greatest Hits Radio North East Scotland,Aberdeen,1,1,N
2025,JP,FM Aichi,Aichi,1,1,N
2025,GB,Clyde 2,Glasgow,1,1,N
2025,JP,"Nippon Broadcasting System, Inc. (ニッポン放送)",Tokyo,1,1,N
2025,AU,7LA (LAFM 89.3),Launceston,1,1,N
2025,MX,XHOBS-FM [92.1 FM],"Ciudad Obregon, SO",1,1,N
2025,CA,CFPL-FM [London's Best Rock FM 96],"London, ON",1,1,N
2025,AU,SEN,Melbourne,1,1,N
2025,FR,Sud Radio,Toulouse,1,1,N
2025,AU,2SM,Sydney,1,1,N
2025,AU,Cruise 1323,Adelaide,1,1,N
2025,AU,hit93.1 Riverina,Bundaberg,1,1,N
2025,US,Sun Radio,Austin,1,1,N
2025,US,WLW-AM (Newsradio 700 WLW),"Cincinnati, OH",1,1,N
2025,GR,CosmoRadio 95.1,Thessaloniki,1,1,N
2025,KR,MBC Pyojun Radio Main,Seoul,1,1,N
2025,GR,Party 97.1 FM,Lárisa,1,1,N
2025,FR,M Radio,Paris,1,1,N
2025,GR,Derti 98.6 FM,Athina,1,1,N
2025,NL,NPO Sterren,Hilversum,1,1,N
2025,NL,NPO 3FM Alternative,Hilversum,1,1,N
2025,GB,Radio X (XFM),London,1,1,N
2025,US,WJFK-FM,"Baltimore, MD",1,1,N
2025,FR,Radio Liberté,Strasbourg,1,1,N
2025,FR,ici 100% chanson française,Paris,1,1,N
2025,GB,Absolute Radio 70's,London,1,1,N
2025,AU,4NNN (Zinc 96.1),Gympie,1,1,N
2025,US,KRTH K-Earth 101 FM,Los Angeles,1,1,N
2025,HR,Radio Kaj,Zagreb,1,1,N
2025,SA,MBC FM,Riyadh,1,1,N
2025,DE,Radio Paloma,Berlin,1,1,N
2025,BR,SulAmerica Paradiso,"Rio de Janeiro, RJ",1,1,N
2025,GR,Radio Polis 99.4 FM,Lárisa,1,1,N
2025,NZ,Radio Hauraki,Invercargill,1,1,N
2026,NG,UFM (Ultima Radio),Lagos,370,79909,Y
2026,NG,The Beat 99.9 FM,Lagos,329,76858,Y
2026,NG,Cool FM,Lagos,268,74958,Y
2026,AE,Radio Gilli 106.5FM,Dubai,269,74786,N
2026,NG,Soundcity FM Lagos,Lagos,297,69499,Y
2026,NG,Naija FM 102.7,Lagos,326,67587,Y
2026,NG,City FM,Ikeja,357,58661,Y
2026,NG,Max FM 102.3,Lagos,218,39025,Y
2026,NG,Wazobia FM,Lagos,403,36657,Y
2026,FR,Africa Radio,Paris,108,34890,N
2026,NG,Raypower 100.5 FM,Abuja,413,30913,Y
2026,KE,Hot 96,Nairobi,224,28346,N
2026,GB,The Beat (103.6FM),London,191,18268,N
2026,NG,Inspiration 92.3 FM,Lagos,370,16437,Y
2026,GB,KISS XTRA,London,100,16238,N
2026,OM,Virgin Radio - Oman,Mascate,20,16191,N
2026,NL,Radio FunX Fissa,Amsterdam,59,15597,N
2026,GB,Ujima 98 FM,Bristol,169,15119,N
2026,GB,Pie Radio UK,Manchester,155,14813,N
2026,GB,Capital Xtra,London,136,13809,N
2026,GB,BBC Radio 1 Xtra,London,184,13543,N
2026,GH,Hitz FM,Accra,257,13485,N
2026,GH,Asaase Radio,Accra,293,12802,N
2026,CI,Nostalgie FM,Abidjan,142,12695,N
2026,GP,NRJ Antilles | Guadeloupe,Basse-Terre,90,12609,N
2026,NL,NPO FunX NL,Hilversum,75,12597,N
2026,GB,Reprezent Radio,London,150,12278,N
2026,ZA,UCT Radio 104.5 FM,Cape Town,57,11103,N
2026,NL,GLXY.RADIO,Amsterdam,144,11035,N
2026,GB,Westside Radio,London,130,10979,N
2026,US,Hot 97,"New York, NY",50,9276,N
2026,DE,i love music,Köln,16,8591,N
2026,GB,Unity Radio 92.8 FM,Manchester,84,8506,N
2026,GB,WAEV,Savannah,91,8501,N
2026,DE,Bremen Next,Bremen,78,7929,N
2026,BE,Tarmac,Brussels,110,7920,N
2026,MQ,MIXX FM MARTINIQUE,Fort-de-France,35,7766,N
2026,KE,Radio Jambo,Nairobi,109,7540,N
2026,ZA,Y FM,Johannesburg,123,7278,N
2026,GB,Colourful Radio,London,186,7142,N
2026,PT,Vodafone FM,Lisbon,12,6812,N
2026,FR,Mouv',Paris,106,6642,N
2026,NZ,Mai FM,Whangarei,38,6588,N
2026,RE,NRJ Réunion,Saint-Denis,36,6375,N
2026,US,WQUE,"New Orleans, LA",12,6167,N
2026,MA,Radio Mars,Casablanca,51,6098,N
2026,US,WWPR,"New York, NY",63,6060,N
2026,AU,The Edge 96.ONE,Sydney,54,5983,N
2026,GB,Croydon FM,London,127,5931,N
2026,KE,Capital FM,Nairobi,196,5878,N
2026,GH,Pluzz FM,Ghana,232,5825,N
2026,GH,3 FM,Accra,198,5787,N
2026,AE,Virgin Radio Dubai (UAE),Dubai,73,5647,N
2026,US,WRSV,"Rocky Mount, NC",42,5564,N
2026,US,WKYS-FM,"Washington, D.C.",72,5455,N
2026,DE,WDR Funkhaus Europa,Cologne,86,5406,N
2026,GH,Starr FM,Accra,210,5281,N
2026,KE,NRG Radio,Nairobi,144,5261,N
2026,PT,Cidade,Lisbon,7,5219,N
2026,CI,Trace FM,Abidjan,109,5200,N
2026,GH,Joy FM,Accra,196,5152,N
2026,US,WGPR,"Detroit, MI",16,5087,N
2026,GB,Premier Gospel,London,56,5026,N
2026,GB,Radio2Funky,Leicester,123,4818,N
2026,MY,Fly FM,Kota Bharu,30,4773,N
2026,MA,Hit Radio Maroc,Rabat,20,4685,N
2026,GB,Kiss FM,London,22,4673,N
2026,GR,Zoo Radio 90.8,Thessaloniki,8,4593,N
2026,GH,Rainbow Radio,Accra,164,4555,N
2026,US,WWPW,"Atlanta, GA",17,4537,N
2026,TR,Power FM,Istanbul,24,4469,N
2026,US,KMEL,"San Francisco, CA",10,4298,N
2026,GR,Plus radio 102.4,Thessaloniki,17,4219,N
2026,US,WOWI,"Norfolk, VA",14,4127,N
2026,GH,Citi FM,Accra,179,4120,N
2026,US,The Joint,"Washington, D.C.",28,4096,N
2026,US,KFCO-FM,"Bennett, CO",3,4047,N
2026,PT,Mix FM,Lisbon,28,3983,N
2026,CY,Mix FM,Nicosia,31,3981,N
2026,LB,Virgin Radio 89.5,Bayrut,15,3935,N
2026,DE,Kiss FM,Berlin,50,3922,N
2026,US,KBLZ-FM (The Blaze Winona 102.7 FM),"Longview, TX",12,3909,N
2026,US,KYMT-F2 Real 103.9,Las Vegas,12,3857,N
2026,US,LITT Hip-Hop,Los Angeles,20,3857,N
2026,BG,Avto Radio,Sofia,10,3844,N
2026,US,WJMN,"Boston, MA",30,3787,N
2026,US,92Q Jams Baltimore,"Baltimore, MD",21,3786,N
2026,US,WDKX-FM,"Rochester, NY",58,3765,N
2026,DE,Jam FM,Berlin,21,3753,N
2026,US,WFDR Streetz 94.5 FM,,8,3750,N
2026,US,WWKL,"Harrisburg, PA",8,3745,N
2026,DE,Radio Top 40,Erfurt-Jena,24,3723,N
2026,GR,Athens Dee Jay,Athens,6,3723,N
2026,US,WHTA-FM,"Mableton, GA",42,3671,N
2026,US,WBTJ,"Richmond, VA",34,3601,N
2026,US,Z-107.9,"Cincinnati, OH",15,3599,N
2026,US,WPWX-FM,"Chicago, IL",53,3591,N
2026,GF,NRJ GUYANE,Cayenne,80,3571,N
2026,KE,Classic 105 FM,Nairobi,80,3558,N
2026,FR,Tropiques FM,Paris,45,3546,N
2026,GH,Kasapa FM,Accra,175,3478,N
2026,US,WPGC 95.5,"Washington, D.C.",22,3469,N
2026,NO,NRJ Norge,Oslo,4,3446,N
2026,US,102 JAMZ,"Reidsville, NC",19,3373,N
2026,FR,NRJ at work,Paris,6,3363,N
2026,FR,Urban Hit,Paris,58,3356,N
2026,US,KBXX,"Houston, TX",13,3353,N
2026,US,Hot 104.7,"Kennebunkport, ME",22,3345,N
2026,LT,European Hit Radio,Vilnius,12,3332,N
2026,US,G100 - The Throwback Station,"Rincon, GA",10,3310,N
2026,BE,NRJ Belgique,Brussels,29,3298,N
2026,US,WKTT Live 97.5 FM,Salisbury,30,3270,N
2026,PT,Kiss FM Algarve,Albufeira,24,3263,N
2026,US,K104,"Dallas, TX",8,3246,N
2026,TR,Radyo Fenomen,Istanbul,13,3217,N
2026,FR,Konbini Radio,Paris,125,3196,N
2026,US,WHZT-FM,"Spartanburg, SC",9,3152,N
2026,GH,Neat FM,Accra,174,3146,N
2026,TR,Metro FM,Istanbul,16,3145,N
2026,TT,Boom 94.1 FM,Port of Spain,41,3139,N
2026,RO,Virgin Radio Romania,Bucharest,12,3128,N
2026,DE,104.6 RTL,Berlin,7,3121,N
2026,US,KDGS-FM,"Wichita, KS",21,3118,N
2026,FR,Ado,Paris,22,3091,N
2026,US,95.7 Jamz,"Midfield, AL",18,3049,N
2026,US,WHHL,"St. Louis, MO",7,3029,N
2026,DE,Big FM,Saarbrücken,17,3028,N
2026,DK,Radio ABC,Randers,12,3019,N
2026,GF,Guyane La 1ère,Remire-Montjoly,117,3010,N
2026,US,KKUU U92.7 FM,"Palm Springs, CA",6,2998,N
2026,US,KSFM-FM (KSFM Sacramento 102.5 FM),"Sacramento, CA",13,2991,N
2026,GP,RCI Guadeloupe,Pointe-à-Pitre,47,2962,N
2026,DK,The Voice,Copenhagen,14,2941,N
2026,RU,Europa Plus,Moscow,16,2934,N
2026,DE,UnserDing,Saarbrücken,45,2930,N
2026,PT,Mega Hits,Lisbon,13,2888,N
2026,MQ,Mouv' FM,Rivière-Pilote,101,2886,N
2026,ZA,Gagasi FM,Durban,76,2884,N
2026,GR,MAD Radio 106.2 FM,Athens,13,2880,N
2026,LB,Mix FM 104.4,Beirut,19,2840,N
2026,BG,Radio Fresh 100.3,Sofia,6,2840,N
2026,ZA,5FM,Bloemfontein,87,2835,N
2026,NZ,Niu FM,Manaku,34,2832,N
2026,MA,U RADIO,Rabat,33,2803,N
2026,US,KBFB,"Dallas, TX",49,2803,N
2026,LU,RTL Deutschlands Hit-Radio,Luxembourg,8,2801,N
2026,DE,RTL Radio,National,8,2783,N
2026,FR,NRJ Électro,Paris,3,2774,N
2026,CH,Vibration 108,Sion,7,2749,N
2026,DE,NRJ [Sachsen],Dresden,12,2735,N
2026,FR,RFI Musique,Paris,117,2731,N
2026,FR,Radio Contact,Lille,13,2729,N
2026,DE,You FM,Frankfurt,42,2704,N
2026,DE,Dasding,Stuttgart,47,2702,N
2026,RU,ХИТ FM 107.4 (Hit FM),Moscow,11,2689,N
2026,SA,MDL Beast,Riyadh,27,2674,N
2026,SC,Paradise FM,Saint Louis,95,2669,N
2026,US,KHTE The Box 96.5 FM,Little Rock,14,2655,N
2026,GR,Loud 88.8,Trikala,20,2651,N
2026,US,Hot Z 95,"Corpus Christi, TX",16,2647,N
2026,PT,Radio Orbital,Lisbon,20,2644,N
2026,NO,Topp 40,Oslo,2,2631,N
2026,SG,987FM,Singapore,9,2627,N
2026,ZA,Tru FM,Johannesburg,111,2615,N
2026,MQ,Trace FM Martinique,,30,2613,N
2026,BE,Kif Radio,Brussels,56,2595,N
2026,FR,Nova [Bordeaux],Bordeaux,27,2590,N
2026,GB,BBC Radio 1,London,69,2579,N
2026,FR,Nova La Plage,Paris,25,2577,N
2026,DE,Radio 7,Stuttgart,9,2571,N
2026,US,Power 107.5,"Colombus, OH",22,2567,N
2026,FR,Nova,Paris,24,2553,N
2026,ES,MegaStar FM,Madrid,8,2551,N
2026,BG,NRJ Radio ENERGY,Sofia,10,2539,N
2026,FR,Mistral FM,Toulon,8,2538,N
2026,US,KEZE-FM (Hot 96.9FM Spokane),"Spokane, WA",8,2512,N
2026,DE,NRJ [Bremen],Bremen,11,2502,N
2026,NL,Kiss FM,Almere,7,2477,N
2026,GB,Kemet,Nottingham,124,2468,N
2026,RU,Like FM,Moscow,9,2465,N
2026,CZ,FAJN radio,Prague,18,2465,N
2026,NO,The Beat,Oslo,3,2457,N
2026,JM,Zip FM,Kingston,84,2456,N
2026,GF,Radio Mosaïque,Cayenne,84,2451,N
2026,FR,Skyrock,Paris,30,2394,N
2026,GB,Capital FM [London],London,8,2390,N
2026,GB,Capital South Wales,Cardiff,9,2387,N
2026,SE,Radio Topp 40 Sverige,Stockholm,2,2381,N
2026,ZA,Metro FM,Johannesburg,90,2377,N
2026,US,KPHW-FM (Power Hawaï 104.3 FM),"Houston, TX",5,2371,N
2026,GB,Capital FM [Edinburgh],Edinburgh,7,2371,N
2026,GB,2BR,Manchester,8,2370,N
2026,GB,Capital FM [Liverpool],Liverpool,8,2369,N
2026,DE,"Radio Gong 106,9 Würzburg",Würzburg,9,2361,N
2026,BE,Bruzz,Brussels,84,2356,N
2026,FR,Toulouse FM,Toulouse,10,2352,N
2026,US,The Heat,"Washington, D.C.",13,2338,N
2026,RO,Radio Zu,Constanța,11,2338,N
2026,GR,Yes! 91.2,Thessaloníki,16,2336,N
2026,DE,MDR Sputnik,Halle (Saale),23,2313,N
2026,US,KCAQ-FM,"Ventura, CA",14,2299,N
2026,US,Pitbull Globalization,"Washington, D.C.",7,2298,N
2026,US,KISV-FM,"Bakersfield, CA",10,2295,N
2026,GB,BBC Asian Network,Birmingham,55,2292,N
2026,CH,SRF Virus,Basel,32,2289,N
2026,DE,HITRADIO RTL - Top40,Dresden,4,2285,N
2026,AO,Rádio Mais Luanda,Luanda,66,2283,N
2026,FR,Générations (Lyon),Lyon,38,2267,N
2026,GB,New Style Radio,Birmingham,79,2223,N
2026,US,WZMX,"Hartford, CT",45,2215,N
2026,US,KPAT-FM (The Beat San Maria 95.7 FM),"Orcutt, CA",9,2200,N
2026,ZW,Breeze fm,Victoria Falls,175,2195,N
2026,ZW,Star FM (Zimbabwe),Harare,120,2192,N
2026,MT,Vibe FM,Valletta,18,2186,N
2026,DE,1Live,Düsseldorf,40,2183,N
2026,US,Pandora Now,"Washington, D.C.",5,2168,N
2026,BE,Fun Radio BL,Brussels,64,2152,N
2026,NZ,The Edge,Auckland,6,2143,N
2026,US,KUUU-FM (U92 Salt Lake City 92.5 FM),"South Jordan, UT",6,2140,N
2026,FR,Générations (IDF),Paris,37,2136,N
2026,DE,Radio Regenbogen,Mannheim,7,2131,N
2026,RO,Kiss FM,Bucharest,18,2116,N
2026,DE,N-Joy,Hamburg,23,2106,N
2026,US,Q97.1,"Visalia, CA",6,2105,N
2026,DE,Radio FFN,Hanover,3,2097,N
2026,DE,1Live Diggi,Düsseldorf,34,2095,N
2026,US,KRRL-FM Real 92.3,"Los Angeles, CA",10,2093,N
2026,SK,Europa 2,Bratislava,14,2081,N
2026,BE,Qmusic,Bruges,14,2076,N
2026,RO,Radio Impuls,Cluj,21,2051,N
2026,US,KOPW-FM (Omaha's Power 106.9 FM),"Plattsmouth, NE",18,2039,N
2026,FR,N'Radio,Soissons,6,2037,N
2026,DE,Hit Radio N1,Nuremberg,7,2031,N
2026,DE,Gong 96.3,Munich,11,2022,N
2026,DE,Radio Gong Fm Regensburg,Ingolstadt,7,2016,N
2026,FR,Radio Numero 1,Bourges,6,2014,N
2026,FR,Radio Star (Sud),Marseille,8,2001,N
2026,US,WGTS-FM,"Washington, D.C.",1,1999,N
2026,DE,Planet Radio,Frankfurt,45,1997,N
2026,DE,Radio Galaxy,Nuremberg,5,1991,N
2026,TH,MCOT-Met 107 FM,Bangkok,19,1985,N
2026,LU,Eldoradio Live,Luxembourg,9,1985,N
2026,NL,SLAM!,Hilversum,26,1975,N
2026,DE,Radio Fantasy,Ingolstadt,14,1970,N
2026,DE,Radio Galaxy Ingolstadt,Ingolstadt,5,1965,N
2026,LU,L'essentiel Radio,Differdange,16,1964,N
2026,EE,MyHits,Tallinn,4,1962,N
2026,DE,Radio Galaxy Landshut,Landshut,5,1949,N
2026,US,WRVZ,"Charleston, WV",21,1935,N
2026,ZA,MFM 92.6,Stellenbosch,41,1932,N
2026,IT,Radio m2o,Lazio,32,1908,N
2026,EE,Power Hit Radio,Tallinn,12,1906,N
2026,ID,Phoenix Radio 91 FM,Bali,17,1906,N
2026,TT,Slam 100.5 FM,,44,1893,N
2026,NL,Qmusic Non-Stop,Hilversum,7,1891,N
2026,FR,Mixx FM,Cognac,9,1886,N
2026,NC,Nouvelle-Caledonie La 1ère,Nouméa,39,1885,N
2026,ES,Ràdio Flaixbac,Barcelona,7,1884,N
2026,PT,Radio Nova Era,Lisbon,22,1879,N
2026,IE,Spin 1038,Dublin,43,1848,N
2026,GR,Music 89.2,Athens,13,1842,N
2026,DE,Radio Teddy,Schwerin,5,1838,N
2026,US,Planet 102.3,"Corpus Christi, TX",5,1816,N
2026,DE,Fritz,Potsdam,25,1815,N
2026,DE,MDR Tweens,Leipzig,6,1814,N
2026,RU,Capital FM Moscow,Moscow,11,1814,N
2026,US,Wild 101,"Boise, ID",5,1805,N
2026,TR,Heart FM,Ankara,10,1798,N
2026,DK,DR P3,Copenhagen,40,1794,N
2026,FR,Radio ISA,Grenoble,9,1781,N
2026,FR,Radio ECN,Mulhouse,17,1780,N
2026,BE,Tipik [ex Pure FM],Liège,27,1776,N
2026,HR,Otvoreni Radio,Zagreb,11,1775,N
2026,ZA,GoodHope FM,Cape Town,46,1771,N
2026,US,KLJY-FM (JOY Saint Louis 99.1 FM),"St. Louis, MO",2,1767,N
2026,FR,NRJ,Paris,14,1765,N
2026,DE,NRJ [Hamburg],Hamburg,11,1761,N
2026,FR,FC Radio,Lyon,3,1761,N
2026,ES,Hit FM,Madrid,5,1757,N
2026,US,WXHT Hot 102.7,Madison,4,1732,N
2026,DE,NRJ ENERGY Stuttgart,Stuttgart,17,1731,N
2026,SK,Radio Expres,Bratislava,6,1731,N
2026,GB,Rinse FM,London,96,1705,N
2026,DE,NRJ [Nüremberg],Nürnberg,14,1704,N
2026,DE,RPR1,Rheinland-Pfalz,8,1687,N
2026,BE,NRJ België,Brussels,14,1681,N
2026,BE,Top Radio,Poperinge,14,1679,N
2026,DE,NRJ [München],Munich,17,1675,N
2026,FR,Hit West,Nantes,4,1673,N
2026,DE,NRJ ENERGY Berlin,Potsdam,15,1666,N
2026,PF,NRJ Polynésie,Papeete,14,1651,N
2026,FR,Sweet FM,Le Mans,4,1641,N
2026,MT,89.7 Bay,Valletta,14,1640,N
2026,BE,MNM,Veltem-Beisem,26,1639,N
2026,AT,Welle 1 Salzburg,Vienna,11,1630,N
2026,FR,Oxygène La Radio de la Seine et Marne,Melun,10,1629,N
2026,CH,Radio 24 Pop,Zürich,10,1624,N
2026,NL,Qmusic,Amsterdam,11,1608,N
2026,NZ,ZM,Auckland,6,1604,N
2026,RO,ProFM Black,Bucharest,12,1599,N
2026,GB,Platform B,Brighton,28,1589,N
2026,ES,Los 40,Rioja,8,1584,N
2026,RS,Radio AS FM,Novi Sad,7,1584,N
2026,GB,BCfm,Bristol,120,1577,N
2026,GB,SWU FM,Bristol,88,1574,N
2026,DE,Hitradio Rt1,Ingolstadt,6,1572,N
2026,DE,Hitradio Rt1 Südschwaben,Mindelheim,6,1567,N
2026,DE,Hitradio.rt1 Neuburg-Schrobenhausen,Neuburg-Schrobenhausen,6,1564,N
2026,DE,Delta Radio,Kiel,16,1562,N
2026,DE,Hitradio Rt1 Nordschwaben,Ulm,7,1561,N
2026,FR,Enjoy 33,Bordeaux,20,1555,N
2026,UG,Galaxy FM 100.2 FM,,114,1541,N
2026,RU,NRJ Energy,Moscow,6,1538,N
2026,FR,3DFM,Arles,7,1536,N
2026,FR,Europe 2 Pop Rock,Paris,2,1530,N
2026,GB,Capital Dance,London,8,1519,N
2026,DE,Radio Galaxy Aschaffenburg,Aschaffenburg,5,1507,N
2026,CA,KWPZ-FM [Praise 106.5],"Vancouver, BC",1,1495,N
2026,US,K92,"Roanoke, VA",6,1486,N
2026,FR,Top Music,Strasbourg,6,1482,N
2026,BE,100'5 Das Hitradio,Eupen,7,1479,N
2026,DE,Deutschlandfunk Nova,Köln,33,1477,N
2026,US,WBLS FM,"New York, NY",52,1476,N
2026,SK,Fun Radio,Bratislava,11,1473,N
2026,NO,P5 Hits,Oslo,3,1470,N
2026,GH,Adom FM,Accra,112,1463,N
2026,FR,Radio Fuego,Paris,28,1455,N
2026,US,KZZP,"Phoenix, AZ",12,1455,N
2026,US,WAMJ-FM,"Atlanta, GA",31,1453,N
2026,US,V103.3,"Newport, NJ",13,1447,N
2026,AU,2Day FM,Sydney,12,1444,N
2026,SE,P5,Stockholm,7,1441,N
2026,US,Y101.7,"Jackson, MS",5,1439,N
2026,CH,Argovia Pop,Zürich,9,1437,N
2026,ES,Europa FM,Madrid,3,1435,N
2026,MY,Hitz FM Kuala Lumpur,Kuala Lumpur,31,1433,N
2026,US,103.7 KISS FM,"Milwaukee, WI",6,1431,N
2026,CH,Radio Bern 1,Bern,4,1423,N
2026,DE,Radio Hamburg,Hamburg,5,1418,N
2026,RE,EXO FM,Saint Denis,37,1415,N
2026,MY,Hitz FM Kota Kinabalu,Kota Kinabalu,27,1413,N
2026,RO,One fm,Bucharest,9,1398,N
2026,MY,Hitz FM Kuching,Kuching,23,1393,N
2026,DE,Die Neue Welle,Karlsruhe,4,1391,N
2026,FR,Flash FM,Limoges,8,1383,N
2026,RO,Europa FM,Bucharest,16,1377,N
2026,FR,Radio Monaco,Moneghetti,40,1372,N
2026,GB,Kiss Dance,N,11,1372,N
2026,ES,AB 95 FM,Albacete,11,1367,N
2026,FR,Radio 6,Calais,9,1366,N
2026,DE,Das Neue Rsa Radio,Frankfurt,13,1363,N
2026,CH,Radio Pilatus,Luzern,6,1362,N
2026,BE,MNM Hits,Brussels,6,1354,N
2026,FR,La Radio Plus,Paris,8,1352,N
2026,PT,RFM,Lisbon,7,1349,N
2026,FR,Tendance Ouest,Rouen,6,1346,N
2026,DE,Radio Saw,Halle (Saale),5,1328,N
2026,IE,RTÉ 2FM,Dublin,55,1323,N
2026,AU,Nova 96.9,Sydney,10,1321,N
2026,AU,Hit 107,Adelaide,14,1321,N
2026,FR,Radio Espace,Lyon,11,1321,N
2026,DE,89.0 RTL,Halle (Saale),10,1313,N
2026,NL,Radio Decibel,Hilversum,1,1313,N
2026,GH,Peace FM,Accra,118,1304,N
2026,AU,Nova 93.7,Perth,14,1298,N
2026,FR,Durance FM,Aix-en-Provence,9,1298,N
2026,AU,Nova 100,Melbourne,11,1296,N
2026,CH,One FM,Zürich,28,1292,N
2026,AU,Nova 91.9,Adelaide,10,1291,N
2026,FR,Montagne FM,Saint-Jean-de-Maurienne,7,1290,N
2026,AU,5SEF (Hit Limestone Coast 96.1),Naracoorte,16,1288,N
2026,FI,NRJ Finland,Helsinki,8,1288,N
2026,AU,hit104.9 The Border,Albury,15,1287,N
2026,AU,hit107.9 Central Queensland,Rockhampton,13,1282,N
2026,SE,Rix FM,Stockholm,4,1280,N
2026,AU,Fox FM,Melbourne,15,1279,N
2026,FR,Nice Radio,Ashburton,9,1276,N
2026,FI,YLE X3M,Helsinki,29,1274,N
2026,FR,Radio Scoop,Roanne,8,1273,N
2026,AU,3BDG,Bendigo,15,1269,N
2026,AU,hit100.7 Darling Downs,Toowoomba,15,1268,N
2026,AU,Hit 105,Brisbane,15,1266,N
2026,ZA,East Coast Radio,Durban,25,1259,N
2026,AU,Nova 106.9,Brisbane,9,1254,N
2026,IE,iRadio,Dublin,11,1250,N
2026,AU,Hit 103.1,Townsville,15,1241,N
2026,US,562live Long Beach,Los Angeles,26,1240,N
2026,SG,Kiss92,Singapore,30,1234,N
2026,CZ,Evropa 2,Prague,9,1232,N
2026,BE,RTBF Jam,Brussels,71,1228,N
2026,FR,Rinse,Paris,58,1228,N
2026,AU,4AMM (Hit Tablelands 97.9),Cairns,15,1227,N
2026,CA,ICI Musique,Toronto,90,1224,N
2026,MK,Antenna 5,Skopje,16,1217,N
2026,IT,Canale Italia,Veneto,8,1214,N
2026,FR,Kiss FM [St Tropez/Monaco],Nice,13,1214,N
2026,DE,Sunshine Live,Stuttgart,20,1212,N
2026,FR,Kiss FM [Toulon/Marseille],Marseille,13,1207,N
2026,PT,Cidade Hip-Hop,Lisbon,6,1204,N
2026,AU,Hit 104.7,Canberra,14,1203,N
2026,FR,Fréquence 3,Paris,11,1202,N
2026,BG,N-JOY,Sofia,8,1201,N
2026,ES,RAC 105,Barcelona,6,1200,N
2026,AU,hit Southwest,Bunbury,15,1199,N
2026,AU,6CST,Mandurah,12,1198,N
2026,ZA,Heart FM,Cape Town,30,1197,N
2026,BE,RGR FM,Westerlo,8,1197,N
2026,AU,Hit99.5 Sunraysia,Mildura,11,1197,N
2026,GR,"Dromos 89,8",Athens,3,1196,N
2026,DE,Radio Nordseewelle,Aurich,6,1186,N
2026,SE,P3,Stockholm,39,1185,N
2026,AU,2CFM,Gosford,15,1183,N
2026,AU,7TTT (Hit Hobart 100.9),Hobart,13,1181,N
2026,FR,Champagne FM,Château-Thierry,3,1178,N
2026,FR,Europe 2,Paris,8,1175,N
2026,AU,Hit 100.3 Mackay,Mackay,13,1173,N
2026,FR,RTS FM,Montpellier,6,1172,N
2026,FR,Fréquence Plus,Beaune,10,1171,N
2026,MX,XHFG-FM [Pulsar 107.3 FM],"Tijuana, BC",4,1170,N
2026,DE,SWR 3,Stuttgart,21,1167,N
2026,AU,4SEA [90.9 Sea FM],Gold Coast,12,1165,N
2026,AU,Edge FM 102.5,Deniliquin,11,1165,N
2026,AU,Hit 103.5 FM Cairns,Cairns,11,1163,N
2026,DE,Radio Salü,Saarbrücken,9,1160,N
2026,LU,Radio Aktiv,Echternach,9,1157,N
2026,AT,KroneHit Electric,Vienna,12,1152,N
2026,US,Hits 1,"Washington, D.C.",1,1149,N
2026,NL,NPO 3FM KX,Hilversum,9,1146,N
2026,ID,94.8 DJFM,Surabaya,22,1143,N
2026,ZA,Ukhozi FM,Johannesburg,69,1142,N
2026,NC,Océane,Nouméa,53,1138,N
2026,LT,Zip FM,Vilnius,10,1138,N
2026,ES,Flaix FM,Barcelona,6,1138,N
2026,ES,Activa FM,,4,1135,N
2026,FR,Littoral FM,Narbonne,6,1134,N
2026,US,XHTO,"El Paso, TX",11,1127,N
2026,IE,Beat 102 103,Dungarvan,10,1125,N
2026,CH,Toxic FM,Sankt Gallen,12,1125,N
2026,IE,FM104,Dublin,46,1121,N
2026,UA,Lux FM 103.1 (Pадіо Люкс),Kiev,7,1121,N
2026,FR,Max Radio,Grenoble,11,1121,N
2026,US,102.7 Da Bomb,"Houston, TX",3,1121,N
2026,US,KLLY-FM,"Bakersfield, CA",5,1119,N
2026,PT,Top FM,Porto,9,1117,N
2026,US,WZNF,"Biloxi, MS",5,1115,N
2026,AU,Radio Metro,Gold Coast,31,1113,N
2026,AU,KIIS 1065,Sydney,8,1110,N
2026,FR,Radio Menergy,Albi,7,1107,N
2026,FR,Maritima Radio,Marseille,17,1107,N
2026,US,WVYB-FM,"Daytona Beach, FL",4,1106,N
2026,GB,Radio Cardiff,Cardiff,64,1104,N
2026,ES,Marcha FM,Las Palmas,9,1104,N
2026,AU,KIIS 101,Melbourne,7,1104,N
2026,FR,Vibration,Orléans,14,1103,N
2026,AT,KroneHit 105.8,Vienna,10,1099,N
2026,DE,Cosmo WDR,Köln,2,1098,N
2026,AU,3YFM [Coast FM],Warnambool,13,1097,N
2026,FR,Direct FM,Metz,3,1097,N
2026,FR,Tonic Radio,Lyon,5,1093,N
2026,DE,LandesWelle,Erfurt,13,1091,N
2026,US,KNDE Candy 95 FM,"Bryan, TX",5,1082,N
2026,LT,Radiocentras,Alytus,6,1081,N
2026,FI,YLEX,Helsinki,15,1077,N
2026,DE,Radio Klinikfunk,Wiesbaden,8,1075,N
2026,GH,Onua 95.1 FM,Accra,100,1071,N
2026,ES,La Fresca FM,Alicante,11,1071,N
2026,FR,Alouette,Nantes,3,1069,N
2026,RO,Bucuresti FM,Bucharest,11,1067,N
2026,IT,Radio Playstudio,Emilia–Romagna,10,1065,N
2026,FR,Fun Radio,Paris,15,1052,N
2026,DE,Antenne [Thüringen],Erfurt,5,1052,N
2026,HN,Exa Honduras,Tegucigalpa,14,1049,N
2026,GB,Radio Essex,London,10,1043,N
2026,FR,Radio Mont-Blanc,Annecy,2,1043,N
2026,DE,Radio PSR,Dresden,3,1037,N
2026,DE,Jump,Halle (Saale),9,1035,N
2026,DE,SR1 Europawelle,Saarbrücken,10,1034,N
2026,AR,Radio One,Buenos Aires,16,1031,N
2026,FI,Loop,Helsinki,9,1029,N
2026,CA,CHUM,"Toronto, ON",4,1025,N
2026,AU,TRFM,Traralgon,11,1025,N
2026,SE,Power Hit Radio,Stockholm,7,1023,N
2026,AU,K-Rock 95.5 FM,Geelong,13,1023,N
2026,LT,Radio M-1,Vilnius,18,1022,N
2026,HR,Prvi karlovački - WOW Hits,Karlovac,28,1016,N
2026,DE,Bremen Vier,Bremen,16,1016,N
2026,BE,BRF 1,Eupen,8,1016,N
2026,NL,NPO 3FM,Hilversum,17,1015,N
2026,US,WJFX-FM (Online Fort Wayne Hot 107.9 FM),"Fort Wayne, IN",4,1011,N
2026,US,ENERGY98,"Portland, OR",3,1009,N
2026,FR,Wit FM,Angoulême,5,1002,N
2026,PT,Rádio Comercial,Lisbon,7,1001,N
2026,DE,Hit Radio FFH,Frankfurt,7,1000,N
2026,FR,Plein Air,Besançon,7,995,N
2026,CH,Rhône FM,Bern,10,995,N
2026,RO,Digi FM,Bucharest,8,994,N
2026,US,KHKS,"Dallas, TX",9,994,N
2026,DE,Bayern 3,Munich,13,994,N
2026,FR,100%,Carcassonne,5,989,N
2026,DE,Donau 3 Fm,Ulm,8,987,N
2026,FR,Raje,Paris,21,983,N
2026,AU,Hit106.9 Newcastle,Newcastle,16,982,N
2026,DE,NDR 2,Hamburg,19,979,N
2026,AU,Triple J,Sydney,32,976,N
2026,DE,HR3,Frankfurt,11,976,N
2026,BE,Contact,Mons,16,974,N
2026,FR,Fusion FM,Vichy,7,972,N
2026,LU,RTL Radio Lëtzebuerg,Dudelange,9,966,N
2026,ES,TRAK FM 101.6 RADIO,,13,965,N
2026,AE,Pulse 95 FM,Dubai,29,963,N
2026,UY,Concierto Punta 95.1 FM,Punta del Este,16,958,N
2026,NL,Radio 538,Hilversum,11,958,N
2026,GB,All FM,Manchester,100,953,N
2026,AU,Double J,Canberra,16,945,N
2026,PL,Polskie Radio Czwórka,Warsaw,26,944,N
2026,IS,K100 (Kaninn FM),Reykjavík,4,944,N
2026,BR,Metropolitana Pop,São Paulo,31,943,N
2026,CO,Los 40 Principales,Cali,5,943,N
2026,FR,Activ Radio,Saint-Etienne,7,943,N
2026,US,Hot 103.5,"Sacramento, CA",8,940,N
2026,US,WYKS,"Gainesville, GA",3,939,N
2026,PE,Studio92,Lima,9,935,N
2026,IT,Radio 105,Lombardy,16,933,N
2026,FR,Lor'FM,Metz,10,931,N
2026,DE,Antenne Niederrhein,Düsseldorf,7,928,N
2026,DE,Antenne Unna,Unna,8,923,N
2026,DE,Radio 91.2 Lokalfunk Dortmund,Dortmund,7,916,N
2026,FR,NRJ at home,Paris,13,916,N
2026,GB,Cool FM,Belfast,8,914,N
2026,FR,Evasion,Évry,6,914,N
2026,AU,3SHI (Mixx FM 107.7),Hamilton,12,910,N
2026,DE,WDR 2,Berlin,10,909,N
2026,FR,Inside,Pau,8,909,N
2026,AU,3CCS (Mixx FM 92.7),Lorne,10,898,N
2026,DE,Antenne [Düsseldorf],Düsseldorf,7,897,N
2026,US,WXXX,"Burlington, VT",6,893,N
2026,DE,Radio Bonn/Rhein-Sieg,Bonn/Rhein-Sieg,8,893,N
2026,SE,NRJ Sweden,Stockholm,12,890,N
2026,ES,Cadena 100,Madrid,5,890,N
2026,FR,Prysm Radio 1,Paris,5,889,N
2026,GB,BBC Radio 1 Dance,London,18,887,N
2026,FR,Metropolys,Lille,8,880,N
2026,AU,3WWM (Mixx FM 101.3),Horsham,12,880,N
2026,FR,Radio ONE,Agde,5,878,N
2026,US,WZFL,"Miami, FL",12,877,N
2026,IS,Kiss FM 104.5,Reykjavík,3,876,N
2026,DE,ERF Jess,Wetzlar,4,859,N
2026,US,WPIA-FM (KISS FM Peoria 98.5),"Eureka, CA",5,856,N
2026,US,WFBC-FM (B93.7 FM Greenville Pop Music),"Greenville, SC",4,855,N
2026,NZ,George FM,Tauranga,14,854,N
2026,DE,Antenne Münster,Münster,25,851,N
2026,DE,Radio Köln,Köln,11,851,N
2026,FR,Flor FM,Mulhouse,35,850,N
2026,US,XHITZ,"San Diego, CA",7,850,N
2026,FR,FIP autour du monde,Paris,20,847,N
2026,GR,Kosmos Radio 93.6 & 107.0,Athens,23,846,N
2026,IE,Red FM,Cork,12,846,N
2026,FR,RFI,Paris,81,842,N
2026,RO,Radio Deep Romania,Bucharest,22,842,N
2026,US,KHTT,"Tulsa, OK",4,840,N
2026,US,KIIS,"Los Angeles, CA",13,838,N
2026,FR,ARL,Bordeaux,3,835,N
2026,MX,XHMA-FM,"Guadalajara, JA",8,833,N
2026,YT,Mayotte La 1ère,Mamoudzou,71,832,N
2026,FI,Radio City,Helsinki,2,832,N
2026,FR,Top FM,Marseille,11,829,N
2026,PE,Onda Cero,Lima,3,826,N
2026,US,KBFF,"Portland, OR",6,825,N
2026,US,POWER106,"Los Angeles, CA",7,824,N
2026,US,98.9 Magic FM,"Colorado Spring, CO",6,822,N
2026,FR,Radio Camargue,Nîmes,6,822,N
2026,US,WPXY-FM (98 PXY Rochester 97.9 FM),"Rochester, NY",5,820,N
2026,US,99.7 NOW,"San Francisco, CA",16,819,N
2026,ES,UNIKA FM,Madrid,52,814,N
2026,CA,CJUM-FM UMFM,Winnipeg,128,812,N
2026,CH,NRJ Energy Bern,Bern,7,812,N
2026,US,WAYV-FM,"Atlanta, GA",6,810,N
2026,US,WXXL,"Orlando, FL",9,808,N
2026,FR,Delta FM,Dunkirk,5,808,N
2026,US,KMCK-FM (Power Arkansas 105.7FM),"Fayetteville, AR",5,808,N
2026,US,WHTZ,"New York, NY",5,807,N
2026,BR,Nova Brasil FM (Sao Paulo),"Poços de Caldas, MG",10,807,N
2026,ES,Scanner FM,Barcelona,11,807,N
2026,FR,Magnum La Radio,Mulhouse,5,807,N
2026,US,WIXX-FM,"Green Bay, WI",4,806,N
2026,US,WKSE-FM (KISS Niagara Falls 98.5FM),"Niagara Falls, NY",4,804,N
2026,AT,FM4,Vienna,56,804,N
2026,DE,Radio Charivari München,Munich,10,804,N
2026,ZA,Radio NFM Nuus,Cape Town,67,803,N
2026,GB,Delite Radio,London,47,803,N
2026,CH,Energy Zürich,Zürich,7,803,N
2026,MQ,Martinique La 1ère,Fort-de-France,59,802,N
2026,FR,Latina,Paris,14,802,N
2026,GP,Madras FM,Pointe-à-Pitre,8,802,N
2026,CL,Radio Disney Chile 104.9 FM Santiago,Santiago,4,801,N
2026,ES,Motiva FM,,2,800,N
2026,IT,Radioshakehit,Turin,21,799,N
2026,FR,Radio Star (Est),Belfort,7,798,N
2026,IT,Radio Suby,Umbria,3,796,N
2026,DE,Radio Ton,Würzburg,3,795,N
2026,DE,Antenne 1 Baden-Württemberg,Stuttgart,9,792,N
2026,CA,CKOI,"Montreal, QC",3,791,N
2026,CH,NRJ Energy Basel,Liestal,7,790,N
2026,FI,Radio Rock,Helsinki,1,788,N
2026,CH,Radio Chablais,Bern,5,784,N
2026,FR,Radio RMB,Montluçon,12,784,N
2026,FR,La musique d'Inter,Paris,6,783,N
2026,CO,Radionica,Bogotá,40,781,N
2026,US,Nexus Radio,"Chicago, IL",3,780,N
2026,DE,Antenne Bad Kreuznach,Frankfurt,5,779,N
2026,PH,Monster RX 93.1,Manila,16,778,N
2026,MX,XHGR-FM - Los 40 Xalapa - 104.1 FM,"Xalapa, VE",10,773,N
2026,ES,Ibiza 1 Radio,Ibiza,6,773,N
2026,US,Kiss FM,"De Pere, WI",5,773,N
2026,IT,Radio Globo,Rome,10,767,N
2026,US,WVKL-FM (95.7 FM R&B Norfolk Urban Music),Norfolk,5,762,N
2026,GB,Foundation FM,London,23,759,N
2026,DE,Classic Rock Radio,Saarbrücken,1,754,N
2026,FR,Horizon,Rouen,7,752,N
2026,US,WIOQ,"Philadelphia, PA",7,751,N
2026,EE,ERR Raadio 2,Rakvere,46,745,N
2026,PL,Radio Eska,Warsaw,7,745,N
2026,US,KXT,Dallas,7,745,N
2026,BR,Metropolitana 98.5 FM,"São Paulo, SP",5,744,N
2026,FR,Radio VFM,Vire,9,743,N
2026,IL,Kol Rega 91.5 FM,Haifa,14,739,N
2026,DE,Radio Q,Berlin,19,739,N
2026,FR,Latina Fiesta,Paris,13,738,N
2026,FR,Oxygène Radio,Segré,7,736,N
2026,DE,R.SH,Kiel,3,735,N
2026,IT,Radio Piterpan,Veneto,40,732,N
2026,CA,Rythme 105.7,"Montreal, QC",4,732,N
2026,US,WSUN - El Nuevo Zol 97.1,"Tampa, FL",4,731,N
2026,US,1075 KZL,"Winston-Salem, NC",5,728,N
2026,FR,Radio Galere,Marseille,44,725,N
2026,US,KTBG,Warrensburg,10,725,N
2026,FR,RVM,Charleville-Mézières,9,724,N
2026,CH,RTS Couleur 3,Mont Salève,82,720,N
2026,LV,Star FM,Riga,10,720,N
2026,AT,Radio Austria,Vienna,3,719,N
2026,US,KBRE 105.7 The Bear KTIQ,Merced,2,715,N
2026,FR,Radio Arc en Ciel,Strasbourg,15,714,N
2026,FR,Radio Flash,Montpellier,8,713,N
2026,US,KEXP,"Seattle, WA",105,712,N
2026,PL,Radio KISS FM,Warsaw,5,712,N
2026,BR,Difusora FM 97.1,"Ribeirão Preto, SP",3,711,N
2026,GB,Pure Dance,,10,708,N
2026,FR,Cerise FM,Mulhouse,4,706,N
2026,GB,Reform Radio,Manchester,71,703,N
2026,NO,NRK P3,Steigen,15,700,N
2026,MX,XHESL [Exa 102.1 FM],"San Luis Potosi, SL",6,700,N
2026,CH,Radio Basilisk,Bern,3,700,N
2026,FR,K6 FM,Dijon,5,698,N
2026,US,KYLD [WILD 94.9],"San Francisco, CA",11,697,N
2026,FR,Phare FM,Paris,4,696,N
2026,US,Global Urban Radio,New York,1,696,N
2026,FR,Happy Radio,Bergerac,2,695,N
2026,US,WZOK,"Rockford, IL",8,692,N
2026,FO,VoxPop,Tórshavn,13,688,N
2026,DE,Ostseewelle HIT-RADIO Mecklenburg-Vorpommern,Berlin,7,680,N
2026,US,KSOC,"Dallas, TX",14,679,N
2026,FR,Radio Phénix,Caen,6,679,N
2026,FR,FOREVER,Bordeaux,5,678,N
2026,DE,Baden FM,Stuttgart,3,678,N
2026,UA,Хіт FM (Hit FM),Kiev,3,677,N
2026,DE,94.3 RS2,Berlin,6,677,N
2026,US,WTDY-FM,"Philadelphia, PA",3,676,N
2026,US,KUDL,"Sacramento, CA",5,673,N
2026,DZ,Chaine III,Algiers,51,672,N
2026,US,KALV-FM (Live Phoenix 101.5 FM),"Phoenix, AZ",12,671,N
2026,RU,DFM Радио 101.2 FM (DFM Radio),Moscow,3,671,N
2026,MX,XHOB-FM [Factor 93.1 FM],"San Luis Potosi, SL",5,670,N
2026,GH,Sunny FM,Accra,39,669,N
2026,US,WWWQ,"Atlanta, GA",10,667,N
2026,AT,ORF Hitradio Ö3,Vienna,9,667,N
2026,US,Mix 93.9,"Kansas City, MO",2,667,N
2026,GR,Kiss FM 92.2,Athina,5,663,N
2026,AU,Fresh 92.7,,14,663,N
2026,US,93.7 KRQ Tucson / KRQQ,Tucson,7,662,N
2026,CZ,Expres FM,Prague,13,660,N
2026,FR,Cannes Radio,Cannes,5,657,N
2026,AR,40 Principales,Comodoro Rivadavia,2,656,N
2026,FR,Jordanne FM,Aurillac,13,655,N
2026,FR,SooGood Radio,Paris,5,655,N
2026,FR,FIP Hip-hop,Paris,10,654,N
2026,CH,Radio X,Basel,50,653,N
2026,US,WEZB,"New Orleans, LA",5,652,N
2026,DE,NDR Blue,Hamburg,50,652,N
2026,IT,Südtirol 1,Bolzano,8,652,N
2026,US,WLDI,"West Palm Beach, FL",7,651,N
2026,ES,Mix FM,Riano De Ibio,13,651,N
2026,MQ,RBR Martinique,Fort-de-France,71,648,N
2026,US,WRVW,"Nashville, TS",5,648,N
2026,US,WHYI,"Miami, FL",13,647,N
2026,US,KBOO,Portland,84,645,N
2026,CA,"CITE-FM [Rouge FM 107,3]","Montreal, QC",4,643,N
2026,FR,Sanef 107.7 Nord,Strasbourg,4,643,N
2026,LU,"radio 100,7",Luxembourg,15,642,N
2026,DE,Antenne Koblenz 98.0,Landau,8,642,N
2026,ZA,VOW Voice of Wits 88.1 FM,Johannesburg,36,641,N
2026,CH,Rouge Fm,Lausanne,12,641,N
2026,FR,Radio En Construction,Strasbourg,14,638,N
2026,PL,Radio ZET,Szczecin,4,636,N
2026,AU,2WIN,Wollongong,6,634,N
2026,US,KLYV-FM (Y105 Music Dubuque Pop radio),"Dubuque, IA",6,630,N
2026,AT,Antenne Steiermark,Bruck an der Mur,6,630,N
2026,ES,Radio Surco,Villarrobledo,9,628,N
2026,FR,Radio MNE,Mulhouse,16,628,N
2026,NL,538 Ibiza,Hilversum,4,626,N
2026,ES,iCat FM,Barcelona,18,622,N
2026,US,HOT 96.9 Boston,"Boston, MA",6,620,N
2026,DE,Ego FM,Munich,8,619,N
2026,LT,M-1 Dance,Vilnius,17,618,N
2026,PT,RTP Antena 3,Lisbon,18,616,N
2026,US,KJYO,"Oklahoma City, OK",8,613,N
2026,US,WHBQ,"Memphis, TN",4,610,N
2026,PL,Radio Bielsko,Bielsko-Biała,11,608,N
2026,GB,KMFM,Tonbridge,4,608,N
2026,CA,CBC Radio 2 Halifax,"Saint John, NB",41,606,N
2026,GB,Premier Christian Radio,London,30,606,N
2026,US,WTOK-FM (Hot San Juan Puerto Rico 102.5 FM),"San Juan, TX",5,604,N
2026,US,WNCI,"Columbus, OH",3,604,N
2026,GR,Happy 104,Athens,1,604,N
2026,AR,Pop Radio,Junin,3,604,N
2026,BE,One World Radio,Brussels,19,601,N
2026,LT,Power Hit Radio,Vilnius,21,601,N
2026,MK,Radio 2 MRT,Skopje,19,600,N
2026,ID,Z 99.9 FM,Jakarta,9,599,N
2026,LV,Saules Radijas,Šiauliai,18,598,N
2026,MX,XHCEL-FM [El y Ella 103.7 FM],"Celaya, GT",2,598,N
2026,US,KTBT,"Tulsa, OK",13,597,N
2026,MX,XEOYE [Oye 89.7 FM],"Mexico City, DF",4,597,N
2026,IT,Radio Monte Carlo 2,Monte Carlo,6,595,N
2026,US,WKTU,"New York, NY",6,595,N
2026,MX,XHNU-FM [Súper 94.5 FM],"Acapulco, GR",1,595,N
2026,DE,Radio Brocken,Halle (Saale),3,594,N
2026,US,KISO,"Omaha, NE",7,593,N
2026,US,WBEB-FM,"Philadelphia, PA",3,593,N
2026,AU,97.3 FM,Brisbane,10,593,N
2026,YT,NRJ Mayotte,Mamoudzou,33,592,N
2026,US,KWEE-FM,"Portland, OR",4,586,N
2026,FR,Radio Campus Tours,Tours,38,586,N
2026,ZA,Motsweding FM,Johannesburg,75,585,N
2026,US,WMMJ-FM,"Bethesda, MD",11,585,N
2026,US,WNDV-FM,"South Bend, IN",4,585,N
2026,CA,Rouge FM,"Quebec City, QC",5,583,N
2026,CA,"CIMF-FM [Rouge 94,9]","Ottawa, ON",4,581,N
2026,IT,Radio Zeta,Rome,4,581,N
2026,FR,Radio Krimi,Paris,21,580,N
2026,VE,Power 93.5 fm,Puerto La Cruz,29,580,N
2026,US,WNRW,"Louisville, KY",8,580,N
2026,CZ,ČRo Radio Wave,Prague,11,578,N
2026,US,WDJX,"Louisville, KY",6,576,N
2026,FR,H2O Annecy,Annecy,5,576,N
2026,RU,Radio Record,Saint Petersburg,16,574,N
2026,AT,88.6 Wien,Vienna,1,574,N
2026,DK,Skala,Odense,4,572,N
2026,DE,Radio IN,Ingolstadt,5,570,N
2026,AU,SYN FM,Melbourne,22,569,N
2026,US,The Coffee House,"Washington, D.C.",2,569,N
2026,US,WRMF-FM,"Palm Beach, FL",2,569,N
2026,US,WRSB Mega 97.5,Rochester,5,568,N
2026,US,Octane,"Washington, D.C.",1,568,N
2026,AU,Mix 94.5,Perth,15,564,N
2026,AR,Disney,Buenos Aires,6,564,N
2026,MX,XHERZ-FM [Los 40 93.1],"Leon, GT",9,564,N
2026,US,WKRQ-FM (Q102 WKRQ Cincinnati),"Cincinnati, OH",7,562,N
2026,IT,Discoradio,Lombardy,9,560,N
2026,GB,Gaydio,Manchester,6,559,N
2026,LU,RTL Today Radio,Luxembourg,18,556,N
2026,IT,Radio Spazio Blu,Lazio,16,554,N
2026,FR,Radio 8,Sedan,4,553,N
2026,FR,Radio SCOOP Gold,Gap,7,553,N
2026,FR,Maxximum,Paris,13,549,N
2026,US,WKSL,"Jacksonville, FL",9,548,N
2026,MX,XHJC [Exa 91.5 FM],"Mexicali, BC",4,546,N
2026,MX,XHQRT-FM [91 DAT 90.9 FM],"Queretaro, QT",3,546,N
2026,US,WKZE,Winchester Center,11,545,N
2026,MX,XHMG-FM [Digital 102.9 FM],"Monterrey, NL",3,543,N
2026,US,WRRC,"Trenton, NJ",49,541,N
2026,CL,Radio Cooperativa,Santiago,3,541,N
2026,CH,World Radio Switzerland,Zürich,45,540,N
2026,IT,Radio Company,Udine,14,540,N
2026,IT,Radio Ibiza,Naples,20,537,N
2026,IT,Radio Jukebox,Cosenza,5,535,N
2026,US,KZHT,"Salt Lake City, UT",4,534,N
2026,HR,Antena Zagreb,Zagreb,9,533,N
2026,CH,Radio Zürisee,Zurich,2,532,N
2026,IE,98 FM,Dublin,9,531,N
2026,MX,XHEXA [EXA 104.9],"Mexico City, DF",3,531,N
2026,FR,Latina @work,Paris,1,531,N
2026,IT,Deejay,Milan,25,530,N
2026,DE,Radio Cottbus 94.5,Cottbus,10,530,N
2026,FR,Canal FM,Aulnoye-Aymeries,10,530,N
2026,EE,Sky Plus,Tallinn,5,529,N
2026,MX,ULTRA 92.5 FM PUEBLA,"Puebla, PU",13,529,N
2026,DE,Radio 21,Hanover,1,529,N
2026,US,WSKQ-FM (La Mega New York 97.9 FM),"New York, NY",4,528,N
2026,CO,La Mega,Bogotá,9,528,N
2026,DE,Rockland Radio,Rheinland-Pfalz,1,528,N
2026,DE,"Radio Osnabrück 98,2",Bremerhaven,1,528,N
2026,PL,RMF MAXXX,Zabrze,9,527,N
2026,RE,Radio Coco,Saint-Denis,4,527,N
2026,CA,CJFM-FM [Virgin Radio 96],"Montreal, QC",12,526,N
2026,FR,FG Chic,Paris,13,524,N
2026,FR,Radio FG,Paris,12,522,N
2026,DE,CT Das Radio,Bochum,23,519,N
2026,DE,SWR 4 BW,Stuttgart,12,519,N
2026,BR,Rádio Cult FM,Bom Jardim,2,519,N
2026,IE,Today FM,Cork,5,518,N
2026,US,WFLY-FM,"Troy, MI",4,515,N
2026,AT,Antenne Vorarlberg,Vienna,5,513,N
2026,PL,Radio Kampus FM,Warsaw,34,510,N
2026,FR,FIP Metal,Paris,2,510,N
2026,UY,Radio Disney Uruguay,Montevideo,3,509,N
2026,US,KTED 100.5,"Casper, WY",2,507,N
2026,CA,CKIS-FM (Kiss 92.5),Toronto,15,507,N
2026,US,WNXP,Nashville,14,507,N
2026,GB,Hits Radio Staffordshire and Cheshire,Stoke-on-Trent,5,507,N
2026,AL,Radio Tirana 2,Tirana,14,504,N
2026,GB,Key 103,Manchester,5,504,N
2026,ZA,Thobela FM,Johannesburg,61,503,N
2026,PT,Rádio Canal FM,Angra do Heroísmo,14,498,N
2026,DE,Radio Charivari Regensburg,Ingolstadt,4,498,N
2026,CH,1 FM Dance One,Zug,4,497,N
2026,GB,Pirate FM,Plymouth,5,497,N
2026,MX,XHJD-FM [D99 ],"Monterrey, NL",11,496,N
2026,US,WAKS,"Cleveland, OH",8,496,N
2026,US,WWXM,"Myrtle Beach, SC",5,496,N
2026,FR,Sea FM,Avranches,4,495,N
2026,US,105.9 KISS-FM,"Lawrence, KS",5,494,N
2026,LV,Latvijas radio 5,Riga,23,493,N
2026,GB,NTS,London,123,492,N
2026,UA,Lux FM (Pадіо Люкс) Lviv,L'viv,3,492,N
2026,FR,Prun',Nantes,21,491,N
2026,FR,Radio Campus Clermont Ferrand,Clermont-Ferrand,17,491,N
2026,HR,Enter Zagreb,Zagreb,12,491,N
2026,FR,C Lab,Rennes,73,489,N
2026,US,Radio Milwaukee: WYMS,Milwaukee,20,487,N
2026,DE,NDR Info,Hamburg,13,487,N
2026,FR,Fréquence Grands Lacs,Bordeaux,5,487,N
2026,AU,Kiss FM,Melbourne,70,484,N
2026,MX,XHSR [Exa 97.3 FM],"Monterrey, NL",14,484,N
2026,ES,Canal Fiesta Radio,Seville,4,484,N
2026,GB,Soho Radio,London,88,483,N
2026,US,The Detroit Praise Network,Detroit,7,483,N
2026,GB,Kerrang!,London,2,483,N
2026,FI,HitMix,Helsinki,3,482,N
2026,PE,Radio Moda,Lima,2,482,N
2026,FR,Radio Grenouille,Marseille,43,481,N
2026,US,KRUF-FM (K945 Shreveport 94.5 FM),"Shreveport, LA",7,481,N
2026,GB,Hits Radio,London,5,481,N
2026,US,Colorado Public Radio's Open Air,"Laporte, IN",5,480,N
2026,US,Indie102.3,Denver,5,480,N
2026,US,KPTT,"Denver, CO",5,479,N
2026,NO,NRJ Norway,Bergen,8,478,N
2026,ES,Loca Latino,Madrid,15,477,N
2026,PE,Radio La Zona,Lima,6,477,N
2026,FI,Kiss,Helsinki,5,476,N
2026,DK,NOVA,Copenhagen,6,475,N
2026,SM,Radio San Marino,San Marino,6,474,N
2026,US,WFMF,"Baton Rouge, LA",5,474,N
2026,CA,WKND,"Quebec City, QC",6,474,N
2026,US,WZEE,"Madison, WI",8,473,N
2026,MX,Radio Chilango,Mexico City,13,471,N
2026,US,WFUV,New York City,8,471,N
2026,FR,Radio Mega,Montélimar,40,470,N
2026,ES,Radio Mallorca,Mallorca,9,468,N
2026,US,WYCE,Grand Rapids,20,467,N
2026,FR,RFM,Paris,3,466,N
2026,DE,WDR 5,Bielefeld,16,465,N
2026,US,CIDR,"Detroit, MI",11,464,N
2026,NL,Sky Radio,Hilversum,3,464,N
2026,NO,NRK P13,Oslo,36,463,N
2026,US,WLZX-FM,"Springfield, MA",2,461,N
2026,MX,XHFAJ-FM [Alfa 91.3],"Mexico City, DF",4,459,N
2026,FR,Radio Valois Multien,Crépy-en-Valois,7,458,N
2026,MX,XHLTN-FM [Radio Latina 104.5 FM],"Tijuana, BC",1,458,N
2026,AT,Life Radio,Linz,8,454,N
2026,DE,Radio Ramasuri,Bayreuth,4,454,N
2026,DE,Radio Euroherz,Bayreuth,4,451,N
2026,DE,Radio Mainwelle,Bayreuth,4,451,N
2026,DE,Byte FM,Hamburg,38,449,N
2026,DE,Radio Charivari Rosenheim,Wasserburg am Inn,4,448,N
2026,GP,Guadeloupe La 1ère,Baie-Mahault,49,447,N
2026,US,WCGQ-FM,"Columbus, OH",7,447,N
2026,RE,Réunion La 1ère,Saint-Denis,27,446,N
2026,DE,rbb 88.8 FM,Berlin,5,446,N
2026,GB,WCR FM,Wolverhampton,8,446,N
2026,NL,LINDA Radio,Hilversum,2,446,N
2026,FR,Radio Dio,Saint-Etienne,14,445,N
2026,US,Diplo's Revolution,"Washington, D.C.",6,442,N
2026,DE,HR 1,Frankfurt,13,441,N
2026,BR,Jovem Pan,"São Paulo, SP",10,439,N
2026,DE,HR 2,Frankfurt,15,439,N
2026,US,WQLZ,"Springfield, IL",2,438,N
2026,AU,FBI,Sydney,66,436,N
2026,DE,SWR 2,Stuttgart,17,436,N
2026,FR,Rire et Chansons,Paris,2,436,N
2026,FR,Radio Micheline,Montélimar,19,434,N
2026,DE,Radio Plassenburg 101.6,Bayreuth,5,434,N
2026,BR,Atlantida FM - Porto Alegre,"Porto Alegre, RS",5,434,N
2026,DE,Deutschlandfunk Kultur,Berlin,29,432,N
2026,US,Hot 104 Radio,"Houston, TX",6,432,N
2026,DE,RADIO BOB Rockt Schleswig-Holstein,Kiel,1,432,N
2026,FR,Radio Ellebore,Chambery,14,431,N
2026,AU,91.9 Sea FM,Nambour,5,430,N
2026,DE,Radio Bob!,Frankfurt,1,429,N
2026,US,KUDD,"Salt Lake City, UT",2,427,N
2026,DE,NDR 1 Radio MV,Greifswald,13,426,N
2026,IT,Rai 2,Lazio,20,425,N
2026,MX,Los 40,"Mexico City, DF",2,425,N
2026,US,WORT 89.9 FM Community Radio,Madison,85,424,N
2026,PM,Saint-Pierre et Miquelon La 1ère,Saint-Pierre,14,424,N
2026,US,KDWB,"Minneapolis, MN",11,423,N
2026,DE,NDR 1 Welle Nord,Flensburg,13,422,N
2026,BW,Duma FM,Gaborone,62,420,N
2026,PT,Rádio Oxigénio,Lisbon,20,419,N
2026,US,Radio Danz,"Miami, FL",4,418,N
2026,CA,Virgin Radio (CKFM-FM),Toronto,10,416,N
2026,FR,Totem,Paris,3,416,N
2026,US,KHFI,"Austin, TX",5,415,N
2026,FR,Plum'fm,Sérent,19,414,N
2026,IT,Radio Studio Piu',Pedaso,13,414,N
2026,DE,Antenne [Bayern],Munich,3,414,N
2026,GB,Funky Essex,Costessey,27,413,N
2026,FR,Radio Béton,Tours,41,412,N
2026,UA,Kiss FM Ukraine,Lviv,20,412,N
2026,AE,Luv 107.1,Dubai,6,412,N
2026,BE,Studio Brussel,Brussels,16,409,N
2026,CH,Radio Freiburg,Fribourg,10,409,N
2026,NL,Omroep Zeeland,Amsterdam,2,406,N
2026,CA,JUMP! 106.9,"Ottawa, ON",4,404,N
2026,CO,La X,Medellín,13,403,N
2026,US,WMSC,Montclair,6,403,N
2026,CH,Rete Tre,Ticino,24,401,N
2026,FR,FIP autour du groove,Paris,12,401,N
2026,US,WNYU-FM,"New York, NY",34,400,N
2026,FR,Radio Meuh,La Clusaz,12,399,N
2026,CH,Radio Ticino,Ticino,2,398,N
2026,PL,RMF FM,Koszalin,3,397,N
2026,IT,Radionorba,Apulia,7,397,N
2026,EE,Raadio Tallinn,Tallinn,84,396,N
2026,FR,Alternantes FM,Nantes,53,396,N
2026,FR,Radio Campus Montpellier,Montpellier,24,396,N
2026,BR,Mix FM Rio,Rio de Janeiro,10,396,N
2026,DE,Star Fm Nürnberg,Lauf an der Pegnitz,1,396,N
2026,GB,BBC Radio 6,London,37,395,N
2026,ES,Los 40 Dance [Máxima FM],Barcelona,15,394,N
2026,DE,Star FM,Berlin,2,394,N
2026,IT,RTL 102.5,Rome,3,394,N
2026,US,WDJQ-FM (Q92 Radio),"Alliance, OH",6,393,N
2026,FR,FG Dance,Paris,13,392,N
2026,FR,Vinci - Autoroute FM,Alpes Provence,10,392,N
2026,GB,Northsound 1,Aberdeen,13,392,N
2026,CH,Rabe,Bern,30,392,N
2026,IT,Ciccio Riccio,Specchia,12,391,N
2026,GF,Radio Péyi,Cayenne,36,389,N
2026,US,WZYP,"Huntsville, AL",11,389,N
2026,GB,Tay FM,Dundee,6,388,N
2026,DK,myROCK,Copenhagen,1,388,N
2026,LU,Radio ARA,Luxembourg,81,387,N
2026,IL,KZ Radio Israel,Jerusalem,67,386,N
2026,DE,Hit Radio Ohr,Freiburg im Breisgau,6,386,N
2026,US,WRLT Lightning 100.1 FM,Nashville,4,385,N
2026,ID,Female Radio 97.9 FM,Jakarta,1,385,N
2026,MX,XHUAD-FM [Lobos FM 94.1 FM],"Durango, DG",29,384,N
2026,DE,Radio HBW - Harz-Borde-Welle,Aschersleben,41,384,N
2026,DE,NDR 1 Niedersachsen,Hannover,13,384,N
2026,FR,Radio Intensité,Châteaudun,14,382,N
2026,MX,XHMLS-FM [Éxitos 91.3 FM],"Matamoros, TM",1,382,N
2026,GB,Moray Firth Radio,Inverness,8,381,N
2026,US,90.9 KCBI FM,"Dallas, TX",1,381,N
2026,NC,Radio Djiido,Nouméa,43,380,N
2026,US,93.1 WZAK,Cleveland,13,380,N
2026,DE,Radio Zwickau,Zwickau,5,380,N
2026,DE,917 X FM,Hamburg,1,380,N
2026,IT,Radio Rosa,Poggibonzi,14,379,N
2026,GB,Forth 1,Balerno,7,379,N
2026,US,WKSC,"Chicago, IL",8,377,N
2026,ZA,947,Rivonia,46,375,N
2026,FR,France Inter,Paris,28,375,N
2026,US,WZFT,"Baltimore, MD",10,374,N
2026,IT,Radio Kiss Kiss Napoli,Campania,5,374,N
2026,US,My 102.7,"Spring Creek, VA",3,373,N
2026,US,Novaphonic.FM,Dayton,15,372,N
2026,US,WPOW,"Miami, FL",19,370,N
2026,CA,DJRADIO.ca,,8,370,N
2026,ZA,Lesedi FM,Durban,40,369,N
2026,JP,J-WAVE,Tokyo,60,369,N
2026,BR,Energia 97 FM,"São Paulo, SP",6,369,N
2026,TR,Power Turk En Iyiler,,3,369,N
2026,MX,XHPOP-FM [Radio Disney 99.3],"Mexico City, DF",5,366,N
2026,BE,Sud Radio,Izel,6,364,N
2026,DE,Antenne Pirmasens,Saarbrücken,3,362,N
2026,DE,Antenne Zweibrücken,Saarbrücken,5,361,N
2026,FI,Easy Hits,Helsinki,2,361,N
2026,SK,RTV Rádio_FM,Bratislava,19,360,N
2026,ZA,Umhlobo Wenene fm,Cape Town,41,358,N
2026,IL,Galgalatz,Jerusalem,14,358,N
2026,FR,RCV99,Lille,24,357,N
2026,IT,Radio Number One,Rome,8,356,N
2026,IT,Radio Marte 2,Campania,8,356,N
2026,UA,UR2 – Radio Promin,Kiev,2,356,N
2026,ID,Pilar Radio,Cirebon,9,354,N
2026,US,Ritmo 95.7,"Miami, FL",2,353,N
2026,DE,Antenne Kaiserslautern,Mannheim,6,353,N
2026,US,Amazing Radio USA,New York City,16,353,N
2026,US,KCLC,St. Louis,2,353,N
2026,GB,Magic Chilled,London,3,353,N
2026,GB,The Wave 96.4 FM,London,4,353,N
2026,LV,Radio SWH,Riga,8,350,N
2026,TW,ICRT,Taiwan,55,349,N
2026,BE,Radio Campus Bruxelles,Brussels,77,349,N
2026,SC,SBC Radyo Sesel,Victoria,46,348,N
2026,US,The Loft,"Washington, D.C.",5,348,N
2026,CA,ICI Radio-Canada Première - Montréal,"Montreal, QC",9,348,N
2026,US,WXKS,"Boston, MA",8,347,N
2026,GR,Best 92.6 FM,Athens,18,346,N
2026,DE,Radio Leipzig,Leipzig,5,346,N
2026,GB,Itch FM,London,17,344,N
2026,BR,Educadora,"Salvador, BA",11,344,N
2026,PT,Rádio Renascença,Lisbon,3,343,N
2026,MX,Match FM,Mexico City,9,342,N
2026,DE,Radio Alpenwelle,Walchensee,4,342,N
2026,MX,XHLS-FM [Romance 99.5 FM],"Guadalajara, JA",2,342,N
2026,LT,LRT Opus,Vilnius,21,341,N
2026,IT,RDS [Radio Dimensione Suono],Lazio,7,341,N
2026,CO,La X 103.9 FM,Bogotá,9,340,N
2026,US,KDNK,Aspen,27,339,N
2026,DE,Dish FM,Cologne,2,339,N
2026,FR,Radio Pulsar,Paris,43,338,N
2026,US,KKXX-FM,"Bakersfield, CA",3,338,N
2026,ES,Radio 3,Pechina,64,337,N
2026,DE,Bayern 1,Munich,12,335,N
2026,AU,7SEA (Sea FM 101.7),Burnie,7,332,N
2026,GB,Downtown Radio,Belfast,4,332,N
2026,LV,Radio Tev,Riga,3,331,N
2026,US,WRUW 91.1 FM,Cleveland,17,330,N
2026,US,WFLZ,"Tampa, FL",9,330,N
2026,ID,Radio Pinguin 102.8 FM,Denpasar,12,330,N
2026,CH,Radio RTN,Saint-Blaise,4,330,N
2026,DE,105'5 Spreeradio,Berlin,1,327,N
2026,CO,RadioAktiva,Bogotá,1,327,N
2026,US,KKOB,"Albuquerque, NM",2,326,N
2026,CH,SRF3,Zürich,14,326,N
2026,CA,CING-FM [Fresh 95.3 FM],"Hamilton, ON",3,326,N
2026,US,KHTH Hot 101.7 FM,"Santa Rosa, CA",3,325,N
2026,AU,Edge Radio,Hobart,13,323,N
2026,ES,Los 40 Urban [KeBuena],Madrid,2,323,N
2026,GR,Republic Radio,Thessaloniki,5,323,N
2026,FR,Radio Campus Orléans,Orléans,48,321,N
2026,FR,Wave Radio,Soorts-Hossegor,20,321,N
2026,DE,Charivari 98.6,Nürnberg,13,320,N
2026,CA,CBV-FM,"La Malbaie, QC",10,319,N
2026,AR,Radio Uno,Cordoba,2,319,N
2026,NL,ZFM,Zoetermeer,10,318,N
2026,US,WRAL-F2,Raleigh,2,317,N
2026,SE,Radio Disney,Stockholm,1,317,N
2026,MX,XHTP-FM [Sensación 95.5],"Xalapa, VE",15,316,N
2026,EE,Star FM,Tallinn,3,315,N
2026,NZ,95bFM,Auckland,19,313,N
2026,BE,VivaCite,Profondeville,7,313,N
2026,CA,CJMJ-FM [Majic 100.3],"Ottawa, ON",3,312,N
2026,US,Star 99.9,"Bridgeport, NJ",5,312,N
2026,ZA,KFM 94.5,Cape Town,19,312,N
2026,FR,Radio Zenith Messina,Messina,14,312,N
2026,US,R&B 102.9,"Berkeley, CA",6,310,N
2026,DE,Radio Homburg,Saarbrücken,8,310,N
2026,FR,Tsugi,Paris,21,308,N
2026,CA,CIBL,"Montreal, QC",50,308,N
2026,AU,Bay FM 99.9,Byron Bay,70,308,N
2026,GB,Clyde 1,Glasgow,10,308,N
2026,AU,Power FM Coast,Batemans Bay,8,308,N
2026,GH,Class FM,Accra,82,307,N
2026,MX,XHUIA-FM [Ibero 90.9],"Mexico City, DF",20,307,N
2026,FR,Radio G !,Angers,21,306,N
2026,BE,DH Radio,Perwez,5,305,N
2026,AU,96.5 Wave FM,Wollongong,5,305,N
2026,FR,OUI FM ALTERNATIF,Paris,1,305,N
2026,BR,Kiss FM,"São Paulo, SP",2,305,N
2026,DE,Radio Neunkirchen,Saarbrücken,6,304,N
2026,BR,Radio Disney,"São Paulo, SP",3,304,N
2026,BE,Nostalgie [Wallonie],Namur,4,304,N
2026,FR,FIP,Paris,19,303,N
2026,AU,Power FM 94.9,Nowra,8,303,N
2026,GB,North Manchester FM,Manchester,16,302,N
2026,CA,CHQM-FM [QM/FM 103.5],"Vancouver, BC",2,302,N
2026,US,KATY-FM,San Bernadino - Temecula,1,302,N
2026,FR,Radio Fajet,,15,301,N
2026,PF,Radio 1,Papeete,4,301,N
2026,AU,2VLY (Power FM 98.1),Muswellbrook,8,299,N
2026,BR,90FM,Blumenau,1,299,N
2026,FR,Radio Activ' 101.9 fm,Saint-Brieuc,24,298,N
2026,AU,Joy 94.9,Melbourne,14,294,N
2026,US,WOXL HD2,Asheville,3,293,N
2026,US,WBZZ-FM,"Pittsburgh, PA",4,293,N
2026,US,KYKY-FM (Y Saint Louis 98.1 FM),"St. Louis, MO",4,292,N
2026,DE,HR4 [Hessen],Frankfurt,12,292,N
2026,ES,Muy Buena,,3,291,N
2026,LU,Radio Latina,Luxembourg,14,291,N
2026,DE,Radio Chemnitz,Chemnitz,5,291,N
2026,AU,5AUU (Magic 105.9 FM),Port Pirie,10,291,N
2026,NZ,Rhema,Auckland,1,291,N
2026,CH,LoRa,Zürich,55,290,N
2026,AU,4RGT (Star 106.3),Townsville,11,290,N
2026,US,KQMV-FM,"Seattle, WA",4,289,N
2026,US,Mix 106.5 FM,"Baltimore, MD",4,289,N
2026,DE,Bremen Eins,Bremen,15,287,N
2026,AU,RTR,Perth,66,285,N
2026,US,WOMX-FM (Mix 105.1FM Orlando Pop Music),"Orlando, FL",4,285,N
2026,FR,Chérie FM,Paris,6,285,N
2026,FR,Radio Campus Besançon,Besançon,14,285,N
2026,CZ,Radio 1,Prague,40,284,N
2026,AU,Hot 100,Darwin,12,284,N
2026,IT,One dance,Bergamo,7,283,N
2026,IT,Veronica My Radio,Marche,7,283,N
2026,GB,Slack City,London,20,282,N
2026,US,WCLX Farm Fresh Radio,Burlington,1,282,N
2026,DK,DR P4 Kobenhavn,Copenhagen,6,282,N
2026,FR,MEUSE FM,Verdun,18,280,N
2026,FR,Kernews,La Baule,4,280,N
2026,BG,BNR Horizont,Sofia,8,278,N
2026,AU,Triple R,Melbourne,51,277,N
2026,US,KVYN,Saint helena,2,277,N
2026,US,WDCG,"Raleigh, NC",12,276,N
2026,CH,3Fach,Lausanne,20,274,N
2026,DE,Radio Dresden,Dresden,5,274,N
2026,FR,Jaime Radio,Lorient,9,274,N
2026,IT,Radio Raheem,Milano,22,273,N
2026,BR,Jovem Pan FM Florianópolis,"Belo Horizonte, MG",8,272,N
2026,AU,Power FM 103.1,Ballarat,8,272,N
2026,US,KCRW,"Los Angeles, CA",26,271,N
2026,US,WHQC,"Charlotte, NC",6,271,N
2026,DE,B 5 Aktuell,Würzburg,13,271,N
2026,AU,2GOS,Gosford,8,271,N
2026,BR,Metropolitana Sertanejo,São Paulo,26,270,N
2026,AU,7HO 101.7 FM,Hobart,7,269,N
2026,FR,Radio Campus Lorraine,Nancy,4,269,N
2026,DE,FluxFM,Berlin,19,268,N
2026,CH,my105 - dance,Bern,8,268,N
2026,GB,Radio Reverb,Brighton,9,268,N
2026,BE,Urgent FM,Ghent,24,267,N
2026,MY,Hot FM,Johor Bahru,3,267,N
2026,FR,Skyrock Klassiks,,5,266,N
2026,AU,Hot Tomato,Gold Coast,7,263,N
2026,HU,Aktív Rádió,Szolnok,6,261,N
2026,US,WLNK-FM (The Link Charlotte 107.9 FM),"Charlotte, NC",10,260,N
2026,US,WZPL,"Indianapolis, IN",7,260,N
2026,NO,JærRadioen,Sandnes,7,260,N
2026,CZ,Kiss,Prague,4,260,N
2026,GB,Central FM,London,2,260,N
2026,US,Sirius XMU,"Washington, D.C.",4,259,N
2026,PT,Rádio Marginal,Cascais,7,258,N
2026,MX,W Radio 96.9 FM,"Mexico City, DF",6,257,N
2026,PL,Antyradio,Bedzin,2,257,N
2026,IL,Beat Radio,Jerusalem,24,256,N
2026,FR,Ouest Track,Le Havre,19,256,N
2026,AU,7DDD (Sea FM 107.7),Devonport,7,256,N
2026,SI,Val 202,Ljubljana,27,255,N
2026,US,KUTX,Leander,14,255,N
2026,PF,Polynésie La 1ère,Papeete,14,251,N
2026,BR,Atlantida FM - Florianópolis,"Florianópolis, SC",12,250,N
2026,NL,Sublime Radio,Hilversum,2,250,N
2026,ES,Radio Marca Barcelona,Barcelona,6,249,N
2026,US,WOWD,"Takoma, MD",68,248,N
2026,US,KYWH-FM,Lockwood,1,248,N
2026,US,KLLC-FM,"San Francisco, CA",1,248,N
2026,ES,Gozadera FM,Sevilla,8,247,N
2026,EE,Retro FM,Tallinn,1,247,N
2026,DE,Radio Allgäu Hit,Munich,2,247,N
2026,PL,Radio RSC 88.6 FM,Skierniewice,11,246,N
2026,GB,Amazing Radio,London,21,246,N
2026,FR,Beaub FM,Limoges,6,246,N
2026,AU,2SM,Sydney,3,245,N
2026,IT,Radio Verona,Verona,18,244,N
2026,DK,POP FM,Copenhagen,1,244,N
2026,US,WICB,"Ithaca, NY",31,243,N
2026,AO,RNA - Canal A,Luanda,59,243,N
2026,BE,Geel FM,Geel,7,243,N
2026,CO,Blu Radio,Bogotá,3,243,N
2026,PT,Beat FM,Lisbon,18,242,N
2026,BR,Cidade FM (Rio de Janeiro),"Rio de Janeiro, RJ",1,241,N
2026,FR,Radio Caroline,Rennes,4,241,N
2026,RU,Radio Monte Carlo St. Petersburg,St. Petersburg,9,240,N
2026,RE,Chérie FM Réunion,Saint-Denis,5,240,N
2026,US,KHTS,"San Diego, CA",6,239,N
2026,LV,Radio NABA 6,Riga,23,239,N
2026,EC,Punto Rojo 89.7 - 89.9 FM,Guayaquil,10,239,N
2026,MX,XEJP-FM [Joya 93.7 FM],"Mexico City, DF",3,238,N
2026,US,KRBQ,"San Francisco, CA",4,237,N
2026,DE,"Radio Gong 97,1 Nürnberg",Nürnberg,12,236,N
2026,AU,Hot 91.1 FM,Maroochydore,5,235,N
2026,AU,7EXX (Chilli FM 90.1),Launceston,7,235,N
2026,US,KHOL,Jackson Hole,28,234,N
2026,CO,La FM,Bogotá,3,234,N
2026,DE,Antenne Landau,Frankfurt,6,233,N
2026,US,WFLC,"Miami, FL",7,233,N
2026,DE,BB Radio,Potsdam,2,232,N
2026,FR,Radio Bro Gwened,Paris,16,231,N
2026,FR,Radio Active 100FM,Toulon,18,231,N
2026,US,Birmingham Mountain Radio,Birmingham,3,231,N
2026,US,101.9fm The MIX,"Chicago, IL",1,231,N
2026,DE,Radio Eins Coburg,Bayreuth,5,230,N
2026,DE,Antenne Niedersachsen,Uelzen,3,230,N
2026,DE,Popradio NRW,Uedem,13,228,N
2026,AU,87.8 UCFM,Canberra,11,228,N
2026,IT,Radio Lombardia,Rome,5,226,N
2026,US,WQMP-FM (Alternative Music Orlando 101.9 FM),"Daytona Beach, FL",7,225,N
2026,TH,Mellow 97.5,Bangkok,12,224,N
2026,CL,Súbela Radio,Santiago,9,223,N
2026,US,BPM,"Washington, D.C.",3,222,N
2026,MX,XHMOR-FM [La 99.1 FM],"Yautepec, ML",4,221,N
2026,HR,Yammat FM,Zagreb,44,220,N
2026,CH,Radio Südostschweiz,Chur,5,220,N
2026,PH,Magic 89.9,Manila,16,219,N
2026,CA,CKKS-FM,"Chilliwack, BC",9,218,N
2026,CH,Radio Stadtfilter 96.3 FM,Winterthur,29,217,N
2026,DE,Radio Z,Nürnberg,36,217,N
2026,GR,Hit 88.9 FM,Khalándrion,1,217,N
2026,DE,Radio Paradiso,Berlin,1,216,N
2026,US,Hip Hop Nation,"Washington, D.C.",2,215,N
2026,GB,Mi-Soul,London,29,214,N
2026,FR,RTL,Paris,3,214,N
2026,US,LITT Dance,Los Angeles,2,214,N
2026,US,WRIF,"Detroit, MI",1,214,N
2026,FR,Campus FM,Toulouse,29,213,N
2026,US,KCDZ Z107.7 FM,"St. Louis, MO",5,213,N
2026,FR,Atomic Radio,Pau,8,212,N
2026,LT,RADIO•R,Vilnius,3,212,N
2026,DE,Rock Antenne,Ingolstadt,1,211,N
2026,US,KXCI,"Tucson, AR",31,209,N
2026,CH,Radio Canal 3,Basel,5,208,N
2026,US,WUTC,Chattanooga,22,207,N
2026,DE,Radio Arabella,Munich,1,207,N
2026,CA,CJSR,"Edmonton, AB",33,206,N
2026,MX,XHZS-FM [100.3 FM],"Mazatlan, SI",6,206,N
2026,DO,Turbo 98.3,Santiago,2,206,N
2026,NL,Deep Dance Radio,Amsterdam,8,204,N
2026,MX,XHOCL-FM [Diego 99.3 FM],"Tijuana, BC",4,200,N
2026,US,WSTW-FM,"Wilmington, NC",4,198,N
2026,US,WDST,Albany,13,198,N
2026,BE,Nostalgie [Vlaanderen],Brussels,1,198,N
2026,BE,Radio 1,Brussels,14,197,N
2026,GB,Fun Kids,London,3,196,N
2026,US,KCSN,Los Angeles,11,196,N
2026,NL,538 Dance Radio,Hilversum,5,196,N
2026,MX,XHPF-FM [Globo 101.9 FM],"Mexicali, BC",2,196,N
2026,ZA,Radio 2000,Cape Town,32,195,N
2026,JP,North Wave,Hokkaido,36,194,N
2026,GB,Noods Radio,Bristol,27,194,N
2026,GB,BBC World Service,London,56,193,N
2026,US,KRUI,"Iowa City, IA",16,193,N
2026,DE,AFK Max,Nürnberg,10,193,N
2026,CH,Radio Top,Zurich,3,193,N
2026,SE,Rockklassiker,Göteborg,1,192,N
2026,MX,XHITS-FM [Hits 106.1 FM],"Monterrey, NL",1,191,N
2026,US,WKQI,"Detroit, MI",9,190,N
2026,FR,Radio Campus Paris,Paris,16,190,N
2026,FR,Graf'HIT,Amiens,9,187,N
2026,GB,Brum Radio,Birmingham,11,186,N
2026,GB,SUBTLE,London,34,186,N
2026,GB,Planet Rock,London,1,186,N
2026,NL,JOE,Amsterdam,1,185,N
2026,AU,C91.3 FM,Campbelltown,3,185,N
2026,FR,RMN,Pontivy,4,184,N
2026,US,Pride Radio,"San Francisco, CA",2,184,N
2026,US,WFPK,Louisville,11,183,N
2026,US,KGLT,"Bozeman, MT",19,182,N
2026,AE,STAR FM,Dubai,5,182,N
2026,US,KAFA,"Colorado Spring, CO",1,182,N
2026,FR,RDWA,Die,33,179,N
2026,NO,NRK mP3,Oslo,3,179,N
2026,US,Pulse 87 NY,"New York, NY",4,179,N
2026,FR,Radio Campus Rouen,Rouen,9,179,N
2026,GB,Global Soul Radio,London,12,178,N
2026,CH,LFM,Lausanne,2,178,N
2026,US,WMNF,Tampa,53,177,N
2026,DE,Radio Bamberg,Bamberg,5,177,N
2026,GB,Gorgeous FM,Birmingham,4,177,N
2026,ES,Los 40 Classic,Almería,3,177,N
2026,US,WRAL-HD2,Raleigh,1,177,N
2026,TR,Radyo S,Bursa,27,176,N
2026,US,KAXE,Grand Rapids,19,176,N
2026,NO,Elverums Radioen,Elverum,1,176,N
2026,FR,Beur FM,Paris,8,175,N
2026,FR,RADIO BRESSE,BRANGES,3,174,N
2026,DE,Berliner Rundfunk 91.4,Berlin,1,173,N
2026,SA,Alif Alif FM,Riyadh,10,171,N
2026,FR,Radio Campus Angers,Angers,18,171,N
2026,FR,Euradio,Nantes,14,171,N
2026,DE,Radio 2 Day,Munich,2,170,N
2026,ZA,Jacaranda FM,Johannesburg,12,170,N
2026,FR,SUN,Nantes,16,170,N
2026,DE,Unser Radio Deggendorf,Passau,4,169,N
2026,FR,Collines La Radio,Cerizay,3,169,N
2026,GB,Heart Yorkshire,Wakefield,5,169,N
2026,US,KVNF,Montrose,27,168,N
2026,CA,CHOM-FM [Chom 97.7],"Montreal, QC",1,168,N
2026,DO,Latidos 93.7,Santo Domingo,3,168,N
2026,GB,Trans Radio UK,N,25,167,N
2026,CH,RaSa,Schaffhausen,15,167,N
2026,TR,Number One FM,,8,167,N
2026,DE,RBB Radioeins,Berlin,13,166,N
2026,FR,Radio PFM 99.9,Arras,17,166,N
2026,DE,Ahoy Radio,Hamburg,6,166,N
2026,FR,Radio Club,Wallers-Arenberg,7,165,N
2026,NC,Radio Rythme Bleu,Nouméa,19,164,N
2026,IT,Controradio Firenze,Firenze,11,164,N
2026,FR,FIP POP,Paris,6,164,N
2026,US,WKDU,"Philadelphia, PA",33,163,N
2026,IL,100FM,Jerusalem,12,163,N
2026,US,KPOO,San Francisco,44,162,N
2026,GB,Original 106,Amberdeen,2,162,N
2026,ID,87.6 Hard Rock FM,Jakarta,21,161,N
2026,CH,Kanal K,Wettingen,25,161,N
2026,ID,105 KISS FM,Medan,10,160,N
2026,CL,Viña FM,Viña del Mar,14,160,N
2026,IT,Radio Bruno,Florence,5,159,N
2026,FR,Le Chantier,Clermont-Ferrand,10,159,N
2026,AR,BLUR FM,Buenos Aires,2,158,N
2026,GB,Select,London,29,155,N
2026,DE,Radio 8,Nuremberg,4,155,N
2026,MQ,RCI Martinique,Fort-de-France,27,154,N
2026,FR,Galaxie Radio,Lille,13,154,N
2026,US,WRSI,Northampton,12,154,N
2026,IE,East coast fm,Bray,2,154,N
2026,IT,R101,Milan,5,154,N
2026,FR,Crock Radio,Vienne,23,153,N
2026,FR,Oui FM,Paris,2,153,N
2026,FR,Radio Campus Lille,Lille,41,152,N
2026,WF,Wallis et Futuna La 1ère,Velé,33,152,N
2026,US,KASU 91.9 FM,"Jonesboro, AR",7,152,N
2026,TR,Joy FM,Istanbul,10,151,N
2026,DE,Antenne Frankfurt,Frankfurt,7,151,N
2026,VE,Radio Satelite,Caracas,10,151,N
2026,GB,Heart FM,London,5,151,N
2026,US,WTIC-FM,"Hartford, CT",2,151,N
2026,US,WKNC,"Raleigh, NC",9,150,N
2026,US,WRUR,"Rochester, NY",31,149,N
2026,US,KUNM,"Albuquerque, NM",44,149,N
2026,AR,Delta 90.3,Buenos Aires,11,149,N
2026,AE,Dubai 92,Dubai,3,149,N
2026,US,WWBX-FM (Mix 104.1 FM),"Boston, MA",3,149,N
2026,US,KRCL,Salt Lake City,22,148,N
2026,DE,Radio Seefunk RSF,Lake Constance,1,148,N
2026,US,KNON,Dallas,50,147,N
2026,JP,LOVE FM,Fukuoka,19,147,N
2026,US,WREK,"Atlanta, GA",17,147,N
2026,US,KHUM,Eureka,11,147,N
2026,CH,Virgin Hits,Bern,1,146,N
2026,FR,Radio Pulse,Alençon,8,145,N
2026,US,WLKR,Norwalk,1,145,N
2026,FR,Radio Dijon Campus,Dijon,11,144,N
2026,US,KUMD,"Duluth, MN",13,144,N
2026,PL,Radio Victoria,Skierniewice,7,144,N
2026,CA,Energie,"Quebec City, QC",1,144,N
2026,CA,CKMM-FM [Énergie Montréal 94.3],"Montreal, QC",1,143,N
2026,MX,Ya! FM Villahermosa,"Villahermosa, TB",3,142,N
2026,BE,Joe FM,Brussels,2,141,N
2026,US,103.3 AMP Radio,"Boston, MA",3,141,N
2026,MX,XHTS-FM [Ya! 102.9 FM],"Veracruz, VE",4,140,N
2026,FR,Echo FM,Hirson,1,140,N
2026,QA,Radio Malayalam 98.6FM,Doha,5,139,N
2026,ID,Prambors FM,Jakarta,7,139,N
2026,CH,Radio Kaiseregg,Düdingen,9,139,N
2026,NL,LINQ FM,Voorne-Putten,9,138,N
2026,PL,Radio Vanessa FM,Warsaw,7,138,N
2026,CL,Radio Hoy,Santiago,8,138,N
2026,NL,100% NL Feest,Hilversum,5,137,N
2026,RO,Magic FM,Bucharest,8,136,N
2026,CH,Radio Munot,Schaffhausen,5,136,N
2026,AU,PBS,Melbourne,43,135,N
2026,US,WAMU-FM,"Washington, D.C.",15,134,N
2026,US,WSTR,"Atlanta, GA",2,134,N
2026,MX,Horizonte 107.9 FM,Mexico City,10,133,N
2026,FR,Radio Balises,Lanester,14,133,N
2026,US,WMFO,Boston,18,133,N
2026,CH,Radio 3i,Mendrisio,11,132,N
2026,CA,CHYM-FM,"Kitchener, ON",2,132,N
2026,US,WYSO,Dayton,17,132,N
2026,US,WHRV,Hampton,12,132,N
2026,US,Sun Radio,Austin,1,132,N
2026,MX,XHGU-FM [Switch 105.9 FM],"Juarez, CH",2,132,N
2026,NO,Radio Rock,Oslo,1,132,N
2026,CA,CISM,"Montreal, QC",20,131,N
2026,FR,Radio U,Brest,11,131,N
2026,US,WZEW,Mobile,2,131,N
2026,US,WFIT-FM,Melbourne,8,130,N
2026,FR,Radio Résonance,Bourges,10,130,N
2026,CZ,Dance radio,Prague,7,130,N
2026,NO,Radio 102,Haugesund,6,130,N
2026,FR,OUI FM Girls Rock,Paris,1,130,N
2026,CL,Radio Futuro,Santiago,1,130,N
2026,DE,Bayern 2,Munich,31,129,N
2026,UY,Del Sol FM,Montevideo,4,129,N
2026,US,WEXT,Albany,5,129,N
2026,NZ,Flava,Tauranga,4,129,N
2026,BE,AraBel FM,Brussels,6,129,N
2026,DE,Rock Antenne Hamburg,Hamburg,1,129,N
2026,US,WPLN 90.3 FM Nashville Public Radio,"Nashville, TN",19,128,N
2026,US,KBPI,"Denver, CO",1,127,N
2026,AU,ABC Radio Australia English,Canberra,16,126,N
2026,HR,Radio Zadar,Zadar,12,126,N
2026,NL,Radio Veronica,Amsterdam,6,126,N
2026,US,WBMX-FM (JAMS Chicago 104.3 FM),"Chicago, IL",3,126,N
2026,JP,Zip FM,Nagoya,32,124,N
2026,US,WXDU Durham,"Durham, NC",14,124,N
2026,US,KSMF-FM,Ashland,9,124,N
2026,GB,Radio Carmarthenshire,Carmarthenshire,3,124,N
2026,UY,Azul FM 101.9,Punta del Este,7,123,N
2026,US,WFHB,Bloomington,27,122,N
2026,FR,Forum,Orléans,2,121,N
2026,FR,Radio Campus Amiens,Amiens,13,120,N
2026,DK,DR P6 Beat,Copenhagen,10,120,N
2026,UY,FM Hit 90.3 FM,Montevideo,2,120,N
2026,GB,BBC Essex,Great Braxted,13,119,N
2026,BR,Radio So Flashack,Rio de Janeiro,5,117,N
2026,DE,Radio Okerwelle,Braunschweig,19,116,N
2026,FR,Primitive,Reims,12,116,N
2026,AU,Coles Radio,Melbourne,3,116,N
2026,FR,Graffiti Urban Radio,La Roche-sur-Yon,19,115,N
2026,DE,Beats Radio,Augsburg,5,115,N
2026,ZA,Gay SA Radio,Pretoria,19,115,N
2026,DE,SWR1 Baden-Württemberg,Stuttgart,4,115,N
2026,FR,Radio Brume,Lyon,5,115,N
2026,BE,Radio Willy,Brussels,3,115,N
2026,US,WZKX-FM (Kicker108 Gulfport 107.9 FM),"Bay Saint Louis, MS",1,115,N
2026,US,WBAI-FM,New York,26,114,N
2026,FR,Berry FM,Saint-Amand-Montrond,3,114,N
2026,FR,Fréquence Mutine,Brest,12,114,N
2026,FR,Alpes 1,Grenoble,1,114,N
2026,BR,Costa Verde FM,"Itaguai, RJ",4,113,N
2026,US,KALX,"San Francisco, CA",23,113,N
2026,CH,Radio Vostok,Genève,11,113,N
2026,BE,Radio Panik,Brussels,41,113,N
2026,MX,XHOJ-FM [Maxima 106.7],"Guadalajara, JA",2,113,N
2026,FR,RVA,Clermont-Ferrand,2,113,N
2026,US,WCBE,Columbus,19,112,N
2026,US,WUSM,Hattiesburg,3,112,N
2026,MX,XHSON-FM [Beat 100.9],"Mexico City, DF",17,112,N
2026,FR,Nostalgie,Paris,1,112,N
2026,US,KVNA,Flagstaff,1,112,N
2026,GB,BBC London,London,23,111,N
2026,RO,Rock FM,Bucharest,2,111,N
2026,US,WBEZ-FM,"LaSalle-Peru, IL",20,110,N
2026,FR,Arverne,Clermont-Ferrand,2,110,N
2026,GB,SG1 Radio,Stevenage,1,109,N
2026,ZA,OFM,Bloemfontein,5,109,N
2026,DE,R.SA Sachsen,Leisnig,2,109,N
2026,BR,Rádio Clube FM (Brasília),Brasília,2,108,N
2026,ID,Solo Radio 92.9 FM,Surakarta,12,107,N
2026,GB,Fubar Radio,London,13,107,N
2026,GB,BBC Radio 2,London,20,107,N
2026,FR,FIP autour du reggae,Paris,8,107,N
2026,LV,Radio Superhits,Riga,1,107,N
2026,IT,Radio Sabbia,Emilia–Romagna,7,106,N
2026,US,WUNC Music,Fayetteville,15,105,N
2026,FR,Mona FM,Lille,3,105,N
2026,US,WRFL 88.1 FM,Lexington-Fayette,21,104,N
2026,IT,Radio Bussola,Salerno,12,104,N
2026,BE,Radio 2,Antwerp,5,104,N
2026,DE,Radio Awn,Passau,1,104,N
2026,DE,Radio Trausnitz,Ingolstadt,1,104,N
2026,LU,Eldoradio Chill Channel,Luxembourg,4,103,N
2026,HR,Radio Rijeka,Rijeka,12,102,N
2026,BE,Radio Scorpio,Brussels,7,102,N
2026,DE,NB Radiotreff,Neubrandenburg,22,101,N
2026,CA,99.7 2Day FM,"River, BC",2,101,N
2026,US,KSER,Everett,22,101,N
2026,SG,Power 98 FM,Singapore,1,101,N
2026,SK,Rádio Slovensko,Bratislava,3,100,N
2026,DE,Bayernwelle Südost,Freilassing,3,100,N
2026,AU,2SER,Sydney,13,99,N
2026,TR,FG 93.7,İstanbul,10,99,N
2026,MX,XHMIA-FM [89.3 FM],"Merida, YU",4,99,N
2026,FR,RPG,Guéret,15,98,N
2026,ZA,Mutha FM,Cape Town,14,98,N
2026,FR,Diversité FM,Paris,7,97,N
2026,CH,RTR - Radio Rumantsch,Chur,5,97,N
2026,FR,RDC,Saint-Girons,3,97,N
2026,CA,CBC Radio One Victoria,"Melbourne, VIC",20,96,N
2026,FR,FIP autour de l'électro,Paris,9,96,N
2026,US,KRFC,Fort Collins,26,96,N
2026,DE,Bonn FM,Bonn,4,96,N
2026,US,WARQ-FM,"Columbus, OH",5,96,N
2026,BE,Chérie FM,Brussels,4,96,N
2026,DE,Pure FM,Berlin,13,95,N
2026,US,Morehead State Public Radio (MSPR),Morehead,12,95,N
2026,FR,RADIOM,Castres,3,95,N
2026,DE,Radio Hannover 87.6 R,Hannover,2,94,N
2026,FR,ODS Radio,Aix-les-Bains,1,94,N
2026,KR,Mapo FM,Seoul,7,93,N
2026,BE,Radio Quartz,Sombreffe,3,93,N
2026,DE,Mdr Kultur,Camburg,13,92,N
2026,FR,Radio Campus Grenoble,Grenoble,12,92,N
2026,DE,City Radio Trier,Trierweiler,3,92,N
2026,US,WXYT-FM (The Ticket Detroit Sports 97.1 FM),"Detroit, MI",2,92,N
2026,US,WTJU - 91.1 FM,Ashland,43,91,N
2026,FI,Radio Helsinki,Helsinki,15,91,N
2026,LT,Relax FM,Vilnius,2,91,N
2026,LT,Radio Lietus,Klaipėda,2,91,N
2026,US,KCMP The Current,Twin Cities,13,90,N
2026,ES,OpenLab,Ibiza,11,90,N
2026,NL,Radio Noord,Groningen,3,90,N
2026,ID,Ardan Radio 105.9 FM,Bandung,13,89,N
2026,DK,DR P8 Jazz,Copenhagen,9,89,N
2026,ES,LOS40 Classic (M80 Radio Almería),,1,89,N
2026,FR,Voltage,Paris,12,88,N
2026,FR,Radio Ballade 101.8,Esperaza,9,88,N
2026,AT,ORF Ö2 Radio Vorarlberg,Bregenz,1,88,N
2026,MX,Rock 101,Mexico City,6,87,N
2026,FI,Radio Nova,Helsinki,4,86,N
2026,US,WIOW - 102.3 WOW! Radio,Owosso,12,86,N
2026,AE,FM Mirchi Dubai,Dubai,4,86,N
2026,US,WUNC,Fayetteville,12,86,N
2026,DE,ERF Plus,Wetzlar,2,86,N
2026,ES,Atlantico Radio,,11,85,N
2026,FR,France Musique La Jazz,Paris,4,85,N
2026,NL,Radio 10,Hilversum,1,85,N
2026,AU,4ZZZ FM (4 Triple Z),Brisbane,19,84,N
2026,CA,CBC Radio One London,"London, ON",24,84,N
2026,FR,Jet FM,Nantes,31,84,N
2026,US,WERU-FM 89.9 (Blue Hill),Bangor,23,84,N
2026,FR,Radio Campus 47,Agen,1,84,N
2026,CA,CHYZ 94.3 FM,"Quebec City, QC",8,84,N
2026,PE,Radio Disney Peru,Lima,2,83,N
2026,CA,CBC Radio One Vancouver,"Hope, BC",20,83,N
2026,BA,BH radio 1,Sarajevo,12,83,N
2026,US,WUKY,Lexington-Fayette,7,83,N
2026,US,WLRN 91.3 FM,"Miami, FL",13,83,N
2026,HR,HR2 - Drugi program,Zagreb,21,82,N
2026,FR,Jazz Radio,Lyon,4,82,N
2026,PL,Radio Afera,Poznań,11,82,N
2026,PL,Polskie Radio Program III (PR3) Trójka,Zagan,16,82,N
2026,UY,Del Plata 95.5 FM,Montevideo,2,82,N
2026,US,KUPD,"Phoenix, AZ",1,82,N
2026,CA,CHFI-FM,"Labrador City, NL",1,82,N
2026,DE,Bremen Zwei,Bremen,12,81,N
2026,US,WYEP,Pittsburgh,22,81,N
2026,DE,Klassik Radio,Hamburg,1,81,N
2026,US,WCLZ-FM,Portland,3,80,N
2026,NO,Radio Norge,Skavland,2,80,N
2026,CA,CBLA-FM,"Orillia, ON",23,79,N
2026,US,WVIA,Philadelphia,15,79,N
2026,US,XHITZ Z90.3 FM,"San Diego, CA",3,79,N
2026,GB,Jazz FM,London,12,78,N
2026,FR,Radio 666,Hérouville-Saint-Clair,16,78,N
2026,IN,Radio Mirchi 98.3 FM,Ahmadabad,11,77,N
2026,CA,CFOU,"Trois-riviere, QC",8,76,N
2026,AU,2SKI (Snow FM 97.7),Cooma,3,76,N
2026,FR,Radio Rennes,Rennes,30,75,N
2026,US,WHUP,Hillsborough,20,75,N
2026,IT,Radio Orte,Lazio,8,75,N
2026,GB,Hot Radio,Poole,12,75,N
2026,NL,Omroep Brabant,Eindhoven,3,75,N
2026,US,WAPS,Akron,7,75,N
2026,US,WIYY,"Baltimore, MD",2,75,N
2026,FR,Radio Campus Bordeaux 88.1,Bordeaux,12,73,N
2026,DE,SWR 1 RP,Rheinland-Pfalz,9,73,N
2026,BR,Itapema FM,Joinville,4,73,N
2026,US,WOCM,Ocean City,8,73,N
2026,DE,Vogtland Radio,Chemnitz,2,73,N
2026,CH,Radio Lac,Nyon,1,73,N
2026,HR,HR Radio Dubrovnik,Dubrovnik,8,72,N
2026,GB,SubFM,London,10,72,N
2026,BE,Bel RTL,Tournai,4,72,N
2026,US,WSGE,Charlotte,14,71,N
2026,FR,47 FM,Agen,2,71,N
2026,US,KPND,Spokane,1,71,N
2026,US,KSUT,Ignacio,21,70,N
2026,CA,CBO-FM,"Pembroke, ON",24,70,N
2026,US,KUWS,"Superior, WI",14,70,N
2026,US,WUVT,"Blacksburg, VA",17,70,N
2026,FR,Impact FM,Lyon,2,70,N
2026,PT,Rádio Benedita FM 88.1,Benedita,15,69,N
2026,US,WDIY,Allentown,22,69,N
2026,ID,PTPN Radio 99.60 FM,Surakarta,6,69,N
2026,ID,RRI Pro 2 105.1 FM,Jakarta,6,69,N
2026,FR,RTL2,Paris,5,69,N
2026,IL,Eco 99 FM,Tel Aviv,6,68,N
2026,IT,Radio Studio 93,Aprilia,7,68,N
2026,BR,Blink 102 FM (Campo Grande),"Campo Grande, MS",3,68,N
2026,FR,Radio Alfa,Paris,6,68,N
2026,FR,Est FM,Strasbourg,1,68,N
2026,US,WKRZ-FM (98.5 KRZ FM Wilkes Barre),"Wilkes-Barre, PA",10,67,N
2026,US,WBSD,Burlington,9,67,N
2026,US,WERS,Boston,4,67,N
2026,FR,NRJ Made in France,Paris,1,67,N
2026,US,KMSU,Mankato,23,66,N
2026,NL,Omrop Fryslan,Jirnsum,1,66,N
2026,US,KOIT-FM,"San Francisco, CA",1,66,N
2026,US,KOOP,Austin,14,65,N
2026,US,KMTN The Mountain 96.9 FM,Jackson,7,64,N
2026,CA,CBX+ [CBX Edmonton],"Edmonton, AB",17,64,N
2026,PT,Rádio Lagoa,Lagoa,24,64,N
2026,US,KJAC,Fort Collins,7,64,N
2026,FR,Jazz Radio Nouveautés Soul,Paris,1,64,N
2026,AO,Rádio Ecclesia,Luanda,7,64,N
2026,BR,Itapoan FM,"Salvador, BA",3,64,N
2026,US,KUWR,Laramie,10,63,N
2026,HK,RTHK Radio 3,Hong Kong,19,63,N
2026,CA,CBR,"Harvie Heights, AB",19,62,N
2026,GR,Easy 97.2,Athens,4,62,N
2026,SM,Radio San Marino Classic,San Marino,5,62,N
2026,FR,Canal B,Rennes,15,61,N
2026,US,KKDG 99.7 Radio Free Durango,Durango,2,61,N
2026,US,KRSH,Santa Rosa,2,61,N
2026,CA,CBW,"Fairford, AB",17,60,N
2026,SE,P4,Stockholm,9,60,N
2026,MX,XHSOL-FM [Súper 89.9 FM],"Mexicali, BC",6,60,N
2026,CH,Radio Neo1,Langnau,9,60,N
2026,US,WHSN,"BANGOR, ME",1,60,N
2026,US,WXRV-FM,"Needham, MA",2,59,N
2026,MY,Sinar FM,Johor Bahru,1,59,N
2026,IS,RÚV Rás 2,Reykjavík,12,58,N
2026,US,WQXR,"New York, NY",3,58,N
2026,ZA,Mix FM 93.8,Johannesburg,1,58,N
2026,BR,Radio CDL 102.9 FM,Belo Horizonte,1,58,N
2026,US,C89.5,"Seattle, WA",8,57,N
2026,IS,RÚV Rás 1,Reykjavík,14,57,N
2026,TR,Pal Station,,5,57,N
2026,AU,Three D Radio,Adelaide,23,57,N
2026,PT,TSF Rádio Notícias,Lisbon,6,57,N
2026,FR,DKL Dreyeckland,Mulhouse,2,57,N
2026,NZ,Newstalk ZB,Ashburton,3,57,N
2026,MX,XHPAZ-FM [Super Stereo 96.7 FM],"La Paz, BS",5,56,N
2026,FR,Distorsion,Auch,2,56,N
2026,PT,Rádio Radar,Lisbon,4,56,N
2026,IL,Kan88,Jerusalem,17,56,N
2026,IE,Classic Hits 4FM,Dublin,1,56,N
2026,US,WNCS,Montpelier,1,56,N
2026,US,WLTW,New York,1,56,N
2026,JP,FM 802,Osaka,8,55,N
2026,BR,"Capital FM 102,7","Campo Grande, MS",3,55,N
2026,US,KAFM,"Washington, D.C.",19,55,N
2026,FR,FIP autour du jazz,Paris,2,55,N
2026,BE,Classic 21,Houffalize,2,55,N
2026,RO,Actualitati,Bucharest,6,55,N
2026,NO,NRK P1,Steinsby,4,55,N
2026,GB,Solar Radio,London,20,54,N
2026,SG,Class 95,Singapore,4,54,N
2026,TR,Virgin Radio,Istanbul,2,54,N
2026,CA,CFMY,"Redcliff, AB",2,53,N
2026,DE,BarbaRadio,Berlin,1,53,N
2026,GP,Bel Radio,Pointe-à-Pitre,12,51,N
2026,GB,Resonance FM,London,15,51,N
2026,US,WNCW,Charlotte,9,51,N
2026,FR,FIP autour du rock,Paris,4,51,N
2026,NL,NPO Radio 2 Soul & Jazz,Hilversum,3,51,N
2026,HR,Radio Donji Miholjac,Pula,7,50,N
2026,US,No Shoes Radio,"Washington, D.C.",2,50,N
2026,US,KROK,Leesville,2,50,N
2026,BE,RQC,Mouscron,11,50,N
2026,US,KBAC,Santa Fe,3,49,N
2026,GB,Talksport 2,London,3,49,N
2026,BE,Equinoxe,Liège,16,48,N
2026,ID,Voks Radio Jogja 105.3 FM,Yogyakarta,5,48,N
2026,CR,Nova Hits Radio,San José,4,48,N
2026,US,KISW,"Seattle, WA",2,48,N
2026,FR,France Musique Classique Plus,Paris,1,48,N
2026,BE,Mint,Brussels,1,48,N
2026,NL,NPO Radio 2,Hilversum,7,47,N
2026,US,WCNR,Charlottesville,6,47,N
2026,US,KNBA,Anchorage,12,47,N
2026,DE,Radio Primavera,Offenbach,1,47,N
2026,ID,KISI 93.4 FM,Bogor,1,47,N
2026,US,Polski FM,"Park Forest, IL",6,46,N
2026,JP,Inter FM,Tokyo,14,46,N
2026,IN,Radio City 91.1,Bengaluru,9,46,N
2026,QA,FM 107 Urdu Radio,Doha,4,46,N
2026,US,WOGK-FM,"Ocala, FL",1,46,N
2026,US,WXPN-FM,"Coplay, PA",13,45,N
2026,FR,Making Waves,Rosny-sous-bois,2,45,N
2026,HR,Radio Dalmacija,Split,6,45,N
2026,ZA,Groot FM 90.5,Pretoria,3,45,N
2026,FR,FIP Cultes,,3,45,N
2026,UY,FM Del Hum,Mercedes,7,44,N
2026,PT,Rádio Guadiana,Vila Real de Santo António,14,44,N
2026,PT,M80,Lisbon,2,44,N
2026,FR,Radio Vassiviere,,15,43,N
2026,US,WJMU 89.5 FM,"Decatur, IL",2,43,N
2026,GB,BBC Radio Sheffield,Sheffield,15,43,N
2026,US,KRML,"Carmel Valley, CA",5,43,N
2026,GB,BBC Radio 4 Xtra,London,3,43,N
2026,AU,River 94.9,Brisbane,3,43,N
2026,IE,Shannonside FM,Longford,2,43,N
2026,GB,BBC Radio 3,London,11,42,N
2026,CA,CKIA 88.3 FM,,21,42,N
2026,FR,Lyon 1ère,Lyon,1,42,N
2026,ID,Voks Radio,Bandung,4,42,N
2026,PT,Rádio Atlântida,Ponta Delgada,2,42,N
2026,CA,CIND-FM (Indie 88),Toronto,2,41,N
2026,PT,Smooth FM,Lisbon,1,41,N
2026,GB,Lyca Radio 1458,London,3,41,N
2026,US,WTMD,Baltimore,10,40,N
2026,FR,Radio FMR,Toulouse,11,40,N
2026,FR,Océane,Lannion,1,40,N
2026,FR,Radiocean,Quimperlé,1,40,N
2026,BE,Radio Premiere,Eupen,8,39,N
2026,GR,"SOK FM 104,8",Halkida,1,39,N
2026,ID,Gajahmada FM 102.6,Semarang,10,39,N
2026,ID,Most FM 99,Medan,2,39,N
2026,DE,Kulturradio rbb,Berlin,7,39,N
2026,AT,Radio Arabella,Vienna,1,39,N
2026,GB,Worldwide FM,London,18,38,N
2026,US,WEVL,Memphis,17,38,N
2026,CY,RIK 2 CYBC,Paralimni,14,38,N
2026,US,KBZT-FM (ALT San Diego 94.9 FM),"San Diego, CA",1,38,N
2026,MX,XHQRO-FM [Radar 107.5],"Queretaro, QT",4,38,N
2026,EE,ERR Raadio 4,Tallinn,7,38,N
2026,GB,BBC Three Counties Radio,Sandy Heath,15,38,N
2026,NL,Radio Rijnmond,Rotterdam,2,38,N
2026,AE,Beat 97.8 FM,Dubai,2,38,N
2026,US,KEGL,"Dallas, TX",1,38,N
2026,FR,PYRÉNÉES FM,,3,37,N
2026,AU,3NNN (Edge FM 102.1),Albury,17,37,N
2026,MX,XHOF-FM [Reactor 105.7],"Mexico City, DF",7,37,N
2026,FR,Décibel,Saint-Malo,1,37,N
2026,AR,Metro 95.1,Buenos Aires,1,37,N
2026,US,Frisky Radio,"New York, NY",24,36,N
2026,KR,MBC FM4U Radio Main,Seoul,11,36,N
2026,PE,Radio Nueva Q,Lima,3,36,N
2026,US,KXRK-FM (X96 Utah's Original Alternative 96.3 FM),"Provo, UT",1,36,N
2026,NL,KINK,Amsterdam,1,36,N
2026,FR,Grand Sud FM,Narbonne,4,36,N
2026,US,WSHE-FM,"Chicago, IL",1,36,N
2026,IT,Radio Party Groove,Novara,13,35,N
2026,CH,RTS Option,Lausanne,9,35,N
2026,ES,Ibiza Global Radio,Ibiza,13,35,N
2026,LT,M-1 Plius,Vilnius,3,35,N
2026,DE,SR 2 KulturRadio,Bliestal,10,35,N
2026,GB,BBC Radio Devon,Plymouth,8,35,N
2026,IE,Highland Radio,Letterkenny,5,35,N
2026,QA,Radio Olive 106.3 FM,Doha,1,35,N
2026,GB,BBC Radio Kent,Wrotham,13,34,N
2026,JP,BAY FM,Chiba,9,34,N
2026,PT,RDP Açores - Antena 1,Ponta Delgada,6,34,N
2026,IE,Mid West Radio,Kiltamagh,4,34,N
2026,JP,FM YOKOHAMA,Yokohama,10,33,N
2026,CN,Beijing Music Radio [ 北京音乐广播],Beijing,6,33,N
2026,JP,FM Fukuoka,Fukuoka,8,33,N
2026,GB,K107 FM,Kirkcaldy,8,33,N
2026,AU,5ADD [Mix 102.3],Adelaide,5,33,N
2026,IL,GLZ,Haifa,7,33,N
2026,GB,BBC Radio Cornwall,Truro,5,33,N
2026,FR,Radar - RADio ARt en sort,Fécamp,5,32,N
2026,GB,BBC Radio Berkshire,Reading,12,32,N
2026,US,KRVM,Eugene,14,32,N
2026,BE,Maximum FM,Liège,3,32,N
2026,MX,Radio Formula Yucatan,Mérida,3,32,N
2026,FR,RCA La Radio,Nantes,1,32,N
2026,UY,Más FM 101.3,Paysandú,4,32,N
2026,BR,Radio Inconfidentes,"Belo Horizonte, MG",5,31,N
2026,BR,Rádio Cidade FM 98.1,"Gonzaga, MG",3,31,N
2026,FR,Radio Mélodie,Sarreguemines,1,31,N
2026,MT,Magic Malta,Valletta,2,31,N
2026,AU,93.5 Eagle FM,Goulburn,2,31,N
2026,NZ,RNZ National,Christchurch,8,30,N
2026,FR,Radio Antenne Portugaise,Tours,3,30,N
2026,ID,RRI Pro 1,Jakarta,5,30,N
2026,HR,Radio Split,Split,3,30,N
2026,HR,Radio 101,Zagreb,1,30,N
2026,PL,Radio Silesia,Gliwice,1,30,N
2026,DE,Radio Isw,Passau,1,30,N
2026,GB,BBC Sussex,Chichester,11,29,N
2026,GB,BBC Surrey,Duxhurst,12,29,N
2026,IE,RTÉ Lyric FM,Dublin,8,29,N
2026,GB,BBC Radio WM,Birmingham,13,29,N
2026,FI,Yle Radio Oulu,Oulu,6,29,N
2026,FR,Hotmixradio Dance,Paris,2,29,N
2026,IT,Radio Marilu,Verona,2,29,N
2026,US,Rock 102,"Tucson, AR",1,29,N
2026,MX,XEAD-FM [La Buena Onda 101.9 FM],"Guadalajara, JA",2,28,N
2026,GB,Starpoint Radio,Faversham,15,28,N
2026,AU,One FM 98.5,Shepparton,9,28,N
2026,FI,Yle Turku,Turku,5,28,N
2026,US,WMVY,Edgartown,5,28,N
2026,FI,Yle Radio Suomi,Helsinki,5,28,N
2026,CL,Radio Concierto,Santiago,2,28,N
2026,US,WMMR,"Philadelphia, PA",5,28,N
2026,US,KPSU,"Portland, OR",8,27,N
2026,BE,Max FM,Brussels,3,27,N
2026,FI,Yle Jyväskylä,Jyväskylä,5,27,N
2026,GB,BBC Radio Manchester,Holme Moss,9,27,N
2026,AU,Smooth FM 95.3,Sydney,1,27,N
2026,LV,Radio SWH Rock,Riga,1,27,N
2026,RS,Radio Beograd 1,Belgrade,8,26,N
2026,ID,Paramuda 93.7 FM,Bandung,2,26,N
2026,US,Radio Margaritaville,"Washington, D.C.",5,26,N
2026,US,KKAL,San Luis Obispo,1,26,N
2026,GB,BBC Radio Newcastle,Newcastle upon Tyne,6,26,N
2026,GB,BBC Radio Bristol,Bristol,9,26,N
2026,GB,BBC Radio 4,Kilskeery,7,26,N
2026,PT,Rádio Horizonte,Ponta Delgada,3,26,N
2026,AU,3PTV,Melbourne,1,26,N
2026,US,WFMU,"Jersey City, NJ",12,25,N
2026,GB,Prospect Radio,London,14,25,N
2026,GB,BBC Radio Leeds,York,11,25,N
2026,DE,Deutschlandfunk,Traben-Trarbach,10,25,N
2026,DE,Radio Jade,Wilhelmshaven,7,25,N
2026,FR,Radio Alpa,Paris,5,25,N
2026,TR,Radyo ODTÜ,,2,25,N
2026,AR,Aspen 102.3 FM,Buenos Aires,1,25,N
2026,AE,Big 106.2 FM,Dubai,2,25,N
2026,US,1 Pure EDM,"Chicago, IL",10,24,N
2026,DE,WDR 4,Düsseldorf,6,24,N
2026,MD,Radio Moldova,Chișinău,8,24,N
2026,US,WEQX-FM,"Manchester, NH",3,24,N
2026,GB,BBC Radio Lancashire,Winter Hill,5,24,N
2026,FI,Yle Vega,Helsinki,7,24,N
2026,US,KTAO,Taos,1,24,N
2026,CH,Rete Due,Ticino,9,23,N
2026,US,WUMB,Boston,7,23,N
2026,BE,Antipode,Brussels,2,23,N
2026,GB,Classic FM,London,1,23,N
2026,DE,Radio Horeb,Immenstadt im Allgau,6,22,N
2026,GB,BBC Radio Ulster,Enniskillen,10,22,N
2026,US,WNRN,Richmond,4,22,N
2026,FI,Yle Tampere,Tampere,4,22,N
2026,MY,Best FM,Kuala Lumpur,2,22,N
2026,SG,One FM 91.3,Singapore,1,22,N
2026,GB,BBC Radio Solent,Rowridge,11,21,N
2026,BR,Rádio Mix FM,"São Paulo, SP",5,21,N
2026,DE,WDR 3,Bonn,10,21,N
2026,GB,BBC Radio Cymru,Aberystwyth,9,21,N
2026,US,92-9 The Game,"Atlanta, GA",4,21,N
2026,ES,Kiss FM,Madrid,2,21,N
2026,US,Liquid Metal,"Washington, D.C.",1,21,N
2026,PH,96.3 Easy Rock,Manila,4,21,N
2026,KR,SBS 러브 FM-SBS 라디오,Seoul,13,20,N
2026,AU,3M FM,Inverloch,7,20,N
2026,GB,Kool FM,London,4,20,N
2026,HR,HR Radio Sljeme,Zagreb,2,20,N
2026,JP,FM Cocolo,Osaka,8,19,N
2026,DE,Apollo Radio,Chemnitz,1,19,N
2026,ID,Sonora Lampung FM,Jakarta,9,19,N
2026,GB,BBC Radio Merseyside,Liverpool,7,19,N
2026,FR,ici Auxerre,Auxerre,4,19,N
2026,AR,Urbana Play 104.3 FM,Zapala,2,19,N
2026,FR,Nevers FM,Nevers,3,19,N
2026,IT,Rai Radio 3,Rome,11,18,N
2026,GB,Resonance Extra,London,10,18,N
2026,AT,ORF Ö1,Vienna,7,18,N
2026,NL,100% NL,Amsterdam,2,18,N
2026,AU,bay 93.9,Geelong,2,18,N
2026,US,Majic 95.1,"Fort Wayne, IN",1,18,N
2026,BE,Family Radio,Antwerpen,1,18,N
2026,BR,Rádio Beat,"Rio de Janeiro, RJ",4,17,N
2026,TR,dinamo.fm,İstanbul,12,17,N
2026,SE,P2,Stockholm,6,17,N
2026,GB,Phoenix FM,,6,17,N
2026,AU,6NOW,Perth,2,17,N
2026,FR,Radios chrétiennes francophones (RCF),Marseille,7,17,N
2026,HK,RTHK Radio 2,Hong Kong,3,17,N
2026,IT,Radio Birikina,Lusiana,1,17,N
2026,ES,Radio Nervión,Bilbao,2,17,N
2026,ID,Oz Radio 103.1 FM,Bandung,2,17,N
2026,FR,FIP Sacré Français !,Paris,1,16,N
2026,CH,RTS1,Val Muggio,9,16,N
2026,FR,ici Alsace,Strasbourg,2,16,N
2026,CN,Guangdong City Radio [ 广东广播电视台城市之声],Guangzhou,2,16,N
2026,US,WINS-AM,"New York, NY",7,16,N
2026,FI,Radio SuomiPOP,Fiskars,1,16,N
2026,CN,Music Radio Guangdong [广东电台音乐之声],Guangzhou,5,15,N
2026,HR,Radio Samobor,Zagreb,3,15,N
2026,US,KNMC,Havre,3,15,N
2026,FR,ici Normandie (Calvados-Orne),Caen,4,15,N
2026,IE,RTÉ Radio 1,Dublin,6,15,N
2026,FR,Ici Normandie (Seine Maritime-Eure),Rouen,2,15,N
2026,EE,Raadio Elmar,Tartu,5,14,N
2026,IT,Rai Südtirol,Bolzano,9,14,N
2026,US,KSWD-FM (The Sound Seattle 94.1 FM),"Seattle, WA",2,14,N
2026,ZA,Radio laeveld,Nelspruit,7,14,N
2026,AU,Fleurieu FM,Victor Harbor,4,14,N
2026,FR,Nebbia Campus Corte,Corte,2,14,N
2026,US,WJCU,University Heights,4,14,N
2026,GB,Kisstory,London,4,14,N
2026,AU,2UUS,Wollongong,1,14,N
2026,FR,Fréquence K,Côte d'Azur,1,14,N
2026,BR,Melodia,"Varginha, MG",4,14,N
2026,ZA,Bosveld Stereo,Pretoria,2,14,N
2026,US,KUEZ EASY 104.1 FM,"Reno, NV",1,14,N
2026,FR,France Culture,Paris,8,13,N
2026,ME,RTCG Radio 98,Podgorica,6,13,N
2026,FR,Radio Neptune,Brest,3,13,N
2026,FR,ici Paris-Île-de-France,Paris,3,13,N
2026,FR,ici Provence,Marseille,3,13,N
2026,DE,106.4 Top FM,Munich,1,13,N
2026,AU,Gold 104.3,Melbourne,1,13,N
2026,AU,Mix 106.3,Canberra,2,13,N
2026,NL,NH Radio,North Holland,2,13,N
2026,SG,Gold 90.5 FM,Caldecott Hill Estate,2,13,N
2026,NZ,Coast,Auckland,1,13,N
2026,ES,RNE radio clásica,Madrid,6,12,N
2026,US,KFMG,Des Moines,6,12,N
2026,AU,3MDR,Upwey South,10,12,N
2026,CH,RTS2,Chasseral,6,12,N
2026,NL,NPO Radio 1,Hilversum,6,12,N
2026,AD,RTVA Andorra Musica,Andorra la Vella,1,12,N
2026,FR,ici Loire Océan,Nantes,3,12,N
2026,FR,ici Breizh Izel,Brest,3,12,N
2026,CH,SRF 1 Bern Freiburg,Bern,4,12,N
2026,ZA,Bok radio,Cape Town,3,12,N
2026,FR,France Musique Piano Zen,Paris,1,12,N
2026,FR,France Maghreb 2,Dijon,2,11,N
2026,FR,France Musique,Paris,4,11,N
2026,HR,HR3 - Treci program,Zagreb,2,11,N
2026,CH,Radio Swiss Pop,Basel,4,11,N
2026,SE,P1,Stockholm,4,11,N
2026,FR,ici Nord,Lille,2,11,N
2026,EE,ERR Klassikaraadio,Tallinn,2,11,N
2026,GE,GPB Radio 1,Tbilisi,3,11,N
2026,CH,SRF 1 Basel Baselland,Basel,4,11,N
2026,US,Ozzy's Boneyard,"Washington, D.C.",1,11,N
2026,QA,Radio suno 91.7,Doha,7,10,N
2026,CH,SRF MusikWelle,Basel,9,10,N
2026,ID,Sushi,Padang,3,10,N
2026,IT,Rai 1,Rome,3,10,N
2026,US,WEHM,Watertown,1,10,N
2026,GB,Radio X (XFM),London,1,10,N
2026,US,WMOT,Nashville,2,10,N
2026,JP,Air-G,Hokkaido,9,10,N
2026,AU,triple j Unearthed,Sydney,6,10,N
2026,NZ,8K,Christchurch,3,10,N
2026,FR,ici Besançon,Besançon,2,10,N
2026,FR,ici Hérault,Montpellier,2,10,N
2026,FR,ici Creuse,Guéret,2,10,N
2026,FR,ici Isère,Grenoble,2,10,N
2026,FO,Kringvarp Føroya,Tórshavn,5,10,N
2026,AU,Triple M Gold Coast,Gold Coast,2,10,N
2026,GB,BBC Radio Scotland,Glasgow,6,9,N
2026,PH,91.5 Win Radio Manilla,Manila,9,9,N
2026,ID,Motion 97.5,Jakarta,9,9,N
2026,US,Alt Nation,"Washington, D.C.",1,9,N
2026,FR,Franceinfo,Paris,4,9,N
2026,FR,ici Armorique,Vannes,2,9,N
2026,PE,Radio Panamericana 101.1 FM,Lima,2,9,N
2026,US,WEBN-F2 (WEBN 102.7FM Cincinnati),"Cincinnati, OH",1,9,N
2026,ZA,Overvaal Stereo,Welkom,6,8,N
2026,DE,Deutsche Welle,Vienna,4,8,N
2026,JP,Tokyo FM,Tokyo,7,8,N
2026,BE,Equinoxe la Radio Découverte,Namur,5,8,N
2026,PL,Jedynka - Polskie Radio Program 1,Warsaw,3,8,N
2026,JP,NHK-FM,,5,8,N
2026,FI,YLE Radio 1,Raahe,3,8,N
2026,FR,ici Gironde,Bordeaux,2,8,N
2026,AU,ABC Radio Melbourne,Melbourne,5,8,N
2026,GB,BBC Radio 5,London,6,8,N
2026,GB,Talksport London,London,4,8,N
2026,US,WJFK-FM,"Baltimore, MD",2,8,N
2026,DK,DR P5,Copenhagen,2,8,N
2026,BR,SulAmerica Paradiso,"Rio de Janeiro, RJ",3,7,N
2026,JP,Kiss FM Kobe,Kobe,7,7,N
2026,FR,L'Eko Des Garrigues,Montpellier,7,7,N
2026,HR,Radio Pula,Pula,2,7,N
2026,ID,Indonesia 40 [IRadio FM],Bandung,3,7,N
2026,IN,92.7 Big FM,Mumbai,6,7,N
2026,NL,Pinguin Radio,The Hague,4,7,N
2026,AE,Tamil 89.4fm,Dubai,3,7,N
2026,NZ,RDU FM,,4,7,N
2026,JP,Nack 5,Saitama,4,7,N
2026,DE,SR 3 Saarlandwelle,Saarbrücken,2,7,N
2026,BR,Rádio 80 FM,São Paulo,1,7,N
2026,AT,ORF Radio Burgenland,Bruck an der Leitha,1,7,N
2026,AU,Coast FM 88.7,Glandore,3,7,N
2026,GB,Radio Wigwam,Cardiff,3,6,N
2026,US,KROQ,"Los Angeles, CA",2,6,N
2026,US,WRNR-FM,"Annapolis, MD",1,6,N
2026,PE,Radio Doble Nueve,Lima,3,6,N
2026,MX,RMX Radio,"Guadalajara, JA",3,6,N
2026,FR,OUI FM Rock Indé,Paris,1,6,N
2026,CA,Codiac FM 93.5,Moncton,2,6,N
2026,US,WCBS Newsradio 880,"New York, NY",4,6,N
2026,BR,Eldorado,"São Paulo, SP",1,6,N
2026,DE,MDR Sorbischer Rundfunk,Berlin,2,6,N
2026,US,WYRG,"Indianapolis, IN",1,6,N
2026,CA,CHIP 101.9 FM,,4,5,N
2026,AU,Portuguese Radio,Sydney,5,5,N
2026,GR,Sfera 96.6 FM,Patra,3,5,N
2026,ID,iRadio 89.6 FM,Jakarta,1,5,N
2026,PT,Antena 2,Lisbon,3,5,N
2026,CH,SRF2,Nendeln,4,5,N
2026,US,The Independent FM,"Los Angeles, CA",1,5,N
2026,GB,BBC Radio Wales,Aberystwyth,2,5,N
2026,CA,CHAA 103.3 FM,,2,5,N
2026,US,KXLU,,5,5,N
2026,KR,KBS 1 Radio Main,Seoul,5,5,N
2026,IS,95.7 FM,Reykjavík,3,5,N
2026,IT,Radio Easy Rock,Treviso,1,5,N
2026,AU,ABC Radio Perth,Perth,3,5,N
2026,DE,MDR SACHSEN Dresden,Dresden,1,5,N
2026,US,WWWQ-H2 99X,Atlanta,1,5,N
2026,CA,CHED,"Edmonton, AB",3,5,N
2026,DE,L'Unico,Paderborn,2,5,N
2026,US,WEEI-FM (WEEI 93.7FM),"Boston, MA",3,5,N
2026,US,Smoothjazz.com,Monterey,1,5,N
2026,IS,Bylgjan FM,Reykjavík,3,5,N
2026,AU,Hit 92.9,Perth,2,5,N
2026,KR,Arirang Radio,Jeju,2,5,N
2026,GB,Panjab Radio,London,1,5,N
2026,US,Star 102.5 WIOZ-FM,,1,5,N
2026,AR,Mega,Santa Fe,1,5,N
2026,FR,Sol FM,Lyon,3,4,N
2026,CA,News Talk 770,"Calgary, AB",2,4,N
2026,GR,Sfera 102.2 FM,Athens,2,4,N
2026,KR,KBS CoolFM Main,Seoul,2,4,N
2026,US,WROX-FM (96X Norfolk),"Exmore, VA",2,4,N
2026,US,KMYZ-FM (Z104.5FM Tulsa),"Tulsa, OK",3,4,N
2026,US,WBJB,Monmouth Beach,1,4,N
2026,HR,HR1 - Prvi program,Zagreb,3,4,N
2026,TR,Power Turk FM,Istanbul,4,4,N
2026,CA,CKMB-FM [Kool FM 107.5],"Barrie, ON",3,4,N
2026,PT,RTP Antena 1,Lisbon,3,4,N
2026,AU,ABC Radio Canberra,Canberra,3,4,N
2026,NL,NPO Radio 5,Hilversum,2,4,N
2026,CA,CHOX-FM,"Baie-Saint-Paul, QC",3,4,N
2026,AU,2XL (918 AM),Cooma,1,4,N
2026,SE,Retro FM,Stockholm,1,4,N
2026,AU,3GG (531 AM),Warragul,1,4,N
2026,CZ,Radio Proglas,Brno,2,4,N
2026,PH,YES FM Manilla,Manila,4,4,N
2026,AE,Al Khaleejiya 1009,Dubai,1,4,N
2026,US,WKLQ-FM,Grand Rapids,1,4,N
2026,US,KXNA-FM (The X Arkansas 104.9 FM),"Fayetteville, AR",1,4,N
2026,CL,Radio Sonar,Santiago,1,4,N
2026,CA,CJOB,"Winnipeg, MB",2,4,N
2026,CA,CKNW,"Vancouver, BC",2,4,N
2026,DK,DR P2,Copenhagen,2,4,N
2026,AU,ABC Classic,Sydney,2,4,N
2026,PT,Rádio Amália,Lisbon,1,4,N
2026,US,90.1 KUWP Powell/Cody (Wyoming Sounds),Cody,3,3,N
2026,KR,KBS 1FM (ClassicFM) Main,Seoul,3,3,N
2026,SE,GO Country,Stockholm,3,3,N
2026,BR,Bahia FM,"Alagoinhas, BA",2,3,N
2026,AT,ORF Ö2 Radio Salzburg,Salzburg,3,3,N
2026,PT,PEF – Posto Emissor do Funchal (Canal 1),Funchal,3,3,N
2026,DE,BR Heimat,München,3,3,N
2026,US,KFRR-FM,"Wooster, OH",2,3,N
2026,NL,Indie XL,Amsterdam,3,3,N
2026,FR,FG CHIC FRENCH,Paris,2,3,N
2026,AU,3BO (Triple M Bendigo 93.5),Bendigo,2,3,N
2026,BR,89.1 FM,"São Paulo, SP",3,3,N
2026,NZ,The Hits,Auckland,3,3,N
2026,AU,Triple M Mackay & The Whitsundays 98.7,Mackay,3,3,N
2026,NL,NPO Radio 4,Amsterdam,3,3,N
2026,AU,Radio Adelaide 101.5FM,Adelaide,3,3,N
2026,IL,רדיו לב המדינה,Rishon LeẔiyyon,3,3,N
2026,CH,Rete Uno,Zürich,2,3,N
2026,US,KEZR-FM  Mix 106.5 San Jose,San Jose,2,3,N
2026,CA,CJAD,"Montreal, QC",3,3,N
2026,NO,NRK P2,Bergen,1,3,N
2026,NO,NRK P1+,Trondheim,2,3,N
2026,GB,Nation Radio UK,London,1,3,N
2026,GB,Absolute Radio,Birmingham,2,3,N
2026,US,KIOZ,"San Diego, CA",1,3,N
2026,US,WJRR,"Orlando, FL",1,3,N
2026,CA,CFYX FM93,"Mont-Joli, QC",1,3,N
2026,US,WXTB,"Tampa, FL",2,3,N
2026,ID,Bens Radio,Jakarta,3,3,N
2026,US,Sports Radio 94 WIP,"Philadelphia, PA",2,3,N
2026,BR,Transcontinental FM,"São Paulo, SP",1,3,N
2026,GR,Derti 98.6 FM,Athina,3,3,N
2026,US,KYW-AM,"Philadelphia, PA",1,3,N
2026,US,WQLQ-FM,"South Bend, IN",1,3,N
2026,KR,MBC-FM,Seoul,1,3,N
2026,DE,SWR Aktuell,Berlin,1,3,N
2026,GB,Smooth Chill,London,2,2,N
2026,GB,Boom Radio,London,1,2,N
2026,GB,Virgin Radio UK,London,2,2,N
2026,DE,Radio Schlagerparadies,Oldenburg,2,2,N
2026,ID,RDI 97.1 FM,Jakarta,2,2,N
2026,HU,Petofi,Budapest,2,2,N
2026,AU,104.1 Territory FM,Darwin,2,2,N
2026,FR,RMC,Paris,2,2,N
2026,US,KINK,Portland,1,2,N
2026,US,WWDC,"Washington, D.C.",1,2,N
2026,AR,Rock & Pop,Buenos Aires,2,2,N
2026,DE,NDR Radio Kultur,Hamburg,2,2,N
2026,BE,Radio Klara,Brussels,2,2,N
2026,UY,Radio Monte Carlo 930,Montevideo,2,2,N
2026,DK,VLR,Odense,2,2,N
2026,IT,Radio Subasio,Umbria,2,2,N
2026,GB,Smooth Radio East Midlands,Nottingham,2,2,N
2026,BE,RTBF Musiq3,Brussels,2,2,N
2026,EE,Raadio Kuku,Tallinn,2,2,N
2026,FR,New Morning Radio,Paris,2,2,N
2026,FR,Europe 1,Gien,1,2,N
2026,US,EDBZ Eardrum Buzz Radio,,2,2,N
2026,US,Shade 45,"Washington, D.C.",2,2,N
2026,US,"WBZ-AM (WBZ News radio 103,0FM)","Boston, MA",2,2,N
2026,ZA,Pretoria FM,Pretoria,2,2,N
2026,US,KOMP 92.3FM,Las Vegas,1,2,N
2026,US,WQKL-FM,Ann Arbor,1,2,N
2026,KR,TBS FM,Seoul,2,2,N
2026,US,KLRR-FM,Bend,1,2,N
2026,AU,3SEA (Hit Gippsland 94.3),Traralgon,2,2,N
2026,IN,RETRO Radio Beat,Chennai,2,2,N
2026,DE,Die Neue 107.7,Stuttgart,2,2,N
2026,US,WOR-AM (710 WOR The Voice of New York),"New York, NY",1,2,N
2026,US,The Spectrum,"Washington, D.C.",1,2,N
2026,US,KPWK,"Seattle, WA",1,2,N
2026,CA,CFAK,"Skerbrooke, QC",2,2,N
2026,JP,"TBS Radio, Inc",Tokyo,2,2,N
2026,NL,BNR Nieuwsradio,Amsterdam,1,2,N
2026,KR,MBC Pyojun Radio Main,Seoul,1,2,N
2026,US,Spin Radio 107.1,"Easton, PA",1,2,N
2026,US,WZZK-FM,"Birmingham, AL",1,1,N
2026,US,WMUA,,1,1,N
2026,GB,XRP RADIO,Birmingham,1,1,N
2026,GB,Unity FM,Birmingham,1,1,N
2026,FR,Radio Orient,Paris,1,1,N
2026,US,670 The Score,"Chicago, IL",1,1,N
2026,SG,Yes 933,Singapore,1,1,N
2026,FI,Iskelmä,Helsinki,1,1,N
2026,US,KNCI-FM,"Sacramento, CA",1,1,N
2026,BR,Lideranca FM,"Morada Nova, CE",1,1,N
2026,DE,MDR Klassik,Berlin,1,1,N
2026,US,KIOA-F2,"Des Moines, IA",1,1,N
2026,US,WCOO-FM,"Charleston, SC",1,1,N
2026,AE,Fujairah FM,Dubai,1,1,N
2026,JP,Free FM Osaka,Ōsaka-shi,1,1,N
2026,GB,Magic,London,1,1,N
2026,JP,FM Aichi,Aichi,1,1,N
2026,US,WDVX,Knoxville,1,1,N
2026,IT,RMC Italia,Milan,1,1,N
2026,FR,Radio Studio 1,Strasbourg,1,1,N
2026,US,WTTS,Indianapolis,1,1,N
2026,TR,Power Pop,,1,1,N
2026,ZA,Fine Music Radio,,1,1,N
2026,US,Hot 93.3,"Dallas, TX",1,1,N
2026,PH,106.7 Energy FM,Manila,1,1,N
2026,SE,Mix Megapol,Göteborg,1,1,N
2026,US,KXTE X 107.5 FM,Las Vegas,1,1,N
2026,MX,La Mejor Mazatlán,,1,1,N
2026,DE,Radio F,Nürnberg,1,1,N
2026,GB,Absolute Radio 70's,London,1,1,N
2026,US,KQCH-FM - Channel 94.1,"Omaha, NE",1,1,N
2026,FR,Sud Radio,Toulouse,1,1,N
2026,CA,ROCK 95,"Barrie, ON",1,1,N
2026,NZ,The Rock,Auckland,1,1,N
2026,BR,Mundo Livre FM Curitiba,"Curitiba, PR",1,1,N
2026,US,WXPK,New York City,1,1,N
2026,CA,CHOI-FM,"Quebec City, QC",1,1,N
2026,GB,Clyde 2,Glasgow,1,1,N
2026,SG,88.3 JIA FM,Singapore,1,1,N
2026,AU,2UE - Macquarie Sports Radio Melbourne,Melbourne,1,1,N
2026,DE,HAMBURG ZWEI,Bergedorf,1,1,N
2026,FR,Netradio,Paris,1,1,N
2026,MX,XHCHA-FM [Hits 104.5 FM],"Chihuahua, CH",1,1,N
2026,FR,Radio Coteaux,Tarbes,1,1,N
2026,AU,6PR,Perth,1,1,N
2026,AU,Triple M [Melbourne],Melbourne,1,1,N
2026,AU,2KKO,Newcastle,1,1,N
2026,AU,hit93.1 Riverina,Bundaberg,1,1,N
2026,FR,Blackbox,Bordeaux,1,1,N
2026,FR,Radio Emotion,Nice,1,1,N
2026,CA,Jewel 92,"Brantford, ON",1,1,N
2026,GB,TalkRadio,London,1,1,N
2026,US,KTFM,"San Antonio, TX",1,1,N
2026,AU,2UE - Macquarie Sports Radio Sydney,Sydney,1,1,N
2026,CN,Yes FM,Singapore,1,1,N
2026,CA,102.3 NOW! Radio,"Edmonton, AB",1,1,N
2026,US,WWJ-AM,"Detroit, MI",1,1,N
2026,US,KMOX-AM,"St. Louis, MO",1,1,N
2026,US,WBBM,"Chicago, IL",1,1,N
2026,PH,Wish 107.5,Manila,1,1,N
2026,US,WASU-FM The App,"Boone, NC",1,1,N
2026,NO,P4 Radio Hele Norge,Oslo,1,1,N
2026,PH,Love Radio Manilla,Manila,1,1,N
2026,LU,Eldoradio Alternative,Luxembourg,1,1,N
2026,US,Z100 FM,"Harrisburg, IL",1,1,N
2026,US,WQOK-FM,"Raleigh-Durham, NC",1,1,N
2026,FR,ici 100% chanson française,Paris,1,1,N
2026,US,WRNW,"Milwaukee, WI",1,1,N
2026,US,WCPT,"Chicago, IL",1,1,N
2026,FR,FIP Nouveautés,Paris,1,1,N
2026,AT,ORF Ö2 Radio Oberösterreich,Linz,1,1,N
2026,NL,NPO Sterren,Hilversum,1,1,N
