period,artist_name,spotify_monthly_listeners,youtube_subscribers,youtube_actual_views,youtube_views_source,deezer_fans,est_spotify_quarterly_streams,spotify_revenue_usd,youtube_revenue_usd,deezer_revenue_usd,other_platforms_revenue_usd,gross_streaming_revenue_usd,gross_streaming_revenue_ngn,source
Q1_2025,2Baba,484764,454143,5152754,actual,10492,5090022,20360.09,20611.02,251.81,6108.03,47330.94,70996407.6,Chartmetric + SoundCharts API + per-stream rates
Q1_2025,9ice,269245,2578,116010,estimated,9965,2827072,11308.29,464.04,239.16,3392.49,15403.98,23105965.5,Chartmetric + SoundCharts API + per-stream rates
Q1_2025,Adekunle Gold,2596487,927333,12988358,actual,191620,27263114,109052.45,51953.43,4598.88,32715.74,198320.5,297480753.3,Chartmetric + SoundCharts API + per-stream rates
Q1_2025,Ajebutter22,188079,50213,2259585,estimated,0,1974830,7899.32,9038.34,0,2369.8,19307.45,28961180.1,Chartmetric + SoundCharts API + per-stream rates
Q1_2025,Amaarae,5428065,409000,18405000,estimated,30812,56994682,227978.73,73620,739.49,68393.62,370731.84,556097755.5,Chartmetric + SoundCharts API + per-stream rates
Q1_2025,Asake,6436023,1582308,55103662,actual,90592,67578242,270312.97,220414.65,2174.21,81093.89,573995.71,860993567.7,Chartmetric + SoundCharts API + per-stream rates
Q1_2025,Ayra Starr,17636768,2477500,148718620,actual,176855,185186064,740744.26,594874.48,4244.52,222223.28,1562086.53,2343129799,Chartmetric + SoundCharts API + per-stream rates
Q1_2025,Aṣa,352060,944,4116088,actual,134180,3696630,14786.52,16464.35,3220.32,4435.96,38907.15,58360722,Chartmetric + SoundCharts API + per-stream rates
Q1_2025,BNXN,4131181,367000,16515000,estimated,72322,43377400,173509.6,66060,1735.73,52052.88,293358.21,440037315.9,Chartmetric + SoundCharts API + per-stream rates
Q1_2025,Bad Boy Timz,538944,14255,641475,estimated,18657,5658912,22635.65,2565.9,447.77,6790.69,32440.01,48660015.6,Chartmetric + SoundCharts API + per-stream rates
Q1_2025,Banky W.,284826,574035,660865,actual,9056,2990673,11962.69,2643.46,217.34,3588.81,18412.3,27618455.4,Chartmetric + SoundCharts API + per-stream rates
Q1_2025,Bayanni,2007876,187333,8429985,estimated,3516,21082698,84330.79,33719.94,84.38,25299.24,143434.35,215151530.4,Chartmetric + SoundCharts API + per-stream rates
Q1_2025,Bella Shmurda,1749110,457200,20574000,estimated,0,18365655,73462.62,82296,0,22038.79,177797.41,266696109,Chartmetric + SoundCharts API + per-stream rates
Q1_2025,Blaqbonez,1220392,281455,12665475,estimated,30912,12814116,51256.46,50661.9,741.89,15376.94,118037.19,177055786.8,Chartmetric + SoundCharts API + per-stream rates
Q1_2025,Bloody Civilian,933693,15520,698400,estimated,2019,9803776,39215.11,2793.6,48.46,11764.53,53821.69,80732540.7,Chartmetric + SoundCharts API + per-stream rates
Q1_2025,Boj,932646,20995,944775,estimated,8721,9792783,39171.13,3779.1,209.3,11751.34,54910.88,82366313.4,Chartmetric + SoundCharts API + per-stream rates
Q1_2025,Boy Spyce,578562,122455,5510475,estimated,3184,6074901,24299.6,22041.9,76.42,7289.88,53707.8,80561701.8,Chartmetric + SoundCharts API + per-stream rates
Q1_2025,Bracket,496751,1045313,3786861,actual,29874,5215886,20863.54,15147.44,716.98,6259.06,42987.02,64480536.9,Chartmetric + SoundCharts API + per-stream rates
Q1_2025,Brymo,233271,62700,2821500,estimated,15447,2449346,9797.38,11286,370.73,2939.21,24393.32,36589986.9,Chartmetric + SoundCharts API + per-stream rates
Q1_2025,Burna Boy,184,0,0,estimated,1,1932,7.73,0,0.02,2.32,10.07,15105.6,Chartmetric + SoundCharts API + per-stream rates
Q1_2025,CDQ,70478,0,237489,actual,617,740019,2960.08,949.96,14.81,888.02,4812.86,7219294.2,Chartmetric + SoundCharts API + per-stream rates
Q1_2025,CKay,8265950,4177027,54890374,actual,10,86792475,347169.9,219561.5,0.24,104150.97,670882.61,1006323909,Chartmetric + SoundCharts API + per-stream rates
Q1_2025,Chike,2306091,1094643,49258935,estimated,51230,24213956,96855.82,197035.74,1229.52,29056.75,324177.83,486266742.9,Chartmetric + SoundCharts API + per-stream rates
Q1_2025,Crayon,1830719,229800,13508297,actual,0,19222550,76890.2,54033.19,0,23067.06,153990.45,230985668.1,Chartmetric + SoundCharts API + per-stream rates
Q1_2025,Cruel Santino,609958,5414,243630,estimated,157,6404559,25618.24,974.52,3.77,7685.47,34281.99,51422992.2,Chartmetric + SoundCharts API + per-stream rates
Q1_2025,D'banj,492017,225211,1277085,actual,7623,5166178,20664.71,5108.34,182.95,6199.41,32155.42,48233130.3,Chartmetric + SoundCharts API + per-stream rates
Q1_2025,DJ Cuppy,1,0,0,estimated,0,10,0.04,0,0,0.01,0.05,81.9,Chartmetric + SoundCharts API + per-stream rates
Q1_2025,DJ Neptune,810772,252471,1681563,actual,66,8513106,34052.42,6726.25,1.58,10215.73,50995.99,76493980.8,Chartmetric + SoundCharts API + per-stream rates
Q1_2025,DJ Spinall,12,357667,16095015,estimated,0,126,0.5,64380.06,0,0.15,64380.72,96571072.8,Chartmetric + SoundCharts API + per-stream rates
Q1_2025,Dammy Krane,30409,0,0,estimated,550,319294,1277.18,0,13.2,383.15,1673.53,2510297.1,Chartmetric + SoundCharts API + per-stream rates
Q1_2025,Darey,59633,73458,3305610,estimated,3802,626146,2504.59,13222.44,91.25,751.38,16569.65,24854474.7,Chartmetric + SoundCharts API + per-stream rates
Q1_2025,Darkoo,3807480,291500,13117500,estimated,0,39978540,159914.16,52470,0,47974.25,260358.41,390537612,Chartmetric + SoundCharts API + per-stream rates
Q1_2025,Davido,7943838,4362143,99042664,actual,849941,83410299,333641.2,396170.66,20398.58,100092.36,850302.79,1275454192,Chartmetric + SoundCharts API + per-stream rates
Q1_2025,Dice Ailes,175462,28017,1260765,estimated,3892,1842351,7369.4,5043.06,93.41,2210.82,14716.69,22075039.8,Chartmetric + SoundCharts API + per-stream rates
Q1_2025,Dremo,170740,6974,313830,estimated,10881,1792770,7171.08,1255.32,261.14,2151.32,10838.87,16258302,Chartmetric + SoundCharts API + per-stream rates
Q1_2025,Duncan Mighty,362822,2562,1939351,actual,5213,3809631,15238.52,7757.4,125.11,4571.56,27692.6,41538895.8,Chartmetric + SoundCharts API + per-stream rates
Q1_2025,Eldee,57899,0,0,estimated,4226,607940,2431.76,0,101.42,729.53,3262.71,4894064.1,Chartmetric + SoundCharts API + per-stream rates
Q1_2025,Falz,598692,362488,2039165,actual,722,6286266,25145.06,8156.66,17.33,7543.52,40862.57,61293856.8,Chartmetric + SoundCharts API + per-stream rates
Q1_2025,Fela Kuti,529807,232867,899751,actual,193183,5562974,22251.89,3599,4636.39,6675.57,37162.86,55744287.3,Chartmetric + SoundCharts API + per-stream rates
Q1_2025,Fireboy DML,7204703,1882857,50333725,actual,329276,75649382,302597.53,201334.9,7902.62,90779.26,602614.31,903921461.7,Chartmetric + SoundCharts API + per-stream rates
Q1_2025,Flavour,844237,3610833,162487485,estimated,86323,8864488,35457.95,649949.94,2071.75,10637.39,698117.03,1047175548,Chartmetric + SoundCharts API + per-stream rates
Q1_2025,Flavour N'abania,87,3610833,162487485,estimated,3927,914,3.65,649949.94,94.25,1.1,650048.94,975073407.3,Chartmetric + SoundCharts API + per-stream rates
Q1_2025,HarrySong,91465,92378,4157010,estimated,852,960382,3841.53,16628.04,20.45,1152.46,21642.48,32463715.5,Chartmetric + SoundCharts API + per-stream rates
Q1_2025,Ice Prince,775408,154241,1829111,actual,47239,8141784,32567.14,7316.44,1133.74,9770.14,50787.46,76181185.2,Chartmetric + SoundCharts API + per-stream rates
Q1_2025,Illbliss,222929,12325,554625,estimated,345,2340754,9363.02,2218.5,8.28,2808.91,14398.7,21598055.1,Chartmetric + SoundCharts API + per-stream rates
Q1_2025,Iyanya,562973,631000,7927448,actual,0,5911216,23644.87,31709.79,0,7093.46,62448.12,93672176.7,Chartmetric + SoundCharts API + per-stream rates
Q1_2025,Jesse Jagz,52104,14860,668700,estimated,5396,547092,2188.37,2674.8,129.5,656.51,5649.18,8473773.6,Chartmetric + SoundCharts API + per-stream rates
Q1_2025,Joeboy,3829675,1430000,64350000,estimated,14,40211588,160846.35,257400,0.34,48253.9,466500.59,699750886.5,Chartmetric + SoundCharts API + per-stream rates
Q1_2025,Johnny Drille,558408,0,0,estimated,8955,5863284,23453.14,0,214.92,7035.94,30704,46055995.2,Chartmetric + SoundCharts API + per-stream rates
Q1_2025,Khaid,970954,510500,22972500,estimated,3616,10195017,40780.07,91890,86.78,12234.02,144990.87,217486308.6,Chartmetric + SoundCharts API + per-stream rates
Q1_2025,King Sunny Ade,90179,23300,1048500,estimated,11219,946880,3787.52,4194,269.26,1136.26,9387.03,14080544.1,Chartmetric + SoundCharts API + per-stream rates
Q1_2025,Kizz Daniel,3592170,3339231,150265395,estimated,225576,37717785,150871.14,601061.58,5413.82,45261.34,802607.89,1203911829,Chartmetric + SoundCharts API + per-stream rates
Q1_2025,Korede Bello,737386,280023,3071123,actual,22940,7742553,30970.21,12284.49,550.56,9291.06,53096.33,79644491.4,Chartmetric + SoundCharts API + per-stream rates
Q1_2025,LADIPOE,1039057,107200,4824000,estimated,72048,10910098,43640.39,19296,1729.15,13092.12,77757.66,116636496.3,Chartmetric + SoundCharts API + per-stream rates
Q1_2025,Lady Donli,158291,6401,288045,estimated,1358,1662056,6648.22,1152.18,32.59,1994.47,9827.46,14741190.9,Chartmetric + SoundCharts API + per-stream rates
Q1_2025,Lagbaja,9008,5789,260505,estimated,2868,94584,378.34,1042.02,68.83,113.5,1602.69,2404033.2,Chartmetric + SoundCharts API + per-stream rates
Q1_2025,Libianca,6267009,1159615,49375783,actual,0,65803594,263214.38,197503.13,0,78964.31,539681.82,809522735.1,Chartmetric + SoundCharts API + per-stream rates
Q1_2025,Lil Kesh,705134,88069,4845542,actual,2963,7403907,29615.63,19382.17,71.11,8884.69,57953.6,86930394.6,Chartmetric + SoundCharts API + per-stream rates
Q1_2025,Lojay,4004710,353000,15885000,estimated,47776,42049455,168197.82,63540,1146.62,50459.35,283343.79,425015685,Chartmetric + SoundCharts API + per-stream rates
Q1_2025,Lyta,274758,91462,4115790,estimated,0,2884959,11539.84,16463.16,0,3461.95,31464.95,47197420.2,Chartmetric + SoundCharts API + per-stream rates
Q1_2025,M.I. Abaga,234649,100923,4541535,estimated,2098,2463814,9855.26,18166.14,50.35,2956.58,31028.33,46542491.1,Chartmetric + SoundCharts API + per-stream rates
Q1_2025,Magixx,1254330,243750,10968750,estimated,3579,13170465,52681.86,43875,85.9,15804.56,112447.31,168670971,Chartmetric + SoundCharts API + per-stream rates
Q1_2025,Maleek Berry,1351605,613400,3824073,actual,0,14191852,56767.41,15296.29,0,17030.22,89093.93,133640887.5,Chartmetric + SoundCharts API + per-stream rates
Q1_2025,Mannywellz,329258,51033,2296485,estimated,1480,3457209,13828.84,9185.94,35.52,4148.65,27198.95,40798420.2,Chartmetric + SoundCharts API + per-stream rates
Q1_2025,Mayorkun,1205122,264034,11881530,estimated,144088,12653781,50615.12,47526.12,3458.11,15184.54,116783.89,175175839.8,Chartmetric + SoundCharts API + per-stream rates
Q1_2025,Mohbad,1332271,60271,2712195,estimated,47894,13988846,55955.38,10848.78,1149.46,16786.61,84740.23,127110348.9,Chartmetric + SoundCharts API + per-stream rates
Q1_2025,Mr Eazi,3653263,1264792,9595749,actual,337394,38359262,153437.05,38383,8097.46,46031.11,245948.61,368922917.7,Chartmetric + SoundCharts API + per-stream rates
Q1_2025,Mr Real,43794,0,0,estimated,83,459837,1839.35,0,1.99,551.8,2393.14,3589716.6,Chartmetric + SoundCharts API + per-stream rates
Q1_2025,Naeto C,73427,0,0,estimated,12991,770984,3083.93,0,311.78,925.18,4320.9,6481347.3,Chartmetric + SoundCharts API + per-stream rates
Q1_2025,Naira Marley,1569884,1151429,51814305,estimated,150506,16483782,65935.13,207257.22,3612.14,19780.54,296585.03,444877545.6,Chartmetric + SoundCharts API + per-stream rates
Q1_2025,Niniola,200735,120023,5401035,estimated,8717,2107718,8430.87,21604.14,209.21,2529.26,32773.48,49160218.5,Chartmetric + SoundCharts API + per-stream rates
Q1_2025,Nonso Amadi,368446,136774,6154830,estimated,6,3868683,15474.73,24619.32,0.14,4642.42,44736.62,67104923.4,Chartmetric + SoundCharts API + per-stream rates
Q1_2025,ODUMODUBLVCK,3288663,201667,9075015,estimated,8772,34530962,138123.85,36300.06,210.53,41437.15,216071.59,324107381.7,Chartmetric + SoundCharts API + per-stream rates
Q1_2025,Odunsi (The Engine),292905,37342,1680390,estimated,5490,3075502,12302.01,6721.56,131.76,3690.6,22845.93,34268899.5,Chartmetric + SoundCharts API + per-stream rates
Q1_2025,Olakira,271744,642000,28890000,estimated,24426,2853312,11413.25,115560,586.22,3423.97,130983.45,196475169.6,Chartmetric + SoundCharts API + per-stream rates
Q1_2025,Olamide,3780731,1249630,14910693,actual,34,39697676,158790.7,59642.77,0.82,47637.21,266071.5,399107250.9,Chartmetric + SoundCharts API + per-stream rates
Q1_2025,Olu Maintain,80400,0,0,estimated,446,844200,3376.8,0,10.7,1013.04,4400.54,6600816,Chartmetric + SoundCharts API + per-stream rates
Q1_2025,Omah Lay,9136630,2303333,103649985,estimated,301107,95934615,383738.46,414599.94,7226.57,115121.54,920686.51,1381029759,Chartmetric + SoundCharts API + per-stream rates
Q1_2025,Oxlade,4380510,646000,43857280,actual,97914,45995355,183981.42,175429.12,2349.94,55194.43,416954.9,625432353,Chartmetric + SoundCharts API + per-stream rates
Q1_2025,P-Square,1279326,2683529,28680301,actual,205990,13432923,53731.69,114721.2,4943.76,16119.51,189516.16,284274245.4,Chartmetric + SoundCharts API + per-stream rates
Q1_2025,Patoranking,1394123,1729524,15595300,actual,186037,14638292,58553.17,62381.2,4464.89,17565.95,142965.2,214447805.7,Chartmetric + SoundCharts API + per-stream rates
Q1_2025,Peruzzi,354019,26222,1179990,estimated,41470,3717200,14868.8,4719.96,995.28,4460.64,25044.68,37567016.1,Chartmetric + SoundCharts API + per-stream rates
Q1_2025,Pheelz,2126099,365929,16466805,estimated,27956,22324040,89296.16,65867.22,670.94,26788.85,182623.17,273934754.1,Chartmetric + SoundCharts API + per-stream rates
Q1_2025,Phyno,1266479,621294,10681483,actual,41,13298030,53192.12,42725.93,0.98,15957.64,111876.67,167815004.1,Chartmetric + SoundCharts API + per-stream rates
Q1_2025,Portable,319695,248905,11200725,estimated,634,3356798,13427.19,44802.9,15.22,4028.16,62273.46,93410194.5,Chartmetric + SoundCharts API + per-stream rates
Q1_2025,Praiz,214656,0,0,estimated,1589,2253888,9015.55,0,38.14,2704.67,11758.35,17637530.4,Chartmetric + SoundCharts API + per-stream rates
Q1_2025,Prettyboy D-O,77520,9218,414810,estimated,1490,813960,3255.84,1659.24,35.76,976.75,5927.59,8891388,Chartmetric + SoundCharts API + per-stream rates
Q1_2025,Qing Madi,1486586,272750,12273750,estimated,1627,15609153,62436.61,49095,39.05,18730.98,130301.64,195452465.4,Chartmetric + SoundCharts API + per-stream rates
Q1_2025,Reekado Banks,723123,492769,4556191,actual,0,7592792,30371.17,18224.76,0,9111.35,57707.28,86560919.7,Chartmetric + SoundCharts API + per-stream rates
Q1_2025,Rema,20788212,4804286,197745110,actual,490122,218276226,873104.9,790980.44,11762.93,261931.47,1937779.74,2906669615,Chartmetric + SoundCharts API + per-stream rates
Q1_2025,Reminisce,278105,76411,3438495,estimated,12285,2920102,11680.41,13753.98,294.84,3504.12,29233.35,43850029.5,Chartmetric + SoundCharts API + per-stream rates
Q1_2025,Ric Hassani,473012,706455,5202918,actual,8374,4966626,19866.5,20811.67,200.98,5959.95,46839.1,70258654.8,Chartmetric + SoundCharts API + per-stream rates
Q1_2025,Rude Boy,230545,0,0,estimated,0,2420722,9682.89,0,0,2904.87,12587.76,18881635.5,Chartmetric + SoundCharts API + per-stream rates
Q1_2025,Ruger,4314621,1897500,57351988,actual,113435,45303520,181214.08,229407.95,2722.44,54364.22,467708.7,701563047.9,Chartmetric + SoundCharts API + per-stream rates
Q1_2025,Sarz,3382663,94100,4234500,estimated,59585,35517962,142071.85,16938,1430.04,42621.55,203061.44,304592159.7,Chartmetric + SoundCharts API + per-stream rates
Q1_2025,Sauce Kid,6267,1862,83790,estimated,118,65804,263.21,335.16,2.83,78.96,680.17,1020255.3,Chartmetric + SoundCharts API + per-stream rates
Q1_2025,Sean Tizzle,147256,51130,2300850,estimated,4768,1546188,6184.75,9203.4,114.43,1855.43,17358.01,26037014.4,Chartmetric + SoundCharts API + per-stream rates
Q1_2025,Seyi Shay,112013,140797,6335865,estimated,8,1176136,4704.55,25343.46,0.19,1411.36,31459.56,47189342.7,Chartmetric + SoundCharts API + per-stream rates
Q1_2025,Seyi Vibez,2819341,309500,13927500,estimated,16202,29603080,118412.32,55710,388.85,35523.7,210034.87,315052299.9,Chartmetric + SoundCharts API + per-stream rates
Q1_2025,Shallipopi,3601408,281000,12645000,estimated,6314,37814784,151259.14,50580,151.54,45377.74,247368.41,371052619.2,Chartmetric + SoundCharts API + per-stream rates
Q1_2025,Show Dem Camp,445321,12714,572130,estimated,9193,4675870,18703.48,2288.52,220.63,5611.04,26823.68,40235517.9,Chartmetric + SoundCharts API + per-stream rates
Q1_2025,Simi,1054217,1058750,47643750,estimated,162831,11069278,44277.11,190575,3907.94,13283.13,252043.19,378064788.3,Chartmetric + SoundCharts API + per-stream rates
Q1_2025,Skiibii,701654,329500,14827500,estimated,0,7367367,29469.47,59310,0,8840.84,97620.31,146430462.6,Chartmetric + SoundCharts API + per-stream rates
Q1_2025,Small Doctor,42782,30022,1350990,estimated,656,449211,1796.84,5403.96,15.74,539.05,7755.6,11633401.8,Chartmetric + SoundCharts API + per-stream rates
Q1_2025,Solidstar,67634,0,0,estimated,1591,710157,2840.63,0,38.18,852.19,3731,5596500.6,Chartmetric + SoundCharts API + per-stream rates
Q1_2025,Sound Sultan,48987,17447,785115,estimated,1275,514364,2057.45,3140.46,30.6,617.24,5845.75,8768625.3,Chartmetric + SoundCharts API + per-stream rates
Q1_2025,Spyro,669979,524000,23580000,estimated,9094,7034780,28139.12,94320,218.26,8441.74,131119.11,196678664.1,Chartmetric + SoundCharts API + per-stream rates
Q1_2025,Tay Iwar,880643,11850,533250,estimated,1,9246752,36987.01,2133,0.02,11096.1,50216.13,75324197.7,Chartmetric + SoundCharts API + per-stream rates
Q1_2025,Tekno,1715817,2582941,36296172,actual,0,18016078,72064.31,145184.69,0,21619.29,238868.3,358302444.3,Chartmetric + SoundCharts API + per-stream rates
Q1_2025,Tempoe,4852074,0,0,estimated,11179,50946777,203787.11,0,268.3,61136.13,265191.54,397787304.6,Chartmetric + SoundCharts API + per-stream rates
Q1_2025,Tems,16582404,1146154,52511407,actual,204691,174115242,696460.97,210045.63,4912.58,208938.29,1120357.47,1680536206,Chartmetric + SoundCharts API + per-stream rates
Q1_2025,Teni,1749049,765000,8443124,actual,4,18365014,73460.06,33772.5,0.1,22038.02,129270.67,193906001.1,Chartmetric + SoundCharts API + per-stream rates
Q1_2025,Terri,108692,87028,3916260,estimated,0,1141266,4565.06,15665.04,0,1369.52,21599.62,32399434.8,Chartmetric + SoundCharts API + per-stream rates
Q1_2025,Terry Apala,185577,6468,291060,estimated,412,1948558,7794.23,1164.24,9.89,2338.27,11306.63,16959948.3,Chartmetric + SoundCharts API + per-stream rates
Q1_2025,Timaya,859612,116701,9460634,actual,0,9025926,36103.7,37842.54,0,10831.11,84777.35,127166026.8,Chartmetric + SoundCharts API + per-stream rates
Q1_2025,Tiwa Savage,2846972,1483478,37301091,actual,2702,29893206,119572.82,149204.36,64.85,35871.85,304713.88,457070824.8,Chartmetric + SoundCharts API + per-stream rates
Q1_2025,Vector,324191,71214,3204630,estimated,0,3404006,13616.02,12818.52,0,4084.81,30519.35,45779022.9,Chartmetric + SoundCharts API + per-stream rates
Q1_2025,Victony,6222461,669368,30121560,estimated,57635,65335840,261343.36,120486.24,1383.24,78403.01,461615.85,692423775.9,Chartmetric + SoundCharts API + per-stream rates
Q1_2025,Waje,44621,50124,2255580,estimated,1773,468520,1874.08,9022.32,42.55,562.22,11501.18,17251767.9,Chartmetric + SoundCharts API + per-stream rates
Q1_2025,Wande Coal,2401159,101000,5012289,actual,0,25212170,100848.68,20049.16,0,30254.6,151152.44,226728656.1,Chartmetric + SoundCharts API + per-stream rates
Q1_2025,Wizkid,9940410,3323334,91297035,actual,933551,104374305,417497.22,365188.14,22405.22,125249.17,930339.75,1395509625,Chartmetric + SoundCharts API + per-stream rates
Q1_2025,WurlD,362150,42285,1902825,estimated,46762,3802575,15210.3,7611.3,1122.29,4563.09,28506.98,42760467,Chartmetric + SoundCharts API + per-stream rates
Q1_2025,Ycee,359741,219128,9860760,estimated,0,3777280,15109.12,39443.04,0,4532.74,59084.9,88627347.9,Chartmetric + SoundCharts API + per-stream rates
Q1_2025,Yemi Alade,1067993,2461087,14476547,actual,0,11213926,44855.71,57906.19,0,13456.71,116218.61,174327908.7,Chartmetric + SoundCharts API + per-stream rates
Q1_2025,Young Jonn,2730521,335857,15113565,estimated,24712,28670470,114681.88,60454.26,593.09,34404.56,210133.79,315200691.9,Chartmetric + SoundCharts API + per-stream rates
Q1_2025,Yung6ix,112260,301,13545,estimated,747,1178730,4714.92,54.18,17.93,1414.48,6201.5,9302256,Chartmetric + SoundCharts API + per-stream rates
Q1_2025,Zinoleesky,1758120,206200,9279000,estimated,58474,18460260,73841.04,37116,1403.38,22152.31,134512.73,201769092,Chartmetric + SoundCharts API + per-stream rates
Q1_2025,Zlatan,1213491,370500,16672500,estimated,119111,12741656,50966.62,66690,2858.66,15289.99,135805.27,203707908.9,Chartmetric + SoundCharts API + per-stream rates
Q1_2025,=== PERIOD TOTAL ===,,,,,,,,,,,23270140.6,34905210900,Aggregated
Q2_2025,2Baba,472378,464000,3570743,actual,10540,4959969,19839.88,14282.97,252.96,5951.96,40327.77,60491656.2,Chartmetric + SoundCharts API + per-stream rates
Q2_2025,9ice,340210,2574,115830,estimated,9990,3572205,14288.82,463.32,239.76,4286.65,19278.55,28917819,Chartmetric + SoundCharts API + per-stream rates
Q2_2025,Adekunle Gold,2417773,941625,8323952,actual,194031,25386616,101546.47,33295.81,4656.74,30463.94,169962.96,254944436.7,Chartmetric + SoundCharts API + per-stream rates
Q2_2025,Ajebutter22,201433,50401,2268045,estimated,0,2115046,8460.19,9072.18,0,2538.06,20070.42,30105632.7,Chartmetric + SoundCharts API + per-stream rates
Q2_2025,Amaarae,5803807,425778,19160010,estimated,31712,60939974,243759.89,76640.04,761.09,73127.97,394288.99,591433485.3,Chartmetric + SoundCharts API + per-stream rates
Q2_2025,Asake,7223714,1648667,38047627,actual,98194,75848997,303395.99,152190.51,2356.66,91018.8,548961.95,823442922.6,Chartmetric + SoundCharts API + per-stream rates
Q2_2025,Ayra Starr,17604522,2645000,91549357,actual,187809,184847481,739389.92,366197.43,4507.42,221816.98,1331911.75,1997867618,Chartmetric + SoundCharts API + per-stream rates
Q2_2025,Aṣa,365883,942,2619140,actual,134759,3841772,15367.09,10476.56,3234.22,4610.13,33687.99,50531981.7,Chartmetric + SoundCharts API + per-stream rates
Q2_2025,BNXN,4922451,398875,17949375,estimated,72431,51685736,206742.94,71797.5,1738.34,62022.88,342301.67,513452502.9,Chartmetric + SoundCharts API + per-stream rates
Q2_2025,Bad Boy Timz,664808,14279,642555,estimated,18700,6980484,27921.94,2570.22,448.8,8376.58,39317.54,58976305.2,Chartmetric + SoundCharts API + per-stream rates
Q2_2025,Banky W.,283851,577952,613372,actual,9069,2980436,11921.74,2453.49,217.66,3576.52,18169.41,27254112.9,Chartmetric + SoundCharts API + per-stream rates
Q2_2025,Bayanni,2024398,207455,9335475,estimated,3783,21256179,85024.72,37341.9,90.79,25507.41,147964.82,221947234.2,Chartmetric + SoundCharts API + per-stream rates
Q2_2025,Bella Shmurda,2348207,473000,21285000,estimated,0,24656174,98624.69,85140,0,29587.41,213352.1,320028153.3,Chartmetric + SoundCharts API + per-stream rates
Q2_2025,Blaqbonez,1320811,292733,13172985,estimated,31074,13868516,55474.06,52691.94,745.78,16642.22,125554,188330994.9,Chartmetric + SoundCharts API + per-stream rates
Q2_2025,Bloody Civilian,1279111,16388,737460,estimated,2128,13430666,53722.66,2949.84,51.07,16116.8,72840.37,109260558.9,Chartmetric + SoundCharts API + per-stream rates
Q2_2025,Boj,1392197,21447,965115,estimated,8762,14618068,58472.27,3860.46,210.29,17541.68,80084.7,120127056.3,Chartmetric + SoundCharts API + per-stream rates
Q2_2025,Boy Spyce,631080,129750,5838750,estimated,3335,6626340,26505.36,23355,80.04,7951.61,57892.01,86838012,Chartmetric + SoundCharts API + per-stream rates
Q2_2025,Bracket,543617,1059531,4235075,actual,30038,5707978,22831.91,16940.3,720.91,6849.57,47342.7,71014050.3,Chartmetric + SoundCharts API + per-stream rates
Q2_2025,Brymo,268496,64650,2909250,estimated,15509,2819208,11276.83,11637,372.22,3383.05,26669.1,40003646.4,Chartmetric + SoundCharts API + per-stream rates
Q2_2025,Burna Boy,167,0,0,estimated,1,1754,7.01,0,0.02,2.1,9.14,13713.3,Chartmetric + SoundCharts API + per-stream rates
Q2_2025,CDQ,148175,0,334968,actual,625,1555838,6223.35,1339.87,15,1867.01,9445.23,14167840.5,Chartmetric + SoundCharts API + per-stream rates
Q2_2025,CKay,10224561,4221579,37629551,actual,9,107357890,429431.56,150518.2,0.22,128829.47,708779.45,1063169176,Chartmetric + SoundCharts API + per-stream rates
Q2_2025,Chike,2564310,1143200,51444000,estimated,52184,26925255,107701.02,205776,1252.42,32310.31,347039.74,520559613,Chartmetric + SoundCharts API + per-stream rates
Q2_2025,Crayon,1725637,240857,10004869,actual,0,18119188,72476.75,40019.48,0,21743.03,134239.26,201358884.3,Chartmetric + SoundCharts API + per-stream rates
Q2_2025,Cruel Santino,764065,5396,242820,estimated,0,8022682,32090.73,971.28,0,9627.22,42689.23,64033843.5,Chartmetric + SoundCharts API + per-stream rates
Q2_2025,D'banj,503949,227500,1236967,actual,7645,5291464,21165.86,4947.87,183.48,6349.76,32646.96,48970445.1,Chartmetric + SoundCharts API + per-stream rates
Q2_2025,DJ Cuppy,1,0,0,estimated,0,10,0.04,0,0,0.01,0.05,81.9,Chartmetric + SoundCharts API + per-stream rates
Q2_2025,DJ Neptune,975861,257870,1370455,actual,66,10246540,40986.16,5481.82,1.58,12295.85,58765.41,88148121.9,Chartmetric + SoundCharts API + per-stream rates
Q2_2025,DJ Spinall,22,363500,16357500,estimated,0,231,0.92,65430,0,0.28,65431.2,98146801.8,Chartmetric + SoundCharts API + per-stream rates
Q2_2025,Dammy Krane,30721,0,0,estimated,552,322570,1290.28,0,13.25,387.08,1690.61,2535921.9,Chartmetric + SoundCharts API + per-stream rates
Q2_2025,Darey,96284,74614,3357630,estimated,3805,1010982,4043.93,13430.52,91.32,1213.18,18778.95,28168419.6,Chartmetric + SoundCharts API + per-stream rates
Q2_2025,Darkoo,5262491,306091,13774095,estimated,0,55256156,221024.62,55096.38,0,66307.39,342428.39,513642582.9,Chartmetric + SoundCharts API + per-stream rates
Q2_2025,Davido,9841832,4586000,89896319,actual,861387,103339236,413356.94,359585.28,20673.29,124007.08,917622.59,1376433887,Chartmetric + SoundCharts API + per-stream rates
Q2_2025,Dice Ailes,351043,16,720,estimated,3904,3685952,14743.81,2.88,93.7,4423.14,19263.52,28895285.7,Chartmetric + SoundCharts API + per-stream rates
Q2_2025,Dremo,274573,6955,312975,estimated,10893,2883016,11532.07,1251.9,261.43,3459.62,16505.02,24757526.7,Chartmetric + SoundCharts API + per-stream rates
Q2_2025,Duncan Mighty,451946,2575,1565895,actual,5235,4745433,18981.73,6263.58,125.64,5694.52,31065.47,46598207.4,Chartmetric + SoundCharts API + per-stream rates
Q2_2025,Eldee,56387,0,0,estimated,4228,592064,2368.25,0,101.47,710.48,3180.2,4770303.3,Chartmetric + SoundCharts API + per-stream rates
Q2_2025,Falz,966249,361760,2015095,actual,724,10145614,40582.46,8060.38,17.38,12174.74,60834.95,91252427.1,Chartmetric + SoundCharts API + per-stream rates
Q2_2025,Fela Kuti,468127,240917,947248,actual,194298,4915334,19661.33,3788.99,4663.15,5898.4,34011.88,51017817.3,Chartmetric + SoundCharts API + per-stream rates
Q2_2025,Fireboy DML,8100533,1929500,34927187,actual,334854,85055596,340222.39,139708.75,8036.5,102066.72,590034.35,885051518.7,Chartmetric + SoundCharts API + per-stream rates
Q2_2025,Flavour,906496,3700667,166530015,estimated,86873,9518208,38072.83,666120.06,2084.95,11421.85,717699.69,1076549540,Chartmetric + SoundCharts API + per-stream rates
Q2_2025,Flavour N'abania,81,3700667,166530015,estimated,3927,850,3.4,666120.06,94.25,1.02,666218.73,999328095.9,Chartmetric + SoundCharts API + per-stream rates
Q2_2025,HarrySong,104859,92264,4151880,estimated,861,1101020,4404.08,16607.52,20.66,1321.22,22353.49,33530228.1,Chartmetric + SoundCharts API + per-stream rates
Q2_2025,Ice Prince,848587,159364,2212902,actual,47314,8910164,35640.65,8851.61,1135.54,10692.2,56319.99,84479991.3,Chartmetric + SoundCharts API + per-stream rates
Q2_2025,Illbliss,191456,12674,570330,estimated,350,2010288,8041.15,2281.32,8.4,2412.35,12743.22,19114826.4,Chartmetric + SoundCharts API + per-stream rates
Q2_2025,Iyanya,577409,651250,7773954,actual,0,6062794,24251.18,31095.82,0,7275.35,62622.35,93933521.1,Chartmetric + SoundCharts API + per-stream rates
Q2_2025,Jesse Jagz,59558,15387,692415,estimated,5402,625359,2501.44,2769.66,129.65,750.43,6151.17,9226762.2,Chartmetric + SoundCharts API + per-stream rates
Q2_2025,Joeboy,3441088,1474000,66330000,estimated,0,36131424,144525.7,265320,0,43357.71,453203.4,679805107.2,Chartmetric + SoundCharts API + per-stream rates
Q2_2025,Johnny Drille,1189525,820000,36900000,estimated,9122,12490012,49960.05,147600,218.93,14988.01,212766.99,319150489.5,Chartmetric + SoundCharts API + per-stream rates
Q2_2025,Khaid,1384195,561000,25245000,estimated,3908,14534048,58136.19,100980,93.79,17440.86,176650.84,264976258.5,Chartmetric + SoundCharts API + per-stream rates
Q2_2025,King Sunny Ade,119270,24786,1115370,estimated,11572,1252335,5009.34,4461.48,277.73,1502.8,11251.35,16877025,Chartmetric + SoundCharts API + per-stream rates
Q2_2025,Kizz Daniel,4919526,3436667,43690683,actual,229247,51655023,206620.09,174762.73,5501.93,61986.03,448870.78,673306169.4,Chartmetric + SoundCharts API + per-stream rates
Q2_2025,Korede Bello,712388,282022,2575817,actual,23020,7480074,29920.3,10303.27,552.48,8976.09,49752.13,74628199.2,Chartmetric + SoundCharts API + per-stream rates
Q2_2025,LADIPOE,1017779,112344,5055480,estimated,72328,10686680,42746.72,20221.92,1735.87,12824.02,77528.53,116292788.1,Chartmetric + SoundCharts API + per-stream rates
Q2_2025,Lady Donli,162784,6500,292500,estimated,1378,1709232,6836.93,1170,33.07,2051.08,10091.08,15136617.6,Chartmetric + SoundCharts API + per-stream rates
Q2_2025,Lagbaja,10187,5868,264060,estimated,2872,106964,427.85,1056.24,68.93,128.36,1681.38,2522067.3,Chartmetric + SoundCharts API + per-stream rates
Q2_2025,Libianca,6646792,1193462,29442627,actual,0,69791316,279165.26,117770.51,0,83749.58,480685.35,721028026.8,Chartmetric + SoundCharts API + per-stream rates
Q2_2025,Lil Kesh,855407,87926,3698558,actual,2963,8981774,35927.09,14794.23,71.11,10778.13,61570.57,92355849.3,Chartmetric + SoundCharts API + per-stream rates
Q2_2025,Lojay,4537005,367333,16529985,estimated,48528,47638552,190554.21,66119.94,1164.67,57166.26,315005.08,472507627.5,Chartmetric + SoundCharts API + per-stream rates
Q2_2025,Lyta,343379,92127,4145715,estimated,0,3605480,14421.92,16582.86,0,4326.58,35331.35,52997030.1,Chartmetric + SoundCharts API + per-stream rates
Q2_2025,M.I. Abaga,239362,102328,4604760,estimated,2098,2513301,10053.2,18419.04,50.35,3015.96,31538.56,47307835.8,Chartmetric + SoundCharts API + per-stream rates
Q2_2025,Magixx,1088089,258000,11610000,estimated,3796,11424934,45699.74,46440,91.1,13709.92,105940.76,158911145.1,Chartmetric + SoundCharts API + per-stream rates
Q2_2025,Maleek Berry,1483677,620727,3530072,actual,0,15578608,62314.43,14120.29,0,18694.33,95129.05,142693578.3,Chartmetric + SoundCharts API + per-stream rates
Q2_2025,Mannywellz,267296,53140,2391300,estimated,1554,2806608,11226.43,9565.2,37.3,3367.93,24196.86,36295286.4,Chartmetric + SoundCharts API + per-stream rates
Q2_2025,Mayorkun,1789425,270000,12150000,estimated,144605,18788962,75155.85,48600,3470.52,22546.76,149773.12,224659687.5,Chartmetric + SoundCharts API + per-stream rates
Q2_2025,Mohbad,1541796,62380,2807100,estimated,48378,16188858,64755.43,11228.4,1161.07,19426.63,96571.53,144857300.4,Chartmetric + SoundCharts API + per-stream rates
Q2_2025,Mr Eazi,4088009,1276508,6768665,actual,339592,42924094,171696.38,27074.66,8150.21,51508.91,258430.16,387645239.1,Chartmetric + SoundCharts API + per-stream rates
Q2_2025,Mr Real,45513,0,0,estimated,89,477886,1911.55,0,2.14,573.46,2487.15,3730718.7,Chartmetric + SoundCharts API + per-stream rates
Q2_2025,Naeto C,85036,0,0,estimated,12995,892878,3571.51,0,311.88,1071.45,4954.85,7432268.4,Chartmetric + SoundCharts API + per-stream rates
Q2_2025,Naira Marley,1468207,1176383,52937235,estimated,150907,15416174,61664.69,211748.94,3621.77,18499.41,295534.81,443302215.3,Chartmetric + SoundCharts API + per-stream rates
Q2_2025,Niniola,320576,122220,5499900,estimated,8775,3366048,13464.19,21999.6,210.6,4039.26,39713.65,59570474.4,Chartmetric + SoundCharts API + per-stream rates
Q2_2025,Nonso Amadi,355527,139048,6257160,estimated,6,3733034,14932.13,25028.64,0.14,4479.64,44440.56,66660837.3,Chartmetric + SoundCharts API + per-stream rates
Q2_2025,ODUMODUBLVCK,3659983,223000,10035000,estimated,10262,38429822,153719.29,40140,246.29,46115.79,240221.36,360332039.7,Chartmetric + SoundCharts API + per-stream rates
Q2_2025,Odunsi (The Engine),300942,37883,1704735,estimated,5504,3159891,12639.56,6818.94,132.1,3791.87,23382.47,35073703.8,Chartmetric + SoundCharts API + per-stream rates
Q2_2025,Olakira,332015,652625,29368125,estimated,24465,3486158,13944.63,117472.5,587.16,4183.39,136187.68,204281518.5,Chartmetric + SoundCharts API + per-stream rates
Q2_2025,Olamide,5775342,1322273,17411083,actual,34,60641091,242564.36,69644.33,0.82,72769.31,384978.82,577468231.8,Chartmetric + SoundCharts API + per-stream rates
Q2_2025,Olu Maintain,83705,0,0,estimated,451,878902,3515.61,0,10.82,1054.68,4581.12,6871675.5,Chartmetric + SoundCharts API + per-stream rates
Q2_2025,Omah Lay,11592823,2401667,108075015,estimated,311437,121724642,486898.57,432300.06,7474.49,146069.57,1072742.68,1609114026,Chartmetric + SoundCharts API + per-stream rates
Q2_2025,Oxlade,4824423,669250,24935297,actual,101487,50656442,202625.77,99741.19,2435.69,60787.73,365590.37,548385557.7,Chartmetric + SoundCharts API + per-stream rates
Q2_2025,P-Square,1558722,2758334,20883639,actual,206948,16366581,65466.32,83534.56,4966.75,19639.9,173607.53,260411293.8,Chartmetric + SoundCharts API + per-stream rates
Q2_2025,Patoranking,1546808,1756579,11632083,actual,187324,16241484,64965.94,46528.33,4495.78,19489.78,135479.82,203219737.2,Chartmetric + SoundCharts API + per-stream rates
Q2_2025,Peruzzi,457611,27335,1230075,estimated,41501,4804916,19219.66,4920.3,996.02,5765.9,30901.88,46352826.9,Chartmetric + SoundCharts API + per-stream rates
Q2_2025,Pheelz,2369804,373045,16787025,estimated,28799,24882942,99531.77,67148.1,691.18,29859.53,197230.57,295845861.6,Chartmetric + SoundCharts API + per-stream rates
Q2_2025,Phyno,1352746,633667,10851734,actual,41,14203833,56815.33,43406.94,0.98,17044.6,117267.85,175901777.4,Chartmetric + SoundCharts API + per-stream rates
Q2_2025,Portable,558408,256467,11541015,estimated,638,5863284,23453.14,46164.06,15.31,7035.94,76668.45,115002673.2,Chartmetric + SoundCharts API + per-stream rates
Q2_2025,Praiz,221975,0,0,estimated,1597,2330738,9322.95,0,38.33,2796.89,12158.16,18237244.5,Chartmetric + SoundCharts API + per-stream rates
Q2_2025,Prettyboy D-O,95090,9381,422145,estimated,1490,998445,3993.78,1688.58,35.76,1198.13,6916.25,10374381,Chartmetric + SoundCharts API + per-stream rates
Q2_2025,Qing Madi,1790142,293286,13197870,estimated,1878,18796491,75185.96,52791.48,45.07,22555.79,150578.31,225867457.8,Chartmetric + SoundCharts API + per-stream rates
Q2_2025,Reekado Banks,841476,502818,3865105,actual,0,8835498,35341.99,15460.42,0,10602.6,61405.01,92107514.4,Chartmetric + SoundCharts API + per-stream rates
Q2_2025,Rema,21362740,4963334,109363253,actual,506067,224308770,897235.08,437453.01,12145.61,269170.52,1616004.22,2424006336,Chartmetric + SoundCharts API + per-stream rates
Q2_2025,Reminisce,357253,77350,3480750,estimated,12312,3751156,15004.63,13923,295.49,4501.39,33724.5,50586752.7,Chartmetric + SoundCharts API + per-stream rates
Q2_2025,Ric Hassani,591429,720833,4896570,actual,8500,6210004,24840.02,19586.28,204,7452.01,52082.3,78123455.1,Chartmetric + SoundCharts API + per-stream rates
Q2_2025,Rude Boy,273938,0,0,estimated,0,2876349,11505.4,0,0,3451.62,14957.01,22435522.2,Chartmetric + SoundCharts API + per-stream rates
Q2_2025,Ruger,4543333,2008000,36284896,actual,118633,47704996,190819.99,145139.58,2847.19,57246,396052.76,594079136.7,Chartmetric + SoundCharts API + per-stream rates
Q2_2025,Sarz,3824417,96529,4343805,estimated,59835,40156378,160625.51,17375.22,1436.04,48187.65,227624.43,341436642.3,Chartmetric + SoundCharts API + per-stream rates
Q2_2025,Sauce Kid,5649,1867,84015,estimated,118,59314,237.26,336.06,2.83,71.18,647.33,970991.1,Chartmetric + SoundCharts API + per-stream rates
Q2_2025,Sean Tizzle,152048,59537,2679165,estimated,4778,1596504,6386.02,10716.66,114.67,1915.8,19133.15,28699729.2,Chartmetric + SoundCharts API + per-stream rates
Q2_2025,Seyi Shay,123957,142281,6402645,estimated,0,1301548,5206.19,25610.58,0,1561.86,32378.63,48567948.3,Chartmetric + SoundCharts API + per-stream rates
Q2_2025,Seyi Vibez,3845898,347875,15654375,estimated,17200,40381929,161527.72,62617.5,412.8,48458.31,273016.33,409524496.2,Chartmetric + SoundCharts API + per-stream rates
Q2_2025,Shallipopi,6102075,451000,20295000,estimated,8903,64071788,256287.15,81180,213.67,76886.14,414566.97,621850450.5,Chartmetric + SoundCharts API + per-stream rates
Q2_2025,Show Dem Camp,533264,12684,570780,estimated,9242,5599272,22397.09,2283.12,221.81,6719.13,31621.14,47431713.6,Chartmetric + SoundCharts API + per-stream rates
Q2_2025,Simi,1504060,1072698,48271410,estimated,164114,15792630,63170.52,193085.64,3938.74,18951.16,279146.05,418719078,Chartmetric + SoundCharts API + per-stream rates
Q2_2025,Skiibii,803589,333450,15005250,estimated,33,8437684,33750.74,60021,0.79,10125.22,103897.75,155846627.1,Chartmetric + SoundCharts API + per-stream rates
Q2_2025,Small Doctor,54744,30629,1378305,estimated,663,574812,2299.25,5513.22,15.91,689.77,8518.15,12777231.6,Chartmetric + SoundCharts API + per-stream rates
Q2_2025,Solidstar,71063,0,0,estimated,1595,746162,2984.65,0,38.28,895.39,3918.32,5877479.7,Chartmetric + SoundCharts API + per-stream rates
Q2_2025,Sound Sultan,48543,17686,795870,estimated,1282,509702,2038.81,3183.48,30.77,611.64,5864.7,8797043.7,Chartmetric + SoundCharts API + per-stream rates
Q2_2025,Spyro,1304559,556750,25053750,estimated,9561,13697870,54791.48,100215,229.46,16437.44,171673.39,257510078.1,Chartmetric + SoundCharts API + per-stream rates
Q2_2025,Tay Iwar,900874,24527,1103715,estimated,24,9459177,37836.71,4414.86,0.58,11351.01,53603.16,80404734.6,Chartmetric + SoundCharts API + per-stream rates
Q2_2025,Tekno,1947156,2650000,29738212,actual,0,20445138,81780.55,118952.85,0,24534.17,225267.57,337901348.4,Chartmetric + SoundCharts API + per-stream rates
Q2_2025,Tempoe,3816969,0,0,estimated,12192,40078174,160312.7,0,292.61,48093.81,208699.12,313048673.1,Chartmetric + SoundCharts API + per-stream rates
Q2_2025,Tems,16440400,1193929,29628150,actual,214639,172624200,690496.8,118512.6,5151.34,207149.04,1021309.78,1531964664,Chartmetric + SoundCharts API + per-stream rates
Q2_2025,Teni,1168321,783900,4383199,actual,8,12267370,49069.48,17532.8,0.19,14720.84,81323.31,121984971.9,Chartmetric + SoundCharts API + per-stream rates
Q2_2025,Terri,115984,87409,3933405,estimated,0,1217832,4871.33,15733.62,0,1461.4,22066.35,33099519.6,Chartmetric + SoundCharts API + per-stream rates
Q2_2025,Terry Apala,206759,6469,291105,estimated,428,2170970,8683.88,1164.42,10.27,2605.16,12463.73,18695600.1,Chartmetric + SoundCharts API + per-stream rates
Q2_2025,Timaya,936794,116452,7486478,actual,0,9836337,39345.35,29945.91,0,11803.6,81094.86,121642296.6,Chartmetric + SoundCharts API + per-stream rates
Q2_2025,Tiwa Savage,2929440,1517500,22949894,actual,0,30759120,123036.48,91799.58,0,36910.94,251747,377620500,Chartmetric + SoundCharts API + per-stream rates
Q2_2025,Vector,616766,72225,3250125,estimated,1,6476043,25904.17,13000.5,0.02,7771.25,46675.95,70013921.4,Chartmetric + SoundCharts API + per-stream rates
Q2_2025,Victony,5435441,707000,31815000,estimated,61451,57072130,228288.52,127260,1474.82,68486.56,425509.9,638264853.9,Chartmetric + SoundCharts API + per-stream rates
Q2_2025,Waje,39177,50472,2271240,estimated,1778,411358,1645.43,9084.96,42.67,493.63,11266.7,16900044.3,Chartmetric + SoundCharts API + per-stream rates
Q2_2025,Wande Coal,2304071,101000,3611971,actual,0,24192746,96770.98,14447.88,0,29031.29,140250.16,210375240.9,Chartmetric + SoundCharts API + per-stream rates
Q2_2025,Wizkid,11715718,3389167,57260536,actual,945909,123015039,492060.16,229042.14,22701.82,147618.05,891422.16,1337133244,Chartmetric + SoundCharts API + per-stream rates
Q2_2025,WurlD,418105,42554,1914930,estimated,46845,4390102,17560.41,7659.72,1124.28,5268.12,31612.53,47418799.5,Chartmetric + SoundCharts API + per-stream rates
Q2_2025,Ycee,498765,221241,9955845,estimated,0,5237032,20948.13,39823.38,0,6284.44,67055.95,100583923.5,Chartmetric + SoundCharts API + per-stream rates
Q2_2025,Yemi Alade,1181961,2482963,7959053,actual,0,12410590,49642.36,31836.21,0,14892.71,96371.28,144556923.9,Chartmetric + SoundCharts API + per-stream rates
Q2_2025,Young Jonn,3634029,351000,15795000,estimated,25809,38157304,152629.22,63180,619.42,45788.77,262217.4,393326099.1,Chartmetric + SoundCharts API + per-stream rates
Q2_2025,Yung6ix,121951,302,13590,estimated,750,1280486,5121.94,54.36,18,1536.58,6730.88,10096326.9,Chartmetric + SoundCharts API + per-stream rates
Q2_2025,Zinoleesky,2048203,245067,11028015,estimated,59388,21506132,86024.53,44112.06,1425.31,25807.36,157369.26,236053883.7,Chartmetric + SoundCharts API + per-stream rates
Q2_2025,Zlatan,1858397,383000,17235000,estimated,119360,19513168,78052.67,68940,2864.64,23415.8,173273.12,259909674.3,Chartmetric + SoundCharts API + per-stream rates
Q2_2025,=== PERIOD TOTAL ===,,,,,,,,,,,23333704.59,35000556882,Aggregated
Q3_2025,2Baba,572230,476727,4043526,actual,10616,6008415,24033.66,16174.1,254.78,7210.1,47672.65,71508969,Chartmetric + SoundCharts API + per-stream rates
Q3_2025,9ice,331340,2571,115695,estimated,10013,3479070,13916.28,462.78,240.31,4174.88,18794.26,28191384,Chartmetric + SoundCharts API + per-stream rates
Q3_2025,Adekunle Gold,2768989,962000,9437354,actual,196571,29074384,116297.54,37749.42,4717.7,34889.26,193653.92,290480879.1,Chartmetric + SoundCharts API + per-stream rates
Q3_2025,Ajebutter22,221484,50542,2274390,estimated,0,2325582,9302.33,9097.56,0,2790.7,21190.59,31785879.6,Chartmetric + SoundCharts API + per-stream rates
Q3_2025,Amaarae,5582764,441222,19854990,estimated,33763,58619022,234476.09,79419.96,810.31,70342.83,385049.19,577573779.6,Chartmetric + SoundCharts API + per-stream rates
Q3_2025,Asake,7165918,1747692,44159184,actual,106621,75242139,300968.56,176636.74,2558.9,90290.57,570454.76,855682144.2,Chartmetric + SoundCharts API + per-stream rates
Q3_2025,Ayra Starr,18085348,2795715,88545779,actual,199106,189896154,759584.62,354183.12,4778.54,227875.38,1346421.66,2019632491,Chartmetric + SoundCharts API + per-stream rates
Q3_2025,Aṣa,466559,940,2585586,actual,135662,4898870,19595.48,10342.34,3255.89,5878.64,39072.35,58608530.1,Chartmetric + SoundCharts API + per-stream rates
Q3_2025,BNXN,4691989,433000,19485000,estimated,72538,49265884,197063.54,77940,1740.91,59119.06,335863.51,503795267.1,Chartmetric + SoundCharts API + per-stream rates
Q3_2025,Bad Boy Timz,469792,14200,639000,estimated,18773,4932816,19731.26,2556,450.55,5919.38,28657.2,42985792.8,Chartmetric + SoundCharts API + per-stream rates
Q3_2025,Banky W.,307421,581324,652811,actual,9096,3227920,12911.68,2611.24,218.3,3873.5,19614.73,29422101.9,Chartmetric + SoundCharts API + per-stream rates
Q3_2025,Bayanni,1801637,224400,10098000,estimated,4092,18917188,75668.75,40392,98.21,22700.63,138859.59,208289382.3,Chartmetric + SoundCharts API + per-stream rates
Q3_2025,Bella Shmurda,2306690,486667,21900015,estimated,0,24220245,96880.98,87600.06,0,29064.29,213545.33,320318001,Chartmetric + SoundCharts API + per-stream rates
Q3_2025,Blaqbonez,1558355,302789,13625505,estimated,31371,16362728,65450.91,54502.02,752.9,19635.27,140341.11,210511660.5,Chartmetric + SoundCharts API + per-stream rates
Q3_2025,Bloody Civilian,1067602,17018,765810,estimated,2208,11209821,44839.28,3063.24,52.99,13451.79,61407.3,92110951.8,Chartmetric + SoundCharts API + per-stream rates
Q3_2025,Boj,1055586,21841,982845,estimated,8837,11083653,44334.61,3931.38,212.09,13300.38,61778.46,92667695.4,Chartmetric + SoundCharts API + per-stream rates
Q3_2025,Boy Spyce,640440,134478,6051510,estimated,3419,6724620,26898.48,24206.04,82.06,8069.54,59256.12,88884180,Chartmetric + SoundCharts API + per-stream rates
Q3_2025,Bracket,602965,1073857,4593559,actual,30247,6331132,25324.53,18374.24,725.93,7597.36,52022.05,78033079.5,Chartmetric + SoundCharts API + per-stream rates
Q3_2025,Brymo,297638,67160,3022200,estimated,15585,3125199,12500.8,12088.8,374.04,3750.24,28713.87,43070812.2,Chartmetric + SoundCharts API + per-stream rates
Q3_2025,Burna Boy,166,0,0,estimated,1,1743,6.97,0,0.02,2.09,9.09,13631.4,Chartmetric + SoundCharts API + per-stream rates
Q3_2025,CDQ,243417,0,162487,actual,634,2555878,10223.51,649.95,15.22,3067.05,13955.73,20933598.3,Chartmetric + SoundCharts API + per-stream rates
Q3_2025,CKay,8891220,4262400,38099519,actual,9,93357810,373431.24,152398.08,0.22,112029.37,637858.9,956788356,Chartmetric + SoundCharts API + per-stream rates
Q3_2025,Chike,2198715,1190000,53550000,estimated,52908,23086508,92346.03,214200,1269.79,27703.81,335519.63,503279446.5,Chartmetric + SoundCharts API + per-stream rates
Q3_2025,Crayon,1583588,249750,8984372,actual,0,16627674,66510.7,35937.49,0,19953.21,122401.39,183602089.2,Chartmetric + SoundCharts API + per-stream rates
Q3_2025,Cruel Santino,724067,5386,242370,estimated,0,7602704,30410.81,969.48,0,9123.24,40503.54,60755307.3,Chartmetric + SoundCharts API + per-stream rates
Q3_2025,D'banj,557330,230025,1599112,actual,7662,5851965,23407.86,6396.45,183.89,7022.36,37010.55,55515831,Chartmetric + SoundCharts API + per-stream rates
Q3_2025,DJ Cuppy,1,0,0,estimated,0,10,0.04,0,0,0.01,0.05,81.9,Chartmetric + SoundCharts API + per-stream rates
Q3_2025,DJ Neptune,1102093,267182,1153913,actual,66,11571976,46287.91,4615.65,1.58,13886.37,64791.51,97187270.7,Chartmetric + SoundCharts API + per-stream rates
Q3_2025,DJ Spinall,19,369714,16637130,estimated,0,200,0.8,66548.52,0,0.24,66549.56,99824336.1,Chartmetric + SoundCharts API + per-stream rates
Q3_2025,Dammy Krane,38554,0,0,estimated,557,404817,1619.27,0,13.37,485.78,2118.42,3177624.6,Chartmetric + SoundCharts API + per-stream rates
Q3_2025,Darey,164857,75656,3404520,estimated,3806,1730998,6923.99,13618.08,91.34,2077.2,22710.62,34065924.3,Chartmetric + SoundCharts API + per-stream rates
Q3_2025,Darkoo,4188976,318300,14323500,estimated,1,43984248,175936.99,57294,0.02,52781.1,286012.11,429018170.4,Chartmetric + SoundCharts API + per-stream rates
Q3_2025,Davido,8683225,4756667,82009534,actual,872622,91173862,364695.45,328038.14,20942.93,109408.63,823085.15,1234627724,Chartmetric + SoundCharts API + per-stream rates
Q3_2025,Dice Ailes,189266,16,720,estimated,3933,1987293,7949.17,2.88,94.39,2384.75,10431.2,15646793.4,Chartmetric + SoundCharts API + per-stream rates
Q3_2025,Dremo,195721,6941,312345,estimated,10918,2055070,8220.28,1249.38,262.03,2466.08,12197.78,18296667.9,Chartmetric + SoundCharts API + per-stream rates
Q3_2025,Duncan Mighty,511273,2590,1602630,actual,5262,5368366,21473.47,6410.52,126.29,6442.04,34452.31,51678470.7,Chartmetric + SoundCharts API + per-stream rates
Q3_2025,Eldee,62934,0,0,estimated,4233,660807,2643.23,0,101.59,792.97,3537.79,5306682.6,Chartmetric + SoundCharts API + per-stream rates
Q3_2025,Falz,750789,361000,2204884,actual,728,7883284,31533.14,8819.54,17.47,9459.94,49830.09,74745131.1,Chartmetric + SoundCharts API + per-stream rates
Q3_2025,Fela Kuti,437084,248278,980768,actual,196637,4589382,18357.53,3923.07,4719.29,5507.26,32507.15,48760719.6,Chartmetric + SoundCharts API + per-stream rates
Q3_2025,Fireboy DML,9181575,1978500,36258587,actual,340321,96406538,385626.15,145034.35,8167.7,115687.85,654516.05,981774070.5,Chartmetric + SoundCharts API + per-stream rates
Q3_2025,Flavour,920216,3797000,170865000,estimated,87425,9662268,38649.07,683460,2098.2,11594.72,735801.99,1103702990,Chartmetric + SoundCharts API + per-stream rates
Q3_2025,Flavour N'abania,81,3797000,170865000,estimated,3928,850,3.4,683460,94.27,1.02,683558.69,1025338042,Chartmetric + SoundCharts API + per-stream rates
Q3_2025,HarrySong,96117,92129,4145805,estimated,873,1009228,4036.91,16583.22,20.95,1211.07,21852.16,32778240.3,Chartmetric + SoundCharts API + per-stream rates
Q3_2025,Ice Prince,792594,164250,2143528,actual,47430,8322237,33288.95,8574.11,1138.32,9986.68,52988.06,79482096.6,Chartmetric + SoundCharts API + per-stream rates
Q3_2025,Illbliss,168110,12961,583245,estimated,356,1765155,7060.62,2332.98,8.54,2118.19,11520.33,17280495,Chartmetric + SoundCharts API + per-stream rates
Q3_2025,Iyanya,684099,674667,8810700,actual,0,7183040,28732.16,35242.8,0,8619.65,72594.61,108891908.1,Chartmetric + SoundCharts API + per-stream rates
Q3_2025,Jesse Jagz,83545,15828,712260,estimated,5421,877222,3508.89,2849.04,130.1,1052.67,7540.7,11311051.5,Chartmetric + SoundCharts API + per-stream rates
Q3_2025,Joeboy,3419685,1514000,68130000,estimated,0,35906692,143626.77,272520,0,43088.03,459234.8,688852201.5,Chartmetric + SoundCharts API + per-stream rates
Q3_2025,Johnny Drille,955233,873333,39299985,estimated,9292,10029946,40119.79,157199.94,223.01,12035.94,209578.67,314368004.7,Chartmetric + SoundCharts API + per-stream rates
Q3_2025,Khaid,3045962,612500,27562500,estimated,4091,31982601,127930.4,110250,98.18,38379.12,276657.71,414986563.8,Chartmetric + SoundCharts API + per-stream rates
Q3_2025,King Sunny Ade,126263,26017,1170765,estimated,12357,1325762,5303.05,4683.06,296.57,1590.91,11873.59,17810381.7,Chartmetric + SoundCharts API + per-stream rates
Q3_2025,Kizz Daniel,4384672,3531667,41629205,actual,233238,46039056,184156.22,166516.82,5597.71,55246.87,411517.62,617276434.8,Chartmetric + SoundCharts API + per-stream rates
Q3_2025,Korede Bello,646745,284000,2435705,actual,23131,6790822,27163.29,9742.82,555.14,8148.99,45610.24,68415361.5,Chartmetric + SoundCharts API + per-stream rates
Q3_2025,LADIPOE,962185,114900,5170500,estimated,72584,10102942,40411.77,20682,1742.02,12123.53,74959.32,112438975.5,Chartmetric + SoundCharts API + per-stream rates
Q3_2025,Lady Donli,131819,6571,295695,estimated,1453,1384100,5536.4,1182.78,34.87,1660.92,8414.97,12622454.1,Chartmetric + SoundCharts API + per-stream rates
Q3_2025,Lagbaja,12776,5959,268155,estimated,2880,134148,536.59,1072.62,69.12,160.98,1839.31,2758964.4,Chartmetric + SoundCharts API + per-stream rates
Q3_2025,Libianca,5429206,1230714,26074218,actual,0,57006663,228026.65,104296.87,0,68408,400731.52,601097279.4,Chartmetric + SoundCharts API + per-stream rates
Q3_2025,Lil Kesh,793833,87803,3165515,actual,2963,8335246,33340.99,12662.06,71.11,10002.3,56076.45,84114680.7,Chartmetric + SoundCharts API + per-stream rates
Q3_2025,Lojay,4469618,380444,17119980,estimated,49228,46930989,187723.96,68479.92,1181.47,56317.19,313702.53,470553802.2,Chartmetric + SoundCharts API + per-stream rates
Q3_2025,Lyta,364523,92857,4178565,estimated,0,3827492,15309.97,16714.26,0,4592.99,36617.22,54925823.7,Chartmetric + SoundCharts API + per-stream rates
Q3_2025,M.I. Abaga,268698,103662,4664790,estimated,2099,2821329,11285.32,18659.16,50.38,3385.59,33380.45,50070670.2,Chartmetric + SoundCharts API + per-stream rates
Q3_2025,Magixx,1440513,272700,12271500,estimated,4071,15125386,60501.55,49086,97.7,18150.46,127835.71,191753570.7,Chartmetric + SoundCharts API + per-stream rates
Q3_2025,Maleek Berry,1224706,630500,3016785,actual,0,12859413,51437.65,12067.14,0,15431.3,78936.09,118404131.4,Chartmetric + SoundCharts API + per-stream rates
Q3_2025,Mannywellz,282797,55264,2486880,estimated,1668,2969368,11877.47,9947.52,40.03,3563.24,25428.27,38142402.3,Chartmetric + SoundCharts API + per-stream rates
Q3_2025,Mayorkun,1325479,273000,12285000,estimated,145021,13917530,55670.12,49140,3480.5,16701.04,124991.66,187487486.1,Chartmetric + SoundCharts API + per-stream rates
Q3_2025,Mohbad,1492767,65350,2940750,estimated,48848,15674054,62696.21,11763,1172.35,18808.86,94440.43,141660645.3,Chartmetric + SoundCharts API + per-stream rates
Q3_2025,Mr Eazi,4630097,1308750,10496033,actual,342168,48616018,194464.07,41984.13,8212.03,58339.22,302999.46,454499190.3,Chartmetric + SoundCharts API + per-stream rates
Q3_2025,Mr Real,43857,0,0,estimated,92,460498,1841.99,0,2.21,552.6,2396.8,3595200.3,Chartmetric + SoundCharts API + per-stream rates
Q3_2025,Naeto C,100661,0,0,estimated,13013,1056940,4227.76,0,312.31,1268.33,5808.4,8712603.9,Chartmetric + SoundCharts API + per-stream rates
Q3_2025,Naira Marley,1617663,1220244,54910980,estimated,151301,16985462,67941.85,219643.92,3631.22,20382.55,311599.54,467399315.7,Chartmetric + SoundCharts API + per-stream rates
Q3_2025,Niniola,308628,124589,5606505,estimated,8858,3240594,12962.38,22426.02,212.59,3888.71,39489.7,59234551.2,Chartmetric + SoundCharts API + per-stream rates
Q3_2025,Nonso Amadi,525171,167644,7543980,estimated,6,5514296,22057.18,30175.92,0.14,6617.15,58850.4,88275600.9,Chartmetric + SoundCharts API + per-stream rates
Q3_2025,ODUMODUBLVCK,3425880,247000,11115000,estimated,11691,35971740,143886.96,44460,280.58,43166.09,231793.63,347690448,Chartmetric + SoundCharts API + per-stream rates
Q3_2025,Odunsi (The Engine),290977,38241,1720845,estimated,5525,3055258,12221.03,6883.38,132.6,3666.31,22903.32,34354986.3,Chartmetric + SoundCharts API + per-stream rates
Q3_2025,Olakira,334871,662083,29793735,estimated,24492,3516146,14064.58,119174.94,587.81,4219.37,138046.7,207070056.9,Chartmetric + SoundCharts API + per-stream rates
Q3_2025,Olamide,4237353,1371389,19605696,actual,34,44492206,177968.83,78422.78,0.82,53390.65,309783.07,464674610.7,Chartmetric + SoundCharts API + per-stream rates
Q3_2025,Olu Maintain,100421,0,0,estimated,457,1054420,4217.68,0,10.97,1265.3,5493.95,8240931.9,Chartmetric + SoundCharts API + per-stream rates
Q3_2025,Omah Lay,10422512,2508000,112860000,estimated,322607,109436376,437745.5,451440,7742.57,131323.65,1028251.72,1542377585,Chartmetric + SoundCharts API + per-stream rates
Q3_2025,Oxlade,4467651,683875,20026253,actual,104759,46910336,187641.34,80105.01,2514.22,56292.4,326552.97,489829458.9,Chartmetric + SoundCharts API + per-stream rates
Q3_2025,P-Square,2088774,2840833,22564485,actual,207931,21932127,87728.51,90257.94,4990.34,26318.55,209295.34,313943016.6,Chartmetric + SoundCharts API + per-stream rates
Q3_2025,Patoranking,1494784,1786129,10998182,actual,188506,15695232,62780.93,43992.73,4524.14,18834.28,130132.08,195198117.6,Chartmetric + SoundCharts API + per-stream rates
Q3_2025,Peruzzi,505820,27900,1255500,estimated,41545,5311110,21244.44,5022,997.08,6373.33,33636.85,50455278,Chartmetric + SoundCharts API + per-stream rates
Q3_2025,Pheelz,2521494,380667,17130015,estimated,29626,26475687,105902.75,68520.06,711.02,31770.82,206904.66,310356984.6,Chartmetric + SoundCharts API + per-stream rates
Q3_2025,Phyno,1311207,646857,8728656,actual,41,13767674,55070.69,34914.62,0.98,16521.21,106507.51,159761265.3,Chartmetric + SoundCharts API + per-stream rates
Q3_2025,Portable,490327,263444,11854980,estimated,653,5148434,20593.73,47419.92,15.67,6178.12,74207.45,111311169.3,Chartmetric + SoundCharts API + per-stream rates
Q3_2025,Praiz,243066,0,0,estimated,1614,2552193,10208.77,0,38.74,3062.63,13310.14,19965209.4,Chartmetric + SoundCharts API + per-stream rates
Q3_2025,Prettyboy D-O,69152,9481,426645,estimated,1492,726096,2904.38,1706.58,35.81,871.32,5518.09,8277130.8,Chartmetric + SoundCharts API + per-stream rates
Q3_2025,Qing Madi,1794084,316500,14242500,estimated,2155,18837882,75351.53,56970,51.72,22605.46,154978.71,232468059.6,Chartmetric + SoundCharts API + per-stream rates
Q3_2025,Reekado Banks,926832,517100,4311682,actual,0,9731736,38926.94,17246.73,0,11678.08,67851.76,101777632.8,Chartmetric + SoundCharts API + per-stream rates
Q3_2025,Rema,20017688,5154000,106324961,actual,522112,210185724,840742.9,425299.84,12530.69,252222.87,1530796.3,2296194445,Chartmetric + SoundCharts API + per-stream rates
Q3_2025,Reminisce,366721,78309,3523905,estimated,12339,3850570,15402.28,14095.62,296.14,4620.68,34414.72,51622083.9,Chartmetric + SoundCharts API + per-stream rates
Q3_2025,Ric Hassani,570830,731667,4263143,actual,8636,5993715,23974.86,17052.57,207.26,7192.46,48427.15,72640731,Chartmetric + SoundCharts API + per-stream rates
Q3_2025,Rude Boy,267081,0,0,estimated,0,2804350,11217.4,0,0,3365.22,14582.62,21873933.9,Chartmetric + SoundCharts API + per-stream rates
Q3_2025,Ruger,4274159,2107273,35041154,actual,123513,44878670,179514.68,140164.62,2964.31,53854.4,376498.01,564747014.1,Chartmetric + SoundCharts API + per-stream rates
Q3_2025,Sarz,3912976,101000,4545000,estimated,60141,41086248,164344.99,18180,1443.38,49303.5,233271.87,349907810.4,Chartmetric + SoundCharts API + per-stream rates
Q3_2025,Sauce Kid,6448,1866,83970,estimated,119,67704,270.82,335.88,2.86,81.24,690.8,1036195.2,Chartmetric + SoundCharts API + per-stream rates
Q3_2025,Sean Tizzle,151953,65962,2968290,estimated,4783,1595506,6382.03,11873.16,114.79,1914.61,20284.59,30426878.7,Chartmetric + SoundCharts API + per-stream rates
Q3_2025,Seyi Shay,132182,143911,6475995,estimated,0,1387911,5551.64,25903.98,0,1665.49,33121.12,49681675.8,Chartmetric + SoundCharts API + per-stream rates
Q3_2025,Seyi Vibez,3374553,379667,17085015,estimated,18629,35432806,141731.23,68340.06,447.1,42519.37,253037.75,379556624.7,Chartmetric + SoundCharts API + per-stream rates
Q3_2025,Shallipopi,5853023,535200,24084000,estimated,11763,61456742,245826.97,96336,282.31,73748.09,416193.37,624290051.7,Chartmetric + SoundCharts API + per-stream rates
Q3_2025,Show Dem Camp,482214,12655,569475,estimated,9327,5063247,20252.99,2277.9,223.85,6075.9,28830.63,43245948.6,Chartmetric + SoundCharts API + per-stream rates
Q3_2025,Simi,1567505,1090000,1060248,actual,165073,16458802,65835.21,4240.99,3961.75,19750.56,93788.52,140682775.5,Chartmetric + SoundCharts API + per-stream rates
Q3_2025,Skiibii,704138,337840,15202800,estimated,0,7393449,29573.8,60811.2,0,8872.14,99257.13,148885702.2,Chartmetric + SoundCharts API + per-stream rates
Q3_2025,Small Doctor,52302,30896,1390320,estimated,670,549171,2196.68,5561.28,16.08,659.01,8433.05,12649573.8,Chartmetric + SoundCharts API + per-stream rates
Q3_2025,Solidstar,90481,0,0,estimated,1600,950050,3800.2,0,38.4,1140.06,4978.66,7467993.9,Chartmetric + SoundCharts API + per-stream rates
Q3_2025,Sound Sultan,73364,17921,806445,estimated,1293,770322,3081.29,3225.78,31.03,924.39,7262.49,10893729.6,Chartmetric + SoundCharts API + per-stream rates
Q3_2025,Spyro,929431,591000,26595000,estimated,10015,9759026,39036.1,106380,240.36,11710.83,157367.29,236050938.9,Chartmetric + SoundCharts API + per-stream rates
Q3_2025,Tay Iwar,1105721,27594,1241730,estimated,55,11610070,46440.28,4966.92,1.32,13932.08,65340.61,98010909.9,Chartmetric + SoundCharts API + per-stream rates
Q3_2025,Tekno,1915646,2750556,29754934,actual,0,20114283,80457.13,119019.74,0,24137.14,223614.01,335421011.4,Chartmetric + SoundCharts API + per-stream rates
Q3_2025,Tempoe,3219017,0,0,estimated,12942,33799678,135198.71,0,310.61,40559.61,176068.94,264103404.3,Chartmetric + SoundCharts API + per-stream rates
Q3_2025,Tems,21329854,1248333,32570152,actual,225508,223963467,895853.87,130280.61,5412.19,268756.16,1300302.83,1950454243,Chartmetric + SoundCharts API + per-stream rates
Q3_2025,Teni,1086091,799625,4000882,actual,11,11403956,45615.82,16003.53,0.26,13684.75,75304.36,112956540.9,Chartmetric + SoundCharts API + per-stream rates
Q3_2025,Terri,126579,87757,3949065,estimated,0,1329080,5316.32,15796.26,0,1594.9,22707.47,34061210.1,Chartmetric + SoundCharts API + per-stream rates
Q3_2025,Terry Apala,230800,6456,290520,estimated,448,2423400,9693.6,1162.08,10.75,2908.08,13774.51,20661768,Chartmetric + SoundCharts API + per-stream rates
Q3_2025,Timaya,883613,116200,7538212,actual,0,9277936,37111.75,30152.85,0,11133.52,78398.12,117597176.7,Chartmetric + SoundCharts API + per-stream rates
Q3_2025,Tiwa Savage,2847539,1547568,21964990,actual,0,29899160,119596.64,87859.96,0,35878.99,243335.59,365003384.1,Chartmetric + SoundCharts API + per-stream rates
Q3_2025,Vector,723904,73344,3300480,estimated,0,7600992,30403.97,13201.92,0,9121.19,52727.08,79090617.6,Chartmetric + SoundCharts API + per-stream rates
Q3_2025,Victony,4953481,751500,33817500,estimated,65142,52011550,208046.2,135270,1563.41,62413.86,407293.47,610940205.9,Chartmetric + SoundCharts API + per-stream rates
Q3_2025,Waje,39964,50745,2283525,estimated,1790,419622,1678.49,9134.1,42.96,503.55,11359.09,17038641.6,Chartmetric + SoundCharts API + per-stream rates
Q3_2025,Wande Coal,2064662,101000,3465046,actual,281,21678951,86715.8,13860.18,6.74,26014.74,126597.47,189896209.8,Chartmetric + SoundCharts API + per-stream rates
Q3_2025,Wizkid,13376389,3461539,65321367,actual,958468,140452084,561808.34,261285.47,23003.23,168542.5,1014639.54,1521959309,Chartmetric + SoundCharts API + per-stream rates
Q3_2025,WurlD,539215,43097,1939365,estimated,46963,5661758,22647.03,7757.46,1127.11,6794.11,38325.71,57488566.5,Chartmetric + SoundCharts API + per-stream rates
Q3_2025,Ycee,391416,223344,10050480,estimated,0,4109868,16439.47,40201.92,0,4931.84,61573.23,92359850.4,Chartmetric + SoundCharts API + per-stream rates
Q3_2025,Yemi Alade,1053228,2510690,8829084,actual,0,11058894,44235.58,35316.34,0,13270.67,92822.58,139233877.2,Chartmetric + SoundCharts API + per-stream rates
Q3_2025,Young Jonn,3798819,378333,17024985,estimated,27181,39887600,159550.4,68099.94,652.34,47865.12,276167.8,414251702.1,Chartmetric + SoundCharts API + per-stream rates
Q3_2025,Yung6ix,136985,305,13725,estimated,760,1438342,5753.37,54.9,18.24,1726.01,7552.52,11328781.5,Chartmetric + SoundCharts API + per-stream rates
Q3_2025,Zinoleesky,2066215,261286,11757870,estimated,60296,21695258,86781.03,47031.48,1447.1,26034.31,161293.92,241940884.5,Chartmetric + SoundCharts API + per-stream rates
Q3_2025,Zlatan,2166756,403333,18149985,estimated,119647,22750938,91003.75,72599.94,2871.53,27301.13,193776.35,290664518.4,Chartmetric + SoundCharts API + per-stream rates
Q3_2025,=== PERIOD TOTAL ===,,,,,,,,,,,23180573.93,34770860890,Aggregated
Q4_2025,2Baba,770388,487286,4161914,actual,10703,8089074,32356.3,16647.66,256.87,9706.89,58967.71,88451569.2,Chartmetric + SoundCharts API + per-stream rates
Q4_2025,9ice,375208,2570,115650,estimated,10039,3939684,15758.74,462.6,240.94,4727.62,21189.89,31784839.2,Chartmetric + SoundCharts API + per-stream rates
Q4_2025,Adekunle Gold,3226217,1001471,12426371,actual,198663,33875278,135501.11,49705.48,4767.91,40650.33,230624.84,345937266.3,Chartmetric + SoundCharts API + per-stream rates
Q4_2025,Ajebutter22,207074,50652,2279340,estimated,7,2174277,8697.11,9117.36,0.17,2609.13,20423.77,30635652.6,Chartmetric + SoundCharts API + per-stream rates
Q4_2025,Amaarae,5230672,451133,20300985,estimated,35837,54922056,219688.22,81203.94,860.09,65906.47,367658.72,551488078.8,Chartmetric + SoundCharts API + per-stream rates
Q4_2025,Asake,7840860,1828750,41094121,actual,113947,82329030,329316.12,164376.48,2734.73,98794.84,595222.17,892833252,Chartmetric + SoundCharts API + per-stream rates
Q4_2025,Ayra Starr,18313802,3015000,98472900,actual,208853,192294921,769179.68,393891.6,5012.47,230753.91,1398837.66,2098256492,Chartmetric + SoundCharts API + per-stream rates
Q4_2025,Aṣa,470738,942,2645458,actual,136546,4942749,19771,10581.83,3277.1,5931.3,39561.23,59341846.2,Chartmetric + SoundCharts API + per-stream rates
Q4_2025,BNXN,4844165,454800,20466000,estimated,72663,50863732,203454.93,81864,1743.91,61036.48,348099.32,522148981.5,Chartmetric + SoundCharts API + per-stream rates
Q4_2025,Bad Boy Timz,475305,14300,643500,estimated,18852,4990702,19962.81,2574,452.45,5988.84,28978.1,43467151.5,Chartmetric + SoundCharts API + per-stream rates
Q4_2025,Banky W.,312377,584122,645562,actual,9115,3279958,13119.83,2582.25,218.76,3935.95,19856.79,29785188.3,Chartmetric + SoundCharts API + per-stream rates
Q4_2025,Bayanni,1795489,244333,10994985,estimated,4340,18852634,75410.54,43979.94,104.16,22623.16,142117.8,213176699.1,Chartmetric + SoundCharts API + per-stream rates
Q4_2025,Bella Shmurda,2500499,506000,22770000,estimated,4,26255240,105020.96,91080,0.1,31506.29,227607.34,341411012.1,Chartmetric + SoundCharts API + per-stream rates
Q4_2025,Blaqbonez,1586757,315080,14178600,estimated,31610,16660948,66643.79,56714.4,758.64,19993.14,144109.97,216164958.3,Chartmetric + SoundCharts API + per-stream rates
Q4_2025,Bloody Civilian,903768,17468,786060,estimated,2277,9489564,37958.26,3144.24,54.65,11387.48,52544.62,78816931.2,Chartmetric + SoundCharts API + per-stream rates
Q4_2025,Boj,1335937,22519,1013355,estimated,8931,14027338,56109.35,4053.42,214.34,16832.81,77209.92,115814886.3,Chartmetric + SoundCharts API + per-stream rates
Q4_2025,Boy Spyce,780498,141111,6349995,estimated,3458,8195229,32780.92,25399.98,82.99,9834.27,68098.16,102147244.2,Chartmetric + SoundCharts API + per-stream rates
Q4_2025,Bracket,650446,1085158,4560858,actual,30526,6829683,27318.73,18243.43,732.62,8195.62,54490.41,81735611.4,Chartmetric + SoundCharts API + per-stream rates
Q4_2025,Brymo,343635,69233,3115485,estimated,15649,3608168,14432.67,12461.94,375.58,4329.8,31599.99,47399980.5,Chartmetric + SoundCharts API + per-stream rates
Q4_2025,Burna Boy,172,0,0,estimated,1,1806,7.22,0,0.02,2.17,9.42,14122.8,Chartmetric + SoundCharts API + per-stream rates
Q4_2025,CDQ,337871,0,289983,actual,648,3547646,14190.58,1159.93,15.55,4257.17,19623.24,29434860.9,Chartmetric + SoundCharts API + per-stream rates
Q4_2025,CKay,10397917,4298667,34444449,actual,8,109178128,436712.51,137777.8,0.19,131013.75,705504.26,1058256384,Chartmetric + SoundCharts API + per-stream rates
Q4_2025,Chike,2213121,1224815,55116675,estimated,53519,23237770,92951.08,220466.7,1284.46,27885.32,342587.56,513881343.9,Chartmetric + SoundCharts API + per-stream rates
Q4_2025,Crayon,1554751,257188,8149860,actual,0,16324886,65299.54,32599.44,0,19589.86,117488.84,176233266.9,Chartmetric + SoundCharts API + per-stream rates
Q4_2025,Cruel Santino,827200,5371,241695,estimated,171,8685600,34742.4,966.78,4.1,10422.72,46136,69204006,Chartmetric + SoundCharts API + per-stream rates
Q4_2025,D'banj,589391,231869,1768825,actual,7683,6188606,24754.42,7075.3,184.39,7426.33,39440.44,59160660.9,Chartmetric + SoundCharts API + per-stream rates
Q4_2025,DJ Neptune,1061134,274333,1749938,actual,66,11141907,44567.63,6999.75,1.58,13370.29,64939.25,97408878.6,Chartmetric + SoundCharts API + per-stream rates
Q4_2025,DJ Spinall,16,373821,16821945,estimated,0,168,0.67,67287.78,0,0.2,67288.65,100932980.4,Chartmetric + SoundCharts API + per-stream rates
Q4_2025,Dammy Krane,34021,0,0,estimated,564,357220,1428.88,0,13.54,428.66,1871.08,2806623.9,Chartmetric + SoundCharts API + per-stream rates
Q4_2025,Darey,183964,76441,3439845,estimated,3806,1931622,7726.49,13759.38,91.34,2317.95,23895.16,35842737.6,Chartmetric + SoundCharts API + per-stream rates
Q4_2025,Darkoo,3758442,325000,14625000,estimated,1,39463641,157854.56,58500,0.02,47356.37,263710.96,395566435.8,Chartmetric + SoundCharts API + per-stream rates
Q4_2025,Davido,9440809,4870909,76478201,actual,880786,99128494,396513.98,305912.8,21138.86,118954.19,842519.84,1263779759,Chartmetric + SoundCharts API + per-stream rates
Q4_2025,Dice Ailes,189282,16,720,estimated,3952,1987461,7949.84,2.88,94.85,2384.95,10432.53,15648787.8,Chartmetric + SoundCharts API + per-stream rates
Q4_2025,Dremo,206170,6922,311490,estimated,10938,2164785,8659.14,1245.96,262.51,2597.74,12765.35,19148031,Chartmetric + SoundCharts API + per-stream rates
Q4_2025,Duncan Mighty,572058,2614,1813367,actual,5295,6006609,24026.44,7253.47,127.08,7207.93,38614.91,57922372.2,Chartmetric + SoundCharts API + per-stream rates
Q4_2025,Eldee,72756,0,0,estimated,4235,763938,3055.75,0,101.64,916.73,4074.12,6111176.4,Chartmetric + SoundCharts API + per-stream rates
Q4_2025,Falz,784947,360303,1974368,actual,732,8241944,32967.77,7897.47,17.57,9890.33,50773.15,76159719.3,Chartmetric + SoundCharts API + per-stream rates
Q4_2025,Fela Kuti,437860,256125,1095108,actual,198857,4597530,18390.12,4380.43,4772.57,5517.04,33060.16,49590234,Chartmetric + SoundCharts API + per-stream rates
Q4_2025,Fireboy DML,8427504,2028182,36809565,actual,344490,88488792,353955.17,147238.26,8267.76,106186.55,615647.74,923471607.6,Chartmetric + SoundCharts API + per-stream rates
Q4_2025,Flavour,1394046,3906364,175786380,estimated,87982,14637483,58549.93,703145.52,2111.57,17564.98,781372,1172057999,Chartmetric + SoundCharts API + per-stream rates
Q4_2025,Flavour N'abania,76,3906364,175786380,estimated,3930,798,3.19,703145.52,94.32,0.96,703243.99,1054865984,Chartmetric + SoundCharts API + per-stream rates
Q4_2025,HarrySong,113564,92005,4140225,estimated,891,1192422,4769.69,16560.9,21.38,1430.91,22782.88,34174317.6,Chartmetric + SoundCharts API + per-stream rates
Q4_2025,Ice Prince,901890,168175,2174276,actual,0,9469845,37879.38,8697.1,0,11363.81,57940.3,86910447,Chartmetric + SoundCharts API + per-stream rates
Q4_2025,Illbliss,194113,13179,593055,estimated,368,2038186,8152.75,2372.22,8.83,2445.82,12979.62,19469432.7,Chartmetric + SoundCharts API + per-stream rates
Q4_2025,Iyanya,607267,694571,9131041,actual,0,6376304,25505.21,36524.16,0,7651.56,69680.94,104521413.3,Chartmetric + SoundCharts API + per-stream rates
Q4_2025,Jesse Jagz,110305,16307,733815,estimated,5431,1158202,4632.81,2935.26,130.34,1389.84,9088.26,13632385.5,Chartmetric + SoundCharts API + per-stream rates
Q4_2025,Joeboy,3421212,1556667,70050015,estimated,30,35922726,143690.9,280200.06,0.72,43107.27,466998.96,700498432.8,Chartmetric + SoundCharts API + per-stream rates
Q4_2025,Johnny Drille,883064,909000,40905000,estimated,9457,9272172,37088.69,163620,226.97,11126.61,212062.26,318093393.6,Chartmetric + SoundCharts API + per-stream rates
Q4_2025,Khaid,2660702,662000,29790000,estimated,4277,27937371,111749.48,119160,102.65,33524.85,264536.98,396805465.8,Chartmetric + SoundCharts API + per-stream rates
Q4_2025,King Sunny Ade,145486,27136,1221120,estimated,13004,1527603,6110.41,4884.48,312.1,1833.12,13140.11,19710167.4,Chartmetric + SoundCharts API + per-stream rates
Q4_2025,Kizz Daniel,4456012,3595000,37092198,actual,236009,46788126,187152.5,148368.79,5664.22,56145.75,397331.26,595996894.8,Chartmetric + SoundCharts API + per-stream rates
Q4_2025,Korede Bello,738601,285945,2521574,actual,23264,7755310,31021.24,10086.3,558.34,9306.37,50972.25,76458369.9,Chartmetric + SoundCharts API + per-stream rates
Q4_2025,LADIPOE,1196792,118545,5334525,estimated,72870,12566316,50265.26,21338.1,1748.88,15079.58,88431.82,132647734.8,Chartmetric + SoundCharts API + per-stream rates
Q4_2025,Lady Donli,128226,6593,296685,estimated,1521,1346373,5385.49,1186.74,36.5,1615.65,8224.38,12336575.4,Chartmetric + SoundCharts API + per-stream rates
Q4_2025,Lagbaja,11739,6026,271170,estimated,2886,123260,493.04,1084.68,69.26,147.91,1794.89,2692340.1,Chartmetric + SoundCharts API + per-stream rates
Q4_2025,Libianca,5058054,1260278,24449288,actual,7,53109567,212438.27,97797.15,0.17,63731.48,373967.07,560950602.6,Chartmetric + SoundCharts API + per-stream rates
Q4_2025,Lil Kesh,975226,87662,3678531,actual,2963,10239873,40959.49,14714.12,71.11,12287.85,68032.58,102048863.4,Chartmetric + SoundCharts API + per-stream rates
Q4_2025,Lojay,4368415,391500,17617500,estimated,50008,45868358,183473.43,70470,1200.19,55042.03,310185.65,465278476.5,Chartmetric + SoundCharts API + per-stream rates
Q4_2025,Lyta,415105,93447,4205115,estimated,0,4358602,17434.41,16820.46,0,5230.32,39485.19,59227789.5,Chartmetric + SoundCharts API + per-stream rates
Q4_2025,M.I. Abaga,245452,104500,4702500,estimated,2099,2577246,10308.98,18810,50.38,3092.7,32262.06,48393082.8,Chartmetric + SoundCharts API + per-stream rates
Q4_2025,Magixx,1385693,283400,12753000,estimated,4326,14549776,58199.11,51012,103.82,17459.73,126774.66,190161992.7,Chartmetric + SoundCharts API + per-stream rates
Q4_2025,Maleek Berry,1184901,633750,2566334,actual,5,12441460,49765.84,10265.34,0.12,14929.75,74961.05,112441575.9,Chartmetric + SoundCharts API + per-stream rates
Q4_2025,Mannywellz,269441,58245,2621025,estimated,1803,2829130,11316.52,10484.1,43.27,3394.96,25238.85,37858275.9,Chartmetric + SoundCharts API + per-stream rates
Q4_2025,Mayorkun,1288395,275083,12378735,estimated,145056,13528148,54112.59,49514.94,3481.34,16233.78,123342.65,185013976.5,Chartmetric + SoundCharts API + per-stream rates
Q4_2025,Mohbad,1487606,67400,3033000,estimated,49176,15619863,62479.45,12132,1180.22,18743.84,94535.51,141803267.4,Chartmetric + SoundCharts API + per-stream rates
Q4_2025,Mr Eazi,4587018,1323462,9428019,actual,344645,48163689,192654.76,37712.08,8271.48,57796.43,296434.74,444652108.2,Chartmetric + SoundCharts API + per-stream rates
Q4_2025,Mr Real,51783,0,0,estimated,98,543722,2174.89,0,2.35,652.47,2829.7,4244555.7,Chartmetric + SoundCharts API + per-stream rates
Q4_2025,Naeto C,109654,0,0,estimated,13020,1151367,4605.47,0,312.48,1381.64,6299.59,9449382.6,Chartmetric + SoundCharts API + per-stream rates
Q4_2025,Naira Marley,1609155,1243846,55973070,estimated,151578,16896128,67584.51,223892.28,3637.87,20275.35,315390.01,473085022.5,Chartmetric + SoundCharts API + per-stream rates
Q4_2025,Niniola,272649,126000,5670000,estimated,8959,2862814,11451.26,22680,215.02,3435.38,37781.65,56672477.1,Chartmetric + SoundCharts API + per-stream rates
Q4_2025,Nonso Amadi,493802,169000,7605000,estimated,6,5184921,20739.68,30420,0.14,6221.91,57381.73,86072599.8,Chartmetric + SoundCharts API + per-stream rates
Q4_2025,ODUMODUBLVCK,3967551,279286,12567870,estimated,13004,41659286,166637.14,50271.48,312.1,49991.14,267211.86,400817790.9,Chartmetric + SoundCharts API + per-stream rates
Q4_2025,Odunsi (The Engine),289027,38622,1737990,estimated,5553,3034784,12139.13,6951.96,133.27,3641.74,22866.11,34299159.3,Chartmetric + SoundCharts API + per-stream rates
Q4_2025,Olakira,368790,669125,30110625,estimated,24552,3872295,15489.18,120442.5,589.25,4646.75,141167.68,211751523,Chartmetric + SoundCharts API + per-stream rates
Q4_2025,Olamide,4239631,1402281,14199686,actual,34,44516126,178064.5,56798.74,0.82,53419.35,288283.41,432425118.9,Chartmetric + SoundCharts API + per-stream rates
Q4_2025,Olu Maintain,103971,0,0,estimated,469,1091696,4366.78,0,11.26,1310.03,5688.07,8532108.9,Chartmetric + SoundCharts API + per-stream rates
Q4_2025,Omah Lay,10914197,2605455,117245475,estimated,330884,114599068,458396.27,468981.9,7941.22,137518.88,1072838.27,1609257408,Chartmetric + SoundCharts API + per-stream rates
Q4_2025,Oxlade,4220866,693545,18136549,actual,105755,44319093,177276.37,72546.2,2538.12,53182.91,305543.6,458315399.4,Chartmetric + SoundCharts API + per-stream rates
Q4_2025,P-Square,2634300,2912667,23183443,actual,208877,27660150,110640.6,92733.77,5013.05,33192.18,241579.6,362369400,Chartmetric + SoundCharts API + per-stream rates
Q4_2025,Patoranking,1794386,1821515,11880695,actual,188586,18841053,75364.21,47522.78,4526.06,22609.26,150022.32,225033479.4,Chartmetric + SoundCharts API + per-stream rates
Q4_2025,Peruzzi,557177,29436,1324620,estimated,41618,5850358,23401.43,5298.48,998.83,7020.43,36719.18,55078764.3,Chartmetric + SoundCharts API + per-stream rates
Q4_2025,Pheelz,2375937,389000,17505000,estimated,30350,24947338,99789.35,70020,728.4,29936.81,200474.56,300711840.3,Chartmetric + SoundCharts API + per-stream rates
Q4_2025,Phyno,1588743,659556,8968873,actual,41,16681802,66727.21,35875.49,0.98,20018.16,122621.84,183932765.7,Chartmetric + SoundCharts API + per-stream rates
Q4_2025,Portable,438705,276000,12420000,estimated,662,4606402,18425.61,49680,15.89,5527.68,73649.18,110473771.5,Chartmetric + SoundCharts API + per-stream rates
Q4_2025,Praiz,246309,0,0,estimated,1637,2586244,10344.98,0,39.29,3103.49,13487.76,20231639.1,Chartmetric + SoundCharts API + per-stream rates
Q4_2025,Prettyboy D-O,107810,9569,430605,estimated,1495,1132005,4528.02,1722.42,35.88,1358.41,7644.73,11467089,Chartmetric + SoundCharts API + per-stream rates
Q4_2025,Qing Madi,1748238,340500,15322500,estimated,2450,18356499,73426,61290,58.8,22027.8,156802.59,235203892.2,Chartmetric + SoundCharts API + per-stream rates
Q4_2025,Reekado Banks,944948,523412,3810449,actual,2,9921954,39687.82,15241.8,0.05,11906.34,66836,100254007.2,Chartmetric + SoundCharts API + per-stream rates
Q4_2025,Rema,19419342,5317143,110855684,actual,534020,203903091,815612.36,443422.74,12816.48,244683.71,1516535.29,2274802934,Chartmetric + SoundCharts API + per-stream rates
Q4_2025,Reminisce,432872,79006,3555270,estimated,12377,4545156,18180.62,14221.08,297.05,5454.19,38152.94,57229408.8,Chartmetric + SoundCharts API + per-stream rates
Q4_2025,Ric Hassani,501820,739933,3873608,actual,8752,5269110,21076.44,15494.43,210.05,6322.93,43103.85,64655778,Chartmetric + SoundCharts API + per-stream rates
Q4_2025,Rude Boy,239337,0,0,estimated,0,2513038,10052.15,0,0,3015.65,13067.8,19601700.3,Chartmetric + SoundCharts API + per-stream rates
Q4_2025,Ruger,4621747,2189091,33825733,actual,126966,48528344,194113.37,135302.93,3047.18,58234.01,390697.5,586046253.3,Chartmetric + SoundCharts API + per-stream rates
Q4_2025,Sarz,4877142,128529,5783805,estimated,60890,51209991,204839.96,23135.22,1461.36,61451.99,290888.53,436332799.8,Chartmetric + SoundCharts API + per-stream rates
Q4_2025,Sauce Kid,6160,1870,84150,estimated,120,64680,258.72,336.6,2.88,77.62,675.82,1013724,Chartmetric + SoundCharts API + per-stream rates
Q4_2025,Sean Tizzle,157703,66381,2987145,estimated,4801,1655882,6623.53,11948.58,115.22,1987.06,20674.39,31011581.7,Chartmetric + SoundCharts API + per-stream rates
Q4_2025,Seyi Shay,150703,145000,6525000,estimated,8,1582382,6329.53,26100,0.19,1898.86,34328.58,51492863.7,Chartmetric + SoundCharts API + per-stream rates
Q4_2025,Seyi Vibez,3862950,420000,18900000,estimated,19703,40560975,162243.9,75600,472.87,48673.17,286989.94,430484913,Chartmetric + SoundCharts API + per-stream rates
Q4_2025,Shallipopi,6140394,587667,26445015,estimated,13874,64474137,257896.55,105780.06,332.98,77368.96,441378.55,662067822.6,Chartmetric + SoundCharts API + per-stream rates
Q4_2025,Show Dem Camp,589458,12626,568170,estimated,9417,6189309,24757.24,2272.68,226.01,7427.17,34683.09,52024642.2,Chartmetric + SoundCharts API + per-stream rates
Q4_2025,Simi,1509331,1109667,5592981,actual,165262,15847976,63391.9,22371.92,3966.29,19017.57,108747.68,163121526.9,Chartmetric + SoundCharts API + per-stream rates
Q4_2025,Skiibii,843816,341048,15347160,estimated,33,8860068,35440.27,61388.64,0.79,10632.08,107461.79,161192678.4,Chartmetric + SoundCharts API + per-stream rates
Q4_2025,Small Doctor,85007,31367,1411515,estimated,683,892574,3570.29,5646.06,16.39,1071.09,10303.83,15455751.3,Chartmetric + SoundCharts API + per-stream rates
Q4_2025,Solidstar,101588,0,0,estimated,1609,1066674,4266.7,0,38.62,1280.01,5585.32,8377981.2,Chartmetric + SoundCharts API + per-stream rates
Q4_2025,Sound Sultan,75419,18106,814770,estimated,1303,791900,3167.6,3259.08,31.27,950.28,7408.23,11112344.1,Chartmetric + SoundCharts API + per-stream rates
Q4_2025,Spyro,892715,613667,27615015,estimated,10449,9373508,37494.03,110460.06,250.78,11248.21,159453.08,239179612.5,Chartmetric + SoundCharts API + per-stream rates
Q4_2025,Tay Iwar,938601,28329,1274805,estimated,86,9855310,39421.24,5099.22,2.06,11826.37,56348.9,84523347.9,Chartmetric + SoundCharts API + per-stream rates
Q4_2025,Tekno,1963516,2797000,28956463,actual,85,20616918,82467.67,115825.85,2.04,24740.3,223035.87,334553798.4,Chartmetric + SoundCharts API + per-stream rates
Q4_2025,Tempoe,3784536,0,0,estimated,13567,39737628,158950.51,0,325.61,47685.15,206961.27,310441910.4,Chartmetric + SoundCharts API + per-stream rates
Q4_2025,Tems,25357460,1317778,42491268,actual,236959,266253330,1065013.32,169965.07,5687.02,319504,1560169.4,2340254106,Chartmetric + SoundCharts API + per-stream rates
Q4_2025,Teni,1780266,814857,4219911,actual,16,18692793,74771.17,16879.64,0.38,22431.35,114082.55,171123827.4,Chartmetric + SoundCharts API + per-stream rates
Q4_2025,Terri,129334,87995,3959775,estimated,0,1358007,5432.03,15839.1,0,1629.61,22900.74,34351104.6,Chartmetric + SoundCharts API + per-stream rates
Q4_2025,Terry Apala,217137,6445,290025,estimated,457,2279938,9119.75,1160.1,10.97,2735.93,13026.75,19540122.3,Chartmetric + SoundCharts API + per-stream rates
Q4_2025,Timaya,1005599,116000,7710049,actual,84,10558790,42235.16,30840.2,2.02,12670.55,85747.92,128621876.1,Chartmetric + SoundCharts API + per-stream rates
Q4_2025,Tiwa Savage,2853665,1569583,19372813,actual,2702,29963482,119853.93,77491.25,64.85,35956.18,233366.21,350049313.5,Chartmetric + SoundCharts API + per-stream rates
Q4_2025,Vector,736745,74163,3337335,estimated,1,7735822,30943.29,13349.34,0.02,9282.99,53575.64,80363461.5,Chartmetric + SoundCharts API + per-stream rates
Q4_2025,Victony,5411862,783750,35268750,estimated,68025,56824551,227298.2,141075,1632.6,68189.46,438195.27,657292897.8,Chartmetric + SoundCharts API + per-stream rates
Q4_2025,Waje,60783,51931,2336895,estimated,1799,638222,2552.89,9347.58,43.18,765.87,12709.51,19064261.7,Chartmetric + SoundCharts API + per-stream rates
Q4_2025,Wande Coal,2156115,101000,3726072,actual,280,22639208,90556.83,14904.29,6.72,27167.05,132634.89,198952330.5,Chartmetric + SoundCharts API + per-stream rates
Q4_2025,Wizkid,13988017,3525000,63313615,actual,968796,146874178,587496.71,253254.46,23251.1,176249.01,1040251.29,1560376938,Chartmetric + SoundCharts API + per-stream rates
Q4_2025,WurlD,917686,43415,1953675,estimated,47155,9635703,38542.81,7814.7,1131.72,11562.84,59052.08,88578113.4,Chartmetric + SoundCharts API + per-stream rates
Q4_2025,Ycee,377935,224735,10113075,estimated,2,3968318,15873.27,40452.3,0.05,4761.98,61087.6,91631398.5,Chartmetric + SoundCharts API + per-stream rates
Q4_2025,Yemi Alade,1247664,2551739,9702027,actual,140,13100472,52401.89,38808.11,3.36,15720.57,106933.92,160400883.6,Chartmetric + SoundCharts API + per-stream rates
Q4_2025,Young Jonn,4182129,407857,18353565,estimated,28273,43912354,175649.42,73414.26,678.55,52694.83,302437.06,453655583.1,Chartmetric + SoundCharts API + per-stream rates
Q4_2025,Yung6ix,148431,307,13815,estimated,769,1558526,6234.1,55.26,18.46,1870.23,8178.05,12267072.9,Chartmetric + SoundCharts API + per-stream rates
Q4_2025,Zinoleesky,2345192,273000,12285000,estimated,60867,24624516,98498.06,49140,1460.81,29549.42,178648.29,267972436.8,Chartmetric + SoundCharts API + per-stream rates
Q4_2025,Zlatan,2057149,427000,19215000,estimated,119962,21600064,86400.26,76860,2879.09,25920.08,192059.42,288089135.1,Chartmetric + SoundCharts API + per-stream rates
Q4_2025,=== PERIOD TOTAL ===,,,,,,,,,,,24158040.28,36237060426,Aggregated
Q1_2026,2Baba,764013,493000,6878162,actual,10768,8022136,32088.55,27512.65,258.43,9626.56,69486.19,104229284.7,Chartmetric + SoundCharts API + per-stream rates
Q1_2026,9ice,290882,2570,115650,estimated,10059,3054261,12217.04,462.6,241.42,3665.11,16586.17,24879259.8,Chartmetric + SoundCharts API + per-stream rates
Q1_2026,Adekunle Gold,2878823,1020000,16663542,actual,200385,30227642,120910.57,66654.17,4809.24,36273.17,228647.14,342970715.7,Chartmetric + SoundCharts API + per-stream rates
Q1_2026,Ajebutter22,178640,50700,2281500,estimated,7,1875720,7502.88,9126,0.17,2250.86,18879.91,28319868,Chartmetric + SoundCharts API + per-stream rates
Q1_2026,Amaarae,4989324,456000,20520000,estimated,37396,52387902,209551.61,82080,897.5,62865.48,355394.59,533091891.6,Chartmetric + SoundCharts API + per-stream rates
Q1_2026,Asake,8558719,1940000,91201992,actual,119098,89866550,359466.2,364807.97,2858.35,107839.86,834972.38,1252458566,Chartmetric + SoundCharts API + per-stream rates
Q1_2026,Ayra Starr,18019464,3130000,136780856,actual,217868,189204372,756817.49,547123.42,5228.83,227045.25,1536214.99,2304322486,Chartmetric + SoundCharts API + per-stream rates
Q1_2026,Aṣa,516126,943,4102724,actual,137335,5419323,21677.29,16410.9,3296.04,6503.19,47887.42,71831123.4,Chartmetric + SoundCharts API + per-stream rates
Q1_2026,BNXN,4762582,472000,21240000,estimated,72761,50007111,200028.44,84960,1746.26,60008.53,346743.24,520114861.8,Chartmetric + SoundCharts API + per-stream rates
Q1_2026,Bad Boy Timz,492712,14300,643500,estimated,18911,5173476,20693.9,2574,453.86,6208.17,29929.94,44894908.8,Chartmetric + SoundCharts API + per-stream rates
Q1_2026,Banky W.,355809,586000,1114529,actual,9125,3735994,14943.98,4458.12,219,4483.19,24104.29,36156431.1,Chartmetric + SoundCharts API + per-stream rates
Q1_2026,Bayanni,1953983,255857,11513565,estimated,4544,20516822,82067.29,46054.26,109.06,24620.19,152850.79,229276181.7,Chartmetric + SoundCharts API + per-stream rates
Q1_2026,Bella Shmurda,2408222,514833,23167485,estimated,4,25286331,101145.32,92669.94,0.1,30343.6,224158.96,336238435.8,Chartmetric + SoundCharts API + per-stream rates
Q1_2026,Blaqbonez,1477702,320000,14400000,estimated,31793,15515871,62063.48,57600,763.03,18619.05,139045.56,208568341.8,Chartmetric + SoundCharts API + per-stream rates
Q1_2026,Bloody Civilian,904407,17700,796500,estimated,2327,9496274,37985.09,3186,55.85,11395.53,52622.47,78933705.3,Chartmetric + SoundCharts API + per-stream rates
Q1_2026,Boj,1052126,22700,1021500,estimated,8994,11047323,44189.29,4086,215.86,13256.79,61747.94,92621903.4,Chartmetric + SoundCharts API + per-stream rates
Q1_2026,Boy Spyce,873410,145000,6525000,estimated,0,9170805,36683.22,26100,0,11004.97,73788.19,110682279,Chartmetric + SoundCharts API + per-stream rates
Q1_2026,Bracket,716210,1090000,7437229,actual,30753,7520205,30080.82,29748.92,738.07,9024.25,69592.05,104388081,Chartmetric + SoundCharts API + per-stream rates
Q1_2026,Brymo,334257,70983,3194235,estimated,15702,3509698,14038.79,12776.94,376.85,4211.64,31404.22,47106330.3,Chartmetric + SoundCharts API + per-stream rates
Q1_2026,Burna Boy,151,0,0,estimated,1,1586,6.34,0,0.02,1.9,8.27,12402.9,Chartmetric + SoundCharts API + per-stream rates
Q1_2026,CDQ,321854,0,540531,actual,656,3379467,13517.87,2162.12,15.74,4055.36,19751.1,29626644.6,Chartmetric + SoundCharts API + per-stream rates
Q1_2026,CKay,9748597,4329211,52020412,actual,8,102360268,409441.07,208081.65,0.19,122832.32,740355.24,1110532854,Chartmetric + SoundCharts API + per-stream rates
Q1_2026,Chike,2062449,1250000,56250000,estimated,54103,21655714,86622.86,225000,1298.47,25986.86,338908.19,508362281.1,Chartmetric + SoundCharts API + per-stream rates
Q1_2026,Crayon,1610104,264667,14410430,actual,0,16906092,67624.37,57641.72,0,20287.31,145553.4,218330097.6,Chartmetric + SoundCharts API + per-stream rates
Q1_2026,Cruel Santino,831356,5360,241200,estimated,174,8729238,34916.95,964.8,4.18,10475.09,46361.01,69541520.4,Chartmetric + SoundCharts API + per-stream rates
Q1_2026,D'banj,607651,233957,2316554,actual,7733,6380336,25521.34,9266.22,185.59,7656.4,42629.55,63944328.9,Chartmetric + SoundCharts API + per-stream rates
Q1_2026,DJ Neptune,1144786,279000,1877701,actual,66,12020253,48081.01,7510.8,1.58,14424.3,70017.7,105026555.4,Chartmetric + SoundCharts API + per-stream rates
Q1_2026,DJ Spinall,16,376000,16920000,estimated,0,168,0.67,67680,0,0.2,67680.87,101521310.4,Chartmetric + SoundCharts API + per-stream rates
Q1_2026,Dammy Krane,29683,6110,274950,estimated,565,311672,1246.69,1099.8,13.56,374.01,2734.05,4101077.7,Chartmetric + SoundCharts API + per-stream rates
Q1_2026,Darey,208819,76900,3460500,estimated,3809,2192600,8770.4,13842,91.42,2631.12,25334.93,38002400.1,Chartmetric + SoundCharts API + per-stream rates
Q1_2026,Darkoo,3405862,329250,14816250,estimated,1,35761551,143046.2,59265,0.02,42913.86,245225.09,367837633.8,Chartmetric + SoundCharts API + per-stream rates
Q1_2026,Davido,9179110,4950000,114174137,actual,888076,96380655,385522.62,456696.55,21313.82,115656.79,979189.78,1468784667,Chartmetric + SoundCharts API + per-stream rates
Q1_2026,Dice Ailes,0,16,720,estimated,3974,0,0,2.88,95.38,0,98.26,147384,Chartmetric + SoundCharts API + per-stream rates
Q1_2026,Dremo,264191,6920,311400,estimated,10957,2774006,11096.02,1245.6,262.97,3328.81,15933.4,23900094.9,Chartmetric + SoundCharts API + per-stream rates
Q1_2026,Duncan Mighty,572672,2620,2805829,actual,5318,6013056,24052.22,11223.32,127.63,7215.67,42618.84,63928258.8,Chartmetric + SoundCharts API + per-stream rates
Q1_2026,Eldee,77887,0,0,estimated,4236,817814,3271.25,0,101.66,981.38,4354.29,6531441.3,Chartmetric + SoundCharts API + per-stream rates
Q1_2026,Falz,733613,360000,2836801,actual,736,7702936,30811.75,11347.2,17.66,9243.52,51420.14,77130206.7,Chartmetric + SoundCharts API + per-stream rates
Q1_2026,Fela Kuti,456526,264000,2061893,actual,200972,4793523,19174.09,8247.57,4823.33,5752.23,37997.22,56995829.4,Chartmetric + SoundCharts API + per-stream rates
Q1_2026,Fireboy DML,8210771,2060000,57654528,actual,348166,86213096,344852.38,230618.11,8355.98,103455.71,687282.19,1030923289,Chartmetric + SoundCharts API + per-stream rates
Q1_2026,Flavour,1436005,3970000,178650000,estimated,88595,15078052,60312.21,714600,2126.28,18093.66,795132.15,1192698230,Chartmetric + SoundCharts API + per-stream rates
Q1_2026,Flavour N'abania,51,3970000,178650000,estimated,3932,536,2.14,714600,94.37,0.64,714697.15,1072045729,Chartmetric + SoundCharts API + per-stream rates
Q1_2026,HarrySong,119190,93171,4192695,estimated,898,1251495,5005.98,16770.78,21.55,1501.79,23300.11,34950159,Chartmetric + SoundCharts API + per-stream rates
Q1_2026,Ice Prince,913327,170000,3508084,actual,47617,9589934,38359.73,14032.34,1142.81,11507.92,65042.8,97564197.3,Chartmetric + SoundCharts API + per-stream rates
Q1_2026,Illbliss,221871,13300,598500,estimated,372,2329646,9318.58,2394,8.93,2795.57,14517.08,21775626.9,Chartmetric + SoundCharts API + per-stream rates
Q1_2026,Iyanya,628624,705857,10824237,actual,260,6600552,26402.21,43296.95,6.24,7920.66,77626.06,116439087.6,Chartmetric + SoundCharts API + per-stream rates
Q1_2026,Jesse Jagz,69883,16500,742500,estimated,5437,733772,2935.09,2970,130.49,880.53,6916.1,10374149.7,Chartmetric + SoundCharts API + per-stream rates
Q1_2026,Joeboy,3618931,1610000,72450000,estimated,34,37998776,151995.1,289800,0.82,45598.53,487394.45,731091672.9,Chartmetric + SoundCharts API + per-stream rates
Q1_2026,Johnny Drille,795541,931750,41928750,estimated,9596,8353180,33412.72,167715,230.3,10023.82,211381.84,317072763.9,Chartmetric + SoundCharts API + per-stream rates
Q1_2026,Khaid,2472492,698667,31440015,estimated,4464,25961166,103844.66,125760.06,107.14,31153.4,260865.26,391297888.8,Chartmetric + SoundCharts API + per-stream rates
Q1_2026,King Sunny Ade,145164,27800,1251000,estimated,13625,1524222,6096.89,5004,327,1829.07,13256.95,19885431.6,Chartmetric + SoundCharts API + per-stream rates
Q1_2026,Kizz Daniel,4175045,3640000,56656573,actual,238581,43837972,175351.89,226626.29,5725.94,52605.57,460309.69,690464539.5,Chartmetric + SoundCharts API + per-stream rates
Q1_2026,Korede Bello,805420,287000,3797465,actual,23382,8456910,33827.64,15189.86,561.17,10148.29,59726.96,89590440,Chartmetric + SoundCharts API + per-stream rates
Q1_2026,LADIPOE,1205956,121000,5445000,estimated,73140,12662538,50650.15,21780,1755.36,15195.05,89380.56,134070836.4,Chartmetric + SoundCharts API + per-stream rates
Q1_2026,Lady Donli,201846,6620,297900,estimated,1582,2119383,8477.53,1191.6,37.97,2543.26,12250.36,18375539.4,Chartmetric + SoundCharts API + per-stream rates
Q1_2026,Lagbaja,12903,6070,273150,estimated,2893,135482,541.93,1092.6,69.43,162.58,1866.54,2799803.7,Chartmetric + SoundCharts API + per-stream rates
Q1_2026,Libianca,4759658,1280000,42102668,actual,7,49976409,199905.64,168410.67,0.17,59971.69,428288.17,642432250.2,Chartmetric + SoundCharts API + per-stream rates
Q1_2026,Lil Kesh,978417,87600,4197730,actual,2962,10273378,41093.51,16790.92,71.09,12328.05,70283.58,105425364.3,Chartmetric + SoundCharts API + per-stream rates
Q1_2026,Lojay,3712421,397938,17907210,estimated,50627,38980420,155921.68,71628.84,1215.05,46776.5,275542.07,413313111.9,Chartmetric + SoundCharts API + per-stream rates
Q1_2026,Lyta,518029,93800,4221000,estimated,0,5439304,21757.22,16884,0,6527.17,45168.38,67752575.1,Chartmetric + SoundCharts API + per-stream rates
Q1_2026,M.I. Abaga,262385,105000,4725000,estimated,2099,2755042,11020.17,18900,50.38,3306.05,33276.6,49914895.5,Chartmetric + SoundCharts API + per-stream rates
Q1_2026,Magixx,1333104,293000,13185000,estimated,4539,13997592,55990.37,52740,108.94,16797.11,125636.41,188454621.6,Chartmetric + SoundCharts API + per-stream rates
Q1_2026,Maleek Berry,1278932,635000,4101027,actual,4,13428786,53715.14,16404.11,0.1,16114.54,86233.89,129350836.8,Chartmetric + SoundCharts API + per-stream rates
Q1_2026,Mannywellz,552309,60500,2722500,estimated,1925,5799244,23196.98,10890,46.2,6959.09,41092.27,61638407.1,Chartmetric + SoundCharts API + per-stream rates
Q1_2026,Mayorkun,1343278,276000,12420000,estimated,0,14104419,56417.68,49680,0,16925.3,123022.98,184534468.2,Chartmetric + SoundCharts API + per-stream rates
Q1_2026,Mohbad,1477677,69200,3114000,estimated,49496,15515608,62062.43,12456,1187.9,18618.73,94325.07,141487602.3,Chartmetric + SoundCharts API + per-stream rates
Q1_2026,Mr Eazi,5364227,1330000,12305544,actual,346996,56324384,225297.53,49222.18,8327.9,67589.26,350436.87,525655311.3,Chartmetric + SoundCharts API + per-stream rates
Q1_2026,Mr Real,57872,42400,1908000,estimated,105,607656,2430.62,7632,2.52,729.19,10794.33,16191496.8,Chartmetric + SoundCharts API + per-stream rates
Q1_2026,Naeto C,105596,0,0,estimated,13032,1108758,4435.03,0,312.77,1330.51,6078.31,9117464.4,Chartmetric + SoundCharts API + per-stream rates
Q1_2026,Naira Marley,1660268,1270000,57150000,estimated,151989,17432814,69731.26,228600,3647.74,20919.38,322898.37,484347553.2,Chartmetric + SoundCharts API + per-stream rates
Q1_2026,Niniola,212783,126000,5670000,estimated,9030,2234222,8936.89,22680,216.72,2681.07,34514.67,51772007.7,Chartmetric + SoundCharts API + per-stream rates
Q1_2026,Nonso Amadi,522515,169000,7605000,estimated,6,5486408,21945.63,30420,0.14,6583.69,58949.46,88424194.5,Chartmetric + SoundCharts API + per-stream rates
Q1_2026,ODUMODUBLVCK,3685109,292833,13177485,estimated,14126,38693644,154774.58,52709.94,339.02,46432.37,254255.92,381383873.1,Chartmetric + SoundCharts API + per-stream rates
Q1_2026,Odunsi (The Engine),214632,38900,1750500,estimated,5590,2253636,9014.54,7002,134.16,2704.36,18855.07,28282600.8,Chartmetric + SoundCharts API + per-stream rates
Q1_2026,Olakira,351749,673000,30285000,estimated,24597,3693364,14773.46,121140,590.33,4432.04,140935.82,211403735.1,Chartmetric + SoundCharts API + per-stream rates
Q1_2026,Olamide,4320244,1410000,20914959,actual,34,45362562,181450.25,83659.84,0.82,54435.07,319545.97,479318961.6,Chartmetric + SoundCharts API + per-stream rates
Q1_2026,Olu Maintain,108519,0,0,estimated,476,1139450,4557.8,0,11.42,1367.34,5936.56,8904842.1,Chartmetric + SoundCharts API + per-stream rates
Q1_2026,Omah Lay,11316983,2680000,120600000,estimated,338290,118828322,475313.29,482400,8118.96,142593.99,1108426.23,1662639348,Chartmetric + SoundCharts API + per-stream rates
Q1_2026,Oxlade,4482767,703000,32035975,actual,108742,47069054,188276.21,128143.9,2609.81,56482.86,375512.79,563269179.3,Chartmetric + SoundCharts API + per-stream rates
Q1_2026,P-Square,2858145,2970000,38263292,actual,210086,30010522,120042.09,153053.17,5042.06,36012.63,314149.95,471224923.5,Chartmetric + SoundCharts API + per-stream rates
Q1_2026,Patoranking,1837198,1850000,18008118,actual,189924,19290579,77162.32,72032.47,4558.18,23148.69,176901.66,265352488.2,Chartmetric + SoundCharts API + per-stream rates
Q1_2026,Peruzzi,564579,29964,1348380,estimated,41667,5928080,23712.32,5393.52,1000.01,7113.7,37219.54,55829312.1,Chartmetric + SoundCharts API + per-stream rates
Q1_2026,Pheelz,2159921,393000,17685000,estimated,30916,22679170,90716.68,70740,741.98,27215,189413.67,284120505.9,Chartmetric + SoundCharts API + per-stream rates
Q1_2026,Phyno,1729562,670667,14667329,actual,41,18160401,72641.6,58669.32,0.98,21792.48,153104.39,229656577.8,Chartmetric + SoundCharts API + per-stream rates
Q1_2026,Portable,447180,281000,12645000,estimated,665,4695390,18781.56,50580,15.96,5634.47,75011.99,112517982,Chartmetric + SoundCharts API + per-stream rates
Q1_2026,Praiz,247681,0,0,estimated,1652,2600650,10402.6,0,39.65,3120.78,13563.03,20344545.9,Chartmetric + SoundCharts API + per-stream rates
Q1_2026,Prettyboy D-O,96203,9670,435150,estimated,1502,1010132,4040.53,1740.6,36.05,1212.16,7029.33,10543997.7,Chartmetric + SoundCharts API + per-stream rates
Q1_2026,Qing Madi,1755636,358000,16110000,estimated,2697,18434178,73736.71,64440,64.73,22121.01,160362.45,240543680.4,Chartmetric + SoundCharts API + per-stream rates
Q1_2026,Reekado Banks,1069350,528000,5829891,actual,3,11228175,44912.7,23319.56,0.07,13473.81,81706.15,122559219,Chartmetric + SoundCharts API + per-stream rates
Q1_2026,Rema,24654316,5410000,167276768,actual,544613,258870318,1035481.27,669107.07,13070.71,310644.38,2028303.44,3042455156,Chartmetric + SoundCharts API + per-stream rates
Q1_2026,Reminisce,452736,79600,3582000,estimated,12406,4753728,19014.91,14328,297.74,5704.47,39345.13,59017694.4,Chartmetric + SoundCharts API + per-stream rates
Q1_2026,Ric Hassani,538075,746000,6642547,actual,8876,5649788,22599.15,26570.19,213.02,6779.74,56162.11,84243160.5,Chartmetric + SoundCharts API + per-stream rates
Q1_2026,Rude Boy,226504,0,0,estimated,0,2378292,9513.17,0,0,2853.95,12367.12,18550677.6,Chartmetric + SoundCharts API + per-stream rates
Q1_2026,Ruger,4634684,2260000,56477564,actual,130145,48664182,194656.73,225910.26,3123.48,58397.02,482087.48,723131223.6,Chartmetric + SoundCharts API + per-stream rates
Q1_2026,Sarz,4535493,132000,5940000,estimated,61539,47622676,190490.71,23760,1476.94,57147.21,272874.85,409312280.7,Chartmetric + SoundCharts API + per-stream rates
Q1_2026,Sauce Kid,6123,1870,84150,estimated,123,64292,257.17,336.6,2.95,77.15,673.87,1010801.7,Chartmetric + SoundCharts API + per-stream rates
Q1_2026,Sean Tizzle,220846,107000,4815000,estimated,4809,2318883,9275.53,19260,115.42,2782.66,31433.61,47150411.4,Chartmetric + SoundCharts API + per-stream rates
Q1_2026,Seyi Shay,161182,145000,6525000,estimated,8,1692411,6769.64,26100,0.19,2030.89,34900.73,52351093.8,Chartmetric + SoundCharts API + per-stream rates
Q1_2026,Seyi Vibez,3485247,461000,20745000,estimated,20869,36595094,146380.37,82980,500.86,43914.11,273775.34,410663013.3,Chartmetric + SoundCharts API + per-stream rates
Q1_2026,Shallipopi,4554986,617667,27795015,estimated,15632,47827353,191309.41,111180.06,375.17,57392.82,360257.46,540386195.4,Chartmetric + SoundCharts API + per-stream rates
Q1_2026,Show Dem Camp,603330,12600,567000,estimated,9480,6334965,25339.86,2268,227.52,7601.96,35437.34,53156007,Chartmetric + SoundCharts API + per-stream rates
Q1_2026,Simi,1468192,1120000,10075380,actual,166459,15416016,61664.06,40301.52,3995.02,18499.22,124459.82,186689728.8,Chartmetric + SoundCharts API + per-stream rates
Q1_2026,Skiibii,1065768,344000,15480000,estimated,33,11190564,44762.26,61920,0.79,13428.68,120111.72,180167587.2,Chartmetric + SoundCharts API + per-stream rates
Q1_2026,Small Doctor,68535,31600,1422000,estimated,692,719618,2878.47,5688,16.61,863.54,9446.62,14169928.5,Chartmetric + SoundCharts API + per-stream rates
Q1_2026,Solidstar,100608,0,0,estimated,1615,1056384,4225.54,0,38.76,1267.66,5531.96,8297935.2,Chartmetric + SoundCharts API + per-stream rates
Q1_2026,Sound Sultan,72777,18200,819000,estimated,1306,764158,3056.63,3276,31.34,916.99,7280.97,10921452.3,Chartmetric + SoundCharts API + per-stream rates
Q1_2026,Spyro,675832,629833,28342485,estimated,10778,7096236,28384.94,113369.94,258.67,8515.48,150529.04,225793558.8,Chartmetric + SoundCharts API + per-stream rates
Q1_2026,Tay Iwar,850933,28500,1282500,estimated,114,8934796,35739.19,5130,2.74,10721.76,51593.68,77390516.7,Chartmetric + SoundCharts API + per-stream rates
Q1_2026,Tekno,1878283,1630000,43087190,actual,87,19721972,78887.89,172348.76,2.09,23666.37,274905.1,412357649.7,Chartmetric + SoundCharts API + per-stream rates
Q1_2026,Tempoe,4012105,0,0,estimated,14079,42127102,168508.41,0,337.9,50552.52,219398.83,329098243.5,Chartmetric + SoundCharts API + per-stream rates
Q1_2026,Tems,40955308,1496000,237351947,actual,249998,430030734,1720122.94,949407.79,5999.95,516036.88,3191567.56,4787351335,Chartmetric + SoundCharts API + per-stream rates
Q1_2026,Teni,1472436,829000,6294643,actual,17,15460578,61842.31,25178.57,0.41,18552.69,105573.99,158360978.4,Chartmetric + SoundCharts API + per-stream rates
Q1_2026,Terri,119475,88100,3964500,estimated,0,1254488,5017.95,15858,0,1505.38,22381.33,33572002.5,Chartmetric + SoundCharts API + per-stream rates
Q1_2026,Terry Apala,728429,6440,289800,estimated,473,7648504,30594.02,1159.2,11.35,9178.21,40942.78,61414163.1,Chartmetric + SoundCharts API + per-stream rates
Q1_2026,Timaya,971791,116000,10707037,actual,84,10203806,40815.22,42828.15,2.02,12244.57,95889.95,143834928.9,Chartmetric + SoundCharts API + per-stream rates
Q1_2026,Tiwa Savage,2371803,1580000,31556501,actual,2702,24903932,99615.73,126226,64.85,29884.72,255791.3,383686943.7,Chartmetric + SoundCharts API + per-stream rates
Q1_2026,Vector,752201,74600,3357000,estimated,1,7898110,31592.44,13428,0.02,9477.73,54498.2,81747297.9,Chartmetric + SoundCharts API + per-stream rates
Q1_2026,Victony,5376181,805333,36239985,estimated,70080,56449900,225799.6,144959.94,1681.92,67739.88,440181.34,660272013.9,Chartmetric + SoundCharts API + per-stream rates
Q1_2026,Waje,53214,52000,2340000,estimated,1804,558747,2234.99,9360,43.3,670.5,12308.78,18463170.6,Chartmetric + SoundCharts API + per-stream rates
Q1_2026,Wande Coal,2437832,101000,6073656,actual,280,25597236,102388.94,24294.62,6.72,30716.68,157406.97,236110456.8,Chartmetric + SoundCharts API + per-stream rates
Q1_2026,Wizkid,16532363,3590000,120026867,actual,978261,173589812,694359.25,480107.47,23478.26,208307.77,1406252.75,2109379128,Chartmetric + SoundCharts API + per-stream rates
Q1_2026,WurlD,981012,43600,1962000,estimated,47300,10300626,41202.5,7848,1135.2,12360.75,62546.46,93819682.8,Chartmetric + SoundCharts API + per-stream rates
Q1_2026,Ycee,404229,225000,10125000,estimated,2,4244404,16977.62,40500,0.05,5093.29,62570.95,93856427.1,Chartmetric + SoundCharts API + per-stream rates
Q1_2026,Yemi Alade,1054326,2570000,12902780,actual,140,11070423,44281.69,51611.12,3.36,13284.51,109180.68,163771019.4,Chartmetric + SoundCharts API + per-stream rates
Q1_2026,Young Jonn,3514989,425750,19158750,estimated,29252,36907384,147629.54,76635,702.05,44288.86,269255.45,403883171.1,Chartmetric + SoundCharts API + per-stream rates
Q1_2026,Yung6ix,183359,310,13950,estimated,775,1925270,7701.08,55.8,18.6,2310.32,10085.8,15128702.1,Chartmetric + SoundCharts API + per-stream rates
Q1_2026,Zinoleesky,2204424,281000,12645000,estimated,0,23146452,92585.81,50580,0,27775.74,170941.55,256412325.6,Chartmetric + SoundCharts API + per-stream rates
Q1_2026,Zlatan,1973321,433000,19485000,estimated,120242,20719870,82879.48,77940,2885.81,24863.84,188569.13,282853701.9,Chartmetric + SoundCharts API + per-stream rates
Q1_2026,=== PERIOD TOTAL ===,,,,,,,,,,,27956467.15,41934700727,Aggregated
