period_label,nmas_artist_id,artist_name,residency,spotify_monthly_listeners,youtube_quarter_views,deezer_fans,spotify_revenue_usd,youtube_revenue_usd,deezer_revenue_usd,measured_platform_revenue_usd,unmeasured_platform_uplift_usd,gross_streaming_revenue_usd,gross_streaming_revenue_ngn,domestic_share_observed,domestic_revenue_usd,export_revenue_usd,export_revenue_ngn,split_basis,split_classification,youtube_views_source
Q1_2019,2baba,2Baba,domestic,0,6675390,846,0.0,26701.56,20.3,26721.86,0.0,26721.86,40082796.0,,,,,not measured: provider published no geography this quarter,UNK,"estimated: subscribers x 15 views/month (EST, first-submission methodology)"
Q2_2019,2baba,2Baba,domestic,136607,7371135,1122,5737.49,29484.54,26.93,35248.96,1721.25,36970.21,55455315.3,,,,,not measured: provider published no geography this quarter,UNK,"estimated: subscribers x 15 views/month (EST, first-submission methodology)"
Q3_2019,2baba,2Baba,domestic,138061,7785000,1247,5798.56,31140.0,29.93,36968.49,1739.57,38708.06,58062087.9,,,,,not measured: provider published no geography this quarter,UNK,"estimated: subscribers x 15 views/month (EST, first-submission methodology)"
Q4_2019,2baba,2Baba,domestic,128976,8280000,1303,5416.99,33120.0,31.27,38568.26,1625.1,40193.36,60290042.4,,,,,not measured: provider published no geography this quarter,UNK,"estimated: subscribers x 15 views/month (EST, first-submission methodology)"
Q1_2020,2baba,2Baba,domestic,156940,9180000,2966,6591.48,36720.0,71.18,43382.66,1977.44,45360.11,68040162.0,,,,,not measured: provider published no geography this quarter,UNK,"estimated: subscribers x 15 views/month (EST, first-submission methodology)"
Q2_2020,2baba,2Baba,domestic,403575,10215000,5886,16950.15,40860.0,141.26,57951.41,5085.05,63036.46,94554688.5,,,,,not measured: provider published no geography this quarter,UNK,"estimated: subscribers x 15 views/month (EST, first-submission methodology)"
Q3_2020,2baba,2Baba,domestic,227908,11520000,6525,9572.14,46080.0,156.6,55808.74,2871.64,58680.38,88020565.2,,,,,not measured: provider published no geography this quarter,UNK,"estimated: subscribers x 15 views/month (EST, first-submission methodology)"
Q4_2020,2baba,2Baba,domestic,225153,12285000,6856,9456.43,49140.0,164.54,58760.97,2836.93,61597.9,92396846.7,,,,,not measured: provider published no geography this quarter,UNK,"estimated: subscribers x 15 views/month (EST, first-submission methodology)"
Q1_2021,2baba,2Baba,domestic,217955,12735000,7169,9154.11,50940.0,172.06,60266.17,2746.23,63012.4,94518598.5,0.091156,5743.99,57268.41,85902620.36,observed: artist's own Nigerian share of listeners this quarter,OBS,"estimated: subscribers x 15 views/month (EST, first-submission methodology)"
Q2_2021,2baba,2Baba,domestic,233477,13095000,7546,9806.03,52380.0,181.1,62367.14,2941.81,65308.95,97963422.3,0.078862,5150.42,60158.52,90237787.17,observed: artist's own Nigerian share of listeners this quarter,OBS,"estimated: subscribers x 15 views/month (EST, first-submission methodology)"
Q3_2021,2baba,2Baba,domestic,234139,308461,8086,9833.84,1233.84,194.06,11261.75,2950.15,14211.9,21317846.1,0.10483,1489.83,12722.06,19083094.33,observed: artist's own Nigerian share of listeners this quarter,OBS,"observed channel views, quarter net change"
Q4_2021,2baba,2Baba,domestic,273602,2773042,8524,11491.28,11092.17,204.58,22788.03,3447.39,26235.41,39353119.8,0.147641,3873.44,22361.98,33542966.55,observed: artist's own Nigerian share of listeners this quarter,OBS,"observed channel views, quarter net change"
Q1_2022,2baba,2Baba,domestic,267902,3979938,9267,11251.88,15919.75,222.41,27394.04,3375.57,30769.61,46154413.8,0.158223,4868.47,25901.14,38851714.89,observed: artist's own Nigerian share of listeners this quarter,OBS,"observed channel views, quarter net change"
Q2_2022,2baba,2Baba,domestic,273019,2877073,9573,11466.8,11508.29,229.75,23204.84,3440.04,26644.88,39967322.1,0.154958,4128.84,22516.04,33774066.08,observed: artist's own Nigerian share of listeners this quarter,OBS,"observed channel views, quarter net change"
Q3_2022,2baba,2Baba,domestic,241015,3296979,9806,10122.63,13187.92,235.34,23545.89,3036.79,26582.68,39874018.5,0.146611,3897.32,22685.36,34028043.09,observed: artist's own Nigerian share of listeners this quarter,OBS,"observed channel views, quarter net change"
Q4_2022,2baba,2Baba,domestic,263180,3381597,9925,11053.56,13526.39,238.2,24818.15,3316.07,28134.22,42201324.0,0.212631,5982.2,22152.02,33228027.0,observed: artist's own Nigerian share of listeners this quarter,OBS,"observed channel views, quarter net change"
Q1_2023,2baba,2Baba,domestic,271116,3451193,10015,11386.87,13804.77,240.36,25432.0,3416.06,28848.07,43272098.4,0.307251,8863.6,19984.47,29976697.88,observed: artist's own Nigerian share of listeners this quarter,OBS,"observed channel views, quarter net change"
Q2_2023,2baba,2Baba,domestic,322870,7467114,10087,13560.54,29868.46,242.09,43671.08,4068.16,47739.25,71608869.0,0.324508,15491.79,32247.46,48371186.65,observed: artist's own Nigerian share of listeners this quarter,OBS,"observed channel views, quarter net change"
Q3_2023,2baba,2Baba,domestic,327734,3636125,10155,13764.83,14544.5,243.72,28553.05,4129.45,32682.5,49023744.6,0.427814,13982.02,18700.48,28050717.95,observed: artist's own Nigerian share of listeners this quarter,OBS,"observed channel views, quarter net change"
Q4_2023,2baba,2Baba,domestic,345950,4428119,10241,14529.9,17712.48,245.78,32488.16,4358.97,36847.13,55270695.0,0.495421,18254.83,18592.3,27888451.17,observed: artist's own Nigerian share of listeners this quarter,OBS,"observed channel views, quarter net change"
Q1_2024,2baba,2Baba,domestic,374397,3041960,10289,15724.67,12167.84,246.94,28139.45,4717.4,32856.85,49285278.3,0.495012,16264.55,16592.3,24888453.8,observed: artist's own Nigerian share of listeners this quarter,OBS,"observed channel views, quarter net change"
Q2_2024,2baba,2Baba,domestic,369061,4740981,10321,15500.56,18963.92,247.7,34712.19,4650.17,39362.36,59043537.9,0.564818,22232.58,17129.78,25694665.78,observed: artist's own Nigerian share of listeners this quarter,OBS,"observed channel views, quarter net change"
Q3_2024,2baba,2Baba,domestic,417893,4809530,10369,17551.51,19238.12,248.86,37038.48,5265.45,42303.93,63455900.7,0.590173,24966.62,17337.31,26005966.55,observed: artist's own Nigerian share of listeners this quarter,OBS,"observed channel views, quarter net change"
Q4_2024,2baba,2Baba,domestic,503594,4948491,10419,21150.95,19793.96,250.06,41194.97,6345.28,47540.25,71310378.6,0.638177,30339.09,17201.17,25801750.43,observed: artist's own Nigerian share of listeners this quarter,OBS,"observed channel views, quarter net change"
Q1_2025,2baba,2Baba,domestic,484764,7045280,10492,20360.09,28181.12,251.81,48793.02,6108.03,54901.04,82351563.6,0.706412,38782.74,16118.3,24177448.99,observed: artist's own Nigerian share of listeners this quarter,OBS,"observed channel views, quarter net change"
Q2_2025,2baba,2Baba,domestic,472378,5921600,10547,19839.88,23686.4,253.13,43779.4,5951.96,49731.37,74597050.2,0.673077,33473.06,16258.31,24387457.65,observed: artist's own Nigerian share of listeners this quarter,OBS,"observed channel views, quarter net change"
Q3_2025,2baba,2Baba,domestic,572230,6441920,10621,24033.66,25767.68,254.9,50056.24,7210.1,57266.34,85899513.0,0.685045,39230.03,18036.31,27054461.25,observed: artist's own Nigerian share of listeners this quarter,OBS,"observed channel views, quarter net change"
Q4_2025,2baba,2Baba,domestic,770388,5554120,10710,32356.3,22216.48,257.04,54829.82,9706.89,64536.7,96805057.2,0.735644,47476.03,17060.68,25591015.28,observed: artist's own Nigerian share of listeners this quarter,OBS,"observed channel views, quarter net change"
Q1_2026,2baba,2Baba,domestic,764013,5246130,10768,32088.55,20984.52,258.43,53331.5,9626.56,62958.06,94437092.7,0.780327,49127.9,13830.16,20745235.25,observed: artist's own Nigerian share of listeners this quarter,OBS,"observed channel views, quarter net change"
Q2_2026,2baba,2Baba,domestic,797270,6182893,10899,33485.34,24731.57,261.58,58478.49,10045.6,68524.09,102786135.0,0.762967,52281.65,16242.44,24363667.27,observed: artist's own Nigerian share of listeners this quarter,OBS,"observed channel views, quarter net change"
Q3_2026,2baba,2Baba,domestic,841953,4284490,10960,35362.03,17137.96,263.04,52763.03,10608.61,63371.63,95057450.7,0.771984,48921.86,14449.78,21674662.93,observed: artist's own Nigerian share of listeners this quarter,OBS,"observed channel views, quarter net change"
Q1_2019,9ice,9ice,domestic,0,568845,7509,0.0,2275.38,180.22,2455.6,0.0,2455.6,3683394.0,,,,,not measured: provider published no geography this quarter,UNK,"estimated: subscribers x 15 views/month (EST, first-submission methodology)"
Q2_2019,9ice,9ice,domestic,56736,602685,7544,2382.91,2410.74,181.06,4974.71,714.87,5689.58,8534372.4,,,,,not measured: provider published no geography this quarter,UNK,"estimated: subscribers x 15 views/month (EST, first-submission methodology)"
Q3_2019,9ice,9ice,domestic,48531,621000,7622,2038.3,2484.0,182.93,4705.23,611.49,5316.72,7975080.9,,,,,not measured: provider published no geography this quarter,UNK,"estimated: subscribers x 15 views/month (EST, first-submission methodology)"
Q4_2019,9ice,9ice,domestic,37839,652500,7738,1589.24,2610.0,185.71,4384.95,476.77,4861.72,7292582.1,,,,,not measured: provider published no geography this quarter,UNK,"estimated: subscribers x 15 views/month (EST, first-submission methodology)"
Q1_2020,9ice,9ice,domestic,36337,720000,7846,1526.15,2880.0,188.3,4594.46,457.85,5052.3,7578456.3,,,,,not measured: provider published no geography this quarter,UNK,"estimated: subscribers x 15 views/month (EST, first-submission methodology)"
Q2_2020,9ice,9ice,domestic,46293,837000,8028,1944.31,3348.0,192.67,5484.98,583.29,6068.27,9102404.7,,,,,not measured: provider published no geography this quarter,UNK,"estimated: subscribers x 15 views/month (EST, first-submission methodology)"
Q3_2020,9ice,9ice,domestic,36900,981000,8288,1549.8,3924.0,198.91,5672.71,464.94,6137.65,9206478.0,,,,,not measured: provider published no geography this quarter,UNK,"estimated: subscribers x 15 views/month (EST, first-submission methodology)"
Q4_2020,9ice,9ice,domestic,36712,1053000,8522,1541.9,4212.0,204.53,5958.43,462.57,6421.0,9631504.8,,,,,not measured: provider published no geography this quarter,UNK,"estimated: subscribers x 15 views/month (EST, first-submission methodology)"
Q1_2021,9ice,9ice,domestic,40596,1197000,8772,1705.03,4788.0,210.53,6703.56,511.51,7215.07,10822604.4,0.165952,1197.36,6017.71,9026568.19,observed: artist's own Nigerian share of listeners this quarter,OBS,"estimated: subscribers x 15 views/month (EST, first-submission methodology)"
Q2_2021,9ice,9ice,domestic,50561,1255500,8945,2123.56,5022.0,214.68,7360.24,637.07,7997.31,11995965.9,0.160847,1286.35,6710.96,10066446.08,observed: artist's own Nigerian share of listeners this quarter,OBS,"estimated: subscribers x 15 views/month (EST, first-submission methodology)"
Q3_2021,9ice,9ice,domestic,55318,87009,9162,2323.36,348.04,219.89,2891.28,697.01,3588.29,5382430.2,0.200491,719.42,2868.87,4303300.04,observed: artist's own Nigerian share of listeners this quarter,OBS,"observed channel views, quarter net change"
Q4_2021,9ice,9ice,domestic,55349,1021504,9321,2324.66,4086.02,223.7,6634.38,697.4,7331.78,10997663.1,0.233269,1710.28,5621.5,8432244.91,observed: artist's own Nigerian share of listeners this quarter,OBS,"observed channel views, quarter net change"
Q1_2022,9ice,9ice,domestic,62775,1152357,9466,2636.55,4609.43,227.18,7473.16,790.97,8264.13,12396190.5,0.278057,2297.9,5966.23,8949344.55,observed: artist's own Nigerian share of listeners this quarter,OBS,"observed channel views, quarter net change"
Q2_2022,9ice,9ice,domestic,67490,1174846,9554,2834.58,4699.38,229.3,7763.26,850.37,8613.63,12920451.0,0.294641,2537.93,6075.71,9113559.8,observed: artist's own Nigerian share of listeners this quarter,OBS,"observed channel views, quarter net change"
Q3_2022,9ice,9ice,domestic,65731,1750609,9655,2760.7,7002.44,231.72,9994.86,828.21,10823.07,16234602.9,0.305853,3310.27,7512.8,11269201.16,observed: artist's own Nigerian share of listeners this quarter,OBS,"observed channel views, quarter net change"
Q4_2022,9ice,9ice,domestic,71871,1021863,9700,3018.58,4087.45,232.8,7338.83,905.57,8244.41,12366612.9,0.359948,2967.56,5276.85,7915274.97,observed: artist's own Nigerian share of listeners this quarter,OBS,"observed channel views, quarter net change"
Q1_2023,9ice,9ice,domestic,86845,1027831,9732,3647.49,4111.32,233.57,7992.38,1094.25,9086.63,13629943.5,0.457307,4155.38,4931.25,7396870.68,observed: artist's own Nigerian share of listeners this quarter,OBS,"observed channel views, quarter net change"
Q2_2023,9ice,9ice,domestic,115383,1212755,9775,4846.09,4851.02,234.6,9931.71,1453.83,11385.53,17078297.7,0.497049,5659.17,5726.36,8589546.47,observed: artist's own Nigerian share of listeners this quarter,OBS,"observed channel views, quarter net change"
Q3_2023,9ice,9ice,domestic,114403,1791000,9804,4804.93,7164.0,235.3,12204.22,1441.48,13645.7,20468549.7,0.58808,8024.77,5620.93,8431400.89,observed: artist's own Nigerian share of listeners this quarter,OBS,"estimated: subscribers x 15 views/month (EST, first-submission methodology)"
Q4_2023,9ice,9ice,domestic,204355,2231359,9848,8582.91,8925.44,236.35,17744.7,2574.87,20319.57,30479356.5,0.650181,13211.39,7108.18,10662267.21,observed: artist's own Nigerian share of listeners this quarter,OBS,"observed channel views, quarter net change"
Q1_2024,9ice,9ice,domestic,259220,638888,9873,10887.24,2555.55,236.95,13679.74,3266.17,16945.92,25418874.0,0.664639,11262.91,5683.01,8524510.1,observed: artist's own Nigerian share of listeners this quarter,OBS,"observed channel views, quarter net change"
Q2_2024,9ice,9ice,domestic,277245,1291193,9893,11644.29,5164.77,237.43,17046.49,3493.29,20539.78,30809671.5,0.699553,14368.67,6171.11,9256665.8,observed: artist's own Nigerian share of listeners this quarter,OBS,"observed channel views, quarter net change"
Q3_2024,9ice,9ice,domestic,313611,1392383,9918,13171.66,5569.53,238.03,18979.23,3951.5,22930.72,34396086.9,0.67829,15553.69,7377.03,11065549.31,observed: artist's own Nigerian share of listeners this quarter,OBS,"observed channel views, quarter net change"
Q4_2024,9ice,9ice,domestic,309137,1468502,9949,12983.75,5874.01,238.78,19096.54,3895.13,22991.66,34487496.3,0.675283,15525.88,7465.78,11198675.01,observed: artist's own Nigerian share of listeners this quarter,OBS,"observed channel views, quarter net change"
Q1_2025,9ice,9ice,domestic,269245,1328017,9965,11308.29,5312.07,239.16,16859.52,3392.49,20252.01,30378007.5,0.76399,15472.33,4779.68,7169513.1,observed: artist's own Nigerian share of listeners this quarter,OBS,"observed channel views, quarter net change"
Q2_2025,9ice,9ice,domestic,340210,1478921,9990,14288.82,5915.68,239.76,20444.26,4286.65,24730.91,37096365.0,0.770398,19052.64,5678.27,8517410.89,observed: artist's own Nigerian share of listeners this quarter,OBS,"observed channel views, quarter net change"
Q3_2025,9ice,9ice,domestic,331340,1538087,10013,13916.28,6152.35,240.31,20308.94,4174.88,24483.82,36725736.0,0.774728,18968.31,5515.52,8273274.27,observed: artist's own Nigerian share of listeners this quarter,OBS,"observed channel views, quarter net change"
Q4_2025,9ice,9ice,domestic,375208,1550777,10039,15758.74,6203.11,240.94,22202.78,4727.62,26930.4,40395601.2,0.802594,21614.17,5316.23,7974341.26,observed: artist's own Nigerian share of listeners this quarter,OBS,"observed channel views, quarter net change"
Q1_2026,9ice,9ice,domestic,290882,1727965,10059,12217.04,6911.86,241.42,19370.32,3665.11,23035.43,34553149.8,0.841459,19383.38,3652.05,5478079.13,observed: artist's own Nigerian share of listeners this quarter,OBS,"observed channel views, quarter net change"
Q2_2026,9ice,9ice,domestic,409921,2202008,10115,17216.68,8808.03,242.76,26267.47,5165.0,31432.48,47148717.9,0.871612,27396.92,4035.56,6053336.8,observed: artist's own Nigerian share of listeners this quarter,OBS,"observed channel views, quarter net change"
Q3_2026,9ice,9ice,domestic,499372,758275,10139,20973.62,3033.1,243.34,24250.06,6292.09,30542.15,45813220.8,0.881739,26930.21,3611.94,5417902.8,observed: artist's own Nigerian share of listeners this quarter,OBS,"observed channel views, quarter net change"
Q1_2019,adekunle-gold,Adekunle Gold,domestic,0,0,11081,0.0,0.0,265.94,265.94,0.0,265.94,398916.0,,,,,not measured: provider published no geography this quarter,UNK,no YouTube presence observed
Q2_2019,adekunle-gold,Adekunle Gold,domestic,190264,0,11679,7991.09,0.0,280.3,8271.38,2397.33,10668.71,16003065.6,,,,,not measured: provider published no geography this quarter,UNK,no YouTube presence observed
Q3_2019,adekunle-gold,Adekunle Gold,domestic,242775,0,14295,10196.55,0.0,343.08,10539.63,3058.97,13598.6,20397892.5,,,,,not measured: provider published no geography this quarter,UNK,no YouTube presence observed
Q4_2019,adekunle-gold,Adekunle Gold,domestic,264861,0,20739,11124.16,0.0,497.74,11621.9,3337.25,14959.15,22438719.9,,,,,not measured: provider published no geography this quarter,UNK,no YouTube presence observed
Q1_2020,adekunle-gold,Adekunle Gold,domestic,250512,0,26871,10521.5,0.0,644.9,11166.41,3156.45,14322.86,21484288.8,,,,,not measured: provider published no geography this quarter,UNK,no YouTube presence observed
Q2_2020,adekunle-gold,Adekunle Gold,domestic,523044,0,35134,21967.85,0.0,843.22,22811.06,6590.35,29401.42,44102127.6,,,,,not measured: provider published no geography this quarter,UNK,no YouTube presence observed
Q3_2020,adekunle-gold,Adekunle Gold,domestic,546604,0,49604,22957.37,0.0,1190.5,24147.86,6887.21,31035.07,46552611.6,,,,,not measured: provider published no geography this quarter,UNK,no YouTube presence observed
Q4_2020,adekunle-gold,Adekunle Gold,domestic,459150,0,64287,19284.3,0.0,1542.89,20827.19,5785.29,26612.48,39918717.0,,,,,not measured: provider published no geography this quarter,UNK,no YouTube presence observed
Q1_2021,adekunle-gold,Adekunle Gold,domestic,936701,0,76662,39341.44,0.0,1839.89,41181.33,11802.43,52983.76,79475643.9,0.040891,2166.58,50817.18,76225774.85,observed: artist's own Nigerian share of listeners this quarter,OBS,no YouTube presence observed
Q2_2021,adekunle-gold,Adekunle Gold,domestic,1089767,0,88528,45770.21,0.0,2124.67,47894.89,13731.06,61625.95,92438925.3,0.034185,2106.69,59519.26,89278883.71,observed: artist's own Nigerian share of listeners this quarter,OBS,no YouTube presence observed
Q3_2021,adekunle-gold,Adekunle Gold,domestic,1629311,0,103892,68431.06,0.0,2493.41,70924.47,20529.32,91453.79,137180682.9,0.056859,5199.99,86253.8,129380697.29,observed: artist's own Nigerian share of listeners this quarter,OBS,no YouTube presence observed
Q4_2021,adekunle-gold,Adekunle Gold,domestic,1702169,0,122753,71491.1,0.0,2946.07,74437.17,21447.33,95884.5,143826749.1,0.080107,7680.99,88203.51,132305269.3,observed: artist's own Nigerian share of listeners this quarter,OBS,no YouTube presence observed
Q1_2022,adekunle-gold,Adekunle Gold,domestic,1992228,0,142089,83673.58,0.0,3410.14,87083.71,25102.07,112185.78,168278677.2,0.073321,8225.59,103960.19,155940288.01,observed: artist's own Nigerian share of listeners this quarter,OBS,no YouTube presence observed
Q2_2022,adekunle-gold,Adekunle Gold,domestic,2075768,0,151770,87182.26,0.0,3642.48,90824.74,26154.68,116979.41,175469119.2,0.069568,8137.99,108841.42,163262134.81,observed: artist's own Nigerian share of listeners this quarter,OBS,no YouTube presence observed
Q3_2022,adekunle-gold,Adekunle Gold,domestic,2482984,0,158105,104285.33,0.0,3794.52,108079.85,31285.6,139365.45,209048169.6,0.058624,8170.12,131195.33,196792994.78,observed: artist's own Nigerian share of listeners this quarter,OBS,no YouTube presence observed
Q4_2022,adekunle-gold,Adekunle Gold,domestic,2134307,0,162642,89640.89,0.0,3903.41,93544.3,26892.27,120436.57,180654855.3,0.072074,8680.29,111756.28,167634418.18,observed: artist's own Nigerian share of listeners this quarter,OBS,no YouTube presence observed
Q1_2023,adekunle-gold,Adekunle Gold,domestic,2526803,0,166044,106125.73,0.0,3985.06,110110.78,31837.72,141948.5,212922749.7,0.146965,20861.45,121087.05,181630568.86,observed: artist's own Nigerian share of listeners this quarter,OBS,no YouTube presence observed
Q2_2023,adekunle-gold,Adekunle Gold,domestic,3174635,0,169365,133334.67,0.0,4064.76,137399.43,40000.4,177399.83,266099746.5,0.157318,27908.14,149491.69,224237529.13,observed: artist's own Nigerian share of listeners this quarter,OBS,no YouTube presence observed
Q3_2023,adekunle-gold,Adekunle Gold,domestic,3111670,0,172633,130690.14,0.0,4143.19,134833.33,39207.04,174040.37,261060561.0,0.203778,35465.54,138574.84,207862257.6,observed: artist's own Nigerian share of listeners this quarter,OBS,no YouTube presence observed
Q4_2023,adekunle-gold,Adekunle Gold,domestic,3022781,0,175928,126956.8,0.0,4222.27,131179.07,38087.04,169266.11,253899171.9,0.243634,41238.98,128027.14,192040708.13,observed: artist's own Nigerian share of listeners this quarter,OBS,no YouTube presence observed
Q1_2024,adekunle-gold,Adekunle Gold,domestic,2935700,0,179257,123299.4,0.0,4302.17,127601.57,36989.82,164591.39,246887082.0,0.253164,41668.57,122922.82,184384228.3,observed: artist's own Nigerian share of listeners this quarter,OBS,no YouTube presence observed
Q2_2024,adekunle-gold,Adekunle Gold,domestic,2922257,10675809,183439,122734.79,42703.24,4402.54,169840.57,36820.44,206661.0,309991506.3,0.326594,67494.18,139166.82,208750232.57,observed: artist's own Nigerian share of listeners this quarter,OBS,"observed channel views, quarter net change"
Q3_2024,adekunle-gold,Adekunle Gold,domestic,2637007,14788504,186515,110754.29,59154.02,4476.36,174384.67,33226.29,207610.96,311416437.3,0.315387,65477.82,142133.14,213199709.12,observed: artist's own Nigerian share of listeners this quarter,OBS,"observed channel views, quarter net change"
Q4_2024,adekunle-gold,Adekunle Gold,domestic,2626213,15423640,189222,110300.95,61694.56,4541.33,176536.83,33090.28,209627.12,314440676.7,0.400003,83851.48,125775.63,188663451.23,observed: artist's own Nigerian share of listeners this quarter,OBS,"observed channel views, quarter net change"
Q1_2025,adekunle-gold,Adekunle Gold,domestic,2596487,13464410,191620,109052.45,53857.64,4598.88,167508.97,32715.74,200224.71,300337065.3,0.454324,90966.86,109257.85,163886770.06,observed: artist's own Nigerian share of listeners this quarter,OBS,"observed channel views, quarter net change"
Q2_2025,adekunle-gold,Adekunle Gold,domestic,2417773,14959680,194031,101546.47,59838.72,4656.74,166041.93,30463.94,196505.87,294758804.7,0.400224,78646.35,117859.52,176789274.21,observed: artist's own Nigerian share of listeners this quarter,OBS,"observed channel views, quarter net change"
Q3_2025,adekunle-gold,Adekunle Gold,domestic,2768989,18366720,196571,116297.54,73466.88,4717.7,194482.12,34889.26,229371.38,344057075.1,0.486866,111673.07,117698.31,176547471.34,observed: artist's own Nigerian share of listeners this quarter,OBS,"observed channel views, quarter net change"
Q4_2025,adekunle-gold,Adekunle Gold,domestic,3226217,28385630,198663,135501.11,113542.52,4767.91,253811.55,40650.33,294461.88,441692820.3,0.581943,171360.06,123101.82,184652725.81,observed: artist's own Nigerian share of listeners this quarter,OBS,"observed channel views, quarter net change"
Q1_2026,adekunle-gold,Adekunle Gold,domestic,2878823,22633400,200385,120910.57,90533.6,4809.24,216253.41,36273.17,252526.58,378789863.7,0.566761,143122.22,109404.36,164106535.62,observed: artist's own Nigerian share of listeners this quarter,OBS,"observed channel views, quarter net change"
Q2_2026,adekunle-gold,Adekunle Gold,domestic,3205336,21210980,202280,134624.11,84843.92,4854.72,224322.75,40387.23,264709.99,397064978.4,0.590865,156407.88,108302.11,162453162.05,observed: artist's own Nigerian share of listeners this quarter,OBS,"observed channel views, quarter net change"
Q3_2026,adekunle-gold,Adekunle Gold,domestic,3508125,5375294,203059,147341.25,21501.18,4873.42,173715.84,44202.38,217918.22,326877325.5,0.558938,121802.82,96115.39,144173088.4,observed: artist's own Nigerian share of listeners this quarter,OBS,"observed channel views, quarter net change"
Q1_2019,ajebutter22,Ajebutter22,domestic,0,0,561,0.0,0.0,13.46,13.46,0.0,13.46,20196.0,,,,,not measured: provider published no geography this quarter,UNK,no YouTube presence observed
Q2_2019,ajebutter22,Ajebutter22,domestic,226695,0,592,9521.19,0.0,14.21,9535.4,2856.36,12391.76,18587632.5,,,,,not measured: provider published no geography this quarter,UNK,no YouTube presence observed
Q3_2019,ajebutter22,Ajebutter22,domestic,255421,0,617,10727.68,0.0,14.81,10742.49,3218.3,13960.79,20941191.9,,,,,not measured: provider published no geography this quarter,UNK,no YouTube presence observed
Q4_2019,ajebutter22,Ajebutter22,domestic,289597,0,1173,12163.07,0.0,28.15,12191.23,3648.92,15840.15,23760222.3,,,,,not measured: provider published no geography this quarter,UNK,no YouTube presence observed
Q1_2020,ajebutter22,Ajebutter22,domestic,283447,0,2940,11904.77,0.0,70.56,11975.33,3571.43,15546.77,23320149.3,,,,,not measured: provider published no geography this quarter,UNK,no YouTube presence observed
Q2_2020,ajebutter22,Ajebutter22,domestic,331331,0,3756,13915.9,0.0,90.14,14006.05,4174.77,18180.82,27271224.9,,,,,not measured: provider published no geography this quarter,UNK,no YouTube presence observed
Q3_2020,ajebutter22,Ajebutter22,domestic,300286,0,3993,12612.01,0.0,95.83,12707.84,3783.6,16491.45,24737171.4,,,,,not measured: provider published no geography this quarter,UNK,no YouTube presence observed
Q4_2020,ajebutter22,Ajebutter22,domestic,245155,0,4231,10296.51,0.0,101.54,10398.05,3088.95,13487.01,20230510.5,,,,,not measured: provider published no geography this quarter,UNK,no YouTube presence observed
Q1_2021,ajebutter22,Ajebutter22,domestic,245398,0,4723,10306.72,0.0,113.35,10420.07,3092.01,13512.08,20268124.2,0.066622,900.21,12611.88,18917813.43,observed: artist's own Nigerian share of listeners this quarter,OBS,no YouTube presence observed
Q2_2021,ajebutter22,Ajebutter22,domestic,257412,0,5047,10811.3,0.0,121.13,10932.43,3243.39,14175.82,21263734.8,0.060362,855.68,13320.14,19980211.22,observed: artist's own Nigerian share of listeners this quarter,OBS,no YouTube presence observed
Q3_2021,ajebutter22,Ajebutter22,domestic,255856,0,5485,10745.95,0.0,131.64,10877.59,3223.79,14101.38,21152066.4,0.07109,1002.47,13098.91,19648359.5,observed: artist's own Nigerian share of listeners this quarter,OBS,no YouTube presence observed
Q4_2021,ajebutter22,Ajebutter22,domestic,275177,0,5742,11557.43,0.0,137.81,11695.24,3467.23,15162.47,22743708.3,0.089927,1363.51,13798.96,20698444.31,observed: artist's own Nigerian share of listeners this quarter,OBS,no YouTube presence observed
Q1_2022,ajebutter22,Ajebutter22,domestic,393952,0,5926,16545.98,0.0,142.22,16688.21,4963.8,21652.0,32478004.8,0.075781,1640.82,20011.19,30016777.76,observed: artist's own Nigerian share of listeners this quarter,OBS,no YouTube presence observed
Q2_2022,ajebutter22,Ajebutter22,domestic,481446,0,6055,20220.73,0.0,145.32,20366.05,6066.22,26432.27,39648407.4,0.075484,1995.21,24437.07,36655599.24,observed: artist's own Nigerian share of listeners this quarter,OBS,no YouTube presence observed
Q3_2022,ajebutter22,Ajebutter22,domestic,462955,0,6098,19444.11,0.0,146.35,19590.46,5833.23,25423.69,38135542.5,0.082143,2088.39,23335.31,35002964.16,observed: artist's own Nigerian share of listeners this quarter,OBS,no YouTube presence observed
Q4_2022,ajebutter22,Ajebutter22,domestic,419794,0,6142,17631.35,0.0,147.41,17778.76,5289.4,23068.16,34602240.6,0.121219,2796.31,20271.85,30407781.06,observed: artist's own Nigerian share of listeners this quarter,OBS,no YouTube presence observed
Q1_2023,ajebutter22,Ajebutter22,domestic,377788,0,6189,15867.1,0.0,148.54,16015.63,4760.13,20775.76,31163641.2,0.13687,2843.59,17932.17,26898260.79,observed: artist's own Nigerian share of listeners this quarter,OBS,no YouTube presence observed
Q2_2023,ajebutter22,Ajebutter22,domestic,318237,0,6219,13365.95,0.0,149.26,13515.21,4009.79,17525.0,26287494.3,0.156567,2743.84,14781.16,22171732.89,observed: artist's own Nigerian share of listeners this quarter,OBS,no YouTube presence observed
Q3_2023,ajebutter22,Ajebutter22,domestic,264791,0,6240,11121.22,0.0,149.76,11270.98,3336.37,14607.35,21911022.9,0.177067,2586.48,12020.87,18031307.46,observed: artist's own Nigerian share of listeners this quarter,OBS,no YouTube presence observed
Q4_2023,ajebutter22,Ajebutter22,domestic,342549,0,6280,14387.06,0.0,150.72,14537.78,4316.12,18853.9,28280843.1,0.294536,5553.15,13300.75,19951124.86,observed: artist's own Nigerian share of listeners this quarter,OBS,no YouTube presence observed
Q1_2024,ajebutter22,Ajebutter22,domestic,297021,2218500,6312,12474.88,8874.0,151.49,21500.37,3742.46,25242.83,37864251.9,0.295815,7467.21,17775.62,26663433.41,observed: artist's own Nigerian share of listeners this quarter,OBS,"estimated: subscribers x 15 views/month (EST, first-submission methodology)"
Q2_2024,ajebutter22,Ajebutter22,domestic,260508,2227500,6331,10941.34,8910.0,151.94,20003.28,3282.4,23285.68,34928521.2,0.337534,7859.71,15425.97,23138957.06,observed: artist's own Nigerian share of listeners this quarter,OBS,"estimated: subscribers x 15 views/month (EST, first-submission methodology)"
Q3_2024,ajebutter22,Ajebutter22,domestic,221411,2242035,6360,9299.26,8968.14,152.64,18420.04,2789.78,21209.82,31814730.9,0.299977,6362.47,14847.35,22271031.42,observed: artist's own Nigerian share of listeners this quarter,OBS,"estimated: subscribers x 15 views/month (EST, first-submission methodology)"
Q4_2024,ajebutter22,Ajebutter22,domestic,201439,2251395,6383,8460.44,9005.58,153.19,17619.21,2538.13,20157.34,30236012.1,0.338955,6832.44,13324.9,19987356.2,observed: artist's own Nigerian share of listeners this quarter,OBS,"estimated: subscribers x 15 views/month (EST, first-submission methodology)"
Q1_2025,ajebutter22,Ajebutter22,domestic,188079,408062,6410,7899.32,1632.25,153.84,9685.41,2369.8,12055.2,18082802.1,0.407757,4915.6,7139.6,10709406.67,observed: artist's own Nigerian share of listeners this quarter,OBS,"observed channel views, quarter net change"
Q2_2025,ajebutter22,Ajebutter22,domestic,201433,331288,6435,8460.19,1325.15,154.44,9939.78,2538.06,12477.83,18716750.7,0.415838,5188.76,7289.08,10933617.57,observed: artist's own Nigerian share of listeners this quarter,OBS,"observed channel views, quarter net change"
Q3_2025,ajebutter22,Ajebutter22,domestic,221484,340320,6467,9302.33,1361.28,155.21,10818.82,2790.7,13609.51,20414271.6,0.441311,6006.03,7603.48,11405225.33,observed: artist's own Nigerian share of listeners this quarter,OBS,"observed channel views, quarter net change"
Q4_2025,ajebutter22,Ajebutter22,domestic,207074,584108,7,8697.11,2336.43,0.17,11033.71,2609.13,13642.84,20464260.6,0.461256,6292.84,7350.0,11024997.47,observed: artist's own Nigerian share of listeners this quarter,OBS,"observed channel views, quarter net change"
Q1_2026,ajebutter22,Ajebutter22,domestic,178640,390708,7,7502.88,1562.83,0.17,9065.88,2250.86,11316.74,16975116.0,0.494117,5591.8,5724.94,8587417.21,observed: artist's own Nigerian share of listeners this quarter,OBS,"observed channel views, quarter net change"
Q2_2026,ajebutter22,Ajebutter22,domestic,208339,0,6585,8750.24,0.0,158.04,8908.28,2625.07,11533.35,17300024.1,0.517584,5969.48,5563.87,8345802.86,observed: artist's own Nigerian share of listeners this quarter,OBS,no YouTube presence observed
Q3_2026,ajebutter22,Ajebutter22,domestic,187348,0,6612,7868.62,0.0,158.69,8027.3,2360.58,10387.89,15581833.2,0.507482,5271.67,5116.22,7674328.74,observed: artist's own Nigerian share of listeners this quarter,OBS,no YouTube presence observed
Q1_2019,amaarae,Amaarae,diaspora_candidate,0,70605,0,0.0,282.42,0.0,282.42,0.0,282.42,423630.0,,,,,not measured: provider published no geography this quarter,UNK,"estimated: subscribers x 15 views/month (EST, first-submission methodology)"
Q2_2019,amaarae,Amaarae,diaspora_candidate,49356,97875,0,2072.95,391.5,0.0,2464.45,621.89,3086.34,4629506.4,,,,,not measured: provider published no geography this quarter,UNK,"estimated: subscribers x 15 views/month (EST, first-submission methodology)"
Q3_2019,amaarae,Amaarae,diaspora_candidate,47141,113850,71,1979.92,455.4,1.7,2437.03,593.98,3031.0,4546503.9,,,,,not measured: provider published no geography this quarter,UNK,"estimated: subscribers x 15 views/month (EST, first-submission methodology)"
Q4_2019,amaarae,Amaarae,diaspora_candidate,70248,257400,141,2950.42,1029.6,3.38,3983.4,885.12,4868.52,7302787.2,,,,,not measured: provider published no geography this quarter,UNK,"estimated: subscribers x 15 views/month (EST, first-submission methodology)"
Q1_2020,amaarae,Amaarae,diaspora_candidate,45338,379350,243,1904.2,1517.4,5.83,3427.43,571.26,3998.69,5998030.2,,,,,not measured: provider published no geography this quarter,UNK,"estimated: subscribers x 15 views/month (EST, first-submission methodology)"
Q2_2020,amaarae,Amaarae,diaspora_candidate,61897,481500,433,2599.67,1926.0,10.39,4536.07,779.9,5315.97,7973952.3,,,,,not measured: provider published no geography this quarter,UNK,"estimated: subscribers x 15 views/month (EST, first-submission methodology)"
Q3_2020,amaarae,Amaarae,diaspora_candidate,123187,625500,671,5173.85,2502.0,16.1,7691.96,1552.16,9244.11,13866171.3,,,,,not measured: provider published no geography this quarter,UNK,"estimated: subscribers x 15 views/month (EST, first-submission methodology)"
Q4_2020,amaarae,Amaarae,diaspora_candidate,310906,859500,1359,13058.05,3438.0,32.62,16528.67,3917.42,20446.08,30669125.4,,,,,not measured: provider published no geography this quarter,UNK,"estimated: subscribers x 15 views/month (EST, first-submission methodology)"
Q1_2021,amaarae,Amaarae,diaspora_candidate,381224,1120500,2310,16011.41,4482.0,55.44,20548.85,4803.42,25352.27,38028405.6,0.02327,589.94,24762.33,37143492.83,observed: artist's own Nigerian share of listeners this quarter,OBS,"estimated: subscribers x 15 views/month (EST, first-submission methodology)"
Q2_2021,amaarae,Amaarae,diaspora_candidate,406824,1305000,3149,17086.61,5220.0,75.58,22382.18,5125.98,27508.17,41262249.6,0.021414,589.06,26919.11,40378665.48,observed: artist's own Nigerian share of listeners this quarter,OBS,"estimated: subscribers x 15 views/month (EST, first-submission methodology)"
Q3_2021,amaarae,Amaarae,diaspora_candidate,827913,49282,4139,34772.35,197.13,99.34,35068.81,10431.7,45500.51,68250770.7,0.019012,865.06,44635.45,66953174.13,observed: artist's own Nigerian share of listeners this quarter,OBS,"observed channel views, quarter net change"
Q4_2021,amaarae,Amaarae,diaspora_candidate,11064618,16186168,6805,464713.96,64744.67,163.32,529621.95,139414.19,669036.13,1003554202.2,0.001311,876.83,668159.31,1002238959.18,observed: artist's own Nigerian share of listeners this quarter,OBS,"observed channel views, quarter net change"
Q1_2022,amaarae,Amaarae,diaspora_candidate,7126310,38378631,10717,299305.02,153514.52,257.21,453076.75,89791.51,542868.26,814302387.0,0.00352,1910.64,540957.61,811436420.82,observed: artist's own Nigerian share of listeners this quarter,OBS,"observed channel views, quarter net change"
Q2_2022,amaarae,Amaarae,diaspora_candidate,5360751,23296332,13313,225151.54,93185.33,319.51,318656.38,67545.46,386201.84,579302766.9,0.048482,18723.86,367477.99,551216983.3,assumed: portfolio-wide ratio applied to an artist without own geography,ASM,"observed channel views, quarter net change"
Q3_2022,amaarae,Amaarae,diaspora_candidate,4924257,17253328,14653,206818.79,69013.31,351.67,276183.78,62045.64,338229.42,507344124.3,0.003866,1307.64,336921.78,505382669.17,observed: artist's own Nigerian share of listeners this quarter,OBS,"observed channel views, quarter net change"
Q4_2022,amaarae,Amaarae,diaspora_candidate,4680376,16311057,15841,196575.79,65244.23,380.18,262200.2,58972.74,321172.94,481759412.4,0.004216,1353.96,319818.98,479728467.47,observed: artist's own Nigerian share of listeners this quarter,OBS,"observed channel views, quarter net change"
Q1_2023,amaarae,Amaarae,diaspora_candidate,5306931,15333880,16499,222891.1,61335.52,395.98,284622.6,66867.33,351489.93,527234892.9,0.007657,2691.52,348798.4,523197607.32,observed: artist's own Nigerian share of listeners this quarter,OBS,"observed channel views, quarter net change"
Q2_2023,amaarae,Amaarae,diaspora_candidate,6760660,17873169,17560,283947.72,71492.68,421.44,355861.84,85184.32,441046.15,661569228.0,0.007714,3402.04,437644.11,656466167.72,observed: artist's own Nigerian share of listeners this quarter,OBS,"observed channel views, quarter net change"
Q3_2023,amaarae,Amaarae,diaspora_candidate,5205881,15484266,18886,218647.0,61937.06,453.26,281037.33,65594.1,346631.43,519947145.9,0.006949,2408.7,344222.73,516334096.15,observed: artist's own Nigerian share of listeners this quarter,OBS,"observed channel views, quarter net change"
Q4_2023,amaarae,Amaarae,diaspora_candidate,6281272,29437474,20617,263813.42,117749.9,494.81,382058.13,79144.03,461202.16,691803232.8,0.0597,27533.87,433668.29,650502435.15,observed: artist's own Nigerian share of listeners this quarter,OBS,"observed channel views, quarter net change"
Q1_2024,amaarae,Amaarae,diaspora_candidate,6679104,36749273,23365,280522.37,146997.09,560.76,428080.22,84156.71,512236.93,768355395.6,0.042169,21600.32,490636.61,735954909.61,observed: artist's own Nigerian share of listeners this quarter,OBS,"observed channel views, quarter net change"
Q2_2024,amaarae,Amaarae,diaspora_candidate,5696931,28147064,26115,239271.1,112588.26,626.76,352486.12,71781.33,424267.45,636401172.9,0.040266,17083.55,407183.9,610775849.47,observed: artist's own Nigerian share of listeners this quarter,OBS,"observed channel views, quarter net change"
Q3_2024,amaarae,Amaarae,diaspora_candidate,6754737,29266618,28322,283698.95,117066.47,679.73,401445.15,85109.69,486554.84,729832260.3,0.031167,15164.53,471390.31,707085458.1,observed: artist's own Nigerian share of listeners this quarter,OBS,"observed channel views, quarter net change"
Q4_2024,amaarae,Amaarae,diaspora_candidate,6335038,25217463,29548,266071.6,100869.85,709.15,367650.6,79821.48,447472.08,671208118.2,0.037296,16688.87,430783.21,646174810.85,observed: artist's own Nigerian share of listeners this quarter,OBS,"observed channel views, quarter net change"
Q1_2025,amaarae,Amaarae,diaspora_candidate,5428065,24409720,30812,227978.73,97638.88,739.49,326357.1,68393.62,394750.72,592126075.5,0.02818,11123.94,383626.78,575440166.87,observed: artist's own Nigerian share of listeners this quarter,OBS,"observed channel views, quarter net change"
Q2_2025,amaarae,Amaarae,diaspora_candidate,5803807,24240990,31712,243759.89,96963.96,761.09,341484.94,73127.97,414612.91,621919365.3,0.030925,12821.73,401791.18,602686764.5,observed: artist's own Nigerian share of listeners this quarter,OBS,"observed channel views, quarter net change"
Q3_2025,amaarae,Amaarae,diaspora_candidate,5582764,24807660,33763,234476.09,99230.64,810.31,334517.04,70342.83,404859.87,607289799.6,0.030837,12484.69,392375.18,588562770.71,observed: artist's own Nigerian share of listeners this quarter,OBS,"observed channel views, quarter net change"
Q4_2025,amaarae,Amaarae,diaspora_candidate,5230672,22036750,35837,219688.22,88147.0,860.09,308695.31,65906.47,374601.78,561902668.8,0.029957,11222.05,363379.73,545069601.2,observed: artist's own Nigerian share of listeners this quarter,OBS,"observed channel views, quarter net change"
Q1_2026,amaarae,Amaarae,diaspora_candidate,4989324,18073990,37396,209551.61,72295.96,897.5,282745.07,62865.48,345610.55,518415831.6,0.026854,9281.18,336329.38,504494067.26,observed: artist's own Nigerian share of listeners this quarter,OBS,"observed channel views, quarter net change"
Q2_2026,amaarae,Amaarae,diaspora_candidate,5061558,22517377,39190,212585.44,90069.51,940.56,303595.5,63775.63,367371.13,551056702.2,0.028142,10338.46,357032.68,535549013.12,observed: artist's own Nigerian share of listeners this quarter,OBS,"observed channel views, quarter net change"
Q3_2026,amaarae,Amaarae,diaspora_candidate,4934658,4860979,39706,207255.64,19443.92,952.94,227652.5,62176.69,289829.19,434743780.2,0.02787,8077.46,281751.72,422627586.8,observed: artist's own Nigerian share of listeners this quarter,OBS,"observed channel views, quarter net change"
Q3_2019,asake,Asake,domestic,49,0,0,2.06,0.0,0.0,2.06,0.62,2.68,4013.1,,,,,not measured: provider published no geography this quarter,UNK,no YouTube presence observed
Q4_2019,asake,Asake,domestic,95,0,0,3.99,0.0,0.0,3.99,1.2,5.19,7780.5,,,,,not measured: provider published no geography this quarter,UNK,no YouTube presence observed
Q1_2020,asake,Asake,domestic,4662,0,9,195.8,0.0,0.22,196.02,58.74,254.76,382141.8,,,,,not measured: provider published no geography this quarter,UNK,no YouTube presence observed
Q2_2020,asake,Asake,domestic,4773,0,11,200.47,0.0,0.26,200.73,60.14,260.87,391304.7,,,,,not measured: provider published no geography this quarter,UNK,no YouTube presence observed
Q3_2020,asake,Asake,domestic,4255,0,16,178.71,0.0,0.38,179.09,53.61,232.71,349060.5,,,,,not measured: provider published no geography this quarter,UNK,no YouTube presence observed
Q4_2020,asake,Asake,domestic,5816,0,26,244.27,0.0,0.62,244.9,73.28,318.18,477266.4,,,,,not measured: provider published no geography this quarter,UNK,no YouTube presence observed
Q1_2021,asake,Asake,domestic,26720,0,73,1122.24,0.0,1.75,1123.99,336.67,1460.66,2190996.0,0.341205,498.39,962.28,1443417.01,observed: artist's own Nigerian share of listeners this quarter,OBS,no YouTube presence observed
Q2_2021,asake,Asake,domestic,25552,0,117,1073.18,0.0,2.81,1075.99,321.96,1397.95,2096920.8,0.242827,339.46,1058.49,1587732.58,observed: artist's own Nigerian share of listeners this quarter,OBS,no YouTube presence observed
Q3_2021,asake,Asake,domestic,22545,0,152,946.89,0.0,3.65,950.54,284.07,1234.61,1851907.5,0.270418,333.86,900.75,1351119.16,observed: artist's own Nigerian share of listeners this quarter,OBS,no YouTube presence observed
Q4_2021,asake,Asake,domestic,19641,14807,164,824.92,59.23,3.94,888.09,247.48,1135.56,1703343.9,0.268231,304.59,830.97,1246454.9,observed: artist's own Nigerian share of listeners this quarter,OBS,"observed channel views, quarter net change"
Q1_2022,asake,Asake,domestic,417104,7424999,3591,17518.37,29700.0,86.18,47304.55,5255.51,52560.06,78840087.6,0.382803,20120.13,32439.92,48659886.63,observed: artist's own Nigerian share of listeners this quarter,OBS,"observed channel views, quarter net change"
Q2_2022,asake,Asake,domestic,1227738,28698536,7979,51565.0,114794.14,191.5,166550.64,15469.5,182020.13,273030202.2,0.200493,36493.81,145526.33,218289490.75,observed: artist's own Nigerian share of listeners this quarter,OBS,"observed channel views, quarter net change"
Q3_2022,asake,Asake,domestic,2169518,65257240,13351,91119.76,261028.96,320.42,352469.14,27335.93,379805.07,569707600.2,0.164377,62431.37,317373.69,476060541.14,observed: artist's own Nigerian share of listeners this quarter,OBS,"observed channel views, quarter net change"
Q4_2022,asake,Asake,domestic,3594523,70633542,19155,150969.97,282534.17,459.72,433963.85,45290.99,479254.84,718882265.7,0.127759,61229.16,418025.68,627038519.11,observed: artist's own Nigerian share of listeners this quarter,OBS,"observed channel views, quarter net change"
Q1_2023,asake,Asake,domestic,4099981,46859784,24762,172199.2,187439.14,594.29,360232.63,51659.76,411892.39,617838579.9,0.132071,54399.13,357493.26,536239885.39,observed: artist's own Nigerian share of listeners this quarter,OBS,"observed channel views, quarter net change"
Q2_2023,asake,Asake,domestic,5705919,56153687,30616,239648.6,224614.75,734.78,464998.13,71894.58,536892.71,805339064.1,0.152953,82119.58,454773.13,682159700.9,observed: artist's own Nigerian share of listeners this quarter,OBS,"observed channel views, quarter net change"
Q3_2023,asake,Asake,domestic,5792038,83950484,37531,243265.6,335801.94,900.74,579968.28,72979.68,652947.95,979421932.2,0.206466,134811.48,518136.48,777204712.94,observed: artist's own Nigerian share of listeners this quarter,OBS,"observed channel views, quarter net change"
Q4_2023,asake,Asake,domestic,6837152,66828343,44538,287160.38,267313.37,1068.91,555542.67,86148.12,641690.78,962536174.8,0.21714,139336.87,502353.91,753530868.58,observed: artist's own Nigerian share of listeners this quarter,OBS,"observed channel views, quarter net change"
Q1_2024,asake,Asake,domestic,6213193,48439498,54212,260954.11,193757.99,1301.09,456013.19,78286.23,534299.42,801449126.7,0.204321,109168.39,425131.02,637696537.24,observed: artist's own Nigerian share of listeners this quarter,OBS,"observed channel views, quarter net change"
Q2_2024,asake,Asake,domestic,8209374,48959645,63486,344793.71,195838.58,1523.66,542155.95,103438.11,645594.06,968391096.6,0.250736,161873.62,483720.44,725580663.81,observed: artist's own Nigerian share of listeners this quarter,OBS,"observed channel views, quarter net change"
Q3_2024,asake,Asake,domestic,8640619,72733057,73006,362906.0,290932.23,1752.14,655590.37,108871.8,764462.17,1146693254.1,0.227793,174139.0,590323.17,885484759.9,observed: artist's own Nigerian share of listeners this quarter,OBS,"observed channel views, quarter net change"
Q4_2024,asake,Asake,domestic,7586181,52899865,81802,318619.6,211599.46,1963.25,532182.31,95585.88,627768.19,941652285.9,0.325836,204549.65,423218.54,634827812.26,observed: artist's own Nigerian share of listeners this quarter,OBS,"observed channel views, quarter net change"
Q1_2025,asake,Asake,domestic,6436023,50776040,90592,270312.97,203104.16,2174.21,475591.33,81093.89,556685.22,835027835.7,0.405428,225696.01,330989.21,496483815.76,observed: artist's own Nigerian share of listeners this quarter,OBS,"observed channel views, quarter net change"
Q2_2025,asake,Asake,domestic,7223714,51982500,98194,303395.99,207930.0,2356.66,513682.64,91018.8,604701.44,907052160.6,0.420272,254138.8,350562.64,525843964.79,observed: artist's own Nigerian share of listeners this quarter,OBS,"observed channel views, quarter net change"
Q3_2025,asake,Asake,domestic,7165918,57124000,106621,300968.56,228496.0,2558.9,532023.46,90290.57,622314.03,933471040.2,0.444852,276837.86,345476.17,518214251.04,observed: artist's own Nigerian share of listeners this quarter,OBS,"observed channel views, quarter net change"
Q4_2025,asake,Asake,domestic,7840860,58498660,113947,329316.12,233994.64,2734.73,566045.49,98794.84,664840.32,997260486.0,0.512355,340634.34,324205.99,486308978.43,observed: artist's own Nigerian share of listeners this quarter,OBS,"observed channel views, quarter net change"
Q1_2026,asake,Asake,domestic,8558719,77014350,120976,359466.2,308057.4,2903.42,670427.02,107839.86,778266.88,1167400322.1,0.597115,464714.87,313552.01,470328020.63,observed: artist's own Nigerian share of listeners this quarter,OBS,"observed channel views, quarter net change"
Q2_2026,asake,Asake,domestic,8519101,119762654,127877,357802.24,479050.62,3069.05,839921.91,107340.67,947262.58,1420893867.9,0.685225,649087.56,298175.02,447262531.54,observed: artist's own Nigerian share of listeners this quarter,OBS,"observed channel views, quarter net change"
Q3_2026,asake,Asake,domestic,8891227,58388151,130999,373431.53,233552.6,3143.98,610128.11,112029.46,722157.57,1083236361.3,0.658854,475796.24,246361.33,369541997.91,observed: artist's own Nigerian share of listeners this quarter,OBS,"observed channel views, quarter net change"
Q1_2021,ayra-starr,Ayra Starr,domestic,180068,0,3847,7562.86,0.0,92.33,7655.18,2268.86,9924.04,14886061.2,0.125558,1246.04,8678.0,13016995.3,observed: artist's own Nigerian share of listeners this quarter,OBS,no YouTube presence observed
Q2_2021,ayra-starr,Ayra Starr,domestic,163386,242550,7545,6862.21,970.2,181.08,8013.49,2058.66,10072.16,15108233.4,0.120909,1217.81,8854.35,13281518.44,observed: artist's own Nigerian share of listeners this quarter,OBS,"estimated: subscribers x 15 views/month (EST, first-submission methodology)"
Q3_2021,ayra-starr,Ayra Starr,domestic,423685,904353,15985,17794.77,3617.41,383.64,21795.82,5338.43,27134.25,40701379.5,0.194615,5280.74,21853.52,32780274.27,observed: artist's own Nigerian share of listeners this quarter,OBS,"observed channel views, quarter net change"
Q4_2021,ayra-starr,Ayra Starr,domestic,934685,19774700,33203,39256.77,79098.8,796.87,119152.44,11777.03,130929.47,196394209.5,0.112168,14686.03,116243.44,174365157.19,observed: artist's own Nigerian share of listeners this quarter,OBS,"observed channel views, quarter net change"
Q1_2022,ayra-starr,Ayra Starr,domestic,1212432,12971713,47287,50922.14,51886.85,1134.89,103943.88,15276.64,119220.53,178830790.8,0.113916,13581.07,105639.46,158459189.59,observed: artist's own Nigerian share of listeners this quarter,OBS,"observed channel views, quarter net change"
Q2_2022,ayra-starr,Ayra Starr,domestic,1930294,9677873,54141,81072.35,38711.49,1299.38,121083.22,24321.7,145404.93,218107392.6,0.115123,16739.4,128665.53,192998292.44,observed: artist's own Nigerian share of listeners this quarter,OBS,"observed channel views, quarter net change"
Q3_2022,ayra-starr,Ayra Starr,domestic,2735880,12036373,59090,114906.96,48145.49,1418.16,164470.61,34472.09,198942.7,298414050.0,0.077414,15400.87,183541.83,275312744.9,observed: artist's own Nigerian share of listeners this quarter,OBS,"observed channel views, quarter net change"
Q4_2022,ayra-starr,Ayra Starr,domestic,4772206,73930752,66656,200432.65,295723.01,1599.74,497755.4,60129.8,557885.2,836827799.4,0.070131,39124.91,518760.29,778140427.61,observed: artist's own Nigerian share of listeners this quarter,OBS,"observed channel views, quarter net change"
Q1_2023,ayra-starr,Ayra Starr,domestic,11842313,104236056,75442,497377.15,416944.22,1810.61,916131.98,149213.14,1065345.12,1598017682.7,0.044552,47463.32,1017881.8,1526822705.91,observed: artist's own Nigerian share of listeners this quarter,OBS,"observed channel views, quarter net change"
Q2_2023,ayra-starr,Ayra Starr,domestic,12474262,95215107,85297,523919.0,380860.43,2047.13,906826.56,157175.7,1064002.26,1596003391.8,0.046606,49589.41,1014412.85,1521619270.76,observed: artist's own Nigerian share of listeners this quarter,OBS,"observed channel views, quarter net change"
Q3_2023,ayra-starr,Ayra Starr,domestic,11216911,77418963,95442,471110.26,309675.85,2290.61,783076.72,141333.08,924409.8,1386614700.9,0.068863,63657.32,860752.49,1291128727.68,observed: artist's own Nigerian share of listeners this quarter,OBS,"observed channel views, quarter net change"
Q4_2023,ayra-starr,Ayra Starr,domestic,11558928,73544540,106691,485474.98,294178.16,2560.58,782213.72,145642.49,927856.21,1391784319.2,0.080513,74704.95,853151.27,1279726899.71,observed: artist's own Nigerian share of listeners this quarter,OBS,"observed channel views, quarter net change"
Q1_2024,ayra-starr,Ayra Starr,domestic,10534619,78686055,120532,442454.0,314744.22,2892.77,760090.99,132736.2,892827.19,1339240778.1,0.090263,80589.65,812237.54,1218356305.28,observed: artist's own Nigerian share of listeners this quarter,OBS,"observed channel views, quarter net change"
Q2_2024,ayra-starr,Ayra Starr,domestic,31424881,113533750,138642,1319845.0,454135.0,3327.41,1777307.41,395953.5,2173260.91,3259891365.9,0.042862,93149.35,2080111.56,3120167339.91,observed: artist's own Nigerian share of listeners this quarter,OBS,"observed channel views, quarter net change"
Q3_2024,ayra-starr,Ayra Starr,domestic,24072908,98074971,154890,1011062.14,392299.88,3717.36,1407079.38,303318.64,1710398.02,2565597031.2,0.050335,86092.33,1624305.69,2436458538.51,observed: artist's own Nigerian share of listeners this quarter,OBS,"observed channel views, quarter net change"
Q4_2024,ayra-starr,Ayra Starr,domestic,24346958,86692500,165888,1022572.24,346770.0,3981.31,1373323.55,306771.67,1680095.22,2520142828.2,0.054385,91372.44,1588722.78,2383084168.1,observed: artist's own Nigerian share of listeners this quarter,OBS,"observed channel views, quarter net change"
Q1_2025,ayra-starr,Ayra Starr,domestic,17636768,78755500,176855,740744.26,315022.0,4244.52,1060010.78,222223.28,1282234.05,1923351079.2,0.07611,97590.45,1184643.61,1776965410.51,observed: artist's own Nigerian share of listeners this quarter,OBS,"observed channel views, quarter net change"
Q2_2025,ayra-starr,Ayra Starr,domestic,17604522,97070200,187809,739389.92,388280.8,4507.42,1132178.14,221816.98,1353995.12,2030992675.8,0.100414,135960.25,1218034.86,1827052293.96,observed: artist's own Nigerian share of listeners this quarter,OBS,"observed channel views, quarter net change"
Q3_2025,ayra-starr,Ayra Starr,domestic,18085348,96436850,199106,759584.62,385747.4,4778.54,1150110.56,227875.38,1377985.94,2066978917.2,0.108416,149396.15,1228589.8,1842884698.0,observed: artist's own Nigerian share of listeners this quarter,OBS,"observed channel views, quarter net change"
Q4_2025,ayra-starr,Ayra Starr,domestic,18313802,127360900,208853,769179.68,509443.6,5012.47,1283635.76,230753.91,1514389.66,2271584491.8,0.141634,214489.07,1299900.59,1949850886.82,observed: artist's own Nigerian share of listeners this quarter,OBS,"observed channel views, quarter net change"
Q1_2026,ayra-starr,Ayra Starr,domestic,18019464,103235200,217868,756817.49,412940.8,5228.83,1174987.12,227045.25,1402032.37,2103048549.6,0.128141,179658.3,1222374.07,1833561106.11,observed: artist's own Nigerian share of listeners this quarter,OBS,"observed channel views, quarter net change"
Q2_2026,ayra-starr,Ayra Starr,domestic,18393609,93119895,227839,772531.58,372479.58,5468.14,1150479.29,231759.47,1382238.77,2073358151.1,0.157385,217544.31,1164694.45,1747041681.18,observed: artist's own Nigerian share of listeners this quarter,OBS,"observed channel views, quarter net change"
Q3_2026,ayra-starr,Ayra Starr,domestic,18619593,45709469,232186,782022.91,182837.88,5572.46,970433.25,234606.87,1205040.12,1807560176.7,0.19273,232247.62,972792.5,1459188746.69,observed: artist's own Nigerian share of listeners this quarter,OBS,"observed channel views, quarter net change"
Q1_2019,aṣa,Aṣa,diaspora_candidate,0,2169405,100609,0.0,8677.62,2414.62,11092.24,0.0,11092.24,16638354.0,,,,,not measured: provider published no geography this quarter,UNK,"estimated: subscribers x 15 views/month (EST, first-submission methodology)"
Q2_2019,aṣa,Aṣa,diaspora_candidate,142274,2740140,101388,5975.51,10960.56,2433.31,19369.38,1792.65,21162.03,31743048.6,,,,,not measured: provider published no geography this quarter,UNK,"estimated: subscribers x 15 views/month (EST, first-submission methodology)"
Q3_2019,aṣa,Aṣa,diaspora_candidate,170260,3046500,102524,7150.92,12186.0,2460.58,21797.5,2145.28,23942.77,35914158.0,,,,,not measured: provider published no geography this quarter,UNK,"estimated: subscribers x 15 views/month (EST, first-submission methodology)"
Q4_2019,aṣa,Aṣa,diaspora_candidate,251356,3541500,106907,10556.95,14166.0,2565.77,27288.72,3167.09,30455.81,45683708.4,,,,,not measured: provider published no geography this quarter,UNK,"estimated: subscribers x 15 views/month (EST, first-submission methodology)"
Q1_2020,aṣa,Aṣa,diaspora_candidate,257960,3789000,109830,10834.32,15156.0,2635.92,28626.24,3250.3,31876.54,47814804.0,,,,,not measured: provider published no geography this quarter,UNK,"estimated: subscribers x 15 views/month (EST, first-submission methodology)"
Q2_2020,aṣa,Aṣa,diaspora_candidate,232940,3969000,111371,9783.48,15876.0,2672.9,28332.38,2935.04,31267.43,46901142.0,,,,,not measured: provider published no geography this quarter,UNK,"estimated: subscribers x 15 views/month (EST, first-submission methodology)"
Q3_2020,aṣa,Aṣa,diaspora_candidate,221989,4090500,112579,9323.54,16362.0,2701.9,28387.43,2797.06,31184.5,46776743.1,,,,,not measured: provider published no geography this quarter,UNK,"estimated: subscribers x 15 views/month (EST, first-submission methodology)"
Q4_2020,aṣa,Aṣa,diaspora_candidate,226598,4221000,113782,9517.12,16884.0,2730.77,29131.88,2855.13,31987.02,47980528.2,,,,,not measured: provider published no geography this quarter,UNK,"estimated: subscribers x 15 views/month (EST, first-submission methodology)"
Q1_2021,aṣa,Aṣa,diaspora_candidate,204200,4383000,114942,8576.4,17532.0,2758.61,28867.01,2572.92,31439.93,47159892.0,0.024868,781.84,30658.09,45987130.34,observed: artist's own Nigerian share of listeners this quarter,OBS,"estimated: subscribers x 15 views/month (EST, first-submission methodology)"
Q2_2021,aṣa,Aṣa,diaspora_candidate,189179,4500000,116729,7945.52,18000.0,2801.5,28747.01,2383.66,31130.67,46696004.1,0.022711,707.02,30423.65,45635478.52,observed: artist's own Nigerian share of listeners this quarter,OBS,"estimated: subscribers x 15 views/month (EST, first-submission methodology)"
Q3_2021,aṣa,Aṣa,diaspora_candidate,253030,51232,119273,10627.26,204.93,2862.55,13694.74,3188.18,16882.92,25324377.0,0.027981,472.39,16410.52,24615785.43,observed: artist's own Nigerian share of listeners this quarter,OBS,"observed channel views, quarter net change"
Q4_2021,aṣa,Aṣa,diaspora_candidate,368655,1179186,121385,15483.51,4716.74,2913.24,23113.49,4645.05,27758.55,41637820.5,0.058094,1612.59,26145.95,39218928.44,observed: artist's own Nigerian share of listeners this quarter,OBS,"observed channel views, quarter net change"
Q1_2022,aṣa,Aṣa,diaspora_candidate,732625,2397243,125767,30770.25,9588.97,3018.41,43377.63,9231.07,52608.71,78913057.5,0.124868,6569.16,46039.54,69059315.8,observed: artist's own Nigerian share of listeners this quarter,OBS,"observed channel views, quarter net change"
Q2_2022,aṣa,Aṣa,diaspora_candidate,620060,2594753,128079,26042.52,10379.01,3073.9,39495.43,7812.76,47308.18,70962276.0,0.11123,5262.1,42046.09,63069128.16,observed: artist's own Nigerian share of listeners this quarter,OBS,"observed channel views, quarter net change"
Q3_2022,aṣa,Aṣa,diaspora_candidate,367746,722996,128761,15445.33,2891.98,3090.26,21427.58,4633.6,26061.18,39091769.4,0.085419,2226.12,23835.06,35752588.44,observed: artist's own Nigerian share of listeners this quarter,OBS,"observed channel views, quarter net change"
Q4_2022,aṣa,Aṣa,diaspora_candidate,382633,1240854,129420,16070.59,4963.42,3106.08,24140.08,4821.18,28961.26,43441886.7,0.101323,2934.45,26026.8,39040206.46,observed: artist's own Nigerian share of listeners this quarter,OBS,"observed channel views, quarter net change"
Q1_2023,aṣa,Aṣa,diaspora_candidate,448270,1062123,129913,18827.34,4248.49,3117.91,26193.74,5648.2,31841.95,47762919.0,0.109772,3495.35,28346.59,42519889.74,observed: artist's own Nigerian share of listeners this quarter,OBS,"observed channel views, quarter net change"
Q2_2023,aṣa,Aṣa,diaspora_candidate,381828,981390,130324,16036.78,3925.56,3127.78,23090.11,4811.03,27901.14,41851717.2,0.143869,4014.12,23887.03,35830542.02,observed: artist's own Nigerian share of listeners this quarter,OBS,"observed channel views, quarter net change"
Q3_2023,aṣa,Aṣa,diaspora_candidate,314017,825494,130857,13188.71,3301.98,3140.57,19631.26,3956.61,23587.87,35381808.3,0.194277,4582.57,19005.3,28507949.04,observed: artist's own Nigerian share of listeners this quarter,OBS,"observed channel views, quarter net change"
Q4_2023,aṣa,Aṣa,diaspora_candidate,297903,1023862,131444,12511.93,4095.45,3154.66,19762.03,3753.58,23515.61,35273411.7,0.257414,6053.26,17462.35,26193528.58,observed: artist's own Nigerian share of listeners this quarter,OBS,"observed channel views, quarter net change"
Q1_2024,aṣa,Aṣa,diaspora_candidate,352187,1058821,132064,14791.85,4235.28,3169.54,22196.67,4437.56,26634.23,39951345.3,0.301354,8026.33,18607.9,27911847.5,observed: artist's own Nigerian share of listeners this quarter,OBS,"observed channel views, quarter net change"
Q2_2024,aṣa,Aṣa,diaspora_candidate,331343,1092871,132603,13916.41,4371.48,3182.47,21470.36,4174.92,25645.28,38467925.7,0.332341,8522.97,17122.32,25683474.95,observed: artist's own Nigerian share of listeners this quarter,OBS,"observed channel views, quarter net change"
Q3_2024,aṣa,Aṣa,diaspora_candidate,368549,6795000,133060,15479.06,27180.0,3193.44,45852.5,4643.72,50496.22,75744323.1,0.371516,18760.17,31736.04,47604064.39,observed: artist's own Nigerian share of listeners this quarter,OBS,"estimated: subscribers x 15 views/month (EST, first-submission methodology)"
Q4_2024,aṣa,Aṣa,diaspora_candidate,344176,133948,133517,14455.39,535.79,3204.41,18195.59,4336.62,22532.21,33798314.4,0.389519,8776.71,13755.5,20633244.98,observed: artist's own Nigerian share of listeners this quarter,OBS,"observed channel views, quarter net change"
Q1_2025,aṣa,Aṣa,diaspora_candidate,352060,1370393,134180,14786.52,5481.57,3220.32,23488.41,4435.96,27924.37,41886552.0,0.447438,12494.42,15429.95,23144919.6,observed: artist's own Nigerian share of listeners this quarter,OBS,"observed channel views, quarter net change"
Q2_2025,aṣa,Aṣa,diaspora_candidate,365883,961559,134759,15367.09,3846.24,3234.22,22447.54,4610.13,27057.66,40586495.7,0.496524,13434.78,13622.89,20434327.67,observed: artist's own Nigerian share of listeners this quarter,OBS,"observed channel views, quarter net change"
Q3_2025,aṣa,Aṣa,diaspora_candidate,466559,1321419,135662,19595.48,5285.68,3255.89,28137.04,5878.64,34015.69,51023528.1,0.536799,18259.59,15756.09,23634136.5,observed: artist's own Nigerian share of listeners this quarter,OBS,"observed channel views, quarter net change"
Q4_2025,aṣa,Aṣa,diaspora_candidate,470738,699136,136546,19771.0,2796.54,3277.1,25844.64,5931.3,31775.94,47663914.2,0.564828,17947.93,13828.01,20742015.18,observed: artist's own Nigerian share of listeners this quarter,OBS,"observed channel views, quarter net change"
Q1_2026,aṣa,Aṣa,diaspora_candidate,516126,927588,137335,21677.29,3710.35,3296.04,28683.68,6503.19,35186.87,52780307.4,0.602446,21198.19,13988.69,20983028.03,observed: artist's own Nigerian share of listeners this quarter,OBS,"observed channel views, quarter net change"
Q2_2026,aṣa,Aṣa,diaspora_candidate,451249,1977927,138159,18952.46,7911.71,3315.82,30179.98,5685.74,35865.72,53798579.1,0.630856,22626.09,13239.63,19859439.27,observed: artist's own Nigerian share of listeners this quarter,OBS,"observed channel views, quarter net change"
Q3_2026,aṣa,Aṣa,diaspora_candidate,449999,7335000,138480,18899.96,29340.0,3323.52,51563.48,5669.99,57233.47,85850198.1,0.614337,35160.65,22072.82,33109230.28,observed: artist's own Nigerian share of listeners this quarter,OBS,"estimated: subscribers x 15 views/month (EST, first-submission methodology)"
Q2_2019,bnxn,BNXN,domestic,17215,0,0,723.03,0.0,0.0,723.03,216.91,939.94,1409908.5,,,,,not measured: provider published no geography this quarter,UNK,no YouTube presence observed
Q3_2019,bnxn,BNXN,domestic,32459,0,0,1363.28,0.0,0.0,1363.28,408.98,1772.26,2658392.1,,,,,not measured: provider published no geography this quarter,UNK,no YouTube presence observed
Q4_2019,bnxn,BNXN,domestic,28262,0,0,1187.0,0.0,0.0,1187.0,356.1,1543.11,2314657.8,,,,,not measured: provider published no geography this quarter,UNK,no YouTube presence observed
Q1_2020,bnxn,BNXN,domestic,81896,0,0,3439.63,0.0,0.0,3439.63,1031.89,4471.52,6707282.4,,,,,not measured: provider published no geography this quarter,UNK,no YouTube presence observed
Q2_2020,bnxn,BNXN,domestic,376376,0,0,15807.79,0.0,0.0,15807.79,4742.34,20550.13,30825194.4,,,,,not measured: provider published no geography this quarter,UNK,no YouTube presence observed
Q3_2020,bnxn,BNXN,domestic,251216,108450,0,10551.07,433.8,0.0,10984.87,3165.32,14150.19,21225290.4,,,,,not measured: provider published no geography this quarter,UNK,"estimated: subscribers x 15 views/month (EST, first-submission methodology)"
Q4_2020,bnxn,BNXN,domestic,253434,116550,0,10644.23,466.2,0.0,11110.43,3193.27,14303.7,21455544.6,,,,,not measured: provider published no geography this quarter,UNK,"estimated: subscribers x 15 views/month (EST, first-submission methodology)"
Q1_2021,bnxn,BNXN,domestic,252010,126000,0,10584.42,504.0,0.0,11088.42,3175.33,14263.75,21395619.0,0.099921,1425.24,12838.5,19257755.1,observed: artist's own Nigerian share of listeners this quarter,OBS,"estimated: subscribers x 15 views/month (EST, first-submission methodology)"
Q2_2021,bnxn,BNXN,domestic,483025,404550,0,20287.05,1618.2,0.0,21905.25,6086.11,27991.36,41987047.5,0.129888,3635.74,24355.63,36533437.51,observed: artist's own Nigerian share of listeners this quarter,OBS,"estimated: subscribers x 15 views/month (EST, first-submission methodology)"
Q3_2021,bnxn,BNXN,domestic,941839,328707,0,39557.24,1314.83,0.0,40872.07,11867.17,52739.24,79108856.1,0.115244,6077.88,46661.35,69992031.3,observed: artist's own Nigerian share of listeners this quarter,OBS,"observed channel views, quarter net change"
Q4_2021,bnxn,BNXN,domestic,1300083,7921003,0,54603.49,31684.01,0.0,86287.5,16381.05,102668.54,154002815.7,0.112341,11533.94,91134.61,136701910.4,observed: artist's own Nigerian share of listeners this quarter,OBS,"observed channel views, quarter net change"
Q1_2022,bnxn,BNXN,domestic,2222592,7450686,0,93348.86,29802.74,0.0,123151.61,28004.66,151156.27,226734400.8,0.110615,16720.12,134436.15,201654217.51,observed: artist's own Nigerian share of listeners this quarter,OBS,"observed channel views, quarter net change"
Q2_2022,bnxn,BNXN,domestic,3501182,11663990,0,147049.64,46655.96,0.0,193705.6,44114.89,237820.5,356730745.8,0.055814,13273.81,224546.69,336820036.37,observed: artist's own Nigerian share of listeners this quarter,OBS,"observed channel views, quarter net change"
Q3_2022,bnxn,BNXN,domestic,3848667,11914774,0,161644.01,47659.1,0.0,209303.11,48493.2,257796.31,386694471.3,0.06337,16336.68,241459.64,362189458.5,observed: artist's own Nigerian share of listeners this quarter,OBS,"observed channel views, quarter net change"
Q4_2022,bnxn,BNXN,domestic,3628057,8619196,0,152378.39,34476.78,0.0,186855.18,45713.52,232568.7,348853044.3,0.080494,18720.48,213848.22,320772329.89,observed: artist's own Nigerian share of listeners this quarter,OBS,"observed channel views, quarter net change"
Q1_2023,bnxn,BNXN,domestic,4169236,10066273,0,175107.91,40265.09,0.0,215373.0,52532.37,267905.38,401858066.4,0.131255,35163.82,232741.56,349112333.47,observed: artist's own Nigerian share of listeners this quarter,OBS,"observed channel views, quarter net change"
Q2_2023,bnxn,BNXN,domestic,4795387,20936737,0,201406.25,83746.95,0.0,285153.2,60421.88,345575.08,518362617.3,0.143697,49658.25,295916.83,443875248.42,observed: artist's own Nigerian share of listeners this quarter,OBS,"observed channel views, quarter net change"
Q3_2023,bnxn,BNXN,domestic,4818597,11795129,0,202381.07,47180.52,0.0,249561.59,60714.32,310275.91,465413868.3,0.20391,63268.31,247007.6,370511404.62,observed: artist's own Nigerian share of listeners this quarter,OBS,"observed channel views, quarter net change"
Q4_2023,bnxn,BNXN,domestic,4347045,13384265,0,182575.89,53537.06,0.0,236112.95,54772.77,290885.72,436328575.5,0.268716,78165.52,212720.19,319080290.54,observed: artist's own Nigerian share of listeners this quarter,OBS,"observed channel views, quarter net change"
Q1_2024,bnxn,BNXN,domestic,4450655,10350000,0,186927.51,41400.0,0.0,228327.51,56078.25,284405.76,426608644.5,0.252477,71806.03,212599.73,318899595.1,observed: artist's own Nigerian share of listeners this quarter,OBS,"estimated: subscribers x 15 views/month (EST, first-submission methodology)"
Q2_2024,bnxn,BNXN,domestic,4616485,59905405,0,193892.37,239621.62,0.0,433513.99,58167.71,491681.7,737522551.5,0.344668,169466.78,322214.92,483322387.5,observed: artist's own Nigerian share of listeners this quarter,OBS,"observed channel views, quarter net change"
Q3_2024,bnxn,BNXN,domestic,4529844,20644587,0,190253.45,82578.35,0.0,272831.8,57076.03,329907.83,494861745.6,0.351748,116044.45,213863.38,320795069.04,observed: artist's own Nigerian share of listeners this quarter,OBS,"observed channel views, quarter net change"
Q4_2024,bnxn,BNXN,domestic,4829749,25837114,0,202849.46,103348.46,0.0,306197.91,60854.84,367052.75,550579127.1,0.435523,159859.85,207192.9,310789345.07,observed: artist's own Nigerian share of listeners this quarter,OBS,"observed channel views, quarter net change"
Q1_2025,bnxn,BNXN,domestic,4131181,21792430,72322,173509.6,87169.72,1735.73,262415.05,52052.88,314467.93,471701895.9,0.513963,161625.02,152842.91,229264366.6,observed: artist's own Nigerian share of listeners this quarter,OBS,"observed channel views, quarter net change"
Q2_2025,bnxn,BNXN,domestic,4922451,25903280,72431,206742.94,103613.12,1738.34,312094.41,62022.88,374117.29,561175932.9,0.534324,199899.77,174217.52,261326273.03,observed: artist's own Nigerian share of listeners this quarter,OBS,"observed channel views, quarter net change"
Q3_2025,bnxn,BNXN,domestic,4691989,36704480,72538,197063.54,146817.92,1740.91,345622.37,59119.06,404741.43,607112147.1,0.613392,248265.01,156476.42,234714634.7,observed: artist's own Nigerian share of listeners this quarter,OBS,"observed channel views, quarter net change"
Q4_2025,bnxn,BNXN,domestic,4844165,27359470,72663,203454.93,109437.88,1743.91,314636.72,61036.48,375673.2,563509801.5,0.6101,229198.04,146475.16,219712734.74,observed: artist's own Nigerian share of listeners this quarter,OBS,"observed channel views, quarter net change"
Q1_2026,bnxn,BNXN,domestic,4762582,25080730,72761,200028.44,100322.92,1746.26,302097.63,60008.53,362106.16,543159241.8,0.679108,245909.15,116197.01,174295516.65,observed: artist's own Nigerian share of listeners this quarter,OBS,"observed channel views, quarter net change"
Q2_2026,bnxn,BNXN,domestic,5450623,38924991,0,228926.17,155699.96,0.0,384626.13,68677.85,453303.98,679955969.7,0.753206,341431.28,111872.7,167809047.02,observed: artist's own Nigerian share of listeners this quarter,OBS,"observed channel views, quarter net change"
Q3_2026,bnxn,BNXN,domestic,5894520,21280980,0,247569.84,85123.92,0.0,332693.76,74270.95,406964.71,610447068.0,0.744601,303026.17,103938.54,155907807.25,observed: artist's own Nigerian share of listeners this quarter,OBS,"observed channel views, quarter net change"
Q3_2019,bad-boy-timz,Bad Boy Timz,domestic,64843,0,10,2723.41,0.0,0.24,2723.65,817.02,3540.67,5311001.7,,,,,not measured: provider published no geography this quarter,UNK,no YouTube presence observed
Q4_2019,bad-boy-timz,Bad Boy Timz,domestic,22379,0,25,939.92,0.0,0.6,940.52,281.98,1222.49,1833740.1,,,,,not measured: provider published no geography this quarter,UNK,no YouTube presence observed
Q1_2020,bad-boy-timz,Bad Boy Timz,domestic,28351,0,51,1190.74,0.0,1.22,1191.97,357.22,1549.19,2323782.9,,,,,not measured: provider published no geography this quarter,UNK,no YouTube presence observed
Q2_2020,bad-boy-timz,Bad Boy Timz,domestic,133791,0,1274,5619.22,0.0,30.58,5649.8,1685.77,7335.56,11003346.9,,,,,not measured: provider published no geography this quarter,UNK,no YouTube presence observed
Q3_2020,bad-boy-timz,Bad Boy Timz,domestic,77892,0,4730,3271.46,0.0,113.52,3384.98,981.44,4366.42,6549634.8,,,,,not measured: provider published no geography this quarter,UNK,no YouTube presence observed
Q4_2020,bad-boy-timz,Bad Boy Timz,domestic,46249,0,8088,1942.46,0.0,194.11,2136.57,582.74,2719.31,4078961.1,,,,,not measured: provider published no geography this quarter,UNK,no YouTube presence observed
Q1_2021,bad-boy-timz,Bad Boy Timz,domestic,60497,495000,11843,2540.87,1980.0,284.23,4805.11,762.26,5567.37,8351052.3,0.315536,1756.71,3810.66,5715992.09,observed: artist's own Nigerian share of listeners this quarter,OBS,"estimated: subscribers x 15 views/month (EST, first-submission methodology)"
Q2_2021,bad-boy-timz,Bad Boy Timz,domestic,63178,544500,13064,2653.48,2178.0,313.54,5145.01,796.04,5941.05,8911582.2,0.261854,1555.69,4385.36,6578044.89,observed: artist's own Nigerian share of listeners this quarter,OBS,"estimated: subscribers x 15 views/month (EST, first-submission methodology)"
Q3_2021,bad-boy-timz,Bad Boy Timz,domestic,68795,10257,13363,2889.39,41.03,320.71,3251.13,866.82,4117.95,6176920.5,0.302077,1243.94,2874.01,4311015.35,observed: artist's own Nigerian share of listeners this quarter,OBS,"observed channel views, quarter net change"
Q4_2021,bad-boy-timz,Bad Boy Timz,domestic,173606,632210,13849,7291.45,2528.84,332.38,10152.67,2187.44,12340.1,18510155.4,0.454796,5612.23,6727.88,10091815.19,observed: artist's own Nigerian share of listeners this quarter,OBS,"observed channel views, quarter net change"
Q1_2022,bad-boy-timz,Bad Boy Timz,domestic,242765,982848,17051,10196.13,3931.39,409.22,14536.75,3058.84,17595.59,26393377.5,0.341215,6003.88,11591.7,17387556.38,observed: artist's own Nigerian share of listeners this quarter,OBS,"observed channel views, quarter net change"
Q2_2022,bad-boy-timz,Bad Boy Timz,domestic,183882,298986,17823,7723.04,1195.94,427.75,9346.74,2316.91,11663.65,17495479.8,0.292964,3417.03,8246.62,12369928.13,observed: artist's own Nigerian share of listeners this quarter,OBS,"observed channel views, quarter net change"
Q3_2022,bad-boy-timz,Bad Boy Timz,domestic,159602,634500,18009,6703.28,2538.0,432.22,9673.5,2010.99,11684.49,17526727.8,0.305146,3565.47,8119.01,12178519.56,observed: artist's own Nigerian share of listeners this quarter,OBS,"estimated: subscribers x 15 views/month (EST, first-submission methodology)"
Q4_2022,bad-boy-timz,Bad Boy Timz,domestic,294716,41260,18119,12378.07,165.04,434.86,12977.97,3713.42,16691.39,25037084.4,0.336741,5620.68,11070.71,16606068.21,observed: artist's own Nigerian share of listeners this quarter,OBS,"observed channel views, quarter net change"
Q1_2023,bad-boy-timz,Bad Boy Timz,domestic,371930,33203,18207,15621.06,132.81,436.97,16190.84,4686.32,20877.16,31315737.0,0.362311,7564.03,13313.13,19969692.17,observed: artist's own Nigerian share of listeners this quarter,OBS,"observed channel views, quarter net change"
Q2_2023,bad-boy-timz,Bad Boy Timz,domestic,567389,27583,18280,23830.34,110.33,438.72,24379.39,7149.1,31528.49,47292737.1,0.39495,12452.18,19076.31,28614472.23,observed: artist's own Nigerian share of listeners this quarter,OBS,"observed channel views, quarter net change"
Q3_2023,bad-boy-timz,Bad Boy Timz,domestic,946375,26295,18343,39747.75,105.18,440.23,40293.16,11924.32,52217.49,78326230.5,0.295894,15450.83,36766.65,55149981.01,observed: artist's own Nigerian share of listeners this quarter,OBS,"observed channel views, quarter net change"
Q4_2023,bad-boy-timz,Bad Boy Timz,domestic,986530,28024,18435,41434.26,112.1,442.44,41988.8,12430.28,54419.07,81628611.0,0.371227,20201.83,34217.25,51325871.5,observed: artist's own Nigerian share of listeners this quarter,OBS,"observed channel views, quarter net change"
Q1_2024,bad-boy-timz,Bad Boy Timz,domestic,775880,21089,18486,32586.96,84.36,443.66,33114.98,9776.09,42891.07,64336602.0,0.381595,16367.02,26524.05,39786077.44,observed: artist's own Nigerian share of listeners this quarter,OBS,"observed channel views, quarter net change"
Q2_2024,bad-boy-timz,Bad Boy Timz,domestic,876519,25497,18530,36813.8,101.99,444.72,37360.51,11044.14,48404.65,72606968.1,0.455216,22034.56,26370.09,39555127.81,observed: artist's own Nigerian share of listeners this quarter,OBS,"observed channel views, quarter net change"
Q3_2024,bad-boy-timz,Bad Boy Timz,domestic,887769,29514,18571,37286.3,118.06,445.7,37850.06,11185.89,49035.95,73553921.1,0.545615,26754.75,22281.19,33421790.73,observed: artist's own Nigerian share of listeners this quarter,OBS,"observed channel views, quarter net change"
Q4_2024,bad-boy-timz,Bad Boy Timz,domestic,673972,38508,18604,28306.82,154.03,446.5,28907.35,8492.05,37399.4,56099098.8,0.527342,19722.27,17677.12,26515687.29,observed: artist's own Nigerian share of listeners this quarter,OBS,"observed channel views, quarter net change"
Q1_2025,bad-boy-timz,Bad Boy Timz,domestic,538944,35873,18657,22635.65,143.49,447.77,23226.91,6790.69,30017.6,45026403.6,0.511157,15343.71,14673.89,22010842.07,observed: artist's own Nigerian share of listeners this quarter,OBS,"observed channel views, quarter net change"
Q2_2025,bad-boy-timz,Bad Boy Timz,domestic,664808,42859,18700,27921.94,171.44,448.8,28542.17,8376.58,36918.75,55378129.2,0.546928,20191.92,16726.84,25090256.36,observed: artist's own Nigerian share of listeners this quarter,OBS,"observed channel views, quarter net change"
Q3_2025,bad-boy-timz,Bad Boy Timz,domestic,469792,46731,18773,19731.26,186.92,450.55,20368.74,5919.38,26288.12,39432178.8,0.548272,14413.05,11875.07,17812602.43,observed: artist's own Nigerian share of listeners this quarter,OBS,"observed channel views, quarter net change"
Q4_2025,bad-boy-timz,Bad Boy Timz,domestic,475305,37097,18852,19962.81,148.39,452.45,20563.65,5988.84,26552.49,39828733.5,0.975449,25900.6,651.89,977837.09,observed: artist's own Nigerian share of listeners this quarter,OBS,"observed channel views, quarter net change"
Q1_2026,bad-boy-timz,Bad Boy Timz,domestic,492712,37561,18911,20693.9,150.24,453.86,21298.01,6208.17,27506.18,41259274.8,0.698014,19199.69,8306.49,12459733.03,observed: artist's own Nigerian share of listeners this quarter,OBS,"observed channel views, quarter net change"
Q2_2026,bad-boy-timz,Bad Boy Timz,domestic,667666,32685,18998,28041.97,130.74,455.95,28628.66,8412.59,37041.26,55561883.4,0.753321,27903.97,9137.29,13705934.75,observed: artist's own Nigerian share of listeners this quarter,OBS,"observed channel views, quarter net change"
Q3_2026,bad-boy-timz,Bad Boy Timz,domestic,520738,12135,19031,21871.0,48.54,456.74,22376.28,6561.3,28937.58,43406368.2,0.745554,21574.52,7363.06,11044593.28,observed: artist's own Nigerian share of listeners this quarter,OBS,"observed channel views, quarter net change"
Q1_2019,banky-w.,Banky W.,domestic,0,8980695,8350,0.0,35922.78,200.4,36123.18,0.0,36123.18,54184770.0,,,,,not measured: provider published no geography this quarter,UNK,"estimated: subscribers x 15 views/month (EST, first-submission methodology)"
Q2_2019,banky-w.,Banky W.,domestic,77921,9476730,8369,3272.68,37906.92,200.86,41380.46,981.8,42362.26,63543393.9,,,,,not measured: provider published no geography this quarter,UNK,"estimated: subscribers x 15 views/month (EST, first-submission methodology)"
Q3_2019,banky-w.,Banky W.,domestic,86938,10035000,8398,3651.4,40140.0,201.55,43992.95,1095.42,45088.37,67632550.2,,,,,not measured: provider published no geography this quarter,UNK,"estimated: subscribers x 15 views/month (EST, first-submission methodology)"
Q4_2019,banky-w.,Banky W.,domestic,81840,10665000,8447,3437.28,42660.0,202.73,46300.01,1031.18,47331.19,70996788.0,,,,,not measured: provider published no geography this quarter,UNK,"estimated: subscribers x 15 views/month (EST, first-submission methodology)"
Q1_2020,banky-w.,Banky W.,domestic,77382,11565000,8479,3250.04,46260.0,203.5,49713.54,975.01,50688.55,76032829.8,,,,,not measured: provider published no geography this quarter,UNK,"estimated: subscribers x 15 views/month (EST, first-submission methodology)"
Q2_2020,banky-w.,Banky W.,domestic,89881,12285000,8515,3775.0,49140.0,204.36,53119.36,1132.5,54251.86,81377793.9,,,,,not measured: provider published no geography this quarter,UNK,"estimated: subscribers x 15 views/month (EST, first-submission methodology)"
Q3_2020,banky-w.,Banky W.,domestic,93202,12960000,8559,3914.48,51840.0,205.42,55959.9,1174.35,57134.25,85701367.8,,,,,not measured: provider published no geography this quarter,UNK,"estimated: subscribers x 15 views/month (EST, first-submission methodology)"
Q4_2020,banky-w.,Banky W.,domestic,100972,13815000,8603,4240.82,55260.0,206.47,59707.3,1272.25,60979.54,91469314.8,,,,,not measured: provider published no geography this quarter,UNK,"estimated: subscribers x 15 views/month (EST, first-submission methodology)"
Q1_2021,banky-w.,Banky W.,domestic,124271,15660000,8723,5219.38,62640.0,209.35,68068.73,1565.81,69634.55,104451822.9,0.073259,5101.37,64533.17,96799760.91,observed: artist's own Nigerian share of listeners this quarter,OBS,"estimated: subscribers x 15 views/month (EST, first-submission methodology)"
Q2_2021,banky-w.,Banky W.,domestic,134212,18675000,8746,5636.9,74700.0,209.9,80546.81,1691.07,82237.88,123356818.8,0.061602,5066.0,77171.88,115757821.13,observed: artist's own Nigerian share of listeners this quarter,OBS,"estimated: subscribers x 15 views/month (EST, first-submission methodology)"
Q3_2021,banky-w.,Banky W.,domestic,131685,252566,8796,5530.77,1010.26,211.1,6752.14,1659.23,8411.37,12617053.5,0.083142,699.34,7712.03,11568049.25,observed: artist's own Nigerian share of listeners this quarter,OBS,"observed channel views, quarter net change"
Q4_2021,banky-w.,Banky W.,domestic,150420,4527054,8824,6317.64,18108.22,211.78,24637.63,1895.29,26532.92,39799386.0,0.11954,3171.74,23361.18,35041776.29,observed: artist's own Nigerian share of listeners this quarter,OBS,"observed channel views, quarter net change"
Q1_2022,banky-w.,Banky W.,domestic,145995,4646325,8878,6131.79,18585.3,213.07,24930.16,1839.54,26769.7,40154548.5,0.129653,3470.77,23298.93,34948394.55,observed: artist's own Nigerian share of listeners this quarter,OBS,"observed channel views, quarter net change"
Q2_2022,banky-w.,Banky W.,domestic,152934,3267559,8900,6423.23,13070.24,213.6,19707.06,1926.97,21634.03,32451048.6,0.13526,2926.21,18707.82,28061735.2,observed: artist's own Nigerian share of listeners this quarter,OBS,"observed channel views, quarter net change"
Q3_2022,banky-w.,Banky W.,domestic,143222,3364193,8928,6015.32,13456.77,214.27,19686.37,1804.6,21490.97,32236447.8,0.122722,2637.41,18853.55,28280332.05,observed: artist's own Nigerian share of listeners this quarter,OBS,"observed channel views, quarter net change"
Q4_2022,banky-w.,Banky W.,domestic,161415,2652005,8942,6779.43,10608.02,214.61,17602.06,2033.83,19635.89,29453830.5,0.161317,3167.61,16468.28,24702421.34,observed: artist's own Nigerian share of listeners this quarter,OBS,"observed channel views, quarter net change"
Q1_2023,banky-w.,Banky W.,domestic,167074,2362380,8962,7017.11,9449.52,215.09,16681.72,2105.13,18786.85,28180272.6,0.206765,3884.46,14902.38,22353575.46,observed: artist's own Nigerian share of listeners this quarter,OBS,"observed channel views, quarter net change"
Q2_2023,banky-w.,Banky W.,domestic,181367,2124140,8974,7617.41,8496.56,215.38,16329.35,2285.22,18614.57,27921861.3,0.23787,4427.85,14186.73,21280092.74,observed: artist's own Nigerian share of listeners this quarter,OBS,"observed channel views, quarter net change"
Q3_2023,banky-w.,Banky W.,domestic,196595,2160596,8986,8256.99,8642.38,215.66,17115.04,2477.1,19592.14,29388202.5,0.271341,5316.15,14275.99,21413983.35,observed: artist's own Nigerian share of listeners this quarter,OBS,"observed channel views, quarter net change"
Q4_2023,banky-w.,Banky W.,domestic,194182,2100394,9000,8155.64,8401.58,216.0,16773.22,2446.69,19219.91,28829869.8,0.35067,6739.85,12480.07,18720098.65,observed: artist's own Nigerian share of listeners this quarter,OBS,"observed channel views, quarter net change"
Q1_2024,banky-w.,Banky W.,domestic,188708,1926088,9010,7925.74,7704.35,216.24,15846.33,2377.72,18224.05,27336073.2,0.368293,6711.8,11512.25,17268380.26,observed: artist's own Nigerian share of listeners this quarter,OBS,"observed channel views, quarter net change"
Q2_2024,banky-w.,Banky W.,domestic,177354,1852579,9025,7448.87,7410.32,216.6,15075.78,2234.66,17310.44,25965666.6,0.42706,7392.59,9917.85,14876774.3,observed: artist's own Nigerian share of listeners this quarter,OBS,"observed channel views, quarter net change"
Q3_2024,banky-w.,Banky W.,domestic,187248,1741793,9034,7864.42,6967.17,216.82,15048.4,2359.32,17407.73,26111593.2,0.440779,7672.96,9734.77,14602149.34,observed: artist's own Nigerian share of listeners this quarter,OBS,"observed channel views, quarter net change"
Q4_2024,banky-w.,Banky W.,domestic,289288,2172316,9040,12150.1,8689.26,216.96,21056.32,3645.03,24701.35,37052023.2,0.467793,11555.11,13146.23,19719352.03,observed: artist's own Nigerian share of listeners this quarter,OBS,"observed channel views, quarter net change"
Q1_2025,banky-w.,Banky W.,domestic,284826,1958040,9056,11962.69,7832.16,217.34,20012.2,3588.81,23601.0,35401505.4,0.487789,11512.31,12088.69,18133039.2,observed: artist's own Nigerian share of listeners this quarter,OBS,"observed channel views, quarter net change"
Q2_2025,banky-w.,Banky W.,domestic,283851,1905120,9069,11921.74,7620.48,217.66,19759.88,3576.52,23336.4,35004600.9,0.48635,11349.66,11986.74,17980105.09,observed: artist's own Nigerian share of listeners this quarter,OBS,"observed channel views, quarter net change"
Q3_2025,banky-w.,Banky W.,domestic,307421,1981650,9096,12911.68,7926.6,218.3,21056.59,3873.5,24930.09,37395135.9,0.488881,12187.86,12742.23,19113347.38,observed: artist's own Nigerian share of listeners this quarter,OBS,"observed channel views, quarter net change"
Q4_2025,banky-w.,Banky W.,domestic,312377,1924640,9115,13119.83,7698.56,218.76,21037.15,3935.95,24973.1,37459656.3,0.518776,12955.44,12017.66,18026491.68,observed: artist's own Nigerian share of listeners this quarter,OBS,"observed channel views, quarter net change"
Q1_2026,banky-w.,Banky W.,domestic,355809,1952160,9125,14943.98,7808.64,219.0,22971.62,4483.19,27454.81,41182217.1,0.549597,15089.07,12365.74,18548610.92,observed: artist's own Nigerian share of listeners this quarter,OBS,"observed channel views, quarter net change"
Q2_2026,banky-w.,Banky W.,domestic,388494,1762363,9126,16316.75,7049.45,219.02,23585.22,4895.02,28480.25,42720372.6,0.581458,16560.07,11920.18,17880264.06,observed: artist's own Nigerian share of listeners this quarter,OBS,"observed channel views, quarter net change"
Q3_2026,banky-w.,Banky W.,domestic,387360,814463,9126,16269.12,3257.85,219.02,19746.0,4880.74,24626.73,36940098.0,0.566385,13948.22,10678.52,16017773.66,observed: artist's own Nigerian share of listeners this quarter,OBS,"observed channel views, quarter net change"
Q3_2022,bayanni,Bayanni,domestic,69317,0,48,2911.31,0.0,1.15,2912.47,873.39,3785.86,5678790.3,0.365697,1384.48,2401.38,3602075.28,observed: artist's own Nigerian share of listeners this quarter,OBS,no YouTube presence observed
Q4_2022,bayanni,Bayanni,domestic,323049,0,149,13568.06,0.0,3.58,13571.63,4070.42,17642.05,26463077.1,0.209547,3696.84,13945.21,20917814.49,observed: artist's own Nigerian share of listeners this quarter,OBS,no YouTube presence observed
Q1_2023,bayanni,Bayanni,domestic,1677359,0,746,70449.08,0.0,17.9,70466.98,21134.72,91601.71,137402558.1,0.097355,8917.89,82683.82,124025728.16,observed: artist's own Nigerian share of listeners this quarter,OBS,no YouTube presence observed
Q2_2023,bayanni,Bayanni,domestic,2110211,0,1292,88628.86,0.0,31.01,88659.87,26588.66,115248.53,172872792.9,0.068493,7893.67,107354.85,161032281.34,observed: artist's own Nigerian share of listeners this quarter,OBS,no YouTube presence observed
Q3_2023,bayanni,Bayanni,domestic,1766126,0,1767,74177.29,0.0,42.41,74219.7,22253.19,96472.89,144709331.4,0.06349,6125.06,90347.83,135521743.63,observed: artist's own Nigerian share of listeners this quarter,OBS,no YouTube presence observed
Q4_2023,bayanni,Bayanni,domestic,1667734,0,2066,70044.83,0.0,49.58,70094.41,21013.45,91107.86,136661790.6,0.09419,8581.42,82526.44,123789659.94,observed: artist's own Nigerian share of listeners this quarter,OBS,no YouTube presence observed
Q1_2024,bayanni,Bayanni,domestic,1446372,0,2316,60747.62,0.0,55.58,60803.21,18224.29,79027.5,118541242.8,0.071593,5657.78,73369.72,110054574.69,observed: artist's own Nigerian share of listeners this quarter,OBS,no YouTube presence observed
Q2_2024,bayanni,Bayanni,domestic,1378281,10137096,2627,57887.8,40548.38,63.05,98499.23,17366.34,115865.57,173798361.9,0.091392,10589.24,105276.33,157914500.18,observed: artist's own Nigerian share of listeners this quarter,OBS,"observed channel views, quarter net change"
Q3_2024,bayanni,Bayanni,domestic,2142153,13656177,2915,89970.43,54624.71,69.96,144665.09,26991.13,171656.22,257484332.7,0.182519,31330.55,140325.67,210488504.51,observed: artist's own Nigerian share of listeners this quarter,OBS,"observed channel views, quarter net change"
Q4_2024,bayanni,Bayanni,domestic,2327751,14311938,3230,97765.54,57247.75,77.52,155090.81,29329.66,184420.48,276630714.9,0.343741,63392.84,121027.63,181541450.58,observed: artist's own Nigerian share of listeners this quarter,OBS,"observed channel views, quarter net change"
Q1_2025,bayanni,Bayanni,domestic,2007876,11322450,3516,84330.79,45289.8,84.38,129704.98,25299.24,155004.21,232506320.4,0.284294,44066.81,110937.4,166406103.99,observed: artist's own Nigerian share of listeners this quarter,OBS,"observed channel views, quarter net change"
Q2_2025,bayanni,Bayanni,domestic,2024398,14889486,3783,85024.72,59557.94,90.79,144673.45,25507.41,170180.87,255271300.2,0.239248,40715.43,129465.43,194198150.25,observed: artist's own Nigerian share of listeners this quarter,OBS,"observed channel views, quarter net change"
Q3_2025,bayanni,Bayanni,domestic,1801637,12613370,4092,75668.75,50453.48,98.21,126220.44,22700.63,148921.07,223381602.3,0.240387,35798.7,113122.37,169683549.59,observed: artist's own Nigerian share of listeners this quarter,OBS,"observed channel views, quarter net change"
Q4_2025,bayanni,Bayanni,domestic,1795489,16697850,4340,75410.54,66791.4,104.16,142306.1,22623.16,164929.26,247393889.1,0.246816,40707.23,124222.03,186333038.09,observed: artist's own Nigerian share of listeners this quarter,OBS,"observed channel views, quarter net change"
Q1_2026,bayanni,Bayanni,domestic,1953983,12989270,4544,82067.29,51957.08,109.06,134133.42,24620.19,158753.61,238130411.7,0.259922,41263.63,117489.98,176234967.0,observed: artist's own Nigerian share of listeners this quarter,OBS,"observed channel views, quarter net change"
Q2_2026,bayanni,Bayanni,domestic,2965943,10376250,4816,124569.61,41505.0,115.58,166190.19,37370.88,203561.07,305341607.7,0.232143,47255.35,156305.72,234458579.6,observed: artist's own Nigerian share of listeners this quarter,OBS,"observed channel views, quarter net change"
Q3_2026,bayanni,Bayanni,domestic,2494669,5251436,4939,104776.1,21005.74,118.54,125900.38,31432.83,157333.21,235999811.1,0.205882,32392.05,124941.16,187411739.91,observed: artist's own Nigerian share of listeners this quarter,OBS,"observed channel views, quarter net change"
Q1_2019,bella-shmurda,Bella Shmurda,domestic,0,0,2,0.0,0.0,0.05,0.05,0.0,0.05,72.0,,,,,not measured: provider published no geography this quarter,UNK,no YouTube presence observed
Q2_2019,bella-shmurda,Bella Shmurda,domestic,1056,0,4,44.35,0.0,0.1,44.45,13.31,57.75,86630.4,,,,,not measured: provider published no geography this quarter,UNK,no YouTube presence observed
Q3_2019,bella-shmurda,Bella Shmurda,domestic,2420,0,9,101.64,0.0,0.22,101.86,30.49,132.35,198522.0,,,,,not measured: provider published no geography this quarter,UNK,no YouTube presence observed
Q4_2019,bella-shmurda,Bella Shmurda,domestic,8082,0,36,339.44,0.0,0.86,340.31,101.83,442.14,663211.8,,,,,not measured: provider published no geography this quarter,UNK,no YouTube presence observed
Q1_2020,bella-shmurda,Bella Shmurda,domestic,11372,0,124,477.62,0.0,2.98,480.6,143.29,623.89,935830.8,,,,,not measured: provider published no geography this quarter,UNK,no YouTube presence observed
Q2_2020,bella-shmurda,Bella Shmurda,domestic,18539,0,632,778.64,0.0,15.17,793.81,233.59,1027.4,1541096.1,,,,,not measured: provider published no geography this quarter,UNK,no YouTube presence observed
Q3_2020,bella-shmurda,Bella Shmurda,domestic,73699,0,1600,3095.36,0.0,38.4,3133.76,928.61,4062.37,6093548.1,,,,,not measured: provider published no geography this quarter,UNK,no YouTube presence observed
Q4_2020,bella-shmurda,Bella Shmurda,domestic,138851,0,10339,5831.74,0.0,248.14,6079.88,1749.52,7829.4,11744100.9,,,,,not measured: provider published no geography this quarter,UNK,no YouTube presence observed
Q1_2021,bella-shmurda,Bella Shmurda,domestic,177121,0,22158,7439.08,0.0,531.79,7970.87,2231.72,10202.6,15303897.9,0.235782,2405.59,7797.01,11695509.37,observed: artist's own Nigerian share of listeners this quarter,OBS,no YouTube presence observed
Q2_2021,bella-shmurda,Bella Shmurda,domestic,180675,0,34102,7588.35,0.0,818.45,8406.8,2276.51,10683.3,16024954.5,0.224915,2402.83,8280.47,12420707.74,observed: artist's own Nigerian share of listeners this quarter,OBS,no YouTube presence observed
Q3_2021,bella-shmurda,Bella Shmurda,domestic,243537,0,44215,10228.55,0.0,1061.16,11289.71,3068.57,14358.28,21537420.3,0.244348,3508.42,10849.86,16274796.33,observed: artist's own Nigerian share of listeners this quarter,OBS,no YouTube presence observed
Q4_2021,bella-shmurda,Bella Shmurda,domestic,240804,0,53146,10113.77,0.0,1275.5,11389.27,3034.13,14423.4,21635103.6,0.318759,4597.59,9825.81,14738711.53,observed: artist's own Nigerian share of listeners this quarter,OBS,no YouTube presence observed
Q1_2022,bella-shmurda,Bella Shmurda,domestic,248620,4571624,62072,10442.04,18286.5,1489.73,30218.26,3132.61,33350.88,50026314.0,0.382086,12742.89,20607.98,30911973.68,observed: artist's own Nigerian share of listeners this quarter,OBS,"observed channel views, quarter net change"
Q2_2022,bella-shmurda,Bella Shmurda,domestic,279830,5626334,65635,11752.86,22505.34,1575.24,35833.44,3525.86,39359.29,59038941.0,0.42569,16754.86,22604.43,33906645.0,observed: artist's own Nigerian share of listeners this quarter,OBS,"observed channel views, quarter net change"
Q3_2022,bella-shmurda,Bella Shmurda,domestic,306700,7702678,67079,12881.4,30810.71,1609.9,45302.01,3864.42,49166.43,73749642.0,0.374825,18428.82,30737.61,46106416.16,observed: artist's own Nigerian share of listeners this quarter,OBS,"observed channel views, quarter net change"
Q4_2022,bella-shmurda,Bella Shmurda,domestic,687369,17262929,68253,28869.5,69051.72,1638.07,99559.29,8660.85,108220.14,162330203.1,0.33352,36093.62,72126.51,108189770.2,observed: artist's own Nigerian share of listeners this quarter,OBS,"observed channel views, quarter net change"
Q1_2023,bella-shmurda,Bella Shmurda,domestic,831951,9740990,69397,34941.94,38963.96,1665.53,75571.43,10482.58,86054.01,129081018.9,0.424683,36545.69,49508.33,74262489.58,observed: artist's own Nigerian share of listeners this quarter,OBS,"observed channel views, quarter net change"
Q2_2023,bella-shmurda,Bella Shmurda,domestic,905923,9938715,70690,38048.77,39754.86,1696.56,79500.19,11414.63,90914.82,136372223.7,0.473697,43066.08,47848.74,71773104.35,observed: artist's own Nigerian share of listeners this quarter,OBS,"observed channel views, quarter net change"
Q3_2023,bella-shmurda,Bella Shmurda,domestic,1005858,8529717,71943,42246.04,34118.87,1726.63,78091.54,12673.81,90765.35,136148020.2,0.701504,63672.29,27093.05,40639581.16,observed: artist's own Nigerian share of listeners this quarter,OBS,"observed channel views, quarter net change"
Q4_2023,bella-shmurda,Bella Shmurda,domestic,1714095,7827673,73593,71991.99,31310.69,1766.23,105068.91,21597.6,126666.51,189999766.5,0.613799,77747.82,48918.69,73378042.13,observed: artist's own Nigerian share of listeners this quarter,OBS,"observed channel views, quarter net change"
Q1_2024,bella-shmurda,Bella Shmurda,domestic,1752144,5378394,77682,73590.05,21513.58,1864.37,96967.99,22077.01,119045.01,178567509.6,0.56255,66968.78,52076.22,78114333.97,observed: artist's own Nigerian share of listeners this quarter,OBS,"observed channel views, quarter net change"
Q2_2024,bella-shmurda,Bella Shmurda,domestic,1721764,10200452,79175,72314.09,40801.81,1900.2,115016.1,21694.23,136710.32,205065483.6,0.645237,88210.57,48499.76,72749633.61,observed: artist's own Nigerian share of listeners this quarter,OBS,"observed channel views, quarter net change"
Q3_2024,bella-shmurda,Bella Shmurda,domestic,1502303,7652691,80337,63096.73,30610.76,1928.09,95635.58,18929.02,114564.6,171846893.7,0.710874,81440.98,33123.61,49685421.33,observed: artist's own Nigerian share of listeners this quarter,OBS,"observed channel views, quarter net change"
Q4_2024,bella-shmurda,Bella Shmurda,domestic,1767316,6489547,81264,74227.27,25958.19,1950.34,102135.8,22268.18,124403.98,186605966.4,0.740552,92127.62,32276.36,48414539.98,observed: artist's own Nigerian share of listeners this quarter,OBS,"observed channel views, quarter net change"
Q1_2025,bella-shmurda,Bella Shmurda,domestic,1749110,4906030,82004,73462.62,19624.12,1968.1,95054.84,22038.79,117093.62,175640433.0,0.86986,101855.02,15238.6,22857896.58,observed: artist's own Nigerian share of listeners this quarter,OBS,"observed channel views, quarter net change"
Q2_2025,bella-shmurda,Bella Shmurda,domestic,2348207,16294640,82771,98624.69,65178.56,1986.5,165789.76,29587.41,195377.17,293065749.3,0.940087,183671.61,11705.56,17558339.51,observed: artist's own Nigerian share of listeners this quarter,OBS,"observed channel views, quarter net change"
Q3_2025,bella-shmurda,Bella Shmurda,domestic,2306690,9936350,83714,96880.98,39745.4,2009.14,138635.52,29064.29,167699.81,251549715.0,0.945064,158487.11,9212.7,13819057.26,observed: artist's own Nigerian share of listeners this quarter,OBS,"observed channel views, quarter net change"
Q4_2025,bella-shmurda,Bella Shmurda,domestic,2500499,13097760,84464,105020.96,52391.04,2027.14,159439.13,31506.29,190945.42,286418132.1,0.400111,76399.33,114546.1,171819142.67,assumed: portfolio-wide ratio applied to an artist without own geography,ASM,"observed channel views, quarter net change"
Q1_2026,bella-shmurda,Bella Shmurda,domestic,2408222,8485150,85014,101145.32,33940.6,2040.34,137126.26,30343.6,167469.86,251204785.8,0.405047,67833.2,99636.65,149454982.13,assumed: portfolio-wide ratio applied to an artist without own geography,ASM,"observed channel views, quarter net change"
Q2_2026,bella-shmurda,Bella Shmurda,domestic,2326486,16346695,85594,97712.41,65386.78,2054.26,165153.45,29313.72,194467.17,291700757.4,0.401327,78044.97,116422.2,174633302.83,assumed: portfolio-wide ratio applied to an artist without own geography,ASM,"observed channel views, quarter net change"
Q3_2026,bella-shmurda,Bella Shmurda,domestic,2464374,3318108,85812,103503.71,13272.43,2059.49,118835.63,31051.11,149886.74,224830110.6,0.404638,60649.87,89236.87,133855299.95,assumed: portfolio-wide ratio applied to an artist without own geography,ASM,"observed channel views, quarter net change"
Q1_2019,blaqbonez,Blaqbonez,domestic,0,0,67,0.0,0.0,1.61,1.61,0.0,1.61,2412.0,,,,,not measured: provider published no geography this quarter,UNK,no YouTube presence observed
Q2_2019,blaqbonez,Blaqbonez,domestic,12547,0,107,526.97,0.0,2.57,529.54,158.09,687.63,1031451.3,,,,,not measured: provider published no geography this quarter,UNK,no YouTube presence observed
Q3_2019,blaqbonez,Blaqbonez,domestic,22213,0,166,932.95,0.0,3.98,936.93,279.88,1216.81,1825220.7,,,,,not measured: provider published no geography this quarter,UNK,no YouTube presence observed
Q4_2019,blaqbonez,Blaqbonez,domestic,45887,0,1056,1927.25,0.0,25.34,1952.6,578.18,2530.77,3796161.3,,,,,not measured: provider published no geography this quarter,UNK,no YouTube presence observed
Q1_2020,blaqbonez,Blaqbonez,domestic,28053,0,1639,1178.23,0.0,39.34,1217.56,353.47,1571.03,2356544.7,,,,,not measured: provider published no geography this quarter,UNK,no YouTube presence observed
Q2_2020,blaqbonez,Blaqbonez,domestic,35728,0,2298,1500.58,0.0,55.15,1555.73,450.17,2005.9,3008851.2,,,,,not measured: provider published no geography this quarter,UNK,no YouTube presence observed
Q3_2020,blaqbonez,Blaqbonez,domestic,33741,0,2719,1417.12,0.0,65.26,1482.38,425.14,1907.51,2861271.9,,,,,not measured: provider published no geography this quarter,UNK,no YouTube presence observed
Q4_2020,blaqbonez,Blaqbonez,domestic,48105,0,3396,2020.41,0.0,81.5,2101.91,606.12,2708.04,4062055.5,,,,,not measured: provider published no geography this quarter,UNK,no YouTube presence observed
Q1_2021,blaqbonez,Blaqbonez,domestic,70101,0,4047,2944.24,0.0,97.13,3041.37,883.27,3924.64,5886963.9,0.233121,914.92,3009.73,4514590.27,observed: artist's own Nigerian share of listeners this quarter,OBS,no YouTube presence observed
Q2_2021,blaqbonez,Blaqbonez,domestic,183555,0,8276,7709.31,0.0,198.62,7907.93,2312.79,10220.73,15331090.5,0.168069,1717.78,8502.94,12754413.55,observed: artist's own Nigerian share of listeners this quarter,OBS,no YouTube presence observed
Q3_2021,blaqbonez,Blaqbonez,domestic,220959,0,13890,9280.28,0.0,333.36,9613.64,2784.08,12397.72,18596582.1,0.166743,2067.24,10330.49,15495729.54,observed: artist's own Nigerian share of listeners this quarter,OBS,no YouTube presence observed
Q4_2021,blaqbonez,Blaqbonez,domestic,247442,1916854,18111,10392.56,7667.42,434.66,18494.64,3117.77,21612.41,32418619.8,0.239892,5184.64,16427.77,24641661.01,observed: artist's own Nigerian share of listeners this quarter,OBS,"observed channel views, quarter net change"
Q1_2022,blaqbonez,Blaqbonez,domestic,305166,2285829,22791,12816.97,9143.32,546.98,22507.27,3845.09,26352.36,39528545.4,0.226023,5956.23,20396.13,30594199.84,observed: artist's own Nigerian share of listeners this quarter,OBS,"observed channel views, quarter net change"
Q2_2022,blaqbonez,Blaqbonez,domestic,315505,2046261,24907,13251.21,8185.04,597.77,22034.02,3975.36,26009.39,39014077.5,0.209284,5443.35,20566.03,30849050.82,observed: artist's own Nigerian share of listeners this quarter,OBS,"observed channel views, quarter net change"
Q3_2022,blaqbonez,Blaqbonez,domestic,226114,872992,25272,9496.79,3491.97,606.53,13595.28,2849.04,16444.32,24666480.6,0.202087,3323.19,13121.13,19681700.81,observed: artist's own Nigerian share of listeners this quarter,OBS,"observed channel views, quarter net change"
Q4_2022,blaqbonez,Blaqbonez,domestic,428674,9291587,25936,18004.31,37166.35,622.46,55793.12,5401.29,61194.41,91791618.6,0.340097,20812.05,40382.36,60573538.39,observed: artist's own Nigerian share of listeners this quarter,OBS,"observed channel views, quarter net change"
Q1_2023,blaqbonez,Blaqbonez,domestic,626434,3480474,26691,26310.23,13921.9,640.58,40872.71,7893.07,48765.78,73148664.6,0.374987,18286.55,30479.23,45718842.8,observed: artist's own Nigerian share of listeners this quarter,OBS,"observed channel views, quarter net change"
Q2_2023,blaqbonez,Blaqbonez,domestic,1262916,3459513,27312,53042.47,13838.05,655.49,67536.01,15912.74,83448.75,125173130.4,0.297784,24849.69,58599.07,87898600.3,observed: artist's own Nigerian share of listeners this quarter,OBS,"observed channel views, quarter net change"
Q3_2023,blaqbonez,Blaqbonez,domestic,1188227,6081910,27947,49905.53,24327.64,670.73,74903.9,14971.66,89875.56,134813343.3,0.484893,43579.99,46295.57,69443352.41,observed: artist's own Nigerian share of listeners this quarter,OBS,"observed channel views, quarter net change"
Q4_2023,blaqbonez,Blaqbonez,domestic,1585397,7495508,28594,66586.67,29982.03,686.26,97254.96,19976.0,117230.96,175846446.3,0.549604,64430.64,52800.33,79200488.74,observed: artist's own Nigerian share of listeners this quarter,OBS,"observed channel views, quarter net change"
Q1_2024,blaqbonez,Blaqbonez,domestic,1233441,5661608,29192,51804.52,22646.43,700.61,75151.56,15541.36,90692.92,136039377.9,0.526736,47771.2,42921.72,64382576.24,observed: artist's own Nigerian share of listeners this quarter,OBS,"observed channel views, quarter net change"
Q2_2024,blaqbonez,Blaqbonez,domestic,1270171,2576166,30149,53347.18,10304.66,723.58,64375.42,16004.15,80379.58,120569364.9,0.646669,51978.97,28400.61,42600917.14,observed: artist's own Nigerian share of listeners this quarter,OBS,"observed channel views, quarter net change"
Q3_2024,blaqbonez,Blaqbonez,domestic,1110551,3439659,30604,46643.14,13758.64,734.5,61136.27,13992.94,75129.22,112693824.9,0.660666,49635.3,25493.92,38240875.5,observed: artist's own Nigerian share of listeners this quarter,OBS,"observed channel views, quarter net change"
Q4_2024,blaqbonez,Blaqbonez,domestic,1335903,6532295,30753,56107.93,26129.18,738.07,82975.18,16832.38,99807.56,149711333.7,0.74696,74552.29,25255.26,37882892.03,observed: artist's own Nigerian share of listeners this quarter,OBS,"observed channel views, quarter net change"
Q1_2025,blaqbonez,Blaqbonez,domestic,1220392,7703686,30912,51256.46,30814.74,741.89,82813.1,15376.94,98190.04,147285052.8,0.840593,82537.86,15652.18,23478265.09,observed: artist's own Nigerian share of listeners this quarter,OBS,"observed channel views, quarter net change"
Q2_2025,blaqbonez,Blaqbonez,domestic,1320811,6592160,31074,55474.06,26368.64,745.78,82588.48,16642.22,99230.7,148846044.9,0.787488,78143.02,21087.68,31631520.89,observed: artist's own Nigerian share of listeners this quarter,OBS,"observed channel views, quarter net change"
Q3_2025,blaqbonez,Blaqbonez,domestic,1558355,6885140,31371,65450.91,27540.56,752.9,93744.37,19635.27,113379.65,170069470.5,0.696856,79009.28,34370.36,51555543.04,observed: artist's own Nigerian share of listeners this quarter,OBS,"observed channel views, quarter net change"
Q4_2025,blaqbonez,Blaqbonez,domestic,1586757,11797520,31610,66643.79,47190.08,758.64,114592.51,19993.14,134585.65,201878478.3,0.813895,109538.57,25047.08,37570625.32,observed: artist's own Nigerian share of listeners this quarter,OBS,"observed channel views, quarter net change"
Q1_2026,blaqbonez,Blaqbonez,domestic,1477702,7202634,31793,62063.48,28810.54,763.03,91637.05,18619.05,110256.1,165384145.8,0.893908,98558.77,11697.33,17545994.91,observed: artist's own Nigerian share of listeners this quarter,OBS,"observed channel views, quarter net change"
Q2_2026,blaqbonez,Blaqbonez,domestic,2805926,12949624,32186,117848.89,51798.5,772.46,170419.85,35354.67,205774.52,308661779.4,0.401327,82582.92,123191.6,184787404.99,assumed: portfolio-wide ratio applied to an artist without own geography,ASM,"observed channel views, quarter net change"
Q3_2026,blaqbonez,Blaqbonez,domestic,2779660,6268331,32398,116745.72,25073.32,777.55,142596.6,35023.72,177620.31,266430468.0,0.933256,165765.18,11855.13,17782694.22,observed: artist's own Nigerian share of listeners this quarter,OBS,"observed channel views, quarter net change"
Q3_2022,bloody-civilian,Bloody Civilian,domestic,0,0,1,0.0,0.0,0.02,0.02,0.0,0.02,36.0,0.043809,0.0,0.02,34.42,assumed: portfolio-wide ratio applied to an artist without own geography,ASM,no YouTube presence observed
Q4_2022,bloody-civilian,Bloody Civilian,domestic,278899,0,40,11713.76,0.0,0.96,11714.72,3514.13,15228.85,22843268.1,0.039647,603.78,14625.06,21937594.1,observed: artist's own Nigerian share of listeners this quarter,OBS,no YouTube presence observed
Q1_2023,bloody-civilian,Bloody Civilian,domestic,126270,0,67,5303.34,0.0,1.61,5304.95,1591.0,6895.95,10343925.0,0.065612,452.46,6443.49,9665237.16,observed: artist's own Nigerian share of listeners this quarter,OBS,no YouTube presence observed
Q2_2023,bloody-civilian,Bloody Civilian,domestic,336719,0,127,14142.2,0.0,3.05,14145.25,4242.66,18387.91,27581858.1,0.174751,3213.31,15174.59,22761891.55,observed: artist's own Nigerian share of listeners this quarter,OBS,no YouTube presence observed
Q3_2023,bloody-civilian,Bloody Civilian,domestic,229325,0,163,9631.65,0.0,3.91,9635.56,2889.49,12525.06,18787585.5,0.153259,1919.58,10605.48,15908221.04,observed: artist's own Nigerian share of listeners this quarter,OBS,no YouTube presence observed
Q4_2023,bloody-civilian,Bloody Civilian,domestic,1051068,0,436,44144.86,0.0,10.46,44155.32,13243.46,57398.78,86098165.2,0.705314,40484.14,16914.64,25371957.92,observed: artist's own Nigerian share of listeners this quarter,OBS,no YouTube presence observed
Q1_2024,bloody-civilian,Bloody Civilian,domestic,934375,415800,808,39243.75,1663.2,19.39,40926.34,11773.12,52699.47,79049200.5,0.621603,32758.14,19941.32,29911983.51,observed: artist's own Nigerian share of listeners this quarter,OBS,"estimated: subscribers x 15 views/month (EST, first-submission methodology)"
Q2_2024,bloody-civilian,Bloody Civilian,domestic,1183066,576543,1238,49688.77,2306.17,29.71,52024.66,14906.63,66931.29,100396931.4,0.783749,52457.3,14473.99,21710980.07,observed: artist's own Nigerian share of listeners this quarter,OBS,"observed channel views, quarter net change"
Q3_2024,bloody-civilian,Bloody Civilian,domestic,825510,287801,1553,34671.42,1151.2,37.27,35859.9,10401.43,46261.32,69391983.0,0.735327,34017.2,12244.12,18366179.6,observed: artist's own Nigerian share of listeners this quarter,OBS,"observed channel views, quarter net change"
Q4_2024,bloody-civilian,Bloody Civilian,domestic,992486,228760,1812,41684.41,915.04,43.49,42642.94,12505.32,55148.26,82722395.4,0.775161,42748.76,12399.5,18599257.35,observed: artist's own Nigerian share of listeners this quarter,OBS,"observed channel views, quarter net change"
Q1_2025,bloody-civilian,Bloody Civilian,domestic,933693,222237,2019,39215.11,888.95,48.46,40152.51,11764.53,51917.04,77875562.7,0.801361,41604.29,10312.75,15469120.89,observed: artist's own Nigerian share of listeners this quarter,OBS,"observed channel views, quarter net change"
Q2_2025,bloody-civilian,Bloody Civilian,domestic,1279111,231202,2128,53722.66,924.81,51.07,54698.54,16116.8,70815.34,106223010.9,0.775538,54920.02,15895.32,23842979.4,observed: artist's own Nigerian share of listeners this quarter,OBS,"observed channel views, quarter net change"
Q3_2025,bloody-civilian,Bloody Civilian,domestic,1067602,140812,2208,44839.28,563.25,52.99,45455.52,13451.79,58907.31,88360963.8,0.752248,44312.89,14594.42,21891625.92,observed: artist's own Nigerian share of listeners this quarter,OBS,"observed channel views, quarter net change"
Q4_2025,bloody-civilian,Bloody Civilian,domestic,903768,174739,2277,37958.26,698.96,54.65,38711.86,11387.48,50099.34,75149005.2,0.735199,36833.0,13266.34,19899503.66,observed: artist's own Nigerian share of listeners this quarter,OBS,"observed channel views, quarter net change"
Q1_2026,bloody-civilian,Bloody Civilian,domestic,904407,127158,2327,37985.09,508.63,55.85,38549.57,11395.53,49945.1,74917653.3,0.785601,39236.92,10708.18,16062273.56,observed: artist's own Nigerian share of listeners this quarter,OBS,"observed channel views, quarter net change"
Q2_2026,bloody-civilian,Bloody Civilian,domestic,1117480,27432,2426,46934.16,109.73,58.22,47102.11,14080.25,61182.36,91773540.0,0.730696,44705.68,16476.68,24715024.6,observed: artist's own Nigerian share of listeners this quarter,OBS,"observed channel views, quarter net change"
Q3_2026,bloody-civilian,Bloody Civilian,domestic,1048589,238632,2480,44040.74,954.53,59.52,45054.79,13212.22,58267.01,87400511.1,0.816116,47552.62,10714.38,16071577.28,observed: artist's own Nigerian share of listeners this quarter,OBS,"observed channel views, quarter net change"
Q1_2019,boj,Boj,domestic,0,0,250,0.0,0.0,6.0,6.0,0.0,6.0,9000.0,,,,,not measured: provider published no geography this quarter,UNK,no YouTube presence observed
Q2_2019,boj,Boj,domestic,190350,0,299,7994.7,0.0,7.18,8001.88,2398.41,10400.29,15600429.0,,,,,not measured: provider published no geography this quarter,UNK,no YouTube presence observed
Q3_2019,boj,Boj,domestic,193163,0,422,8112.85,0.0,10.13,8122.97,2433.85,10556.83,15835241.7,,,,,not measured: provider published no geography this quarter,UNK,no YouTube presence observed
Q4_2019,boj,Boj,domestic,254867,0,1214,10704.41,0.0,29.14,10733.55,3211.32,13944.87,20917311.3,,,,,not measured: provider published no geography this quarter,UNK,no YouTube presence observed
Q1_2020,boj,Boj,domestic,220387,0,3029,9256.25,0.0,72.7,9328.95,2776.88,12105.83,18158739.3,,,,,not measured: provider published no geography this quarter,UNK,no YouTube presence observed
Q2_2020,boj,Boj,domestic,253188,0,4006,10633.9,0.0,96.14,10730.04,3190.17,13920.21,20880313.2,,,,,not measured: provider published no geography this quarter,UNK,no YouTube presence observed
Q3_2020,boj,Boj,domestic,373391,0,4382,15682.42,0.0,105.17,15787.59,4704.73,20492.32,30738474.9,,,,,not measured: provider published no geography this quarter,UNK,no YouTube presence observed
Q4_2020,boj,Boj,domestic,328818,0,4841,13810.36,0.0,116.18,13926.54,4143.11,18069.65,27104470.2,,,,,not measured: provider published no geography this quarter,UNK,no YouTube presence observed
Q1_2021,boj,Boj,domestic,281231,0,5587,11811.7,0.0,134.09,11945.79,3543.51,15489.3,23233950.9,0.071351,1105.17,14384.13,21576194.61,observed: artist's own Nigerian share of listeners this quarter,OBS,no YouTube presence observed
Q2_2021,boj,Boj,domestic,285291,0,6090,11982.22,0.0,146.16,12128.38,3594.67,15723.05,23584572.9,0.067212,1056.79,14666.26,21999395.14,observed: artist's own Nigerian share of listeners this quarter,OBS,no YouTube presence observed
Q3_2021,boj,Boj,domestic,1056868,0,6811,44388.46,0.0,163.46,44551.92,13316.54,57868.46,86802685.2,0.021758,1259.08,56609.38,84914068.6,observed: artist's own Nigerian share of listeners this quarter,OBS,no YouTube presence observed
Q4_2021,boj,Boj,domestic,659323,110923,7213,27691.57,443.69,173.11,28308.37,8307.47,36615.84,54923759.7,0.044559,1631.55,34984.29,52476430.89,observed: artist's own Nigerian share of listeners this quarter,OBS,"observed channel views, quarter net change"
Q1_2022,boj,Boj,domestic,880098,245024,7521,36964.12,980.1,180.5,38124.72,11089.23,49213.95,73820926.2,0.042261,2079.83,47134.12,70701182.34,observed: artist's own Nigerian share of listeners this quarter,OBS,"observed channel views, quarter net change"
Q2_2022,boj,Boj,domestic,858852,883458,7851,36071.78,3533.83,188.42,39794.04,10821.54,50615.58,75923362.8,0.061969,3136.6,47478.98,71218469.08,observed: artist's own Nigerian share of listeners this quarter,OBS,"observed channel views, quarter net change"
Q3_2022,boj,Boj,domestic,859581,291402,7978,36102.4,1165.61,191.47,37459.48,10830.72,48290.2,72435303.9,0.049175,2374.66,45915.54,68873313.36,observed: artist's own Nigerian share of listeners this quarter,OBS,"observed channel views, quarter net change"
Q4_2022,boj,Boj,domestic,635242,688500,8076,26680.16,2754.0,193.82,29627.99,8004.05,37632.04,56448055.8,0.071285,2682.62,34949.42,52424129.26,observed: artist's own Nigerian share of listeners this quarter,OBS,"estimated: subscribers x 15 views/month (EST, first-submission methodology)"
Q1_2023,boj,Boj,domestic,782176,214807,8137,32851.39,859.23,195.29,33905.91,9855.42,43761.33,65641988.4,0.105608,4621.56,39139.77,58709650.84,observed: artist's own Nigerian share of listeners this quarter,OBS,"observed channel views, quarter net change"
Q2_2023,boj,Boj,domestic,1398726,490325,8230,58746.49,1961.3,197.52,60905.31,17623.95,78529.26,117793889.4,0.104132,8177.43,70351.83,105527737.94,observed: artist's own Nigerian share of listeners this quarter,OBS,"observed channel views, quarter net change"
Q3_2023,boj,Boj,domestic,948567,307659,8314,39839.81,1230.64,199.54,41269.99,11951.94,53221.93,79832895.3,0.13846,7369.12,45852.81,68779215.47,observed: artist's own Nigerian share of listeners this quarter,OBS,"observed channel views, quarter net change"
Q4_2023,boj,Boj,domestic,1046733,434136,8412,43962.79,1736.54,201.89,45901.22,13188.84,59090.05,88635080.7,0.268055,15839.39,43250.66,64875992.12,observed: artist's own Nigerian share of listeners this quarter,OBS,"observed channel views, quarter net change"
Q1_2024,boj,Boj,domestic,974401,228674,8470,40924.84,914.7,203.28,42042.82,12277.45,54320.27,81480405.9,0.206368,11209.95,43110.33,64665487.68,observed: artist's own Nigerian share of listeners this quarter,OBS,"observed channel views, quarter net change"
Q2_2024,boj,Boj,domestic,1050507,373288,8530,44121.29,1493.15,204.72,45819.17,13236.39,59055.55,88583331.3,0.260536,15386.13,43669.43,65504140.62,observed: artist's own Nigerian share of listeners this quarter,OBS,"observed channel views, quarter net change"
Q3_2024,boj,Boj,domestic,990187,793763,8605,41587.85,3175.05,206.52,44969.43,12476.36,57445.78,86168673.3,0.254256,14605.94,42839.85,64259769.87,observed: artist's own Nigerian share of listeners this quarter,OBS,"observed channel views, quarter net change"
Q4_2024,boj,Boj,domestic,979874,442494,8655,41154.71,1769.98,207.72,43132.4,12346.41,55478.82,83218224.6,0.267274,14828.03,40650.79,60976180.98,observed: artist's own Nigerian share of listeners this quarter,OBS,"observed channel views, quarter net change"
Q1_2025,boj,Boj,domestic,932646,509274,8721,39171.13,2037.1,209.3,41417.53,11751.34,53168.87,79753307.4,0.295559,15714.56,37454.31,56181471.07,observed: artist's own Nigerian share of listeners this quarter,OBS,"observed channel views, quarter net change"
Q2_2025,boj,Boj,domestic,1392197,595192,8762,58472.27,2380.77,210.29,61063.33,17541.68,78605.01,117907518.3,0.409894,32219.71,46385.31,69577958.98,observed: artist's own Nigerian share of listeners this quarter,OBS,"observed channel views, quarter net change"
Q3_2025,boj,Boj,domestic,1055586,475722,8837,44334.61,1902.89,212.09,46449.59,13300.38,59749.97,89624957.4,0.305336,18243.8,41506.17,62259252.0,observed: artist's own Nigerian share of listeners this quarter,OBS,"observed channel views, quarter net change"
Q4_2025,boj,Boj,domestic,1335937,1044622,8931,56109.35,4178.49,214.34,60502.19,16832.81,77334.99,116002488.3,0.366002,28304.73,49030.26,73545393.89,observed: artist's own Nigerian share of listeners this quarter,OBS,"observed channel views, quarter net change"
Q1_2026,boj,Boj,domestic,1052126,640428,8994,44189.29,2561.71,215.86,46966.86,13256.79,60223.65,90335471.4,0.316055,19033.96,41189.68,61784525.11,observed: artist's own Nigerian share of listeners this quarter,OBS,"observed channel views, quarter net change"
Q2_2026,boj,Boj,domestic,1061704,839642,9105,44591.57,3358.57,218.52,48168.66,13377.47,61546.13,92319189.6,0.415012,25542.39,36003.74,54005609.43,observed: artist's own Nigerian share of listeners this quarter,OBS,"observed channel views, quarter net change"
Q3_2026,boj,Boj,domestic,1091028,368005,9158,45823.18,1472.02,219.79,47514.99,13746.95,61261.94,91892911.2,0.399627,24481.93,36780.01,55170019.93,observed: artist's own Nigerian share of listeners this quarter,OBS,"observed channel views, quarter net change"
Q4_2021,boy-spyce,Boy Spyce,domestic,0,0,12,0.0,0.0,0.29,0.29,0.0,0.29,432.0,0.038801,0.01,0.28,415.24,assumed: portfolio-wide ratio applied to an artist without own geography,ASM,no YouTube presence observed
Q1_2022,boy-spyce,Boy Spyce,domestic,0,0,15,0.0,0.0,0.36,0.36,0.0,0.36,540.0,0.044983,0.02,0.34,515.71,assumed: portfolio-wide ratio applied to an artist without own geography,ASM,no YouTube presence observed
Q2_2022,boy-spyce,Boy Spyce,domestic,105700,0,308,4439.4,0.0,7.39,4446.79,1331.82,5778.61,8667918.0,0.441865,2553.37,3225.24,4837865.35,observed: artist's own Nigerian share of listeners this quarter,OBS,no YouTube presence observed
Q3_2022,boy-spyce,Boy Spyce,domestic,86832,0,465,3646.94,0.0,11.16,3658.1,1094.08,4752.19,7128280.8,0.371395,1764.94,2987.25,4480870.54,observed: artist's own Nigerian share of listeners this quarter,OBS,no YouTube presence observed
Q4_2022,boy-spyce,Boy Spyce,domestic,869887,0,714,36535.25,0.0,17.14,36552.39,10960.58,47512.97,71269449.3,0.299709,14240.05,33272.91,49909369.18,observed: artist's own Nigerian share of listeners this quarter,OBS,no YouTube presence observed
Q1_2023,boy-spyce,Boy Spyce,domestic,875656,0,1270,36777.55,0.0,30.48,36808.03,11033.27,47841.3,71761946.4,0.400587,19164.62,28676.68,43015012.75,observed: artist's own Nigerian share of listeners this quarter,OBS,no YouTube presence observed
Q2_2023,boy-spyce,Boy Spyce,domestic,833861,0,1700,35022.16,0.0,40.8,35062.96,10506.65,45569.61,68354415.9,0.437995,19959.25,25610.36,38415544.38,observed: artist's own Nigerian share of listeners this quarter,OBS,no YouTube presence observed
Q3_2023,boy-spyce,Boy Spyce,domestic,851268,0,1986,35753.26,0.0,47.66,35800.92,10725.98,46526.9,69790345.2,0.455187,21178.46,25348.44,38022658.05,observed: artist's own Nigerian share of listeners this quarter,OBS,no YouTube presence observed
Q4_2023,boy-spyce,Boy Spyce,domestic,1019586,0,2301,42822.61,0.0,55.22,42877.84,12846.78,55724.62,83586929.4,0.484858,27018.53,28706.09,43059140.73,observed: artist's own Nigerian share of listeners this quarter,OBS,no YouTube presence observed
Q1_2024,boy-spyce,Boy Spyce,domestic,990573,0,2516,41604.07,0.0,60.38,41664.45,12481.22,54145.67,81218504.7,0.528503,28616.15,25529.52,38294281.06,observed: artist's own Nigerian share of listeners this quarter,OBS,no YouTube presence observed
Q2_2024,boy-spyce,Boy Spyce,domestic,815524,1798115,2776,34252.01,7192.46,66.62,41511.09,10275.6,51786.69,77680041.6,0.566103,29316.62,22470.08,33705113.72,observed: artist's own Nigerian share of listeners this quarter,OBS,"observed channel views, quarter net change"
Q3_2024,boy-spyce,Boy Spyce,domestic,716919,2689138,2922,30110.6,10756.55,70.13,40937.28,9033.18,49970.46,74955686.1,0.535289,26748.65,23221.81,34832716.64,observed: artist's own Nigerian share of listeners this quarter,OBS,"observed channel views, quarter net change"
Q4_2024,boy-spyce,Boy Spyce,domestic,798308,2745678,3074,33528.94,10982.71,73.78,44585.42,10058.68,54644.1,81966157.2,0.592606,32382.43,22261.68,33392517.94,observed: artist's own Nigerian share of listeners this quarter,OBS,"observed channel views, quarter net change"
Q1_2025,boy-spyce,Boy Spyce,domestic,578562,2070442,3184,24299.6,8281.77,76.42,32657.79,7289.88,39947.67,59921503.8,0.621237,24816.96,15130.71,22696069.39,observed: artist's own Nigerian share of listeners this quarter,OBS,"observed channel views, quarter net change"
Q2_2025,boy-spyce,Boy Spyce,domestic,631080,2898928,3335,26505.36,11595.71,80.04,38181.11,7951.61,46132.72,69199080.0,0.673757,31082.26,15050.46,22575683.58,observed: artist's own Nigerian share of listeners this quarter,OBS,"observed channel views, quarter net change"
Q3_2025,boy-spyce,Boy Spyce,domestic,640440,2112552,3419,26898.48,8450.21,82.06,35430.74,8069.54,43500.29,65250432.0,0.69079,30049.55,13450.73,20176100.75,observed: artist's own Nigerian share of listeners this quarter,OBS,"observed channel views, quarter net change"
Q4_2025,boy-spyce,Boy Spyce,domestic,780498,2597154,3497,32780.92,10388.62,83.93,43253.46,9834.27,53087.73,79631602.2,0.743609,39476.53,13611.21,20416807.92,observed: artist's own Nigerian share of listeners this quarter,OBS,"observed channel views, quarter net change"
Q1_2026,boy-spyce,Boy Spyce,domestic,873410,2465108,3574,36683.22,9860.43,85.78,46629.43,11004.97,57634.39,86451591.0,0.785755,45286.5,12347.9,18521848.29,observed: artist's own Nigerian share of listeners this quarter,OBS,"observed channel views, quarter net change"
Q2_2026,boy-spyce,Boy Spyce,domestic,1394616,2884395,3727,58573.87,11537.58,89.45,70200.9,17572.16,87773.06,131659592.4,0.909726,79849.41,7923.65,11885479.13,observed: artist's own Nigerian share of listeners this quarter,OBS,"observed channel views, quarter net change"
Q3_2026,boy-spyce,Boy Spyce,domestic,1195420,1252974,3798,50207.64,5011.9,91.15,55310.69,15062.29,70372.98,105559470.0,0.76388,53756.55,16616.43,24924651.69,observed: artist's own Nigerian share of listeners this quarter,OBS,"observed channel views, quarter net change"
Q1_2019,bracket,Bracket,domestic,0,0,20156,0.0,0.0,483.74,483.74,0.0,483.74,725616.0,,,,,not measured: provider published no geography this quarter,UNK,no YouTube presence observed
Q2_2019,bracket,Bracket,domestic,115594,0,20432,4854.95,0.0,490.37,5345.32,1456.48,6801.8,10202700.6,,,,,not measured: provider published no geography this quarter,UNK,no YouTube presence observed
Q3_2019,bracket,Bracket,domestic,131127,0,20907,5507.33,0.0,501.77,6009.1,1652.2,7661.3,11491953.3,,,,,not measured: provider published no geography this quarter,UNK,no YouTube presence observed
Q4_2019,bracket,Bracket,domestic,129801,0,21676,5451.64,0.0,520.22,5971.87,1635.49,7607.36,11411037.9,,,,,not measured: provider published no geography this quarter,UNK,no YouTube presence observed
Q1_2020,bracket,Bracket,domestic,134150,0,22258,5634.3,0.0,534.19,6168.49,1690.29,7858.78,11788173.0,,,,,not measured: provider published no geography this quarter,UNK,no YouTube presence observed
Q2_2020,bracket,Bracket,domestic,414945,0,22918,17427.69,0.0,550.03,17977.72,5228.31,23206.03,34809043.5,,,,,not measured: provider published no geography this quarter,UNK,no YouTube presence observed
Q3_2020,bracket,Bracket,domestic,471783,0,23921,19814.89,0.0,574.1,20388.99,5944.47,26333.46,39500183.7,,,,,not measured: provider published no geography this quarter,UNK,no YouTube presence observed
Q4_2020,bracket,Bracket,domestic,345685,0,24451,14518.77,0.0,586.82,15105.59,4355.63,19461.23,29191837.5,,,,,not measured: provider published no geography this quarter,UNK,no YouTube presence observed
Q1_2021,bracket,Bracket,domestic,317985,0,24986,13355.37,0.0,599.66,13955.03,4006.61,17961.65,26942467.5,0.007227,129.8,17831.84,26747760.86,observed: artist's own Nigerian share of listeners this quarter,OBS,no YouTube presence observed
Q2_2021,bracket,Bracket,domestic,308800,0,25669,12969.6,0.0,616.06,13585.66,3890.88,17476.54,26214804.0,0.009131,159.57,17316.96,25975443.05,observed: artist's own Nigerian share of listeners this quarter,OBS,no YouTube presence observed
Q3_2021,bracket,Bracket,domestic,352665,0,26250,14811.93,0.0,630.0,15441.93,4443.58,19885.51,29828263.5,0.009935,197.56,19687.95,29531919.34,observed: artist's own Nigerian share of listeners this quarter,OBS,no YouTube presence observed
Q4_2021,bracket,Bracket,domestic,303637,0,26772,12752.75,0.0,642.53,13395.28,3825.83,17221.11,25831662.3,0.01739,299.48,16921.63,25382438.86,observed: artist's own Nigerian share of listeners this quarter,OBS,no YouTube presence observed
Q1_2022,bracket,Bracket,domestic,351073,0,27304,14745.07,0.0,655.3,15400.36,4423.52,19823.88,29735822.7,0.017715,351.18,19472.7,29209051.29,observed: artist's own Nigerian share of listeners this quarter,OBS,no YouTube presence observed
Q2_2022,bracket,Bracket,domestic,378506,0,27649,15897.25,0.0,663.58,16560.83,4769.18,21330.0,31995005.4,0.023121,493.16,20836.84,31255258.35,observed: artist's own Nigerian share of listeners this quarter,OBS,no YouTube presence observed
Q3_2022,bracket,Bracket,domestic,331615,0,28009,13927.83,0.0,672.22,14600.05,4178.35,18778.4,28167592.5,0.025288,474.87,18303.53,27455294.62,observed: artist's own Nigerian share of listeners this quarter,OBS,no YouTube presence observed
Q4_2022,bracket,Bracket,domestic,299736,0,28246,12588.91,0.0,677.9,13266.82,3776.67,17043.49,25565234.4,0.043686,744.56,16298.93,24448389.47,observed: artist's own Nigerian share of listeners this quarter,OBS,no YouTube presence observed
Q1_2023,bracket,Bracket,domestic,298105,0,28429,12520.41,0.0,682.3,13202.71,3756.12,16958.83,25438243.5,0.073379,1244.42,15714.41,23571614.42,observed: artist's own Nigerian share of listeners this quarter,OBS,no YouTube presence observed
Q2_2023,bracket,Bracket,domestic,376518,0,28593,15813.76,0.0,686.23,16499.99,4744.13,21244.11,31866172.2,0.0874,1856.73,19387.38,29081076.57,observed: artist's own Nigerian share of listeners this quarter,OBS,no YouTube presence observed
Q3_2023,bracket,Bracket,domestic,357585,0,28763,15018.57,0.0,690.31,15708.88,4505.57,20214.45,30321679.5,0.133431,2697.23,17517.22,26275827.9,observed: artist's own Nigerian share of listeners this quarter,OBS,no YouTube presence observed
Q4_2023,bracket,Bracket,domestic,333864,0,28973,14022.29,0.0,695.35,14717.64,4206.69,18924.33,28386489.6,0.20623,3902.76,15021.57,22532355.84,observed: artist's own Nigerian share of listeners this quarter,OBS,no YouTube presence observed
Q1_2024,bracket,Bracket,domestic,359340,27045000,29129,15092.28,108180.0,699.1,123971.38,4527.68,128499.06,192748590.0,0.215987,27754.08,100744.98,151117475.83,observed: artist's own Nigerian share of listeners this quarter,OBS,"estimated: subscribers x 15 views/month (EST, first-submission methodology)"
Q2_2024,bracket,Bracket,domestic,480274,27450000,29308,20171.51,109800.0,703.39,130674.9,6051.45,136726.35,205089528.6,0.238966,32672.9,104053.45,156080181.19,observed: artist's own Nigerian share of listeners this quarter,OBS,"estimated: subscribers x 15 views/month (EST, first-submission methodology)"
Q3_2024,bracket,Bracket,domestic,452957,40680000,29510,19024.19,162720.0,708.24,182452.43,5707.26,188159.69,282239538.3,0.239954,45149.74,143009.96,214514934.91,observed: artist's own Nigerian share of listeners this quarter,OBS,"estimated: subscribers x 15 views/month (EST, first-submission methodology)"
Q4_2024,bracket,Bracket,domestic,498411,42873750,29689,20933.26,171495.0,712.54,193140.8,6279.98,199420.78,299131164.9,0.301873,60199.76,139221.01,208831519.19,observed: artist's own Nigerian share of listeners this quarter,OBS,"estimated: subscribers x 15 views/month (EST, first-submission methodology)"
Q1_2025,bracket,Bracket,domestic,496751,6733240,29874,20863.54,26932.96,716.98,48513.48,6259.06,54772.54,82158810.9,0.363784,19925.37,34847.17,52270757.5,observed: artist's own Nigerian share of listeners this quarter,OBS,"observed channel views, quarter net change"
Q2_2025,bracket,Bracket,domestic,543617,8137040,30044,22831.91,32548.16,721.06,56101.13,6849.57,62950.7,94426056.3,0.391441,24641.51,38309.19,57463784.03,observed: artist's own Nigerian share of listeners this quarter,OBS,"observed channel views, quarter net change"
Q3_2025,bracket,Bracket,domestic,602965,9426150,30271,25324.53,37704.6,726.5,63755.63,7597.36,71352.99,107029489.5,0.415645,29657.54,41695.45,62543177.94,observed: artist's own Nigerian share of listeners this quarter,OBS,"observed channel views, quarter net change"
Q4_2025,bracket,Bracket,domestic,650446,8204700,30526,27318.73,32818.8,732.62,60870.16,8195.62,69065.78,103598663.4,0.429063,29633.58,39432.2,59148300.89,observed: artist's own Nigerian share of listeners this quarter,OBS,"observed channel views, quarter net change"
Q1_2026,bracket,Bracket,domestic,716210,7688740,30760,30080.82,30754.96,738.24,61574.02,9024.25,70598.27,105897399.0,0.473346,33417.39,37180.88,55771314.8,observed: artist's own Nigerian share of listeners this quarter,OBS,"observed channel views, quarter net change"
Q2_2026,bracket,Bracket,domestic,756210,0,31105,31760.82,0.0,746.52,32507.34,9528.25,42035.59,63053379.0,0.455697,19155.51,22880.07,34320112.36,observed: artist's own Nigerian share of listeners this quarter,OBS,no YouTube presence observed
Q3_2026,bracket,Bracket,domestic,809193,0,31244,33986.11,0.0,749.86,34735.96,10195.83,44931.79,67397690.7,0.460944,20711.06,24220.73,36331096.04,observed: artist's own Nigerian share of listeners this quarter,OBS,no YouTube presence observed
Q1_2019,brymo,Brymo,domestic,0,996480,4556,0.0,3985.92,109.34,4095.26,0.0,4095.26,6142896.0,,,,,not measured: provider published no geography this quarter,UNK,"estimated: subscribers x 15 views/month (EST, first-submission methodology)"
Q2_2019,brymo,Brymo,domestic,39476,1016055,4703,1657.99,4064.22,112.87,5835.08,497.4,6332.48,9498722.4,,,,,not measured: provider published no geography this quarter,UNK,"estimated: subscribers x 15 views/month (EST, first-submission methodology)"
Q3_2019,brymo,Brymo,domestic,39721,1057500,4960,1668.28,4230.0,119.04,6017.32,500.48,6517.81,9776709.9,,,,,not measured: provider published no geography this quarter,UNK,"estimated: subscribers x 15 views/month (EST, first-submission methodology)"
Q4_2019,brymo,Brymo,domestic,32854,1116000,5928,1379.87,4464.0,142.27,5986.14,413.96,6400.1,9600150.6,,,,,not measured: provider published no geography this quarter,UNK,"estimated: subscribers x 15 views/month (EST, first-submission methodology)"
Q1_2020,brymo,Brymo,domestic,29441,1206000,6966,1236.52,4824.0,167.18,6227.71,370.96,6598.66,9897993.9,,,,,not measured: provider published no geography this quarter,UNK,"estimated: subscribers x 15 views/month (EST, first-submission methodology)"
Q2_2020,brymo,Brymo,domestic,49627,1507500,9447,2084.33,6030.0,226.73,8341.06,625.3,8966.36,13449543.3,,,,,not measured: provider published no geography this quarter,UNK,"estimated: subscribers x 15 views/month (EST, first-submission methodology)"
Q3_2020,brymo,Brymo,domestic,37642,1588500,10454,1580.96,6354.0,250.9,8185.86,474.29,8660.15,12990223.8,,,,,not measured: provider published no geography this quarter,UNK,"estimated: subscribers x 15 views/month (EST, first-submission methodology)"
Q4_2020,brymo,Brymo,domestic,35510,1656000,11217,1491.42,6624.0,269.21,8384.63,447.43,8832.05,13248081.0,,,,,not measured: provider published no geography this quarter,UNK,"estimated: subscribers x 15 views/month (EST, first-submission methodology)"
Q1_2021,brymo,Brymo,domestic,38320,1714500,11893,1609.44,6858.0,285.43,8752.87,482.83,9235.7,13853556.0,0.184499,1703.98,7531.73,11297589.38,observed: artist's own Nigerian share of listeners this quarter,OBS,"estimated: subscribers x 15 views/month (EST, first-submission methodology)"
Q2_2021,brymo,Brymo,domestic,42126,1768500,12347,1769.29,7074.0,296.33,9139.62,530.79,9670.41,14505611.4,0.163548,1581.58,8088.83,12133242.93,observed: artist's own Nigerian share of listeners this quarter,OBS,"estimated: subscribers x 15 views/month (EST, first-submission methodology)"
Q3_2021,brymo,Brymo,domestic,68221,72770,13060,2865.28,291.08,313.44,3469.8,859.58,4329.39,6494079.9,0.249724,1081.15,3248.23,4872352.16,observed: artist's own Nigerian share of listeners this quarter,OBS,"observed channel views, quarter net change"
Q4_2021,brymo,Brymo,domestic,46752,907886,13815,1963.58,3631.54,331.56,5926.69,589.08,6515.76,9773644.8,0.284891,1856.28,4659.48,6989223.42,observed: artist's own Nigerian share of listeners this quarter,OBS,"observed channel views, quarter net change"
Q1_2022,brymo,Brymo,domestic,68485,852105,14387,2876.37,3408.42,345.29,6630.08,862.91,7492.99,11239483.5,0.268561,2012.32,5480.67,8220998.57,observed: artist's own Nigerian share of listeners this quarter,OBS,"observed channel views, quarter net change"
Q2_2022,brymo,Brymo,domestic,101725,1386297,14674,4272.45,5545.19,352.18,10169.81,1281.73,11451.55,17177323.5,0.300372,3439.73,8011.82,12017735.35,observed: artist's own Nigerian share of listeners this quarter,OBS,"observed channel views, quarter net change"
Q3_2022,brymo,Brymo,domestic,96060,1146586,14869,4034.52,4586.34,356.86,8977.72,1210.36,10188.08,15282114.0,0.240246,2447.64,7740.43,11610647.71,observed: artist's own Nigerian share of listeners this quarter,OBS,"observed channel views, quarter net change"
Q4_2022,brymo,Brymo,domestic,82771,1029870,14971,3476.38,4119.48,359.3,7955.17,1042.91,8998.08,13497120.9,0.359313,3233.12,5764.96,8647434.67,observed: artist's own Nigerian share of listeners this quarter,OBS,"observed channel views, quarter net change"
Q1_2023,brymo,Brymo,domestic,98897,851910,15043,4153.67,3407.64,361.03,7922.35,1246.1,9168.45,13752672.3,0.383102,3512.45,5655.99,8483991.58,observed: artist's own Nigerian share of listeners this quarter,OBS,"observed channel views, quarter net change"
Q2_2023,brymo,Brymo,domestic,102543,2439000,15105,4306.81,9756.0,362.52,14425.33,1292.04,15717.37,23576051.7,0.443123,6964.73,8752.64,13128955.78,observed: artist's own Nigerian share of listeners this quarter,OBS,"estimated: subscribers x 15 views/month (EST, first-submission methodology)"
Q3_2023,brymo,Brymo,domestic,99088,663936,15152,4161.7,2655.74,363.65,7181.09,1248.51,8429.6,12644395.2,0.563835,4752.9,3676.7,5515047.95,observed: artist's own Nigerian share of listeners this quarter,OBS,"observed channel views, quarter net change"
Q4_2023,brymo,Brymo,domestic,120931,965681,15222,5079.1,3862.72,365.33,9307.15,1523.73,10830.88,16246326.9,0.727442,7878.84,2952.05,4428071.19,observed: artist's own Nigerian share of listeners this quarter,OBS,"observed channel views, quarter net change"
Q1_2024,brymo,Brymo,domestic,135578,804167,15267,5694.28,3216.67,366.41,9277.35,1708.28,10985.63,16478452.2,0.677778,7445.83,3539.81,5309713.91,observed: artist's own Nigerian share of listeners this quarter,OBS,"observed channel views, quarter net change"
Q2_2024,brymo,Brymo,domestic,156507,1275650,15310,6573.29,5102.6,367.44,12043.33,1971.99,14015.32,21022983.3,0.712032,9979.36,4035.96,6053947.05,observed: artist's own Nigerian share of listeners this quarter,OBS,"observed channel views, quarter net change"
Q3_2024,brymo,Brymo,domestic,174701,1370426,15352,7337.44,5481.7,368.45,13187.59,2201.23,15388.83,23083239.9,0.733771,11291.87,4096.96,6145436.66,observed: artist's own Nigerian share of listeners this quarter,OBS,"observed channel views, quarter net change"
Q4_2024,brymo,Brymo,domestic,176506,1194699,15401,7413.25,4778.8,369.62,12561.67,2223.98,14785.65,22178471.4,0.754914,11161.9,3623.75,5435623.58,observed: artist's own Nigerian share of listeners this quarter,OBS,"observed channel views, quarter net change"
Q1_2025,brymo,Brymo,domestic,233271,1469248,15447,9797.38,5876.99,370.73,16045.1,2939.21,18984.32,28476474.9,0.807673,15333.11,3651.2,5476802.6,observed: artist's own Nigerian share of listeners this quarter,OBS,"observed channel views, quarter net change"
Q2_2025,brymo,Brymo,domestic,268496,1686304,15509,11276.83,6745.22,372.22,18394.26,3383.05,21777.31,32665970.4,0.841242,18319.98,3457.33,5185997.76,observed: artist's own Nigerian share of listeners this quarter,OBS,"observed channel views, quarter net change"
Q3_2025,brymo,Brymo,domestic,297638,2282104,15585,12500.8,9128.42,374.04,22003.25,3750.24,25753.49,38630236.2,0.888219,22874.75,2878.74,4318109.81,observed: artist's own Nigerian share of listeners this quarter,OBS,"observed channel views, quarter net change"
Q4_2025,brymo,Brymo,domestic,343635,2357548,15649,14432.67,9430.19,375.58,24238.44,4329.8,28568.24,42852358.5,0.893665,25530.44,3037.79,4556691.1,observed: artist's own Nigerian share of listeners this quarter,OBS,"observed channel views, quarter net change"
Q1_2026,brymo,Brymo,domestic,334257,2123916,15702,14038.79,8495.66,376.85,22911.31,4211.64,27122.94,40684416.3,0.953789,25869.56,1253.39,1880080.31,observed: artist's own Nigerian share of listeners this quarter,OBS,"observed channel views, quarter net change"
Q2_2026,brymo,Brymo,domestic,313583,2254006,15785,13170.49,9016.02,378.84,22565.35,3951.15,26516.5,39774743.7,0.97739,25916.97,599.53,899292.8,observed: artist's own Nigerian share of listeners this quarter,OBS,"observed channel views, quarter net change"
Q3_2026,brymo,Brymo,domestic,340535,1142480,15825,14302.47,4569.92,379.8,19252.19,4290.74,23542.93,35314396.5,0.919603,21650.15,1892.78,2839165.8,observed: artist's own Nigerian share of listeners this quarter,OBS,"observed channel views, quarter net change"
Q1_2019,burna-boy,Burna Boy,domestic,0,0,40723,0.0,0.0,977.35,977.35,0.0,977.35,1466028.0,,,,,not measured: provider published no geography this quarter,UNK,no YouTube presence observed
Q2_2019,burna-boy,Burna Boy,domestic,1482747,0,85181,62275.37,0.0,2044.34,64319.72,18682.61,83002.33,124503495.3,,,,,not measured: provider published no geography this quarter,UNK,no YouTube presence observed
Q3_2019,burna-boy,Burna Boy,domestic,4756969,0,139098,199792.7,0.0,3338.35,203131.05,59937.81,263068.86,394603289.1,,,,,not measured: provider published no geography this quarter,UNK,no YouTube presence observed
Q4_2019,burna-boy,Burna Boy,domestic,12018014,0,195044,504756.59,0.0,4681.06,509437.64,151426.98,660864.62,991296930.6,,,,,not measured: provider published no geography this quarter,UNK,no YouTube presence observed
Q1_2020,burna-boy,Burna Boy,domestic,8461061,0,245140,355364.56,0.0,5883.36,361247.92,106609.37,467857.29,701785935.9,,,,,not measured: provider published no geography this quarter,UNK,no YouTube presence observed
Q2_2020,burna-boy,Burna Boy,domestic,7146376,0,291074,300147.79,0.0,6985.78,307133.57,90044.34,397177.91,595766858.4,,,,,not measured: provider published no geography this quarter,UNK,no YouTube presence observed
Q3_2020,burna-boy,Burna Boy,domestic,11389803,0,356617,478371.73,0.0,8558.81,486930.53,143511.52,630442.05,945663077.7,,,,,not measured: provider published no geography this quarter,UNK,no YouTube presence observed
Q4_2020,burna-boy,Burna Boy,domestic,8608830,0,413830,361570.86,0.0,9931.92,371502.78,108471.26,479974.04,719961057.0,,,,,not measured: provider published no geography this quarter,UNK,no YouTube presence observed
Q1_2021,burna-boy,Burna Boy,domestic,10646230,81450000,463931,447141.66,325800.0,11134.34,784076.0,134142.5,918218.5,1377327753.0,0.004913,4511.3,913707.2,1370560803.06,observed: artist's own Nigerian share of listeners this quarter,OBS,"estimated: subscribers x 15 views/month (EST, first-submission methodology)"
Q2_2021,burna-boy,Burna Boy,domestic,9516606,88650000,515787,399697.45,354600.0,12378.89,766676.34,119909.24,886585.58,1329878363.4,0.005406,4792.67,881792.9,1322689351.3,observed: artist's own Nigerian share of listeners this quarter,OBS,"estimated: subscribers x 15 views/month (EST, first-submission methodology)"
Q3_2021,burna-boy,Burna Boy,domestic,9823658,198848403,561914,412593.64,795393.61,13485.94,1221473.18,123778.09,1345251.27,2017876912.2,0.007882,10602.96,1334648.31,2001972467.08,observed: artist's own Nigerian share of listeners this quarter,OBS,"observed channel views, quarter net change"
Q4_2021,burna-boy,Burna Boy,domestic,9484429,87601218,609291,398346.02,350404.87,14622.98,763373.87,119503.81,882877.68,1324316519.1,0.015678,13841.85,869035.83,1303553742.83,observed: artist's own Nigerian share of listeners this quarter,OBS,"observed channel views, quarter net change"
Q1_2022,burna-boy,Burna Boy,domestic,9798706,85048052,650299,411545.65,340192.21,15607.18,767345.04,123463.7,890808.73,1336213097.4,0.012471,11109.47,879699.26,1319548895.35,observed: artist's own Nigerian share of listeners this quarter,OBS,"observed channel views, quarter net change"
Q2_2022,burna-boy,Burna Boy,domestic,11124060,112531736,676185,467210.52,450126.94,16228.44,933565.9,140163.16,1073729.06,1610593590.0,0.017745,19053.14,1054675.92,1582013875.77,observed: artist's own Nigerian share of listeners this quarter,OBS,"observed channel views, quarter net change"
Q3_2022,burna-boy,Burna Boy,domestic,18426019,289374312,714808,773892.8,1157497.25,17155.39,1948545.44,232167.84,2180713.28,3271069916.1,0.014658,31964.09,2148749.19,3223123782.27,observed: artist's own Nigerian share of listeners this quarter,OBS,"observed channel views, quarter net change"
Q4_2022,burna-boy,Burna Boy,domestic,16300843,227063115,751571,684635.41,908252.46,18037.7,1610925.57,205390.62,1816316.19,2724474287.7,0.019453,35332.12,1780984.07,2671476109.44,observed: artist's own Nigerian share of listeners this quarter,OBS,"observed channel views, quarter net change"
Q1_2023,burna-boy,Burna Boy,domestic,15349445,185828862,780884,644676.69,743315.45,18741.22,1406733.35,193403.01,1600136.36,2400204541.5,0.030181,48293.21,1551843.15,2327764728.98,observed: artist's own Nigerian share of listeners this quarter,OBS,"observed channel views, quarter net change"
Q2_2023,burna-boy,Burna Boy,domestic,19609336,158801123,802380,823592.11,635204.49,19257.12,1478053.72,247077.63,1725131.36,2587697036.4,0.031716,54714.0,1670417.35,2505626031.02,observed: artist's own Nigerian share of listeners this quarter,OBS,"observed channel views, quarter net change"
Q3_2023,burna-boy,Burna Boy,domestic,19639355,205429272,825865,824852.91,821717.09,19820.76,1666390.76,247455.87,1913846.63,2870769946.5,0.052241,99981.92,1813864.71,2720797062.61,observed: artist's own Nigerian share of listeners this quarter,OBS,"observed channel views, quarter net change"
Q4_2023,burna-boy,Burna Boy,domestic,16428625,202422889,849458,690002.25,809691.56,20386.99,1520080.8,207000.67,1727081.47,2590622209.5,0.072061,124454.97,1602626.5,2403939756.68,observed: artist's own Nigerian share of listeners this quarter,OBS,"observed channel views, quarter net change"
Q1_2024,burna-boy,Burna Boy,domestic,16118085,137096876,877454,676959.57,548387.5,21058.9,1246405.97,203087.87,1449493.84,2174240761.5,0.066786,96805.68,1352688.16,2029032239.65,observed: artist's own Nigerian share of listeners this quarter,OBS,"observed channel views, quarter net change"
Q2_2024,burna-boy,Burna Boy,domestic,15831030,142753743,903317,664903.26,571014.97,21679.61,1257597.84,199470.98,1457068.82,2185603227.0,0.093292,135933.46,1321135.36,1981703042.93,observed: artist's own Nigerian share of listeners this quarter,OBS,"observed channel views, quarter net change"
Q3_2024,burna-boy,Burna Boy,domestic,22552966,147919825,926006,947224.57,591679.3,22224.14,1561128.02,284167.37,1845295.39,2767943081.4,0.069972,129119.73,1716175.65,2574263480.34,observed: artist's own Nigerian share of listeners this quarter,OBS,"observed channel views, quarter net change"
Q4_2024,burna-boy,Burna Boy,domestic,19894986,124518937,943953,835589.41,498075.75,22654.87,1356320.03,250676.82,1606996.86,2410495283.4,0.097218,156228.73,1450768.13,2176152190.13,observed: artist's own Nigerian share of listeners this quarter,OBS,"observed channel views, quarter net change"
Q1_2025,burna-boy,Burna Boy,domestic,19186312,115666034,961475,805825.1,462664.14,23075.4,1291564.64,241747.53,1533312.17,2299968256.8,0.101256,155257.68,1378054.49,2067081736.9,observed: artist's own Nigerian share of listeners this quarter,OBS,"observed channel views, quarter net change"
Q2_2025,burna-boy,Burna Boy,domestic,21923917,145596129,983206,920804.51,582384.52,23596.94,1526785.97,276241.35,1803027.33,2704540992.3,0.113153,204017.13,1599010.2,2398515296.57,observed: artist's own Nigerian share of listeners this quarter,OBS,"observed channel views, quarter net change"
Q3_2025,burna-boy,Burna Boy,domestic,22487457,141357809,1006046,944473.19,565431.24,24145.1,1534049.53,283341.96,1817391.49,2726087238.3,0.125909,228825.11,1588566.38,2382849577.18,observed: artist's own Nigerian share of listeners this quarter,OBS,"observed channel views, quarter net change"
Q4_2025,burna-boy,Burna Boy,domestic,23211375,144354399,1022114,974877.75,577417.6,24530.74,1576826.08,292463.33,1869289.41,2803934110.5,0.121795,227669.86,1641619.55,2462429325.87,observed: artist's own Nigerian share of listeners this quarter,OBS,"observed channel views, quarter net change"
Q1_2026,burna-boy,Burna Boy,domestic,24954833,114981865,1037402,1048102.99,459927.46,24897.65,1532928.09,314430.9,1847358.99,2771038484.7,0.116253,214761.86,1632597.13,2448895700.99,observed: artist's own Nigerian share of listeners this quarter,OBS,"observed channel views, quarter net change"
Q2_2026,burna-boy,Burna Boy,domestic,46296106,120928841,1054083,1944436.45,483715.36,25297.99,2453449.81,583330.94,3036780.74,4555171115.4,0.068591,208295.42,2828485.32,4242727984.11,observed: artist's own Nigerian share of listeners this quarter,OBS,"observed channel views, quarter net change"
Q3_2026,burna-boy,Burna Boy,domestic,60131126,80211628,1066365,2525507.29,320846.51,25592.76,2871946.56,757652.19,3629598.75,5444398127.4,0.052896,191992.38,3437606.38,5156409563.48,observed: artist's own Nigerian share of listeners this quarter,OBS,"observed channel views, quarter net change"
Q1_2019,cdq,CDQ,domestic,0,0,125,0.0,0.0,3.0,3.0,0.0,3.0,4500.0,,,,,not measured: provider published no geography this quarter,UNK,no YouTube presence observed
Q2_2019,cdq,CDQ,domestic,41412,0,127,1739.3,0.0,3.05,1742.35,521.79,2264.14,3396214.8,,,,,not measured: provider published no geography this quarter,UNK,no YouTube presence observed
Q3_2019,cdq,CDQ,domestic,25005,0,140,1050.21,0.0,3.36,1053.57,315.06,1368.63,2052949.5,,,,,not measured: provider published no geography this quarter,UNK,no YouTube presence observed
Q4_2019,cdq,CDQ,domestic,52276,0,145,2195.59,0.0,3.48,2199.07,658.68,2857.75,4286624.4,,,,,not measured: provider published no geography this quarter,UNK,no YouTube presence observed
Q1_2020,cdq,CDQ,domestic,27420,0,155,1151.64,0.0,3.72,1155.36,345.49,1500.85,2251278.0,,,,,not measured: provider published no geography this quarter,UNK,no YouTube presence observed
Q2_2020,cdq,CDQ,domestic,22282,0,170,935.84,0.0,4.08,939.92,280.75,1220.68,1831015.8,,,,,not measured: provider published no geography this quarter,UNK,no YouTube presence observed
Q3_2020,cdq,CDQ,domestic,16483,0,195,692.29,0.0,4.68,696.97,207.69,904.65,1356977.7,,,,,not measured: provider published no geography this quarter,UNK,no YouTube presence observed
Q4_2020,cdq,CDQ,domestic,16199,0,204,680.36,0.0,4.9,685.25,204.11,889.36,1334042.1,,,,,not measured: provider published no geography this quarter,UNK,no YouTube presence observed
Q1_2021,cdq,CDQ,domestic,17207,0,216,722.69,0.0,5.18,727.88,216.81,944.69,1417029.3,0.106294,100.41,844.27,1266407.66,observed: artist's own Nigerian share of listeners this quarter,OBS,no YouTube presence observed
Q2_2021,cdq,CDQ,domestic,15631,0,236,656.5,0.0,5.66,662.17,196.95,859.12,1288674.9,0.109001,93.64,765.47,1148207.52,observed: artist's own Nigerian share of listeners this quarter,OBS,no YouTube presence observed
Q3_2021,cdq,CDQ,domestic,27100,0,287,1138.2,0.0,6.89,1145.09,341.46,1486.55,2229822.0,0.163282,242.73,1243.82,1865732.46,observed: artist's own Nigerian share of listeners this quarter,OBS,no YouTube presence observed
Q4_2021,cdq,CDQ,domestic,45251,411923,341,1900.54,1647.69,8.18,3556.42,570.16,4126.58,6189870.9,0.3452,1424.5,2702.08,4053126.07,observed: artist's own Nigerian share of listeners this quarter,OBS,"observed channel views, quarter net change"
Q1_2022,cdq,CDQ,domestic,33537,1610498,429,1408.55,6441.99,10.3,7860.84,422.57,8283.41,12425112.3,0.265026,2195.32,6088.09,9132132.92,observed: artist's own Nigerian share of listeners this quarter,OBS,"observed channel views, quarter net change"
Q2_2022,cdq,CDQ,domestic,33481,671129,460,1406.2,2684.52,11.04,4101.76,421.86,4523.62,6785427.9,0.26318,1190.53,3333.09,4999640.31,observed: artist's own Nigerian share of listeners this quarter,OBS,"observed channel views, quarter net change"
Q3_2022,cdq,CDQ,domestic,29235,161135,487,1227.87,644.54,11.69,1884.1,368.36,2252.46,3378688.5,0.289312,651.66,1600.8,2401194.02,observed: artist's own Nigerian share of listeners this quarter,OBS,"observed channel views, quarter net change"
Q4_2022,cdq,CDQ,domestic,24059,307161,504,1010.48,1228.64,12.1,2251.22,303.14,2554.36,3831542.1,0.382139,976.12,1578.24,2367360.53,observed: artist's own Nigerian share of listeners this quarter,OBS,"observed channel views, quarter net change"
Q1_2023,cdq,CDQ,domestic,39358,833637,516,1653.04,3334.55,12.38,4999.97,495.91,5495.88,8243818.2,0.453198,2490.72,3005.16,4507738.88,observed: artist's own Nigerian share of listeners this quarter,OBS,"observed channel views, quarter net change"
Q2_2023,cdq,CDQ,domestic,34453,730231,536,1447.03,2920.92,12.86,4380.81,434.11,4814.92,7222382.7,0.51279,2469.05,2345.88,3518813.72,observed: artist's own Nigerian share of listeners this quarter,OBS,"observed channel views, quarter net change"
Q3_2023,cdq,CDQ,domestic,41864,131640,549,1758.29,526.56,13.18,2298.02,527.49,2825.51,4238265.6,0.390726,1104.0,1721.51,2582263.76,observed: artist's own Nigerian share of listeners this quarter,OBS,"observed channel views, quarter net change"
Q4_2023,cdq,CDQ,domestic,49866,300200,570,2094.37,1200.8,13.68,3308.85,628.31,3937.16,5905745.4,0.543724,2140.73,1796.43,2694647.12,observed: artist's own Nigerian share of listeners this quarter,OBS,"observed channel views, quarter net change"
Q1_2024,cdq,CDQ,domestic,49069,150455,583,2060.9,601.82,13.99,2676.71,618.27,3294.98,4942469.1,0.555038,1828.84,1466.14,2199211.4,observed: artist's own Nigerian share of listeners this quarter,OBS,"observed channel views, quarter net change"
Q2_2024,cdq,CDQ,domestic,55821,152533,592,2344.48,610.13,14.21,2968.82,703.34,3672.17,5508249.9,0.538296,1976.71,1695.45,2543179.91,observed: artist's own Nigerian share of listeners this quarter,OBS,"observed channel views, quarter net change"
Q3_2024,cdq,CDQ,domestic,54174,568179,600,2275.31,2272.72,14.4,4562.42,682.59,5245.02,7867524.6,0.523524,2745.89,2499.12,3748686.16,observed: artist's own Nigerian share of listeners this quarter,OBS,"observed channel views, quarter net change"
Q4_2024,cdq,CDQ,domestic,55874,160184,603,2346.71,640.74,14.47,3001.92,704.01,3705.93,5558892.6,0.78254,2900.04,805.89,1208836.36,observed: artist's own Nigerian share of listeners this quarter,OBS,"observed channel views, quarter net change"
Q1_2025,cdq,CDQ,domestic,70478,284721,617,2960.08,1138.88,14.81,4113.77,888.02,5001.79,7502686.2,0.809887,4050.89,950.91,1426357.59,observed: artist's own Nigerian share of listeners this quarter,OBS,"observed channel views, quarter net change"
Q2_2025,cdq,CDQ,domestic,148175,549146,625,6223.35,2196.58,15.0,8434.93,1867.01,10301.94,15452908.5,0.868193,8944.07,1357.86,2036796.76,observed: artist's own Nigerian share of listeners this quarter,OBS,"observed channel views, quarter net change"
Q3_2025,cdq,CDQ,domestic,243417,341796,636,10223.51,1367.18,15.26,11605.96,3067.05,14673.02,22009524.3,0.936273,13737.95,935.06,1402597.29,observed: artist's own Nigerian share of listeners this quarter,OBS,"observed channel views, quarter net change"
Q4_2025,cdq,CDQ,domestic,337871,530756,648,14190.58,2123.02,15.55,16329.16,4257.17,20586.33,30879498.9,0.951858,19595.26,991.07,1486607.38,observed: artist's own Nigerian share of listeners this quarter,OBS,"observed channel views, quarter net change"
Q1_2026,cdq,CDQ,domestic,321854,418565,656,13517.87,1674.26,15.74,15207.87,4055.36,19263.23,28894848.6,0.960012,18492.93,770.3,1155453.17,observed: artist's own Nigerian share of listeners this quarter,OBS,"observed channel views, quarter net change"
Q2_2026,cdq,CDQ,domestic,323997,618861,678,13607.87,2475.44,16.27,16099.59,4082.36,20181.95,30272928.3,0.929968,18768.58,1413.37,2120058.96,observed: artist's own Nigerian share of listeners this quarter,OBS,"observed channel views, quarter net change"
Q3_2026,cdq,CDQ,domestic,292843,397927,685,12299.41,1591.71,16.44,13907.55,3689.82,17597.38,26396063.7,0.903581,15900.66,1696.72,2545074.02,observed: artist's own Nigerian share of listeners this quarter,OBS,"observed channel views, quarter net change"
Q1_2019,ckay,CKay,domestic,0,0,66,0.0,0.0,1.58,1.58,0.0,1.58,2376.0,,,,,not measured: provider published no geography this quarter,UNK,no YouTube presence observed
Q2_2019,ckay,CKay,domestic,2023,0,67,84.97,0.0,1.61,86.57,25.49,112.06,168095.7,,,,,not measured: provider published no geography this quarter,UNK,no YouTube presence observed
Q3_2019,ckay,CKay,domestic,32941,0,80,1383.52,0.0,1.92,1385.44,415.06,1800.5,2700747.9,,,,,not measured: provider published no geography this quarter,UNK,no YouTube presence observed
Q4_2019,ckay,CKay,domestic,12566,0,131,527.77,0.0,3.14,530.92,158.33,689.25,1033871.4,,,,,not measured: provider published no geography this quarter,UNK,no YouTube presence observed
Q1_2020,ckay,CKay,domestic,32079,0,222,1347.32,0.0,5.33,1352.65,404.2,1756.84,2635262.1,,,,,not measured: provider published no geography this quarter,UNK,no YouTube presence observed
Q2_2020,ckay,CKay,domestic,213787,0,1162,8979.05,0.0,27.89,9006.94,2693.72,11700.66,17550987.3,,,,,not measured: provider published no geography this quarter,UNK,no YouTube presence observed
Q3_2020,ckay,CKay,domestic,389128,0,3788,16343.38,0.0,90.91,16434.29,4903.01,21337.3,32005951.2,,,,,not measured: provider published no geography this quarter,UNK,no YouTube presence observed
Q4_2020,ckay,CKay,domestic,604453,0,6854,25387.03,0.0,164.5,25551.52,7616.11,33167.63,49751444.7,,,,,not measured: provider published no geography this quarter,UNK,no YouTube presence observed
Q1_2021,ckay,CKay,domestic,737608,4995000,13420,30979.54,19980.0,322.08,51281.62,9293.86,60575.48,90863215.2,0.045165,2735.89,57839.59,86759386.13,observed: artist's own Nigerian share of listeners this quarter,OBS,"estimated: subscribers x 15 views/month (EST, first-submission methodology)"
Q2_2021,ckay,CKay,domestic,815100,6615000,22917,34234.2,26460.0,550.01,61244.21,10270.26,71514.47,107271702.0,0.044226,3162.78,68351.69,102527528.36,observed: artist's own Nigerian share of listeners this quarter,OBS,"estimated: subscribers x 15 views/month (EST, first-submission methodology)"
Q3_2021,ckay,CKay,domestic,13232595,32268604,36782,555768.99,129074.42,882.77,685726.17,166730.7,852456.87,1278685306.5,0.00364,3102.86,849354.01,1274031021.61,observed: artist's own Nigerian share of listeners this quarter,OBS,"observed channel views, quarter net change"
Q4_2021,ckay,CKay,domestic,28818828,373182058,79124,1210390.78,1492728.23,1898.98,2705017.98,363117.23,3068135.22,4602202825.2,0.038801,119045.19,2949090.02,4423635033.93,assumed: portfolio-wide ratio applied to an artist without own geography,ASM,"observed channel views, quarter net change"
Q1_2022,ckay,CKay,domestic,22151042,194588633,116074,930343.76,778354.53,2785.78,1711484.07,279103.13,1990587.2,2985880801.8,0.004023,8008.34,1982578.87,2973868297.58,observed: artist's own Nigerian share of listeners this quarter,OBS,"observed channel views, quarter net change"
Q2_2022,ckay,CKay,domestic,18479452,142458735,134793,776136.98,569834.94,3235.03,1349206.96,232841.1,1582048.05,2373072076.8,0.00532,8415.89,1573632.16,2360448245.89,observed: artist's own Nigerian share of listeners this quarter,OBS,"observed channel views, quarter net change"
Q3_2022,ckay,CKay,domestic,15026075,116448650,148547,631095.15,465794.6,3565.13,1100454.88,189328.55,1289783.42,1934675134.5,0.006528,8419.86,1281363.56,1922045345.46,observed: artist's own Nigerian share of listeners this quarter,OBS,"observed channel views, quarter net change"
Q4_2022,ckay,CKay,domestic,14586679,100193741,158614,612640.52,400774.96,3806.74,1017222.22,183792.16,1201014.37,1801521560.1,0.007396,8882.12,1192132.25,1788198380.79,observed: artist's own Nigerian share of listeners this quarter,OBS,"observed channel views, quarter net change"
Q1_2023,ckay,CKay,domestic,13225519,85159027,166453,555471.8,340636.11,3994.87,900102.78,166641.54,1066744.32,1600116476.1,0.008133,8675.62,1058068.7,1587103052.58,observed: artist's own Nigerian share of listeners this quarter,OBS,"observed channel views, quarter net change"
Q2_2023,ckay,CKay,domestic,15504745,73435977,173701,651199.29,293743.91,4168.82,949112.02,195359.79,1144471.81,1716707713.5,0.026913,30800.78,1113671.03,1670506537.81,observed: artist's own Nigerian share of listeners this quarter,OBS,"observed channel views, quarter net change"
Q3_2023,ckay,CKay,domestic,11342428,58756671,180785,476381.98,235026.68,4338.84,715747.5,142914.59,858662.09,1287993139.2,0.031522,27066.57,831595.52,1247393280.7,observed: artist's own Nigerian share of listeners this quarter,OBS,"observed channel views, quarter net change"
Q4_2023,ckay,CKay,domestic,9940348,52258327,187482,417494.62,209033.31,4499.57,631027.49,125248.38,756275.88,1134413815.2,0.039001,29495.8,726780.08,1090170118.38,observed: artist's own Nigerian share of listeners this quarter,OBS,"observed channel views, quarter net change"
Q1_2024,ckay,CKay,domestic,9008142,54629999,194152,378341.96,218520.0,4659.65,601521.61,113502.59,715024.2,1072536295.8,0.042788,30594.61,684429.59,1026644388.19,observed: artist's own Nigerian share of listeners this quarter,OBS,"observed channel views, quarter net change"
Q2_2024,ckay,CKay,domestic,9058613,42755612,200483,380461.75,171022.45,4811.59,556295.79,114138.52,670434.31,1005651464.7,0.057499,38549.34,631884.97,947827456.77,observed: artist's own Nigerian share of listeners this quarter,OBS,"observed channel views, quarter net change"
Q3_2024,ckay,CKay,domestic,9117002,74045530,206717,382914.08,296182.12,4961.21,684057.41,114874.23,798931.64,1198397455.8,0.058883,47043.37,751888.27,1127832406.22,observed: artist's own Nigerian share of listeners this quarter,OBS,"observed channel views, quarter net change"
Q4_2024,ckay,CKay,domestic,8960225,46364851,212644,376329.45,185459.4,5103.46,566892.31,112898.84,679791.15,1019686717.5,0.087902,59755.02,620036.13,930054187.85,observed: artist's own Nigerian share of listeners this quarter,OBS,"observed channel views, quarter net change"
Q1_2025,ckay,CKay,domestic,8265950,46620400,217743,347169.9,186481.6,5225.83,538877.33,104150.97,643028.3,964542453.0,0.08097,52066.0,590962.3,886443447.25,observed: artist's own Nigerian share of listeners this quarter,OBS,"observed channel views, quarter net change"
Q2_2025,ckay,CKay,domestic,10224561,54563500,222789,429431.56,218254.0,5346.94,653032.5,128829.47,781861.97,1172792949.9,0.08376,65489.1,716372.87,1074559305.31,observed: artist's own Nigerian share of listeners this quarter,OBS,"observed channel views, quarter net change"
Q3_2025,ckay,CKay,domestic,8891220,57166500,228335,373431.24,228666.0,5480.04,607577.28,112029.37,719606.65,1079409978.0,0.089954,64731.28,654875.37,982313057.14,observed: artist's own Nigerian share of listeners this quarter,OBS,"observed channel views, quarter net change"
Q4_2025,ckay,CKay,domestic,10397917,54115900,232514,436712.51,216463.6,5580.34,658756.45,131013.75,789770.2,1184655306.3,0.254063,200651.06,589119.15,883678723.28,observed: artist's own Nigerian share of listeners this quarter,OBS,"observed channel views, quarter net change"
Q1_2026,ckay,CKay,domestic,9748597,46410700,236714,409441.07,185642.8,5681.14,600765.01,122832.32,723597.33,1085395998.3,0.231536,167538.65,556058.68,834088025.86,observed: artist's own Nigerian share of listeners this quarter,OBS,"observed channel views, quarter net change"
Q2_2026,ckay,CKay,domestic,10548608,51559587,241083,443041.54,206238.35,5785.99,655065.88,132912.46,787978.34,1181967505.2,0.189182,149071.49,638906.85,958360277.49,observed: artist's own Nigerian share of listeners this quarter,OBS,"observed channel views, quarter net change"
Q3_2026,ckay,CKay,domestic,11447908,37608840,243105,480812.14,150435.36,5834.52,637082.02,144243.64,781325.66,1171988485.2,0.16497,128895.12,652430.54,978645802.56,observed: artist's own Nigerian share of listeners this quarter,OBS,"observed channel views, quarter net change"
Q2_2019,chike,Chike,domestic,493,0,0,20.71,0.0,0.0,20.71,6.21,26.92,40376.7,,,,,not measured: provider published no geography this quarter,UNK,no YouTube presence observed
Q3_2019,chike,Chike,domestic,976,0,77,40.99,0.0,1.85,42.84,12.3,55.14,82706.4,,,,,not measured: provider published no geography this quarter,UNK,no YouTube presence observed
Q4_2019,chike,Chike,domestic,945,0,92,39.69,0.0,2.21,41.9,11.91,53.8,80707.5,,,,,not measured: provider published no geography this quarter,UNK,no YouTube presence observed
Q1_2020,chike,Chike,domestic,25587,0,1206,1074.65,0.0,28.94,1103.6,322.4,1425.99,2138991.3,,,,,not measured: provider published no geography this quarter,UNK,no YouTube presence observed
Q2_2020,chike,Chike,domestic,31464,0,3456,1321.49,0.0,82.94,1404.43,396.45,1800.88,2701317.6,,,,,not measured: provider published no geography this quarter,UNK,no YouTube presence observed
Q3_2020,chike,Chike,domestic,29413,0,5671,1235.35,0.0,136.1,1371.45,370.6,1742.05,2613080.7,,,,,not measured: provider published no geography this quarter,UNK,no YouTube presence observed
Q4_2020,chike,Chike,domestic,38809,0,9968,1629.98,0.0,239.23,1869.21,488.99,2358.2,3537305.1,,,,,not measured: provider published no geography this quarter,UNK,no YouTube presence observed
Q1_2021,chike,Chike,domestic,105586,0,15466,4434.61,0.0,371.18,4805.8,1330.38,6136.18,9204269.4,0.186502,1144.41,4991.77,7487654.76,observed: artist's own Nigerian share of listeners this quarter,OBS,no YouTube presence observed
Q2_2021,chike,Chike,domestic,259416,11250000,23306,10895.47,45000.0,559.34,56454.82,3268.64,59723.46,89585186.4,0.103994,6210.87,53512.58,80268874.72,observed: artist's own Nigerian share of listeners this quarter,OBS,"estimated: subscribers x 15 views/month (EST, first-submission methodology)"
Q3_2021,chike,Chike,domestic,251350,1088216,31082,10556.7,4352.86,745.97,15655.53,3167.01,18822.54,28233813.0,0.112413,2115.89,16706.65,25059973.59,observed: artist's own Nigerian share of listeners this quarter,OBS,"observed channel views, quarter net change"
Q4_2021,chike,Chike,domestic,262083,12043411,36649,11007.49,48173.64,879.58,60060.71,3302.25,63362.95,95044427.7,0.115861,7341.28,56021.67,84032500.26,observed: artist's own Nigerian share of listeners this quarter,OBS,"observed channel views, quarter net change"
Q1_2022,chike,Chike,domestic,240555,19137824,41030,10103.31,76551.3,984.72,87639.33,3030.99,90670.32,136005478.5,0.12472,11308.41,79361.91,119042868.98,observed: artist's own Nigerian share of listeners this quarter,OBS,"observed channel views, quarter net change"
Q2_2022,chike,Chike,domestic,263229,7572884,42986,11055.62,30291.54,1031.66,42378.82,3316.69,45695.5,68543255.1,0.139765,6386.62,39308.88,58963324.28,observed: artist's own Nigerian share of listeners this quarter,OBS,"observed channel views, quarter net change"
Q3_2022,chike,Chike,domestic,292199,15749024,44287,12272.36,62996.1,1062.89,76331.34,3681.71,80013.05,120019574.1,0.162595,13009.74,67003.31,100504968.24,observed: artist's own Nigerian share of listeners this quarter,OBS,"observed channel views, quarter net change"
Q4_2022,chike,Chike,domestic,304416,12283472,45157,12785.47,49133.89,1083.77,63003.13,3835.64,66838.77,100258154.4,0.165981,11093.94,55744.83,83617251.53,observed: artist's own Nigerian share of listeners this quarter,OBS,"observed channel views, quarter net change"
Q1_2023,chike,Chike,domestic,574139,12287202,45817,24113.84,49148.81,1099.61,74362.25,7234.15,81596.41,122394608.1,0.260559,21260.71,60335.69,90503541.29,observed: artist's own Nigerian share of listeners this quarter,OBS,"observed channel views, quarter net change"
Q2_2023,chike,Chike,domestic,544471,10154318,46323,22867.78,40617.27,1111.75,64596.81,6860.33,71457.14,107185710.9,0.29261,20909.11,50548.03,75822050.87,observed: artist's own Nigerian share of listeners this quarter,OBS,"observed channel views, quarter net change"
Q3_2023,chike,Chike,domestic,591317,10352637,46776,24835.31,41410.55,1122.62,67368.49,7450.59,74819.08,112228620.3,0.334851,25053.28,49765.8,74648705.06,observed: artist's own Nigerian share of listeners this quarter,OBS,"observed channel views, quarter net change"
Q4_2023,chike,Chike,domestic,843505,2767371,47198,35427.21,11069.48,1132.75,47629.45,10628.16,58257.61,87386413.5,0.463693,27013.62,31243.99,46865985.8,observed: artist's own Nigerian share of listeners this quarter,OBS,"observed channel views, quarter net change"
Q1_2024,chike,Chike,domestic,2100136,28088456,47901,88205.71,112353.82,1149.62,201709.16,26461.71,228170.87,342256310.4,0.43843,100036.96,128133.92,192200876.48,observed: artist's own Nigerian share of listeners this quarter,OBS,"observed channel views, quarter net change"
Q2_2024,chike,Chike,domestic,1735946,40272975,48765,72909.73,161091.9,1170.36,235171.99,21872.92,257044.91,385567367.4,0.424222,109044.09,148000.82,222001237.33,observed: artist's own Nigerian share of listeners this quarter,OBS,"observed channel views, quarter net change"
Q3_2024,chike,Chike,domestic,1332911,37823555,49445,55982.26,151294.22,1186.68,208463.16,16794.68,225257.84,337886760.9,0.461836,104032.13,121225.71,181838562.94,observed: artist's own Nigerian share of listeners this quarter,OBS,"observed channel views, quarter net change"
Q4_2024,chike,Chike,domestic,3511966,34595033,50204,147502.57,138380.13,1204.9,287087.6,44250.77,331338.37,497007557.4,0.625221,207159.75,124178.62,186267934.45,observed: artist's own Nigerian share of listeners this quarter,OBS,"observed channel views, quarter net change"
Q1_2025,chike,Chike,domestic,2306091,27016440,51230,96855.82,108065.76,1229.52,206151.1,29056.75,235207.85,352811772.9,0.701916,165096.05,70111.8,105167698.66,observed: artist's own Nigerian share of listeners this quarter,OBS,"observed channel views, quarter net change"
Q2_2025,chike,Chike,domestic,2564310,31909980,52184,107701.02,127639.92,1252.42,236593.36,32310.31,268903.66,403355493.0,0.640401,172206.21,96697.45,145046174.11,observed: artist's own Nigerian share of listeners this quarter,OBS,"observed channel views, quarter net change"
Q3_2025,chike,Chike,domestic,2198715,29253920,52908,92346.03,117015.68,1269.79,210631.5,27703.81,238335.31,357502966.5,0.66574,158669.43,79665.88,119498814.29,observed: artist's own Nigerian share of listeners this quarter,OBS,"observed channel views, quarter net change"
Q4_2025,chike,Chike,domestic,2213121,30756060,53519,92951.08,123024.24,1284.46,217259.78,27885.32,245145.1,367717653.9,0.716085,175544.8,69600.3,104400456.16,observed: artist's own Nigerian share of listeners this quarter,OBS,"observed channel views, quarter net change"
Q1_2026,chike,Chike,domestic,2062449,23769320,54103,86622.86,95077.28,1298.47,182998.61,25986.86,208985.47,313478201.1,0.821817,171747.74,37237.72,55856585.08,observed: artist's own Nigerian share of listeners this quarter,OBS,"observed channel views, quarter net change"
Q2_2026,chike,Chike,domestic,1978866,26836424,54630,83112.37,107345.7,1311.12,191769.19,24933.71,216702.9,325054349.4,0.782803,169635.76,47067.14,70600704.92,observed: artist's own Nigerian share of listeners this quarter,OBS,"observed channel views, quarter net change"
Q3_2026,chike,Chike,domestic,2106591,14750434,54818,88476.82,59001.74,1315.63,148794.19,26543.05,175337.24,263005854.9,0.762668,133724.11,41613.13,62419689.01,observed: artist's own Nigerian share of listeners this quarter,OBS,"observed channel views, quarter net change"
Q3_2019,crayon,Crayon,diaspora_candidate,58337,0,0,2450.15,0.0,0.0,2450.15,735.05,3185.2,4777800.3,,,,,not measured: provider published no geography this quarter,UNK,no YouTube presence observed
Q4_2019,crayon,Crayon,diaspora_candidate,47126,0,0,1979.29,0.0,0.0,1979.29,593.79,2573.08,3859619.4,,,,,not measured: provider published no geography this quarter,UNK,no YouTube presence observed
Q1_2020,crayon,Crayon,diaspora_candidate,60027,0,3,2521.13,0.0,0.07,2521.21,756.34,3277.55,4916319.3,,,,,not measured: provider published no geography this quarter,UNK,no YouTube presence observed
Q2_2020,crayon,Crayon,diaspora_candidate,84939,0,5,3567.44,0.0,0.12,3567.56,1070.23,4637.79,6956684.1,,,,,not measured: provider published no geography this quarter,UNK,no YouTube presence observed
Q3_2020,crayon,Crayon,diaspora_candidate,88632,0,102,3722.54,0.0,2.45,3724.99,1116.76,4841.76,7262632.8,,,,,not measured: provider published no geography this quarter,UNK,no YouTube presence observed
Q4_2020,crayon,Crayon,diaspora_candidate,153303,0,184,6438.73,0.0,4.42,6443.14,1931.62,8374.76,12562139.7,,,,,not measured: provider published no geography this quarter,UNK,no YouTube presence observed
Q1_2021,crayon,Crayon,diaspora_candidate,145668,0,280,6118.06,0.0,6.72,6124.78,1835.42,7960.19,11940289.2,0.050821,404.55,7555.65,11333471.22,observed: artist's own Nigerian share of listeners this quarter,OBS,no YouTube presence observed
Q2_2021,crayon,Crayon,diaspora_candidate,184743,0,1280,7759.21,0.0,30.72,7789.93,2327.76,10117.69,15176531.7,0.086136,871.5,9246.19,13869283.21,observed: artist's own Nigerian share of listeners this quarter,OBS,no YouTube presence observed
Q3_2021,crayon,Crayon,diaspora_candidate,200050,0,1620,8402.1,0.0,38.88,8440.98,2520.63,10961.61,16442415.0,0.082618,905.63,10055.98,15083970.39,observed: artist's own Nigerian share of listeners this quarter,OBS,no YouTube presence observed
Q4_2021,crayon,Crayon,diaspora_candidate,184268,0,1834,7739.26,0.0,44.02,7783.27,2321.78,10105.05,15157573.2,0.117988,1192.28,8912.77,13369158.68,observed: artist's own Nigerian share of listeners this quarter,OBS,no YouTube presence observed
Q1_2022,crayon,Crayon,diaspora_candidate,213555,0,2205,8969.31,0.0,52.92,9022.23,2690.79,11713.02,17569534.5,0.092213,1080.09,10632.93,15949398.34,observed: artist's own Nigerian share of listeners this quarter,OBS,no YouTube presence observed
Q2_2022,crayon,Crayon,diaspora_candidate,825034,0,2537,34651.43,0.0,60.89,34712.32,10395.43,45107.74,67661616.6,0.213104,9612.63,35495.11,53242666.37,observed: artist's own Nigerian share of listeners this quarter,OBS,no YouTube presence observed
Q3_2022,crayon,Crayon,diaspora_candidate,1199216,0,3934,50367.07,0.0,94.42,50461.49,15110.12,65571.61,98357414.4,0.151687,9946.35,55625.26,83437883.44,observed: artist's own Nigerian share of listeners this quarter,OBS,no YouTube presence observed
Q4_2022,crayon,Crayon,diaspora_candidate,1288993,0,5187,54137.71,0.0,124.49,54262.19,16241.31,70503.51,105755258.7,0.172159,12137.79,58365.72,87548579.99,observed: artist's own Nigerian share of listeners this quarter,OBS,no YouTube presence observed
Q1_2023,crayon,Crayon,diaspora_candidate,1426595,0,6059,59916.99,0.0,145.42,60062.41,17975.1,78037.5,117056254.5,0.182497,14241.62,63795.88,95693820.71,observed: artist's own Nigerian share of listeners this quarter,OBS,no YouTube presence observed
Q2_2023,crayon,Crayon,diaspora_candidate,1470742,0,6550,61771.16,0.0,157.2,61928.36,18531.35,80459.71,120689569.8,0.171538,13801.92,66657.8,99986693.38,observed: artist's own Nigerian share of listeners this quarter,OBS,no YouTube presence observed
Q3_2023,crayon,Crayon,diaspora_candidate,2440308,0,7042,102492.94,0.0,169.01,102661.94,30747.88,133409.82,200114737.2,0.265414,35408.79,98001.03,147001550.51,observed: artist's own Nigerian share of listeners this quarter,OBS,no YouTube presence observed
Q4_2023,crayon,Crayon,diaspora_candidate,2771451,0,8210,116400.94,0.0,197.04,116597.98,34920.28,151518.26,227277396.9,0.340378,51573.45,99944.81,149917217.17,observed: artist's own Nigerian share of listeners this quarter,OBS,no YouTube presence observed
Q1_2024,crayon,Crayon,diaspora_candidate,2644303,0,9129,111060.73,0.0,219.1,111279.82,33318.22,144598.04,216897059.7,0.302433,43731.27,100866.77,151300150.38,observed: artist's own Nigerian share of listeners this quarter,OBS,no YouTube presence observed
Q2_2024,crayon,Crayon,diaspora_candidate,2545377,9999784,9811,106905.83,39999.14,235.46,147140.43,32071.75,179212.18,268818276.3,0.313463,56176.48,123035.71,184553560.91,observed: artist's own Nigerian share of listeners this quarter,OBS,"observed channel views, quarter net change"
Q3_2024,crayon,Crayon,diaspora_candidate,2126527,10367242,10282,89314.13,41468.97,246.77,131029.87,26794.24,157824.11,236736165.3,0.30844,48679.27,109144.84,163717261.13,observed: artist's own Nigerian share of listeners this quarter,OBS,"observed channel views, quarter net change"
Q4_2024,crayon,Crayon,diaspora_candidate,2200292,8834200,10911,92412.26,35336.8,261.86,128010.93,27723.68,155734.61,233601910.8,0.361411,56284.18,99450.42,149175634.98,observed: artist's own Nigerian share of listeners this quarter,OBS,"observed channel views, quarter net change"
Q1_2025,crayon,Crayon,diaspora_candidate,1830719,8636160,11311,76890.2,34544.64,271.46,111706.3,23067.06,134773.36,202160042.1,0.401786,54150.03,80623.33,120934996.59,observed: artist's own Nigerian share of listeners this quarter,OBS,"observed channel views, quarter net change"
Q2_2025,crayon,Crayon,diaspora_candidate,1725637,8935820,11807,72476.75,35743.28,283.37,108503.4,21743.03,130246.43,195369642.3,0.423327,55136.88,75109.55,112664319.72,observed: artist's own Nigerian share of listeners this quarter,OBS,"observed channel views, quarter net change"
Q3_2025,crayon,Crayon,diaspora_candidate,1583588,8194524,12057,66510.7,32778.1,289.37,99578.16,19953.21,119531.37,179297053.2,0.415688,49687.7,69843.67,104765509.07,observed: artist's own Nigerian share of listeners this quarter,OBS,"observed channel views, quarter net change"
Q4_2025,crayon,Crayon,diaspora_candidate,1554751,7864670,12255,65299.54,31458.68,294.12,97052.34,19589.86,116642.2,174963306.9,0.428473,49978.03,66664.17,99996254.42,observed: artist's own Nigerian share of listeners this quarter,OBS,"observed channel views, quarter net change"
Q1_2026,crayon,Crayon,diaspora_candidate,1610104,7944016,12384,67624.37,31776.06,297.22,99697.65,20287.31,119984.96,179977437.6,0.482522,57895.34,62089.62,93134431.78,observed: artist's own Nigerian share of listeners this quarter,OBS,"observed channel views, quarter net change"
Q2_2026,crayon,Crayon,diaspora_candidate,1863716,7833200,12774,78276.07,31332.8,306.58,109915.45,23482.82,133398.27,200097404.4,0.527263,70336.01,63062.26,94593391.83,observed: artist's own Nigerian share of listeners this quarter,OBS,"observed channel views, quarter net change"
Q3_2026,crayon,Crayon,diaspora_candidate,1969930,4409026,13055,82737.06,17636.1,313.32,100686.48,24821.12,125507.6,188261403.0,0.51767,64971.47,60536.14,90804202.98,observed: artist's own Nigerian share of listeners this quarter,OBS,"observed channel views, quarter net change"
Q2_2019,cruel-santino,Cruel Santino,domestic,393889,0,0,16543.34,0.0,0.0,16543.34,4963.0,21506.34,32259509.1,,,,,not measured: provider published no geography this quarter,UNK,no YouTube presence observed
Q3_2019,cruel-santino,Cruel Santino,domestic,498533,0,0,20938.39,0.0,0.0,20938.39,6281.52,27219.9,40829852.7,,,,,not measured: provider published no geography this quarter,UNK,no YouTube presence observed
Q4_2019,cruel-santino,Cruel Santino,domestic,365063,0,0,15332.65,0.0,0.0,15332.65,4599.79,19932.44,29898659.7,,,,,not measured: provider published no geography this quarter,UNK,no YouTube presence observed
Q1_2020,cruel-santino,Cruel Santino,domestic,377317,0,0,15847.31,0.0,0.0,15847.31,4754.19,20601.51,30902262.3,,,,,not measured: provider published no geography this quarter,UNK,no YouTube presence observed
Q2_2020,cruel-santino,Cruel Santino,domestic,511756,0,138,21493.75,0.0,3.31,21497.06,6448.13,27945.19,41917784.4,,,,,not measured: provider published no geography this quarter,UNK,no YouTube presence observed
Q3_2020,cruel-santino,Cruel Santino,domestic,433113,0,725,18190.75,0.0,17.4,18208.15,5457.22,23665.37,35498054.7,,,,,not measured: provider published no geography this quarter,UNK,no YouTube presence observed
Q4_2020,cruel-santino,Cruel Santino,domestic,394140,0,1111,16553.88,0.0,26.66,16580.54,4966.16,21546.71,32320062.0,,,,,not measured: provider published no geography this quarter,UNK,no YouTube presence observed
Q1_2021,cruel-santino,Cruel Santino,domestic,385629,0,1602,16196.42,0.0,38.45,16234.87,4858.93,21093.79,31640687.1,0.023263,490.71,20603.08,30904620.56,observed: artist's own Nigerian share of listeners this quarter,OBS,no YouTube presence observed
Q2_2021,cruel-santino,Cruel Santino,domestic,346312,0,1935,14545.1,0.0,46.44,14591.54,4363.53,18955.08,28432612.8,0.022512,426.71,18528.36,27792541.84,observed: artist's own Nigerian share of listeners this quarter,OBS,no YouTube presence observed
Q3_2021,cruel-santino,Cruel Santino,domestic,325947,0,2265,13689.77,0.0,54.36,13744.13,4106.93,17851.07,26776599.3,0.026634,475.44,17375.63,26063443.55,observed: artist's own Nigerian share of listeners this quarter,OBS,no YouTube presence observed
Q4_2021,cruel-santino,Cruel Santino,domestic,350389,6068,2523,14716.34,24.27,60.55,14801.16,4414.9,19216.06,28824095.1,0.027683,531.96,18684.1,28026153.22,observed: artist's own Nigerian share of listeners this quarter,OBS,"observed channel views, quarter net change"
Q1_2022,cruel-santino,Cruel Santino,domestic,624731,6685,5660,26238.7,26.74,135.84,26401.28,7871.61,34272.89,51409338.9,0.071277,2442.86,31830.03,47745044.21,observed: artist's own Nigerian share of listeners this quarter,OBS,"observed channel views, quarter net change"
Q2_2022,cruel-santino,Cruel Santino,domestic,415124,5346,6127,17435.21,21.38,147.05,17603.64,5230.56,22834.2,34251303.6,0.05189,1184.86,21649.34,32474012.76,observed: artist's own Nigerian share of listeners this quarter,OBS,"observed channel views, quarter net change"
Q3_2022,cruel-santino,Cruel Santino,domestic,375486,7272,6331,15770.41,29.09,151.94,15951.44,4731.12,20682.57,31023851.4,0.047469,981.78,19700.79,29551187.81,observed: artist's own Nigerian share of listeners this quarter,OBS,"observed channel views, quarter net change"
Q4_2022,cruel-santino,Cruel Santino,domestic,350233,7436,6510,14709.79,29.74,156.24,14895.77,4412.94,19308.71,28963058.7,0.073484,1418.88,17889.82,26834731.55,observed: artist's own Nigerian share of listeners this quarter,OBS,"observed channel views, quarter net change"
Q1_2023,cruel-santino,Cruel Santino,domestic,603650,7057,6634,25353.3,28.23,159.22,25540.74,7605.99,33146.73,49720101.0,0.075952,2517.57,30629.16,45943745.6,observed: artist's own Nigerian share of listeners this quarter,OBS,"observed channel views, quarter net change"
Q2_2023,cruel-santino,Cruel Santino,domestic,867533,6781,6704,36436.39,27.12,160.9,36624.41,10930.92,47555.32,71332982.7,0.064561,3070.21,44485.12,66727672.95,observed: artist's own Nigerian share of listeners this quarter,OBS,"observed channel views, quarter net change"
Q3_2023,cruel-santino,Cruel Santino,domestic,405657,6399,6777,17037.59,25.6,162.65,17225.84,5111.28,22337.12,33505674.3,0.113935,2544.97,19792.14,29688216.66,observed: artist's own Nigerian share of listeners this quarter,OBS,"observed channel views, quarter net change"
Q4_2023,cruel-santino,Cruel Santino,domestic,714185,6314,6883,29995.77,25.26,165.19,30186.22,8998.73,39184.95,58777423.5,0.530691,20795.09,18389.86,27584786.43,observed: artist's own Nigerian share of listeners this quarter,OBS,"observed channel views, quarter net change"
Q1_2024,cruel-santino,Cruel Santino,domestic,655646,6231,6974,27537.13,24.92,167.38,27729.43,8261.14,35990.57,53985857.4,0.433907,15616.58,20373.99,30560991.49,observed: artist's own Nigerian share of listeners this quarter,OBS,"observed channel views, quarter net change"
Q2_2024,cruel-santino,Cruel Santino,domestic,587239,6549,7029,24664.04,26.2,168.7,24858.93,7399.21,32258.14,48387212.1,0.613924,19804.05,12454.09,18681137.26,observed: artist's own Nigerian share of listeners this quarter,OBS,"observed channel views, quarter net change"
Q3_2024,cruel-santino,Cruel Santino,domestic,539971,5834,7085,22678.78,23.34,170.04,22872.16,6803.63,29675.79,44513688.9,0.575568,17080.44,12595.36,18893036.36,observed: artist's own Nigerian share of listeners this quarter,OBS,"observed channel views, quarter net change"
Q4_2024,cruel-santino,Cruel Santino,domestic,564527,6313,7146,23710.13,25.25,171.5,23906.89,7113.04,31019.93,46529895.3,0.593385,18406.77,12613.16,18919741.34,observed: artist's own Nigerian share of listeners this quarter,OBS,"observed channel views, quarter net change"
Q1_2025,cruel-santino,Cruel Santino,domestic,609958,6931,7221,25618.24,27.72,173.3,25819.26,7685.47,33504.73,50257102.2,0.674556,22600.82,10903.91,16355868.5,observed: artist's own Nigerian share of listeners this quarter,OBS,"observed channel views, quarter net change"
Q2_2025,cruel-santino,Cruel Santino,domestic,764065,6643,7277,32090.73,26.57,174.65,32291.95,9627.22,41919.17,62878753.5,0.710754,29794.23,12124.94,18187413.65,observed: artist's own Nigerian share of listeners this quarter,OBS,"observed channel views, quarter net change"
Q3_2025,cruel-santino,Cruel Santino,domestic,724067,4919,7410,30410.81,19.68,177.84,30608.33,9123.24,39731.57,59597361.3,0.694503,27593.71,12137.86,18206790.7,observed: artist's own Nigerian share of listeners this quarter,OBS,"observed channel views, quarter net change"
Q4_2025,cruel-santino,Cruel Santino,domestic,827200,4700,171,34742.4,18.8,4.1,34765.3,10422.72,45188.02,67782036.0,0.778327,35171.04,10016.98,15025472.71,observed: artist's own Nigerian share of listeners this quarter,OBS,"observed channel views, quarter net change"
Q1_2026,cruel-santino,Cruel Santino,domestic,831356,4814,174,34916.95,19.26,4.18,34940.38,10475.09,45415.47,68123204.4,0.84714,38473.28,6942.19,10413283.04,observed: artist's own Nigerian share of listeners this quarter,OBS,"observed channel views, quarter net change"
Q2_2026,cruel-santino,Cruel Santino,domestic,823484,0,7758,34586.33,0.0,186.19,34772.52,10375.9,45148.42,67722627.6,0.857146,38698.79,6449.63,9674449.61,observed: artist's own Nigerian share of listeners this quarter,OBS,no YouTube presence observed
Q3_2026,cruel-santino,Cruel Santino,domestic,885110,0,7803,37174.62,0.0,187.27,37361.89,11152.39,48514.28,72771417.0,0.854186,41440.24,7074.04,10611060.65,observed: artist's own Nigerian share of listeners this quarter,OBS,no YouTube presence observed
Q1_2019,d'banj,D'banj,domestic,0,0,4719,0.0,0.0,113.26,113.26,0.0,113.26,169884.0,,,,,not measured: provider published no geography this quarter,UNK,no YouTube presence observed
Q2_2019,d'banj,D'banj,domestic,319617,0,4894,13423.91,0.0,117.46,13541.37,4027.17,17568.54,26352816.3,,,,,not measured: provider published no geography this quarter,UNK,no YouTube presence observed
Q3_2019,d'banj,D'banj,domestic,333157,0,5273,13992.59,0.0,126.55,14119.15,4197.78,18316.92,27475386.3,,,,,not measured: provider published no geography this quarter,UNK,no YouTube presence observed
Q4_2019,d'banj,D'banj,domestic,301700,0,5507,12671.4,0.0,132.17,12803.57,3801.42,16604.99,24907482.0,,,,,not measured: provider published no geography this quarter,UNK,no YouTube presence observed
Q1_2020,d'banj,D'banj,domestic,250858,0,5928,10536.04,0.0,142.27,10678.31,3160.81,13839.12,20758678.2,,,,,not measured: provider published no geography this quarter,UNK,no YouTube presence observed
Q2_2020,d'banj,D'banj,domestic,278766,0,6392,11708.17,0.0,153.41,11861.58,3512.45,15374.03,23061047.4,,,,,not measured: provider published no geography this quarter,UNK,no YouTube presence observed
Q3_2020,d'banj,D'banj,domestic,265563,0,6538,11153.65,0.0,156.91,11310.56,3346.09,14656.65,21984977.7,,,,,not measured: provider published no geography this quarter,UNK,no YouTube presence observed
Q4_2020,d'banj,D'banj,domestic,265861,0,6640,11166.16,0.0,159.36,11325.52,3349.85,14675.37,22013055.9,,,,,not measured: provider published no geography this quarter,UNK,no YouTube presence observed
Q1_2021,d'banj,D'banj,domestic,279867,0,6768,11754.41,0.0,162.43,11916.85,3526.32,15443.17,23164755.3,0.024719,381.74,15061.43,22592148.39,observed: artist's own Nigerian share of listeners this quarter,OBS,no YouTube presence observed
Q2_2021,d'banj,D'banj,domestic,321899,0,6890,13519.76,0.0,165.36,13685.12,4055.93,17741.05,26611568.1,0.022722,403.11,17337.93,26006902.03,observed: artist's own Nigerian share of listeners this quarter,OBS,no YouTube presence observed
Q3_2021,d'banj,D'banj,domestic,298320,0,7031,12529.44,0.0,168.74,12698.18,3758.83,16457.02,24685524.0,0.045801,753.75,15703.26,23554894.98,observed: artist's own Nigerian share of listeners this quarter,OBS,no YouTube presence observed
Q4_2021,d'banj,D'banj,domestic,307893,1959995,7148,12931.51,7839.98,171.55,20943.04,3879.45,24822.49,37233734.7,0.062874,1560.69,23261.8,34892695.86,observed: artist's own Nigerian share of listeners this quarter,OBS,"observed channel views, quarter net change"
Q1_2022,d'banj,D'banj,domestic,332790,1597910,7257,13977.18,6391.64,174.17,20542.99,4193.15,24736.14,37104213.0,0.068172,1686.3,23049.84,34574762.76,observed: artist's own Nigerian share of listeners this quarter,OBS,"observed channel views, quarter net change"
Q2_2022,d'banj,D'banj,domestic,340782,1623990,7330,14312.84,6495.96,175.92,20984.72,4293.85,25278.58,37917865.8,0.074513,1883.57,23395.0,35092505.1,observed: artist's own Nigerian share of listeners this quarter,OBS,"observed channel views, quarter net change"
Q3_2022,d'banj,D'banj,domestic,319371,1685731,7376,13413.58,6742.92,177.02,20333.53,4024.07,24357.6,36536406.9,0.066087,1609.72,22747.89,34121831.33,observed: artist's own Nigerian share of listeners this quarter,OBS,"observed channel views, quarter net change"
Q4_2022,d'banj,D'banj,domestic,323123,1641445,7410,13571.17,6565.78,177.84,20314.79,4071.35,24386.14,36579203.7,0.106076,2586.79,21799.35,32699025.18,observed: artist's own Nigerian share of listeners this quarter,OBS,"observed channel views, quarter net change"
Q1_2023,d'banj,D'banj,domestic,352469,1956609,7435,14803.7,7826.44,178.44,22808.57,4441.11,27249.68,40874525.1,0.141168,3846.78,23402.9,35104356.14,observed: artist's own Nigerian share of listeners this quarter,OBS,"observed channel views, quarter net change"
Q2_2023,d'banj,D'banj,domestic,371875,2218096,7469,15618.75,8872.38,179.26,24670.39,4685.62,29356.01,44034022.5,0.167226,4909.08,24446.93,36670395.26,observed: artist's own Nigerian share of listeners this quarter,OBS,"observed channel views, quarter net change"
Q3_2023,d'banj,D'banj,domestic,398208,1552975,7492,16724.74,6211.9,179.81,23116.44,5017.42,28133.86,42200797.2,0.201291,5663.09,22470.77,33706162.3,observed: artist's own Nigerian share of listeners this quarter,OBS,"observed channel views, quarter net change"
Q4_2023,d'banj,D'banj,domestic,445153,1970688,7512,18696.43,7882.75,180.29,26759.47,5608.93,32368.39,48552590.7,0.279865,9058.78,23309.61,34964418.99,observed: artist's own Nigerian share of listeners this quarter,OBS,"observed channel views, quarter net change"
Q1_2024,d'banj,D'banj,domestic,474373,1000263,7537,19923.67,4001.05,180.89,24105.61,5977.1,30082.71,45124058.7,0.275613,8291.2,21791.51,32687264.7,observed: artist's own Nigerian share of listeners this quarter,OBS,"observed channel views, quarter net change"
Q2_2024,d'banj,D'banj,domestic,580865,3053864,7553,24396.33,12215.46,181.27,36793.06,7318.9,44111.96,66167935.5,0.387905,17111.24,27000.72,40501079.09,observed: artist's own Nigerian share of listeners this quarter,OBS,"observed channel views, quarter net change"
Q3_2024,d'banj,D'banj,domestic,515340,6143819,7575,21644.28,24575.28,181.8,46401.36,6493.28,52894.64,79341960.0,0.371828,19667.72,33226.92,49840373.3,observed: artist's own Nigerian share of listeners this quarter,OBS,"observed channel views, quarter net change"
Q4_2024,d'banj,D'banj,domestic,550786,1107198,7598,23133.01,4428.79,182.35,27744.16,6939.9,34684.06,52026089.4,0.430254,14922.97,19761.09,29641639.47,observed: artist's own Nigerian share of listeners this quarter,OBS,"observed channel views, quarter net change"
Q1_2025,d'banj,D'banj,domestic,492017,1675590,7625,20664.71,6702.36,183.0,27550.07,6199.41,33749.49,50624232.3,0.415624,14027.09,19722.4,29583593.95,observed: artist's own Nigerian share of listeners this quarter,OBS,"observed channel views, quarter net change"
Q2_2025,d'banj,D'banj,domestic,503949,1974590,7645,21165.86,7898.36,183.48,29247.7,6349.76,35597.46,53396183.1,0.396128,14101.16,21496.29,32244439.32,observed: artist's own Nigerian share of listeners this quarter,OBS,"observed channel views, quarter net change"
Q3_2025,d'banj,D'banj,domestic,557330,2464850,7663,23407.86,9859.4,183.91,33451.17,7022.36,40473.53,60710295.0,0.412928,16712.66,23760.87,35641302.35,observed: artist's own Nigerian share of listeners this quarter,OBS,"observed channel views, quarter net change"
Q4_2025,d'banj,D'banj,domestic,589391,1191550,7684,24754.42,4766.2,184.42,29705.04,7426.33,37131.36,55697046.9,0.484934,18006.28,19125.09,28687632.64,observed: artist's own Nigerian share of listeners this quarter,OBS,"observed channel views, quarter net change"
Q1_2026,d'banj,D'banj,domestic,607651,2207830,7733,25521.34,8831.32,185.59,34538.25,7656.4,42194.66,63291984.9,0.494536,20866.78,21327.88,31991815.85,observed: artist's own Nigerian share of listeners this quarter,OBS,"observed channel views, quarter net change"
Q2_2026,d'banj,D'banj,domestic,653369,3719232,7928,27441.5,14876.93,190.27,42508.7,8232.45,50741.15,76111721.1,0.508881,25821.2,24919.95,37379920.52,observed: artist's own Nigerian share of listeners this quarter,OBS,"observed channel views, quarter net change"
Q3_2026,d'banj,D'banj,domestic,690086,10665000,7992,28983.61,42660.0,191.81,71835.42,8695.08,80530.5,120795755.4,0.510053,41074.82,39455.68,59183526.98,observed: artist's own Nigerian share of listeners this quarter,OBS,"estimated: subscribers x 15 views/month (EST, first-submission methodology)"
Q4_2024,dj-cuppy,DJ Cuppy,unknown,218,0,0,9.16,0.0,0.0,9.16,2.75,11.9,17854.2,0.285348,3.4,8.51,12759.54,assumed: portfolio-wide ratio applied to an artist without own geography,ASM,no YouTube presence observed
Q1_2025,dj-cuppy,DJ Cuppy,unknown,1,0,0,0.04,0.0,0.0,0.04,0.01,0.05,81.9,0.321529,0.02,0.04,55.57,assumed: portfolio-wide ratio applied to an artist without own geography,ASM,no YouTube presence observed
Q2_2025,dj-cuppy,DJ Cuppy,unknown,1,0,0,0.04,0.0,0.0,0.04,0.01,0.05,81.9,0.335716,0.02,0.04,54.4,assumed: portfolio-wide ratio applied to an artist without own geography,ASM,no YouTube presence observed
Q3_2025,dj-cuppy,DJ Cuppy,unknown,1,0,0,0.04,0.0,0.0,0.04,0.01,0.05,81.9,0.355631,0.02,0.04,52.77,assumed: portfolio-wide ratio applied to an artist without own geography,ASM,no YouTube presence observed
Q1_2019,dj-neptune,DJ Neptune,domestic,0,1314090,968,0.0,5256.36,23.23,5279.59,0.0,5279.59,7919388.0,,,,,not measured: provider published no geography this quarter,UNK,"estimated: subscribers x 15 views/month (EST, first-submission methodology)"
Q2_2019,dj-neptune,DJ Neptune,domestic,159780,1449360,1214,6710.76,5797.44,29.14,12537.34,2013.23,14550.56,21825846.0,,,,,not measured: provider published no geography this quarter,UNK,"estimated: subscribers x 15 views/month (EST, first-submission methodology)"
Q3_2019,dj-neptune,DJ Neptune,domestic,154468,1651500,1466,6487.66,6606.0,35.18,13128.84,1946.3,15075.14,22612705.2,,,,,not measured: provider published no geography this quarter,UNK,"estimated: subscribers x 15 views/month (EST, first-submission methodology)"
Q4_2019,dj-neptune,DJ Neptune,domestic,164345,1786500,1550,6902.49,7146.0,37.2,14085.69,2070.75,16156.44,24234655.5,,,,,not measured: provider published no geography this quarter,UNK,"estimated: subscribers x 15 views/month (EST, first-submission methodology)"
Q1_2020,dj-neptune,DJ Neptune,domestic,229113,2047500,2421,9622.75,8190.0,58.1,17870.85,2886.82,20757.67,31136510.7,,,,,not measured: provider published no geography this quarter,UNK,"estimated: subscribers x 15 views/month (EST, first-submission methodology)"
Q2_2020,dj-neptune,DJ Neptune,domestic,497272,2385000,10964,20885.42,9540.0,263.14,30688.56,6265.63,36954.19,55431280.8,,,,,not measured: provider published no geography this quarter,UNK,"estimated: subscribers x 15 views/month (EST, first-submission methodology)"
Q3_2020,dj-neptune,DJ Neptune,domestic,458120,2718000,22376,19241.04,10872.0,537.02,30650.06,5772.31,36422.38,54633564.0,,,,,not measured: provider published no geography this quarter,UNK,"estimated: subscribers x 15 views/month (EST, first-submission methodology)"
Q4_2020,dj-neptune,DJ Neptune,domestic,396243,4104000,33595,16642.21,16416.0,806.28,33864.49,4992.66,38857.15,58285721.7,,,,,not measured: provider published no geography this quarter,UNK,"estimated: subscribers x 15 views/month (EST, first-submission methodology)"
Q1_2021,dj-neptune,DJ Neptune,domestic,361296,4365000,42729,15174.43,17460.0,1025.5,33659.93,4552.33,38212.26,57318386.4,0.046325,1770.18,36442.08,54663118.05,observed: artist's own Nigerian share of listeners this quarter,OBS,"estimated: subscribers x 15 views/month (EST, first-submission methodology)"
Q2_2021,dj-neptune,DJ Neptune,domestic,448834,4545000,49238,18851.03,18180.0,1181.71,38212.74,5655.31,43868.05,65802072.6,0.052162,2288.24,41579.81,62369714.95,observed: artist's own Nigerian share of listeners this quarter,OBS,"estimated: subscribers x 15 views/month (EST, first-submission methodology)"
Q3_2021,dj-neptune,DJ Neptune,domestic,362098,130749,54821,15208.12,523.0,1315.7,17046.82,4562.43,21609.25,32413876.2,0.078895,1704.86,19904.39,29856578.81,observed: artist's own Nigerian share of listeners this quarter,OBS,"observed channel views, quarter net change"
Q4_2021,dj-neptune,DJ Neptune,domestic,604044,1969550,60763,25369.85,7878.2,1458.31,34706.36,7610.95,42317.31,63475971.6,0.114164,4831.1,37486.22,56229325.27,observed: artist's own Nigerian share of listeners this quarter,OBS,"observed channel views, quarter net change"
Q1_2022,dj-neptune,DJ Neptune,domestic,546252,2738048,66809,22942.58,10952.19,1603.42,35498.19,6882.78,42380.97,63571450.8,0.116982,4957.79,37423.18,56134767.01,observed: artist's own Nigerian share of listeners this quarter,OBS,"observed channel views, quarter net change"
Q2_2022,dj-neptune,DJ Neptune,domestic,513318,2560413,69431,21559.36,10241.65,1666.34,33467.35,6467.81,39935.16,59902738.2,0.092707,3702.26,36232.9,54349350.65,observed: artist's own Nigerian share of listeners this quarter,OBS,"observed channel views, quarter net change"
Q3_2022,dj-neptune,DJ Neptune,domestic,420269,2393303,70727,17651.3,9573.21,1697.45,28921.96,5295.39,34217.35,51326021.1,0.090431,3094.3,31123.05,46684569.68,observed: artist's own Nigerian share of listeners this quarter,OBS,"observed channel views, quarter net change"
Q4_2022,dj-neptune,DJ Neptune,domestic,477977,1101239,71188,20075.03,4404.96,1708.51,26188.5,6022.51,32211.01,48316518.3,0.116397,3749.26,28461.75,42692626.14,observed: artist's own Nigerian share of listeners this quarter,OBS,"observed channel views, quarter net change"
Q1_2023,dj-neptune,DJ Neptune,domestic,703066,4460220,71781,29528.77,17840.88,1722.74,49092.4,8858.63,57951.03,86926541.4,0.214079,12406.09,45544.94,68317402.6,observed: artist's own Nigerian share of listeners this quarter,OBS,"observed channel views, quarter net change"
Q2_2023,dj-neptune,DJ Neptune,domestic,656570,3401095,72225,27575.94,13604.38,1733.4,42913.72,8272.78,51186.5,76779753.0,0.226726,11605.29,39581.21,59371812.95,observed: artist's own Nigerian share of listeners this quarter,OBS,"observed channel views, quarter net change"
Q3_2023,dj-neptune,DJ Neptune,domestic,580533,2112395,72474,24382.39,8449.58,1739.38,34571.34,7314.72,41886.06,62829086.7,0.268306,11238.28,30647.78,45971672.4,observed: artist's own Nigerian share of listeners this quarter,OBS,"observed channel views, quarter net change"
Q4_2023,dj-neptune,DJ Neptune,domestic,771505,2524003,72942,32403.21,10096.01,1750.61,44249.83,9720.96,53970.79,80956189.5,0.330322,17827.73,36143.06,54214592.42,observed: artist's own Nigerian share of listeners this quarter,OBS,"observed channel views, quarter net change"
Q1_2024,dj-neptune,DJ Neptune,domestic,602496,2666688,73952,25304.83,10666.75,1774.85,37746.43,7591.45,45337.88,68006822.4,0.359968,16320.2,29017.69,43526529.65,observed: artist's own Nigerian share of listeners this quarter,OBS,"observed channel views, quarter net change"
Q2_2024,dj-neptune,DJ Neptune,domestic,560644,2849622,74774,23547.05,11398.49,1794.58,36740.11,7064.11,43804.23,65706339.6,0.42632,18674.61,25129.62,37694431.27,observed: artist's own Nigerian share of listeners this quarter,OBS,"observed channel views, quarter net change"
Q3_2024,dj-neptune,DJ Neptune,domestic,693878,4210940,75531,29142.88,16843.76,1812.74,47799.38,8742.86,56542.24,84813364.2,0.450128,25451.27,31090.98,46636463.92,observed: artist's own Nigerian share of listeners this quarter,OBS,"observed channel views, quarter net change"
Q4_2024,dj-neptune,DJ Neptune,domestic,800033,3195635,76361,33601.39,12782.54,1832.66,48216.59,10080.42,58297.01,87445508.7,0.47945,27950.47,30346.53,45519801.67,observed: artist's own Nigerian share of listeners this quarter,OBS,"observed channel views, quarter net change"
Q1_2025,dj-neptune,DJ Neptune,domestic,810772,2815076,77097,34052.42,11260.3,1850.33,47163.06,10215.73,57378.78,86068174.8,0.588533,33769.3,23609.48,35414221.9,observed: artist's own Nigerian share of listeners this quarter,OBS,"observed channel views, quarter net change"
Q2_2025,dj-neptune,DJ Neptune,domestic,975861,2962846,77695,40986.16,11851.38,1864.68,54702.23,12295.85,66998.07,100497111.9,0.600976,40264.23,26733.84,40100767.49,observed: artist's own Nigerian share of listeners this quarter,OBS,"observed channel views, quarter net change"
Q3_2025,dj-neptune,DJ Neptune,domestic,1102093,3315594,78013,46287.91,13262.38,1872.31,61422.59,13886.37,75308.97,112963448.7,0.625662,47117.98,28190.99,42286481.79,observed: artist's own Nigerian share of listeners this quarter,OBS,"observed channel views, quarter net change"
Q4_2025,dj-neptune,DJ Neptune,domestic,1061134,5237156,66,44567.63,20948.62,1.58,65517.84,13370.29,78888.12,118332186.6,0.640535,50530.59,28357.54,42536308.47,observed: artist's own Nigerian share of listeners this quarter,OBS,"observed channel views, quarter net change"
Q1_2026,dj-neptune,DJ Neptune,domestic,1144786,2635890,66,48081.01,10543.56,1.58,58626.16,14424.3,73050.46,109575689.4,0.712072,52017.18,21033.28,31549914.51,observed: artist's own Nigerian share of listeners this quarter,OBS,"observed channel views, quarter net change"
Q2_2026,dj-neptune,DJ Neptune,domestic,1036573,3869844,79379,43536.07,15479.38,1905.1,60920.54,13060.82,73981.36,110972036.7,0.706034,52233.37,21747.99,32621982.35,observed: artist's own Nigerian share of listeners this quarter,OBS,"observed channel views, quarter net change"
Q3_2026,dj-neptune,DJ Neptune,domestic,1367314,1778732,79579,57427.19,7114.93,1909.9,66452.01,17228.16,83680.17,125520252.6,0.734364,61451.69,22228.48,33342720.33,observed: artist's own Nigerian share of listeners this quarter,OBS,"observed channel views, quarter net change"
Q2_2019,dj-spinall,DJ Spinall,domestic,110,0,0,4.62,0.0,0.0,4.62,1.39,6.01,9009.0,,,,,not measured: provider published no geography this quarter,UNK,no YouTube presence observed
Q3_2019,dj-spinall,DJ Spinall,domestic,2,0,0,0.08,0.0,0.0,0.08,0.03,0.11,163.8,,,,,not measured: provider published no geography this quarter,UNK,no YouTube presence observed
Q4_2019,dj-spinall,DJ Spinall,domestic,1,0,0,0.04,0.0,0.0,0.04,0.01,0.05,81.9,,,,,not measured: provider published no geography this quarter,UNK,no YouTube presence observed
Q1_2020,dj-spinall,DJ Spinall,domestic,1,0,0,0.04,0.0,0.0,0.04,0.01,0.05,81.9,,,,,not measured: provider published no geography this quarter,UNK,no YouTube presence observed
Q2_2020,dj-spinall,DJ Spinall,domestic,1,0,0,0.04,0.0,0.0,0.04,0.01,0.05,81.9,,,,,not measured: provider published no geography this quarter,UNK,no YouTube presence observed
Q3_2020,dj-spinall,DJ Spinall,domestic,2,0,0,0.08,0.0,0.0,0.08,0.03,0.11,163.8,,,,,not measured: provider published no geography this quarter,UNK,no YouTube presence observed
Q4_2020,dj-spinall,DJ Spinall,domestic,3,0,0,0.13,0.0,0.0,0.13,0.04,0.16,245.7,,,,,not measured: provider published no geography this quarter,UNK,no YouTube presence observed
Q1_2021,dj-spinall,DJ Spinall,domestic,5,0,0,0.21,0.0,0.0,0.21,0.06,0.27,409.5,0.02792,0.01,0.27,398.07,assumed: portfolio-wide ratio applied to an artist without own geography,ASM,no YouTube presence observed
Q2_2021,dj-spinall,DJ Spinall,domestic,22,0,0,0.92,0.0,0.0,0.92,0.28,1.2,1801.8,0.045455,0.05,1.15,1719.9,observed: artist's own Nigerian share of listeners this quarter,OBS,no YouTube presence observed
Q3_2021,dj-spinall,DJ Spinall,domestic,14,0,0,0.59,0.0,0.0,0.59,0.18,0.76,1146.6,0.176471,0.13,0.63,944.26,observed: artist's own Nigerian share of listeners this quarter,OBS,no YouTube presence observed
Q4_2021,dj-spinall,DJ Spinall,domestic,9,0,0,0.38,0.0,0.0,0.38,0.11,0.49,737.1,0.142857,0.07,0.42,631.8,observed: artist's own Nigerian share of listeners this quarter,OBS,no YouTube presence observed
Q1_2022,dj-spinall,DJ Spinall,domestic,4,0,0,0.17,0.0,0.0,0.17,0.05,0.22,327.6,0.2,0.04,0.17,262.08,observed: artist's own Nigerian share of listeners this quarter,OBS,no YouTube presence observed
Q2_2022,dj-spinall,DJ Spinall,domestic,23,0,0,0.97,0.0,0.0,0.97,0.29,1.26,1883.7,0.041667,0.05,1.2,1805.21,observed: artist's own Nigerian share of listeners this quarter,OBS,no YouTube presence observed
Q3_2022,dj-spinall,DJ Spinall,domestic,19,0,0,0.8,0.0,0.0,0.8,0.24,1.04,1556.1,0.058824,0.06,0.98,1464.56,observed: artist's own Nigerian share of listeners this quarter,OBS,no YouTube presence observed
Q4_2022,dj-spinall,DJ Spinall,domestic,72,0,0,3.02,0.0,0.0,3.02,0.91,3.93,5896.8,0.128571,0.51,3.43,5138.64,observed: artist's own Nigerian share of listeners this quarter,OBS,no YouTube presence observed
Q1_2023,dj-spinall,DJ Spinall,domestic,16,0,0,0.67,0.0,0.0,0.67,0.2,0.87,1310.4,0.117647,0.1,0.77,1156.24,observed: artist's own Nigerian share of listeners this quarter,OBS,no YouTube presence observed
Q2_2023,dj-spinall,DJ Spinall,domestic,15,0,0,0.63,0.0,0.0,0.63,0.19,0.82,1228.5,0.083333,0.07,0.75,1126.12,observed: artist's own Nigerian share of listeners this quarter,OBS,no YouTube presence observed
Q3_2023,dj-spinall,DJ Spinall,domestic,15,0,0,0.63,0.0,0.0,0.63,0.19,0.82,1228.5,0.125,0.1,0.72,1074.94,observed: artist's own Nigerian share of listeners this quarter,OBS,no YouTube presence observed
Q4_2023,dj-spinall,DJ Spinall,domestic,4,0,0,0.17,0.0,0.0,0.17,0.05,0.22,327.6,0.2,0.04,0.17,262.08,observed: artist's own Nigerian share of listeners this quarter,OBS,no YouTube presence observed
Q1_2024,dj-spinall,DJ Spinall,domestic,6,13860000,0,0.25,55440.0,0.0,55440.25,0.08,55440.33,83160491.4,0.173406,9613.68,45826.64,68739965.69,assumed: portfolio-wide ratio applied to an artist without own geography,ASM,"estimated: subscribers x 15 views/month (EST, first-submission methodology)"
Q2_2024,dj-spinall,DJ Spinall,domestic,2,14310000,0,0.08,57240.0,0.0,57240.08,0.03,57240.11,85860163.8,0.333333,19080.04,38160.07,57240109.2,observed: artist's own Nigerian share of listeners this quarter,OBS,"estimated: subscribers x 15 views/month (EST, first-submission methodology)"
Q3_2024,dj-spinall,DJ Spinall,domestic,3,15558750,0,0.13,62235.0,0.0,62235.13,0.04,62235.16,93352745.7,0.333333,20745.05,41490.11,62235163.8,observed: artist's own Nigerian share of listeners this quarter,OBS,"estimated: subscribers x 15 views/month (EST, first-submission methodology)"
Q4_2024,dj-spinall,DJ Spinall,domestic,4,15851250,0,0.17,63405.0,0.0,63405.17,0.05,63405.22,95107827.6,0.25,15851.3,47553.91,71330870.7,observed: artist's own Nigerian share of listeners this quarter,OBS,"estimated: subscribers x 15 views/month (EST, first-submission methodology)"
Q1_2025,dj-spinall,DJ Spinall,domestic,12,5344960,0,0.5,21379.84,0.0,21380.34,0.15,21380.5,32070742.8,0.25,5345.12,16035.37,24053057.1,observed: artist's own Nigerian share of listeners this quarter,OBS,"observed channel views, quarter net change"
Q2_2025,dj-spinall,DJ Spinall,domestic,22,5761990,0,0.92,23047.96,0.0,23048.88,0.28,23049.16,34573741.8,0.434783,10021.37,13027.79,19541680.15,observed: artist's own Nigerian share of listeners this quarter,OBS,"observed channel views, quarter net change"
Q3_2025,dj-spinall,DJ Spinall,domestic,19,6875010,0,0.8,27500.04,0.0,27500.84,0.24,27501.08,41251616.1,0.35,9625.38,17875.7,26813550.46,observed: artist's own Nigerian share of listeners this quarter,OBS,"observed channel views, quarter net change"
Q4_2025,dj-spinall,DJ Spinall,domestic,16,5447870,0,0.67,21791.48,0.0,21792.15,0.2,21792.35,32688530.4,0.285714,6226.39,15565.97,23348950.29,observed: artist's own Nigerian share of listeners this quarter,OBS,"observed channel views, quarter net change"
Q1_2026,dj-spinall,DJ Spinall,domestic,16,4993280,0,0.67,19973.12,0.0,19973.79,0.2,19973.99,29960990.4,0.411765,8224.59,11749.41,17624112.0,observed: artist's own Nigerian share of listeners this quarter,OBS,"observed channel views, quarter net change"
Q2_2026,dj-spinall,DJ Spinall,domestic,2,0,0,0.08,0.0,0.0,0.08,0.03,0.11,163.8,0.3,0.03,0.08,114.66,observed: artist's own Nigerian share of listeners this quarter,OBS,no YouTube presence observed
Q3_2026,dj-spinall,DJ Spinall,domestic,3,0,0,0.13,0.0,0.0,0.13,0.04,0.16,245.7,0.404638,0.07,0.1,146.28,assumed: portfolio-wide ratio applied to an artist without own geography,ASM,no YouTube presence observed
Q1_2019,dammy-krane,Dammy Krane,domestic,0,0,505,0.0,0.0,12.12,12.12,0.0,12.12,18180.0,,,,,not measured: provider published no geography this quarter,UNK,no YouTube presence observed
Q2_2019,dammy-krane,Dammy Krane,domestic,84073,0,510,3531.07,0.0,12.24,3543.31,1059.32,4602.63,6903938.7,,,,,not measured: provider published no geography this quarter,UNK,no YouTube presence observed
Q3_2019,dammy-krane,Dammy Krane,domestic,9957,0,513,418.19,0.0,12.31,430.51,125.46,555.96,833946.3,,,,,not measured: provider published no geography this quarter,UNK,no YouTube presence observed
Q4_2019,dammy-krane,Dammy Krane,domestic,7834,0,516,329.03,0.0,12.38,341.41,98.71,440.12,660180.6,,,,,not measured: provider published no geography this quarter,UNK,no YouTube presence observed
Q1_2020,dammy-krane,Dammy Krane,domestic,9116,0,519,382.87,0.0,12.46,395.33,114.86,510.19,765284.4,,,,,not measured: provider published no geography this quarter,UNK,no YouTube presence observed
Q2_2020,dammy-krane,Dammy Krane,domestic,13555,0,520,569.31,0.0,12.48,581.79,170.79,752.58,1128874.5,,,,,not measured: provider published no geography this quarter,UNK,no YouTube presence observed
Q3_2020,dammy-krane,Dammy Krane,domestic,12556,0,521,527.35,0.0,12.5,539.86,158.21,698.06,1047092.4,,,,,not measured: provider published no geography this quarter,UNK,no YouTube presence observed
Q4_2020,dammy-krane,Dammy Krane,domestic,9631,0,524,404.5,0.0,12.58,417.08,121.35,538.43,807642.9,,,,,not measured: provider published no geography this quarter,UNK,no YouTube presence observed
Q1_2021,dammy-krane,Dammy Krane,domestic,11600,0,527,487.2,0.0,12.65,499.85,146.16,646.01,969012.0,0.071379,46.11,599.9,899844.59,observed: artist's own Nigerian share of listeners this quarter,OBS,no YouTube presence observed
Q2_2021,dammy-krane,Dammy Krane,domestic,11614,0,531,487.79,0.0,12.74,500.53,146.34,646.87,970302.6,0.074765,48.36,598.51,897758.15,observed: artist's own Nigerian share of listeners this quarter,OBS,no YouTube presence observed
Q3_2021,dammy-krane,Dammy Krane,domestic,10874,0,532,456.71,0.0,12.77,469.48,137.01,606.49,909732.6,0.099751,60.5,545.99,818986.0,observed: artist's own Nigerian share of listeners this quarter,OBS,no YouTube presence observed
Q4_2021,dammy-krane,Dammy Krane,domestic,10343,15486,533,434.41,61.94,12.79,509.14,130.32,639.46,959195.7,0.141978,90.79,548.67,823010.75,observed: artist's own Nigerian share of listeners this quarter,OBS,"observed channel views, quarter net change"
Q1_2022,dammy-krane,Dammy Krane,domestic,7595,15192,534,318.99,60.77,12.82,392.57,95.7,488.27,732406.5,0.182635,89.18,399.1,598643.35,observed: artist's own Nigerian share of listeners this quarter,OBS,"observed channel views, quarter net change"
Q2_2022,dammy-krane,Dammy Krane,domestic,8430,14626,537,354.06,58.5,12.89,425.45,106.22,531.67,797505.0,0.205663,109.34,422.33,633487.86,observed: artist's own Nigerian share of listeners this quarter,OBS,"observed channel views, quarter net change"
Q3_2022,dammy-krane,Dammy Krane,domestic,7558,234450,538,317.44,937.8,12.91,1268.15,95.23,1363.38,2045068.2,0.223714,305.01,1058.37,1587557.31,observed: artist's own Nigerian share of listeners this quarter,OBS,"estimated: subscribers x 15 views/month (EST, first-submission methodology)"
Q4_2022,dammy-krane,Dammy Krane,domestic,6248,10664,538,262.42,42.66,12.91,317.98,78.72,396.71,595063.2,0.295775,117.34,279.37,419058.59,observed: artist's own Nigerian share of listeners this quarter,OBS,"observed channel views, quarter net change"
Q1_2023,dammy-krane,Dammy Krane,domestic,9134,9668,538,383.63,38.67,12.91,435.21,115.09,550.3,825450.6,0.370379,203.82,346.48,519721.39,observed: artist's own Nigerian share of listeners this quarter,OBS,"observed channel views, quarter net change"
Q2_2023,dammy-krane,Dammy Krane,domestic,13572,10449,541,570.02,41.8,12.98,624.8,171.01,795.81,1193716.8,0.498341,396.59,399.23,598838.33,observed: artist's own Nigerian share of listeners this quarter,OBS,"observed channel views, quarter net change"
Q3_2023,dammy-krane,Dammy Krane,domestic,15588,17082,545,654.7,68.33,13.08,736.1,196.41,932.51,1398769.2,0.58079,541.59,390.92,586378.11,observed: artist's own Nigerian share of listeners this quarter,OBS,"observed channel views, quarter net change"
Q4_2023,dammy-krane,Dammy Krane,domestic,17953,26070,548,754.03,104.28,13.15,871.46,226.21,1097.67,1646498.7,0.629661,691.16,406.51,609762.58,observed: artist's own Nigerian share of listeners this quarter,OBS,"observed channel views, quarter net change"
Q1_2024,dammy-krane,Dammy Krane,domestic,18222,12157,548,765.32,48.63,13.15,827.1,229.6,1056.7,1585051.8,0.612432,647.16,409.54,614315.14,observed: artist's own Nigerian share of listeners this quarter,OBS,"observed channel views, quarter net change"
Q2_2024,dammy-krane,Dammy Krane,domestic,16145,17682,549,678.09,70.73,13.18,761.99,203.43,965.42,1448131.5,0.632728,610.85,354.57,531857.53,observed: artist's own Nigerian share of listeners this quarter,OBS,"observed channel views, quarter net change"
Q3_2024,dammy-krane,Dammy Krane,domestic,31751,112419,548,1333.54,449.68,13.15,1796.37,400.06,2196.43,3294648.9,0.523055,1148.85,1047.58,1571367.88,observed: artist's own Nigerian share of listeners this quarter,OBS,"observed channel views, quarter net change"
Q4_2024,dammy-krane,Dammy Krane,domestic,36584,22261,548,1536.53,89.04,13.15,1638.72,460.96,2099.68,3149523.6,0.608791,1278.27,821.41,1232120.58,observed: artist's own Nigerian share of listeners this quarter,OBS,"observed channel views, quarter net change"
Q1_2025,dammy-krane,Dammy Krane,domestic,30409,21236,551,1277.18,84.94,13.22,1375.35,383.15,1758.5,2637749.1,0.678598,1193.32,565.18,847776.59,observed: artist's own Nigerian share of listeners this quarter,OBS,"observed channel views, quarter net change"
Q2_2025,dammy-krane,Dammy Krane,domestic,30721,8507,552,1290.28,34.03,13.25,1337.56,387.08,1724.64,2586963.9,0.680267,1173.22,551.42,827137.05,observed: artist's own Nigerian share of listeners this quarter,OBS,"observed channel views, quarter net change"
Q3_2025,dammy-krane,Dammy Krane,domestic,38554,45476,557,1619.27,181.9,13.37,1814.54,485.78,2300.32,3450480.6,0.636686,1464.58,835.74,1253608.63,observed: artist's own Nigerian share of listeners this quarter,OBS,"observed channel views, quarter net change"
Q4_2025,dammy-krane,Dammy Krane,domestic,34021,29023,564,1428.88,116.09,13.54,1558.51,428.66,1987.17,2980761.9,0.719266,1429.31,557.87,836801.05,observed: artist's own Nigerian share of listeners this quarter,OBS,"observed channel views, quarter net change"
Q1_2026,dammy-krane,Dammy Krane,domestic,29683,22078,565,1246.69,88.31,13.56,1348.56,374.01,1722.56,2583845.7,0.740845,1276.15,446.41,669615.87,observed: artist's own Nigerian share of listeners this quarter,OBS,"observed channel views, quarter net change"
Q2_2026,dammy-krane,Dammy Krane,domestic,42554,25599,573,1787.27,102.4,13.75,1903.42,536.18,2439.6,3659394.6,0.778752,1899.84,539.76,809634.82,observed: artist's own Nigerian share of listeners this quarter,OBS,"observed channel views, quarter net change"
Q3_2026,dammy-krane,Dammy Krane,domestic,41212,278550,576,1730.9,1114.2,13.82,2858.93,519.27,3378.2,5067298.8,0.770455,2602.75,775.45,1163172.05,observed: artist's own Nigerian share of listeners this quarter,OBS,"estimated: subscribers x 15 views/month (EST, first-submission methodology)"
Q1_2019,darey,Darey,domestic,0,1033335,3621,0.0,4133.34,86.9,4220.24,0.0,4220.24,6330366.0,,,,,not measured: provider published no geography this quarter,UNK,"estimated: subscribers x 15 views/month (EST, first-submission methodology)"
Q2_2019,darey,Darey,domestic,6257,1101195,3624,262.79,4404.78,86.98,4754.55,78.84,4833.39,7250082.3,,,,,not measured: provider published no geography this quarter,UNK,"estimated: subscribers x 15 views/month (EST, first-submission methodology)"
Q3_2019,darey,Darey,domestic,5289,1143000,3629,222.14,4572.0,87.1,4881.23,66.64,4947.88,7421813.1,,,,,not measured: provider published no geography this quarter,UNK,"estimated: subscribers x 15 views/month (EST, first-submission methodology)"
Q4_2019,darey,Darey,domestic,5165,1215000,3639,216.93,4860.0,87.34,5164.27,65.08,5229.35,7844017.5,,,,,not measured: provider published no geography this quarter,UNK,"estimated: subscribers x 15 views/month (EST, first-submission methodology)"
Q1_2020,darey,Darey,domestic,5290,1314000,3647,222.18,5256.0,87.53,5565.71,66.65,5632.36,8448543.0,,,,,not measured: provider published no geography this quarter,UNK,"estimated: subscribers x 15 views/month (EST, first-submission methodology)"
Q2_2020,darey,Darey,domestic,5298,1417500,3655,222.52,5670.0,87.72,5980.24,66.75,6046.99,9070486.2,,,,,not measured: provider published no geography this quarter,UNK,"estimated: subscribers x 15 views/month (EST, first-submission methodology)"
Q3_2020,darey,Darey,domestic,109862,1647000,3683,4614.2,6588.0,88.39,11290.6,1384.26,12674.86,19012285.8,,,,,not measured: provider published no geography this quarter,UNK,"estimated: subscribers x 15 views/month (EST, first-submission methodology)"
Q4_2020,darey,Darey,domestic,36097,1746000,3705,1516.07,6984.0,88.92,8588.99,454.82,9043.82,13565724.3,,,,,not measured: provider published no geography this quarter,UNK,"estimated: subscribers x 15 views/month (EST, first-submission methodology)"
Q1_2021,darey,Darey,domestic,15981,1827000,3715,671.2,7308.0,89.16,8068.36,201.36,8269.72,12404583.9,0.114511,946.97,7322.75,10984122.82,observed: artist's own Nigerian share of listeners this quarter,OBS,"estimated: subscribers x 15 views/month (EST, first-submission methodology)"
Q2_2021,darey,Darey,domestic,14995,2092500,3736,629.79,8370.0,89.66,9089.45,188.94,9278.39,13917586.5,0.132103,1225.7,8052.69,12079029.84,observed: artist's own Nigerian share of listeners this quarter,OBS,"estimated: subscribers x 15 views/month (EST, first-submission methodology)"
Q3_2021,darey,Darey,domestic,20421,31876,3757,857.68,127.5,90.17,1075.35,257.3,1332.66,1998987.9,0.177776,236.91,1095.74,1643616.68,observed: artist's own Nigerian share of listeners this quarter,OBS,"observed channel views, quarter net change"
Q4_2021,darey,Darey,domestic,21802,332314,3766,915.68,1329.26,90.38,2335.32,274.71,2610.03,3915043.8,0.203593,531.38,2078.64,3117966.88,observed: artist's own Nigerian share of listeners this quarter,OBS,"observed channel views, quarter net change"
Q1_2022,darey,Darey,domestic,23154,303267,3773,972.47,1213.07,90.55,2276.09,291.74,2567.83,3851742.6,0.249885,641.66,1926.17,2889249.42,observed: artist's own Nigerian share of listeners this quarter,OBS,"observed channel views, quarter net change"
Q2_2022,darey,Darey,domestic,27794,319462,3780,1167.35,1277.85,90.72,2535.92,350.2,2886.12,4329180.6,0.261807,755.61,2130.51,3195770.57,observed: artist's own Nigerian share of listeners this quarter,OBS,"observed channel views, quarter net change"
Q3_2022,darey,Darey,domestic,26192,300255,3781,1100.06,1201.02,90.74,2391.83,330.02,2721.85,4082770.8,0.24383,663.67,2058.18,3087268.41,observed: artist's own Nigerian share of listeners this quarter,OBS,"observed channel views, quarter net change"
Q4_2022,darey,Darey,domestic,19816,366458,3785,832.27,1465.83,90.84,2388.94,249.68,2638.63,3957938.4,0.35487,936.37,1702.26,2553386.49,observed: artist's own Nigerian share of listeners this quarter,OBS,"observed channel views, quarter net change"
Q1_2023,darey,Darey,domestic,22760,367337,3788,955.92,1469.35,90.91,2516.18,286.78,2802.96,4204434.0,0.449486,1259.89,1543.07,2314601.79,observed: artist's own Nigerian share of listeners this quarter,OBS,"observed channel views, quarter net change"
Q2_2023,darey,Darey,domestic,29259,469898,3793,1228.88,1879.59,91.03,3199.5,368.66,3568.17,5352248.1,0.542437,1935.51,1632.66,2448990.29,observed: artist's own Nigerian share of listeners this quarter,OBS,"observed channel views, quarter net change"
Q3_2023,darey,Darey,domestic,29675,318043,3795,1246.35,1272.17,91.08,2609.6,373.91,2983.51,4475260.5,0.574967,1715.42,1268.09,1902132.17,observed: artist's own Nigerian share of listeners this quarter,OBS,"observed channel views, quarter net change"
Q4_2023,darey,Darey,domestic,30213,310942,3795,1268.95,1243.77,91.08,2603.79,380.68,2984.48,4476716.7,0.628173,1874.77,1109.71,1664562.51,observed: artist's own Nigerian share of listeners this quarter,OBS,"observed channel views, quarter net change"
Q1_2024,darey,Darey,domestic,42800,477234,3797,1797.6,1908.94,91.13,3797.66,539.28,4336.94,6505416.0,0.647237,2807.03,1529.91,2294867.76,observed: artist's own Nigerian share of listeners this quarter,OBS,"observed channel views, quarter net change"
Q2_2024,darey,Darey,domestic,36604,328576,3797,1537.37,1314.3,91.13,2942.8,461.21,3404.01,5106015.6,0.686753,2337.71,1066.3,1599443.31,observed: artist's own Nigerian share of listeners this quarter,OBS,"observed channel views, quarter net change"
Q3_2024,darey,Darey,domestic,48297,506044,3797,2028.47,2024.18,91.13,4143.78,608.54,4752.32,7128480.3,0.696503,3310.0,1442.32,2163473.18,observed: artist's own Nigerian share of listeners this quarter,OBS,"observed channel views, quarter net change"
Q4_2024,darey,Darey,domestic,54374,519462,3798,2283.71,2077.85,91.15,4452.71,685.11,5137.82,7706730.6,0.697925,3585.82,1552.0,2328006.95,observed: artist's own Nigerian share of listeners this quarter,OBS,"observed channel views, quarter net change"
Q1_2025,darey,Darey,domestic,59633,522712,3802,2504.59,2090.85,91.25,4686.68,751.38,5438.06,8157086.7,0.76554,4163.05,1275.01,1912512.15,observed: artist's own Nigerian share of listeners this quarter,OBS,"observed channel views, quarter net change"
Q2_2025,darey,Darey,domestic,96284,549494,3805,4043.93,2197.98,91.32,6333.22,1213.18,7546.4,11319603.6,0.831537,6275.11,1271.29,1906939.57,observed: artist's own Nigerian share of listeners this quarter,OBS,"observed channel views, quarter net change"
Q3_2025,darey,Darey,domestic,164857,566490,3806,6923.99,2265.96,91.34,9281.3,2077.2,11358.5,17037744.3,0.799238,9078.14,2280.36,3420537.84,observed: artist's own Nigerian share of listeners this quarter,OBS,"observed channel views, quarter net change"
Q4_2025,darey,Darey,domestic,183964,532654,3806,7726.49,2130.62,91.34,9948.45,2317.95,12266.39,18399591.6,0.842767,10337.71,1928.69,2893027.66,observed: artist's own Nigerian share of listeners this quarter,OBS,"observed channel views, quarter net change"
Q1_2026,darey,Darey,domestic,208819,468698,3809,8770.4,1874.79,91.42,10736.61,2631.12,13367.73,20051588.1,0.890213,11900.12,1467.6,2201402.02,observed: artist's own Nigerian share of listeners this quarter,OBS,"observed channel views, quarter net change"
Q2_2026,darey,Darey,domestic,141241,412717,3825,5932.12,1650.87,91.8,7674.79,1779.64,9454.43,14181639.9,0.87733,8294.65,1159.77,1739658.41,observed: artist's own Nigerian share of listeners this quarter,OBS,"observed channel views, quarter net change"
Q3_2026,darey,Darey,domestic,132015,210355,3826,5544.63,841.42,91.82,6477.87,1663.39,8141.26,12211894.5,0.870698,7088.58,1052.68,1579018.74,observed: artist's own Nigerian share of listeners this quarter,OBS,"observed channel views, quarter net change"
Q2_2019,darkoo,Darkoo,diaspora_candidate,8004,0,0,336.17,0.0,0.0,336.17,100.85,437.02,655527.6,,,,,not measured: provider published no geography this quarter,UNK,no YouTube presence observed
Q3_2019,darkoo,Darkoo,diaspora_candidate,7586,0,5,318.61,0.0,0.12,318.73,95.58,414.32,621473.4,,,,,not measured: provider published no geography this quarter,UNK,no YouTube presence observed
Q4_2019,darkoo,Darkoo,diaspora_candidate,730984,0,535,30701.33,0.0,12.84,30714.17,9210.4,39924.57,59886849.6,,,,,not measured: provider published no geography this quarter,UNK,no YouTube presence observed
Q1_2020,darkoo,Darkoo,diaspora_candidate,1366402,0,2291,57388.88,0.0,54.98,57443.87,17216.67,74660.53,111990799.8,,,,,not measured: provider published no geography this quarter,UNK,no YouTube presence observed
Q2_2020,darkoo,Darkoo,diaspora_candidate,1719308,0,3873,72210.94,0.0,92.95,72303.89,21663.28,93967.17,140950753.2,,,,,not measured: provider published no geography this quarter,UNK,no YouTube presence observed
Q3_2020,darkoo,Darkoo,diaspora_candidate,1298799,0,5115,54549.56,0.0,122.76,54672.32,16364.87,71037.19,106555778.1,,,,,not measured: provider published no geography this quarter,UNK,no YouTube presence observed
Q4_2020,darkoo,Darkoo,diaspora_candidate,1165117,0,5833,48934.91,0.0,139.99,49074.91,14680.47,63755.38,95633070.3,,,,,not measured: provider published no geography this quarter,UNK,no YouTube presence observed
Q1_2021,darkoo,Darkoo,diaspora_candidate,1088572,0,6504,45720.02,0.0,156.1,45876.12,13716.01,59592.13,89388190.8,0.006606,393.66,59198.47,88797701.17,observed: artist's own Nigerian share of listeners this quarter,OBS,no YouTube presence observed
Q2_2021,darkoo,Darkoo,diaspora_candidate,11082838,0,6998,465479.2,0.0,167.95,465647.15,139643.76,605290.91,907936360.2,0.000515,311.82,604979.09,907468633.81,observed: artist's own Nigerian share of listeners this quarter,OBS,no YouTube presence observed
Q3_2021,darkoo,Darkoo,diaspora_candidate,4883970,0,7631,205126.74,0.0,183.14,205309.88,61538.02,266847.91,400271859.0,0.028861,7701.48,259146.43,388719643.54,assumed: portfolio-wide ratio applied to an artist without own geography,ASM,no YouTube presence observed
Q4_2021,darkoo,Darkoo,diaspora_candidate,4052375,2511838,8113,170199.75,10047.35,194.71,180441.81,51059.92,231501.74,347252608.5,0.003933,910.45,230591.29,345886940.17,observed: artist's own Nigerian share of listeners this quarter,OBS,"observed channel views, quarter net change"
Q1_2022,darkoo,Darkoo,diaspora_candidate,3746958,4237606,8820,157372.24,16950.42,211.68,174534.34,47211.67,221746.01,332619016.2,0.011941,2647.77,219098.24,328647360.59,observed: artist's own Nigerian share of listeners this quarter,OBS,"observed channel views, quarter net change"
Q2_2022,darkoo,Darkoo,diaspora_candidate,3991336,5666424,10207,167636.11,22665.7,244.97,190546.78,50290.83,240837.61,361256414.4,0.030645,7380.59,233457.02,350185535.1,observed: artist's own Nigerian share of listeners this quarter,OBS,"observed channel views, quarter net change"
Q3_2022,darkoo,Darkoo,diaspora_candidate,3562029,2205310,11797,149605.22,8821.24,283.13,158709.59,44881.57,203591.15,305386727.1,0.025417,5174.74,198416.41,297624610.87,observed: artist's own Nigerian share of listeners this quarter,OBS,"observed channel views, quarter net change"
Q4_2022,darkoo,Darkoo,diaspora_candidate,3148897,1787051,12979,132253.67,7148.2,311.5,139713.37,39676.1,179389.48,269084214.3,0.030371,5448.27,173941.21,260911810.89,observed: artist's own Nigerian share of listeners this quarter,OBS,"observed channel views, quarter net change"
Q1_2023,darkoo,Darkoo,diaspora_candidate,3023514,1423031,13781,126987.59,5692.12,330.74,133010.46,38096.28,171106.73,256660098.6,0.032885,5626.86,165479.88,248219813.75,observed: artist's own Nigerian share of listeners this quarter,OBS,"observed channel views, quarter net change"
Q2_2023,darkoo,Darkoo,diaspora_candidate,3025786,3903129,14474,127083.01,15612.52,347.38,143042.9,38124.9,181167.81,271751711.4,0.044639,8087.15,173080.66,259620988.89,observed: artist's own Nigerian share of listeners this quarter,OBS,"observed channel views, quarter net change"
Q3_2023,darkoo,Darkoo,diaspora_candidate,3120319,2721771,14978,131053.4,10887.08,359.47,142299.95,39316.02,181615.97,272423960.1,0.047292,8588.92,173027.06,259540586.4,observed: artist's own Nigerian share of listeners this quarter,OBS,"observed channel views, quarter net change"
Q4_2023,darkoo,Darkoo,diaspora_candidate,2719460,1423138,15505,114217.32,5692.55,372.12,120281.99,34265.2,154547.19,231820782.0,0.061656,9528.8,145018.39,217527579.62,observed: artist's own Nigerian share of listeners this quarter,OBS,"observed channel views, quarter net change"
Q1_2024,darkoo,Darkoo,diaspora_candidate,2472468,1456851,15917,103843.66,5827.4,382.01,110053.07,31153.1,141206.16,211809247.2,0.054393,7680.67,133525.5,200288246.05,observed: artist's own Nigerian share of listeners this quarter,OBS,"observed channel views, quarter net change"
Q2_2024,darkoo,Darkoo,diaspora_candidate,3575257,7337017,16400,150160.79,29348.07,393.6,179902.46,45048.24,224950.7,337426050.3,0.08944,20119.55,204831.15,307246722.1,observed: artist's own Nigerian share of listeners this quarter,OBS,"observed channel views, quarter net change"
Q3_2024,darkoo,Darkoo,diaspora_candidate,4662507,16522737,16791,195825.29,66090.95,402.98,262319.23,58747.59,321066.81,481600221.3,0.214713,68937.23,252129.58,378194371.35,observed: artist's own Nigerian share of listeners this quarter,OBS,"observed channel views, quarter net change"
Q4_2024,darkoo,Darkoo,diaspora_candidate,4265282,15536407,17274,179141.84,62145.63,414.58,241702.05,53742.55,295444.6,443166901.8,0.243615,71974.83,223469.77,335204659.29,observed: artist's own Nigerian share of listeners this quarter,OBS,"observed channel views, quarter net change"
Q1_2025,darkoo,Darkoo,diaspora_candidate,3807480,11364120,17675,159914.16,45456.48,424.2,205794.84,47974.25,253769.09,380653632.0,0.234638,59543.83,194225.26,291337886.23,observed: artist's own Nigerian share of listeners this quarter,OBS,"observed channel views, quarter net change"
Q2_2025,darkoo,Darkoo,diaspora_candidate,5262491,10196820,18033,221024.62,40787.28,432.79,262244.69,66307.39,328552.08,492828120.9,0.275859,90634.08,237918.0,356877001.92,observed: artist's own Nigerian share of listeners this quarter,OBS,"observed channel views, quarter net change"
Q3_2025,darkoo,Darkoo,diaspora_candidate,4188976,11095390,18404,175936.99,44381.56,441.7,220760.25,52781.1,273541.35,410312018.4,0.318809,87207.58,186333.77,279500652.52,observed: artist's own Nigerian share of listeners this quarter,OBS,"observed channel views, quarter net change"
Q4_2025,darkoo,Darkoo,diaspora_candidate,3758442,8054180,18640,157854.56,32216.72,447.36,190518.64,47356.37,237875.01,356812519.8,0.31996,76110.44,161764.58,242646865.4,observed: artist's own Nigerian share of listeners this quarter,OBS,"observed channel views, quarter net change"
Q1_2026,darkoo,Darkoo,diaspora_candidate,3405862,6466990,18898,143046.2,25867.96,453.55,169367.72,42913.86,212281.58,318422365.8,0.291926,61970.54,150311.04,225466555.99,observed: artist's own Nigerian share of listeners this quarter,OBS,"observed channel views, quarter net change"
Q2_2026,darkoo,Darkoo,diaspora_candidate,3481759,6554586,19291,146233.88,26218.34,462.98,172915.21,43870.16,216785.37,325178054.1,0.29031,62934.99,153850.37,230775562.34,observed: artist's own Nigerian share of listeners this quarter,OBS,"observed channel views, quarter net change"
Q3_2026,darkoo,Darkoo,diaspora_candidate,3778781,3981168,19477,158708.8,15924.67,467.45,175100.92,47612.64,222713.56,334070343.9,0.31829,70887.55,151826.01,227739019.1,observed: artist's own Nigerian share of listeners this quarter,OBS,"observed channel views, quarter net change"
Q2_2019,davido,Davido,domestic,1453891,0,0,61063.42,0.0,0.0,61063.42,18319.03,79382.45,119073672.9,,,,,not measured: provider published no geography this quarter,UNK,no YouTube presence observed
Q3_2019,davido,Davido,domestic,2488325,0,255084,104509.65,0.0,6122.02,110631.67,31352.9,141984.56,212976841.5,,,,,not measured: provider published no geography this quarter,UNK,no YouTube presence observed
Q4_2019,davido,Davido,domestic,2514167,89550000,299598,105595.01,358200.0,7190.35,470985.37,31678.5,502663.87,753995805.3,,,,,not measured: provider published no geography this quarter,UNK,"estimated: subscribers x 15 views/month (EST, first-submission methodology)"
Q1_2020,davido,Davido,domestic,2155777,95850000,339615,90542.63,383400.0,8150.76,482093.39,27162.79,509256.18,763884276.3,,,,,not measured: provider published no geography this quarter,UNK,"estimated: subscribers x 15 views/month (EST, first-submission methodology)"
Q2_2020,davido,Davido,domestic,3010262,79200000,383322,126431.0,316800.0,9199.73,452430.73,37929.3,490360.03,735540049.8,,,,,not measured: provider published no geography this quarter,UNK,"estimated: subscribers x 15 views/month (EST, first-submission methodology)"
Q3_2020,davido,Davido,domestic,3199708,86850000,434944,134387.74,347400.0,10438.66,492226.39,40316.32,532542.71,798814069.2,,,,,not measured: provider published no geography this quarter,UNK,"estimated: subscribers x 15 views/month (EST, first-submission methodology)"
Q4_2020,davido,Davido,domestic,3058169,97650000,487407,128443.1,390600.0,11697.77,530740.87,38532.93,569273.8,853910693.1,,,,,not measured: provider published no geography this quarter,UNK,"estimated: subscribers x 15 views/month (EST, first-submission methodology)"
Q1_2021,davido,Davido,domestic,3254600,106650000,536701,136693.2,426600.0,12880.82,576174.02,41007.96,617181.98,925772976.0,0.017857,11020.94,606161.04,909241559.53,observed: artist's own Nigerian share of listeners this quarter,OBS,"estimated: subscribers x 15 views/month (EST, first-submission methodology)"
Q2_2021,davido,Davido,domestic,3301119,114300000,582434,138647.0,457200.0,13978.42,609825.41,41594.1,651419.51,977129270.1,0.015685,10217.48,641202.03,961803046.47,observed: artist's own Nigerian share of listeners this quarter,OBS,"estimated: subscribers x 15 views/month (EST, first-submission methodology)"
Q3_2021,davido,Davido,domestic,3636715,4026416,620832,152742.03,16105.66,14899.97,183747.66,45822.61,229570.27,344355406.5,0.025782,5918.86,223651.41,335477121.26,observed: artist's own Nigerian share of listeners this quarter,OBS,"observed channel views, quarter net change"
Q4_2021,davido,Davido,domestic,3284687,55290005,657984,137956.85,221160.02,15791.62,374908.49,41387.06,416295.55,624443319.3,0.047682,19849.72,396445.82,594668734.25,observed: artist's own Nigerian share of listeners this quarter,OBS,"observed channel views, quarter net change"
Q1_2022,davido,Davido,domestic,4267525,51948778,691898,179236.05,207795.11,16605.55,403636.71,53770.82,457407.53,686111293.5,0.036266,16588.22,440819.3,661228957.09,observed: artist's own Nigerian share of listeners this quarter,OBS,"observed channel views, quarter net change"
Q2_2022,davido,Davido,domestic,4913470,53031289,710505,206365.74,212125.16,17052.12,435543.02,61909.72,497452.74,746179107.0,0.04846,24106.43,473346.3,710019457.33,observed: artist's own Nigerian share of listeners this quarter,OBS,"observed channel views, quarter net change"
Q3_2022,davido,Davido,domestic,4318694,49190823,726223,181385.15,196763.29,17429.35,395577.79,54415.54,449993.34,674990004.6,0.058302,26235.53,423757.81,635636712.67,observed: artist's own Nigerian share of listeners this quarter,OBS,"observed channel views, quarter net change"
Q4_2022,davido,Davido,domestic,6059603,35519031,738043,254503.33,142076.12,17713.03,414292.48,76351.0,490643.48,735965219.7,0.049275,24176.61,466466.87,699700299.23,observed: artist's own Nigerian share of listeners this quarter,OBS,"observed channel views, quarter net change"
Q1_2023,davido,Davido,domestic,4446549,34402386,747096,186755.06,137609.54,17930.3,342294.91,56026.52,398321.42,597482135.1,0.078703,31348.99,366972.44,550458654.47,observed: artist's own Nigerian share of listeners this quarter,OBS,"observed channel views, quarter net change"
Q2_2023,davido,Davido,domestic,8217316,108754223,757497,345127.27,435016.89,18179.93,798324.09,103538.18,901862.27,1352793410.4,0.097734,88142.51,813719.77,1220579652.82,observed: artist's own Nigerian share of listeners this quarter,OBS,"observed channel views, quarter net change"
Q3_2023,davido,Davido,domestic,7953275,81071166,767017,334037.55,324284.66,18408.41,676730.62,100211.26,776941.89,1165412830.5,0.11113,86341.89,690600.0,1035899994.91,observed: artist's own Nigerian share of listeners this quarter,OBS,"observed channel views, quarter net change"
Q4_2023,davido,Davido,domestic,8593995,93007427,779067,360947.79,372029.71,18697.61,751675.11,108284.34,859959.44,1289939164.5,0.136458,117348.42,742611.03,1113916540.8,observed: artist's own Nigerian share of listeners this quarter,OBS,"observed channel views, quarter net change"
Q1_2024,davido,Davido,domestic,8061272,63338667,793934,338573.42,253354.67,19054.42,610982.51,101572.03,712554.54,1068831802.8,0.139911,99694.24,612860.29,919290440.62,observed: artist's own Nigerian share of listeners this quarter,OBS,"observed channel views, quarter net change"
Q2_2024,davido,Davido,domestic,8351635,66475710,811876,350768.67,265902.84,19485.02,636156.53,105230.6,741387.14,1112080702.5,0.163473,121196.84,620190.29,930285439.15,observed: artist's own Nigerian share of listeners this quarter,OBS,"observed channel views, quarter net change"
Q3_2024,davido,Davido,domestic,7363813,70685077,825161,309280.15,282740.31,19803.86,611824.32,92784.04,704608.36,1056912542.7,0.183797,129505.12,575103.24,862654863.42,observed: artist's own Nigerian share of listeners this quarter,OBS,"observed channel views, quarter net change"
Q4_2024,davido,Davido,domestic,9421804,71695995,837975,395715.77,286783.98,20111.4,702611.15,118714.73,821325.88,1231988817.6,0.284278,233484.62,587841.26,881761891.91,observed: artist's own Nigerian share of listeners this quarter,OBS,"observed channel views, quarter net change"
Q1_2025,davido,Davido,domestic,7943838,71476900,849941,333641.2,285907.6,20398.58,639947.38,100092.36,740039.74,1110059608.2,0.310284,229622.51,510417.23,765625848.97,observed: artist's own Nigerian share of listeners this quarter,OBS,"observed channel views, quarter net change"
Q2_2025,davido,Davido,domestic,9841832,125410400,861387,413356.94,501641.6,20673.29,935671.83,124007.08,1059678.92,1589518372.8,0.303801,321931.7,737747.21,1106620815.61,observed: artist's own Nigerian share of listeners this quarter,OBS,"observed channel views, quarter net change"
Q3_2025,davido,Davido,domestic,8683225,107522100,872622,364695.45,430088.4,20942.93,815726.78,109408.63,925135.41,1387703119.5,0.307816,284771.31,640364.1,960546149.63,observed: artist's own Nigerian share of listeners this quarter,OBS,"observed channel views, quarter net change"
Q4_2025,davido,Davido,domestic,9440809,94506800,880786,396513.98,378027.2,21138.86,795680.04,118954.19,914634.24,1371951353.1,0.398561,364537.7,550096.53,825144797.18,observed: artist's own Nigerian share of listeners this quarter,OBS,"observed channel views, quarter net change"
Q1_2026,davido,Davido,domestic,9179110,78513900,888076,385522.62,314055.6,21313.82,720892.04,115656.79,836548.83,1254823245.0,0.413817,346178.06,490370.77,735556158.51,observed: artist's own Nigerian share of listeners this quarter,OBS,"observed channel views, quarter net change"
Q2_2026,davido,Davido,domestic,11249932,88271359,895359,472497.14,353085.44,21488.62,847071.2,141749.14,988820.34,1483230508.8,0.338182,334400.93,654419.41,981629110.8,observed: artist's own Nigerian share of listeners this quarter,OBS,"observed channel views, quarter net change"
Q3_2026,davido,Davido,domestic,11729448,48191814,898866,492636.82,192767.26,21572.78,706976.86,147791.04,854767.9,1282151851.2,0.435761,372474.94,482292.96,723439442.27,observed: artist's own Nigerian share of listeners this quarter,OBS,"observed channel views, quarter net change"
Q1_2019,dice-ailes,Dice Ailes,domestic,0,0,682,0.0,0.0,16.37,16.37,0.0,16.37,24552.0,,,,,not measured: provider published no geography this quarter,UNK,no YouTube presence observed
Q2_2019,dice-ailes,Dice Ailes,domestic,51346,409050,699,2156.53,1636.2,16.78,3809.51,646.96,4456.47,6684701.4,,,,,not measured: provider published no geography this quarter,UNK,"estimated: subscribers x 15 views/month (EST, first-submission methodology)"
Q3_2019,dice-ailes,Dice Ailes,domestic,50176,429300,1099,2107.39,1717.2,26.38,3850.97,632.22,4483.19,6724778.4,,,,,not measured: provider published no geography this quarter,UNK,"estimated: subscribers x 15 views/month (EST, first-submission methodology)"
Q4_2019,dice-ailes,Dice Ailes,domestic,142384,459000,2429,5980.13,1836.0,58.3,7874.42,1794.04,9668.46,14502693.6,,,,,not measured: provider published no geography this quarter,UNK,"estimated: subscribers x 15 views/month (EST, first-submission methodology)"
Q1_2020,dice-ailes,Dice Ailes,domestic,94173,517500,2665,3955.27,2070.0,63.96,6089.23,1186.58,7275.81,10913708.7,,,,,not measured: provider published no geography this quarter,UNK,"estimated: subscribers x 15 views/month (EST, first-submission methodology)"
Q2_2020,dice-ailes,Dice Ailes,domestic,91273,634500,2744,3833.47,2538.0,65.86,6437.32,1150.04,7587.36,11381042.7,,,,,not measured: provider published no geography this quarter,UNK,"estimated: subscribers x 15 views/month (EST, first-submission methodology)"
Q3_2020,dice-ailes,Dice Ailes,domestic,120003,693000,2876,5040.13,2772.0,69.02,7881.15,1512.04,9393.19,14089781.7,,,,,not measured: provider published no geography this quarter,UNK,"estimated: subscribers x 15 views/month (EST, first-submission methodology)"
Q4_2020,dice-ailes,Dice Ailes,domestic,88613,724500,2939,3721.75,2898.0,70.54,6690.28,1116.52,7806.81,11710208.7,,,,,not measured: provider published no geography this quarter,UNK,"estimated: subscribers x 15 views/month (EST, first-submission methodology)"
Q1_2021,dice-ailes,Dice Ailes,domestic,120503,837000,3055,5061.13,3348.0,73.32,8482.45,1518.34,10000.78,15001175.7,0.128578,1285.88,8714.91,13072358.85,observed: artist's own Nigerian share of listeners this quarter,OBS,"estimated: subscribers x 15 views/month (EST, first-submission methodology)"
Q2_2021,dice-ailes,Dice Ailes,domestic,87205,873000,3153,3662.61,3492.0,75.67,7230.28,1098.78,8329.07,12493597.5,0.139069,1158.31,7170.75,10756131.39,observed: artist's own Nigerian share of listeners this quarter,OBS,"estimated: subscribers x 15 views/month (EST, first-submission methodology)"
Q3_2021,dice-ailes,Dice Ailes,domestic,101126,18504,3311,4247.29,74.02,79.46,4400.77,1274.19,5674.96,8512439.4,0.133831,759.48,4915.48,7373213.75,observed: artist's own Nigerian share of listeners this quarter,OBS,"observed channel views, quarter net change"
Q4_2021,dice-ailes,Dice Ailes,domestic,97838,206148,3427,4109.2,824.59,82.25,5016.04,1232.76,6248.79,9373192.2,0.163107,1019.22,5229.57,7844361.81,observed: artist's own Nigerian share of listeners this quarter,OBS,"observed channel views, quarter net change"
Q1_2022,dice-ailes,Dice Ailes,domestic,177336,197428,3584,7448.11,789.71,86.02,8323.84,2234.43,10558.27,15837410.4,0.252526,2666.24,7892.03,11838051.9,observed: artist's own Nigerian share of listeners this quarter,OBS,"observed channel views, quarter net change"
Q2_2022,dice-ailes,Dice Ailes,domestic,153864,542404,3658,6462.29,2169.62,87.79,8719.7,1938.69,10658.38,15987573.6,0.168081,1791.47,8866.91,13300362.46,observed: artist's own Nigerian share of listeners this quarter,OBS,"observed channel views, quarter net change"
Q3_2022,dice-ailes,Dice Ailes,domestic,99393,448689,3706,4174.51,1794.76,88.94,6058.21,1252.35,7310.56,10965836.7,0.155253,1134.99,6175.57,9263353.36,observed: artist's own Nigerian share of listeners this quarter,OBS,"observed channel views, quarter net change"
Q4_2022,dice-ailes,Dice Ailes,domestic,70257,1277521,3731,2950.79,5110.08,89.54,8150.42,885.24,9035.66,13553490.3,0.208944,1887.94,7147.72,10721575.45,observed: artist's own Nigerian share of listeners this quarter,OBS,"observed channel views, quarter net change"
Q1_2023,dice-ailes,Dice Ailes,domestic,77360,236617,3767,3249.12,946.47,90.41,4286.0,974.74,5260.73,7891098.0,0.305247,1605.83,3654.91,5482360.34,observed: artist's own Nigerian share of listeners this quarter,OBS,"observed channel views, quarter net change"
Q2_2023,dice-ailes,Dice Ailes,domestic,79832,226162,3784,3352.94,904.65,90.82,4348.41,1005.88,5354.29,8031436.8,0.368969,1975.57,3378.72,5068087.46,observed: artist's own Nigerian share of listeners this quarter,OBS,"observed channel views, quarter net change"
Q3_2023,dice-ailes,Dice Ailes,domestic,78207,1143000,3803,3284.69,4572.0,91.27,7947.97,985.41,8933.37,13400061.3,0.454498,4060.2,4873.17,7309759.87,observed: artist's own Nigerian share of listeners this quarter,OBS,"estimated: subscribers x 15 views/month (EST, first-submission methodology)"
Q4_2023,dice-ailes,Dice Ailes,domestic,86979,197333,3824,3653.12,789.33,91.78,4534.23,1095.94,5630.16,8445242.1,0.57397,3231.54,2398.62,3597928.06,observed: artist's own Nigerian share of listeners this quarter,OBS,"observed channel views, quarter net change"
Q1_2024,dice-ailes,Dice Ailes,domestic,195136,967764,3829,8195.71,3871.06,91.9,12158.66,2458.71,14617.38,21926066.4,0.377858,5523.3,9094.08,13641118.11,observed: artist's own Nigerian share of listeners this quarter,OBS,"observed channel views, quarter net change"
Q2_2024,dice-ailes,Dice Ailes,domestic,122231,335949,3842,5133.7,1343.8,92.21,6569.71,1540.11,8109.82,12164724.9,0.663407,5380.11,2729.71,4094557.61,observed: artist's own Nigerian share of listeners this quarter,OBS,"observed channel views, quarter net change"
Q3_2024,dice-ailes,Dice Ailes,domestic,147032,1334104,3860,6175.34,5336.42,92.64,11604.4,1852.6,13457.0,20185504.8,0.676166,9099.16,4357.84,6536758.16,observed: artist's own Nigerian share of listeners this quarter,OBS,"observed channel views, quarter net change"
Q4_2024,dice-ailes,Dice Ailes,domestic,192077,1246500,3870,8067.23,4986.0,92.88,13146.11,2420.17,15566.28,23349426.3,0.682728,10627.54,4938.74,7408114.55,observed: artist's own Nigerian share of listeners this quarter,OBS,"estimated: subscribers x 15 views/month (EST, first-submission methodology)"
Q1_2025,dice-ailes,Dice Ailes,domestic,175462,343987,3892,7369.4,1375.95,93.41,8838.76,2210.82,11049.58,16574371.8,0.825284,9119.05,1930.53,2895800.2,observed: artist's own Nigerian share of listeners this quarter,OBS,"observed channel views, quarter net change"
Q2_2025,dice-ailes,Dice Ailes,domestic,351043,1314000,3904,14743.81,5256.0,93.7,20093.5,4423.14,24516.64,36774965.7,0.71445,17515.93,7000.72,10501077.12,observed: artist's own Nigerian share of listeners this quarter,OBS,"estimated: subscribers x 15 views/month (EST, first-submission methodology)"
Q3_2025,dice-ailes,Dice Ailes,domestic,189266,237695,3933,7949.17,950.78,94.39,8994.34,2384.75,11379.1,17068643.4,0.771292,8776.6,2602.49,3903739.91,observed: artist's own Nigerian share of listeners this quarter,OBS,"observed channel views, quarter net change"
Q4_2025,dice-ailes,Dice Ailes,domestic,189282,224263,3952,7949.84,897.05,94.85,8941.74,2384.95,11326.7,16990045.8,0.806418,9134.05,2192.65,3288974.88,observed: artist's own Nigerian share of listeners this quarter,OBS,"observed channel views, quarter net change"
Q1_2026,dice-ailes,Dice Ailes,domestic,199067,242967,3974,8360.81,971.87,95.38,9428.06,2508.24,11936.3,17904453.3,0.860981,10276.93,1659.37,2489061.25,observed: artist's own Nigerian share of listeners this quarter,OBS,"observed channel views, quarter net change"
Q2_2026,dice-ailes,Dice Ailes,domestic,259746,311035,3999,10909.33,1244.14,95.98,12249.45,3272.8,15522.25,23283371.4,0.901023,13985.89,1536.35,2304529.02,observed: artist's own Nigerian share of listeners this quarter,OBS,"observed channel views, quarter net change"
Q3_2026,dice-ailes,Dice Ailes,domestic,234059,195463,4015,9830.48,781.85,96.36,10708.69,2949.14,13657.83,20486750.1,0.884207,12076.35,1581.48,2372223.44,observed: artist's own Nigerian share of listeners this quarter,OBS,"observed channel views, quarter net change"
Q1_2019,dremo,Dremo,domestic,0,0,557,0.0,0.0,13.37,13.37,0.0,13.37,20052.0,,,,,not measured: provider published no geography this quarter,UNK,no YouTube presence observed
Q2_2019,dremo,Dremo,domestic,69682,0,658,2926.64,0.0,15.79,2942.44,877.99,3820.43,5730643.8,,,,,not measured: provider published no geography this quarter,UNK,no YouTube presence observed
Q3_2019,dremo,Dremo,domestic,160757,0,1484,6751.79,0.0,35.62,6787.41,2025.54,8812.95,13219422.3,,,,,not measured: provider published no geography this quarter,UNK,no YouTube presence observed
Q4_2019,dremo,Dremo,domestic,103610,0,4150,4351.62,0.0,99.6,4451.22,1305.49,5756.71,8635059.0,,,,,not measured: provider published no geography this quarter,UNK,no YouTube presence observed
Q1_2020,dremo,Dremo,domestic,98637,0,5685,4142.75,0.0,136.44,4279.19,1242.83,5522.02,8283030.3,,,,,not measured: provider published no geography this quarter,UNK,no YouTube presence observed
Q2_2020,dremo,Dremo,domestic,122915,0,7642,5162.43,0.0,183.41,5345.84,1548.73,6894.57,10341850.5,,,,,not measured: provider published no geography this quarter,UNK,no YouTube presence observed
Q3_2020,dremo,Dremo,domestic,55306,0,8492,2322.85,0.0,203.81,2526.66,696.86,3223.52,4835273.4,,,,,not measured: provider published no geography this quarter,UNK,no YouTube presence observed
Q4_2020,dremo,Dremo,domestic,44708,0,9099,1877.74,0.0,218.38,2096.11,563.32,2659.43,3989149.2,,,,,not measured: provider published no geography this quarter,UNK,no YouTube presence observed
Q1_2021,dremo,Dremo,domestic,46268,0,9349,1943.26,0.0,224.38,2167.63,582.98,2750.61,4125913.2,0.188251,517.81,2232.8,3349205.67,observed: artist's own Nigerian share of listeners this quarter,OBS,no YouTube presence observed
Q2_2021,dremo,Dremo,domestic,44763,0,9614,1880.05,0.0,230.74,2110.78,564.01,2674.8,4012193.7,0.180638,483.17,2191.63,3287440.25,observed: artist's own Nigerian share of listeners this quarter,OBS,no YouTube presence observed
Q3_2021,dremo,Dremo,domestic,69664,0,9942,2925.89,0.0,238.61,3164.5,877.77,4042.26,6063393.6,0.186981,755.82,3286.44,4929656.81,observed: artist's own Nigerian share of listeners this quarter,OBS,no YouTube presence observed
Q4_2021,dremo,Dremo,domestic,52279,0,10170,2195.72,0.0,244.08,2439.8,658.72,3098.51,4647770.1,0.307862,953.92,2144.6,3216896.68,observed: artist's own Nigerian share of listeners this quarter,OBS,no YouTube presence observed
Q1_2022,dremo,Dremo,domestic,92823,0,10466,3898.57,0.0,251.18,4149.75,1169.57,5319.32,7978979.7,0.366565,1949.87,3369.45,5054168.4,observed: artist's own Nigerian share of listeners this quarter,OBS,no YouTube presence observed
Q2_2022,dremo,Dremo,domestic,84479,0,10602,3548.12,0.0,254.45,3802.57,1064.44,4867.0,7300502.1,0.416951,2029.3,2837.7,4256548.12,observed: artist's own Nigerian share of listeners this quarter,OBS,no YouTube presence observed
Q3_2022,dremo,Dremo,domestic,51716,0,10680,2172.07,0.0,256.32,2428.39,651.62,3080.01,4620020.4,0.305206,940.04,2139.97,3209960.16,observed: artist's own Nigerian share of listeners this quarter,OBS,no YouTube presence observed
Q4_2022,dremo,Dremo,domestic,49661,0,10706,2085.76,0.0,256.94,2342.71,625.73,2968.43,4452651.9,0.419055,1243.94,1724.5,2586746.22,observed: artist's own Nigerian share of listeners this quarter,OBS,no YouTube presence observed
Q1_2023,dremo,Dremo,domestic,53332,0,10738,2239.94,0.0,257.71,2497.66,671.98,3169.64,4754458.8,0.536743,1701.28,1468.36,2202537.85,observed: artist's own Nigerian share of listeners this quarter,OBS,no YouTube presence observed
Q2_2023,dremo,Dremo,domestic,80119,0,10759,3365.0,0.0,258.22,3623.21,1009.5,4632.71,6949070.1,0.629156,2914.7,1718.02,2577022.7,observed: artist's own Nigerian share of listeners this quarter,OBS,no YouTube presence observed
Q3_2023,dremo,Dremo,domestic,87293,0,10779,3666.31,0.0,258.7,3925.0,1099.89,5024.89,7537340.7,0.76184,3828.17,1196.73,1795091.43,observed: artist's own Nigerian share of listeners this quarter,OBS,no YouTube presence observed
Q4_2023,dremo,Dremo,domestic,109968,0,10809,4618.66,0.0,259.42,4878.07,1385.6,6263.67,9395503.2,0.792821,4965.97,1297.7,1946553.36,observed: artist's own Nigerian share of listeners this quarter,OBS,no YouTube presence observed
Q1_2024,dremo,Dremo,domestic,109081,316350,10823,4581.4,1265.4,259.75,6106.55,1374.42,7480.97,11221461.9,0.783664,5862.57,1618.4,2427602.12,observed: artist's own Nigerian share of listeners this quarter,OBS,"estimated: subscribers x 15 views/month (EST, first-submission methodology)"
Q2_2024,dremo,Dremo,domestic,119511,217,10841,5019.46,0.87,260.18,5280.51,1505.84,6786.35,10179528.9,0.866509,5880.43,905.92,1358878.05,observed: artist's own Nigerian share of listeners this quarter,OBS,"observed channel views, quarter net change"
Q3_2024,dremo,Dremo,domestic,121181,615,10856,5089.6,2.46,260.54,5352.61,1526.88,6879.49,10319229.9,0.792922,5454.9,1424.59,2136886.35,observed: artist's own Nigerian share of listeners this quarter,OBS,"observed channel views, quarter net change"
Q4_2024,dremo,Dremo,domestic,152168,765,10867,6391.06,3.06,260.81,6654.92,1917.32,8572.24,12858361.2,0.813855,6976.56,1595.68,2393518.19,observed: artist's own Nigerian share of listeners this quarter,OBS,"observed channel views, quarter net change"
Q1_2025,dremo,Dremo,domestic,170740,549,10882,7171.08,2.2,261.17,7434.44,2151.32,9585.77,14378652.0,0.930462,8919.19,666.57,999862.04,observed: artist's own Nigerian share of listeners this quarter,OBS,"observed channel views, quarter net change"
Q2_2025,dremo,Dremo,domestic,274573,554,10894,11532.07,2.22,261.46,11795.74,3459.62,15255.36,22883036.7,0.887914,13545.45,1709.91,2564866.53,observed: artist's own Nigerian share of listeners this quarter,OBS,"observed channel views, quarter net change"
Q3_2025,dremo,Dremo,domestic,195721,652,10918,8220.28,2.61,262.03,8484.92,2466.08,10951.01,16426509.9,0.8588,9404.73,1546.28,2319417.79,observed: artist's own Nigerian share of listeners this quarter,OBS,"observed channel views, quarter net change"
Q4_2025,dremo,Dremo,domestic,206170,658,10938,8659.14,2.63,262.51,8924.28,2597.74,11522.03,17283039.0,0.897841,10344.94,1177.08,1765621.91,observed: artist's own Nigerian share of listeners this quarter,OBS,"observed channel views, quarter net change"
Q1_2026,dremo,Dremo,domestic,264191,460,10958,11096.02,1.84,262.99,11360.85,3328.81,14689.66,22034490.9,0.974111,14309.36,380.31,570458.2,observed: artist's own Nigerian share of listeners this quarter,OBS,"observed channel views, quarter net change"
Q2_2026,dremo,Dremo,domestic,340740,582,10986,14311.08,2.33,263.66,14577.07,4293.32,18870.4,28305594.0,0.963967,18190.43,679.96,1019945.07,observed: artist's own Nigerian share of listeners this quarter,OBS,"observed channel views, quarter net change"
Q3_2026,dremo,Dremo,domestic,348761,232,11006,14647.96,0.93,264.14,14913.03,4394.39,19307.42,28961133.9,0.943885,18223.98,1083.44,1625158.72,observed: artist's own Nigerian share of listeners this quarter,OBS,"observed channel views, quarter net change"
Q1_2019,duncan-mighty,Duncan Mighty,domestic,0,0,3567,0.0,0.0,85.61,85.61,0.0,85.61,128412.0,,,,,not measured: provider published no geography this quarter,UNK,no YouTube presence observed
Q2_2019,duncan-mighty,Duncan Mighty,domestic,79721,0,3693,3348.28,0.0,88.63,3436.91,1004.48,4441.4,6662097.9,,,,,not measured: provider published no geography this quarter,UNK,no YouTube presence observed
Q3_2019,duncan-mighty,Duncan Mighty,domestic,81986,0,4037,3443.41,0.0,96.89,3540.3,1033.02,4573.32,6859985.4,,,,,not measured: provider published no geography this quarter,UNK,no YouTube presence observed
Q4_2019,duncan-mighty,Duncan Mighty,domestic,72432,0,4112,3042.14,0.0,98.69,3140.83,912.64,4053.48,6080212.8,,,,,not measured: provider published no geography this quarter,UNK,no YouTube presence observed
Q1_2020,duncan-mighty,Duncan Mighty,domestic,67071,0,4146,2816.98,0.0,99.5,2916.49,845.09,3761.58,5642370.9,,,,,not measured: provider published no geography this quarter,UNK,no YouTube presence observed
Q2_2020,duncan-mighty,Duncan Mighty,domestic,63726,0,4196,2676.49,0.0,100.7,2777.2,802.95,3580.14,5370215.4,,,,,not measured: provider published no geography this quarter,UNK,no YouTube presence observed
Q3_2020,duncan-mighty,Duncan Mighty,domestic,58698,0,4262,2465.32,0.0,102.29,2567.6,739.59,3307.2,4960798.2,,,,,not measured: provider published no geography this quarter,UNK,no YouTube presence observed
Q4_2020,duncan-mighty,Duncan Mighty,domestic,67312,0,4349,2827.1,0.0,104.38,2931.48,848.13,3779.61,5669416.8,,,,,not measured: provider published no geography this quarter,UNK,no YouTube presence observed
Q1_2021,duncan-mighty,Duncan Mighty,domestic,70709,0,4454,2969.78,0.0,106.9,3076.67,890.93,3967.61,5951411.1,0.107087,424.88,3542.73,5314093.58,observed: artist's own Nigerian share of listeners this quarter,OBS,no YouTube presence observed
Q2_2021,duncan-mighty,Duncan Mighty,domestic,79731,0,4545,3348.7,0.0,109.08,3457.78,1004.61,4462.39,6693588.9,0.095966,428.24,4034.15,6051230.23,observed: artist's own Nigerian share of listeners this quarter,OBS,no YouTube presence observed
Q3_2021,duncan-mighty,Duncan Mighty,domestic,110828,0,4697,4654.78,0.0,112.73,4767.5,1396.43,6163.94,9245905.2,0.107679,663.73,5500.21,8250311.07,observed: artist's own Nigerian share of listeners this quarter,OBS,no YouTube presence observed
Q4_2021,duncan-mighty,Duncan Mighty,domestic,80587,0,4771,3384.65,0.0,114.5,3499.16,1015.4,4514.55,6771831.3,0.146365,660.77,3853.78,5780673.89,observed: artist's own Nigerian share of listeners this quarter,OBS,no YouTube presence observed
Q1_2022,duncan-mighty,Duncan Mighty,domestic,93632,0,4857,3932.54,0.0,116.57,4049.11,1179.76,5228.88,7843312.8,0.1796,939.11,4289.77,6434651.51,observed: artist's own Nigerian share of listeners this quarter,OBS,no YouTube presence observed
Q2_2022,duncan-mighty,Duncan Mighty,domestic,100429,0,4919,4218.02,0.0,118.06,4336.07,1265.41,5601.48,8402219.1,0.190793,1068.72,4532.76,6799134.97,observed: artist's own Nigerian share of listeners this quarter,OBS,no YouTube presence observed
Q3_2022,duncan-mighty,Duncan Mighty,domestic,88695,0,4959,3725.19,0.0,119.02,3844.21,1117.56,4961.76,7442644.5,0.190228,943.87,4017.9,6026844.48,observed: artist's own Nigerian share of listeners this quarter,OBS,no YouTube presence observed
Q4_2022,duncan-mighty,Duncan Mighty,domestic,96166,0,4990,4038.97,0.0,119.76,4158.73,1211.69,5370.42,8055635.4,0.264501,1420.48,3949.94,5924908.93,observed: artist's own Nigerian share of listeners this quarter,OBS,no YouTube presence observed
Q1_2023,duncan-mighty,Duncan Mighty,domestic,111320,0,5019,4675.44,0.0,120.46,4795.9,1402.63,6198.53,9297792.0,0.349324,2165.3,4033.23,6049847.09,observed: artist's own Nigerian share of listeners this quarter,OBS,no YouTube presence observed
Q2_2023,duncan-mighty,Duncan Mighty,domestic,125988,0,5047,5291.5,0.0,121.13,5412.62,1587.45,7000.07,10500109.2,0.425475,2978.36,4021.72,6032573.66,observed: artist's own Nigerian share of listeners this quarter,OBS,no YouTube presence observed
Q3_2023,duncan-mighty,Duncan Mighty,domestic,138537,0,5064,5818.55,0.0,121.54,5940.09,1745.57,7685.66,11528484.3,0.559859,4302.89,3382.77,5074154.75,observed: artist's own Nigerian share of listeners this quarter,OBS,no YouTube presence observed
Q4_2023,duncan-mighty,Duncan Mighty,domestic,325723,0,5101,13680.37,0.0,122.42,13802.79,4104.11,17906.9,26860349.7,0.821677,14713.69,3193.21,4789812.21,observed: artist's own Nigerian share of listeners this quarter,OBS,no YouTube presence observed
Q1_2024,duncan-mighty,Duncan Mighty,domestic,273191,110700,5129,11474.02,442.8,123.1,12039.92,3442.21,15482.12,23223186.9,0.704186,10902.29,4579.84,6869755.14,observed: artist's own Nigerian share of listeners this quarter,OBS,"estimated: subscribers x 15 views/month (EST, first-submission methodology)"
Q2_2024,duncan-mighty,Duncan Mighty,domestic,273531,37039,5148,11488.3,148.16,123.55,11760.01,3446.49,15206.5,22809750.9,0.773541,11762.86,3443.64,5165464.22,observed: artist's own Nigerian share of listeners this quarter,OBS,"observed channel views, quarter net change"
Q3_2024,duncan-mighty,Duncan Mighty,domestic,290245,137422,5165,12190.29,549.69,123.96,12863.94,3657.09,16521.03,24781537.5,0.732661,12104.31,4416.72,6625079.44,observed: artist's own Nigerian share of listeners this quarter,OBS,"observed channel views, quarter net change"
Q4_2024,duncan-mighty,Duncan Mighty,domestic,423054,216997,5187,17768.27,867.99,124.49,18760.74,5330.48,24091.22,36136836.6,0.778807,18762.42,5328.81,7993214.02,observed: artist's own Nigerian share of listeners this quarter,OBS,"observed channel views, quarter net change"
Q1_2025,duncan-mighty,Duncan Mighty,domestic,362822,221719,5215,15238.52,886.88,125.16,16250.56,4571.56,20822.12,31233175.8,0.865623,18024.11,2798.01,4197013.92,observed: artist's own Nigerian share of listeners this quarter,OBS,"observed channel views, quarter net change"
Q2_2025,duncan-mighty,Duncan Mighty,domestic,451946,218248,5234,18981.73,872.99,125.62,19980.34,5694.52,25674.86,38512289.4,0.814542,20913.26,4761.6,7142392.92,observed: artist's own Nigerian share of listeners this quarter,OBS,"observed channel views, quarter net change"
Q3_2025,duncan-mighty,Duncan Mighty,domestic,511273,233408,5266,21473.47,933.63,126.38,22533.48,6442.04,28975.52,43463282.7,0.799173,23156.46,5819.07,8728597.83,observed: artist's own Nigerian share of listeners this quarter,OBS,"observed channel views, quarter net change"
Q4_2025,duncan-mighty,Duncan Mighty,domestic,572058,253243,5298,24026.44,1012.97,127.15,25166.56,7207.93,32374.49,48561736.2,0.87174,28222.15,4152.35,6228517.53,observed: artist's own Nigerian share of listeners this quarter,OBS,"observed channel views, quarter net change"
Q1_2026,duncan-mighty,Duncan Mighty,domestic,572672,200842,5318,24052.22,803.37,127.63,24983.22,7215.67,32198.89,48298336.8,0.947897,30521.22,1677.67,2516499.82,observed: artist's own Nigerian share of listeners this quarter,OBS,"observed channel views, quarter net change"
Q2_2026,duncan-mighty,Duncan Mighty,domestic,628789,0,5366,26409.14,0.0,128.78,26537.92,7922.74,34460.66,51690995.1,0.942326,32473.17,1987.5,2981244.8,observed: artist's own Nigerian share of listeners this quarter,OBS,no YouTube presence observed
Q3_2026,duncan-mighty,Duncan Mighty,domestic,846698,0,5390,35561.32,0.0,129.36,35690.68,10668.39,46359.07,69538606.2,0.877128,40662.86,5696.21,8544320.57,observed: artist's own Nigerian share of listeners this quarter,OBS,no YouTube presence observed
Q1_2019,ebenezer-obey,Ebenezer Obey,domestic,0,0,3056,0.0,0.0,73.34,73.34,0.0,73.34,110016.0,,,,,not measured: provider published no geography this quarter,UNK,no YouTube presence observed
Q2_2019,ebenezer-obey,Ebenezer Obey,domestic,0,0,3102,0.0,0.0,74.45,74.45,0.0,74.45,111672.0,,,,,not measured: provider published no geography this quarter,UNK,no YouTube presence observed
Q3_2019,ebenezer-obey,Ebenezer Obey,domestic,0,0,3186,0.0,0.0,76.46,76.46,0.0,76.46,114696.0,,,,,not measured: provider published no geography this quarter,UNK,no YouTube presence observed
Q4_2019,ebenezer-obey,Ebenezer Obey,domestic,0,0,3364,0.0,0.0,80.74,80.74,0.0,80.74,121104.0,,,,,not measured: provider published no geography this quarter,UNK,no YouTube presence observed
Q1_2020,ebenezer-obey,Ebenezer Obey,domestic,0,0,3470,0.0,0.0,83.28,83.28,0.0,83.28,124920.0,,,,,not measured: provider published no geography this quarter,UNK,no YouTube presence observed
Q2_2020,ebenezer-obey,Ebenezer Obey,domestic,0,0,3627,0.0,0.0,87.05,87.05,0.0,87.05,130572.0,,,,,not measured: provider published no geography this quarter,UNK,no YouTube presence observed
Q3_2020,ebenezer-obey,Ebenezer Obey,domestic,0,0,3902,0.0,0.0,93.65,93.65,0.0,93.65,140472.0,,,,,not measured: provider published no geography this quarter,UNK,no YouTube presence observed
Q4_2020,ebenezer-obey,Ebenezer Obey,domestic,0,0,4075,0.0,0.0,97.8,97.8,0.0,97.8,146700.0,,,,,not measured: provider published no geography this quarter,UNK,no YouTube presence observed
Q1_2021,ebenezer-obey,Ebenezer Obey,domestic,0,0,4302,0.0,0.0,103.25,103.25,0.0,103.25,154872.0,0.02792,2.88,100.37,150547.99,assumed: portfolio-wide ratio applied to an artist without own geography,ASM,no YouTube presence observed
Q2_2021,ebenezer-obey,Ebenezer Obey,domestic,0,0,4431,0.0,0.0,106.34,106.34,0.0,106.34,159516.0,0.024978,2.66,103.69,155531.63,assumed: portfolio-wide ratio applied to an artist without own geography,ASM,no YouTube presence observed
Q3_2021,ebenezer-obey,Ebenezer Obey,domestic,0,0,4547,0.0,0.0,109.13,109.13,0.0,109.13,163692.0,0.028861,3.15,105.98,158967.7,assumed: portfolio-wide ratio applied to an artist without own geography,ASM,no YouTube presence observed
Q4_2021,ebenezer-obey,Ebenezer Obey,domestic,0,0,4640,0.0,0.0,111.36,111.36,0.0,111.36,167040.0,0.038801,4.32,107.04,160558.76,assumed: portfolio-wide ratio applied to an artist without own geography,ASM,no YouTube presence observed
Q1_2022,ebenezer-obey,Ebenezer Obey,domestic,0,0,4734,0.0,0.0,113.62,113.62,0.0,113.62,170424.0,0.044983,5.11,108.51,162757.8,assumed: portfolio-wide ratio applied to an artist without own geography,ASM,no YouTube presence observed
Q2_2022,ebenezer-obey,Ebenezer Obey,domestic,0,0,4783,0.0,0.0,114.79,114.79,0.0,114.79,172188.0,0.048482,5.57,109.23,163839.97,assumed: portfolio-wide ratio applied to an artist without own geography,ASM,no YouTube presence observed
Q3_2022,ebenezer-obey,Ebenezer Obey,domestic,0,0,4810,0.0,0.0,115.44,115.44,0.0,115.44,173160.0,0.043809,5.06,110.38,165573.97,assumed: portfolio-wide ratio applied to an artist without own geography,ASM,no YouTube presence observed
Q4_2022,ebenezer-obey,Ebenezer Obey,domestic,0,0,4838,0.0,0.0,116.11,116.11,0.0,116.11,174168.0,0.059639,6.92,109.19,163780.77,assumed: portfolio-wide ratio applied to an artist without own geography,ASM,no YouTube presence observed
Q1_2023,ebenezer-obey,Ebenezer Obey,domestic,0,0,4857,0.0,0.0,116.57,116.57,0.0,116.57,174852.0,0.079414,9.26,107.31,160966.32,assumed: portfolio-wide ratio applied to an artist without own geography,ASM,no YouTube presence observed
Q2_2023,ebenezer-obey,Ebenezer Obey,domestic,0,0,4877,0.0,0.0,117.05,117.05,0.0,117.05,175572.0,0.090982,10.65,106.4,159598.19,assumed: portfolio-wide ratio applied to an artist without own geography,ASM,no YouTube presence observed
Q3_2023,ebenezer-obey,Ebenezer Obey,domestic,0,0,4901,0.0,0.0,117.62,117.62,0.0,117.62,176436.0,0.125725,14.79,102.84,154253.57,assumed: portfolio-wide ratio applied to an artist without own geography,ASM,no YouTube presence observed
Q4_2023,ebenezer-obey,Ebenezer Obey,domestic,0,0,4922,0.0,0.0,118.13,118.13,0.0,118.13,177192.0,0.17451,20.61,97.51,146270.16,assumed: portfolio-wide ratio applied to an artist without own geography,ASM,no YouTube presence observed
Q1_2024,ebenezer-obey,Ebenezer Obey,domestic,0,0,4944,0.0,0.0,118.66,118.66,0.0,118.66,177984.0,0.173406,20.58,98.08,147120.51,assumed: portfolio-wide ratio applied to an artist without own geography,ASM,no YouTube presence observed
Q2_2024,ebenezer-obey,Ebenezer Obey,domestic,0,0,4958,0.0,0.0,118.99,118.99,0.0,118.99,178488.0,0.212921,25.34,93.66,140484.11,assumed: portfolio-wide ratio applied to an artist without own geography,ASM,no YouTube presence observed
Q3_2024,ebenezer-obey,Ebenezer Obey,domestic,0,0,4974,0.0,0.0,119.38,119.38,0.0,119.38,179064.0,0.220102,26.27,93.1,139651.66,assumed: portfolio-wide ratio applied to an artist without own geography,ASM,no YouTube presence observed
Q4_2024,ebenezer-obey,Ebenezer Obey,domestic,0,0,4988,0.0,0.0,119.71,119.71,0.0,119.71,179568.0,0.285348,34.16,85.55,128328.64,assumed: portfolio-wide ratio applied to an artist without own geography,ASM,no YouTube presence observed
Q1_2025,ebenezer-obey,Ebenezer Obey,domestic,0,0,5007,0.0,0.0,120.17,120.17,0.0,120.17,180252.0,0.321529,38.64,81.53,122295.71,assumed: portfolio-wide ratio applied to an artist without own geography,ASM,no YouTube presence observed
Q2_2025,ebenezer-obey,Ebenezer Obey,domestic,0,0,5029,0.0,0.0,120.7,120.7,0.0,120.7,181044.0,0.335716,40.52,80.18,120264.57,assumed: portfolio-wide ratio applied to an artist without own geography,ASM,no YouTube presence observed
Q3_2025,ebenezer-obey,Ebenezer Obey,domestic,0,0,5047,0.0,0.0,121.13,121.13,0.0,121.13,181692.0,0.355631,43.08,78.05,117076.62,assumed: portfolio-wide ratio applied to an artist without own geography,ASM,no YouTube presence observed
Q4_2025,ebenezer-obey,Ebenezer Obey,domestic,3,0,5067,0.13,0.0,121.61,121.73,0.04,121.77,182657.7,0.400111,48.72,73.05,109574.38,assumed: portfolio-wide ratio applied to an artist without own geography,ASM,no YouTube presence observed
Q1_2026,ebenezer-obey,Ebenezer Obey,domestic,2,0,5091,0.08,0.0,122.18,122.27,0.03,122.29,183439.8,0.405047,49.53,72.76,109138.02,assumed: portfolio-wide ratio applied to an artist without own geography,ASM,no YouTube presence observed
Q2_2026,ebenezer-obey,Ebenezer Obey,domestic,1,0,5121,0.04,0.0,122.9,122.95,0.01,122.96,184437.9,0.401327,49.35,73.61,110417.95,assumed: portfolio-wide ratio applied to an artist without own geography,ASM,no YouTube presence observed
Q3_2026,ebenezer-obey,Ebenezer Obey,domestic,1,0,5136,0.04,0.0,123.26,123.31,0.01,123.32,184977.9,0.404638,49.9,73.42,110128.81,assumed: portfolio-wide ratio applied to an artist without own geography,ASM,no YouTube presence observed
Q1_2019,eldee,Eldee,domestic,0,7875,4142,0.0,31.5,99.41,130.91,0.0,130.91,196362.0,,,,,not measured: provider published no geography this quarter,UNK,"estimated: subscribers x 15 views/month (EST, first-submission methodology)"
Q2_2019,eldee,Eldee,domestic,5213,8370,4149,218.95,33.48,99.58,352.0,65.68,417.69,626528.7,,,,,not measured: provider published no geography this quarter,UNK,"estimated: subscribers x 15 views/month (EST, first-submission methodology)"
Q3_2019,eldee,Eldee,domestic,4921,8550,4149,206.68,34.2,99.58,340.46,62.0,402.46,603693.9,,,,,not measured: provider published no geography this quarter,UNK,"estimated: subscribers x 15 views/month (EST, first-submission methodology)"
Q4_2019,eldee,Eldee,domestic,5017,8820,4151,210.71,35.28,99.62,345.62,63.21,408.83,613248.3,,,,,not measured: provider published no geography this quarter,UNK,"estimated: subscribers x 15 views/month (EST, first-submission methodology)"
Q1_2020,eldee,Eldee,domestic,5203,9270,4156,218.53,37.08,99.74,355.35,65.56,420.91,631361.7,,,,,not measured: provider published no geography this quarter,UNK,"estimated: subscribers x 15 views/month (EST, first-submission methodology)"
Q2_2020,eldee,Eldee,domestic,5774,9675,4160,242.51,38.7,99.84,381.05,72.75,453.8,680700.6,,,,,not measured: provider published no geography this quarter,UNK,"estimated: subscribers x 15 views/month (EST, first-submission methodology)"
Q3_2020,eldee,Eldee,domestic,5621,9900,4169,236.08,39.6,100.06,375.74,70.82,446.56,669843.9,,,,,not measured: provider published no geography this quarter,UNK,"estimated: subscribers x 15 views/month (EST, first-submission methodology)"
Q4_2020,eldee,Eldee,domestic,13640,10215,4171,572.88,40.86,100.1,713.84,171.86,885.71,1328562.0,,,,,not measured: provider published no geography this quarter,UNK,"estimated: subscribers x 15 views/month (EST, first-submission methodology)"
Q1_2021,eldee,Eldee,domestic,6559,10440,4173,275.48,41.76,100.15,417.39,82.64,500.03,750050.1,0.271535,135.78,364.26,546385.02,observed: artist's own Nigerian share of listeners this quarter,OBS,"estimated: subscribers x 15 views/month (EST, first-submission methodology)"
Q2_2021,eldee,Eldee,domestic,7412,10710,4177,311.3,42.84,100.25,454.39,93.39,547.78,821674.8,0.275231,150.77,397.02,595524.76,observed: artist's own Nigerian share of listeners this quarter,OBS,"estimated: subscribers x 15 views/month (EST, first-submission methodology)"
Q3_2021,eldee,Eldee,domestic,8541,95,4182,358.72,0.38,100.37,459.47,107.62,567.09,850629.9,0.287907,163.27,403.82,605727.8,observed: artist's own Nigerian share of listeners this quarter,OBS,"observed channel views, quarter net change"
Q4_2021,eldee,Eldee,domestic,9201,1184,4185,386.44,4.74,100.44,491.62,115.93,607.55,911325.9,0.306158,186.01,421.54,632316.32,observed: artist's own Nigerian share of listeners this quarter,OBS,"observed channel views, quarter net change"
Q1_2022,eldee,Eldee,domestic,10897,1520,4185,457.67,6.08,100.44,564.19,137.3,701.5,1052244.3,0.34533,242.25,459.25,688872.38,observed: artist's own Nigerian share of listeners this quarter,OBS,"observed channel views, quarter net change"
Q2_2022,eldee,Eldee,domestic,14927,1741,4190,626.93,6.96,100.56,734.46,188.08,922.54,1383807.3,0.362699,334.6,587.93,881902.0,observed: artist's own Nigerian share of listeners this quarter,OBS,"observed channel views, quarter net change"
Q3_2022,eldee,Eldee,domestic,11747,1782,4194,493.37,7.13,100.66,601.16,148.01,749.17,1123755.3,0.353979,265.19,483.98,725969.22,observed: artist's own Nigerian share of listeners this quarter,OBS,"observed channel views, quarter net change"
Q4_2022,eldee,Eldee,domestic,10103,1499,4197,424.33,6.0,100.73,531.05,127.3,658.35,987521.7,0.475438,313.0,345.34,518016.8,observed: artist's own Nigerian share of listeners this quarter,OBS,"observed channel views, quarter net change"
Q1_2023,eldee,Eldee,domestic,12320,1638,4197,517.44,6.55,100.73,624.72,155.23,779.95,1169928.0,0.57987,452.27,327.68,491522.08,observed: artist's own Nigerian share of listeners this quarter,OBS,"observed channel views, quarter net change"
Q2_2023,eldee,Eldee,domestic,19928,1435,4202,836.98,5.74,100.85,943.56,251.09,1194.66,1791985.2,0.614616,734.26,460.4,690602.03,observed: artist's own Nigerian share of listeners this quarter,OBS,"observed channel views, quarter net change"
Q3_2023,eldee,Eldee,domestic,30451,1550,4208,1278.94,6.2,100.99,1386.13,383.68,1769.82,2654724.9,0.61558,1089.46,680.35,1020528.11,observed: artist's own Nigerian share of listeners this quarter,OBS,"observed channel views, quarter net change"
Q4_2023,eldee,Eldee,domestic,34245,1151,4212,1438.29,4.6,101.09,1543.98,431.49,1975.47,2963203.5,0.621122,1227.01,748.46,1122692.13,observed: artist's own Nigerian share of listeners this quarter,OBS,"observed channel views, quarter net change"
Q1_2024,eldee,Eldee,domestic,40435,1459,4216,1698.27,5.84,101.18,1805.29,509.48,2314.77,3472156.5,0.694591,1607.82,706.95,1060427.63,observed: artist's own Nigerian share of listeners this quarter,OBS,"observed channel views, quarter net change"
Q2_2024,eldee,Eldee,domestic,42407,1520,4217,1781.09,6.08,101.21,1888.38,534.33,2422.71,3634065.3,0.725864,1758.56,664.15,996227.88,observed: artist's own Nigerian share of listeners this quarter,OBS,"observed channel views, quarter net change"
Q3_2024,eldee,Eldee,domestic,42120,1948,4221,1769.04,7.79,101.3,1878.14,530.71,2408.85,3613272.0,0.748053,1801.95,606.9,910352.39,observed: artist's own Nigerian share of listeners this quarter,OBS,"observed channel views, quarter net change"
Q4_2024,eldee,Eldee,domestic,50711,1480,4225,2129.86,5.92,101.4,2237.18,638.96,2876.14,4314210.9,0.765712,2202.29,673.85,1010769.65,observed: artist's own Nigerian share of listeners this quarter,OBS,"observed channel views, quarter net change"
Q1_2025,eldee,Eldee,domestic,57899,1228,4226,2431.76,4.91,101.42,2538.09,729.53,3267.62,4901432.1,0.795715,2600.1,667.52,1001286.75,observed: artist's own Nigerian share of listeners this quarter,OBS,"observed channel views, quarter net change"
Q2_2025,eldee,Eldee,domestic,56387,1502,4228,2368.25,6.01,101.47,2475.73,710.48,3186.21,4779315.3,0.792394,2524.73,661.48,992214.22,observed: artist's own Nigerian share of listeners this quarter,OBS,"observed channel views, quarter net change"
Q3_2025,eldee,Eldee,domestic,62934,1295,4234,2643.23,5.18,101.62,2750.02,792.97,3542.99,5314488.6,0.773712,2741.26,801.74,1202603.73,observed: artist's own Nigerian share of listeners this quarter,OBS,"observed channel views, quarter net change"
Q4_2025,eldee,Eldee,domestic,72756,1212,4235,3055.75,4.85,101.64,3162.24,916.73,4078.97,6118448.4,0.812772,3315.27,763.7,1145547.04,observed: artist's own Nigerian share of listeners this quarter,OBS,"observed channel views, quarter net change"
Q1_2026,eldee,Eldee,domestic,77887,1685,4236,3271.25,6.74,101.66,3379.66,981.38,4361.03,6541551.3,0.844106,3681.17,679.86,1019791.04,observed: artist's own Nigerian share of listeners this quarter,OBS,"observed channel views, quarter net change"
Q2_2026,eldee,Eldee,domestic,98874,566,4237,4152.71,2.26,101.69,4256.66,1245.81,5502.47,8253708.6,0.83751,4608.38,894.09,1341142.08,observed: artist's own Nigerian share of listeners this quarter,OBS,"observed channel views, quarter net change"
Q3_2026,eldee,Eldee,domestic,94839,402,4237,3983.24,1.61,101.69,4086.53,1194.97,5281.51,7922258.1,0.822626,4344.7,936.8,1405204.88,observed: artist's own Nigerian share of listeners this quarter,OBS,"observed channel views, quarter net change"
Q1_2019,falz,Falz,domestic,0,8695035,7564,0.0,34780.14,181.54,34961.68,0.0,34961.68,52442514.0,,,,,not measured: provider published no geography this quarter,UNK,"estimated: subscribers x 15 views/month (EST, first-submission methodology)"
Q2_2019,falz,Falz,domestic,198244,9144450,8182,8326.25,36577.8,196.37,45100.42,2497.87,47598.29,71397435.6,,,,,not measured: provider published no geography this quarter,UNK,"estimated: subscribers x 15 views/month (EST, first-submission methodology)"
Q3_2019,falz,Falz,domestic,208661,9585000,10740,8763.76,38340.0,257.76,47361.52,2629.13,49990.65,74985975.9,,,,,not measured: provider published no geography this quarter,UNK,"estimated: subscribers x 15 views/month (EST, first-submission methodology)"
Q4_2019,falz,Falz,domestic,282044,10080000,17369,11845.85,40320.0,416.86,52582.7,3553.75,56136.46,84204687.6,,,,,not measured: provider published no geography this quarter,UNK,"estimated: subscribers x 15 views/month (EST, first-submission methodology)"
Q1_2020,falz,Falz,domestic,276540,10530000,24785,11614.68,42120.0,594.84,54329.52,3484.4,57813.92,86720886.0,,,,,not measured: provider published no geography this quarter,UNK,"estimated: subscribers x 15 views/month (EST, first-submission methodology)"
Q2_2020,falz,Falz,domestic,350995,11655000,34050,14741.79,46620.0,817.2,62178.99,4422.54,66601.53,99902290.5,,,,,not measured: provider published no geography this quarter,UNK,"estimated: subscribers x 15 views/month (EST, first-submission methodology)"
Q3_2020,falz,Falz,domestic,318533,12735000,44430,13378.39,50940.0,1066.32,65384.71,4013.52,69398.22,104097332.7,,,,,not measured: provider published no geography this quarter,UNK,"estimated: subscribers x 15 views/month (EST, first-submission methodology)"
Q4_2020,falz,Falz,domestic,278504,13770000,50188,11697.17,55080.0,1204.51,67981.68,3509.15,71490.83,107236245.6,,,,,not measured: provider published no geography this quarter,UNK,"estimated: subscribers x 15 views/month (EST, first-submission methodology)"
Q1_2021,falz,Falz,domestic,301912,14535000,55751,12680.3,58140.0,1338.02,72158.33,3804.09,75962.42,113943628.8,0.113758,8641.36,67321.06,100981593.73,observed: artist's own Nigerian share of listeners this quarter,OBS,"estimated: subscribers x 15 views/month (EST, first-submission methodology)"
Q2_2021,falz,Falz,domestic,345745,15030000,63189,14521.29,60120.0,1516.54,76157.83,4356.39,80514.21,120771319.5,0.088825,7151.64,73362.58,110043863.02,observed: artist's own Nigerian share of listeners this quarter,OBS,"estimated: subscribers x 15 views/month (EST, first-submission methodology)"
Q3_2021,falz,Falz,domestic,386520,185224,69516,16233.84,740.9,1668.38,18643.12,4870.15,23513.27,35269908.0,0.111394,2619.24,20894.04,31341052.92,observed: artist's own Nigerian share of listeners this quarter,OBS,"observed channel views, quarter net change"
Q4_2021,falz,Falz,domestic,410897,1959504,74872,17257.67,7838.02,1796.93,26892.62,5177.3,32069.92,48104880.3,0.166784,5348.74,26721.18,40081774.61,observed: artist's own Nigerian share of listeners this quarter,OBS,"observed channel views, quarter net change"
Q1_2022,falz,Falz,domestic,584726,2392329,78215,24558.49,9569.32,1877.16,36004.97,7367.55,43372.52,65058773.4,0.162855,7063.45,36309.07,54463600.78,observed: artist's own Nigerian share of listeners this quarter,OBS,"observed channel views, quarter net change"
Q2_2022,falz,Falz,domestic,699250,2302028,79967,29368.5,9208.11,1919.21,40495.82,8810.55,49306.37,73959555.0,0.153918,7589.14,41717.23,62575843.64,observed: artist's own Nigerian share of listeners this quarter,OBS,"observed channel views, quarter net change"
Q3_2022,falz,Falz,domestic,490407,1566229,80607,20597.09,6264.92,1934.57,28796.58,6179.13,34975.71,52463559.3,0.151617,5302.93,29672.78,44509167.72,observed: artist's own Nigerian share of listeners this quarter,OBS,"observed channel views, quarter net change"
Q4_2022,falz,Falz,domestic,559056,1339280,80883,23480.35,5357.12,1941.19,30778.66,7044.11,37822.77,56734154.4,0.201504,7621.45,30201.32,45301979.72,observed: artist's own Nigerian share of listeners this quarter,OBS,"observed channel views, quarter net change"
Q1_2023,falz,Falz,domestic,558471,1260858,81089,23455.78,5043.43,1946.14,30445.35,7036.73,37482.08,56223126.9,0.264773,9924.23,27557.86,41336784.11,observed: artist's own Nigerian share of listeners this quarter,OBS,"observed channel views, quarter net change"
Q2_2023,falz,Falz,domestic,503045,738820,81268,21127.89,2955.28,1950.43,26033.6,6338.37,32371.97,48557953.5,0.321059,10393.3,21978.67,32967998.25,observed: artist's own Nigerian share of listeners this quarter,OBS,"observed channel views, quarter net change"
Q3_2023,falz,Falz,domestic,592240,1250367,81453,24874.08,5001.47,1954.87,31830.42,7462.22,39292.64,58938966.0,0.570731,22425.51,16867.13,25300698.91,observed: artist's own Nigerian share of listeners this quarter,OBS,"observed channel views, quarter net change"
Q4_2023,falz,Falz,domestic,585546,1153605,81665,24592.93,4614.42,1959.96,31167.31,7377.88,38545.19,57817787.4,0.590082,22744.84,15800.35,23700531.4,observed: artist's own Nigerian share of listeners this quarter,OBS,"observed channel views, quarter net change"
Q1_2024,falz,Falz,domestic,512925,1132004,81760,21542.85,4528.02,1962.24,28033.11,6462.86,34495.96,51743941.5,0.530756,18308.95,16187.01,24280517.89,observed: artist's own Nigerian share of listeners this quarter,OBS,"observed channel views, quarter net change"
Q2_2024,falz,Falz,domestic,615855,1233307,81872,25865.91,4933.23,1964.93,32764.07,7759.77,40523.84,60785758.5,0.61937,25099.26,15424.58,23136874.68,observed: artist's own Nigerian share of listeners this quarter,OBS,"observed channel views, quarter net change"
Q3_2024,falz,Falz,domestic,670837,3521357,81949,28175.15,14085.43,1966.78,44227.36,8452.55,52679.9,79019856.3,0.662007,34874.48,17805.42,26708133.54,observed: artist's own Nigerian share of listeners this quarter,OBS,"observed channel views, quarter net change"
Q4_2024,falz,Falz,domestic,724231,1415598,82035,30417.7,5662.39,1968.84,38048.93,9125.31,47174.24,70761366.9,0.686387,32379.78,14794.46,22191697.1,observed: artist's own Nigerian share of listeners this quarter,OBS,"observed channel views, quarter net change"
Q1_2025,falz,Falz,domestic,598692,1296044,82166,25145.06,5184.18,1971.98,32301.22,7543.52,39844.74,59767114.8,0.732129,29171.51,10673.24,16009854.37,observed: artist's own Nigerian share of listeners this quarter,OBS,"observed channel views, quarter net change"
Q2_2025,falz,Falz,domestic,966249,1370576,82266,40582.46,5482.3,1974.38,48039.15,12174.74,60213.88,90320825.1,0.787306,47406.77,12807.11,19210663.47,observed: artist's own Nigerian share of listeners this quarter,OBS,"observed channel views, quarter net change"
Q3_2025,falz,Falz,domestic,750789,1399780,82394,31533.14,5599.12,1977.46,39109.71,9459.94,48569.66,72854483.1,0.761633,36992.24,11577.41,17366116.78,observed: artist's own Nigerian share of listeners this quarter,OBS,"observed channel views, quarter net change"
Q4_2025,falz,Falz,domestic,784947,1264644,732,32967.77,5058.58,17.57,38043.92,9890.33,47934.25,71901375.3,0.791784,37953.57,9980.68,14971023.97,observed: artist's own Nigerian share of listeners this quarter,OBS,"observed channel views, quarter net change"
Q1_2026,falz,Falz,domestic,733613,1257120,736,30811.75,5028.48,17.66,35857.89,9243.52,45101.41,67652120.7,0.826282,37266.51,7834.9,11752357.29,observed: artist's own Nigerian share of listeners this quarter,OBS,"observed channel views, quarter net change"
Q2_2026,falz,Falz,domestic,857068,0,82918,35996.86,0.0,1990.03,37986.89,10799.06,48785.94,73178917.2,0.873572,42618.06,6167.89,9251830.58,observed: artist's own Nigerian share of listeners this quarter,OBS,no YouTube presence observed
Q3_2026,falz,Falz,domestic,1063384,0,83034,44662.13,0.0,1992.82,46654.94,13398.64,60053.58,90080373.6,0.896759,53853.56,6200.02,9300027.33,observed: artist's own Nigerian share of listeners this quarter,OBS,no YouTube presence observed
Q1_2019,fela-kuti,Fela Kuti,domestic,0,0,153485,0.0,0.0,3683.64,3683.64,0.0,3683.64,5525460.0,,,,,not measured: provider published no geography this quarter,UNK,no YouTube presence observed
Q2_2019,fela-kuti,Fela Kuti,domestic,366295,0,156002,15384.39,0.0,3744.05,19128.44,4615.32,23743.75,35615632.5,,,,,not measured: provider published no geography this quarter,UNK,no YouTube presence observed
Q3_2019,fela-kuti,Fela Kuti,domestic,412864,0,158006,17340.29,0.0,3792.14,21132.43,5202.09,26334.52,39501777.6,,,,,not measured: provider published no geography this quarter,UNK,no YouTube presence observed
Q4_2019,fela-kuti,Fela Kuti,domestic,440257,0,160698,18490.79,0.0,3856.75,22347.55,5547.24,27894.78,41842176.3,,,,,not measured: provider published no geography this quarter,UNK,no YouTube presence observed
Q1_2020,fela-kuti,Fela Kuti,domestic,512541,0,162780,21526.72,0.0,3906.72,25433.44,6458.02,31891.46,47837187.9,,,,,not measured: provider published no geography this quarter,UNK,no YouTube presence observed
Q2_2020,fela-kuti,Fela Kuti,domestic,607754,0,165999,25525.67,0.0,3983.98,29509.64,7657.7,37167.34,55751016.6,,,,,not measured: provider published no geography this quarter,UNK,no YouTube presence observed
Q3_2020,fela-kuti,Fela Kuti,domestic,598906,0,168465,25154.05,0.0,4043.16,29197.21,7546.22,36743.43,55115141.4,,,,,not measured: provider published no geography this quarter,UNK,no YouTube presence observed
Q4_2020,fela-kuti,Fela Kuti,domestic,599917,0,170623,25196.51,0.0,4094.95,29291.47,7558.95,36850.42,55275630.3,,,,,not measured: provider published no geography this quarter,UNK,no YouTube presence observed
Q1_2021,fela-kuti,Fela Kuti,domestic,612610,0,172522,25729.62,0.0,4140.53,29870.15,7718.89,37589.03,56383551.0,0.006459,242.8,37346.24,56019355.65,observed: artist's own Nigerian share of listeners this quarter,OBS,no YouTube presence observed
Q2_2021,fela-kuti,Fela Kuti,domestic,622667,0,174694,26152.01,0.0,4192.66,30344.67,7845.6,38190.27,57285411.3,0.007027,268.35,37921.92,56882884.28,observed: artist's own Nigerian share of listeners this quarter,OBS,no YouTube presence observed
Q3_2021,fela-kuti,Fela Kuti,domestic,587759,0,176557,24685.88,0.0,4237.37,28923.25,7405.76,36329.01,54493514.1,0.008672,315.03,36013.98,54020969.11,observed: artist's own Nigerian share of listeners this quarter,OBS,no YouTube presence observed
Q4_2021,fela-kuti,Fela Kuti,domestic,542565,0,178206,22787.73,0.0,4276.94,27064.67,6836.32,33900.99,50851489.5,0.009877,334.82,33566.17,50349252.11,observed: artist's own Nigerian share of listeners this quarter,OBS,no YouTube presence observed
Q1_2022,fela-kuti,Fela Kuti,domestic,505129,0,179992,21215.42,0.0,4319.81,25535.23,6364.63,31899.85,47849777.1,0.013407,427.67,31472.18,47208265.02,observed: artist's own Nigerian share of listeners this quarter,OBS,no YouTube presence observed
Q2_2022,fela-kuti,Fela Kuti,domestic,499691,0,181081,20987.02,0.0,4345.94,25332.97,6296.11,31629.07,47443608.9,0.022282,704.74,30924.33,46386492.98,observed: artist's own Nigerian share of listeners this quarter,OBS,no YouTube presence observed
Q3_2022,fela-kuti,Fela Kuti,domestic,493657,0,182197,20733.59,0.0,4372.73,25106.32,6220.08,31326.4,46989600.3,0.019397,607.63,30718.77,46078150.11,observed: artist's own Nigerian share of listeners this quarter,OBS,no YouTube presence observed
Q4_2022,fela-kuti,Fela Kuti,domestic,471053,0,183701,19784.23,0.0,4408.82,24193.05,5935.27,30128.32,45192476.7,0.023411,705.34,29422.98,44134465.92,observed: artist's own Nigerian share of listeners this quarter,OBS,no YouTube presence observed
Q1_2023,fela-kuti,Fela Kuti,domestic,566034,0,184877,23773.43,0.0,4437.05,28210.48,7132.03,35342.5,53013756.6,0.042309,1495.31,33847.2,50770797.13,observed: artist's own Nigerian share of listeners this quarter,OBS,no YouTube presence observed
Q2_2023,fela-kuti,Fela Kuti,domestic,557163,0,185835,23400.85,0.0,4460.04,27860.89,7020.25,34881.14,52321709.7,0.040871,1425.64,33455.5,50183252.7,observed: artist's own Nigerian share of listeners this quarter,OBS,no YouTube presence observed
Q3_2023,fela-kuti,Fela Kuti,domestic,528620,0,186859,22202.04,0.0,4484.62,26686.66,6660.61,33347.27,50020902.0,0.042294,1410.41,31936.86,47905294.07,observed: artist's own Nigerian share of listeners this quarter,OBS,no YouTube presence observed
Q4_2023,fela-kuti,Fela Kuti,domestic,471797,0,187961,19815.47,0.0,4511.06,24326.54,5944.64,30271.18,45406770.3,0.062845,1902.38,28368.8,42553203.55,observed: artist's own Nigerian share of listeners this quarter,OBS,no YouTube presence observed
Q1_2024,fela-kuti,Fela Kuti,domestic,468945,0,188971,19695.69,0.0,4535.3,24230.99,5908.71,30139.7,45209551.5,0.068105,2052.67,28087.03,42130548.14,observed: artist's own Nigerian share of listeners this quarter,OBS,no YouTube presence observed
Q2_2024,fela-kuti,Fela Kuti,domestic,459867,0,189872,19314.41,0.0,4556.93,23871.34,5794.32,29665.67,44498499.3,0.079051,2345.09,27320.57,40980861.42,observed: artist's own Nigerian share of listeners this quarter,OBS,no YouTube presence observed
Q3_2024,fela-kuti,Fela Kuti,domestic,466660,0,190772,19599.72,0.0,4578.53,24178.25,5879.92,30058.16,45087246.0,0.087209,2621.35,27436.82,41155227.72,observed: artist's own Nigerian share of listeners this quarter,OBS,no YouTube presence observed
Q4_2024,fela-kuti,Fela Kuti,domestic,441147,0,191888,18528.17,0.0,4605.31,23133.49,5558.45,28691.94,43037907.3,0.105671,3031.91,25660.03,38490047.23,observed: artist's own Nigerian share of listeners this quarter,OBS,no YouTube presence observed
Q1_2025,fela-kuti,Fela Kuti,domestic,529807,10479015,193183,22251.89,41916.06,4636.39,68804.35,6675.57,75479.91,113219871.3,0.104929,7920.02,67559.9,101339848.79,observed: artist's own Nigerian share of listeners this quarter,OBS,"estimated: subscribers x 15 views/month (EST, first-submission methodology)"
Q2_2025,fela-kuti,Fela Kuti,domestic,468127,2414644,194298,19661.33,9658.58,4663.15,33983.06,5898.4,39881.46,59822193.3,0.127947,5102.7,34778.76,52168140.09,observed: artist's own Nigerian share of listeners this quarter,OBS,"observed channel views, quarter net change"
Q3_2025,fela-kuti,Fela Kuti,domestic,437084,2280068,196637,18357.53,9120.27,4719.29,32197.09,5507.26,37704.35,56556519.6,0.129419,4879.66,32824.69,49237032.03,observed: artist's own Nigerian share of listeners this quarter,OBS,"observed channel views, quarter net change"
Q4_2025,fela-kuti,Fela Kuti,domestic,437860,2491886,198857,18390.12,9967.54,4772.57,33130.23,5517.04,38647.27,57970902.0,0.15621,6037.08,32610.19,48915281.06,observed: artist's own Nigerian share of listeners this quarter,OBS,"observed channel views, quarter net change"
Q1_2026,fela-kuti,Fela Kuti,domestic,456526,2576750,200972,19174.09,10307.0,4823.33,34304.42,5752.23,40056.65,60084971.4,0.202043,8093.16,31963.49,47945231.98,observed: artist's own Nigerian share of listeners this quarter,OBS,"observed channel views, quarter net change"
Q2_2026,fela-kuti,Fela Kuti,domestic,449315,0,202840,18871.23,0.0,4868.16,23739.39,5661.37,29400.76,44101138.5,0.186172,5473.61,23927.15,35890728.8,observed: artist's own Nigerian share of listeners this quarter,OBS,no YouTube presence observed
Q3_2026,fela-kuti,Fela Kuti,domestic,456864,0,203677,19188.29,0.0,4888.25,24076.54,5756.49,29833.02,44749533.6,0.179736,5362.07,24470.95,36706426.85,observed: artist's own Nigerian share of listeners this quarter,OBS,no YouTube presence observed
Q1_2019,fireboy-dml,Fireboy DML,domestic,0,0,15,0.0,0.0,0.36,0.36,0.0,0.36,540.0,,,,,not measured: provider published no geography this quarter,UNK,no YouTube presence observed
Q2_2019,fireboy-dml,Fireboy DML,domestic,125417,0,343,5267.51,0.0,8.23,5275.75,1580.25,6856.0,10284000.3,,,,,not measured: provider published no geography this quarter,UNK,no YouTube presence observed
Q3_2019,fireboy-dml,Fireboy DML,domestic,170120,0,2854,7145.04,0.0,68.5,7213.54,2143.51,9357.05,14035572.0,,,,,not measured: provider published no geography this quarter,UNK,no YouTube presence observed
Q4_2019,fireboy-dml,Fireboy DML,domestic,237799,0,11572,9987.56,0.0,277.73,10265.29,2996.27,13261.55,19892330.1,,,,,not measured: provider published no geography this quarter,UNK,no YouTube presence observed
Q1_2020,fireboy-dml,Fireboy DML,domestic,322909,0,27682,13562.18,0.0,664.37,14226.55,4068.65,18295.2,27442799.1,,,,,not measured: provider published no geography this quarter,UNK,no YouTube presence observed
Q2_2020,fireboy-dml,Fireboy DML,domestic,471986,0,49139,19823.41,0.0,1179.34,21002.75,5947.02,26949.77,40424657.4,,,,,not measured: provider published no geography this quarter,UNK,no YouTube presence observed
Q3_2020,fireboy-dml,Fireboy DML,domestic,682645,12825000,79245,28671.09,51300.0,1901.88,81872.97,8601.33,90474.3,135711445.5,,,,,not measured: provider published no geography this quarter,UNK,"estimated: subscribers x 15 views/month (EST, first-submission methodology)"
Q4_2020,fireboy-dml,Fireboy DML,domestic,591564,15840000,108840,24845.69,63360.0,2612.16,90817.85,7453.71,98271.55,147407331.6,,,,,not measured: provider published no geography this quarter,UNK,"estimated: subscribers x 15 views/month (EST, first-submission methodology)"
Q1_2021,fireboy-dml,Fireboy DML,domestic,646320,18315000,131440,27145.44,73260.0,3154.56,103560.0,8143.63,111703.63,167555448.0,0.076642,8561.15,103142.49,154713730.09,observed: artist's own Nigerian share of listeners this quarter,OBS,"estimated: subscribers x 15 views/month (EST, first-submission methodology)"
Q2_2021,fireboy-dml,Fireboy DML,domestic,973804,20385000,153052,40899.77,81540.0,3673.25,126113.02,12269.93,138382.95,207574419.6,0.052984,7332.09,131050.86,196576285.73,observed: artist's own Nigerian share of listeners this quarter,OBS,"estimated: subscribers x 15 views/month (EST, first-submission methodology)"
Q3_2021,fireboy-dml,Fireboy DML,domestic,1636534,1880517,175941,68734.43,7522.07,4222.58,80479.08,20620.33,101099.41,151649112.6,0.066052,6677.86,94421.55,141632326.21,observed: artist's own Nigerian share of listeners this quarter,OBS,"observed channel views, quarter net change"
Q4_2021,fireboy-dml,Fireboy DML,domestic,5464371,40819232,202595,229503.58,163276.93,4862.28,397642.79,68851.07,466493.86,699740796.9,0.036345,16954.63,449539.24,674308858.83,observed: artist's own Nigerian share of listeners this quarter,OBS,"observed channel views, quarter net change"
Q1_2022,fireboy-dml,Fireboy DML,domestic,10600796,80935066,227012,445233.43,323740.26,5448.29,774421.98,133570.03,907992.01,1361988020.4,0.010788,9795.01,898197.0,1347295499.36,observed: artist's own Nigerian share of listeners this quarter,OBS,"observed channel views, quarter net change"
Q2_2022,fireboy-dml,Fireboy DML,domestic,9172395,78296517,239195,385240.59,313186.07,5740.68,704167.34,115572.18,819739.52,1229609272.5,0.016684,13676.73,806062.78,1209094176.24,observed: artist's own Nigerian share of listeners this quarter,OBS,"observed channel views, quarter net change"
Q3_2022,fireboy-dml,Fireboy DML,domestic,7421017,104749380,247940,311682.71,418997.52,5950.56,736630.79,93504.81,830135.61,1245203412.3,0.031135,25846.66,804288.94,1206433415.92,observed: artist's own Nigerian share of listeners this quarter,OBS,"observed channel views, quarter net change"
Q4_2022,fireboy-dml,Fireboy DML,domestic,7938657,96615881,256020,333423.59,386463.52,6144.48,726031.6,100027.08,826058.68,1239088014.3,0.035383,29228.11,796830.56,1195245842.93,observed: artist's own Nigerian share of listeners this quarter,OBS,"observed channel views, quarter net change"
Q1_2023,fireboy-dml,Fireboy DML,domestic,8046063,74989046,263471,337934.65,299956.18,6323.3,644214.13,101380.39,745594.53,1118391791.7,0.041983,31302.34,714292.19,1071438285.8,observed: artist's own Nigerian share of listeners this quarter,OBS,"observed channel views, quarter net change"
Q2_2023,fireboy-dml,Fireboy DML,domestic,8936257,72793235,270448,375322.79,291172.94,6490.75,672986.49,112596.84,785583.32,1178374986.3,0.047683,37458.97,748124.36,1122186535.65,observed: artist's own Nigerian share of listeners this quarter,OBS,"observed channel views, quarter net change"
Q3_2023,fireboy-dml,Fireboy DML,domestic,9124306,52433331,277051,383220.85,209733.32,6649.22,599603.4,114966.26,714569.66,1071854483.4,0.069002,49306.55,665263.11,997894663.64,observed: artist's own Nigerian share of listeners this quarter,OBS,"observed channel views, quarter net change"
Q4_2023,fireboy-dml,Fireboy DML,domestic,8227974,56443043,283853,345574.91,225772.17,6812.47,578159.55,103672.47,681832.02,1022748036.6,0.104273,71096.6,610735.43,916103140.21,observed: artist's own Nigerian share of listeners this quarter,OBS,"observed channel views, quarter net change"
Q1_2024,fireboy-dml,Fireboy DML,domestic,8203001,52762346,292956,344526.04,211049.38,7030.94,562606.37,103357.81,665964.18,998946273.9,0.085282,56794.94,609169.25,913753868.46,observed: artist's own Nigerian share of listeners this quarter,OBS,"observed channel views, quarter net change"
Q2_2024,fireboy-dml,Fireboy DML,domestic,8418144,45631316,301623,353562.05,182525.26,7238.95,543326.26,106068.61,649394.88,974092317.6,0.156989,101947.87,547447.01,821170512.07,observed: artist's own Nigerian share of listeners this quarter,OBS,"observed channel views, quarter net change"
Q3_2024,fireboy-dml,Fireboy DML,domestic,8458373,48825353,316646,355251.67,195301.41,7599.5,558152.58,106575.5,664728.08,997092122.7,0.202257,134445.9,530282.19,795423278.67,observed: artist's own Nigerian share of listeners this quarter,OBS,"observed channel views, quarter net change"
Q4_2024,fireboy-dml,Fireboy DML,domestic,7939916,40224315,323568,333476.47,160897.26,7765.63,502139.36,100042.94,602182.31,903273458.4,0.234623,141285.8,460896.51,691344761.22,observed: artist's own Nigerian share of listeners this quarter,OBS,"observed channel views, quarter net change"
Q1_2025,fireboy-dml,Fireboy DML,domestic,7204703,40359240,329276,302597.53,161436.96,7902.62,471937.11,90779.26,562716.37,844074551.7,0.27893,156958.57,405757.8,608636697.32,observed: artist's own Nigerian share of listeners this quarter,OBS,"observed channel views, quarter net change"
Q2_2025,fireboy-dml,Fireboy DML,domestic,8100533,52588600,334854,340222.39,210354.4,8036.5,558613.28,102066.72,660680.0,991019996.7,0.275056,181724.06,478955.94,718433903.21,observed: artist's own Nigerian share of listeners this quarter,OBS,"observed channel views, quarter net change"
Q3_2025,fireboy-dml,Fireboy DML,domestic,9181575,50233100,340321,385626.15,200932.4,8167.7,594726.25,115687.85,710414.1,1065621148.5,0.230738,163919.26,546494.84,819742254.25,observed: artist's own Nigerian share of listeners this quarter,OBS,"observed channel views, quarter net change"
Q4_2025,fireboy-dml,Fireboy DML,domestic,8427504,52927700,344490,353955.17,211710.8,8267.76,573933.73,106186.55,680120.28,1020180417.6,0.268534,182635.6,497484.68,746227014.23,observed: artist's own Nigerian share of listeners this quarter,OBS,"observed channel views, quarter net change"
Q1_2026,fireboy-dml,Fireboy DML,domestic,8210771,42067400,348166,344852.38,168269.6,8355.98,521477.97,103455.71,624933.68,937400520.9,0.315059,196890.81,428042.88,642064312.83,observed: artist's own Nigerian share of listeners this quarter,OBS,"observed channel views, quarter net change"
Q2_2026,fireboy-dml,Fireboy DML,domestic,9227934,46750644,351852,387573.23,187002.58,8444.45,583020.25,116271.97,699292.22,1048938330.6,0.287464,201021.35,498270.87,747406301.8,observed: artist's own Nigerian share of listeners this quarter,OBS,"observed channel views, quarter net change"
Q3_2026,fireboy-dml,Fireboy DML,domestic,9315312,34808779,353503,391243.1,139235.12,8484.07,538962.29,117372.93,656335.22,984502834.8,0.292592,192038.53,464296.69,696445040.97,observed: artist's own Nigerian share of listeners this quarter,OBS,"observed channel views, quarter net change"
Q1_2019,flavour,Flavour,domestic,0,43836480,33506,0.0,175345.92,804.14,176150.06,0.0,176150.06,264225096.0,,,,,not measured: provider published no geography this quarter,UNK,"estimated: subscribers x 15 views/month (EST, first-submission methodology)"
Q2_2019,flavour,Flavour,domestic,278081,48230055,34501,11679.4,192920.22,828.02,205427.65,3503.82,208931.47,313397199.9,,,,,not measured: provider published no geography this quarter,UNK,"estimated: subscribers x 15 views/month (EST, first-submission methodology)"
Q3_2019,flavour,Flavour,domestic,285858,52650000,36216,12006.04,210600.0,869.18,223475.22,3601.81,227077.03,340615546.2,,,,,not measured: provider published no geography this quarter,UNK,"estimated: subscribers x 15 views/month (EST, first-submission methodology)"
Q4_2019,flavour,Flavour,domestic,290001,58950000,38934,12180.04,235800.0,934.42,248914.46,3654.01,252568.47,378852705.9,,,,,not measured: provider published no geography this quarter,UNK,"estimated: subscribers x 15 views/month (EST, first-submission methodology)"
Q1_2020,flavour,Flavour,domestic,298356,63000000,41446,12530.95,252000.0,994.7,265525.66,3759.29,269284.94,403927412.4,,,,,not measured: provider published no geography this quarter,UNK,"estimated: subscribers x 15 views/month (EST, first-submission methodology)"
Q2_2020,flavour,Flavour,domestic,295440,68850000,43406,12408.48,275400.0,1041.74,288850.22,3722.54,292572.77,438859152.0,,,,,not measured: provider published no geography this quarter,UNK,"estimated: subscribers x 15 views/month (EST, first-submission methodology)"
Q3_2020,flavour,Flavour,domestic,395562,74700000,46990,16613.6,298800.0,1127.76,316541.36,4984.08,321525.45,482288167.8,,,,,not measured: provider published no geography this quarter,UNK,"estimated: subscribers x 15 views/month (EST, first-submission methodology)"
Q4_2020,flavour,Flavour,domestic,144,80100000,50381,6.05,320400.0,1209.14,321615.19,1.81,321617.01,482425509.6,,,,,not measured: provider published no geography this quarter,UNK,"estimated: subscribers x 15 views/month (EST, first-submission methodology)"
Q1_2021,flavour,Flavour,domestic,474370,85950000,55437,19923.54,343800.0,1330.49,365054.03,5977.06,371031.09,556546635.0,0.032943,12222.74,358808.35,538212519.72,observed: artist's own Nigerian share of listeners this quarter,OBS,"estimated: subscribers x 15 views/month (EST, first-submission methodology)"
Q2_2021,flavour,Flavour,domestic,465125,94050000,60600,19535.25,376200.0,1454.4,397189.65,5860.57,403050.23,604575337.5,0.027393,11040.82,392009.4,588014104.66,observed: artist's own Nigerian share of listeners this quarter,OBS,"estimated: subscribers x 15 views/month (EST, first-submission methodology)"
Q3_2021,flavour,Flavour,domestic,479833,3554516,66219,20152.99,14218.06,1589.26,35960.31,6045.9,42006.2,63009302.7,0.017467,733.73,41272.47,61908703.53,observed: artist's own Nigerian share of listeners this quarter,OBS,"observed channel views, quarter net change"
Q4_2021,flavour,Flavour,domestic,503756,53491493,71612,21157.75,213965.97,1718.69,236842.41,6347.33,243189.74,364784606.4,0.130698,31784.34,211405.39,317108090.45,observed: artist's own Nigerian share of listeners this quarter,OBS,"observed channel views, quarter net change"
Q1_2022,flavour,Flavour,domestic,164,45976112,75511,6.89,183904.45,1812.26,185723.6,2.07,185725.67,278588499.6,0.103932,19302.91,166422.76,249634141.87,observed: artist's own Nigerian share of listeners this quarter,OBS,"observed channel views, quarter net change"
Q2_2022,flavour,Flavour,domestic,446672,43932151,77372,18760.22,175728.6,1856.93,196345.76,5628.07,201973.82,302960734.8,0.092147,18611.37,183362.45,275043674.5,observed: artist's own Nigerian share of listeners this quarter,OBS,"observed channel views, quarter net change"
Q3_2022,flavour,Flavour,domestic,397511,41126180,78997,16695.46,164504.72,1895.93,183096.11,5008.64,188104.75,282157122.9,0.081949,15414.95,172689.79,259034691.49,observed: artist's own Nigerian share of listeners this quarter,OBS,"observed channel views, quarter net change"
Q4_2022,flavour,Flavour,domestic,529780,38972397,80044,22250.76,155889.59,1921.06,180061.4,6675.23,186736.63,280104948.0,0.107501,20074.42,166662.21,249993322.42,observed: artist's own Nigerian share of listeners this quarter,OBS,"observed channel views, quarter net change"
Q1_2023,flavour,Flavour,domestic,553607,8621212,80744,23251.49,34484.85,1937.86,59674.2,6975.45,66649.65,99974469.3,0.189672,12641.57,54008.08,81012114.44,observed: artist's own Nigerian share of listeners this quarter,OBS,"observed channel views, quarter net change"
Q2_2023,flavour,Flavour,domestic,849929,39827571,81490,35697.02,159310.28,1955.76,196963.06,10709.11,207672.17,311508251.1,0.193289,40140.79,167531.38,251297072.49,observed: artist's own Nigerian share of listeners this quarter,OBS,"observed channel views, quarter net change"
Q3_2023,flavour,Flavour,domestic,829012,32785532,82279,34818.5,131142.13,1974.7,167935.33,10445.55,178380.88,267571318.8,0.086705,15466.55,162914.33,244371493.47,observed: artist's own Nigerian share of listeners this quarter,OBS,"observed channel views, quarter net change"
Q4_2023,flavour,Flavour,domestic,1155754,36307043,83004,48541.67,145228.17,1992.1,195761.94,14562.5,210324.44,315486654.6,0.42197,88750.66,121573.78,182360669.56,observed: artist's own Nigerian share of listeners this quarter,OBS,"observed channel views, quarter net change"
Q1_2024,flavour,Flavour,domestic,889914,49699592,83782,37376.39,198798.37,2010.77,238185.52,11212.92,249398.44,374097660.6,0.415081,103520.61,145877.83,218816744.39,observed: artist's own Nigerian share of listeners this quarter,OBS,"observed channel views, quarter net change"
Q2_2024,flavour,Flavour,domestic,896813,38299483,84652,37666.15,153197.93,2031.65,192895.73,11299.84,204195.57,306293354.7,0.4783,97666.69,106528.88,159793320.43,observed: artist's own Nigerian share of listeners this quarter,OBS,"observed channel views, quarter net change"
Q3_2024,flavour,Flavour,domestic,863352,39916695,85354,36260.78,159666.78,2048.5,197976.06,10878.24,208854.3,313281442.8,0.448709,93714.85,115139.45,172709171.87,observed: artist's own Nigerian share of listeners this quarter,OBS,"observed channel views, quarter net change"
Q4_2024,flavour,Flavour,domestic,968172,40646737,3927,40663.22,162586.95,94.25,203344.42,12198.97,215543.39,323315080.8,0.48048,103564.26,111979.12,167968687.14,observed: artist's own Nigerian share of listeners this quarter,OBS,"observed channel views, quarter net change"
Q1_2025,flavour,Flavour,domestic,844237,31146300,86323,35457.95,124585.2,2071.75,162114.91,10637.39,172752.29,259128438.3,0.548785,94803.95,77948.34,116922516.14,observed: artist's own Nigerian share of listeners this quarter,OBS,"observed channel views, quarter net change"
Q2_2025,flavour,Flavour,domestic,906496,38214300,86873,38072.83,152857.2,2084.95,193014.98,11421.85,204436.83,306655250.4,0.52258,106834.67,97602.16,146403241.29,observed: artist's own Nigerian share of listeners this quarter,OBS,"observed channel views, quarter net change"
Q3_2025,flavour,Flavour,domestic,920216,170865000,87425,38649.07,683460.0,2098.2,724207.27,11594.72,735801.99,1103702990.4,0.501118,368723.48,367078.51,550617771.13,observed: artist's own Nigerian share of listeners this quarter,OBS,"estimated: subscribers x 15 views/month (EST, first-submission methodology)"
Q4_2025,flavour,Flavour,domestic,1394046,52912900,87982,58549.93,211651.6,2111.57,272313.1,17564.98,289878.08,434817119.4,0.616364,178670.36,111207.72,166811581.34,observed: artist's own Nigerian share of listeners this quarter,OBS,"observed channel views, quarter net change"
Q1_2026,flavour,Flavour,domestic,1436005,36098200,88595,60312.21,144392.8,2126.28,206831.29,18093.66,224924.95,337387429.5,0.813216,182912.63,42012.33,63018488.22,observed: artist's own Nigerian share of listeners this quarter,OBS,"observed channel views, quarter net change"
Q2_2026,flavour,Flavour,domestic,1368502,49927917,89284,57477.08,199711.67,2142.82,259331.57,17243.13,276574.69,414862039.8,0.722783,199903.49,76671.2,115006804.35,observed: artist's own Nigerian share of listeners this quarter,OBS,"observed channel views, quarter net change"
Q3_2026,flavour,Flavour,domestic,1458139,14882169,89560,61241.84,59528.68,2149.44,122919.95,18372.55,141292.51,211938758.1,0.698908,98750.48,42542.02,63813031.02,observed: artist's own Nigerian share of listeners this quarter,OBS,"observed channel views, quarter net change"
Q1_2019,harrysong,HarrySong,domestic,0,0,473,0.0,0.0,11.35,11.35,0.0,11.35,17028.0,,,,,not measured: provider published no geography this quarter,UNK,no YouTube presence observed
Q2_2019,harrysong,HarrySong,domestic,55742,0,475,2341.16,0.0,11.4,2352.56,702.35,3054.91,4582369.8,,,,,not measured: provider published no geography this quarter,UNK,no YouTube presence observed
Q3_2019,harrysong,HarrySong,domestic,47833,0,491,2008.99,0.0,11.78,2020.77,602.7,2623.47,3935198.7,,,,,not measured: provider published no geography this quarter,UNK,no YouTube presence observed
Q4_2019,harrysong,HarrySong,domestic,40466,0,499,1699.57,0.0,11.98,1711.55,509.87,2221.42,3332129.4,,,,,not measured: provider published no geography this quarter,UNK,no YouTube presence observed
Q1_2020,harrysong,HarrySong,domestic,69076,0,508,2901.19,0.0,12.19,2913.38,870.36,3783.74,5675612.4,,,,,not measured: provider published no geography this quarter,UNK,no YouTube presence observed
Q2_2020,harrysong,HarrySong,domestic,43029,0,517,1807.22,0.0,12.41,1819.63,542.17,2361.79,3542687.1,,,,,not measured: provider published no geography this quarter,UNK,no YouTube presence observed
Q3_2020,harrysong,HarrySong,domestic,54361,0,544,2283.16,0.0,13.06,2296.22,684.95,2981.17,4471749.9,,,,,not measured: provider published no geography this quarter,UNK,no YouTube presence observed
Q4_2020,harrysong,HarrySong,domestic,70274,0,564,2951.51,0.0,13.54,2965.04,885.45,3850.5,5775744.6,,,,,not measured: provider published no geography this quarter,UNK,no YouTube presence observed
Q1_2021,harrysong,HarrySong,domestic,47986,0,571,2015.41,0.0,13.7,2029.12,604.62,2633.74,3950609.4,0.030259,79.69,2554.05,3831068.6,observed: artist's own Nigerian share of listeners this quarter,OBS,no YouTube presence observed
Q2_2021,harrysong,HarrySong,domestic,47724,0,583,2004.41,0.0,13.99,2018.4,601.32,2619.72,3929583.6,0.042771,112.05,2507.68,3761512.87,observed: artist's own Nigerian share of listeners this quarter,OBS,no YouTube presence observed
Q3_2021,harrysong,HarrySong,domestic,63723,0,602,2676.37,0.0,14.45,2690.81,802.91,3493.72,5240585.7,0.064471,225.24,3268.48,4902718.89,observed: artist's own Nigerian share of listeners this quarter,OBS,no YouTube presence observed
Q4_2021,harrysong,HarrySong,domestic,174475,0,629,7327.95,0.0,15.1,7343.05,2198.38,9541.43,14312146.5,0.133939,1277.97,8263.46,12395185.12,observed: artist's own Nigerian share of listeners this quarter,OBS,no YouTube presence observed
Q1_2022,harrysong,HarrySong,domestic,116306,0,684,4884.85,0.0,16.42,4901.27,1465.46,6366.72,9550085.4,0.118402,753.83,5612.89,8419333.61,observed: artist's own Nigerian share of listeners this quarter,OBS,no YouTube presence observed
Q2_2022,harrysong,HarrySong,domestic,171774,0,718,7214.51,0.0,17.23,7231.74,2164.35,9396.09,14094138.6,0.078485,737.45,8658.64,12987957.67,observed: artist's own Nigerian share of listeners this quarter,OBS,no YouTube presence observed
Q3_2022,harrysong,HarrySong,domestic,164112,0,733,6892.7,0.0,17.59,6910.3,2067.81,8978.11,13467160.8,0.06387,573.44,8404.67,12607007.73,observed: artist's own Nigerian share of listeners this quarter,OBS,no YouTube presence observed
Q4_2022,harrysong,HarrySong,domestic,155436,0,746,6528.31,0.0,17.9,6546.22,1958.49,8504.71,12757064.4,0.081519,693.3,7811.41,11717120.36,observed: artist's own Nigerian share of listeners this quarter,OBS,no YouTube presence observed
Q1_2023,harrysong,HarrySong,domestic,102796,0,757,4317.43,0.0,18.17,4335.6,1295.23,5630.83,8446244.4,0.14063,791.86,4838.97,7258451.38,observed: artist's own Nigerian share of listeners this quarter,OBS,no YouTube presence observed
Q2_2023,harrysong,HarrySong,domestic,142444,0,771,5982.65,0.0,18.5,6001.15,1794.79,7795.95,11693919.6,0.18184,1417.61,6378.33,9567499.97,observed: artist's own Nigerian share of listeners this quarter,OBS,no YouTube presence observed
Q3_2023,harrysong,HarrySong,domestic,88854,0,787,3731.87,0.0,18.89,3750.76,1119.56,4870.32,7305474.6,0.210166,1023.57,3846.74,5770115.43,observed: artist's own Nigerian share of listeners this quarter,OBS,no YouTube presence observed
Q4_2023,harrysong,HarrySong,domestic,79687,0,802,3346.85,0.0,19.25,3366.1,1004.06,4370.16,6555237.3,0.311535,1361.46,3008.7,4513049.87,observed: artist's own Nigerian share of listeners this quarter,OBS,no YouTube presence observed
Q1_2024,harrysong,HarrySong,domestic,99287,4185000,812,4170.05,16740.0,19.49,20929.54,1251.02,22180.56,33270837.3,0.374374,8303.83,13876.73,20815095.9,observed: artist's own Nigerian share of listeners this quarter,OBS,"estimated: subscribers x 15 views/month (EST, first-submission methodology)"
Q2_2024,harrysong,HarrySong,domestic,78030,914971,820,3277.26,3659.88,19.68,6956.82,983.18,7940.0,11910003.0,0.392862,3119.32,4820.68,7231019.34,observed: artist's own Nigerian share of listeners this quarter,OBS,"observed channel views, quarter net change"
Q3_2024,harrysong,HarrySong,domestic,78432,945386,823,3294.14,3781.54,19.75,7095.44,988.24,8083.68,12125524.8,0.418782,3385.3,4698.38,7047570.69,observed: artist's own Nigerian share of listeners this quarter,OBS,"observed channel views, quarter net change"
Q4_2024,harrysong,HarrySong,domestic,83189,962532,839,3493.94,3850.13,20.14,7364.2,1048.18,8412.38,12618575.1,0.464222,3905.21,4507.17,6760758.36,observed: artist's own Nigerian share of listeners this quarter,OBS,"observed channel views, quarter net change"
Q1_2025,harrysong,HarrySong,domestic,91465,866804,852,3841.53,3467.22,20.45,7329.19,1152.46,8481.65,12722479.5,0.575481,4881.03,3600.62,5400932.54,observed: artist's own Nigerian share of listeners this quarter,OBS,"observed channel views, quarter net change"
Q2_2025,harrysong,HarrySong,domestic,104859,893388,861,4404.08,3573.55,20.66,7998.29,1321.22,9319.52,13979276.1,0.602213,5612.33,3707.18,5560777.22,observed: artist's own Nigerian share of listeners this quarter,OBS,"observed channel views, quarter net change"
Q3_2025,harrysong,HarrySong,domestic,96117,870240,874,4036.91,3480.96,20.98,7538.85,1211.07,8749.92,13124886.3,0.611257,5348.45,3401.47,5102206.19,observed: artist's own Nigerian share of listeners this quarter,OBS,"observed channel views, quarter net change"
Q4_2025,harrysong,HarrySong,domestic,113564,866510,891,4769.69,3466.04,21.38,8257.11,1430.91,9688.02,14532027.6,0.644501,6243.94,3444.08,5166119.53,observed: artist's own Nigerian share of listeners this quarter,OBS,"observed channel views, quarter net change"
Q1_2026,harrysong,HarrySong,domestic,119190,890300,898,5005.98,3561.2,21.55,8588.73,1501.79,10090.53,15135789.0,0.668093,6741.41,3349.11,5023669.67,observed: artist's own Nigerian share of listeners this quarter,OBS,"observed channel views, quarter net change"
Q2_2026,harrysong,HarrySong,domestic,137663,0,919,5781.85,0.0,22.06,5803.9,1734.55,7538.46,11307683.7,0.680619,5130.81,2407.64,3611463.71,observed: artist's own Nigerian share of listeners this quarter,OBS,no YouTube presence observed
Q3_2026,harrysong,HarrySong,domestic,147818,0,937,6208.36,0.0,22.49,6230.84,1862.51,8093.35,12140026.2,0.687557,5564.64,2528.71,3793069.34,observed: artist's own Nigerian share of listeners this quarter,OBS,no YouTube presence observed
Q1_2019,ice-prince,Ice Prince,domestic,0,2185335,42146,0.0,8741.34,1011.5,9752.84,0.0,9752.84,14629266.0,,,,,not measured: provider published no geography this quarter,UNK,"estimated: subscribers x 15 views/month (EST, first-submission methodology)"
Q2_2019,ice-prince,Ice Prince,domestic,394361,2366955,42203,16563.16,9467.82,1012.87,27043.85,4968.95,32012.8,48019203.9,,,,,not measured: provider published no geography this quarter,UNK,"estimated: subscribers x 15 views/month (EST, first-submission methodology)"
Q3_2019,ice-prince,Ice Prince,domestic,312009,2502000,42441,13104.38,10008.0,1018.58,24130.96,3931.31,28062.28,42093413.1,,,,,not measured: provider published no geography this quarter,UNK,"estimated: subscribers x 15 views/month (EST, first-submission methodology)"
Q4_2019,ice-prince,Ice Prince,domestic,321868,2601000,42503,13518.46,10404.0,1020.07,24942.53,4055.54,28998.06,43497097.2,,,,,not measured: provider published no geography this quarter,UNK,"estimated: subscribers x 15 views/month (EST, first-submission methodology)"
Q1_2020,ice-prince,Ice Prince,domestic,223364,2695500,42544,9381.29,10782.0,1021.06,21184.34,2814.39,23998.73,35998095.6,,,,,not measured: provider published no geography this quarter,UNK,"estimated: subscribers x 15 views/month (EST, first-submission methodology)"
Q2_2020,ice-prince,Ice Prince,domestic,246010,2812500,42588,10332.42,11250.0,1022.11,22604.53,3099.73,25704.26,38556387.0,,,,,not measured: provider published no geography this quarter,UNK,"estimated: subscribers x 15 views/month (EST, first-submission methodology)"
Q3_2020,ice-prince,Ice Prince,domestic,318452,3109500,42668,13374.98,12438.0,1024.03,26837.02,4012.5,30849.51,46274266.8,,,,,not measured: provider published no geography this quarter,UNK,"estimated: subscribers x 15 views/month (EST, first-submission methodology)"
Q4_2020,ice-prince,Ice Prince,domestic,248208,3330000,42757,10424.74,13320.0,1026.17,24770.9,3127.42,27898.32,41847487.2,,,,,not measured: provider published no geography this quarter,UNK,"estimated: subscribers x 15 views/month (EST, first-submission methodology)"
Q1_2021,ice-prince,Ice Prince,domestic,337713,3609000,43012,14183.95,14436.0,1032.29,29652.23,4255.18,33907.42,50861126.7,0.061055,2070.21,31837.21,47755810.73,observed: artist's own Nigerian share of listeners this quarter,OBS,"estimated: subscribers x 15 views/month (EST, first-submission methodology)"
Q2_2021,ice-prince,Ice Prince,domestic,376673,3856500,43993,15820.27,15426.0,1055.83,32302.1,4746.08,37048.18,55572266.7,0.063489,2352.14,34696.04,52044053.1,observed: artist's own Nigerian share of listeners this quarter,OBS,"estimated: subscribers x 15 views/month (EST, first-submission methodology)"
Q3_2021,ice-prince,Ice Prince,domestic,394109,90453,44731,16552.58,361.81,1073.54,17987.93,4965.77,22953.71,34430561.1,0.071466,1640.4,21313.3,31969954.33,observed: artist's own Nigerian share of listeners this quarter,OBS,"observed channel views, quarter net change"
Q4_2021,ice-prince,Ice Prince,domestic,490349,1356061,44981,20594.66,5424.24,1079.54,27098.45,6178.4,33276.84,49915265.1,0.079652,2650.56,30626.28,45939424.06,observed: artist's own Nigerian share of listeners this quarter,OBS,"observed channel views, quarter net change"
Q1_2022,ice-prince,Ice Prince,domestic,560160,2218669,45333,23526.72,8874.68,1087.99,33489.39,7058.02,40547.4,60821106.0,0.082212,3333.47,37213.93,55820901.4,observed: artist's own Nigerian share of listeners this quarter,OBS,"observed channel views, quarter net change"
Q2_2022,ice-prince,Ice Prince,domestic,647797,1794975,45574,27207.47,7179.9,1093.78,35481.15,8162.24,43643.39,65465088.3,0.064998,2836.74,40806.65,61209977.97,observed: artist's own Nigerian share of listeners this quarter,OBS,"observed channel views, quarter net change"
Q3_2022,ice-prince,Ice Prince,domestic,558929,893755,45855,23475.02,3575.02,1100.52,28150.56,7042.51,35193.06,52789595.1,0.065067,2289.89,32903.17,49354756.25,observed: artist's own Nigerian share of listeners this quarter,OBS,"observed channel views, quarter net change"
Q4_2022,ice-prince,Ice Prince,domestic,575348,2881466,46037,24164.62,11525.86,1104.89,36795.37,7249.38,44044.75,66067129.2,0.087853,3869.46,40175.29,60262939.19,observed: artist's own Nigerian share of listeners this quarter,OBS,"observed channel views, quarter net change"
Q1_2023,ice-prince,Ice Prince,domestic,757787,3877909,46171,31827.05,15511.64,1108.1,48446.79,9548.12,57994.91,86992365.3,0.110425,6404.08,51590.83,77386242.49,observed: artist's own Nigerian share of listeners this quarter,OBS,"observed channel views, quarter net change"
Q2_2023,ice-prince,Ice Prince,domestic,927038,3815462,46318,38935.6,15261.85,1111.63,55309.08,11680.68,66989.75,100484632.2,0.085414,5721.88,61267.88,91901818.96,observed: artist's own Nigerian share of listeners this quarter,OBS,"observed channel views, quarter net change"
Q3_2023,ice-prince,Ice Prince,domestic,877760,2297545,46480,36865.92,9190.18,1115.52,47171.62,11059.78,58231.4,87347094.0,0.106162,6181.96,52049.43,78074146.74,observed: artist's own Nigerian share of listeners this quarter,OBS,"observed channel views, quarter net change"
Q4_2023,ice-prince,Ice Prince,domestic,818429,2565093,46652,34374.02,10260.37,1119.65,45754.04,10312.21,56066.24,84099365.1,0.1609,9021.07,47045.17,70567759.56,observed: artist's own Nigerian share of listeners this quarter,OBS,"observed channel views, quarter net change"
Q1_2024,ice-prince,Ice Prince,domestic,738089,2654465,46801,30999.74,10617.86,1123.22,42740.82,9299.92,52040.74,78061115.1,0.188228,9795.54,42245.2,63367806.5,observed: artist's own Nigerian share of listeners this quarter,OBS,"observed channel views, quarter net change"
Q2_2024,ice-prince,Ice Prince,domestic,751675,2167297,46911,31570.35,8669.19,1125.86,41365.4,9471.1,50836.51,76254760.5,0.284407,14458.24,36378.27,54567405.7,observed: artist's own Nigerian share of listeners this quarter,OBS,"observed channel views, quarter net change"
Q3_2024,ice-prince,Ice Prince,domestic,745157,2846259,47016,31296.59,11385.04,1128.38,43810.01,9388.98,53198.99,79798488.3,0.316629,16844.32,36354.67,54532006.56,observed: artist's own Nigerian share of listeners this quarter,OBS,"observed channel views, quarter net change"
Q4_2024,ice-prince,Ice Prince,domestic,777006,418776,47142,32634.25,1675.1,1131.41,35440.76,9790.28,45231.04,67846559.4,0.310895,14062.12,31168.92,46753377.73,observed: artist's own Nigerian share of listeners this quarter,OBS,"observed channel views, quarter net change"
Q1_2025,ice-prince,Ice Prince,domestic,775408,2318154,47239,32567.14,9272.62,1133.74,42973.49,9770.14,52743.63,79115443.2,0.368771,19450.32,33293.31,49939960.42,observed: artist's own Nigerian share of listeners this quarter,OBS,"observed channel views, quarter net change"
Q2_2025,ice-prince,Ice Prince,domestic,848587,3985300,47314,35640.65,15941.2,1135.54,52717.39,10692.2,63409.59,95114379.3,0.372028,23590.12,39819.47,59729203.53,observed: artist's own Nigerian share of listeners this quarter,OBS,"observed channel views, quarter net change"
Q3_2025,ice-prince,Ice Prince,domestic,792594,3928900,47430,33288.95,15715.6,1138.32,50142.87,9986.68,60129.55,90194328.6,0.352144,21174.24,38955.32,58432975.12,observed: artist's own Nigerian share of listeners this quarter,OBS,"observed channel views, quarter net change"
Q4_2025,ice-prince,Ice Prince,domestic,901890,3542696,47531,37879.38,14170.78,1140.74,53190.91,11363.81,64554.72,96832083.0,0.405466,26174.74,38379.99,57569980.18,observed: artist's own Nigerian share of listeners this quarter,OBS,"observed channel views, quarter net change"
Q1_2026,ice-prince,Ice Prince,domestic,913327,3276046,47617,38359.73,13104.18,1142.81,52606.73,11507.92,64114.65,96171969.3,0.405732,26013.36,38101.28,57151922.84,observed: artist's own Nigerian share of listeners this quarter,OBS,"observed channel views, quarter net change"
Q2_2026,ice-prince,Ice Prince,domestic,1207928,5080680,47776,50732.98,20322.72,1146.62,72202.32,15219.89,87422.21,131133319.2,0.440677,38524.95,48897.26,73345890.97,observed: artist's own Nigerian share of listeners this quarter,OBS,"observed channel views, quarter net change"
Q3_2026,ice-prince,Ice Prince,domestic,1080851,1677382,47850,45395.74,6709.53,1148.4,53253.67,13618.72,66872.39,100308588.9,0.432822,28943.82,37928.57,56892851.41,observed: artist's own Nigerian share of listeners this quarter,OBS,"observed channel views, quarter net change"
Q1_2019,illbliss,Illbliss,domestic,0,0,73,0.0,0.0,1.75,1.75,0.0,1.75,2628.0,,,,,not measured: provider published no geography this quarter,UNK,no YouTube presence observed
Q2_2019,illbliss,Illbliss,domestic,7508,0,76,315.34,0.0,1.82,317.16,94.6,411.76,617641.2,,,,,not measured: provider published no geography this quarter,UNK,no YouTube presence observed
Q3_2019,illbliss,Illbliss,domestic,6945,0,79,291.69,0.0,1.9,293.59,87.51,381.09,571639.5,,,,,not measured: provider published no geography this quarter,UNK,no YouTube presence observed
Q4_2019,illbliss,Illbliss,domestic,7619,0,86,320.0,0.0,2.06,322.06,96.0,418.06,627092.1,,,,,not measured: provider published no geography this quarter,UNK,no YouTube presence observed
Q1_2020,illbliss,Illbliss,domestic,7456,0,93,313.15,0.0,2.23,315.38,93.95,409.33,613994.4,,,,,not measured: provider published no geography this quarter,UNK,no YouTube presence observed
Q2_2020,illbliss,Illbliss,domestic,18779,0,180,788.72,0.0,4.32,793.04,236.62,1029.65,1544480.1,,,,,not measured: provider published no geography this quarter,UNK,no YouTube presence observed
Q3_2020,illbliss,Illbliss,domestic,11575,0,230,486.15,0.0,5.52,491.67,145.84,637.51,956272.5,,,,,not measured: provider published no geography this quarter,UNK,no YouTube presence observed
Q4_2020,illbliss,Illbliss,domestic,16979,0,243,713.12,0.0,5.83,718.95,213.94,932.89,1399328.1,,,,,not measured: provider published no geography this quarter,UNK,no YouTube presence observed
Q1_2021,illbliss,Illbliss,domestic,11725,0,253,492.45,0.0,6.07,498.52,147.73,646.26,969385.5,0.100128,64.71,581.55,872322.93,observed: artist's own Nigerian share of listeners this quarter,OBS,no YouTube presence observed
Q2_2021,illbliss,Illbliss,domestic,10796,0,258,453.43,0.0,6.19,459.62,136.03,595.65,893480.4,0.093897,55.93,539.72,809585.53,observed: artist's own Nigerian share of listeners this quarter,OBS,no YouTube presence observed
Q3_2021,illbliss,Illbliss,domestic,11926,0,268,500.89,0.0,6.43,507.32,150.27,657.59,986387.4,0.180185,118.49,539.1,808655.46,observed: artist's own Nigerian share of listeners this quarter,OBS,no YouTube presence observed
Q4_2021,illbliss,Illbliss,domestic,12545,26061,276,526.89,104.24,6.62,637.76,158.07,795.83,1193737.5,0.174564,138.92,656.9,985353.92,observed: artist's own Nigerian share of listeners this quarter,OBS,"observed channel views, quarter net change"
Q1_2022,illbliss,Illbliss,domestic,13334,109105,293,560.03,436.42,7.03,1003.48,168.01,1171.49,1757232.6,0.235077,275.39,896.1,1344147.85,observed: artist's own Nigerian share of listeners this quarter,OBS,"observed channel views, quarter net change"
Q2_2022,illbliss,Illbliss,domestic,21184,82781,299,889.73,331.12,7.18,1228.03,266.92,1494.95,2242419.6,0.24832,371.22,1123.72,1685582.85,observed: artist's own Nigerian share of listeners this quarter,OBS,"observed channel views, quarter net change"
Q3_2022,illbliss,Illbliss,domestic,21472,197043,306,901.82,788.17,7.34,1697.34,270.55,1967.89,2951830.8,0.216611,426.27,1541.62,2312432.35,observed: artist's own Nigerian share of listeners this quarter,OBS,"observed channel views, quarter net change"
Q4_2022,illbliss,Illbliss,domestic,19133,115142,308,803.59,460.57,7.39,1271.55,241.08,1512.62,2268932.7,0.359129,543.23,969.4,1454092.58,observed: artist's own Nigerian share of listeners this quarter,OBS,"observed channel views, quarter net change"
Q1_2023,illbliss,Illbliss,domestic,18307,60895,309,768.89,243.58,7.42,1019.89,230.67,1250.56,1875837.3,0.471749,589.95,660.61,990912.79,observed: artist's own Nigerian share of listeners this quarter,OBS,"observed channel views, quarter net change"
Q2_2023,illbliss,Illbliss,domestic,26136,108619,314,1097.71,434.48,7.54,1539.72,329.31,1869.04,2803556.4,0.507127,947.84,921.2,1381796.24,observed: artist's own Nigerian share of listeners this quarter,OBS,"observed channel views, quarter net change"
Q3_2023,illbliss,Illbliss,domestic,35620,56921,318,1496.04,227.68,7.63,1731.36,448.81,2180.17,3270252.0,0.585132,1275.69,904.48,1356721.85,observed: artist's own Nigerian share of listeners this quarter,OBS,"observed channel views, quarter net change"
Q4_2023,illbliss,Illbliss,domestic,71191,158838,324,2990.02,635.35,7.78,3633.15,897.01,4530.16,6795234.9,0.723214,3276.27,1253.88,1880825.75,observed: artist's own Nigerian share of listeners this quarter,OBS,"observed channel views, quarter net change"
Q1_2024,illbliss,Illbliss,domestic,114311,188772,332,4801.06,755.09,7.97,5564.12,1440.32,7004.44,10506654.9,0.618062,4329.18,2675.26,4012891.76,observed: artist's own Nigerian share of listeners this quarter,OBS,"observed channel views, quarter net change"
Q2_2024,illbliss,Illbliss,domestic,82431,247261,337,3462.1,989.04,8.09,4459.23,1038.63,5497.86,8246796.9,0.767684,4220.62,1277.24,1915866.59,observed: artist's own Nigerian share of listeners this quarter,OBS,"observed channel views, quarter net change"
Q3_2024,illbliss,Illbliss,domestic,105107,150730,336,4414.49,602.92,8.06,5025.48,1324.35,6349.83,9524739.3,0.772774,4906.98,1442.84,2164264.5,observed: artist's own Nigerian share of listeners this quarter,OBS,"observed channel views, quarter net change"
Q4_2024,illbliss,Illbliss,domestic,164875,378455,341,6924.75,1513.82,8.18,8446.75,2077.42,10524.18,15786268.5,0.791964,8334.77,2189.41,3284118.33,observed: artist's own Nigerian share of listeners this quarter,OBS,"observed channel views, quarter net change"
Q1_2025,illbliss,Illbliss,domestic,222929,500828,345,9363.02,2003.31,8.28,11374.61,2808.91,14183.52,21275273.1,0.92282,13088.84,1094.68,1642018.08,observed: artist's own Nigerian share of listeners this quarter,OBS,"observed channel views, quarter net change"
Q2_2025,illbliss,Illbliss,domestic,191456,282234,350,8041.15,1128.94,8.4,9178.49,2412.35,11590.83,17386250.4,0.826281,9577.29,2013.55,3020322.37,observed: artist's own Nigerian share of listeners this quarter,OBS,"observed channel views, quarter net change"
Q3_2025,illbliss,Illbliss,domestic,168110,258888,358,7060.62,1035.55,8.59,8104.76,2118.19,10222.95,15334425.0,0.794058,8117.61,2105.34,3158003.23,observed: artist's own Nigerian share of listeners this quarter,OBS,"observed channel views, quarter net change"
Q4_2025,illbliss,Illbliss,domestic,194113,263768,368,8152.75,1055.07,8.83,9216.65,2445.82,11662.47,17493710.7,0.854221,9962.33,1700.15,2550223.11,observed: artist's own Nigerian share of listeners this quarter,OBS,"observed channel views, quarter net change"
Q1_2026,illbliss,Illbliss,domestic,221871,262758,372,9318.58,1051.03,8.93,10378.54,2795.57,13174.12,19761174.9,0.908483,11968.46,1205.66,1808486.27,observed: artist's own Nigerian share of listeners this quarter,OBS,"observed channel views, quarter net change"
Q2_2026,illbliss,Illbliss,domestic,269854,279332,389,11333.87,1117.33,9.34,12460.53,3400.16,15860.69,23791038.6,0.91923,14579.63,1281.06,1921592.7,observed: artist's own Nigerian share of listeners this quarter,OBS,"observed channel views, quarter net change"
Q3_2026,illbliss,Illbliss,domestic,266820,172572,394,11206.44,690.29,9.46,11906.18,3361.93,15268.12,22902174.0,0.903563,13795.71,1472.4,2208605.86,observed: artist's own Nigerian share of listeners this quarter,OBS,"observed channel views, quarter net change"
Q1_2019,iyanya,Iyanya,domestic,0,8937630,20125,0.0,35750.52,483.0,36233.52,0.0,36233.52,54350280.0,,,,,not measured: provider published no geography this quarter,UNK,"estimated: subscribers x 15 views/month (EST, first-submission methodology)"
Q2_2019,iyanya,Iyanya,domestic,128732,9147420,20171,5406.74,36589.68,484.1,42480.53,1622.02,44102.55,66153826.8,,,,,not measured: provider published no geography this quarter,UNK,"estimated: subscribers x 15 views/month (EST, first-submission methodology)"
Q3_2019,iyanya,Iyanya,domestic,120242,9270000,20222,5050.16,37080.0,485.33,42615.49,1515.05,44130.54,66195811.8,,,,,not measured: provider published no geography this quarter,UNK,"estimated: subscribers x 15 views/month (EST, first-submission methodology)"
Q4_2019,iyanya,Iyanya,domestic,104550,9450000,20265,4391.1,37800.0,486.36,42677.46,1317.33,43994.79,65992185.0,,,,,not measured: provider published no geography this quarter,UNK,"estimated: subscribers x 15 views/month (EST, first-submission methodology)"
Q1_2020,iyanya,Iyanya,domestic,99756,9630000,20339,4189.75,38520.0,488.14,43197.89,1256.93,44454.81,66682220.4,,,,,not measured: provider published no geography this quarter,UNK,"estimated: subscribers x 15 views/month (EST, first-submission methodology)"
Q2_2020,iyanya,Iyanya,domestic,135703,9990000,20464,5699.53,39960.0,491.14,46150.66,1709.86,47860.52,71790779.7,,,,,not measured: provider published no geography this quarter,UNK,"estimated: subscribers x 15 views/month (EST, first-submission methodology)"
Q3_2020,iyanya,Iyanya,domestic,96514,10215000,20604,4053.59,40860.0,494.5,45408.08,1216.08,46624.16,69936240.6,,,,,not measured: provider published no geography this quarter,UNK,"estimated: subscribers x 15 views/month (EST, first-submission methodology)"
Q4_2020,iyanya,Iyanya,domestic,97296,10665000,20664,4086.43,42660.0,495.94,47242.37,1225.93,48468.3,72702446.4,,,,,not measured: provider published no geography this quarter,UNK,"estimated: subscribers x 15 views/month (EST, first-submission methodology)"
Q1_2021,iyanya,Iyanya,domestic,103079,10890000,20719,4329.32,43560.0,497.26,48386.57,1298.8,49685.37,74528054.1,0.037748,1875.51,47809.86,71714787.98,observed: artist's own Nigerian share of listeners this quarter,OBS,"estimated: subscribers x 15 views/month (EST, first-submission methodology)"
Q2_2021,iyanya,Iyanya,domestic,103756,11070000,20776,4357.75,44280.0,498.62,49136.38,1307.33,50443.7,75665552.4,0.037029,1867.88,48575.82,72863736.2,observed: artist's own Nigerian share of listeners this quarter,OBS,"estimated: subscribers x 15 views/month (EST, first-submission methodology)"
Q3_2021,iyanya,Iyanya,domestic,87896,131554,20875,3691.63,526.22,501.0,4718.85,1107.49,5826.34,8739506.4,0.060698,353.65,5472.69,8209036.51,observed: artist's own Nigerian share of listeners this quarter,OBS,"observed channel views, quarter net change"
Q4_2021,iyanya,Iyanya,domestic,133031,2126459,20961,5587.3,8505.84,503.06,14596.2,1676.19,16272.39,24408588.9,0.069856,1136.73,15135.66,22703496.39,observed: artist's own Nigerian share of listeners this quarter,OBS,"observed channel views, quarter net change"
Q1_2022,iyanya,Iyanya,domestic,190193,2113344,21054,7988.11,8453.38,505.3,16946.78,2396.43,19343.21,29014814.7,0.155867,3014.96,16328.25,24492371.81,observed: artist's own Nigerian share of listeners this quarter,OBS,"observed channel views, quarter net change"
Q2_2022,iyanya,Iyanya,domestic,177449,2539683,21124,7452.86,10158.73,506.98,18118.57,2235.86,20354.42,30531635.1,0.080615,1640.88,18713.55,28070318.12,observed: artist's own Nigerian share of listeners this quarter,OBS,"observed channel views, quarter net change"
Q3_2022,iyanya,Iyanya,domestic,337170,9004025,21219,14161.14,36016.1,509.26,50686.5,4248.34,54934.84,82402257.0,0.135682,7453.69,47481.15,71221723.65,observed: artist's own Nigerian share of listeners this quarter,OBS,"observed channel views, quarter net change"
Q4_2022,iyanya,Iyanya,domestic,627030,19155153,21518,26335.26,76620.61,516.43,103472.3,7900.58,111372.88,167059323.0,0.101343,11286.89,100085.99,150128989.87,observed: artist's own Nigerian share of listeners this quarter,OBS,"observed channel views, quarter net change"
Q1_2023,iyanya,Iyanya,domestic,835316,20368822,21770,35083.27,81475.29,522.48,117081.04,10524.98,127606.02,191409032.4,0.119301,15223.46,112382.56,168573837.66,observed: artist's own Nigerian share of listeners this quarter,OBS,"observed channel views, quarter net change"
Q2_2023,iyanya,Iyanya,domestic,1089628,19286099,22017,45764.38,77144.4,528.41,123437.18,13729.31,137166.49,205749739.2,0.161394,22137.91,115028.59,172542880.82,observed: artist's own Nigerian share of listeners this quarter,OBS,"observed channel views, quarter net change"
Q3_2023,iyanya,Iyanya,domestic,879375,16163390,22415,36933.75,64653.56,537.96,102125.27,11080.12,113205.4,169808092.5,0.20942,23707.48,89497.92,134246877.91,observed: artist's own Nigerian share of listeners this quarter,OBS,"observed channel views, quarter net change"
Q4_2023,iyanya,Iyanya,domestic,796565,16166709,22696,33455.73,64666.84,544.7,98667.27,10036.72,108703.99,163055983.5,0.25541,27764.08,80939.91,121409866.56,observed: artist's own Nigerian share of listeners this quarter,OBS,"observed channel views, quarter net change"
Q1_2024,iyanya,Iyanya,domestic,785255,14947188,22898,32980.71,59788.75,549.55,93319.01,9894.21,103213.23,154819840.5,0.217812,22481.03,80732.2,121098294.36,observed: artist's own Nigerian share of listeners this quarter,OBS,"observed channel views, quarter net change"
Q2_2024,iyanya,Iyanya,domestic,687683,13305961,23113,28882.69,53223.84,554.71,82661.24,8664.81,91326.05,136989071.7,0.276896,25287.86,66038.19,99057278.76,observed: artist's own Nigerian share of listeners this quarter,OBS,"observed channel views, quarter net change"
Q3_2024,iyanya,Iyanya,domestic,664319,1179045,23347,27901.4,4716.18,560.33,33177.91,8370.42,41548.33,62322488.1,0.283554,11781.2,29767.13,44650690.9,observed: artist's own Nigerian share of listeners this quarter,OBS,"observed channel views, quarter net change"
Q4_2024,iyanya,Iyanya,domestic,644984,16927257,23541,27089.33,67709.03,564.98,95363.34,8126.8,103490.14,155235207.6,0.305585,31624.99,71865.14,107797716.24,observed: artist's own Nigerian share of listeners this quarter,OBS,"observed channel views, quarter net change"
Q1_2025,iyanya,Iyanya,domestic,562973,13236840,23702,23644.87,52947.36,568.85,77161.07,7093.46,84254.53,126381800.7,0.381018,32102.52,52152.02,78228025.3,observed: artist's own Nigerian share of listeners this quarter,OBS,"observed channel views, quarter net change"
Q2_2025,iyanya,Iyanya,domestic,577409,14317700,23849,24251.18,57270.8,572.38,82094.35,7275.35,89369.71,134054561.1,0.422898,37794.25,51575.45,77363181.16,observed: artist's own Nigerian share of listeners this quarter,OBS,"observed channel views, quarter net change"
Q3_2025,iyanya,Iyanya,domestic,684099,17145100,24063,28732.16,68580.4,577.51,97890.07,8619.65,106509.72,159764576.1,0.464639,49488.56,57021.16,85531740.8,observed: artist's own Nigerian share of listeners this quarter,OBS,"observed channel views, quarter net change"
Q4_2025,iyanya,Iyanya,domestic,607267,18070720,24254,25505.21,72282.88,582.1,98370.19,7651.56,106021.75,159032631.3,0.460697,48843.86,57177.9,85766847.72,observed: artist's own Nigerian share of listeners this quarter,OBS,"observed channel views, quarter net change"
Q1_2026,iyanya,Iyanya,domestic,628624,12006380,24457,26402.21,48025.52,586.97,75014.7,7920.66,82935.36,124403037.6,0.499068,41390.41,41544.95,62317423.55,observed: artist's own Nigerian share of listeners this quarter,OBS,"observed channel views, quarter net change"
Q2_2026,iyanya,Iyanya,domestic,682447,12343616,24742,28662.77,49374.46,593.81,78631.05,8598.83,87229.88,130844817.3,0.467836,40809.24,46420.64,69630954.02,observed: artist's own Nigerian share of listeners this quarter,OBS,"observed channel views, quarter net change"
Q3_2026,iyanya,Iyanya,domestic,711608,3819088,24897,29887.54,15276.35,597.53,45761.42,8966.26,54727.68,82091515.2,0.492009,26926.52,27801.16,41701742.28,observed: artist's own Nigerian share of listeners this quarter,OBS,"observed channel views, quarter net change"
Q1_2019,jesse-jagz,Jesse Jagz,domestic,0,0,4620,0.0,0.0,110.88,110.88,0.0,110.88,166320.0,,,,,not measured: provider published no geography this quarter,UNK,no YouTube presence observed
Q2_2019,jesse-jagz,Jesse Jagz,domestic,5324,0,4635,223.61,0.0,111.24,334.85,67.08,401.93,602895.6,,,,,not measured: provider published no geography this quarter,UNK,no YouTube presence observed
Q3_2019,jesse-jagz,Jesse Jagz,domestic,4343,0,4663,182.41,0.0,111.91,294.32,54.72,349.04,523559.7,,,,,not measured: provider published no geography this quarter,UNK,no YouTube presence observed
Q4_2019,jesse-jagz,Jesse Jagz,domestic,3522,0,4683,147.92,0.0,112.39,260.32,44.38,304.69,457039.8,,,,,not measured: provider published no geography this quarter,UNK,no YouTube presence observed
Q1_2020,jesse-jagz,Jesse Jagz,domestic,3578,0,4700,150.28,0.0,112.8,263.08,45.08,308.16,462238.2,,,,,not measured: provider published no geography this quarter,UNK,no YouTube presence observed
Q2_2020,jesse-jagz,Jesse Jagz,domestic,9348,256500,4944,392.62,1026.0,118.66,1537.27,117.78,1655.06,2482585.2,,,,,not measured: provider published no geography this quarter,UNK,"estimated: subscribers x 15 views/month (EST, first-submission methodology)"
Q3_2020,jesse-jagz,Jesse Jagz,domestic,5613,272700,5064,235.75,1090.8,121.54,1448.08,70.72,1518.81,2278208.7,,,,,not measured: provider published no geography this quarter,UNK,"estimated: subscribers x 15 views/month (EST, first-submission methodology)"
Q4_2020,jesse-jagz,Jesse Jagz,domestic,5825,291600,5115,244.65,1166.4,122.76,1533.81,73.39,1607.21,2410807.5,,,,,not measured: provider published no geography this quarter,UNK,"estimated: subscribers x 15 views/month (EST, first-submission methodology)"
Q1_2021,jesse-jagz,Jesse Jagz,domestic,15485,321300,5164,650.37,1285.2,123.94,2059.51,195.11,2254.62,3381925.5,0.141104,318.14,1936.48,2904721.29,observed: artist's own Nigerian share of listeners this quarter,OBS,"estimated: subscribers x 15 views/month (EST, first-submission methodology)"
Q2_2021,jesse-jagz,Jesse Jagz,domestic,5494,337500,5180,230.75,1350.0,124.32,1705.07,69.22,1774.29,2661438.6,0.251339,445.95,1328.34,1992515.8,observed: artist's own Nigerian share of listeners this quarter,OBS,"estimated: subscribers x 15 views/month (EST, first-submission methodology)"
Q3_2021,jesse-jagz,Jesse Jagz,domestic,24927,5896,5207,1046.93,23.58,124.97,1195.49,314.08,1509.57,2264349.3,0.157755,238.14,1271.42,1907136.44,observed: artist's own Nigerian share of listeners this quarter,OBS,"observed channel views, quarter net change"
Q4_2021,jesse-jagz,Jesse Jagz,domestic,28153,116154,5231,1182.43,464.62,125.54,1772.59,354.73,2127.31,3190970.7,0.182706,388.67,1738.64,2607962.73,observed: artist's own Nigerian share of listeners this quarter,OBS,"observed channel views, quarter net change"
Q1_2022,jesse-jagz,Jesse Jagz,domestic,27579,150786,5262,1158.32,603.14,126.29,1887.75,347.5,2235.25,3352868.1,0.189125,422.74,1812.5,2718755.63,observed: artist's own Nigerian share of listeners this quarter,OBS,"observed channel views, quarter net change"
Q2_2022,jesse-jagz,Jesse Jagz,domestic,24436,166630,5288,1026.31,666.52,126.91,1819.74,307.89,2127.64,3191456.4,0.234288,498.48,1629.16,2443734.91,observed: artist's own Nigerian share of listeners this quarter,OBS,"observed channel views, quarter net change"
Q3_2022,jesse-jagz,Jesse Jagz,domestic,38676,152185,5309,1624.39,608.74,127.42,2360.55,487.32,2847.87,4271798.4,0.18633,530.64,2317.22,3475835.34,observed: artist's own Nigerian share of listeners this quarter,OBS,"observed channel views, quarter net change"
Q4_2022,jesse-jagz,Jesse Jagz,domestic,25853,140107,5316,1085.83,560.43,127.58,1773.84,325.75,2099.59,3149378.7,0.296647,622.84,1476.75,2215124.32,observed: artist's own Nigerian share of listeners this quarter,OBS,"observed channel views, quarter net change"
Q1_2023,jesse-jagz,Jesse Jagz,domestic,24215,177107,5332,1017.03,708.43,127.97,1853.43,305.11,2158.54,3237802.5,0.392174,846.52,1312.01,1968020.26,observed: artist's own Nigerian share of listeners this quarter,OBS,"observed channel views, quarter net change"
Q2_2023,jesse-jagz,Jesse Jagz,domestic,25520,151969,5343,1071.84,607.88,128.23,1807.95,321.55,2129.5,3194250.0,0.43288,921.82,1207.68,1811521.47,observed: artist's own Nigerian share of listeners this quarter,OBS,"observed channel views, quarter net change"
Q3_2023,jesse-jagz,Jesse Jagz,domestic,26613,567000,5360,1117.75,2268.0,128.64,3514.39,335.32,3849.71,5774564.7,0.547618,2108.17,1741.54,2612308.39,observed: artist's own Nigerian share of listeners this quarter,OBS,"estimated: subscribers x 15 views/month (EST, first-submission methodology)"
Q4_2023,jesse-jagz,Jesse Jagz,domestic,33549,128826,5372,1409.06,515.3,128.93,2053.29,422.72,2476.01,3714011.1,0.591021,1463.37,1012.64,1518953.16,observed: artist's own Nigerian share of listeners this quarter,OBS,"observed channel views, quarter net change"
Q1_2024,jesse-jagz,Jesse Jagz,domestic,39727,108791,5379,1668.53,435.16,129.1,2232.79,500.56,2733.35,4100031.3,0.62153,1698.86,1034.49,1551738.11,observed: artist's own Nigerian share of listeners this quarter,OBS,"observed channel views, quarter net change"
Q2_2024,jesse-jagz,Jesse Jagz,domestic,34339,143395,5381,1442.24,573.58,129.14,2144.96,432.67,2577.63,3866450.1,0.649013,1672.92,904.72,1357075.59,observed: artist's own Nigerian share of listeners this quarter,OBS,"observed channel views, quarter net change"
Q3_2024,jesse-jagz,Jesse Jagz,domestic,40913,118977,5383,1718.35,475.91,129.19,2323.45,515.5,2838.95,4258424.7,0.65544,1860.76,978.19,1467284.55,observed: artist's own Nigerian share of listeners this quarter,OBS,"observed channel views, quarter net change"
Q4_2024,jesse-jagz,Jesse Jagz,domestic,47708,22631,5388,2003.74,90.52,129.31,2223.57,601.12,2824.69,4237039.2,0.684027,1932.17,892.53,1338790.09,observed: artist's own Nigerian share of listeners this quarter,OBS,"observed channel views, quarter net change"
Q1_2025,jesse-jagz,Jesse Jagz,domestic,52104,25879,5396,2188.37,103.52,129.5,2421.39,656.51,3077.9,4616847.6,0.70241,2161.95,915.95,1373926.04,observed: artist's own Nigerian share of listeners this quarter,OBS,"observed channel views, quarter net change"
Q2_2025,jesse-jagz,Jesse Jagz,domestic,59558,153028,5402,2501.44,612.11,129.65,3243.2,750.43,3993.63,5990440.2,0.713695,2850.23,1143.39,1715092.39,observed: artist's own Nigerian share of listeners this quarter,OBS,"observed channel views, quarter net change"
Q3_2025,jesse-jagz,Jesse Jagz,domestic,83545,155924,5421,3508.89,623.7,130.1,4262.69,1052.67,5315.36,7973035.5,0.686768,3650.42,1664.94,2497412.96,observed: artist's own Nigerian share of listeners this quarter,OBS,"observed channel views, quarter net change"
Q4_2025,jesse-jagz,Jesse Jagz,domestic,110305,222628,5431,4632.81,890.51,130.34,5653.67,1389.84,7043.51,10565263.5,0.767742,5407.59,1635.91,2453871.3,observed: artist's own Nigerian share of listeners this quarter,OBS,"observed channel views, quarter net change"
Q1_2026,jesse-jagz,Jesse Jagz,domestic,69883,122294,5437,2935.09,489.18,130.49,3554.75,880.53,4435.28,6652913.7,0.801654,3555.56,879.72,1319577.53,observed: artist's own Nigerian share of listeners this quarter,OBS,"observed channel views, quarter net change"
Q2_2026,jesse-jagz,Jesse Jagz,domestic,71996,196517,5439,3023.83,786.07,130.54,3940.44,907.15,4847.59,7271378.4,0.793919,3848.59,998.99,1498492.16,observed: artist's own Nigerian share of listeners this quarter,OBS,"observed channel views, quarter net change"
Q3_2026,jesse-jagz,Jesse Jagz,domestic,78481,126066,5441,3296.2,504.26,130.58,3931.05,988.86,4919.91,7379865.9,0.796473,3918.58,1001.33,1502001.73,observed: artist's own Nigerian share of listeners this quarter,OBS,"observed channel views, quarter net change"
Q1_2019,joeboy,Joeboy,domestic,0,0,34,0.0,0.0,0.82,0.82,0.0,0.82,1224.0,,,,,not measured: provider published no geography this quarter,UNK,no YouTube presence observed
Q2_2019,joeboy,Joeboy,domestic,57377,0,105,2409.83,0.0,2.52,2412.35,722.95,3135.3,4702956.3,,,,,not measured: provider published no geography this quarter,UNK,no YouTube presence observed
Q3_2019,joeboy,Joeboy,domestic,245345,0,3473,10304.49,0.0,83.35,10387.84,3091.35,13479.19,20218783.5,,,,,not measured: provider published no geography this quarter,UNK,no YouTube presence observed
Q4_2019,joeboy,Joeboy,domestic,383116,0,19491,16090.87,0.0,467.78,16558.66,4827.26,21385.92,32078876.4,,,,,not measured: provider published no geography this quarter,UNK,no YouTube presence observed
Q1_2020,joeboy,Joeboy,domestic,479325,0,37087,20131.65,0.0,890.09,21021.74,6039.49,27061.23,40591849.5,,,,,not measured: provider published no geography this quarter,UNK,no YouTube presence observed
Q2_2020,joeboy,Joeboy,domestic,821521,0,60821,34503.88,0.0,1459.7,35963.59,10351.16,46314.75,69472125.9,,,,,not measured: provider published no geography this quarter,UNK,no YouTube presence observed
Q3_2020,joeboy,Joeboy,domestic,708569,648000,90597,29759.9,2592.0,2174.33,34526.23,8927.97,43454.2,65181293.1,,,,,not measured: provider published no geography this quarter,UNK,"estimated: subscribers x 15 views/month (EST, first-submission methodology)"
Q4_2020,joeboy,Joeboy,domestic,749232,3370500,116370,31467.74,13482.0,2792.88,47742.62,9440.32,57182.95,85774420.8,,,,,not measured: provider published no geography this quarter,UNK,"estimated: subscribers x 15 views/month (EST, first-submission methodology)"
Q1_2021,joeboy,Joeboy,domestic,813599,6480000,140831,34171.16,25920.0,3379.94,63471.1,10251.35,73722.45,110583674.1,0.060409,4453.53,69268.92,103903384.43,observed: artist's own Nigerian share of listeners this quarter,OBS,"estimated: subscribers x 15 views/month (EST, first-submission methodology)"
Q2_2021,joeboy,Joeboy,domestic,923914,10305000,164142,38804.39,41220.0,3939.41,83963.8,11641.32,95605.11,143407668.6,0.056008,5354.61,90250.51,135375760.85,observed: artist's own Nigerian share of listeners this quarter,OBS,"estimated: subscribers x 15 views/month (EST, first-submission methodology)"
Q3_2021,joeboy,Joeboy,domestic,902681,1075003,184519,37912.6,4300.01,4428.46,46641.07,11373.78,58014.85,87022275.9,0.075153,4359.98,53654.88,80482313.13,observed: artist's own Nigerian share of listeners this quarter,OBS,"observed channel views, quarter net change"
Q4_2021,joeboy,Joeboy,domestic,2277303,52486612,212875,95646.73,209946.45,5109.0,310702.17,28694.02,339396.19,509094287.7,0.058934,20001.88,319394.31,479091463.22,observed: artist's own Nigerian share of listeners this quarter,OBS,"observed channel views, quarter net change"
Q1_2022,joeboy,Joeboy,domestic,2343393,34949188,234447,98422.51,139796.75,5626.73,243845.99,29526.75,273372.74,410059106.7,0.052918,14466.34,258906.4,388359592.67,observed: artist's own Nigerian share of listeners this quarter,OBS,"observed channel views, quarter net change"
Q2_2022,joeboy,Joeboy,domestic,1985604,29095829,245862,83395.37,116383.32,5900.69,205679.37,25018.61,230697.98,346046973.6,0.057688,13308.5,217389.48,326084223.06,observed: artist's own Nigerian share of listeners this quarter,OBS,"observed channel views, quarter net change"
Q3_2022,joeboy,Joeboy,domestic,1932831,29489136,254997,81178.9,117956.54,6119.93,205255.37,24353.67,229609.04,344413566.9,0.060185,13818.94,215790.1,323685150.98,observed: artist's own Nigerian share of listeners this quarter,OBS,"observed channel views, quarter net change"
Q4_2022,joeboy,Joeboy,domestic,2405291,24144300,261970,101022.22,96577.2,6287.28,203886.7,30306.67,234193.37,351290052.9,0.055963,13106.22,221087.15,331630719.8,observed: artist's own Nigerian share of listeners this quarter,OBS,"observed channel views, quarter net change"
Q1_2023,joeboy,Joeboy,domestic,3179125,28504285,267804,133523.25,114017.14,6427.3,253967.69,40056.97,294024.66,441036991.5,0.081158,23862.44,270162.22,405243334.57,observed: artist's own Nigerian share of listeners this quarter,OBS,"observed channel views, quarter net change"
Q2_2023,joeboy,Joeboy,domestic,3363898,30474122,273243,141283.72,121896.49,6557.83,269738.04,42385.11,312123.15,468184726.2,0.151279,47217.75,264905.4,397358105.24,observed: artist's own Nigerian share of listeners this quarter,OBS,"observed channel views, quarter net change"
Q3_2023,joeboy,Joeboy,domestic,2758334,22737705,278561,115850.03,90950.82,6685.46,213486.31,34755.01,248241.32,372361980.6,0.190682,47335.21,200906.11,301359163.37,observed: artist's own Nigerian share of listeners this quarter,OBS,"observed channel views, quarter net change"
Q4_2023,joeboy,Joeboy,domestic,2729986,22555120,283479,114659.41,90220.48,6803.5,211683.39,34397.82,246081.21,369121817.4,0.22746,55973.54,190107.67,285161506.2,observed: artist's own Nigerian share of listeners this quarter,OBS,"observed channel views, quarter net change"
Q1_2024,joeboy,Joeboy,domestic,2903868,20520178,288760,121962.46,82080.71,6930.24,210973.41,36588.74,247562.14,371343217.2,0.190211,47089.04,200473.11,300709661.21,observed: artist's own Nigerian share of listeners this quarter,OBS,"observed channel views, quarter net change"
Q2_2024,joeboy,Joeboy,domestic,3934507,25233389,293730,165249.29,100933.56,7049.52,273232.37,49574.79,322807.16,484210737.3,0.260313,84031.01,238776.14,358164216.81,observed: artist's own Nigerian share of listeners this quarter,OBS,"observed channel views, quarter net change"
Q3_2024,joeboy,Joeboy,domestic,3965166,22883056,298602,166536.97,91532.22,7166.45,265235.64,49961.09,315196.74,472795103.4,0.227767,71791.42,243405.32,365107976.83,observed: artist's own Nigerian share of listeners this quarter,OBS,"observed channel views, quarter net change"
Q4_2024,joeboy,Joeboy,domestic,3395398,20279348,302113,142606.72,81117.39,7250.71,230974.82,42782.01,273756.83,410635252.2,0.255447,69930.3,203826.54,305739802.99,observed: artist's own Nigerian share of listeners this quarter,OBS,"observed channel views, quarter net change"
Q1_2025,joeboy,Joeboy,domestic,3829675,21946760,305251,160846.35,87787.04,7326.02,255959.41,48253.9,304213.32,456319978.5,0.339879,103395.71,200817.61,301226413.55,observed: artist's own Nigerian share of listeners this quarter,OBS,"observed channel views, quarter net change"
Q2_2025,joeboy,Joeboy,domestic,3441088,31302600,308650,144525.7,125210.4,7407.6,277143.7,43357.71,320501.4,480752107.2,0.303464,97260.5,223240.91,334861360.51,observed: artist's own Nigerian share of listeners this quarter,OBS,"observed channel views, quarter net change"
Q3_2025,joeboy,Joeboy,domestic,3419685,31370360,312372,143626.77,125481.44,7496.93,276605.14,43088.03,319693.17,479539753.5,0.370586,118473.78,201219.39,301829088.46,observed: artist's own Nigerian share of listeners this quarter,OBS,"observed channel views, quarter net change"
Q4_2025,joeboy,Joeboy,domestic,3421212,29208460,30,143690.9,116833.84,0.72,260525.46,43107.27,303632.74,455449102.8,0.41974,127446.7,176186.04,264279056.94,observed: artist's own Nigerian share of listeners this quarter,OBS,"observed channel views, quarter net change"
Q1_2026,joeboy,Joeboy,domestic,3618931,31428680,34,151995.1,125714.72,0.82,277710.64,45598.53,323309.17,484963752.9,0.526248,170140.87,153168.29,229752440.78,observed: artist's own Nigerian share of listeners this quarter,OBS,"observed channel views, quarter net change"
Q2_2026,joeboy,Joeboy,domestic,4303372,31344463,319913,180741.62,125377.85,7677.91,313797.39,54222.49,368019.88,552029812.8,0.61333,225717.53,142302.34,213453515.08,observed: artist's own Nigerian share of listeners this quarter,OBS,"observed channel views, quarter net change"
Q3_2026,joeboy,Joeboy,domestic,4295921,9055443,320889,180428.68,36221.77,7701.34,224351.79,54128.6,278480.39,417720591.9,0.564187,157114.92,121365.47,182048207.9,observed: artist's own Nigerian share of listeners this quarter,OBS,"observed channel views, quarter net change"
Q1_2019,johnny-drille,Johnny Drille,domestic,0,0,708,0.0,0.0,16.99,16.99,0.0,16.99,25488.0,,,,,not measured: provider published no geography this quarter,UNK,no YouTube presence observed
Q2_2019,johnny-drille,Johnny Drille,domestic,137449,0,844,5772.86,0.0,20.26,5793.11,1731.86,7524.97,11287457.1,,,,,not measured: provider published no geography this quarter,UNK,no YouTube presence observed
Q3_2019,johnny-drille,Johnny Drille,domestic,118279,0,1218,4967.72,0.0,29.23,4996.95,1490.32,6487.27,9730898.1,,,,,not measured: provider published no geography this quarter,UNK,no YouTube presence observed
Q4_2019,johnny-drille,Johnny Drille,domestic,86052,0,1780,3614.18,0.0,42.72,3656.9,1084.26,4741.16,7111738.8,,,,,not measured: provider published no geography this quarter,UNK,no YouTube presence observed
Q1_2020,johnny-drille,Johnny Drille,domestic,65703,0,2050,2759.53,0.0,49.2,2808.73,827.86,3636.58,5454875.7,,,,,not measured: provider published no geography this quarter,UNK,no YouTube presence observed
Q2_2020,johnny-drille,Johnny Drille,domestic,48949,0,2313,2055.86,0.0,55.51,2111.37,616.76,2728.13,4092191.1,,,,,not measured: provider published no geography this quarter,UNK,no YouTube presence observed
Q3_2020,johnny-drille,Johnny Drille,domestic,49657,0,2659,2085.59,0.0,63.82,2149.41,625.68,2775.09,4162632.3,,,,,not measured: provider published no geography this quarter,UNK,no YouTube presence observed
Q4_2020,johnny-drille,Johnny Drille,domestic,50342,0,3001,2114.36,0.0,72.02,2186.39,634.31,2820.7,4231045.8,,,,,not measured: provider published no geography this quarter,UNK,no YouTube presence observed
Q1_2021,johnny-drille,Johnny Drille,domestic,75349,0,3586,3164.66,0.0,86.06,3250.72,949.4,4200.12,6300179.1,0.105443,442.87,3757.25,5635871.37,observed: artist's own Nigerian share of listeners this quarter,OBS,no YouTube presence observed
Q2_2021,johnny-drille,Johnny Drille,domestic,81378,0,4046,3417.88,0.0,97.1,3514.98,1025.36,4540.34,6810514.2,0.090596,411.34,4129.01,6193509.21,observed: artist's own Nigerian share of listeners this quarter,OBS,no YouTube presence observed
Q3_2021,johnny-drille,Johnny Drille,domestic,118151,0,4982,4962.34,0.0,119.57,5081.91,1488.7,6570.61,9855918.9,0.203966,1340.18,5230.43,7845647.69,observed: artist's own Nigerian share of listeners this quarter,OBS,no YouTube presence observed
Q4_2021,johnny-drille,Johnny Drille,domestic,105724,0,6306,4440.41,0.0,151.34,4591.75,1332.12,5923.87,8885811.6,0.177628,1052.25,4871.63,7307439.66,observed: artist's own Nigerian share of listeners this quarter,OBS,no YouTube presence observed
Q1_2022,johnny-drille,Johnny Drille,domestic,109694,0,6978,4607.15,0.0,167.47,4774.62,1382.14,6156.76,9235146.6,0.194436,1197.09,4959.67,7439504.49,observed: artist's own Nigerian share of listeners this quarter,OBS,no YouTube presence observed
Q2_2022,johnny-drille,Johnny Drille,domestic,108898,0,7201,4573.72,0.0,172.82,4746.54,1372.11,6118.65,9177982.2,0.195613,1196.89,4921.76,7382646.94,observed: artist's own Nigerian share of listeners this quarter,OBS,no YouTube presence observed
Q3_2022,johnny-drille,Johnny Drille,domestic,116392,0,7338,4888.46,0.0,176.11,5064.58,1466.54,6531.12,9796672.8,0.158712,1036.57,5494.55,8241824.21,observed: artist's own Nigerian share of listeners this quarter,OBS,no YouTube presence observed
Q4_2022,johnny-drille,Johnny Drille,domestic,323757,0,7644,13597.79,0.0,183.46,13781.25,4079.34,17860.59,26790882.3,0.370605,6619.23,11241.36,16862044.3,observed: artist's own Nigerian share of listeners this quarter,OBS,no YouTube presence observed
Q1_2023,johnny-drille,Johnny Drille,domestic,367975,0,7812,15454.95,0.0,187.49,15642.44,4636.48,20278.92,30418384.5,0.254334,5157.62,15121.3,22681952.1,observed: artist's own Nigerian share of listeners this quarter,OBS,no YouTube presence observed
Q2_2023,johnny-drille,Johnny Drille,domestic,569431,0,8041,23916.1,0.0,192.98,24109.09,7174.83,31283.92,46925874.9,0.429414,13433.75,17850.16,26775247.24,observed: artist's own Nigerian share of listeners this quarter,OBS,no YouTube presence observed
Q3_2023,johnny-drille,Johnny Drille,domestic,581506,0,8260,24423.25,0.0,198.24,24621.49,7326.98,31948.47,47922701.4,0.432517,13818.26,18130.21,27195318.74,observed: artist's own Nigerian share of listeners this quarter,OBS,no YouTube presence observed
Q4_2023,johnny-drille,Johnny Drille,domestic,572790,0,8458,24057.18,0.0,202.99,24260.17,7217.15,31477.33,47215989.0,0.479373,15089.39,16387.94,24581910.28,observed: artist's own Nigerian share of listeners this quarter,OBS,no YouTube presence observed
Q1_2024,johnny-drille,Johnny Drille,domestic,553185,0,8557,23233.77,0.0,205.37,23439.14,6970.13,30409.27,45613903.5,0.448736,13645.73,16763.54,25145306.04,observed: artist's own Nigerian share of listeners this quarter,OBS,no YouTube presence observed
Q2_2024,johnny-drille,Johnny Drille,domestic,580174,6282663,8655,24367.31,25130.65,207.72,49705.68,7310.19,57015.87,85523808.6,0.419539,23920.38,33095.49,49643234.65,observed: artist's own Nigerian share of listeners this quarter,OBS,"observed channel views, quarter net change"
Q3_2024,johnny-drille,Johnny Drille,domestic,486377,13421697,8733,20427.83,53686.79,209.59,74324.21,6128.35,80452.56,120678846.3,0.471262,37914.24,42538.33,63807491.28,observed: artist's own Nigerian share of listeners this quarter,OBS,"observed channel views, quarter net change"
Q4_2024,johnny-drille,Johnny Drille,domestic,784737,22024008,8846,32958.95,88096.03,212.3,121267.29,9887.69,131154.98,196732464.3,0.611855,80247.83,50907.15,76360725.95,observed: artist's own Nigerian share of listeners this quarter,OBS,"observed channel views, quarter net change"
Q1_2025,johnny-drille,Johnny Drille,domestic,558408,20319068,8955,23453.14,81276.27,214.92,104944.33,7035.94,111980.27,167970403.2,0.653298,73156.52,38823.75,58235623.47,observed: artist's own Nigerian share of listeners this quarter,OBS,"observed channel views, quarter net change"
Q2_2025,johnny-drille,Johnny Drille,domestic,1189525,20450200,9122,49960.05,81800.8,218.93,131979.78,14988.01,146967.79,220451689.5,0.71797,105518.43,41449.36,62174038.96,observed: artist's own Nigerian share of listeners this quarter,OBS,"observed channel views, quarter net change"
Q3_2025,johnny-drille,Johnny Drille,domestic,955233,21842510,9292,40119.79,87370.04,223.01,127712.83,12035.94,139748.77,209623154.7,0.64677,90385.3,49363.46,74045197.34,observed: artist's own Nigerian share of listeners this quarter,OBS,"observed channel views, quarter net change"
Q4_2025,johnny-drille,Johnny Drille,domestic,883064,18175620,9457,37088.69,72702.48,226.97,110018.14,11126.61,121144.74,181717113.6,0.65326,79139.01,42005.73,63008598.17,observed: artist's own Nigerian share of listeners this quarter,OBS,"observed channel views, quarter net change"
Q1_2026,johnny-drille,Johnny Drille,domestic,795541,11841150,9596,33412.72,47364.6,230.3,81007.63,10023.82,91031.44,136547163.9,0.650087,59178.34,31853.1,47779653.22,observed: artist's own Nigerian share of listeners this quarter,OBS,"observed channel views, quarter net change"
Q2_2026,johnny-drille,Johnny Drille,domestic,1680727,26803135,10046,70590.53,107212.54,241.1,178044.18,21177.16,199221.34,298832007.3,0.713564,142157.14,57064.2,85596294.81,observed: artist's own Nigerian share of listeners this quarter,OBS,"observed channel views, quarter net change"
Q3_2026,johnny-drille,Johnny Drille,domestic,2089767,10905615,10247,87770.21,43622.46,245.93,131638.6,26331.06,157969.67,236954499.3,0.775274,122469.83,35499.84,53249755.23,observed: artist's own Nigerian share of listeners this quarter,OBS,"observed channel views, quarter net change"
Q1_2022,khaid,Khaid,domestic,147559,0,380,6197.48,0.0,9.12,6206.6,1859.24,8065.84,12098762.1,0.443528,3577.42,4488.42,6732625.21,observed: artist's own Nigerian share of listeners this quarter,OBS,no YouTube presence observed
Q2_2022,khaid,Khaid,domestic,269137,0,644,11303.75,0.0,15.46,11319.21,3391.13,14710.34,22065504.3,0.301378,4433.37,10276.97,15415452.55,observed: artist's own Nigerian share of listeners this quarter,OBS,no YouTube presence observed
Q3_2022,khaid,Khaid,domestic,189855,0,794,7973.91,0.0,19.06,7992.97,2392.17,10385.14,15577708.5,0.217996,2263.92,8121.22,12181824.06,observed: artist's own Nigerian share of listeners this quarter,OBS,no YouTube presence observed
Q4_2022,khaid,Khaid,domestic,169953,0,848,7138.03,0.0,20.35,7158.38,2141.41,9299.79,13949678.7,0.314857,2928.1,6371.69,9557530.35,observed: artist's own Nigerian share of listeners this quarter,OBS,no YouTube presence observed
Q1_2023,khaid,Khaid,domestic,566145,0,1015,23778.09,0.0,24.36,23802.45,7133.43,30935.88,46403815.5,0.55341,17120.24,13815.64,20723459.82,observed: artist's own Nigerian share of listeners this quarter,OBS,no YouTube presence observed
Q2_2023,khaid,Khaid,domestic,637263,0,1393,26765.05,0.0,33.43,26798.48,8029.51,34827.99,52241987.7,0.492896,17166.59,17661.4,26492096.92,observed: artist's own Nigerian share of listeners this quarter,OBS,no YouTube presence observed
Q3_2023,khaid,Khaid,domestic,1075017,0,1803,45150.71,0.0,43.27,45193.99,13545.21,58739.2,88108800.3,0.617272,36258.06,22481.14,33721711.42,observed: artist's own Nigerian share of listeners this quarter,OBS,no YouTube presence observed
Q4_2023,khaid,Khaid,domestic,1252108,16755574,2215,52588.54,67022.3,53.16,119663.99,15776.56,135440.55,203160829.2,0.59576,80690.02,54750.53,82125801.69,observed: artist's own Nigerian share of listeners this quarter,OBS,"observed channel views, quarter net change"
Q1_2024,khaid,Khaid,domestic,1281305,14974590,2529,53814.81,59898.36,60.7,113773.87,16144.44,129918.31,194877463.5,0.55186,71696.73,58221.58,87332369.06,observed: artist's own Nigerian share of listeners this quarter,OBS,"observed channel views, quarter net change"
Q2_2024,khaid,Khaid,domestic,1006427,14728885,2942,42269.93,58915.54,70.61,101256.08,12680.98,113937.06,170905593.3,0.62631,71359.88,42577.18,63865769.45,observed: artist's own Nigerian share of listeners this quarter,OBS,"observed channel views, quarter net change"
Q3_2024,khaid,Khaid,domestic,1002494,17333886,3199,42104.75,69335.54,76.78,111517.07,12631.42,124148.49,186222738.6,0.649784,80669.72,43478.77,65218156.09,observed: artist's own Nigerian share of listeners this quarter,OBS,"observed channel views, quarter net change"
Q4_2024,khaid,Khaid,domestic,1165706,20461406,3440,48959.65,81845.62,82.56,130887.84,14687.9,145575.73,218363597.4,0.710338,103407.94,42167.79,63251686.67,observed: artist's own Nigerian share of listeners this quarter,OBS,"observed channel views, quarter net change"
Q1_2025,khaid,Khaid,domestic,970954,13811366,3616,40780.07,55245.46,86.78,96112.32,12234.02,108346.34,162519504.6,0.753147,81600.71,26745.63,40118438.51,observed: artist's own Nigerian share of listeners this quarter,OBS,"observed channel views, quarter net change"
Q2_2025,khaid,Khaid,domestic,1384195,23764530,3908,58136.19,95058.12,93.79,153288.1,17440.86,170728.96,256093438.5,0.531796,90792.89,79936.07,119904097.93,observed: artist's own Nigerian share of listeners this quarter,OBS,"observed channel views, quarter net change"
Q3_2025,khaid,Khaid,domestic,3045962,28511870,4091,127930.4,114047.48,98.18,242076.07,38379.12,280455.19,420682783.8,0.207436,58176.48,222278.71,333418060.61,observed: artist's own Nigerian share of listeners this quarter,OBS,"observed channel views, quarter net change"
Q4_2025,khaid,Khaid,domestic,2660702,27860880,4277,111749.48,111443.52,102.65,223295.65,33524.85,256820.5,385230745.8,0.360904,92687.48,164133.02,246199529.99,observed: artist's own Nigerian share of listeners this quarter,OBS,"observed channel views, quarter net change"
Q1_2026,khaid,Khaid,domestic,2472492,25118880,4464,103844.66,100475.52,107.14,204427.32,31153.4,235580.72,353371078.8,0.467221,110068.19,125512.53,188268798.75,observed: artist's own Nigerian share of listeners this quarter,OBS,"observed channel views, quarter net change"
Q2_2026,khaid,Khaid,domestic,2769297,24196958,4749,116310.47,96787.83,113.98,213212.28,34893.14,248105.42,372158136.3,0.471004,116858.56,131246.86,196870295.04,observed: artist's own Nigerian share of listeners this quarter,OBS,"observed channel views, quarter net change"
Q3_2026,khaid,Khaid,domestic,2959157,10585854,4882,124284.59,42343.42,117.17,166745.18,37285.38,204030.56,306045834.3,0.520398,106177.07,97853.49,146780233.99,observed: artist's own Nigerian share of listeners this quarter,OBS,"observed channel views, quarter net change"
Q1_2019,king-sunny-ade,King Sunny Ade,domestic,0,0,5991,0.0,0.0,143.78,143.78,0.0,143.78,215676.0,,,,,not measured: provider published no geography this quarter,UNK,no YouTube presence observed
Q2_2019,king-sunny-ade,King Sunny Ade,domestic,30585,0,6047,1284.57,0.0,145.13,1429.7,385.37,1815.07,2722603.5,,,,,not measured: provider published no geography this quarter,UNK,no YouTube presence observed
Q3_2019,king-sunny-ade,King Sunny Ade,domestic,37331,0,6179,1567.9,0.0,148.3,1716.2,470.37,2186.57,3279852.9,,,,,not measured: provider published no geography this quarter,UNK,no YouTube presence observed
Q4_2019,king-sunny-ade,King Sunny Ade,domestic,28424,0,6360,1193.81,0.0,152.64,1346.45,358.14,1704.59,2556885.6,,,,,not measured: provider published no geography this quarter,UNK,no YouTube presence observed
Q1_2020,king-sunny-ade,King Sunny Ade,domestic,28723,0,6530,1206.37,0.0,156.72,1363.09,361.91,1725.0,2587493.7,,,,,not measured: provider published no geography this quarter,UNK,no YouTube presence observed
Q2_2020,king-sunny-ade,King Sunny Ade,domestic,30979,0,6812,1301.12,0.0,163.49,1464.61,390.34,1854.94,2782412.1,,,,,not measured: provider published no geography this quarter,UNK,no YouTube presence observed
Q3_2020,king-sunny-ade,King Sunny Ade,domestic,32821,0,7217,1378.48,0.0,173.21,1551.69,413.54,1965.23,2947851.9,,,,,not measured: provider published no geography this quarter,UNK,no YouTube presence observed
Q4_2020,king-sunny-ade,King Sunny Ade,domestic,28300,0,7493,1188.6,0.0,179.83,1368.43,356.58,1725.01,2587518.0,,,,,not measured: provider published no geography this quarter,UNK,no YouTube presence observed
Q1_2021,king-sunny-ade,King Sunny Ade,domestic,33785,0,7838,1418.97,0.0,188.11,1607.08,425.69,2032.77,3049159.5,0.060619,123.22,1909.55,2864323.67,observed: artist's own Nigerian share of listeners this quarter,OBS,no YouTube presence observed
Q2_2021,king-sunny-ade,King Sunny Ade,domestic,36436,0,8081,1530.31,0.0,193.94,1724.26,459.09,2183.35,3275024.4,0.061212,133.65,2049.7,3074554.67,observed: artist's own Nigerian share of listeners this quarter,OBS,no YouTube presence observed
Q3_2021,king-sunny-ade,King Sunny Ade,domestic,36069,0,8307,1514.9,0.0,199.37,1714.27,454.47,2168.74,3253103.1,0.114108,247.47,1921.26,2881897.08,observed: artist's own Nigerian share of listeners this quarter,OBS,no YouTube presence observed
Q4_2021,king-sunny-ade,King Sunny Ade,domestic,43023,0,8487,1806.97,0.0,203.69,2010.65,542.09,2552.74,3829115.7,0.128579,328.23,2224.51,3336771.37,observed: artist's own Nigerian share of listeners this quarter,OBS,no YouTube presence observed
Q1_2022,king-sunny-ade,King Sunny Ade,domestic,35544,0,8666,1492.85,0.0,207.98,1700.83,447.85,2148.69,3223029.6,0.180674,388.21,1760.47,2640712.18,observed: artist's own Nigerian share of listeners this quarter,OBS,no YouTube presence observed
Q2_2022,king-sunny-ade,King Sunny Ade,domestic,37688,0,8760,1582.9,0.0,210.24,1793.14,474.87,2268.0,3402007.2,0.210765,478.02,1789.99,2684982.22,observed: artist's own Nigerian share of listeners this quarter,OBS,no YouTube presence observed
Q3_2022,king-sunny-ade,King Sunny Ade,domestic,39916,0,8842,1676.47,0.0,212.21,1888.68,502.94,2391.62,3587432.4,0.212236,507.59,1884.03,2826049.79,observed: artist's own Nigerian share of listeners this quarter,OBS,no YouTube presence observed
Q4_2022,king-sunny-ade,King Sunny Ade,domestic,63460,0,8943,2665.32,0.0,214.63,2879.95,799.6,3679.55,5519322.0,0.189733,698.13,2981.42,4472125.12,observed: artist's own Nigerian share of listeners this quarter,OBS,no YouTube presence observed
Q1_2023,king-sunny-ade,King Sunny Ade,domestic,71666,0,9080,3009.97,0.0,217.92,3227.89,902.99,4130.88,6196325.4,0.229092,946.35,3184.53,4776798.92,observed: artist's own Nigerian share of listeners this quarter,OBS,no YouTube presence observed
Q2_2023,king-sunny-ade,King Sunny Ade,domestic,71467,0,9202,3001.61,0.0,220.85,3222.46,900.48,4122.95,6184419.3,0.297362,1226.01,2896.94,4345409.42,observed: artist's own Nigerian share of listeners this quarter,OBS,no YouTube presence observed
Q3_2023,king-sunny-ade,King Sunny Ade,domestic,68431,0,9401,2874.1,0.0,225.62,3099.73,862.23,3961.96,5942934.9,0.373874,1481.27,2480.68,3721023.7,observed: artist's own Nigerian share of listeners this quarter,OBS,no YouTube presence observed
Q4_2023,king-sunny-ade,King Sunny Ade,domestic,74360,0,9868,3123.12,0.0,236.83,3359.95,936.94,4296.89,6445332.0,0.465156,1998.72,2298.16,3447245.27,observed: artist's own Nigerian share of listeners this quarter,OBS,no YouTube presence observed
Q1_2024,king-sunny-ade,King Sunny Ade,domestic,72732,0,10166,3054.74,0.0,243.98,3298.73,916.42,4215.15,6322726.8,0.483751,2039.08,2176.07,3264102.39,observed: artist's own Nigerian share of listeners this quarter,OBS,no YouTube presence observed
Q2_2024,king-sunny-ade,King Sunny Ade,domestic,80378,240817,10350,3375.88,963.27,248.4,4587.54,1012.76,5600.31,8400460.2,0.558088,3125.47,2474.84,3712262.42,observed: artist's own Nigerian share of listeners this quarter,OBS,"observed channel views, quarter net change"
Q3_2024,king-sunny-ade,King Sunny Ade,domestic,79640,750943,10543,3344.88,3003.77,253.03,6601.68,1003.46,7605.15,11407722.0,0.597438,4543.61,3061.54,4592309.99,observed: artist's own Nigerian share of listeners this quarter,OBS,"observed channel views, quarter net change"
Q4_2024,king-sunny-ade,King Sunny Ade,domestic,91293,496431,10775,3834.31,1985.72,258.6,6078.63,1150.29,7228.92,10843382.7,0.667513,4825.4,2403.53,3605287.74,observed: artist's own Nigerian share of listeners this quarter,OBS,"observed channel views, quarter net change"
Q1_2025,king-sunny-ade,King Sunny Ade,domestic,90179,1059112,11241,3787.52,4236.45,269.78,8293.75,1136.26,9430.01,14145008.1,0.676229,6376.84,3053.16,4579743.89,observed: artist's own Nigerian share of listeners this quarter,OBS,"observed channel views, quarter net change"
Q2_2025,king-sunny-ade,King Sunny Ade,domestic,119270,648534,11584,5009.34,2594.14,278.02,7881.49,1502.8,9384.29,14076441.0,0.715809,6717.36,2666.93,4000401.51,observed: artist's own Nigerian share of listeners this quarter,OBS,"observed channel views, quarter net change"
Q3_2025,king-sunny-ade,King Sunny Ade,domestic,126263,1011064,12385,5303.05,4044.26,297.24,9644.54,1590.91,11235.46,16853183.7,0.76184,8559.62,2675.84,4013755.48,observed: artist's own Nigerian share of listeners this quarter,OBS,"observed channel views, quarter net change"
Q4_2025,king-sunny-ade,King Sunny Ade,domestic,145486,679881,13082,6110.41,2719.52,313.97,9143.9,1833.12,10977.03,16465541.4,0.783151,8596.67,2380.36,3570543.11,observed: artist's own Nigerian share of listeners this quarter,OBS,"observed channel views, quarter net change"
Q1_2026,king-sunny-ade,King Sunny Ade,domestic,145164,1059095,13625,6096.89,4236.38,327.0,10660.27,1829.07,12489.33,18734001.6,0.81528,10182.31,2307.03,3460537.58,observed: artist's own Nigerian share of listeners this quarter,OBS,"observed channel views, quarter net change"
Q2_2026,king-sunny-ade,King Sunny Ade,domestic,151995,922196,13738,6383.79,3688.78,329.71,10402.29,1915.14,12317.42,18476134.5,0.845442,10413.67,1903.75,2855629.14,observed: artist's own Nigerian share of listeners this quarter,OBS,"observed channel views, quarter net change"
Q3_2026,king-sunny-ade,King Sunny Ade,domestic,156662,1300500,13788,6579.8,5202.0,330.91,12112.72,1973.94,14086.66,21129985.8,0.825401,11627.14,2459.52,3689274.8,observed: artist's own Nigerian share of listeners this quarter,OBS,"estimated: subscribers x 15 views/month (EST, first-submission methodology)"
Q1_2019,kizz-daniel,Kizz Daniel,domestic,0,0,2184,0.0,0.0,52.42,52.42,0.0,52.42,78624.0,,,,,not measured: provider published no geography this quarter,UNK,no YouTube presence observed
Q2_2019,kizz-daniel,Kizz Daniel,domestic,318111,0,13273,13360.66,0.0,318.55,13679.21,4008.2,17687.41,26531118.9,,,,,not measured: provider published no geography this quarter,UNK,no YouTube presence observed
Q3_2019,kizz-daniel,Kizz Daniel,domestic,307568,0,24187,12917.86,0.0,580.49,13498.34,3875.36,17373.7,26060551.2,,,,,not measured: provider published no geography this quarter,UNK,no YouTube presence observed
Q4_2019,kizz-daniel,Kizz Daniel,domestic,279012,0,37580,11718.5,0.0,901.92,12620.42,3515.55,16135.98,24203962.8,,,,,not measured: provider published no geography this quarter,UNK,no YouTube presence observed
Q1_2020,kizz-daniel,Kizz Daniel,domestic,352333,0,49845,14797.99,0.0,1196.28,15994.27,4439.4,20433.66,30650492.7,,,,,not measured: provider published no geography this quarter,UNK,no YouTube presence observed
Q2_2020,kizz-daniel,Kizz Daniel,domestic,391208,19350000,62773,16430.74,77400.0,1506.55,95337.29,4929.22,100266.51,150399763.2,,,,,not measured: provider published no geography this quarter,UNK,"estimated: subscribers x 15 views/month (EST, first-submission methodology)"
Q3_2020,kizz-daniel,Kizz Daniel,domestic,473358,21870000,79813,19881.04,87480.0,1915.51,109276.55,5964.31,115240.86,172861288.2,,,,,not measured: provider published no geography this quarter,UNK,"estimated: subscribers x 15 views/month (EST, first-submission methodology)"
Q4_2020,kizz-daniel,Kizz Daniel,domestic,470838,23715000,94345,19775.2,94860.0,2264.28,116899.48,5932.56,122832.03,184248052.2,,,,,not measured: provider published no geography this quarter,UNK,"estimated: subscribers x 15 views/month (EST, first-submission methodology)"
Q1_2021,kizz-daniel,Kizz Daniel,domestic,1169382,26685000,105294,49114.04,106740.0,2527.06,158381.1,14734.21,173115.31,259672969.8,0.022411,3879.68,169235.63,253853443.32,observed: artist's own Nigerian share of listeners this quarter,OBS,"estimated: subscribers x 15 views/month (EST, first-submission methodology)"
Q2_2021,kizz-daniel,Kizz Daniel,domestic,1405959,29160000,115190,59050.28,116640.0,2764.56,178454.84,17715.08,196169.92,294254882.1,0.016956,3326.16,192843.76,289265635.89,observed: artist's own Nigerian share of listeners this quarter,OBS,"estimated: subscribers x 15 views/month (EST, first-submission methodology)"
Q3_2021,kizz-daniel,Kizz Daniel,domestic,1670052,2420126,126448,70142.18,9680.5,3034.75,82857.44,21042.66,103900.1,155850142.8,0.043647,4534.93,99365.17,149047754.17,observed: artist's own Nigerian share of listeners this quarter,OBS,"observed channel views, quarter net change"
Q4_2021,kizz-daniel,Kizz Daniel,domestic,1671361,33813380,142182,70197.16,135253.52,3412.37,208863.05,21059.15,229922.2,344883297.9,0.073106,16808.61,213113.59,319670378.16,observed: artist's own Nigerian share of listeners this quarter,OBS,"observed channel views, quarter net change"
Q1_2022,kizz-daniel,Kizz Daniel,domestic,1905526,23620569,158817,80032.09,94482.28,3811.61,178325.98,24009.63,202335.6,303503405.4,0.072669,14703.43,187632.17,281448261.37,observed: artist's own Nigerian share of listeners this quarter,OBS,"observed channel views, quarter net change"
Q2_2022,kizz-daniel,Kizz Daniel,domestic,2350529,83220183,167174,98722.22,332880.73,4012.18,435615.13,29616.67,465231.79,697847687.1,0.088335,41096.28,424135.51,636203269.25,observed: artist's own Nigerian share of listeners this quarter,OBS,"observed channel views, quarter net change"
Q3_2022,kizz-daniel,Kizz Daniel,domestic,2266435,108486555,174528,95190.27,433946.22,4188.67,533325.16,28557.08,561882.24,842823364.5,0.07329,41180.38,520701.86,781052790.36,observed: artist's own Nigerian share of listeners this quarter,OBS,"observed channel views, quarter net change"
Q4_2022,kizz-daniel,Kizz Daniel,domestic,3316678,105278829,181090,139300.48,421115.32,4346.16,564761.95,41790.14,606552.09,909828142.2,0.081104,49193.94,557358.15,836037228.65,observed: artist's own Nigerian share of listeners this quarter,OBS,"observed channel views, quarter net change"
Q1_2023,kizz-daniel,Kizz Daniel,domestic,3651316,117378136,187082,153355.27,469512.54,4489.97,627357.78,46006.58,673364.37,1010046548.4,0.143983,96953.19,576411.17,864616759.6,observed: artist's own Nigerian share of listeners this quarter,OBS,"observed channel views, quarter net change"
Q2_2023,kizz-daniel,Kizz Daniel,domestic,4408832,92128136,192320,185170.94,368512.54,4615.68,558299.17,55551.28,613850.45,920775676.8,0.12983,79696.2,534154.25,801231371.29,observed: artist's own Nigerian share of listeners this quarter,OBS,"observed channel views, quarter net change"
Q3_2023,kizz-daniel,Kizz Daniel,domestic,4294929,72469076,196987,180387.02,289876.3,4727.69,474991.01,54116.11,529107.12,793660673.1,0.157462,83314.1,445793.02,668689523.93,observed: artist's own Nigerian share of listeners this quarter,OBS,"observed channel views, quarter net change"
Q4_2023,kizz-daniel,Kizz Daniel,domestic,4618938,88101316,201921,193995.4,352405.26,4846.1,551246.76,58198.62,609445.38,914168074.2,0.259205,157971.16,451474.23,677211341.49,observed: artist's own Nigerian share of listeners this quarter,OBS,"observed channel views, quarter net change"
Q1_2024,kizz-daniel,Kizz Daniel,domestic,4828147,84989530,207963,202782.17,339958.12,4991.11,547731.41,60834.65,608566.06,912849087.3,0.256177,155900.43,452665.63,678998440.44,observed: artist's own Nigerian share of listeners this quarter,OBS,"observed channel views, quarter net change"
Q2_2024,kizz-daniel,Kizz Daniel,domestic,5019345,67873743,213397,210812.49,271494.97,5121.53,487428.99,63243.75,550672.74,826009105.5,0.300009,165206.76,385465.98,578198969.47,observed: artist's own Nigerian share of listeners this quarter,OBS,"observed channel views, quarter net change"
Q3_2024,kizz-daniel,Kizz Daniel,domestic,4582735,60352408,217977,192474.87,241409.63,5231.45,439115.95,57742.46,496858.41,745287616.5,0.327029,162486.87,334371.55,501557317.56,observed: artist's own Nigerian share of listeners this quarter,OBS,"observed channel views, quarter net change"
Q4_2024,kizz-daniel,Kizz Daniel,domestic,4420620,76288365,222230,185666.04,305153.46,5333.52,496153.02,55699.81,551852.83,827779248.0,0.37934,209340.09,342512.75,513769118.14,observed: artist's own Nigerian share of listeners this quarter,OBS,"observed channel views, quarter net change"
Q1_2025,kizz-daniel,Kizz Daniel,domestic,3592170,50862700,225763,150871.14,203450.8,5418.31,359740.25,45261.34,405001.59,607502391.0,0.389957,157933.23,247068.37,370602553.49,observed: artist's own Nigerian share of listeners this quarter,OBS,"observed channel views, quarter net change"
Q2_2025,kizz-daniel,Kizz Daniel,domestic,4919526,69365500,229428,206620.09,277462.0,5506.27,489588.36,61986.03,551574.39,827361587.4,0.577335,318443.36,233131.03,349696540.34,observed: artist's own Nigerian share of listeners this quarter,OBS,"observed channel views, quarter net change"
Q3_2025,kizz-daniel,Kizz Daniel,domestic,4384672,44670800,233238,184156.22,178683.2,5597.71,368437.14,55246.87,423684.0,635526004.8,0.594105,251712.71,171971.3,257956944.23,observed: artist's own Nigerian share of listeners this quarter,OBS,"observed channel views, quarter net change"
Q4_2025,kizz-daniel,Kizz Daniel,domestic,4456012,58616200,236009,187152.5,234464.8,5664.22,427281.52,56145.75,483427.27,725140906.8,0.592283,286325.62,197101.65,295652474.67,observed: artist's own Nigerian share of listeners this quarter,OBS,"observed channel views, quarter net change"
Q1_2026,kizz-daniel,Kizz Daniel,domestic,4175045,45213000,238581,175351.89,180852.0,5725.94,361929.83,52605.57,414535.4,621803101.5,0.590937,244964.32,169571.08,254356622.27,observed: artist's own Nigerian share of listeners this quarter,OBS,"observed channel views, quarter net change"
Q2_2026,kizz-daniel,Kizz Daniel,domestic,4557323,48299593,241261,191407.57,193198.37,5790.26,390396.2,57422.27,447818.47,671727707.7,0.590851,264594.1,183224.37,274836550.65,observed: artist's own Nigerian share of listeners this quarter,OBS,"observed channel views, quarter net change"
Q3_2026,kizz-daniel,Kizz Daniel,domestic,4380766,16906152,242318,183992.17,67624.61,5815.63,257432.41,55197.65,312630.06,468945095.4,0.575736,179992.51,132637.55,198956331.64,observed: artist's own Nigerian share of listeners this quarter,OBS,"observed channel views, quarter net change"
Q1_2019,korede-bello,Korede Bello,domestic,0,2988540,18103,0.0,11954.16,434.47,12388.63,0.0,12388.63,18582948.0,,,,,not measured: provider published no geography this quarter,UNK,"estimated: subscribers x 15 views/month (EST, first-submission methodology)"
Q2_2019,korede-bello,Korede Bello,domestic,401483,3530160,18199,16862.29,14120.64,436.78,31419.7,5058.69,36478.39,54717581.7,,,,,not measured: provider published no geography this quarter,UNK,"estimated: subscribers x 15 views/month (EST, first-submission methodology)"
Q3_2019,korede-bello,Korede Bello,domestic,397252,3896820,18295,16684.58,15587.28,439.08,32710.94,5005.38,37716.32,56574478.8,,,,,not measured: provider published no geography this quarter,UNK,"estimated: subscribers x 15 views/month (EST, first-submission methodology)"
Q4_2019,korede-bello,Korede Bello,domestic,371358,0,18468,15597.04,0.0,443.23,16040.27,4679.11,20719.38,31079068.2,,,,,not measured: provider published no geography this quarter,UNK,no YouTube presence observed
Q1_2020,korede-bello,Korede Bello,domestic,384767,0,18576,16160.21,0.0,445.82,16606.04,4848.06,21454.1,32181153.3,,,,,not measured: provider published no geography this quarter,UNK,no YouTube presence observed
Q2_2020,korede-bello,Korede Bello,domestic,606263,0,19270,25463.05,0.0,462.48,25925.53,7638.91,33564.44,50346659.7,,,,,not measured: provider published no geography this quarter,UNK,no YouTube presence observed
Q3_2020,korede-bello,Korede Bello,domestic,505904,0,20232,21247.97,0.0,485.57,21733.54,6374.39,28107.93,42161889.6,,,,,not measured: provider published no geography this quarter,UNK,no YouTube presence observed
Q4_2020,korede-bello,Korede Bello,domestic,434649,0,20692,18255.26,0.0,496.61,18751.87,5476.58,24228.44,36342665.1,,,,,not measured: provider published no geography this quarter,UNK,no YouTube presence observed
Q1_2021,korede-bello,Korede Bello,domestic,575104,0,20989,24154.37,0.0,503.74,24658.1,7246.31,31904.41,47856621.6,0.01779,567.57,31336.84,47005260.64,observed: artist's own Nigerian share of listeners this quarter,OBS,no YouTube presence observed
Q2_2021,korede-bello,Korede Bello,domestic,575714,0,21239,24179.99,0.0,509.74,24689.72,7254.0,31943.72,47915580.6,0.02012,642.72,31301.0,46951505.24,observed: artist's own Nigerian share of listeners this quarter,OBS,no YouTube presence observed
Q3_2021,korede-bello,Korede Bello,domestic,590779,0,21431,24812.72,0.0,514.34,25327.06,7443.82,32770.88,49156316.1,0.015219,498.75,32272.13,48408197.44,observed: artist's own Nigerian share of listeners this quarter,OBS,no YouTube presence observed
Q4_2021,korede-bello,Korede Bello,domestic,477932,0,21598,20073.14,0.0,518.35,20591.5,6021.94,26613.44,39920158.8,0.021695,577.38,26036.06,39054094.28,observed: artist's own Nigerian share of listeners this quarter,OBS,no YouTube presence observed
Q1_2022,korede-bello,Korede Bello,domestic,502516,0,21740,21105.67,0.0,521.76,21627.43,6331.7,27959.13,41938700.4,0.017208,481.13,27478.01,41217012.67,observed: artist's own Nigerian share of listeners this quarter,OBS,no YouTube presence observed
Q2_2022,korede-bello,Korede Bello,domestic,507538,0,21836,21316.6,0.0,524.06,21840.66,6394.98,28235.64,42353458.2,0.019078,538.68,27696.96,41545437.01,observed: artist's own Nigerian share of listeners this quarter,OBS,no YouTube presence observed
Q3_2022,korede-bello,Korede Bello,domestic,581774,10305000,21924,24434.51,41220.0,526.18,66180.68,7330.35,73511.04,110266554.6,0.025664,1886.55,71624.48,107436723.9,observed: artist's own Nigerian share of listeners this quarter,OBS,"estimated: subscribers x 15 views/month (EST, first-submission methodology)"
Q4_2022,korede-bello,Korede Bello,domestic,532066,0,22021,22346.77,0.0,528.5,22875.28,6704.03,29579.31,44368961.4,0.047231,1397.06,28182.25,42273378.29,observed: artist's own Nigerian share of listeners this quarter,OBS,no YouTube presence observed
Q1_2023,korede-bello,Korede Bello,domestic,619415,11115000,22095,26015.43,44460.0,530.28,71005.71,7804.63,78810.34,118215508.5,0.048699,3837.96,74972.38,112458562.67,observed: artist's own Nigerian share of listeners this quarter,OBS,"estimated: subscribers x 15 views/month (EST, first-submission methodology)"
Q2_2023,korede-bello,Korede Bello,domestic,1385711,0,22199,58199.86,0.0,532.78,58732.64,17459.96,76192.6,114288894.9,0.045842,3492.82,72699.78,109049671.97,observed: artist's own Nigerian share of listeners this quarter,OBS,no YouTube presence observed
Q3_2023,korede-bello,Korede Bello,domestic,1162402,0,22312,48820.88,0.0,535.49,49356.37,14646.27,64002.64,96003955.8,0.058156,3722.14,60280.49,90420740.71,observed: artist's own Nigerian share of listeners this quarter,OBS,no YouTube presence observed
Q4_2023,korede-bello,Korede Bello,domestic,961708,0,22495,40391.74,0.0,539.88,40931.62,12117.52,53049.14,79573705.2,0.084107,4461.82,48587.32,72880976.87,observed: artist's own Nigerian share of listeners this quarter,OBS,no YouTube presence observed
Q1_2024,korede-bello,Korede Bello,domestic,1195963,11925000,22601,50230.45,47700.0,542.42,98472.87,15069.13,113542.0,170313005.7,0.140599,15963.84,97578.16,146367245.68,observed: artist's own Nigerian share of listeners this quarter,OBS,"estimated: subscribers x 15 views/month (EST, first-submission methodology)"
Q2_2024,korede-bello,Korede Bello,domestic,889948,418797,22680,37377.82,1675.19,544.32,39597.32,11213.34,50810.67,76216003.2,0.114643,5825.07,44985.6,67478403.32,observed: artist's own Nigerian share of listeners this quarter,OBS,"observed channel views, quarter net change"
Q3_2024,korede-bello,Korede Bello,domestic,867281,2212106,22766,36425.8,8848.42,546.38,45820.61,10927.74,56748.35,85122525.9,0.134303,7621.5,49126.85,73690273.92,observed: artist's own Nigerian share of listeners this quarter,OBS,"observed channel views, quarter net change"
Q4_2024,korede-bello,Korede Bello,domestic,835645,1811394,22838,35097.09,7245.58,548.11,42890.78,10529.13,53419.91,80129857.5,0.146401,7820.71,45599.2,68398799.81,observed: artist's own Nigerian share of listeners this quarter,OBS,"observed channel views, quarter net change"
Q1_2025,korede-bello,Korede Bello,domestic,737386,1298068,22940,30970.21,5192.27,550.56,36713.04,9291.06,46004.11,69006161.4,0.183672,8449.66,37554.45,56331676.83,observed: artist's own Nigerian share of listeners this quarter,OBS,"observed channel views, quarter net change"
Q2_2025,korede-bello,Korede Bello,domestic,712388,1131052,23020,29920.3,4524.21,552.48,34996.98,8976.09,43973.07,65959609.2,0.184463,8111.41,35861.67,53792500.76,observed: artist's own Nigerian share of listeners this quarter,OBS,"observed channel views, quarter net change"
Q3_2025,korede-bello,Korede Bello,domestic,646745,1145994,23131,27163.29,4583.98,555.14,32302.41,8148.99,40451.4,60677095.5,0.197082,7972.25,32479.14,48718713.22,observed: artist's own Nigerian share of listeners this quarter,OBS,"observed channel views, quarter net change"
Q4_2025,korede-bello,Korede Bello,domestic,738601,937822,23264,31021.24,3751.29,558.34,35330.87,9306.37,44637.24,66955857.9,0.261013,11650.9,32986.34,49479508.7,observed: artist's own Nigerian share of listeners this quarter,OBS,"observed channel views, quarter net change"
Q1_2026,korede-bello,Korede Bello,domestic,805420,12915000,23382,33827.64,51660.0,561.17,86048.81,10148.29,96197.1,144295650.0,0.28649,27559.54,68637.56,102956335.01,observed: artist's own Nigerian share of listeners this quarter,OBS,"estimated: subscribers x 15 views/month (EST, first-submission methodology)"
Q2_2026,korede-bello,Korede Bello,domestic,814587,878688,23652,34212.65,3514.75,567.65,38295.05,10263.8,48558.85,72838275.3,0.305437,14831.67,33727.18,50590771.86,observed: artist's own Nigerian share of listeners this quarter,OBS,"observed channel views, quarter net change"
Q3_2026,korede-bello,Korede Bello,domestic,853636,509778,23760,35852.71,2039.11,570.24,38462.06,10755.81,49217.88,73826816.4,0.320336,15766.27,33451.61,50177414.13,observed: artist's own Nigerian share of listeners this quarter,OBS,"observed channel views, quarter net change"
Q1_2019,ladipoe,LADIPOE,domestic,0,0,76,0.0,0.0,1.82,1.82,0.0,1.82,2736.0,,,,,not measured: provider published no geography this quarter,UNK,no YouTube presence observed
Q2_2019,ladipoe,LADIPOE,domestic,48289,0,102,2028.14,0.0,2.45,2030.59,608.44,2639.03,3958541.1,,,,,not measured: provider published no geography this quarter,UNK,no YouTube presence observed
Q3_2019,ladipoe,LADIPOE,domestic,45504,0,158,1911.17,0.0,3.79,1914.96,573.35,2488.31,3732465.6,,,,,not measured: provider published no geography this quarter,UNK,no YouTube presence observed
Q4_2019,ladipoe,LADIPOE,domestic,31060,0,268,1304.52,0.0,6.43,1310.95,391.36,1702.31,2553462.0,,,,,not measured: provider published no geography this quarter,UNK,no YouTube presence observed
Q1_2020,ladipoe,LADIPOE,domestic,23796,0,334,999.43,0.0,8.02,1007.45,299.83,1307.28,1960916.4,,,,,not measured: provider published no geography this quarter,UNK,no YouTube presence observed
Q2_2020,ladipoe,LADIPOE,domestic,290919,0,3007,12218.6,0.0,72.17,12290.77,3665.58,15956.35,23934518.1,,,,,not measured: provider published no geography this quarter,UNK,no YouTube presence observed
Q3_2020,ladipoe,LADIPOE,domestic,159080,0,8224,6681.36,0.0,197.38,6878.74,2004.41,8883.14,13324716.0,,,,,not measured: provider published no geography this quarter,UNK,no YouTube presence observed
Q4_2020,ladipoe,LADIPOE,domestic,171060,0,12899,7184.52,0.0,309.58,7494.1,2155.36,9649.45,14474178.0,,,,,not measured: provider published no geography this quarter,UNK,no YouTube presence observed
Q1_2021,ladipoe,LADIPOE,domestic,193238,0,16303,8116.0,0.0,391.27,8507.27,2434.8,10942.07,16413100.2,0.073842,807.98,10134.09,15201130.88,observed: artist's own Nigerian share of listeners this quarter,OBS,no YouTube presence observed
Q2_2021,ladipoe,LADIPOE,domestic,430853,0,21714,18095.83,0.0,521.14,18616.96,5428.75,24045.71,36068564.7,0.127663,3069.74,20975.97,31463959.28,observed: artist's own Nigerian share of listeners this quarter,OBS,no YouTube presence observed
Q3_2021,ladipoe,LADIPOE,domestic,591431,0,32874,24840.1,0.0,788.98,25629.08,7452.03,33081.11,49621662.9,0.107597,3559.43,29521.67,44282512.26,observed: artist's own Nigerian share of listeners this quarter,OBS,no YouTube presence observed
Q4_2021,ladipoe,LADIPOE,domestic,830305,0,45702,34872.81,0.0,1096.85,35969.66,10461.84,46431.5,69647251.5,0.131532,6107.25,40324.25,60486380.45,observed: artist's own Nigerian share of listeners this quarter,OBS,no YouTube presence observed
Q1_2022,ladipoe,LADIPOE,domestic,798622,0,57228,33542.12,0.0,1373.47,34915.6,10062.64,44978.23,67467349.8,0.130482,5868.85,39109.39,58664080.34,observed: artist's own Nigerian share of listeners this quarter,OBS,no YouTube presence observed
Q2_2022,ladipoe,LADIPOE,domestic,628036,0,61883,26377.51,0.0,1485.19,27862.7,7913.25,35775.96,53663936.4,0.17065,6105.16,29670.8,44506196.77,observed: artist's own Nigerian share of listeners this quarter,OBS,no YouTube presence observed
Q3_2022,ladipoe,LADIPOE,domestic,589533,0,64759,24760.39,0.0,1554.22,26314.6,7428.12,33742.72,50614076.7,0.169876,5732.09,28010.62,42015935.77,observed: artist's own Nigerian share of listeners this quarter,OBS,no YouTube presence observed
Q4_2022,ladipoe,LADIPOE,domestic,767216,0,66899,32223.07,0.0,1605.58,33828.65,9666.92,43495.57,65243354.4,0.18673,8121.91,35373.66,53060488.66,observed: artist's own Nigerian share of listeners this quarter,OBS,no YouTube presence observed
Q1_2023,ladipoe,LADIPOE,domestic,685302,0,68595,28782.68,0.0,1646.28,30428.96,8634.81,39063.77,58595653.8,0.182166,7116.07,31947.7,47921546.77,observed: artist's own Nigerian share of listeners this quarter,OBS,no YouTube presence observed
Q2_2023,ladipoe,LADIPOE,domestic,738822,0,69594,31030.52,0.0,1670.26,32700.78,9309.16,42009.94,63014905.8,0.28739,12073.22,29936.72,44905074.45,observed: artist's own Nigerian share of listeners this quarter,OBS,no YouTube presence observed
Q3_2023,ladipoe,LADIPOE,domestic,664590,0,70292,27912.78,0.0,1687.01,29599.79,8373.83,37973.62,56960433.0,0.323623,12289.14,25684.49,38526729.13,observed: artist's own Nigerian share of listeners this quarter,OBS,no YouTube presence observed
Q4_2023,ladipoe,LADIPOE,domestic,691605,0,70843,29047.41,0.0,1700.23,30747.64,8714.22,39461.86,59192797.5,0.351456,13869.12,25592.75,38389121.16,observed: artist's own Nigerian share of listeners this quarter,OBS,no YouTube presence observed
Q1_2024,ladipoe,LADIPOE,domestic,622226,0,71177,26133.49,0.0,1708.25,27841.74,7840.05,35681.79,53522681.4,0.348346,12429.62,23252.16,34878247.15,observed: artist's own Nigerian share of listeners this quarter,OBS,no YouTube presence observed
Q2_2024,ladipoe,LADIPOE,domestic,633652,814053,71490,26613.38,3256.21,1715.76,31585.36,7984.02,39569.37,59354056.8,0.397782,15739.98,23829.39,35744084.98,observed: artist's own Nigerian share of listeners this quarter,OBS,"observed channel views, quarter net change"
Q3_2024,ladipoe,LADIPOE,domestic,759064,1711193,71674,31880.69,6844.77,1720.18,40445.64,9564.21,50009.84,75014763.6,0.404618,20234.89,29774.96,44662435.79,observed: artist's own Nigerian share of listeners this quarter,OBS,"observed channel views, quarter net change"
Q4_2024,ladipoe,LADIPOE,domestic,1076687,2203516,71855,45220.85,8814.06,1724.52,55759.44,13566.26,69325.69,103988541.3,0.581783,40332.49,28993.21,43489807.89,observed: artist's own Nigerian share of listeners this quarter,OBS,"observed channel views, quarter net change"
Q1_2025,ladipoe,LADIPOE,domestic,1039057,1916830,72048,43640.39,7667.32,1729.15,53036.87,13092.12,66128.98,99193476.3,0.579637,38330.81,27798.17,41697256.04,observed: artist's own Nigerian share of listeners this quarter,OBS,"observed channel views, quarter net change"
Q2_2025,ladipoe,LADIPOE,domestic,1017779,2679816,72328,42746.72,10719.26,1735.87,55201.85,12824.02,68025.87,102038804.1,0.625062,42520.41,25505.46,38258195.26,observed: artist's own Nigerian share of listeners this quarter,OBS,"observed channel views, quarter net change"
Q3_2025,ladipoe,LADIPOE,domestic,962185,2279676,72584,40411.77,9118.7,1742.02,51272.49,12123.53,63396.02,95094031.5,0.598702,37955.3,25440.72,38161083.79,observed: artist's own Nigerian share of listeners this quarter,OBS,"observed channel views, quarter net change"
Q4_2025,ladipoe,LADIPOE,domestic,1196792,2660624,72870,50265.26,10642.5,1748.88,62656.64,15079.58,77736.22,116604328.8,0.630303,48997.35,28738.87,43108305.41,observed: artist's own Nigerian share of listeners this quarter,OBS,"observed channel views, quarter net change"
Q1_2026,ladipoe,LADIPOE,domestic,1205956,2150748,73140,50650.15,8602.99,1755.36,61008.5,15195.05,76203.55,114305324.4,0.646543,49268.9,26934.65,40401976.91,observed: artist's own Nigerian share of listeners this quarter,OBS,"observed channel views, quarter net change"
Q2_2026,ladipoe,LADIPOE,domestic,1555470,2142116,73439,65329.74,8568.46,1762.54,75660.74,19598.92,95259.66,142889493.0,0.738522,70351.37,24908.29,37362441.89,observed: artist's own Nigerian share of listeners this quarter,OBS,"observed channel views, quarter net change"
Q3_2026,ladipoe,LADIPOE,domestic,1522394,809932,73586,63940.55,3239.73,1766.06,68946.34,19182.16,88128.5,132192756.6,0.71631,63127.29,25001.21,37501814.32,observed: artist's own Nigerian share of listeners this quarter,OBS,"observed channel views, quarter net change"
Q1_2019,lady-donli,Lady Donli,domestic,0,0,79,0.0,0.0,1.9,1.9,0.0,1.9,2844.0,,,,,not measured: provider published no geography this quarter,UNK,no YouTube presence observed
Q2_2019,lady-donli,Lady Donli,domestic,45637,0,91,1916.75,0.0,2.18,1918.94,575.03,2493.96,3740946.3,,,,,not measured: provider published no geography this quarter,UNK,no YouTube presence observed
Q3_2019,lady-donli,Lady Donli,domestic,108815,0,168,4570.23,0.0,4.03,4574.26,1371.07,5945.33,8917996.5,,,,,not measured: provider published no geography this quarter,UNK,no YouTube presence observed
Q4_2019,lady-donli,Lady Donli,domestic,65035,0,312,2731.47,0.0,7.49,2738.96,819.44,3558.4,5337598.5,,,,,not measured: provider published no geography this quarter,UNK,no YouTube presence observed
Q1_2020,lady-donli,Lady Donli,domestic,64116,0,419,2692.87,0.0,10.06,2702.93,807.86,3510.79,5266184.4,,,,,not measured: provider published no geography this quarter,UNK,no YouTube presence observed
Q2_2020,lady-donli,Lady Donli,domestic,99050,0,480,4160.1,0.0,11.52,4171.62,1248.03,5419.65,8129475.0,,,,,not measured: provider published no geography this quarter,UNK,no YouTube presence observed
Q3_2020,lady-donli,Lady Donli,domestic,87178,0,602,3661.48,0.0,14.45,3675.92,1098.44,4774.37,7161550.2,,,,,not measured: provider published no geography this quarter,UNK,no YouTube presence observed
Q4_2020,lady-donli,Lady Donli,domestic,83258,0,702,3496.84,0.0,16.85,3513.68,1049.05,4562.73,6844102.2,,,,,not measured: provider published no geography this quarter,UNK,no YouTube presence observed
Q1_2021,lady-donli,Lady Donli,domestic,101974,0,773,4282.91,0.0,18.55,4301.46,1284.87,5586.33,8379498.6,0.024624,137.56,5448.77,8173162.47,observed: artist's own Nigerian share of listeners this quarter,OBS,no YouTube presence observed
Q2_2021,lady-donli,Lady Donli,domestic,90659,0,806,3807.68,0.0,19.34,3827.02,1142.3,4969.33,7453988.1,0.021035,104.53,4864.79,7297192.27,observed: artist's own Nigerian share of listeners this quarter,OBS,no YouTube presence observed
Q3_2021,lady-donli,Lady Donli,domestic,123658,0,881,5193.64,0.0,21.14,5214.78,1558.09,6772.87,10159306.2,0.040059,271.31,6501.56,9752334.71,observed: artist's own Nigerian share of listeners this quarter,OBS,no YouTube presence observed
Q4_2021,lady-donli,Lady Donli,domestic,136807,87277,935,5745.89,349.11,22.44,6117.44,1723.77,7841.21,11761815.3,0.036346,285.0,7556.21,11334321.15,observed: artist's own Nigerian share of listeners this quarter,OBS,"observed channel views, quarter net change"
Q1_2022,lady-donli,Lady Donli,domestic,152851,58156,1014,6419.74,232.62,24.34,6676.7,1925.92,8602.62,12903936.9,0.029641,254.99,8347.63,12521448.51,observed: artist's own Nigerian share of listeners this quarter,OBS,"observed channel views, quarter net change"
Q2_2022,lady-donli,Lady Donli,domestic,182291,43534,1045,7656.22,174.14,25.08,7855.44,2296.87,10152.3,15228456.9,0.022956,233.06,9919.25,14878872.11,observed: artist's own Nigerian share of listeners this quarter,OBS,"observed channel views, quarter net change"
Q3_2022,lady-donli,Lady Donli,domestic,197345,44402,1070,8288.49,177.61,25.68,8491.78,2486.55,10978.33,16467487.5,0.030314,332.79,10645.53,15968297.58,observed: artist's own Nigerian share of listeners this quarter,OBS,"observed channel views, quarter net change"
Q4_2022,lady-donli,Lady Donli,domestic,194358,234450,1091,8163.04,937.8,26.18,9127.02,2448.91,11575.93,17363896.2,0.051248,593.24,10982.69,16474030.3,observed: artist's own Nigerian share of listeners this quarter,OBS,"estimated: subscribers x 15 views/month (EST, first-submission methodology)"
Q1_2023,lady-donli,Lady Donli,domestic,261716,253671,1113,10992.07,1014.68,26.71,12033.47,3297.62,15331.09,22996634.4,0.042354,649.33,14681.76,22022646.25,observed: artist's own Nigerian share of listeners this quarter,OBS,"observed channel views, quarter net change"
Q2_2023,lady-donli,Lady Donli,domestic,275388,135779,1128,11566.3,543.12,27.07,12136.48,3469.89,15606.37,23409559.2,0.05489,856.64,14749.74,22124604.7,observed: artist's own Nigerian share of listeners this quarter,OBS,"observed channel views, quarter net change"
Q3_2023,lady-donli,Lady Donli,domestic,150708,27872,1146,6329.74,111.49,27.5,6468.73,1898.92,8367.65,12551473.2,0.077208,646.05,7721.6,11582395.42,observed: artist's own Nigerian share of listeners this quarter,OBS,"observed channel views, quarter net change"
Q4_2023,lady-donli,Lady Donli,domestic,160722,58704,1218,6750.32,234.82,29.23,7014.37,2025.1,9039.47,13559203.8,0.098422,889.68,8149.79,12224678.89,observed: artist's own Nigerian share of listeners this quarter,OBS,"observed channel views, quarter net change"
Q1_2024,lady-donli,Lady Donli,domestic,161040,30040,1243,6763.68,120.16,29.83,6913.67,2029.1,8942.78,13414164.0,0.14332,1281.68,7661.1,11491643.68,observed: artist's own Nigerian share of listeners this quarter,OBS,"observed channel views, quarter net change"
Q2_2024,lady-donli,Lady Donli,domestic,176789,30398,1268,7425.14,121.59,30.43,7577.16,2227.54,9804.7,14707055.1,0.10284,1008.32,8796.39,13194580.6,observed: artist's own Nigerian share of listeners this quarter,OBS,"observed channel views, quarter net change"
Q3_2024,lady-donli,Lady Donli,domestic,139835,32090,1290,5873.07,128.36,30.96,6032.39,1761.92,7794.31,11691466.5,0.113663,885.92,6908.39,10362584.83,observed: artist's own Nigerian share of listeners this quarter,OBS,"observed channel views, quarter net change"
Q4_2024,lady-donli,Lady Donli,domestic,125725,31716,1326,5280.45,126.86,31.82,5439.14,1584.13,7023.27,10534909.5,0.146415,1028.31,5994.96,8992442.89,observed: artist's own Nigerian share of listeners this quarter,OBS,"observed channel views, quarter net change"
Q1_2025,lady-donli,Lady Donli,domestic,158291,31528,1358,6648.22,126.11,32.59,6806.93,1994.47,8801.39,13202088.9,0.222297,1956.52,6844.87,10267308.73,observed: artist's own Nigerian share of listeners this quarter,OBS,"observed channel views, quarter net change"
Q2_2025,lady-donli,Lady Donli,domestic,162784,45331,1378,6836.93,181.32,33.07,7051.32,2051.08,9102.4,13653603.6,0.150802,1372.66,7729.74,11594609.81,observed: artist's own Nigerian share of listeners this quarter,OBS,"observed channel views, quarter net change"
Q3_2025,lady-donli,Lady Donli,domestic,131819,36211,1453,5536.4,144.84,34.87,5716.11,1660.92,7377.03,11065550.1,0.162435,1198.29,6178.75,9268119.09,observed: artist's own Nigerian share of listeners this quarter,OBS,"observed channel views, quarter net change"
Q4_2025,lady-donli,Lady Donli,domestic,128226,33106,1521,5385.49,132.42,36.5,5554.42,1615.65,7170.07,10755101.4,0.184587,1323.5,5846.57,8769851.77,observed: artist's own Nigerian share of listeners this quarter,OBS,"observed channel views, quarter net change"
Q1_2026,lady-donli,Lady Donli,domestic,201846,20565,1582,8477.53,82.26,37.97,8597.76,2543.26,11141.02,16711529.4,0.146376,1630.78,9510.24,14265366.87,observed: artist's own Nigerian share of listeners this quarter,OBS,"observed channel views, quarter net change"
Q2_2026,lady-donli,Lady Donli,domestic,157238,54382,1619,6604.0,217.53,38.86,6860.38,1981.2,8841.58,13262368.2,0.178971,1582.38,7259.19,10888792.45,observed: artist's own Nigerian share of listeners this quarter,OBS,"observed channel views, quarter net change"
Q3_2026,lady-donli,Lady Donli,domestic,154273,20002,1634,6479.47,80.01,39.22,6598.69,1943.84,8542.53,12813794.7,0.238043,2033.49,6509.04,9763554.8,observed: artist's own Nigerian share of listeners this quarter,OBS,"observed channel views, quarter net change"
Q1_2019,lagbaja,Lagbaja,domestic,0,124020,2568,0.0,496.08,61.63,557.71,0.0,557.71,836568.0,,,,,not measured: provider published no geography this quarter,UNK,"estimated: subscribers x 15 views/month (EST, first-submission methodology)"
Q2_2019,lagbaja,Lagbaja,domestic,0,126675,2573,0.0,506.7,61.75,568.45,0.0,568.45,852678.0,,,,,not measured: provider published no geography this quarter,UNK,"estimated: subscribers x 15 views/month (EST, first-submission methodology)"
Q3_2019,lagbaja,Lagbaja,domestic,0,131850,2575,0.0,527.4,61.8,589.2,0.0,589.2,883800.0,,,,,not measured: provider published no geography this quarter,UNK,"estimated: subscribers x 15 views/month (EST, first-submission methodology)"
Q4_2019,lagbaja,Lagbaja,domestic,0,135900,2576,0.0,543.6,61.82,605.42,0.0,605.42,908136.0,,,,,not measured: provider published no geography this quarter,UNK,"estimated: subscribers x 15 views/month (EST, first-submission methodology)"
Q1_2020,lagbaja,Lagbaja,domestic,0,139500,2577,0.0,558.0,61.85,619.85,0.0,619.85,929772.0,,,,,not measured: provider published no geography this quarter,UNK,"estimated: subscribers x 15 views/month (EST, first-submission methodology)"
Q2_2020,lagbaja,Lagbaja,domestic,0,180000,2578,0.0,720.0,61.87,781.87,0.0,781.87,1172808.0,,,,,not measured: provider published no geography this quarter,UNK,"estimated: subscribers x 15 views/month (EST, first-submission methodology)"
Q3_2020,lagbaja,Lagbaja,domestic,0,187650,2596,0.0,750.6,62.3,812.9,0.0,812.9,1219356.0,,,,,not measured: provider published no geography this quarter,UNK,"estimated: subscribers x 15 views/month (EST, first-submission methodology)"
Q4_2020,lagbaja,Lagbaja,domestic,0,191250,2619,0.0,765.0,62.86,827.86,0.0,827.86,1241784.0,,,,,not measured: provider published no geography this quarter,UNK,"estimated: subscribers x 15 views/month (EST, first-submission methodology)"
Q1_2021,lagbaja,Lagbaja,domestic,0,195300,2638,0.0,781.2,63.31,844.51,0.0,844.51,1266768.0,0.02792,23.58,820.93,1231399.93,assumed: portfolio-wide ratio applied to an artist without own geography,ASM,"estimated: subscribers x 15 views/month (EST, first-submission methodology)"
Q2_2021,lagbaja,Lagbaja,domestic,0,199800,2661,0.0,799.2,63.86,863.06,0.0,863.06,1294596.0,0.024978,21.56,841.51,1262259.71,assumed: portfolio-wide ratio applied to an artist without own geography,ASM,"estimated: subscribers x 15 views/month (EST, first-submission methodology)"
Q3_2021,lagbaja,Lagbaja,domestic,0,2412,2679,0.0,9.65,64.3,73.94,0.0,73.94,110916.0,0.028861,2.13,71.81,107714.86,assumed: portfolio-wide ratio applied to an artist without own geography,ASM,"observed channel views, quarter net change"
Q4_2021,lagbaja,Lagbaja,domestic,0,40296,2701,0.0,161.18,64.82,226.01,0.0,226.01,339012.0,0.038801,8.77,217.24,325858.16,assumed: portfolio-wide ratio applied to an artist without own geography,ASM,"observed channel views, quarter net change"
Q1_2022,lagbaja,Lagbaja,domestic,0,39450,2719,0.0,157.8,65.26,223.06,0.0,223.06,334584.0,0.044983,10.03,213.02,319533.37,assumed: portfolio-wide ratio applied to an artist without own geography,ASM,"observed channel views, quarter net change"
Q2_2022,lagbaja,Lagbaja,domestic,0,47977,2742,0.0,191.91,65.81,257.72,0.0,257.72,386574.0,0.048482,12.49,245.22,367832.1,assumed: portfolio-wide ratio applied to an artist without own geography,ASM,"observed channel views, quarter net change"
Q3_2022,lagbaja,Lagbaja,domestic,0,50959,2760,0.0,203.84,66.24,270.08,0.0,270.08,405114.0,0.043809,11.83,258.24,387366.2,assumed: portfolio-wide ratio applied to an artist without own geography,ASM,"observed channel views, quarter net change"
Q4_2022,lagbaja,Lagbaja,domestic,0,37686,2770,0.0,150.74,66.48,217.22,0.0,217.22,325836.0,0.059639,12.96,204.27,306403.41,assumed: portfolio-wide ratio applied to an artist without own geography,ASM,"observed channel views, quarter net change"
Q1_2023,lagbaja,Lagbaja,domestic,0,41479,2778,0.0,165.92,66.67,232.59,0.0,232.59,348882.0,0.079414,18.47,214.12,321175.92,assumed: portfolio-wide ratio applied to an artist without own geography,ASM,"observed channel views, quarter net change"
Q2_2023,lagbaja,Lagbaja,domestic,0,41416,2799,0.0,165.66,67.18,232.84,0.0,232.84,349260.0,0.090982,21.18,211.66,317483.78,assumed: portfolio-wide ratio applied to an artist without own geography,ASM,"observed channel views, quarter net change"
Q3_2023,lagbaja,Lagbaja,domestic,0,47877,2810,0.0,191.51,67.44,258.95,0.0,258.95,388422.0,0.125725,32.56,226.39,339587.62,assumed: portfolio-wide ratio applied to an artist without own geography,ASM,"observed channel views, quarter net change"
Q4_2023,lagbaja,Lagbaja,domestic,0,41446,2820,0.0,165.78,67.68,233.46,0.0,233.46,350196.0,0.17451,40.74,192.72,289083.16,assumed: portfolio-wide ratio applied to an artist without own geography,ASM,"observed channel views, quarter net change"
Q1_2024,lagbaja,Lagbaja,domestic,0,47400,2833,0.0,189.6,67.99,257.59,0.0,257.59,386388.0,0.173406,44.67,212.92,319386.01,assumed: portfolio-wide ratio applied to an artist without own geography,ASM,"observed channel views, quarter net change"
Q2_2024,lagbaja,Lagbaja,domestic,0,58174,2843,0.0,232.7,68.23,300.93,0.0,300.93,451392.0,0.212921,64.07,236.85,355281.04,assumed: portfolio-wide ratio applied to an artist without own geography,ASM,"observed channel views, quarter net change"
Q3_2024,lagbaja,Lagbaja,domestic,931195,84578,2858,39110.19,338.31,68.59,39517.09,11733.06,51250.15,76875226.5,0.365477,18730.76,32519.39,48779088.64,observed: artist's own Nigerian share of listeners this quarter,OBS,"observed channel views, quarter net change"
Q4_2024,lagbaja,Lagbaja,domestic,234393,72180,2862,9844.51,288.72,68.69,10201.91,2953.35,13155.27,19732898.7,0.548587,7216.81,5938.46,8907683.02,observed: artist's own Nigerian share of listeners this quarter,OBS,"observed channel views, quarter net change"
Q1_2025,lagbaja,Lagbaja,domestic,9008,56618,2868,378.34,226.47,68.83,673.64,113.5,787.14,1180711.2,0.587782,462.67,324.47,486710.36,observed: artist's own Nigerian share of listeners this quarter,OBS,"observed channel views, quarter net change"
Q2_2025,lagbaja,Lagbaja,domestic,10187,54430,2872,427.85,217.72,68.93,714.5,128.36,842.86,1264287.3,0.602172,507.55,335.31,502968.94,observed: artist's own Nigerian share of listeners this quarter,OBS,"observed channel views, quarter net change"
Q3_2025,lagbaja,Lagbaja,domestic,12776,54668,2880,536.59,218.67,69.12,824.38,160.98,985.36,1478042.4,0.667388,657.62,327.74,491614.12,observed: artist's own Nigerian share of listeners this quarter,OBS,"observed channel views, quarter net change"
Q4_2025,lagbaja,Lagbaja,domestic,11739,54381,2886,493.04,217.52,69.26,779.83,147.91,927.74,1391606.1,0.709463,658.2,269.54,404313.09,observed: artist's own Nigerian share of listeners this quarter,OBS,"observed channel views, quarter net change"
Q1_2026,lagbaja,Lagbaja,domestic,12903,41342,2893,541.93,165.37,69.43,776.73,162.58,939.3,1408955.7,0.749595,704.1,235.21,352809.9,observed: artist's own Nigerian share of listeners this quarter,OBS,"observed channel views, quarter net change"
Q2_2026,lagbaja,Lagbaja,domestic,41401,72880,2903,1738.84,291.52,69.67,2100.03,521.65,2621.69,3932529.9,0.757323,1985.46,636.22,954333.6,observed: artist's own Nigerian share of listeners this quarter,OBS,"observed channel views, quarter net change"
Q3_2026,lagbaja,Lagbaja,domestic,51076,28594,2904,2145.19,114.38,69.7,2329.26,643.56,2972.82,4459232.4,0.746778,2220.04,752.79,1129177.77,observed: artist's own Nigerian share of listeners this quarter,OBS,"observed channel views, quarter net change"
Q3_2019,libianca,Libianca,diaspora_candidate,13,0,0,0.55,0.0,0.0,0.55,0.16,0.71,1064.7,,,,,not measured: provider published no geography this quarter,UNK,no YouTube presence observed
Q4_2019,libianca,Libianca,diaspora_candidate,13,0,0,0.55,0.0,0.0,0.55,0.16,0.71,1064.7,,,,,not measured: provider published no geography this quarter,UNK,no YouTube presence observed
Q1_2020,libianca,Libianca,diaspora_candidate,90,0,0,3.78,0.0,0.0,3.78,1.13,4.91,7371.0,,,,,not measured: provider published no geography this quarter,UNK,no YouTube presence observed
Q2_2020,libianca,Libianca,diaspora_candidate,36,0,1,1.51,0.0,0.02,1.54,0.45,1.99,2984.4,,,,,not measured: provider published no geography this quarter,UNK,no YouTube presence observed
Q3_2020,libianca,Libianca,diaspora_candidate,31,0,1,1.3,0.0,0.02,1.33,0.39,1.72,2574.9,,,,,not measured: provider published no geography this quarter,UNK,no YouTube presence observed
Q4_2020,libianca,Libianca,diaspora_candidate,41,0,1,1.72,0.0,0.02,1.75,0.52,2.26,3393.9,,,,,not measured: provider published no geography this quarter,UNK,no YouTube presence observed
Q1_2021,libianca,Libianca,diaspora_candidate,106,0,2,4.45,0.0,0.05,4.5,1.34,5.84,8753.4,0.009434,0.06,5.78,8670.82,observed: artist's own Nigerian share of listeners this quarter,OBS,no YouTube presence observed
Q2_2021,libianca,Libianca,diaspora_candidate,97,0,2,4.07,0.0,0.05,4.12,1.22,5.34,8016.3,0.010526,0.06,5.29,7931.92,observed: artist's own Nigerian share of listeners this quarter,OBS,no YouTube presence observed
Q3_2021,libianca,Libianca,diaspora_candidate,90,0,2,3.78,0.0,0.05,3.83,1.13,4.96,7443.0,0.028861,0.14,4.82,7228.19,assumed: portfolio-wide ratio applied to an artist without own geography,ASM,no YouTube presence observed
Q4_2021,libianca,Libianca,diaspora_candidate,3455,0,12,145.11,0.0,0.29,145.4,43.53,188.93,283396.5,0.038801,7.33,181.6,272400.57,assumed: portfolio-wide ratio applied to an artist without own geography,ASM,no YouTube presence observed
Q1_2022,libianca,Libianca,diaspora_candidate,11042,0,15,463.76,0.0,0.36,464.12,139.13,603.25,904879.8,0.044983,27.14,576.12,864175.5,assumed: portfolio-wide ratio applied to an artist without own geography,ASM,no YouTube presence observed
Q2_2022,libianca,Libianca,diaspora_candidate,8594,0,16,360.95,0.0,0.38,361.33,108.28,469.62,704424.6,0.00496,2.33,467.29,700930.51,observed: artist's own Nigerian share of listeners this quarter,OBS,no YouTube presence observed
Q3_2022,libianca,Libianca,diaspora_candidate,9008,0,16,378.34,0.0,0.38,378.72,113.5,492.22,738331.2,0.006393,3.15,489.07,733610.96,observed: artist's own Nigerian share of listeners this quarter,OBS,no YouTube presence observed
Q4_2022,libianca,Libianca,diaspora_candidate,518469,0,281,21775.7,0.0,6.74,21782.44,6532.71,28315.15,42472727.1,0.046154,1306.87,27008.28,40512424.23,observed: artist's own Nigerian share of listeners this quarter,OBS,no YouTube presence observed
Q1_2023,libianca,Libianca,diaspora_candidate,14480107,0,2684,608164.49,0.0,64.42,608228.91,182449.35,790678.26,1186017387.3,0.017432,13783.22,776895.04,1165342558.06,observed: artist's own Nigerian share of listeners this quarter,OBS,no YouTube presence observed
Q2_2023,libianca,Libianca,diaspora_candidate,21800126,126896379,6676,915605.29,507585.52,160.22,1423351.03,274681.59,1698032.62,2547048929.4,0.007727,13120.53,1684912.09,2527368136.41,observed: artist's own Nigerian share of listeners this quarter,OBS,"observed channel views, quarter net change"
Q3_2023,libianca,Libianca,diaspora_candidate,14247235,93989869,10170,598383.87,375959.48,244.08,974587.43,179515.16,1154102.59,1731153880.5,0.008106,9355.12,1144747.47,1717121203.83,observed: artist's own Nigerian share of listeners this quarter,OBS,"observed channel views, quarter net change"
Q4_2023,libianca,Libianca,diaspora_candidate,11674431,70884711,13685,490326.1,283538.84,328.44,774193.39,147097.83,921291.22,1381936824.9,0.022976,21167.6,900123.61,1350185422.24,observed: artist's own Nigerian share of listeners this quarter,OBS,"observed channel views, quarter net change"
Q1_2024,libianca,Libianca,diaspora_candidate,10112761,59917574,17135,424735.96,239670.3,411.24,664817.5,127420.79,792238.29,1188357429.9,0.024664,19539.89,772698.39,1159047588.74,observed: artist's own Nigerian share of listeners this quarter,OBS,"observed channel views, quarter net change"
Q2_2024,libianca,Libianca,diaspora_candidate,7703346,53624433,18622,323540.53,214497.73,446.93,538485.19,97062.16,635547.35,953321027.4,0.029505,18751.75,616795.6,925193396.57,observed: artist's own Nigerian share of listeners this quarter,OBS,"observed channel views, quarter net change"
Q3_2024,libianca,Libianca,diaspora_candidate,8423082,36603041,19252,353769.44,146412.16,462.05,500643.66,106130.83,606774.49,910161733.8,0.028654,17386.36,589388.13,884082193.7,observed: artist's own Nigerian share of listeners this quarter,OBS,"observed channel views, quarter net change"
Q4_2024,libianca,Libianca,diaspora_candidate,7637045,45053997,19877,320755.89,180215.99,477.05,501448.93,96226.77,597675.69,896513539.5,0.042097,25160.45,572515.24,858772861.06,observed: artist's own Nigerian share of listeners this quarter,OBS,"observed channel views, quarter net change"
Q1_2025,libianca,Libianca,diaspora_candidate,6267009,41531700,20423,263214.38,166126.8,490.15,429831.33,78964.31,508795.64,763193465.1,0.035902,18267.01,490528.63,735792947.11,observed: artist's own Nigerian share of listeners this quarter,OBS,"observed channel views, quarter net change"
Q2_2025,libianca,Libianca,diaspora_candidate,6646792,42809060,20923,279165.26,171236.24,502.15,450903.66,83749.58,534653.24,801979852.8,0.041619,22251.56,512401.67,768602512.22,observed: artist's own Nigerian share of listeners this quarter,OBS,"observed channel views, quarter net change"
Q3_2025,libianca,Libianca,diaspora_candidate,5429206,37630800,21462,228026.65,150523.2,515.09,379064.94,68408.0,447472.94,671209403.4,0.060435,27042.93,420430.0,630645006.54,observed: artist's own Nigerian share of listeners this quarter,OBS,"observed channel views, quarter net change"
Q4_2025,libianca,Libianca,diaspora_candidate,5058054,33833500,22056,212438.27,135334.0,529.34,348301.61,63731.48,412033.09,618049638.6,0.05899,24305.96,387727.14,581590705.54,observed: artist's own Nigerian share of listeners this quarter,OBS,"observed channel views, quarter net change"
Q1_2026,libianca,Libianca,diaspora_candidate,4759658,35958720,22716,199905.64,143834.88,545.18,344285.7,59971.69,404257.39,606386086.2,0.062511,25270.62,378986.77,568480158.68,observed: artist's own Nigerian share of listeners this quarter,OBS,"observed channel views, quarter net change"
Q2_2026,libianca,Libianca,diaspora_candidate,5642060,32157418,23742,236966.52,128629.67,569.81,366166.0,71089.96,437255.96,655883934.0,0.060814,26591.27,410664.69,615997035.97,observed: artist's own Nigerian share of listeners this quarter,OBS,"observed channel views, quarter net change"
Q3_2026,libianca,Libianca,diaspora_candidate,5139856,12446895,24182,215873.95,49787.58,580.37,266241.9,64762.19,331004.09,496506128.4,0.071084,23529.07,307475.02,461212529.84,observed: artist's own Nigerian share of listeners this quarter,OBS,"observed channel views, quarter net change"
Q1_2019,lil-kesh,Lil Kesh,domestic,0,0,3639,0.0,0.0,87.34,87.34,0.0,87.34,131004.0,,,,,not measured: provider published no geography this quarter,UNK,no YouTube presence observed
Q2_2019,lil-kesh,Lil Kesh,domestic,113846,0,3870,4781.53,0.0,92.88,4874.41,1434.46,6308.87,9463307.4,,,,,not measured: provider published no geography this quarter,UNK,no YouTube presence observed
Q3_2019,lil-kesh,Lil Kesh,domestic,114805,0,4529,4821.81,0.0,108.7,4930.51,1446.54,6377.05,9565573.5,,,,,not measured: provider published no geography this quarter,UNK,no YouTube presence observed
Q4_2019,lil-kesh,Lil Kesh,domestic,94892,0,5287,3985.46,0.0,126.89,4112.35,1195.64,5307.99,7961986.8,,,,,not measured: provider published no geography this quarter,UNK,no YouTube presence observed
Q1_2020,lil-kesh,Lil Kesh,domestic,78310,0,5385,3289.02,0.0,129.24,3418.26,986.71,4404.97,6607449.0,,,,,not measured: provider published no geography this quarter,UNK,no YouTube presence observed
Q2_2020,lil-kesh,Lil Kesh,domestic,75719,0,5495,3180.2,0.0,131.88,3312.08,954.06,4266.14,6399206.1,,,,,not measured: provider published no geography this quarter,UNK,no YouTube presence observed
Q3_2020,lil-kesh,Lil Kesh,domestic,46282,0,5697,1943.84,0.0,136.73,2080.57,583.15,2663.73,3995587.8,,,,,not measured: provider published no geography this quarter,UNK,no YouTube presence observed
Q4_2020,lil-kesh,Lil Kesh,domestic,101352,0,7871,4256.78,0.0,188.9,4445.69,1277.04,5722.72,8584084.8,,,,,not measured: provider published no geography this quarter,UNK,no YouTube presence observed
Q1_2021,lil-kesh,Lil Kesh,domestic,80596,0,9598,3385.03,0.0,230.35,3615.38,1015.51,4630.89,6946340.4,0.141148,653.64,3977.25,5965875.26,observed: artist's own Nigerian share of listeners this quarter,OBS,no YouTube presence observed
Q2_2021,lil-kesh,Lil Kesh,domestic,106054,0,10046,4454.27,0.0,241.1,4695.37,1336.28,6031.65,9047478.6,0.111543,672.79,5358.86,8038293.19,observed: artist's own Nigerian share of listeners this quarter,OBS,no YouTube presence observed
Q3_2021,lil-kesh,Lil Kesh,domestic,126470,0,10763,5311.74,0.0,258.31,5570.05,1593.52,7163.57,10745361.0,0.128211,918.45,6245.13,9367691.42,observed: artist's own Nigerian share of listeners this quarter,OBS,no YouTube presence observed
Q4_2021,lil-kesh,Lil Kesh,domestic,171545,1765735,11120,7204.89,7062.94,266.88,14534.71,2161.47,16696.18,25044265.5,0.256324,4279.62,12416.55,18624828.28,observed: artist's own Nigerian share of listeners this quarter,OBS,"observed channel views, quarter net change"
Q1_2022,lil-kesh,Lil Kesh,domestic,415444,8836279,15582,17448.65,35345.12,373.97,53167.73,5234.59,58402.33,87603489.6,0.270277,15784.82,42617.5,63926255.66,observed: artist's own Nigerian share of listeners this quarter,OBS,"observed channel views, quarter net change"
Q2_2022,lil-kesh,Lil Kesh,domestic,377139,7036560,17626,15839.84,28146.24,423.02,44409.1,4751.95,49161.05,73741580.1,0.277775,13655.69,35505.36,53258044.97,observed: artist's own Nigerian share of listeners this quarter,OBS,"observed channel views, quarter net change"
Q3_2022,lil-kesh,Lil Kesh,domestic,260384,6120140,17953,10936.13,24480.56,430.87,35847.56,3280.84,39128.4,58692597.6,0.278097,10881.48,28246.92,42370378.39,observed: artist's own Nigerian share of listeners this quarter,OBS,"observed channel views, quarter net change"
Q4_2022,lil-kesh,Lil Kesh,domestic,282599,4928884,18077,11869.16,19715.54,433.85,32018.54,3560.75,35579.29,53368934.1,0.376659,13401.26,22178.03,33267041.46,observed: artist's own Nigerian share of listeners this quarter,OBS,"observed channel views, quarter net change"
Q1_2023,lil-kesh,Lil Kesh,domestic,283848,4957103,18196,11921.62,19828.41,436.7,32186.73,3576.48,35763.22,53644825.2,0.461652,16510.16,19253.06,28879589.37,observed: artist's own Nigerian share of listeners this quarter,OBS,"observed channel views, quarter net change"
Q2_2023,lil-kesh,Lil Kesh,domestic,319776,4884337,18283,13430.59,19537.35,438.79,33406.73,4029.18,37435.91,56153864.4,0.529215,19811.64,17624.27,26436406.8,observed: artist's own Nigerian share of listeners this quarter,OBS,"observed channel views, quarter net change"
Q3_2023,lil-kesh,Lil Kesh,domestic,358810,5518501,18372,15070.02,22074.0,440.93,37584.95,4521.01,42105.96,63158937.0,0.630017,26527.46,15578.49,23367740.55,observed: artist's own Nigerian share of listeners this quarter,OBS,"observed channel views, quarter net change"
Q4_2023,lil-kesh,Lil Kesh,domestic,384313,3799500,18462,16141.15,15198.0,443.09,31782.23,4842.34,36624.58,54936866.7,0.679752,24895.62,11728.96,17593440.59,observed: artist's own Nigerian share of listeners this quarter,OBS,"observed channel views, quarter net change"
Q1_2024,lil-kesh,Lil Kesh,domestic,339397,3976176,18519,14254.67,15904.7,444.46,30603.83,4276.4,34880.24,52320354.3,0.665305,23206.0,11674.23,17511350.68,observed: artist's own Nigerian share of listeners this quarter,OBS,"observed channel views, quarter net change"
Q2_2024,lil-kesh,Lil Kesh,domestic,379231,4098245,18564,15927.7,16392.98,445.54,32766.22,4778.31,37544.53,56316792.9,0.739185,27752.37,9792.16,14688242.75,observed: artist's own Nigerian share of listeners this quarter,OBS,"observed channel views, quarter net change"
Q3_2024,lil-kesh,Lil Kesh,domestic,378589,10215000,18618,15900.74,40860.0,446.83,57207.57,4770.22,61977.79,92966687.1,0.756358,46877.43,15100.36,22650545.1,observed: artist's own Nigerian share of listeners this quarter,OBS,"estimated: subscribers x 15 views/month (EST, first-submission methodology)"
Q4_2024,lil-kesh,Lil Kesh,domestic,950232,5207421,18685,39909.74,20829.68,448.44,61187.87,11972.92,73160.79,109741186.8,0.913666,66844.53,6316.26,9474394.39,observed: artist's own Nigerian share of listeners this quarter,OBS,"observed channel views, quarter net change"
Q1_2025,lil-kesh,Lil Kesh,domestic,705134,570240,2963,29615.63,2280.96,71.11,31967.7,8884.69,40852.39,61278582.6,0.918424,37519.81,3332.57,4998860.68,observed: artist's own Nigerian share of listeners this quarter,OBS,"observed channel views, quarter net change"
Q2_2025,lil-kesh,Lil Kesh,domestic,855407,576630,2963,35927.09,2306.52,71.11,38304.73,10778.13,49082.85,73624281.3,0.908724,44602.77,4480.09,6720127.81,observed: artist's own Nigerian share of listeners this quarter,OBS,"observed channel views, quarter net change"
Q3_2025,lil-kesh,Lil Kesh,domestic,793833,547988,2963,33340.99,2191.95,71.11,35604.05,10002.3,45606.35,68409518.7,0.92356,42120.21,3486.14,5229202.53,observed: artist's own Nigerian share of listeners this quarter,OBS,"observed channel views, quarter net change"
Q4_2025,lil-kesh,Lil Kesh,domestic,975226,661744,2963,40959.49,2646.98,71.11,43677.58,12287.85,55965.43,83948141.4,0.957835,53605.65,2359.78,3539673.76,observed: artist's own Nigerian share of listeners this quarter,OBS,"observed channel views, quarter net change"
Q1_2026,lil-kesh,Lil Kesh,domestic,978417,627520,2962,41093.51,2510.08,71.09,43674.68,12328.05,56002.74,84004104.3,0.405047,22683.75,33318.98,49978474.2,assumed: portfolio-wide ratio applied to an artist without own geography,ASM,"observed channel views, quarter net change"
Q2_2026,lil-kesh,Lil Kesh,domestic,1003198,7059551,19214,42134.32,28238.2,461.14,70833.66,12640.29,83473.95,125210926.2,0.401327,33500.37,49973.58,74960373.05,assumed: portfolio-wide ratio applied to an artist without own geography,ASM,"observed channel views, quarter net change"
Q3_2026,lil-kesh,Lil Kesh,domestic,1049042,4340581,19280,44059.76,17362.32,462.72,61884.81,13217.93,75102.74,112654105.8,0.993517,74615.81,486.93,730391.62,observed: artist's own Nigerian share of listeners this quarter,OBS,"observed channel views, quarter net change"
Q2_2019,lojay,Lojay,domestic,72,0,0,3.02,0.0,0.0,3.02,0.91,3.93,5896.8,,,,,not measured: provider published no geography this quarter,UNK,no YouTube presence observed
Q3_2019,lojay,Lojay,domestic,472,0,1,19.82,0.0,0.02,19.85,5.95,25.8,38692.8,,,,,not measured: provider published no geography this quarter,UNK,no YouTube presence observed
Q4_2019,lojay,Lojay,domestic,877,0,1,36.83,0.0,0.02,36.86,11.05,47.91,71862.3,,,,,not measured: provider published no geography this quarter,UNK,no YouTube presence observed
Q1_2020,lojay,Lojay,domestic,777,0,1,32.63,0.0,0.02,32.66,9.79,42.45,63672.3,,,,,not measured: provider published no geography this quarter,UNK,no YouTube presence observed
Q2_2020,lojay,Lojay,domestic,357,0,2,14.99,0.0,0.05,15.04,4.5,19.54,29310.3,,,,,not measured: provider published no geography this quarter,UNK,no YouTube presence observed
Q3_2020,lojay,Lojay,domestic,339,0,3,14.24,0.0,0.07,14.31,4.27,18.58,27872.1,,,,,not measured: provider published no geography this quarter,UNK,no YouTube presence observed
Q4_2020,lojay,Lojay,domestic,188,0,3,7.9,0.0,0.07,7.97,2.37,10.34,15505.2,,,,,not measured: provider published no geography this quarter,UNK,no YouTube presence observed
Q1_2021,lojay,Lojay,domestic,179,0,3,7.52,0.0,0.07,7.59,2.26,9.85,14768.1,0.184358,1.82,8.03,12045.49,observed: artist's own Nigerian share of listeners this quarter,OBS,no YouTube presence observed
Q2_2021,lojay,Lojay,domestic,308890,0,461,12973.38,0.0,11.06,12984.44,3892.01,16876.46,25314687.0,0.086466,1459.23,15417.22,23125837.28,observed: artist's own Nigerian share of listeners this quarter,OBS,no YouTube presence observed
Q3_2021,lojay,Lojay,domestic,389092,0,3947,16341.86,0.0,94.73,16436.59,4902.56,21339.15,32008726.8,0.167665,3577.83,17761.33,26641989.11,observed: artist's own Nigerian share of listeners this quarter,OBS,no YouTube presence observed
Q4_2021,lojay,Lojay,domestic,903285,13589872,10274,37937.97,54359.49,246.58,92544.03,11381.39,103925.43,155888137.5,0.119567,12426.08,91499.34,137249014.86,observed: artist's own Nigerian share of listeners this quarter,OBS,"observed channel views, quarter net change"
Q1_2022,lojay,Lojay,domestic,985567,15074318,16177,41393.81,60297.27,388.25,102079.33,12418.14,114497.48,171746217.3,0.110329,12632.44,101865.03,152797549.93,observed: artist's own Nigerian share of listeners this quarter,OBS,"observed channel views, quarter net change"
Q2_2022,lojay,Lojay,domestic,1992837,19190308,18986,83699.15,76761.23,455.66,160916.05,25109.75,186025.8,279038694.3,0.064573,12012.24,174013.55,261020327.16,observed: artist's own Nigerian share of listeners this quarter,OBS,"observed channel views, quarter net change"
Q3_2022,lojay,Lojay,domestic,2306583,21834013,21267,96876.49,87336.05,510.41,184722.95,29062.95,213785.89,320678837.7,0.055002,11758.59,202027.3,303040946.68,observed: artist's own Nigerian share of listeners this quarter,OBS,"observed channel views, quarter net change"
Q4_2022,lojay,Lojay,domestic,2646945,16611751,23203,111171.69,66447.0,556.87,178175.57,33351.51,211527.07,317290609.5,0.061098,12923.92,198603.16,297904734.06,observed: artist's own Nigerian share of listeners this quarter,OBS,"observed channel views, quarter net change"
Q1_2023,lojay,Lojay,domestic,3530918,22993569,25155,148298.56,91974.28,603.72,240876.55,44489.57,285366.12,428049178.2,0.079958,22817.18,262548.94,393823404.77,observed: artist's own Nigerian share of listeners this quarter,OBS,"observed channel views, quarter net change"
Q2_2023,lojay,Lojay,domestic,3967978,18568511,26966,166655.08,74274.04,647.18,241576.3,49996.52,291572.83,437359240.2,0.075385,21980.35,269592.48,404388713.6,observed: artist's own Nigerian share of listeners this quarter,OBS,"observed channel views, quarter net change"
Q3_2023,lojay,Lojay,domestic,3538252,17873931,28391,148606.58,71495.72,681.38,220783.69,44581.98,265365.67,398048500.8,0.08349,22155.26,243210.41,364815610.33,observed: artist's own Nigerian share of listeners this quarter,OBS,"observed channel views, quarter net change"
Q4_2023,lojay,Lojay,domestic,5478505,18659262,30847,230097.21,74637.05,740.33,305474.59,69029.16,374503.75,561755623.5,0.106517,39891.08,334612.67,501918997.95,observed: artist's own Nigerian share of listeners this quarter,OBS,"observed channel views, quarter net change"
Q1_2024,lojay,Lojay,domestic,4844665,14644754,34984,203475.93,58579.02,839.62,262894.56,61042.78,323937.34,485906011.5,0.089419,28966.27,294971.07,442456611.67,observed: artist's own Nigerian share of listeners this quarter,OBS,"observed channel views, quarter net change"
Q2_2024,lojay,Lojay,domestic,4690581,16062165,41946,197004.4,64248.66,1006.7,262259.77,59101.32,321361.09,482041629.9,0.119099,38273.79,283087.29,424630938.61,observed: artist's own Nigerian share of listeners this quarter,OBS,"observed channel views, quarter net change"
Q3_2024,lojay,Lojay,domestic,4346603,17394487,44331,182557.33,69577.95,1063.94,253199.22,54767.2,307966.42,461949623.7,0.162291,49980.14,257986.28,386979415.5,observed: artist's own Nigerian share of listeners this quarter,OBS,"observed channel views, quarter net change"
Q4_2024,lojay,Lojay,domestic,4577196,18736372,45605,192242.23,74945.49,1094.52,268282.24,57672.67,325954.91,488932364.4,0.16113,52521.07,273433.84,410150755.86,observed: artist's own Nigerian share of listeners this quarter,OBS,"observed channel views, quarter net change"
Q1_2025,lojay,Lojay,domestic,4004710,17445730,47776,168197.82,69782.92,1146.62,239127.36,50459.35,289586.71,434380065.0,0.1656,47955.49,241631.22,362446832.1,observed: artist's own Nigerian share of listeners this quarter,OBS,"observed channel views, quarter net change"
Q2_2025,lojay,Lojay,domestic,4537005,19997900,48528,190554.21,79991.6,1164.67,271710.48,57166.26,328876.74,493315117.5,0.153586,50510.82,278365.92,417548884.78,observed: artist's own Nigerian share of listeners this quarter,OBS,"observed channel views, quarter net change"
Q3_2025,lojay,Lojay,domestic,4469618,18207350,49228,187723.96,72829.4,1181.47,261734.83,56317.19,318052.01,477078022.2,0.204979,65193.91,252858.1,379287151.19,observed: artist's own Nigerian share of listeners this quarter,OBS,"observed channel views, quarter net change"
Q4_2025,lojay,Lojay,domestic,4368415,17951680,50008,183473.43,71806.72,1200.19,256480.34,55042.03,311522.37,467283556.5,0.208418,64926.83,246595.54,369893313.76,observed: artist's own Nigerian share of listeners this quarter,OBS,"observed channel views, quarter net change"
Q1_2026,lojay,Lojay,domestic,3712421,13021160,50627,155921.68,52084.64,1215.05,209221.37,46776.5,255997.87,383996811.9,0.183932,47086.3,208911.58,313367366.13,observed: artist's own Nigerian share of listeners this quarter,OBS,"observed channel views, quarter net change"
Q2_2026,lojay,Lojay,domestic,4946739,13415566,51240,207763.04,53662.26,1229.76,262655.06,62328.91,324983.97,487475960.1,0.236379,76819.37,248164.6,372246901.62,observed: artist's own Nigerian share of listeners this quarter,OBS,"observed channel views, quarter net change"
Q3_2026,lojay,Lojay,domestic,4583613,6948098,51511,192511.75,27792.39,1236.26,221540.4,57753.52,279293.93,418940888.7,0.262633,73351.93,205941.99,308912987.16,observed: artist's own Nigerian share of listeners this quarter,OBS,"observed channel views, quarter net change"
Q1_2019,lyta,Lyta,domestic,0,0,106,0.0,0.0,2.54,2.54,0.0,2.54,3816.0,,,,,not measured: provider published no geography this quarter,UNK,no YouTube presence observed
Q2_2019,lyta,Lyta,domestic,4986,0,117,209.41,0.0,2.81,212.22,62.82,275.04,412565.4,,,,,not measured: provider published no geography this quarter,UNK,no YouTube presence observed
Q3_2019,lyta,Lyta,domestic,75437,0,154,3168.35,0.0,3.7,3172.05,950.51,4122.56,6183834.3,,,,,not measured: provider published no geography this quarter,UNK,no YouTube presence observed
Q4_2019,lyta,Lyta,domestic,23428,0,207,983.98,0.0,4.97,988.94,295.19,1284.14,1926205.2,,,,,not measured: provider published no geography this quarter,UNK,no YouTube presence observed
Q1_2020,lyta,Lyta,domestic,21719,0,290,912.2,0.0,6.96,919.16,273.66,1192.82,1789226.1,,,,,not measured: provider published no geography this quarter,UNK,no YouTube presence observed
Q2_2020,lyta,Lyta,domestic,19371,0,338,813.58,0.0,8.11,821.69,244.07,1065.77,1598652.9,,,,,not measured: provider published no geography this quarter,UNK,no YouTube presence observed
Q3_2020,lyta,Lyta,domestic,19026,0,420,799.09,0.0,10.08,809.17,239.73,1048.9,1573349.4,,,,,not measured: provider published no geography this quarter,UNK,no YouTube presence observed
Q4_2020,lyta,Lyta,domestic,13993,0,547,587.71,0.0,13.13,600.83,176.31,777.15,1165718.7,,,,,not measured: provider published no geography this quarter,UNK,no YouTube presence observed
Q1_2021,lyta,Lyta,domestic,31560,0,692,1325.52,0.0,16.61,1342.13,397.66,1739.78,2609676.0,0.176869,307.71,1432.07,2148104.03,observed: artist's own Nigerian share of listeners this quarter,OBS,no YouTube presence observed
Q2_2021,lyta,Lyta,domestic,23527,0,896,988.13,0.0,21.5,1009.64,296.44,1306.08,1959117.3,0.268428,350.59,955.49,1433234.98,observed: artist's own Nigerian share of listeners this quarter,OBS,no YouTube presence observed
Q3_2021,lyta,Lyta,domestic,29996,0,1174,1259.83,0.0,28.18,1288.01,377.95,1665.96,2498936.4,0.270852,451.23,1214.73,1822095.71,observed: artist's own Nigerian share of listeners this quarter,OBS,no YouTube presence observed
Q4_2021,lyta,Lyta,domestic,34320,0,1412,1441.44,0.0,33.89,1475.33,432.43,1907.76,2861640.0,0.316233,603.3,1304.46,1956694.97,observed: artist's own Nigerian share of listeners this quarter,OBS,no YouTube presence observed
Q1_2022,lyta,Lyta,domestic,40358,0,1645,1695.04,0.0,39.48,1734.52,508.51,2243.03,3364540.2,0.358698,804.57,1438.46,2157687.71,observed: artist's own Nigerian share of listeners this quarter,OBS,no YouTube presence observed
Q2_2022,lyta,Lyta,domestic,40028,0,1764,1681.18,0.0,42.34,1723.51,504.35,2227.86,3341797.2,0.366434,816.37,1411.5,2117248.31,observed: artist's own Nigerian share of listeners this quarter,OBS,no YouTube presence observed
Q3_2022,lyta,Lyta,domestic,50516,0,1799,2121.67,0.0,43.18,2164.85,636.5,2801.35,4202024.4,0.372258,1042.82,1758.53,2637788.44,observed: artist's own Nigerian share of listeners this quarter,OBS,no YouTube presence observed
Q4_2022,lyta,Lyta,domestic,55102,0,1817,2314.28,0.0,43.61,2357.89,694.29,3052.18,4578265.8,0.474937,1449.59,1602.59,2403879.35,observed: artist's own Nigerian share of listeners this quarter,OBS,no YouTube presence observed
Q1_2023,lyta,Lyta,domestic,91232,0,1835,3831.74,0.0,44.04,3875.78,1149.52,5025.31,7537960.8,0.539016,2708.72,2316.59,3474881.99,observed: artist's own Nigerian share of listeners this quarter,OBS,no YouTube presence observed
Q2_2023,lyta,Lyta,domestic,117418,0,1857,4931.56,0.0,44.57,4976.12,1479.47,6455.59,9683386.2,0.55042,3553.29,2902.31,4353458.29,observed: artist's own Nigerian share of listeners this quarter,OBS,no YouTube presence observed
Q3_2023,lyta,Lyta,domestic,174575,0,1875,7332.15,0.0,45.0,7377.15,2199.64,9576.8,14365192.5,0.552222,5288.52,4288.28,6432414.07,observed: artist's own Nigerian share of listeners this quarter,OBS,no YouTube presence observed
Q4_2023,lyta,Lyta,domestic,165396,0,1901,6946.63,0.0,45.62,6992.26,2083.99,9076.25,13614368.4,0.587804,5335.06,3741.19,5611781.78,observed: artist's own Nigerian share of listeners this quarter,OBS,no YouTube presence observed
Q1_2024,lyta,Lyta,domestic,150492,4005000,1912,6320.66,16020.0,45.89,22386.55,1896.2,24282.75,36424126.8,0.745025,18091.26,6191.49,9287237.2,observed: artist's own Nigerian share of listeners this quarter,OBS,"estimated: subscribers x 15 views/month (EST, first-submission methodology)"
Q2_2024,lyta,Lyta,domestic,141543,137974,1926,5944.81,551.9,46.22,6542.93,1783.44,8326.37,12489551.7,0.850675,7083.04,1243.33,1864996.46,observed: artist's own Nigerian share of listeners this quarter,OBS,"observed channel views, quarter net change"
Q3_2024,lyta,Lyta,domestic,192040,127523,1942,8065.68,510.09,46.61,8622.38,2419.7,11042.08,16563126.0,0.893847,9869.93,1172.15,1758228.53,observed: artist's own Nigerian share of listeners this quarter,OBS,"observed channel views, quarter net change"
Q4_2024,lyta,Lyta,domestic,252901,162536,1954,10621.84,650.14,46.9,11318.88,3186.55,14505.43,21758151.9,0.923808,13400.24,1105.19,1657787.64,observed: artist's own Nigerian share of listeners this quarter,OBS,"observed channel views, quarter net change"
Q1_2025,lyta,Lyta,domestic,274758,157643,1970,11539.84,630.57,47.28,12217.69,3461.95,15679.64,23519458.2,0.998504,15656.18,23.45,35181.86,observed: artist's own Nigerian share of listeners this quarter,OBS,"observed channel views, quarter net change"
Q2_2025,lyta,Lyta,domestic,343379,175724,1979,14421.92,702.9,47.5,15172.31,4326.58,19498.89,29248328.1,0.969368,18901.59,597.29,895941.68,observed: artist's own Nigerian share of listeners this quarter,OBS,"observed channel views, quarter net change"
Q3_2025,lyta,Lyta,domestic,364523,195981,1997,15309.97,783.92,47.93,16141.82,4592.99,20734.81,31102211.7,0.999725,20729.11,5.7,8549.78,observed: artist's own Nigerian share of listeners this quarter,OBS,"observed channel views, quarter net change"
Q4_2025,lyta,Lyta,domestic,415105,191610,2016,17434.41,766.44,48.38,18249.23,5230.32,23479.56,35219335.5,0.992694,23308.01,171.55,257321.57,observed: artist's own Nigerian share of listeners this quarter,OBS,"observed channel views, quarter net change"
Q1_2026,lyta,Lyta,domestic,518029,182504,2029,21757.22,730.02,48.7,22535.93,6527.17,29063.1,43594643.1,0.405047,11771.93,17291.17,25936753.49,assumed: portfolio-wide ratio applied to an artist without own geography,ASM,"observed channel views, quarter net change"
Q2_2026,lyta,Lyta,domestic,613638,237250,2057,25772.8,949.0,49.37,26771.16,7731.84,34503.0,51754504.2,0.401327,13846.99,20656.01,30984012.81,assumed: portfolio-wide ratio applied to an artist without own geography,ASM,"observed channel views, quarter net change"
Q3_2026,lyta,Lyta,domestic,665613,98808,2075,27955.75,395.23,49.8,28400.78,8386.72,36787.5,55181252.7,0.404638,14885.62,21901.88,32852819.9,assumed: portfolio-wide ratio applied to an artist without own geography,ASM,"observed channel views, quarter net change"
Q1_2019,m.i.-abaga,M.I. Abaga,domestic,0,0,389,0.0,0.0,9.34,9.34,0.0,9.34,14004.0,,,,,not measured: provider published no geography this quarter,UNK,no YouTube presence observed
Q2_2019,m.i.-abaga,M.I. Abaga,domestic,72091,0,466,3027.82,0.0,11.18,3039.01,908.35,3947.35,5921028.9,,,,,not measured: provider published no geography this quarter,UNK,no YouTube presence observed
Q3_2019,m.i.-abaga,M.I. Abaga,domestic,104842,0,753,4403.36,0.0,18.07,4421.44,1321.01,5742.45,8613667.8,,,,,not measured: provider published no geography this quarter,UNK,no YouTube presence observed
Q4_2019,m.i.-abaga,M.I. Abaga,domestic,202590,0,1948,8508.78,0.0,46.75,8555.53,2552.63,11108.17,16662249.0,,,,,not measured: provider published no geography this quarter,UNK,no YouTube presence observed
Q1_2020,m.i.-abaga,M.I. Abaga,domestic,97581,0,3033,4098.4,0.0,72.79,4171.19,1229.52,5400.71,8101071.9,,,,,not measured: provider published no geography this quarter,UNK,no YouTube presence observed
Q2_2020,m.i.-abaga,M.I. Abaga,domestic,92679,0,4605,3892.52,0.0,110.52,4003.04,1167.76,5170.79,7756190.1,,,,,not measured: provider published no geography this quarter,UNK,no YouTube presence observed
Q3_2020,m.i.-abaga,M.I. Abaga,domestic,84787,0,5301,3561.05,0.0,127.22,3688.28,1068.32,4756.59,7134891.3,,,,,not measured: provider published no geography this quarter,UNK,no YouTube presence observed
Q4_2020,m.i.-abaga,M.I. Abaga,domestic,66954,0,5588,2812.07,0.0,134.11,2946.18,843.62,3789.8,5684700.6,,,,,not measured: provider published no geography this quarter,UNK,no YouTube presence observed
Q1_2021,m.i.-abaga,M.I. Abaga,domestic,83172,0,5999,3493.22,0.0,143.98,3637.2,1047.97,4685.17,7027750.8,0.22427,1050.74,3634.42,5451635.81,observed: artist's own Nigerian share of listeners this quarter,OBS,no YouTube presence observed
Q2_2021,m.i.-abaga,M.I. Abaga,domestic,141056,0,6465,5924.35,0.0,155.16,6079.51,1777.31,7856.82,11785226.4,0.15489,1216.94,6639.87,9959811.74,observed: artist's own Nigerian share of listeners this quarter,OBS,no YouTube presence observed
Q3_2021,m.i.-abaga,M.I. Abaga,domestic,128056,0,6795,5378.35,0.0,163.08,5541.43,1613.51,7154.94,10732406.4,0.183336,1311.76,5843.18,8764767.9,observed: artist's own Nigerian share of listeners this quarter,OBS,no YouTube presence observed
Q4_2021,m.i.-abaga,M.I. Abaga,domestic,89337,0,6975,3752.15,0.0,167.4,3919.55,1125.65,5045.2,7567800.3,0.235733,1189.32,3855.88,5783823.72,observed: artist's own Nigerian share of listeners this quarter,OBS,no YouTube presence observed
Q1_2022,m.i.-abaga,M.I. Abaga,domestic,99970,0,7197,4198.74,0.0,172.73,4371.47,1259.62,5631.09,8446635.0,0.25655,1444.66,4186.43,6279651.56,observed: artist's own Nigerian share of listeners this quarter,OBS,no YouTube presence observed
Q2_2022,m.i.-abaga,M.I. Abaga,domestic,107293,0,7339,4506.31,0.0,176.14,4682.44,1351.89,6034.33,9051500.7,0.260811,1573.82,4460.51,6690770.0,observed: artist's own Nigerian share of listeners this quarter,OBS,no YouTube presence observed
Q3_2022,m.i.-abaga,M.I. Abaga,domestic,364932,3212542,7561,15327.14,12850.17,181.46,28358.78,4598.14,32956.92,49435378.8,0.232522,7663.2,25293.72,37940573.18,observed: artist's own Nigerian share of listeners this quarter,OBS,"observed channel views, quarter net change"
Q4_2022,m.i.-abaga,M.I. Abaga,domestic,231969,1247079,7695,9742.7,4988.32,184.68,14915.69,2922.81,17838.5,26757755.1,0.34914,6228.13,11610.37,17415555.41,observed: artist's own Nigerian share of listeners this quarter,OBS,"observed channel views, quarter net change"
Q1_2023,m.i.-abaga,M.I. Abaga,domestic,198848,853049,7793,8351.62,3412.2,187.03,11950.84,2505.48,14456.33,21684493.2,0.407669,5893.39,8562.93,12844401.28,observed: artist's own Nigerian share of listeners this quarter,OBS,"observed channel views, quarter net change"
Q2_2023,m.i.-abaga,M.I. Abaga,domestic,186093,1000286,7841,7815.91,4001.14,188.18,12005.23,2344.77,14350.01,21525008.7,0.489139,7019.14,7330.86,10996294.77,observed: artist's own Nigerian share of listeners this quarter,OBS,"observed channel views, quarter net change"
Q3_2023,m.i.-abaga,M.I. Abaga,domestic,181466,751571,7906,7621.57,3006.28,189.74,10817.6,2286.47,13104.07,19656107.4,0.598868,7847.61,5256.47,7884699.73,observed: artist's own Nigerian share of listeners this quarter,OBS,"observed channel views, quarter net change"
Q4_2023,m.i.-abaga,M.I. Abaga,domestic,183886,813220,7960,7723.21,3252.88,191.04,11167.13,2316.96,13484.1,20226143.4,0.650302,8768.74,4715.36,7073038.67,observed: artist's own Nigerian share of listeners this quarter,OBS,"observed channel views, quarter net change"
Q1_2024,m.i.-abaga,M.I. Abaga,domestic,182425,846706,8000,7661.85,3386.82,192.0,11240.67,2298.55,13539.23,20308843.5,0.64089,8677.16,4862.07,7293107.3,observed: artist's own Nigerian share of listeners this quarter,OBS,"observed channel views, quarter net change"
Q2_2024,m.i.-abaga,M.I. Abaga,domestic,187491,888130,8035,7874.62,3552.52,192.84,11619.98,2362.39,13982.37,20973552.9,0.687519,9613.15,4369.22,6553831.53,observed: artist's own Nigerian share of listeners this quarter,OBS,"observed channel views, quarter net change"
Q3_2024,m.i.-abaga,M.I. Abaga,domestic,182168,938758,8057,7651.06,3755.03,193.37,11599.46,2295.32,13894.77,20842159.2,0.691356,9606.24,4288.53,6432800.4,observed: artist's own Nigerian share of listeners this quarter,OBS,"observed channel views, quarter net change"
Q4_2024,m.i.-abaga,M.I. Abaga,domestic,220728,445366,8094,9270.58,1781.46,194.26,11246.3,2781.17,14027.47,21041203.2,0.706931,9916.46,4111.01,6166518.55,observed: artist's own Nigerian share of listeners this quarter,OBS,"observed channel views, quarter net change"
Q1_2025,m.i.-abaga,M.I. Abaga,domestic,234649,1168630,8114,9855.26,4674.52,194.74,14724.51,2956.58,17681.09,26521637.1,0.81447,14400.71,3280.38,4920566.69,observed: artist's own Nigerian share of listeners this quarter,OBS,"observed channel views, quarter net change"
Q2_2025,m.i.-abaga,M.I. Abaga,domestic,239362,219358,8152,10053.2,877.43,195.65,11126.28,3015.96,14142.25,21213367.8,0.781477,11051.85,3090.4,4635599.7,observed: artist's own Nigerian share of listeners this quarter,OBS,"observed channel views, quarter net change"
Q3_2025,m.i.-abaga,M.I. Abaga,domestic,268698,4664790,8200,11285.32,18659.16,196.8,30141.28,3385.59,33526.87,50290306.2,0.733653,24597.11,8929.77,13394648.47,observed: artist's own Nigerian share of listeners this quarter,OBS,"estimated: subscribers x 15 views/month (EST, first-submission methodology)"
Q4_2025,m.i.-abaga,M.I. Abaga,domestic,245452,1037774,2099,10308.98,4151.1,50.38,14510.46,3092.7,17603.15,26404726.8,0.80363,14146.43,3456.72,5185084.15,observed: artist's own Nigerian share of listeners this quarter,OBS,"observed channel views, quarter net change"
Q1_2026,m.i.-abaga,M.I. Abaga,domestic,262385,1100536,2099,11020.17,4402.14,50.38,15472.69,3306.05,18778.74,28168111.5,0.87715,16471.78,2306.96,3460441.19,observed: artist's own Nigerian share of listeners this quarter,OBS,"observed channel views, quarter net change"
Q2_2026,m.i.-abaga,M.I. Abaga,domestic,241274,1399228,8354,10133.51,5596.91,200.5,15930.92,3040.05,18970.97,28456452.6,0.874889,16597.49,2373.47,3560211.54,observed: artist's own Nigerian share of listeners this quarter,OBS,"observed channel views, quarter net change"
Q3_2026,m.i.-abaga,M.I. Abaga,domestic,267483,650752,8382,11234.29,2603.01,201.17,14038.46,3370.29,17408.75,26113121.7,0.872118,15182.48,2226.27,3339405.48,observed: artist's own Nigerian share of listeners this quarter,OBS,"observed channel views, quarter net change"
Q1_2019,magixx,Magixx,domestic,0,0,3,0.0,0.0,0.07,0.07,0.0,0.07,108.0,,,,,not measured: provider published no geography this quarter,UNK,no YouTube presence observed
Q2_2019,magixx,Magixx,domestic,0,0,3,0.0,0.0,0.07,0.07,0.0,0.07,108.0,,,,,not measured: provider published no geography this quarter,UNK,no YouTube presence observed
Q3_2019,magixx,Magixx,domestic,2165,0,3,90.93,0.0,0.07,91.0,27.28,118.28,177421.5,,,,,not measured: provider published no geography this quarter,UNK,no YouTube presence observed
Q4_2019,magixx,Magixx,domestic,92,0,3,3.86,0.0,0.07,3.94,1.16,5.1,7642.8,,,,,not measured: provider published no geography this quarter,UNK,no YouTube presence observed
Q1_2020,magixx,Magixx,domestic,95,0,4,3.99,0.0,0.1,4.09,1.2,5.28,7924.5,,,,,not measured: provider published no geography this quarter,UNK,no YouTube presence observed
Q2_2020,magixx,Magixx,domestic,48,0,4,2.02,0.0,0.1,2.11,0.6,2.72,4075.2,,,,,not measured: provider published no geography this quarter,UNK,no YouTube presence observed
Q3_2020,magixx,Magixx,domestic,48,0,4,2.02,0.0,0.1,2.11,0.6,2.72,4075.2,,,,,not measured: provider published no geography this quarter,UNK,no YouTube presence observed
Q4_2020,magixx,Magixx,domestic,22,0,4,0.92,0.0,0.1,1.02,0.28,1.3,1945.8,,,,,not measured: provider published no geography this quarter,UNK,no YouTube presence observed
Q1_2021,magixx,Magixx,domestic,23,0,5,0.97,0.0,0.12,1.09,0.29,1.38,2063.7,0.086957,0.12,1.26,1884.25,observed: artist's own Nigerian share of listeners this quarter,OBS,no YouTube presence observed
Q2_2021,magixx,Magixx,domestic,26,0,6,1.09,0.0,0.14,1.24,0.33,1.56,2345.4,0.12,0.19,1.38,2063.95,observed: artist's own Nigerian share of listeners this quarter,OBS,no YouTube presence observed
Q3_2021,magixx,Magixx,domestic,7531,0,60,316.3,0.0,1.44,317.74,94.89,412.63,618948.9,0.617352,254.74,157.89,236839.81,observed: artist's own Nigerian share of listeners this quarter,OBS,no YouTube presence observed
Q4_2021,magixx,Magixx,domestic,41806,0,213,1755.85,0.0,5.11,1760.96,526.76,2287.72,3431579.4,0.324628,742.66,1545.06,2317591.75,observed: artist's own Nigerian share of listeners this quarter,OBS,no YouTube presence observed
Q1_2022,magixx,Magixx,domestic,302708,0,472,12713.74,0.0,11.33,12725.06,3814.12,16539.18,24808777.2,0.228648,3781.65,12757.54,19136305.47,observed: artist's own Nigerian share of listeners this quarter,OBS,no YouTube presence observed
Q2_2022,magixx,Magixx,domestic,569483,0,1052,23918.29,0.0,25.25,23943.53,7175.49,31119.02,46678529.7,0.142245,4426.52,26692.5,40038754.88,observed: artist's own Nigerian share of listeners this quarter,OBS,no YouTube presence observed
Q3_2022,magixx,Magixx,domestic,687215,0,1317,28863.03,0.0,31.61,28894.64,8658.91,37553.55,56330320.5,0.149512,5614.69,31938.86,47908285.32,observed: artist's own Nigerian share of listeners this quarter,OBS,no YouTube presence observed
Q4_2022,magixx,Magixx,domestic,860997,0,1593,36161.87,0.0,38.23,36200.11,10848.56,47048.67,70573002.3,0.172754,8127.83,38920.84,58381257.28,observed: artist's own Nigerian share of listeners this quarter,OBS,no YouTube presence observed
Q1_2023,magixx,Magixx,domestic,1111832,0,2048,46696.94,0.0,49.15,46746.1,14009.08,60755.18,91132768.8,0.177129,10761.48,49993.7,74990546.57,observed: artist's own Nigerian share of listeners this quarter,OBS,no YouTube presence observed
Q2_2023,magixx,Magixx,domestic,1312572,0,2342,55128.02,0.0,56.21,55184.23,16538.41,71722.64,107583958.8,0.184518,13234.14,58488.5,87732755.4,observed: artist's own Nigerian share of listeners this quarter,OBS,no YouTube presence observed
Q3_2023,magixx,Magixx,domestic,1275349,0,2505,53564.66,0.0,60.12,53624.78,16069.4,69694.18,104541263.1,0.205643,14332.09,55362.09,83043134.34,observed: artist's own Nigerian share of listeners this quarter,OBS,no YouTube presence observed
Q4_2023,magixx,Magixx,domestic,1195772,0,2645,50222.42,0.0,63.48,50285.9,15066.73,65352.63,98028946.8,0.258334,16882.8,48469.83,72704742.51,observed: artist's own Nigerian share of listeners this quarter,OBS,no YouTube presence observed
Q1_2024,magixx,Magixx,domestic,1239291,1240527,2785,52050.22,4962.11,66.84,57079.17,15615.07,72694.24,109041354.9,0.332455,24167.58,48526.66,72789982.66,observed: artist's own Nigerian share of listeners this quarter,OBS,"observed channel views, quarter net change"
Q2_2024,magixx,Magixx,domestic,1295079,7590993,3001,54393.32,30363.97,72.02,84829.31,16318.0,101147.31,151720964.1,0.443259,44834.48,56312.83,84469251.6,observed: artist's own Nigerian share of listeners this quarter,OBS,"observed channel views, quarter net change"
Q3_2024,magixx,Magixx,domestic,1296944,6742845,3186,54471.65,26971.38,76.46,81519.49,16341.49,97860.99,146791479.6,0.471661,46157.22,51703.77,77555652.67,observed: artist's own Nigerian share of listeners this quarter,OBS,"observed channel views, quarter net change"
Q4_2024,magixx,Magixx,domestic,1268618,7381008,3364,53281.96,29524.03,80.74,82886.72,15984.59,98871.31,148306966.2,0.515526,50970.77,47900.55,71850818.06,observed: artist's own Nigerian share of listeners this quarter,OBS,"observed channel views, quarter net change"
Q1_2025,magixx,Magixx,domestic,1254330,9963920,3579,52681.86,39855.68,85.9,92623.44,15804.56,108427.99,162641991.0,0.540139,58566.14,49861.85,74792780.18,observed: artist's own Nigerian share of listeners this quarter,OBS,"observed channel views, quarter net change"
Q2_2025,magixx,Magixx,domestic,1088089,10049540,3796,45699.74,40198.16,91.1,85989.0,13709.92,99698.92,149548385.1,0.466781,46537.61,53161.31,79741966.03,observed: artist's own Nigerian share of listeners this quarter,OBS,"observed channel views, quarter net change"
Q3_2025,magixx,Magixx,domestic,1440513,9875850,4071,60501.55,39503.4,97.7,100102.65,18150.46,118253.11,177379670.7,0.487795,57683.28,60569.83,90854747.98,observed: artist's own Nigerian share of listeners this quarter,OBS,"observed channel views, quarter net change"
Q4_2025,magixx,Magixx,domestic,1385693,8917420,4326,58199.11,35669.68,103.82,93972.61,17459.73,111432.34,167148512.7,0.478284,53296.34,58136.0,87203996.63,observed: artist's own Nigerian share of listeners this quarter,OBS,"observed channel views, quarter net change"
Q1_2026,magixx,Magixx,domestic,1333104,9550500,4539,55990.37,38202.0,108.94,94301.3,16797.11,111098.41,166647621.6,0.492197,54682.29,56416.12,84624183.45,observed: artist's own Nigerian share of listeners this quarter,OBS,"observed channel views, quarter net change"
Q2_2026,magixx,Magixx,domestic,2164707,11544041,4887,90917.69,46176.16,117.29,137211.15,27275.31,164486.45,246729681.3,0.697161,114673.52,49812.94,74719403.79,observed: artist's own Nigerian share of listeners this quarter,OBS,"observed channel views, quarter net change"
Q3_2026,magixx,Magixx,domestic,2177137,6326344,5094,91439.75,25305.38,122.26,116867.39,27431.93,144299.31,216448968.3,0.680484,98193.32,46105.99,69158989.22,observed: artist's own Nigerian share of listeners this quarter,OBS,"observed channel views, quarter net change"
Q1_2019,maleek-berry,Maleek Berry,diaspora_candidate,0,14520645,14790,0.0,58082.58,354.96,58437.54,0.0,58437.54,87656310.0,,,,,not measured: provider published no geography this quarter,UNK,"estimated: subscribers x 15 views/month (EST, first-submission methodology)"
Q2_2019,maleek-berry,Maleek Berry,diaspora_candidate,1173196,15503715,16205,49274.23,62014.86,388.92,111678.01,14782.27,126460.28,189690422.4,,,,,not measured: provider published no geography this quarter,UNK,"estimated: subscribers x 15 views/month (EST, first-submission methodology)"
Q3_2019,maleek-berry,Maleek Berry,diaspora_candidate,1322133,16290000,20812,55529.59,65160.0,499.49,121189.07,16658.88,137847.95,206771924.7,,,,,not measured: provider published no geography this quarter,UNK,"estimated: subscribers x 15 views/month (EST, first-submission methodology)"
Q4_2019,maleek-berry,Maleek Berry,diaspora_candidate,1153246,16965000,29686,48436.33,67860.0,712.46,117008.8,14530.9,131539.7,197309543.4,,,,,not measured: provider published no geography this quarter,UNK,"estimated: subscribers x 15 views/month (EST, first-submission methodology)"
Q1_2020,maleek-berry,Maleek Berry,diaspora_candidate,1033092,17640000,37187,43389.86,70560.0,892.49,114842.35,13016.96,127859.31,191788966.8,,,,,not measured: provider published no geography this quarter,UNK,"estimated: subscribers x 15 views/month (EST, first-submission methodology)"
Q2_2020,maleek-berry,Maleek Berry,diaspora_candidate,1557100,19395000,43355,65398.2,77580.0,1040.52,144018.72,19619.46,163638.18,245457270.0,,,,,not measured: provider published no geography this quarter,UNK,"estimated: subscribers x 15 views/month (EST, first-submission methodology)"
Q3_2020,maleek-berry,Maleek Berry,diaspora_candidate,1696628,21060000,49800,71258.38,84240.0,1195.2,156693.58,21377.51,178071.09,267106633.2,,,,,not measured: provider published no geography this quarter,UNK,"estimated: subscribers x 15 views/month (EST, first-submission methodology)"
Q4_2020,maleek-berry,Maleek Berry,diaspora_candidate,1206594,22050000,52092,50676.95,88200.0,1250.21,140127.16,15203.08,155330.24,232995360.6,,,,,not measured: provider published no geography this quarter,UNK,"estimated: subscribers x 15 views/month (EST, first-submission methodology)"
Q1_2021,maleek-berry,Maleek Berry,diaspora_candidate,1189756,22770000,53188,49969.75,91080.0,1276.51,142326.26,14990.93,157317.19,235975784.4,0.011427,1797.62,155519.57,233279356.91,observed: artist's own Nigerian share of listeners this quarter,OBS,"estimated: subscribers x 15 views/month (EST, first-submission methodology)"
Q2_2021,maleek-berry,Maleek Berry,diaspora_candidate,1246738,23310000,54730,52363.0,93240.0,1313.52,146916.52,15708.9,162625.41,243938122.2,0.009971,1621.51,161003.9,241505854.42,observed: artist's own Nigerian share of listeners this quarter,OBS,"estimated: subscribers x 15 views/month (EST, first-submission methodology)"
Q3_2021,maleek-berry,Maleek Berry,diaspora_candidate,1144390,909119,56926,48064.38,3636.48,1366.22,53067.08,14419.31,67486.39,101229591.0,0.01074,724.83,66761.57,100142349.74,observed: artist's own Nigerian share of listeners this quarter,OBS,"observed channel views, quarter net change"
Q4_2021,maleek-berry,Maleek Berry,diaspora_candidate,999014,12088997,58875,41958.59,48355.99,1413.0,91727.58,12587.58,104315.15,156472728.6,0.015039,1568.84,102746.31,154119467.03,observed: artist's own Nigerian share of listeners this quarter,OBS,"observed channel views, quarter net change"
Q1_2022,maleek-berry,Maleek Berry,diaspora_candidate,1048211,10645456,60511,44024.86,42581.82,1452.26,88058.95,13207.46,101266.41,151899612.9,0.012407,1256.4,100010.01,150015008.8,observed: artist's own Nigerian share of listeners this quarter,OBS,"observed channel views, quarter net change"
Q2_2022,maleek-berry,Maleek Berry,diaspora_candidate,1009720,9123736,61174,42408.24,36494.94,1468.18,80371.36,12722.47,93093.83,139640748.0,0.013042,1214.16,91879.67,137819505.46,observed: artist's own Nigerian share of listeners this quarter,OBS,"observed channel views, quarter net change"
Q3_2022,maleek-berry,Maleek Berry,diaspora_candidate,845784,7673079,61431,35522.93,30692.32,1474.34,67689.59,10656.88,78346.47,117519699.6,0.017037,1334.81,77011.66,115517484.37,observed: artist's own Nigerian share of listeners this quarter,OBS,"observed channel views, quarter net change"
Q4_2022,maleek-berry,Maleek Berry,diaspora_candidate,1111439,7800722,61633,46680.44,31202.89,1479.19,79362.52,14004.13,93366.65,140049974.1,0.038184,3565.11,89801.54,134702314.61,observed: artist's own Nigerian share of listeners this quarter,OBS,"observed channel views, quarter net change"
Q1_2023,maleek-berry,Maleek Berry,diaspora_candidate,1000813,6251422,61803,42034.15,25005.69,1483.27,68523.11,12610.24,81133.35,121700024.7,0.048739,3954.34,77179.01,115768518.33,observed: artist's own Nigerian share of listeners this quarter,OBS,"observed channel views, quarter net change"
Q2_2023,maleek-berry,Maleek Berry,diaspora_candidate,1206465,6802188,61965,50671.53,27208.75,1487.16,79367.44,15201.46,94568.9,141853351.5,0.053046,5016.5,89552.4,134328604.71,observed: artist's own Nigerian share of listeners this quarter,OBS,"observed channel views, quarter net change"
Q3_2023,maleek-berry,Maleek Berry,diaspora_candidate,1218734,5303442,62128,51186.83,21213.77,1491.07,73891.67,15356.05,89247.72,133871574.6,0.069843,6233.33,83014.39,124521577.65,observed: artist's own Nigerian share of listeners this quarter,OBS,"observed channel views, quarter net change"
Q4_2023,maleek-berry,Maleek Berry,diaspora_candidate,1165515,3435415,62360,48951.63,13741.66,1496.64,64189.93,14685.49,78875.42,118313128.5,0.102438,8079.85,70795.56,106193346.87,observed: artist's own Nigerian share of listeners this quarter,OBS,"observed channel views, quarter net change"
Q1_2024,maleek-berry,Maleek Berry,diaspora_candidate,972141,26505000,62520,40829.92,106020.0,1500.48,148350.4,12248.98,160599.38,240899067.9,0.105772,16986.9,143612.48,215418718.58,observed: artist's own Nigerian share of listeners this quarter,OBS,"estimated: subscribers x 15 views/month (EST, first-submission methodology)"
Q2_2024,maleek-berry,Maleek Berry,diaspora_candidate,1058176,6267780,62677,44443.39,25071.12,1504.25,71018.76,13333.02,84351.78,126527666.4,0.118633,10006.9,74344.87,111517311.61,observed: artist's own Nigerian share of listeners this quarter,OBS,"observed channel views, quarter net change"
Q3_2024,maleek-berry,Maleek Berry,diaspora_candidate,1302163,6433352,62847,54690.85,25733.41,1508.33,81932.58,16407.25,98339.84,147509753.7,0.219834,21618.4,76721.44,115082159.69,observed: artist's own Nigerian share of listeners this quarter,OBS,"observed channel views, quarter net change"
Q4_2024,maleek-berry,Maleek Berry,diaspora_candidate,1458581,6517378,63033,61260.4,26069.51,1512.79,88842.71,18378.12,107220.83,160831239.9,0.242225,25971.55,81249.28,121873914.95,observed: artist's own Nigerian share of listeners this quarter,OBS,"observed channel views, quarter net change"
Q1_2025,maleek-berry,Maleek Berry,diaspora_candidate,1351605,5482360,63256,56767.41,21929.44,1518.14,80214.99,17030.22,97245.22,145867825.5,0.230383,22403.66,74841.56,112262338.26,observed: artist's own Nigerian share of listeners this quarter,OBS,"observed channel views, quarter net change"
Q2_2025,maleek-berry,Maleek Berry,diaspora_candidate,1483677,6441420,63473,62314.43,25765.68,1523.35,89603.47,18694.33,108297.8,162446694.3,0.256897,27821.33,80476.46,120714693.19,observed: artist's own Nigerian share of listeners this quarter,OBS,"observed channel views, quarter net change"
Q3_2025,maleek-berry,Maleek Berry,diaspora_candidate,1224706,5208350,63700,51437.65,20833.4,1528.8,73799.85,15431.3,89231.15,133846721.4,0.217728,19428.13,69803.01,104704519.27,observed: artist's own Nigerian share of listeners this quarter,OBS,"observed channel views, quarter net change"
Q4_2025,maleek-berry,Maleek Berry,diaspora_candidate,1184901,5319060,63959,49765.84,21276.24,1535.02,72577.1,14929.75,87506.85,131260275.9,0.26254,22974.09,64532.76,96799140.02,observed: artist's own Nigerian share of listeners this quarter,OBS,"observed channel views, quarter net change"
Q1_2026,maleek-berry,Maleek Berry,diaspora_candidate,1278932,4184150,64228,53715.14,16736.6,1541.47,71993.22,16114.54,88107.76,132161638.8,0.264995,23348.11,64759.65,97139481.25,observed: artist's own Nigerian share of listeners this quarter,OBS,"observed channel views, quarter net change"
Q2_2026,maleek-berry,Maleek Berry,diaspora_candidate,1023363,5360485,64642,42981.25,21441.94,1551.41,65974.59,12894.37,78868.97,118303451.7,0.261371,20614.03,58254.94,87382407.7,observed: artist's own Nigerian share of listeners this quarter,OBS,"observed channel views, quarter net change"
Q3_2026,maleek-berry,Maleek Berry,diaspora_candidate,1320275,2920739,64835,55451.55,11682.96,1556.04,68690.55,16635.47,85326.01,127989016.5,0.275286,23489.1,61836.91,92755368.58,observed: artist's own Nigerian share of listeners this quarter,OBS,"observed channel views, quarter net change"
Q1_2019,mannywellz,Mannywellz,diaspora_candidate,0,135675,0,0.0,542.7,0.0,542.7,0.0,542.7,814050.0,,,,,not measured: provider published no geography this quarter,UNK,"estimated: subscribers x 15 views/month (EST, first-submission methodology)"
Q2_2019,mannywellz,Mannywellz,diaspora_candidate,4536,137340,0,190.51,549.36,0.0,739.87,57.15,797.03,1195538.4,,,,,not measured: provider published no geography this quarter,UNK,"estimated: subscribers x 15 views/month (EST, first-submission methodology)"
Q3_2019,mannywellz,Mannywellz,diaspora_candidate,4249,141300,59,178.46,565.2,1.42,745.07,53.54,798.61,1197917.1,,,,,not measured: provider published no geography this quarter,UNK,"estimated: subscribers x 15 views/month (EST, first-submission methodology)"
Q4_2019,mannywellz,Mannywellz,diaspora_candidate,82053,143550,64,3446.23,574.2,1.54,4021.96,1033.87,5055.83,7583744.7,,,,,not measured: provider published no geography this quarter,UNK,"estimated: subscribers x 15 views/month (EST, first-submission methodology)"
Q1_2020,mannywellz,Mannywellz,diaspora_candidate,45077,148950,67,1893.23,595.8,1.61,2490.64,567.97,3058.61,4587918.3,,,,,not measured: provider published no geography this quarter,UNK,"estimated: subscribers x 15 views/month (EST, first-submission methodology)"
Q2_2020,mannywellz,Mannywellz,diaspora_candidate,43925,155250,68,1844.85,621.0,1.63,2467.48,553.46,3020.94,4531405.5,,,,,not measured: provider published no geography this quarter,UNK,"estimated: subscribers x 15 views/month (EST, first-submission methodology)"
Q3_2020,mannywellz,Mannywellz,diaspora_candidate,209740,162900,122,8809.08,651.6,2.93,9463.61,2642.72,12106.33,18159498.0,,,,,not measured: provider published no geography this quarter,UNK,"estimated: subscribers x 15 views/month (EST, first-submission methodology)"
Q4_2020,mannywellz,Mannywellz,diaspora_candidate,91674,202050,231,3850.31,808.2,5.54,4664.05,1155.09,5819.14,8728716.6,,,,,not measured: provider published no geography this quarter,UNK,"estimated: subscribers x 15 views/month (EST, first-submission methodology)"
Q1_2021,mannywellz,Mannywellz,diaspora_candidate,89298,244350,314,3750.52,977.4,7.54,4735.45,1125.15,5860.61,8790910.2,0.010751,63.0,5797.6,8696403.34,observed: artist's own Nigerian share of listeners this quarter,OBS,"estimated: subscribers x 15 views/month (EST, first-submission methodology)"
Q2_2021,mannywellz,Mannywellz,diaspora_candidate,83670,276750,362,3514.14,1107.0,8.69,4629.83,1054.24,5684.07,8526105.0,0.02025,115.1,5568.97,8353449.62,observed: artist's own Nigerian share of listeners this quarter,OBS,"estimated: subscribers x 15 views/month (EST, first-submission methodology)"
Q3_2021,mannywellz,Mannywellz,diaspora_candidate,95368,56307,445,4005.46,225.23,10.68,4241.36,1201.64,5443.0,8164501.2,0.025687,139.81,5303.19,7954782.04,observed: artist's own Nigerian share of listeners this quarter,OBS,"observed channel views, quarter net change"
Q4_2021,mannywellz,Mannywellz,diaspora_candidate,127588,468995,498,5358.7,1875.98,11.95,7246.63,1607.61,8854.24,13281355.2,0.029835,264.17,8590.07,12885107.06,observed: artist's own Nigerian share of listeners this quarter,OBS,"observed channel views, quarter net change"
Q1_2022,mannywellz,Mannywellz,diaspora_candidate,135718,317063,533,5700.16,1268.25,12.79,6981.2,1710.05,8691.25,13036870.2,0.021993,191.14,8500.1,12750155.83,observed: artist's own Nigerian share of listeners this quarter,OBS,"observed channel views, quarter net change"
Q2_2022,mannywellz,Mannywellz,diaspora_candidate,211551,398044,565,8885.14,1592.18,13.56,10490.88,2665.54,13156.42,19734630.9,0.019483,256.33,12900.09,19350134.84,observed: artist's own Nigerian share of listeners this quarter,OBS,"observed channel views, quarter net change"
Q3_2022,mannywellz,Mannywellz,diaspora_candidate,272221,2312663,599,11433.28,9250.65,14.38,20698.31,3429.98,24128.29,36192441.9,0.022529,543.59,23584.7,35377051.15,observed: artist's own Nigerian share of listeners this quarter,OBS,"observed channel views, quarter net change"
Q4_2022,mannywellz,Mannywellz,diaspora_candidate,220330,3139961,655,9253.86,12559.84,15.72,21829.42,2776.16,24605.58,36908373.0,0.057555,1416.16,23189.42,34784127.2,observed: artist's own Nigerian share of listeners this quarter,OBS,"observed channel views, quarter net change"
Q1_2023,mannywellz,Mannywellz,diaspora_candidate,375590,1018838,821,15774.78,4075.35,19.7,19869.84,4732.43,24602.27,36903405.0,0.068187,1677.56,22924.71,34387062.86,observed: artist's own Nigerian share of listeners this quarter,OBS,"observed channel views, quarter net change"
Q2_2023,mannywellz,Mannywellz,diaspora_candidate,340642,2169126,906,14306.96,8676.5,21.74,23005.21,4292.09,27297.3,40945951.8,0.095618,2610.11,24687.19,37030781.34,observed: artist's own Nigerian share of listeners this quarter,OBS,"observed channel views, quarter net change"
Q3_2023,mannywellz,Mannywellz,diaspora_candidate,187868,713619,960,7890.46,2854.48,23.04,10767.97,2367.14,13135.11,19702663.2,0.094699,1243.89,11891.22,17836833.66,observed: artist's own Nigerian share of listeners this quarter,OBS,"observed channel views, quarter net change"
Q4_2023,mannywellz,Mannywellz,diaspora_candidate,382787,1613395,1109,16077.05,6453.58,26.62,22557.25,4823.12,27380.37,41070549.3,0.106114,2905.43,24474.94,36712407.23,observed: artist's own Nigerian share of listeners this quarter,OBS,"observed channel views, quarter net change"
Q1_2024,mannywellz,Mannywellz,diaspora_candidate,243079,1115320,1170,10209.32,4461.28,28.08,14698.68,3062.8,17761.47,26642210.1,0.122669,2178.77,15582.7,23374048.26,observed: artist's own Nigerian share of listeners this quarter,OBS,"observed channel views, quarter net change"
Q2_2024,mannywellz,Mannywellz,diaspora_candidate,211663,855531,1226,8889.85,3422.12,29.42,12341.39,2666.95,15008.35,22512521.7,0.164285,2465.64,12542.7,18814057.3,observed: artist's own Nigerian share of listeners this quarter,OBS,"observed channel views, quarter net change"
Q3_2024,mannywellz,Mannywellz,diaspora_candidate,470193,1252170,1314,19748.11,5008.68,31.54,24788.32,5924.43,30712.75,46069130.7,0.434005,13329.48,17383.27,26074908.7,observed: artist's own Nigerian share of listeners this quarter,OBS,"observed channel views, quarter net change"
Q4_2024,mannywellz,Mannywellz,diaspora_candidate,357127,1849932,1392,14999.33,7399.73,33.41,22432.47,4499.8,26932.27,40398405.3,0.330255,8894.51,18037.76,27056639.9,observed: artist's own Nigerian share of listeners this quarter,OBS,"observed channel views, quarter net change"
Q1_2025,mannywellz,Mannywellz,diaspora_candidate,329258,1737886,1480,13828.84,6951.54,35.52,20815.9,4148.65,24964.55,37446826.2,0.313595,7828.75,17135.8,25703701.58,observed: artist's own Nigerian share of listeners this quarter,OBS,"observed channel views, quarter net change"
Q2_2025,mannywellz,Mannywellz,diaspora_candidate,267296,1374620,1554,11226.43,5498.48,37.3,16762.21,3367.93,20130.14,30195206.4,0.275938,5554.66,14575.48,21863215.5,observed: artist's own Nigerian share of listeners this quarter,OBS,"observed channel views, quarter net change"
Q3_2025,mannywellz,Mannywellz,diaspora_candidate,282797,1282704,1668,11877.47,5130.82,40.03,17048.32,3563.24,20611.56,30917346.3,0.325223,6703.36,13908.2,20862303.44,observed: artist's own Nigerian share of listeners this quarter,OBS,"observed channel views, quarter net change"
Q4_2025,mannywellz,Mannywellz,diaspora_candidate,269441,2621025,1803,11316.52,10484.1,43.27,21843.89,3394.96,25238.85,37858275.9,0.325881,8224.87,17013.98,25520969.45,observed: artist's own Nigerian share of listeners this quarter,OBS,"estimated: subscribers x 15 views/month (EST, first-submission methodology)"
Q1_2026,mannywellz,Mannywellz,diaspora_candidate,552309,2142082,1925,23196.98,8568.33,46.2,31811.51,6959.09,38770.6,58155899.1,0.206697,8013.77,30756.83,46135248.79,observed: artist's own Nigerian share of listeners this quarter,OBS,"observed channel views, quarter net change"
Q2_2026,mannywellz,Mannywellz,diaspora_candidate,527526,3667748,2089,22156.09,14670.99,50.14,36877.22,6646.83,43524.05,65286071.4,0.220926,9615.58,33908.47,50862706.66,observed: artist's own Nigerian share of listeners this quarter,OBS,"observed channel views, quarter net change"
Q3_2026,mannywellz,Mannywellz,diaspora_candidate,353056,1045314,2138,14828.35,4181.26,51.31,19060.92,4448.51,23509.43,35264138.4,0.225208,5294.51,18214.92,27322379.95,observed: artist's own Nigerian share of listeners this quarter,OBS,"observed channel views, quarter net change"
Q1_2019,mayorkun,Mayorkun,domestic,0,0,2695,0.0,0.0,64.68,64.68,0.0,64.68,97020.0,,,,,not measured: provider published no geography this quarter,UNK,no YouTube presence observed
Q2_2019,mayorkun,Mayorkun,domestic,300271,0,3233,12611.38,0.0,77.59,12688.97,3783.41,16472.39,24708582.9,,,,,not measured: provider published no geography this quarter,UNK,no YouTube presence observed
Q3_2019,mayorkun,Mayorkun,domestic,282374,0,6234,11859.71,0.0,149.62,12009.32,3557.91,15567.24,23350854.6,,,,,not measured: provider published no geography this quarter,UNK,no YouTube presence observed
Q4_2019,mayorkun,Mayorkun,domestic,341438,0,13372,14340.4,0.0,320.93,14661.32,4302.12,18963.44,28445164.2,,,,,not measured: provider published no geography this quarter,UNK,no YouTube presence observed
Q1_2020,mayorkun,Mayorkun,domestic,355759,0,21131,14941.88,0.0,507.14,15449.02,4482.56,19931.59,29897378.1,,,,,not measured: provider published no geography this quarter,UNK,no YouTube presence observed
Q2_2020,mayorkun,Mayorkun,domestic,390711,0,30666,16409.86,0.0,735.98,17145.85,4922.96,22068.8,33103206.9,,,,,not measured: provider published no geography this quarter,UNK,no YouTube presence observed
Q3_2020,mayorkun,Mayorkun,domestic,363226,2097000,43722,15255.49,8388.0,1049.33,24692.82,4576.65,29269.47,43904201.4,,,,,not measured: provider published no geography this quarter,UNK,"estimated: subscribers x 15 views/month (EST, first-submission methodology)"
Q4_2020,mayorkun,Mayorkun,domestic,385113,2871000,57039,16174.75,11484.0,1368.94,29027.68,4852.42,33880.11,50820158.7,,,,,not measured: provider published no geography this quarter,UNK,"estimated: subscribers x 15 views/month (EST, first-submission methodology)"
Q1_2021,mayorkun,Mayorkun,domestic,409495,3339000,69811,17198.79,13356.0,1675.46,32230.25,5159.64,37389.89,56084836.5,0.113396,4239.86,33150.04,49725053.39,observed: artist's own Nigerian share of listeners this quarter,OBS,"estimated: subscribers x 15 views/month (EST, first-submission methodology)"
Q2_2021,mayorkun,Mayorkun,domestic,364498,3573000,79532,15308.92,14292.0,1908.77,31509.68,4592.67,36102.36,54153538.2,0.095258,3439.04,32663.32,48994985.62,observed: artist's own Nigerian share of listeners this quarter,OBS,"estimated: subscribers x 15 views/month (EST, first-submission methodology)"
Q3_2021,mayorkun,Mayorkun,domestic,424874,207753,89021,17844.71,831.01,2136.5,20812.22,5353.41,26165.64,39248454.6,0.118749,3107.15,23058.48,34587725.35,observed: artist's own Nigerian share of listeners this quarter,OBS,"observed channel views, quarter net change"
Q4_2021,mayorkun,Mayorkun,domestic,730289,9275793,102925,30672.14,37103.17,2470.2,70245.51,9201.64,79447.15,119170727.1,0.189695,15070.73,64376.42,96564627.99,observed: artist's own Nigerian share of listeners this quarter,OBS,"observed channel views, quarter net change"
Q1_2022,mayorkun,Mayorkun,domestic,765983,9377339,115886,32171.29,37509.36,2781.26,72461.91,9651.39,82113.29,123169937.7,0.162443,13338.75,68774.54,103161811.59,observed: artist's own Nigerian share of listeners this quarter,OBS,"observed channel views, quarter net change"
Q2_2022,mayorkun,Mayorkun,domestic,1223756,6488883,121217,51397.75,25955.53,2909.21,80262.49,15419.33,95681.82,143522726.4,0.146769,14043.14,81638.68,122458013.77,observed: artist's own Nigerian share of listeners this quarter,OBS,"observed channel views, quarter net change"
Q3_2022,mayorkun,Mayorkun,domestic,1567268,11889887,125276,65825.26,47559.55,3006.62,116391.43,19747.58,136139.0,204208507.2,0.107063,14575.49,121563.51,182345269.72,observed: artist's own Nigerian share of listeners this quarter,OBS,"observed channel views, quarter net change"
Q4_2022,mayorkun,Mayorkun,domestic,1652958,7079549,128433,69424.24,28318.2,3082.39,100824.82,20827.27,121652.09,182478142.2,0.15493,18847.61,102804.48,154206724.0,observed: artist's own Nigerian share of listeners this quarter,OBS,"observed channel views, quarter net change"
Q1_2023,mayorkun,Mayorkun,domestic,1500503,4456603,130986,63021.13,17826.41,3143.66,83991.2,18906.34,102897.54,154346309.7,0.186585,19199.19,83698.35,125547529.32,observed: artist's own Nigerian share of listeners this quarter,OBS,"observed channel views, quarter net change"
Q2_2023,mayorkun,Mayorkun,domestic,1394298,3543137,133268,58560.52,14172.55,3198.43,75931.5,17568.15,93499.65,140249476.2,0.22416,20958.89,72540.76,108811146.78,observed: artist's own Nigerian share of listeners this quarter,OBS,"observed channel views, quarter net change"
Q3_2023,mayorkun,Mayorkun,domestic,1379965,2503528,135128,57958.53,10014.11,3243.07,71215.71,17387.56,88603.27,132904909.5,0.271768,24079.51,64523.76,96785643.43,observed: artist's own Nigerian share of listeners this quarter,OBS,"observed channel views, quarter net change"
Q4_2023,mayorkun,Mayorkun,domestic,1498748,4850205,137132,62947.42,19400.82,3291.17,85639.4,18884.22,104523.63,156785443.2,0.374902,39186.1,65337.53,98006297.6,observed: artist's own Nigerian share of listeners this quarter,OBS,"observed channel views, quarter net change"
Q1_2024,mayorkun,Mayorkun,domestic,1403482,2369080,139197,58946.24,9476.32,3340.73,71763.29,17683.87,89447.17,134170747.8,0.315441,28215.28,61231.88,91847826.08,observed: artist's own Nigerian share of listeners this quarter,OBS,"observed channel views, quarter net change"
Q2_2024,mayorkun,Mayorkun,domestic,1403684,3267402,141232,58954.73,13069.61,3389.57,75413.9,17686.42,93100.32,139650483.6,0.339154,31575.31,61525.02,92287523.58,observed: artist's own Nigerian share of listeners this quarter,OBS,"observed channel views, quarter net change"
Q3_2024,mayorkun,Mayorkun,domestic,1226310,2536955,142277,51505.02,10147.82,3414.65,65067.49,15451.51,80518.99,120778491.0,0.324925,26162.65,54356.35,81534517.82,observed: artist's own Nigerian share of listeners this quarter,OBS,"observed channel views, quarter net change"
Q4_2024,mayorkun,Mayorkun,domestic,1496214,762796,143262,62840.99,3051.18,3438.29,69330.46,18852.3,88182.76,132274134.6,0.454814,40106.75,48076.0,72114004.53,observed: artist's own Nigerian share of listeners this quarter,OBS,"observed channel views, quarter net change"
Q1_2025,mayorkun,Mayorkun,domestic,1205122,11881530,144088,50615.12,47526.12,3458.11,101599.36,15184.54,116783.89,175175839.8,0.467193,54560.56,62223.33,93334995.45,observed: artist's own Nigerian share of listeners this quarter,OBS,"estimated: subscribers x 15 views/month (EST, first-submission methodology)"
Q2_2025,mayorkun,Mayorkun,domestic,1789425,3947596,144605,75155.85,15790.38,3470.52,94416.75,22546.76,116963.51,175445263.5,0.530007,61991.49,54972.02,82458023.76,observed: artist's own Nigerian share of listeners this quarter,OBS,"observed channel views, quarter net change"
Q3_2025,mayorkun,Mayorkun,domestic,1325479,3292970,145021,55670.12,13171.88,3480.5,72322.5,16701.04,89023.54,133535306.1,0.493922,43970.66,45052.88,67579321.07,observed: artist's own Nigerian share of listeners this quarter,OBS,"observed channel views, quarter net change"
Q4_2025,mayorkun,Mayorkun,domestic,1288395,2533864,145282,54112.59,10135.46,3486.77,67734.81,16233.78,83968.59,125952886.5,0.517325,43439.07,40529.52,60794281.37,observed: artist's own Nigerian share of listeners this quarter,OBS,"observed channel views, quarter net change"
Q1_2026,mayorkun,Mayorkun,domestic,1343278,2197750,145500,56417.68,8791.0,3492.0,68700.68,16925.3,85625.98,128438968.2,0.575807,49304.04,36321.94,54482913.55,observed: artist's own Nigerian share of listeners this quarter,OBS,"observed channel views, quarter net change"
Q2_2026,mayorkun,Mayorkun,domestic,1580681,1994290,145841,66388.6,7977.16,3500.18,77865.95,19916.58,97782.53,146673789.9,0.561138,54869.48,42913.05,64369569.02,observed: artist's own Nigerian share of listeners this quarter,OBS,"observed channel views, quarter net change"
Q3_2026,mayorkun,Mayorkun,domestic,2718671,2052821,145997,114184.18,8211.28,3503.93,125899.39,34255.25,160154.65,240231972.9,0.774292,124006.53,36148.12,54222173.0,observed: artist's own Nigerian share of listeners this quarter,OBS,"observed channel views, quarter net change"
Q2_2019,mohbad,Mohbad,domestic,123,0,0,5.17,0.0,0.0,5.17,1.55,6.72,10073.7,,,,,not measured: provider published no geography this quarter,UNK,no YouTube presence observed
Q3_2019,mohbad,Mohbad,domestic,406,0,13,17.05,0.0,0.31,17.36,5.12,22.48,33719.4,,,,,not measured: provider published no geography this quarter,UNK,no YouTube presence observed
Q4_2019,mohbad,Mohbad,domestic,1527,0,37,64.13,0.0,0.89,65.02,19.24,84.26,126393.3,,,,,not measured: provider published no geography this quarter,UNK,no YouTube presence observed
Q1_2020,mohbad,Mohbad,domestic,11205,0,112,470.61,0.0,2.69,473.3,141.18,614.48,921721.5,,,,,not measured: provider published no geography this quarter,UNK,no YouTube presence observed
Q2_2020,mohbad,Mohbad,domestic,15131,0,488,635.5,0.0,11.71,647.21,190.65,837.86,1256796.9,,,,,not measured: provider published no geography this quarter,UNK,no YouTube presence observed
Q3_2020,mohbad,Mohbad,domestic,14303,0,922,600.73,0.0,22.13,622.85,180.22,803.07,1204607.7,,,,,not measured: provider published no geography this quarter,UNK,no YouTube presence observed
Q4_2020,mohbad,Mohbad,domestic,28837,0,2631,1211.15,0.0,63.14,1274.3,363.35,1637.64,2456466.3,,,,,not measured: provider published no geography this quarter,UNK,no YouTube presence observed
Q1_2021,mohbad,Mohbad,domestic,188023,0,7478,7896.97,0.0,179.47,8076.44,2369.09,10445.53,15668291.7,0.167368,1748.25,8697.28,13045923.84,observed: artist's own Nigerian share of listeners this quarter,OBS,no YouTube presence observed
Q2_2021,mohbad,Mohbad,domestic,249201,0,11806,10466.44,0.0,283.34,10749.79,3139.93,13889.72,20834577.9,0.129127,1793.53,12096.19,18144279.53,observed: artist's own Nigerian share of listeners this quarter,OBS,no YouTube presence observed
Q3_2021,mohbad,Mohbad,domestic,251118,0,18514,10546.96,0.0,444.34,10991.29,3164.09,14155.38,21233068.2,0.193518,2739.32,11416.06,17124082.82,observed: artist's own Nigerian share of listeners this quarter,OBS,no YouTube presence observed
Q4_2021,mohbad,Mohbad,domestic,249757,162628,27282,10489.79,650.51,654.77,11795.07,3146.94,14942.01,22413018.3,0.343034,5125.62,9816.39,14724581.34,observed: artist's own Nigerian share of listeners this quarter,OBS,"observed channel views, quarter net change"
Q1_2022,mohbad,Mohbad,domestic,223582,96793,35472,9390.44,387.17,851.33,10628.94,2817.13,13446.08,20169115.8,0.396367,5329.58,8116.5,12174749.38,observed: artist's own Nigerian share of listeners this quarter,OBS,"observed channel views, quarter net change"
Q2_2022,mohbad,Mohbad,domestic,242691,67353,38446,10193.02,269.41,922.7,11385.14,3057.91,14443.04,21664566.9,0.381011,5502.97,8940.08,13410118.45,observed: artist's own Nigerian share of listeners this quarter,OBS,"observed channel views, quarter net change"
Q3_2022,mohbad,Mohbad,domestic,217561,57451,39251,9137.56,229.8,942.02,10309.39,2741.27,13050.66,19575987.9,0.369415,4821.11,8229.54,12344317.43,observed: artist's own Nigerian share of listeners this quarter,OBS,"observed channel views, quarter net change"
Q4_2022,mohbad,Mohbad,domestic,238185,1129500,39703,10003.77,4518.0,952.87,15474.64,3001.13,18475.77,27713659.5,0.519573,9599.51,8876.26,13314388.58,observed: artist's own Nigerian share of listeners this quarter,OBS,"estimated: subscribers x 15 views/month (EST, first-submission methodology)"
Q1_2023,mohbad,Mohbad,domestic,267219,288127,40094,11223.2,1152.51,962.26,13337.96,3366.96,16704.92,25057382.1,0.594964,9938.82,6766.1,10149144.8,observed: artist's own Nigerian share of listeners this quarter,OBS,"observed channel views, quarter net change"
Q2_2023,mohbad,Mohbad,domestic,584138,3615482,40350,24533.8,14461.93,968.4,39964.12,7360.14,47324.26,70986394.2,0.549178,25989.44,21334.82,32002226.88,observed: artist's own Nigerian share of listeners this quarter,OBS,"observed channel views, quarter net change"
Q3_2023,mohbad,Mohbad,domestic,1011073,16227401,41332,42465.07,64909.6,991.97,108366.64,12739.52,121106.16,181659236.7,0.96688,117095.1,4011.06,6016585.78,observed: artist's own Nigerian share of listeners this quarter,OBS,"observed channel views, quarter net change"
Q4_2023,mohbad,Mohbad,domestic,1159815,15725345,42798,48712.23,62901.38,1027.15,112640.76,14613.67,127254.43,190881646.5,0.818883,104206.51,23047.92,34571883.29,observed: artist's own Nigerian share of listeners this quarter,OBS,"observed channel views, quarter net change"
Q1_2024,mohbad,Mohbad,domestic,2145637,5653162,44076,90116.75,22612.65,1057.82,113787.23,27035.03,140822.25,211233378.3,0.511378,72013.36,68808.9,103213344.0,observed: artist's own Nigerian share of listeners this quarter,OBS,"observed channel views, quarter net change"
Q2_2024,mohbad,Mohbad,domestic,1801210,3695894,45547,75650.82,14783.58,1093.13,91527.52,22695.25,114222.77,171334155.0,0.531101,60663.83,53558.94,80338407.95,observed: artist's own Nigerian share of listeners this quarter,OBS,"observed channel views, quarter net change"
Q3_2024,mohbad,Mohbad,domestic,1373356,2885710,46534,57680.95,11542.84,1116.82,70340.61,17304.29,87644.89,131467340.4,0.607126,53211.49,34433.41,51650112.8,observed: artist's own Nigerian share of listeners this quarter,OBS,"observed channel views, quarter net change"
Q4_2024,mohbad,Mohbad,domestic,1371322,2523704,47260,57595.52,10094.82,1134.24,68824.58,17278.66,86103.24,129154855.8,0.691041,59500.87,26602.36,39903546.0,observed: artist's own Nigerian share of listeners this quarter,OBS,"observed channel views, quarter net change"
Q1_2025,mohbad,Mohbad,domestic,1332271,2518592,47894,55955.38,10074.37,1149.46,67179.21,16786.61,83965.82,125948730.9,0.749713,62950.27,21015.55,31523319.44,observed: artist's own Nigerian share of listeners this quarter,OBS,"observed channel views, quarter net change"
Q2_2025,mohbad,Mohbad,domestic,1541796,3366936,48378,64755.43,13467.74,1161.07,79384.25,19426.63,98810.88,148216316.4,0.775718,76649.38,22161.5,33242243.18,observed: artist's own Nigerian share of listeners this quarter,OBS,"observed channel views, quarter net change"
Q3_2025,mohbad,Mohbad,domestic,1492767,3505212,48848,62696.21,14020.85,1172.35,77889.41,18808.86,96698.28,145047417.3,0.8166,78963.78,17734.5,26601746.6,observed: artist's own Nigerian share of listeners this quarter,OBS,"observed channel views, quarter net change"
Q4_2025,mohbad,Mohbad,domestic,1487606,2907514,49176,62479.45,11630.06,1180.22,75289.73,18743.84,94033.57,141050351.4,0.868357,81654.74,12378.83,18568246.46,observed: artist's own Nigerian share of listeners this quarter,OBS,"observed channel views, quarter net change"
Q1_2026,mohbad,Mohbad,domestic,1477677,2902444,49496,62062.43,11609.78,1187.9,74860.11,18618.73,93478.84,140218266.3,0.991893,92721.0,757.84,1136763.5,observed: artist's own Nigerian share of listeners this quarter,OBS,"observed channel views, quarter net change"
Q2_2026,mohbad,Mohbad,domestic,1563017,1848310,49878,65646.71,7393.24,1197.07,74237.03,19694.01,93931.04,140896560.3,0.401327,37697.08,56233.96,84350935.19,assumed: portfolio-wide ratio applied to an artist without own geography,ASM,"observed channel views, quarter net change"
Q3_2026,mohbad,Mohbad,domestic,1656113,982706,50037,69556.75,3930.82,1200.89,74688.46,20867.02,95555.48,143333222.7,0.993103,94896.47,659.01,988512.74,observed: artist's own Nigerian share of listeners this quarter,OBS,"observed channel views, quarter net change"
Q1_2019,mr-eazi,Mr Eazi,domestic,0,24294420,30712,0.0,97177.68,737.09,97914.77,0.0,97914.77,146872152.0,,,,,not measured: provider published no geography this quarter,UNK,"estimated: subscribers x 15 views/month (EST, first-submission methodology)"
Q2_2019,mr-eazi,Mr Eazi,domestic,2649883,26271405,33008,111295.09,105085.62,792.19,217172.9,33388.53,250561.42,375842135.7,,,,,not measured: provider published no geography this quarter,UNK,"estimated: subscribers x 15 views/month (EST, first-submission methodology)"
Q3_2019,mr-eazi,Mr Eazi,domestic,4561211,29385000,67774,191570.86,117540.0,1626.58,310737.44,57471.26,368208.7,552313044.9,,,,,not measured: provider published no geography this quarter,UNK,"estimated: subscribers x 15 views/month (EST, first-submission methodology)"
Q4_2019,mr-eazi,Mr Eazi,domestic,4630957,31995000,94977,194500.19,127980.0,2279.45,324759.64,58350.06,383109.7,574664550.3,,,,,not measured: provider published no geography this quarter,UNK,"estimated: subscribers x 15 views/month (EST, first-submission methodology)"
Q1_2020,mr-eazi,Mr Eazi,domestic,6041593,33840000,118506,253746.91,135360.0,2844.14,391951.05,76124.07,468075.12,702112682.7,,,,,not measured: provider published no geography this quarter,UNK,"estimated: subscribers x 15 views/month (EST, first-submission methodology)"
Q2_2020,mr-eazi,Mr Eazi,domestic,5855180,35910000,144677,245917.56,143640.0,3472.25,393029.81,73775.27,466805.08,700207614.0,,,,,not measured: provider published no geography this quarter,UNK,"estimated: subscribers x 15 views/month (EST, first-submission methodology)"
Q3_2020,mr-eazi,Mr Eazi,domestic,6842211,38160000,173640,287372.86,152640.0,4167.36,444180.22,86211.86,530392.08,795588120.9,,,,,not measured: provider published no geography this quarter,UNK,"estimated: subscribers x 15 views/month (EST, first-submission methodology)"
Q4_2020,mr-eazi,Mr Eazi,domestic,6264571,40545000,201025,263111.98,162180.0,4824.6,430116.58,78933.59,509050.18,763575264.9,,,,,not measured: provider published no geography this quarter,UNK,"estimated: subscribers x 15 views/month (EST, first-submission methodology)"
Q1_2021,mr-eazi,Mr Eazi,domestic,5498605,42255000,225699,230941.41,169020.0,5416.78,405378.19,69282.42,474660.61,711990913.5,0.006167,2927.15,471733.45,707600181.69,observed: artist's own Nigerian share of listeners this quarter,OBS,"estimated: subscribers x 15 views/month (EST, first-submission methodology)"
Q2_2021,mr-eazi,Mr Eazi,domestic,5262802,44010000,247118,221037.68,176040.0,5930.83,403008.52,66311.31,469319.82,703979731.8,0.005411,2539.66,466780.16,700170239.99,observed: artist's own Nigerian share of listeners this quarter,OBS,"estimated: subscribers x 15 views/month (EST, first-submission methodology)"
Q3_2021,mr-eazi,Mr Eazi,domestic,4734339,884931,263464,198842.24,3539.72,6323.14,208705.1,59652.67,268357.77,402536654.1,0.00595,1596.81,266760.96,400141442.88,observed: artist's own Nigerian share of listeners this quarter,OBS,"observed channel views, quarter net change"
Q4_2021,mr-eazi,Mr Eazi,domestic,5426457,9064214,277182,227911.19,36256.86,6652.37,270820.42,68373.36,339193.78,508790664.3,0.005847,1983.29,337210.49,505815730.14,observed: artist's own Nigerian share of listeners this quarter,OBS,"observed channel views, quarter net change"
Q1_2022,mr-eazi,Mr Eazi,domestic,5198742,10100410,287124,218347.16,40401.64,6890.98,265639.78,65504.15,331143.93,496715893.8,0.006324,2094.02,329049.91,493574870.49,observed: artist's own Nigerian share of listeners this quarter,OBS,"observed channel views, quarter net change"
Q2_2022,mr-eazi,Mr Eazi,domestic,5072852,6429281,294117,213059.78,25717.12,7058.81,245835.72,63917.94,309753.65,464630476.8,0.011648,3608.09,306145.57,459218347.61,observed: artist's own Nigerian share of listeners this quarter,OBS,"observed channel views, quarter net change"
Q3_2022,mr-eazi,Mr Eazi,domestic,4974738,12607281,301186,208939.0,50429.12,7228.46,266596.58,62681.7,329278.28,493917424.2,0.008456,2784.29,326493.99,489740982.97,observed: artist's own Nigerian share of listeners this quarter,OBS,"observed channel views, quarter net change"
Q4_2022,mr-eazi,Mr Eazi,domestic,4430971,14007410,307122,186100.78,56029.64,7370.93,249501.35,55830.23,305331.58,457997376.9,0.021951,6702.39,298629.2,447943798.38,observed: artist's own Nigerian share of listeners this quarter,OBS,"observed channel views, quarter net change"
Q1_2023,mr-eazi,Mr Eazi,domestic,4416969,12077975,311905,185512.7,48311.9,7485.72,241310.32,55653.81,296964.13,445446191.1,0.032871,9761.39,287202.74,430804106.78,observed: artist's own Nigerian share of listeners this quarter,OBS,"observed channel views, quarter net change"
Q2_2023,mr-eazi,Mr Eazi,domestic,4850978,11757876,315822,203741.08,47031.5,7579.73,258352.31,61122.32,319474.63,479211946.2,0.037412,11952.29,307522.34,461283512.0,observed: artist's own Nigerian share of listeners this quarter,OBS,"observed channel views, quarter net change"
Q3_2023,mr-eazi,Mr Eazi,domestic,4444468,10487761,319514,186667.66,41951.04,7668.34,236287.04,56000.3,292287.33,438430999.2,0.043563,12732.91,279554.42,419331637.49,observed: artist's own Nigerian share of listeners this quarter,OBS,"observed channel views, quarter net change"
Q4_2023,mr-eazi,Mr Eazi,domestic,3846784,10490516,323098,161564.93,41962.06,7754.35,211281.34,48469.48,259750.82,389626233.6,0.066697,17324.57,242426.26,363639385.7,observed: artist's own Nigerian share of listeners this quarter,OBS,"observed channel views, quarter net change"
Q1_2024,mr-eazi,Mr Eazi,domestic,3655456,10290955,326495,153529.15,41163.82,7835.88,202528.85,46058.75,248587.6,372881396.4,0.056797,14119.11,234468.49,351702729.49,observed: artist's own Nigerian share of listeners this quarter,OBS,"observed channel views, quarter net change"
Q2_2024,mr-eazi,Mr Eazi,domestic,3546314,5189639,330118,148945.19,20758.56,7922.83,177626.58,44683.56,222310.13,333465198.6,0.057134,12701.38,209608.75,314413131.72,observed: artist's own Nigerian share of listeners this quarter,OBS,"observed channel views, quarter net change"
Q3_2024,mr-eazi,Mr Eazi,domestic,3382084,10549706,332828,142047.53,42198.82,7987.87,192234.22,42614.26,234848.48,352272723.6,0.05984,14053.33,220795.15,331192722.59,observed: artist's own Nigerian share of listeners this quarter,OBS,"observed channel views, quarter net change"
Q4_2024,mr-eazi,Mr Eazi,domestic,3272812,10770055,335364,137458.1,43080.22,8048.74,188587.06,41237.43,229824.49,344736736.8,0.081982,18841.56,210982.93,316474401.24,observed: artist's own Nigerian share of listeners this quarter,OBS,"observed channel views, quarter net change"
Q1_2025,mr-eazi,Mr Eazi,domestic,3653263,8258740,337394,153437.05,33034.96,8097.46,194569.46,46031.11,240600.58,360900863.7,0.08117,19529.66,221070.92,331606378.35,observed: artist's own Nigerian share of listeners this quarter,OBS,"observed channel views, quarter net change"
Q2_2025,mr-eazi,Mr Eazi,domestic,4088009,10226300,339592,171696.38,40905.2,8150.21,220751.79,51508.91,272260.7,408391049.1,0.086942,23670.97,248589.73,372884589.07,observed: artist's own Nigerian share of listeners this quarter,OBS,"observed channel views, quarter net change"
Q3_2025,mr-eazi,Mr Eazi,domestic,4630097,18373200,342168,194464.07,73492.8,8212.03,276168.91,58339.22,334508.13,501762192.3,0.155572,52040.09,282468.04,423702061.2,observed: artist's own Nigerian share of listeners this quarter,OBS,"observed channel views, quarter net change"
Q4_2025,mr-eazi,Mr Eazi,domestic,4587018,17993860,344645,192654.76,71975.44,8271.48,272901.68,57796.43,330698.1,496047154.2,0.133887,44276.17,286421.93,429632892.09,observed: artist's own Nigerian share of listeners this quarter,OBS,"observed channel views, quarter net change"
Q1_2026,mr-eazi,Mr Eazi,domestic,5364227,10366210,346996,225297.53,41464.84,8327.9,275090.28,67589.26,342679.54,514019307.3,0.115086,39437.65,303241.88,454862826.54,observed: artist's own Nigerian share of listeners this quarter,OBS,"observed channel views, quarter net change"
Q2_2026,mr-eazi,Mr Eazi,domestic,4532194,6129180,349159,190352.15,24516.72,8379.82,223248.68,57105.64,280354.33,420531492.6,0.124773,34980.75,245373.58,368060372.11,observed: artist's own Nigerian share of listeners this quarter,OBS,"observed channel views, quarter net change"
Q3_2026,mr-eazi,Mr Eazi,domestic,4463803,59850000,350051,187479.73,239400.0,8401.22,435280.95,56243.92,491524.87,737287301.7,0.121497,59718.57,431806.29,647709441.04,observed: artist's own Nigerian share of listeners this quarter,OBS,"estimated: subscribers x 15 views/month (EST, first-submission methodology)"
Q2_2019,mr-real,Mr Real,domestic,25009,0,0,1050.38,0.0,0.0,1050.38,315.11,1365.49,2048237.1,,,,,not measured: provider published no geography this quarter,UNK,no YouTube presence observed
Q3_2019,mr-real,Mr Real,domestic,25192,1003500,0,1058.06,4014.0,0.0,5072.06,317.42,5389.48,8084224.8,,,,,not measured: provider published no geography this quarter,UNK,"estimated: subscribers x 15 views/month (EST, first-submission methodology)"
Q4_2019,mr-real,Mr Real,domestic,22071,1048500,0,926.98,4194.0,0.0,5120.98,278.09,5399.08,8098614.9,,,,,not measured: provider published no geography this quarter,UNK,"estimated: subscribers x 15 views/month (EST, first-submission methodology)"
Q1_2020,mr-real,Mr Real,domestic,24965,1062000,0,1048.53,4248.0,0.0,5296.53,314.56,5611.09,8416633.5,,,,,not measured: provider published no geography this quarter,UNK,"estimated: subscribers x 15 views/month (EST, first-submission methodology)"
Q2_2020,mr-real,Mr Real,domestic,29074,1075500,0,1221.11,4302.0,0.0,5523.11,366.33,5889.44,8834160.6,,,,,not measured: provider published no geography this quarter,UNK,"estimated: subscribers x 15 views/month (EST, first-submission methodology)"
Q3_2020,mr-real,Mr Real,domestic,21419,1156500,0,899.6,4626.0,0.0,5525.6,269.88,5795.48,8693216.1,,,,,not measured: provider published no geography this quarter,UNK,"estimated: subscribers x 15 views/month (EST, first-submission methodology)"
Q4_2020,mr-real,Mr Real,domestic,19025,1305000,0,799.05,5220.0,0.0,6019.05,239.72,6258.77,9388147.5,,,,,not measured: provider published no geography this quarter,UNK,"estimated: subscribers x 15 views/month (EST, first-submission methodology)"
Q1_2021,mr-real,Mr Real,domestic,25967,1687500,0,1090.61,6750.0,0.0,7840.61,327.18,8167.8,12251697.3,0.112219,916.59,7251.21,10876819.73,observed: artist's own Nigerian share of listeners this quarter,OBS,"estimated: subscribers x 15 views/month (EST, first-submission methodology)"
Q2_2021,mr-real,Mr Real,domestic,26429,1737000,0,1110.02,6948.0,0.0,8058.02,333.01,8391.02,12586535.1,0.080131,672.38,7718.64,11577966.81,observed: artist's own Nigerian share of listeners this quarter,OBS,"estimated: subscribers x 15 views/month (EST, first-submission methodology)"
Q3_2021,mr-real,Mr Real,domestic,25199,12104,0,1058.36,48.42,0.0,1106.77,317.51,1424.28,2136422.1,0.0781,111.24,1313.05,1969568.36,observed: artist's own Nigerian share of listeners this quarter,OBS,"observed channel views, quarter net change"
Q4_2021,mr-real,Mr Real,domestic,22720,91509,0,954.24,366.04,0.0,1320.28,286.27,1606.55,2409822.0,0.096973,155.79,1450.76,2176134.58,observed: artist's own Nigerian share of listeners this quarter,OBS,"observed channel views, quarter net change"
Q1_2022,mr-real,Mr Real,domestic,20421,101674,0,857.68,406.7,0.0,1264.38,257.3,1521.68,2282523.9,0.098854,150.42,1371.26,2056888.22,observed: artist's own Nigerian share of listeners this quarter,OBS,"observed channel views, quarter net change"
Q2_2022,mr-real,Mr Real,domestic,21487,89076,0,902.45,356.3,0.0,1258.76,270.74,1529.49,2294241.3,0.117574,179.83,1349.67,2024499.29,observed: artist's own Nigerian share of listeners this quarter,OBS,"observed channel views, quarter net change"
Q3_2022,mr-real,Mr Real,domestic,24432,86699,0,1026.14,346.8,0.0,1372.94,307.84,1680.78,2521174.8,0.142838,240.08,1440.7,2161056.0,observed: artist's own Nigerian share of listeners this quarter,OBS,"observed channel views, quarter net change"
Q4_2022,mr-real,Mr Real,domestic,18542,78783,0,778.76,315.13,0.0,1093.9,233.63,1327.53,1991287.8,0.214055,284.16,1043.36,1565043.53,observed: artist's own Nigerian share of listeners this quarter,OBS,"observed channel views, quarter net change"
Q1_2023,mr-real,Mr Real,domestic,21050,74289,0,884.1,297.16,0.0,1181.26,265.23,1446.49,2169729.0,0.254233,367.74,1078.74,1618112.33,observed: artist's own Nigerian share of listeners this quarter,OBS,"observed channel views, quarter net change"
Q2_2023,mr-real,Mr Real,domestic,23331,82181,0,979.9,328.72,0.0,1308.63,293.97,1602.6,2403894.9,0.269713,432.24,1170.36,1755534.08,observed: artist's own Nigerian share of listeners this quarter,OBS,"observed channel views, quarter net change"
Q3_2023,mr-real,Mr Real,domestic,23099,1831500,0,970.16,7326.0,0.0,8296.16,291.05,8587.21,12880808.1,0.368228,3162.05,5425.15,8137731.16,observed: artist's own Nigerian share of listeners this quarter,OBS,"estimated: subscribers x 15 views/month (EST, first-submission methodology)"
Q4_2023,mr-real,Mr Real,domestic,21412,1849500,0,899.3,7398.0,0.0,8297.3,269.79,8567.1,12850642.8,0.407907,3494.58,5072.51,7608769.61,observed: artist's own Nigerian share of listeners this quarter,OBS,"estimated: subscribers x 15 views/month (EST, first-submission methodology)"
Q1_2024,mr-real,Mr Real,domestic,21907,1858500,0,920.09,7434.0,0.0,8354.09,276.03,8630.12,12945183.3,0.382341,3299.65,5330.47,7995709.31,observed: artist's own Nigerian share of listeners this quarter,OBS,"estimated: subscribers x 15 views/month (EST, first-submission methodology)"
Q2_2024,mr-real,Mr Real,domestic,41096,146090,0,1726.03,584.36,0.0,2310.39,517.81,2828.2,4242302.4,0.353667,1000.24,1827.96,2741942.12,observed: artist's own Nigerian share of listeners this quarter,OBS,"observed channel views, quarter net change"
Q3_2024,mr-real,Mr Real,domestic,30343,146979,0,1274.41,587.92,0.0,1862.32,382.32,2244.64,3366965.7,0.536673,1204.64,1040.0,1560005.17,observed: artist's own Nigerian share of listeners this quarter,OBS,"observed channel views, quarter net change"
Q4_2024,mr-real,Mr Real,domestic,36219,1876500,0,1521.2,7506.0,0.0,9027.2,456.36,9483.56,14225336.1,0.624848,5925.78,3557.77,5336662.11,observed: artist's own Nigerian share of listeners this quarter,OBS,"estimated: subscribers x 15 views/month (EST, first-submission methodology)"
Q1_2025,mr-real,Mr Real,domestic,43794,161849,83,1839.35,647.4,1.99,2488.74,551.8,3040.54,4560810.6,0.667625,2029.94,1010.6,1515899.51,observed: artist's own Nigerian share of listeners this quarter,OBS,"observed channel views, quarter net change"
Q2_2025,mr-real,Mr Real,domestic,45513,1885500,89,1911.55,7542.0,2.14,9455.68,573.46,10029.15,15043718.7,0.642994,6448.68,3580.47,5370700.95,observed: artist's own Nigerian share of listeners this quarter,OBS,"estimated: subscribers x 15 views/month (EST, first-submission methodology)"
Q3_2025,mr-real,Mr Real,domestic,43857,150183,92,1841.99,600.73,2.21,2444.93,552.6,2997.53,4496298.3,0.596486,1787.99,1209.55,1814320.25,observed: artist's own Nigerian share of listeners this quarter,OBS,"observed channel views, quarter net change"
Q4_2025,mr-real,Mr Real,domestic,51783,152660,98,2174.89,610.64,2.35,2787.88,652.47,3440.34,5160515.7,0.699692,2407.18,1033.16,1549745.31,observed: artist's own Nigerian share of listeners this quarter,OBS,"observed channel views, quarter net change"
Q1_2026,mr-real,Mr Real,domestic,57872,1908000,105,2430.62,7632.0,2.52,10065.14,729.19,10794.33,16191496.8,0.731503,7896.08,2898.25,4347376.26,observed: artist's own Nigerian share of listeners this quarter,OBS,"estimated: subscribers x 15 views/month (EST, first-submission methodology)"
Q2_2026,mr-real,Mr Real,domestic,77692,1917000,0,3263.06,7668.0,0.0,10931.06,978.92,11909.98,17864974.8,0.815245,9709.55,2200.43,3300646.76,observed: artist's own Nigerian share of listeners this quarter,OBS,"estimated: subscribers x 15 views/month (EST, first-submission methodology)"
Q3_2026,mr-real,Mr Real,domestic,80512,154839,0,3381.5,619.36,0.0,4000.86,1014.45,5015.31,7522966.8,0.706094,3541.28,1474.03,2211048.83,observed: artist's own Nigerian share of listeners this quarter,OBS,"observed channel views, quarter net change"
Q1_2019,naeto-c,Naeto C,domestic,0,261630,12817,0.0,1046.52,307.61,1354.13,0.0,1354.13,2031192.0,,,,,not measured: provider published no geography this quarter,UNK,"estimated: subscribers x 15 views/month (EST, first-submission methodology)"
Q2_2019,naeto-c,Naeto C,domestic,32054,260910,12819,1346.27,1043.64,307.66,2697.56,403.88,3101.44,4652166.6,,,,,not measured: provider published no geography this quarter,UNK,"estimated: subscribers x 15 views/month (EST, first-submission methodology)"
Q3_2019,naeto-c,Naeto C,domestic,25888,260100,12831,1087.3,1040.4,307.94,2435.64,326.19,2761.83,4142743.2,,,,,not measured: provider published no geography this quarter,UNK,"estimated: subscribers x 15 views/month (EST, first-submission methodology)"
Q4_2019,naeto-c,Naeto C,domestic,22299,259650,12832,936.56,1038.6,307.97,2283.13,280.97,2564.09,3846140.1,,,,,not measured: provider published no geography this quarter,UNK,"estimated: subscribers x 15 views/month (EST, first-submission methodology)"
Q1_2020,naeto-c,Naeto C,domestic,20536,258750,12844,862.51,1035.0,308.26,2205.77,258.75,2464.52,3696782.4,,,,,not measured: provider published no geography this quarter,UNK,"estimated: subscribers x 15 views/month (EST, first-submission methodology)"
Q2_2020,naeto-c,Naeto C,domestic,24287,257400,12853,1020.05,1029.6,308.47,2358.13,306.02,2664.14,3996213.3,,,,,not measured: provider published no geography this quarter,UNK,"estimated: subscribers x 15 views/month (EST, first-submission methodology)"
Q3_2020,naeto-c,Naeto C,domestic,20168,256950,12864,847.06,1027.8,308.74,2183.59,254.12,2437.71,3656563.2,,,,,not measured: provider published no geography this quarter,UNK,"estimated: subscribers x 15 views/month (EST, first-submission methodology)"
Q4_2020,naeto-c,Naeto C,domestic,17082,256050,12870,717.44,1024.2,308.88,2050.52,215.23,2265.76,3398635.8,,,,,not measured: provider published no geography this quarter,UNK,"estimated: subscribers x 15 views/month (EST, first-submission methodology)"
Q1_2021,naeto-c,Naeto C,domestic,16773,256500,12875,704.47,1026.0,309.0,2039.47,211.34,2250.81,3376208.7,0.066357,149.36,2101.45,3152174.82,observed: artist's own Nigerian share of listeners this quarter,OBS,"estimated: subscribers x 15 views/month (EST, first-submission methodology)"
Q2_2021,naeto-c,Naeto C,domestic,17735,257400,12891,744.87,1029.6,309.38,2083.85,223.46,2307.31,3460972.5,0.057116,131.78,2175.53,3263296.5,observed: artist's own Nigerian share of listeners this quarter,OBS,"estimated: subscribers x 15 views/month (EST, first-submission methodology)"
Q3_2021,naeto-c,Naeto C,domestic,18232,258300,12900,765.74,1033.2,309.6,2108.54,229.72,2338.27,3507400.8,0.059798,139.82,2198.44,3297666.8,observed: artist's own Nigerian share of listeners this quarter,OBS,"estimated: subscribers x 15 views/month (EST, first-submission methodology)"
Q4_2021,naeto-c,Naeto C,domestic,18372,259650,12913,771.62,1038.6,309.91,2120.14,231.49,2351.62,3527434.8,0.18578,436.89,1914.74,2872106.83,observed: artist's own Nigerian share of listeners this quarter,OBS,"estimated: subscribers x 15 views/month (EST, first-submission methodology)"
Q1_2022,naeto-c,Naeto C,domestic,27289,260100,12923,1146.14,1040.4,310.15,2496.69,343.84,2840.53,4260797.1,0.245068,696.12,2144.41,3216610.15,observed: artist's own Nigerian share of listeners this quarter,OBS,"estimated: subscribers x 15 views/month (EST, first-submission methodology)"
Q2_2022,naeto-c,Naeto C,domestic,33286,259650,12933,1398.01,1038.6,310.39,2747.0,419.4,3166.41,4749611.4,0.265482,840.62,2325.78,3488675.33,observed: artist's own Nigerian share of listeners this quarter,OBS,"estimated: subscribers x 15 views/month (EST, first-submission methodology)"
Q3_2022,naeto-c,Naeto C,domestic,30640,258750,12935,1286.88,1035.0,310.44,2632.32,386.06,3018.38,4527576.0,0.254017,766.72,2251.66,3377495.83,observed: artist's own Nigerian share of listeners this quarter,OBS,"estimated: subscribers x 15 views/month (EST, first-submission methodology)"
Q4_2022,naeto-c,Naeto C,domestic,27314,258750,12940,1147.19,1035.0,310.56,2492.75,344.16,2836.9,4255356.6,0.359743,1020.56,1816.35,2724522.35,observed: artist's own Nigerian share of listeners this quarter,OBS,"estimated: subscribers x 15 views/month (EST, first-submission methodology)"
Q1_2023,naeto-c,Naeto C,domestic,40197,258300,12944,1688.27,1033.2,310.66,3032.13,506.48,3538.61,5307918.3,0.457921,1620.41,1918.21,2877310.76,observed: artist's own Nigerian share of listeners this quarter,OBS,"estimated: subscribers x 15 views/month (EST, first-submission methodology)"
Q2_2023,naeto-c,Naeto C,domestic,48988,257400,12951,2057.5,1029.6,310.82,3397.92,617.25,4015.17,6022753.2,0.447815,1798.05,2217.11,3325671.2,observed: artist's own Nigerian share of listeners this quarter,OBS,"estimated: subscribers x 15 views/month (EST, first-submission methodology)"
Q3_2023,naeto-c,Naeto C,domestic,47394,15132,12958,1990.55,60.53,310.99,2362.07,597.16,2959.23,4438848.6,0.552338,1634.5,1324.74,1987104.81,observed: artist's own Nigerian share of listeners this quarter,OBS,"observed channel views, quarter net change"
Q4_2023,naeto-c,Naeto C,domestic,54081,43163,12967,2271.4,172.65,311.21,2755.26,681.42,3436.68,5155023.9,0.633727,2177.92,1258.76,1888144.04,observed: artist's own Nigerian share of listeners this quarter,OBS,"observed channel views, quarter net change"
Q1_2024,naeto-c,Naeto C,domestic,63834,46523,12974,2681.03,186.09,311.38,3178.5,804.31,3982.8,5974206.6,0.654039,2604.91,1377.89,2066839.6,observed: artist's own Nigerian share of listeners this quarter,OBS,"observed channel views, quarter net change"
Q2_2024,naeto-c,Naeto C,domestic,66561,52661,12980,2795.56,210.64,311.52,3317.73,838.67,4156.39,6234591.9,0.684152,2843.6,1312.79,1969186.19,observed: artist's own Nigerian share of listeners this quarter,OBS,"observed channel views, quarter net change"
Q3_2024,naeto-c,Naeto C,domestic,49574,49020,12984,2082.11,196.08,311.62,2589.8,624.63,3214.44,4821654.6,0.658767,2117.56,1096.87,1645307.18,observed: artist's own Nigerian share of listeners this quarter,OBS,"observed channel views, quarter net change"
Q4_2024,naeto-c,Naeto C,domestic,54148,50495,12988,2274.22,201.98,311.71,2787.91,682.26,3470.17,5205259.2,0.662049,2297.42,1172.75,1759123.36,observed: artist's own Nigerian share of listeners this quarter,OBS,"observed channel views, quarter net change"
Q1_2025,naeto-c,Naeto C,domestic,73427,52394,12991,3083.93,209.58,311.78,3605.29,925.18,4530.47,6795711.3,0.715478,3241.45,1289.02,1933530.16,observed: artist's own Nigerian share of listeners this quarter,OBS,"observed channel views, quarter net change"
Q2_2025,naeto-c,Naeto C,domestic,85036,65986,12996,3571.51,263.94,311.9,4147.36,1071.45,5218.81,7828220.4,0.724084,3778.86,1439.95,2159929.17,observed: artist's own Nigerian share of listeners this quarter,OBS,"observed channel views, quarter net change"
Q3_2025,naeto-c,Naeto C,domestic,100661,70346,13013,4227.76,281.38,312.31,4821.46,1268.33,6089.79,9134679.9,0.738817,4499.24,1590.55,2385822.0,observed: artist's own Nigerian share of listeners this quarter,OBS,"observed channel views, quarter net change"
Q4_2025,naeto-c,Naeto C,domestic,109654,73599,13021,4605.47,294.4,312.5,5212.37,1381.64,6594.01,9891012.6,0.762585,5028.49,1565.52,2348276.76,observed: artist's own Nigerian share of listeners this quarter,OBS,"observed channel views, quarter net change"
Q1_2026,naeto-c,Naeto C,domestic,105596,86625,13032,4435.03,346.5,312.77,5094.3,1330.51,6424.81,9637214.4,0.788288,5064.6,1360.21,2040315.92,observed: artist's own Nigerian share of listeners this quarter,OBS,"observed channel views, quarter net change"
Q2_2026,naeto-c,Naeto C,domestic,150582,79972,13048,6324.44,319.89,313.15,6957.48,1897.33,8854.82,13282225.8,0.815436,7220.54,1634.28,2451419.29,observed: artist's own Nigerian share of listeners this quarter,OBS,"observed channel views, quarter net change"
Q3_2026,naeto-c,Naeto C,domestic,152790,30794,13058,6417.18,123.18,313.39,6853.75,1925.15,8778.9,13168353.0,0.806881,7083.53,1695.37,2543058.16,observed: artist's own Nigerian share of listeners this quarter,OBS,"observed channel views, quarter net change"
Q1_2019,naira-marley,Naira Marley,domestic,0,0,228,0.0,0.0,5.47,5.47,0.0,5.47,8208.0,,,,,not measured: provider published no geography this quarter,UNK,no YouTube presence observed
Q2_2019,naira-marley,Naira Marley,domestic,156074,0,727,6555.11,0.0,17.45,6572.56,1966.53,8539.09,12808632.6,,,,,not measured: provider published no geography this quarter,UNK,no YouTube presence observed
Q3_2019,naira-marley,Naira Marley,domestic,241019,0,4020,10122.8,0.0,96.48,10219.28,3036.84,13256.12,19884176.1,,,,,not measured: provider published no geography this quarter,UNK,no YouTube presence observed
Q4_2019,naira-marley,Naira Marley,domestic,369686,0,14127,15526.81,0.0,339.05,15865.86,4658.04,20523.9,30785855.4,,,,,not measured: provider published no geography this quarter,UNK,no YouTube presence observed
Q1_2020,naira-marley,Naira Marley,domestic,334095,0,25861,14031.99,0.0,620.66,14652.65,4209.6,18862.25,28293376.5,,,,,not measured: provider published no geography this quarter,UNK,no YouTube presence observed
Q2_2020,naira-marley,Naira Marley,domestic,357020,16830000,38185,14994.84,67320.0,916.44,83231.28,4498.45,87729.73,131594598.0,,,,,not measured: provider published no geography this quarter,UNK,"estimated: subscribers x 15 views/month (EST, first-submission methodology)"
Q3_2020,naira-marley,Naira Marley,domestic,338136,20295000,55307,14201.71,81180.0,1327.37,96709.08,4260.51,100969.59,151454390.4,,,,,not measured: provider published no geography this quarter,UNK,"estimated: subscribers x 15 views/month (EST, first-submission methodology)"
Q4_2020,naira-marley,Naira Marley,domestic,277628,24390000,70285,11660.38,97560.0,1686.84,110907.22,3498.11,114405.33,171607993.2,,,,,not measured: provider published no geography this quarter,UNK,"estimated: subscribers x 15 views/month (EST, first-submission methodology)"
Q1_2021,naira-marley,Naira Marley,domestic,359939,27810000,85071,15117.44,111240.0,2041.7,128399.14,4535.23,132934.37,199401560.1,0.110274,14659.24,118275.14,177412704.42,observed: artist's own Nigerian share of listeners this quarter,OBS,"estimated: subscribers x 15 views/month (EST, first-submission methodology)"
Q2_2021,naira-marley,Naira Marley,domestic,411868,30690000,101406,17298.46,122760.0,2433.74,142492.2,5189.54,147681.74,221522605.2,0.09706,14333.98,133347.75,200021630.12,observed: artist's own Nigerian share of listeners this quarter,OBS,"estimated: subscribers x 15 views/month (EST, first-submission methodology)"
Q3_2021,naira-marley,Naira Marley,domestic,397217,983187,115150,16683.11,3932.75,2763.6,23379.46,5004.93,28384.4,42576594.3,0.12261,3480.21,24904.19,37356285.73,observed: artist's own Nigerian share of listeners this quarter,OBS,"observed channel views, quarter net change"
Q4_2021,naira-marley,Naira Marley,domestic,647736,15490148,127353,27204.91,61960.59,3056.47,92221.98,8161.47,100383.45,150575174.4,0.105864,10627.0,89756.45,134634672.59,observed: artist's own Nigerian share of listeners this quarter,OBS,"observed channel views, quarter net change"
Q1_2022,naira-marley,Naira Marley,domestic,455773,14405412,137114,19142.47,57621.65,3290.74,80054.85,5742.74,85797.59,128696384.7,0.123598,10604.37,75193.22,112789828.64,observed: artist's own Nigerian share of listeners this quarter,OBS,"observed channel views, quarter net change"
Q2_2022,naira-marley,Naira Marley,domestic,620381,14450731,140931,26056.0,57802.92,3382.34,87241.27,7816.8,95058.07,142587105.9,0.17489,16624.71,78433.36,117650034.77,observed: artist's own Nigerian share of listeners this quarter,OBS,"observed channel views, quarter net change"
Q3_2022,naira-marley,Naira Marley,domestic,444738,11716595,143225,18679.0,46866.38,3437.4,68982.78,5603.7,74586.47,111879712.2,0.140148,10453.17,64133.3,96199956.77,observed: artist's own Nigerian share of listeners this quarter,OBS,"observed channel views, quarter net change"
Q4_2022,naira-marley,Naira Marley,domestic,1755964,2801290,144404,73750.49,11205.16,3465.7,88421.34,22125.15,110546.49,165819735.6,0.10729,11860.58,98685.91,148028864.35,observed: artist's own Nigerian share of listeners this quarter,OBS,"observed channel views, quarter net change"
Q1_2023,naira-marley,Naira Marley,domestic,1238414,7192437,145709,52013.39,28769.75,3497.02,84280.15,15604.02,99884.17,149826252.6,0.260411,26010.9,73873.26,110809895.33,observed: artist's own Nigerian share of listeners this quarter,OBS,"observed channel views, quarter net change"
Q2_2023,naira-marley,Naira Marley,domestic,1344007,6722152,146982,56448.29,26888.61,3527.57,86864.47,16934.49,103798.96,155698437.3,0.232164,24098.35,79700.61,119550916.3,observed: artist's own Nigerian share of listeners this quarter,OBS,"observed channel views, quarter net change"
Q3_2023,naira-marley,Naira Marley,domestic,1643615,6058962,148006,69031.83,24235.85,3552.14,96819.82,20709.55,117529.37,176294056.5,0.262351,30833.9,86695.47,130043202.92,observed: artist's own Nigerian share of listeners this quarter,OBS,"observed channel views, quarter net change"
Q4_2023,naira-marley,Naira Marley,domestic,1166002,10583056,148647,48972.08,42332.22,3567.53,94871.84,14691.63,109563.46,164345191.8,0.290915,31873.68,77689.79,116534678.77,observed: artist's own Nigerian share of listeners this quarter,OBS,"observed channel views, quarter net change"
Q1_2024,naira-marley,Naira Marley,domestic,1017824,8243689,149043,42748.61,32974.76,3577.03,79300.4,12824.58,92124.98,138187467.6,0.303549,27964.49,64160.49,96240731.51,observed: artist's own Nigerian share of listeners this quarter,OBS,"observed channel views, quarter net change"
Q2_2024,naira-marley,Naira Marley,domestic,1154196,8458340,149375,48476.23,33833.36,3585.0,85894.59,14542.87,100437.46,150656192.4,0.40235,40411.04,60026.42,90039634.58,observed: artist's own Nigerian share of listeners this quarter,OBS,"observed channel views, quarter net change"
Q3_2024,naira-marley,Naira Marley,domestic,1196764,8838791,149660,50264.09,35355.16,3591.84,89211.09,15079.23,104290.32,156435477.6,0.522832,54526.27,49764.05,74646071.38,observed: artist's own Nigerian share of listeners this quarter,OBS,"observed channel views, quarter net change"
Q4_2024,naira-marley,Naira Marley,domestic,1416271,9065623,150025,59483.38,36262.49,3600.6,99346.47,17845.01,117191.49,175787232.9,0.611539,71667.21,45524.28,68286423.19,observed: artist's own Nigerian share of listeners this quarter,OBS,"observed channel views, quarter net change"
Q1_2025,naira-marley,Naira Marley,domestic,1569884,15169880,150506,65935.13,60679.52,3612.14,130226.79,19780.54,150007.33,225010995.6,0.765678,114857.25,35150.08,52725118.44,observed: artist's own Nigerian share of listeners this quarter,OBS,"observed channel views, quarter net change"
Q2_2025,naira-marley,Naira Marley,domestic,1468207,14128440,150907,61664.69,56513.76,3621.77,121800.22,18499.41,140299.63,210449445.3,0.617048,86571.61,53728.02,80592025.39,observed: artist's own Nigerian share of listeners this quarter,OBS,"observed channel views, quarter net change"
Q3_2025,naira-marley,Naira Marley,domestic,1617663,12611560,151301,67941.85,50446.24,3631.22,122019.31,20382.55,142401.86,213602795.7,0.690244,98292.07,44109.79,66164684.5,observed: artist's own Nigerian share of listeners this quarter,OBS,"observed channel views, quarter net change"
Q4_2025,naira-marley,Naira Marley,domestic,1609155,12633060,151578,67584.51,50532.24,3637.87,121754.62,20275.35,142029.98,213044962.5,0.710543,100918.44,41111.53,61667298.97,observed: artist's own Nigerian share of listeners this quarter,OBS,"observed channel views, quarter net change"
Q1_2026,naira-marley,Naira Marley,domestic,1660268,11955910,151989,69731.26,47823.64,3647.74,121202.63,20919.38,142122.01,213183013.2,0.819612,116484.86,25637.15,38455725.44,observed: artist's own Nigerian share of listeners this quarter,OBS,"observed channel views, quarter net change"
Q2_2026,naira-marley,Naira Marley,domestic,1903164,12518803,152590,79932.89,50075.21,3662.16,133670.26,23979.87,157650.13,236475189.6,0.848131,133708.01,23942.12,35913174.34,observed: artist's own Nigerian share of listeners this quarter,OBS,"observed channel views, quarter net change"
Q3_2026,naira-marley,Naira Marley,domestic,1839273,7845208,152810,77249.47,31380.83,3667.44,112297.74,23174.84,135472.58,203208866.7,0.821361,111271.85,24200.73,36301096.63,observed: artist's own Nigerian share of listeners this quarter,OBS,"observed channel views, quarter net change"
Q1_2019,niniola,Niniola,domestic,0,1402785,0,0.0,5611.14,0.0,5611.14,0.0,5611.14,8416710.0,,,,,not measured: provider published no geography this quarter,UNK,"estimated: subscribers x 15 views/month (EST, first-submission methodology)"
Q2_2019,niniola,Niniola,domestic,317895,1609830,0,13351.59,6439.32,0.0,19790.91,4005.48,23796.39,35694580.5,,,,,not measured: provider published no geography this quarter,UNK,"estimated: subscribers x 15 views/month (EST, first-submission methodology)"
Q3_2019,niniola,Niniola,domestic,252224,1813500,1208,10593.41,7254.0,28.99,17876.4,3178.02,21054.42,31581633.6,,,,,not measured: provider published no geography this quarter,UNK,"estimated: subscribers x 15 views/month (EST, first-submission methodology)"
Q4_2019,niniola,Niniola,domestic,227712,2052000,1304,9563.9,8208.0,31.3,17803.2,2869.17,20672.37,31008556.8,,,,,not measured: provider published no geography this quarter,UNK,"estimated: subscribers x 15 views/month (EST, first-submission methodology)"
Q1_2020,niniola,Niniola,domestic,318834,2421000,1407,13391.03,9684.0,33.77,23108.8,4017.31,27126.1,40689156.6,,,,,not measured: provider published no geography this quarter,UNK,"estimated: subscribers x 15 views/month (EST, first-submission methodology)"
Q2_2020,niniola,Niniola,domestic,225341,2749500,1545,9464.32,10998.0,37.08,20499.4,2839.3,23338.7,35008047.9,,,,,not measured: provider published no geography this quarter,UNK,"estimated: subscribers x 15 views/month (EST, first-submission methodology)"
Q3_2020,niniola,Niniola,domestic,323444,3105000,1726,13584.65,12420.0,41.42,26046.07,4075.39,30121.47,45182199.6,,,,,not measured: provider published no geography this quarter,UNK,"estimated: subscribers x 15 views/month (EST, first-submission methodology)"
Q4_2020,niniola,Niniola,domestic,338123,3321000,2093,14201.17,13284.0,50.23,27535.4,4260.35,31795.75,47693621.7,,,,,not measured: provider published no geography this quarter,UNK,"estimated: subscribers x 15 views/month (EST, first-submission methodology)"
Q1_2021,niniola,Niniola,domestic,388268,3510000,3468,16307.26,14040.0,83.23,30430.49,4892.18,35322.66,52983997.2,0.065509,2313.95,33008.72,49513075.13,observed: artist's own Nigerian share of listeners this quarter,OBS,"estimated: subscribers x 15 views/month (EST, first-submission methodology)"
Q2_2021,niniola,Niniola,domestic,370097,3645000,4520,15544.07,14580.0,108.48,30232.55,4663.22,34895.78,52343664.3,0.048949,1708.1,33187.67,49781512.33,observed: artist's own Nigerian share of listeners this quarter,OBS,"estimated: subscribers x 15 views/month (EST, first-submission methodology)"
Q3_2021,niniola,Niniola,domestic,673272,173861,5486,28277.42,695.44,131.66,29104.53,8483.23,37587.76,56381638.8,0.045015,1692.02,35895.74,53843605.86,observed: artist's own Nigerian share of listeners this quarter,OBS,"observed channel views, quarter net change"
Q4_2021,niniola,Niniola,domestic,540518,3820165,6537,22701.76,15280.66,156.89,38139.3,6810.53,44949.83,67424746.2,0.067784,3046.9,41902.93,62854397.31,observed: artist's own Nigerian share of listeners this quarter,OBS,"observed channel views, quarter net change"
Q1_2022,niniola,Niniola,domestic,398790,2485957,7527,16749.18,9943.83,180.65,26873.66,5024.75,31898.41,47847615.0,0.046589,1486.1,30412.31,45618459.83,observed: artist's own Nigerian share of listeners this quarter,OBS,"observed channel views, quarter net change"
Q2_2022,niniola,Niniola,domestic,470387,1063863,7895,19756.25,4255.45,189.48,24201.19,5926.88,30128.06,45192093.3,0.093885,2828.57,27299.49,40949235.0,observed: artist's own Nigerian share of listeners this quarter,OBS,"observed channel views, quarter net change"
Q3_2022,niniola,Niniola,domestic,414046,3440594,8061,17389.93,13762.38,193.46,31345.77,5216.98,36562.75,54844127.4,0.062014,2267.41,34295.35,51443018.63,observed: artist's own Nigerian share of listeners this quarter,OBS,"observed channel views, quarter net change"
Q4_2022,niniola,Niniola,domestic,386150,4455000,8146,16218.3,17820.0,195.5,34233.8,4865.49,39099.29,58648941.0,0.050783,1985.57,37113.73,55670589.49,observed: artist's own Nigerian share of listeners this quarter,OBS,"estimated: subscribers x 15 views/month (EST, first-submission methodology)"
Q1_2023,niniola,Niniola,domestic,532043,5939242,8212,22345.81,23756.97,197.09,46299.86,6703.74,53003.6,79505405.7,0.070325,3727.48,49276.12,73914185.38,observed: artist's own Nigerian share of listeners this quarter,OBS,"observed channel views, quarter net change"
Q2_2023,niniola,Niniola,domestic,411145,2321770,8283,17268.09,9287.08,198.79,26753.96,5180.43,31934.39,47901583.5,0.076515,2443.47,29490.92,44236374.44,observed: artist's own Nigerian share of listeners this quarter,OBS,"observed channel views, quarter net change"
Q3_2023,niniola,Niniola,domestic,306191,2882708,8340,12860.02,11530.83,200.16,24591.01,3858.01,28449.02,42673530.9,0.128937,3668.13,24780.89,37171328.99,observed: artist's own Nigerian share of listeners this quarter,OBS,"observed channel views, quarter net change"
Q4_2023,niniola,Niniola,domestic,288463,4209442,8435,12115.45,16837.77,202.44,29155.65,3634.63,32790.29,49185431.7,0.1346,4413.59,28376.7,42565052.7,observed: artist's own Nigerian share of listeners this quarter,OBS,"observed channel views, quarter net change"
Q1_2024,niniola,Niniola,domestic,248332,1571362,8491,10429.94,6285.45,203.78,16919.18,3128.98,20048.16,30072238.8,0.162113,3250.07,16798.09,25197130.02,observed: artist's own Nigerian share of listeners this quarter,OBS,"observed channel views, quarter net change"
Q2_2024,niniola,Niniola,domestic,302096,4079662,8569,12688.03,16318.65,205.66,29212.34,3806.41,33018.75,49528118.4,0.136955,4522.09,28496.66,42744990.49,observed: artist's own Nigerian share of listeners this quarter,OBS,"observed channel views, quarter net change"
Q3_2024,niniola,Niniola,domestic,342307,5220000,8615,14376.89,20880.0,206.76,35463.65,4313.07,39776.72,59665083.3,0.284175,11303.54,28473.18,42709774.24,observed: artist's own Nigerian share of listeners this quarter,OBS,"estimated: subscribers x 15 views/month (EST, first-submission methodology)"
Q4_2024,niniola,Niniola,domestic,236343,3400288,8656,9926.41,13601.15,207.74,23735.3,2977.92,26713.22,40069835.7,0.24822,6630.75,20082.47,30123707.37,observed: artist's own Nigerian share of listeners this quarter,OBS,"observed channel views, quarter net change"
Q1_2025,niniola,Niniola,domestic,200735,5401035,8717,8430.87,21604.14,209.21,30244.22,2529.26,32773.48,49160218.5,0.220649,7231.44,25542.04,38313059.82,observed: artist's own Nigerian share of listeners this quarter,OBS,"estimated: subscribers x 15 views/month (EST, first-submission methodology)"
Q2_2025,niniola,Niniola,domestic,320576,2301400,8775,13464.19,9205.6,210.6,22880.39,4039.26,26919.65,40379474.4,0.440088,11847.02,15072.63,22608939.92,observed: artist's own Nigerian share of listeners this quarter,OBS,"observed channel views, quarter net change"
Q3_2025,niniola,Niniola,domestic,308628,4342820,8858,12962.38,17371.28,212.59,30546.25,3888.71,34434.96,51652441.2,0.342517,11794.55,22640.41,33960620.43,observed: artist's own Nigerian share of listeners this quarter,OBS,"observed channel views, quarter net change"
Q4_2025,niniola,Niniola,domestic,272649,2918774,8959,11451.26,11675.1,215.02,23341.37,3435.38,26776.75,40165121.1,0.352908,9449.73,17327.02,25990531.24,observed: artist's own Nigerian share of listeners this quarter,OBS,"observed channel views, quarter net change"
Q1_2026,niniola,Niniola,domestic,212783,1635300,9030,8936.89,6541.2,216.72,15694.81,2681.07,18375.87,27563807.7,0.344006,6321.42,12054.46,18081684.84,observed: artist's own Nigerian share of listeners this quarter,OBS,"observed channel views, quarter net change"
Q2_2026,niniola,Niniola,domestic,278818,1981490,9156,11710.36,7925.96,219.74,19856.06,3513.11,23369.17,35053750.2,0.396667,9269.79,14099.38,21149071.65,observed: artist's own Nigerian share of listeners this quarter,OBS,"observed channel views, quarter net change"
Q3_2026,niniola,Niniola,domestic,227725,1026963,9211,9564.45,4107.85,221.06,13893.37,2869.34,16762.7,25144051.5,0.400965,6721.26,10041.44,15062164.38,observed: artist's own Nigerian share of listeners this quarter,OBS,"observed channel views, quarter net change"
Q1_2019,nonso-amadi,Nonso Amadi,diaspora_candidate,0,1422540,4671,0.0,5690.16,112.1,5802.26,0.0,5802.26,8703396.0,,,,,not measured: provider published no geography this quarter,UNK,"estimated: subscribers x 15 views/month (EST, first-submission methodology)"
Q2_2019,nonso-amadi,Nonso Amadi,diaspora_candidate,192714,1654695,4850,8093.99,6618.78,116.4,14829.17,2428.2,17257.36,25886046.6,,,,,not measured: provider published no geography this quarter,UNK,"estimated: subscribers x 15 views/month (EST, first-submission methodology)"
Q3_2019,nonso-amadi,Nonso Amadi,diaspora_candidate,283593,1957500,5342,11910.91,7830.0,128.21,19869.11,3573.27,23442.39,35163578.7,,,,,not measured: provider published no geography this quarter,UNK,"estimated: subscribers x 15 views/month (EST, first-submission methodology)"
Q4_2019,nonso-amadi,Nonso Amadi,diaspora_candidate,218138,2277000,6423,9161.8,9108.0,154.15,18423.95,2748.54,21172.49,31758730.2,,,,,not measured: provider published no geography this quarter,UNK,"estimated: subscribers x 15 views/month (EST, first-submission methodology)"
Q1_2020,nonso-amadi,Nonso Amadi,diaspora_candidate,190836,2506500,7138,8015.11,10026.0,171.31,18212.42,2404.53,20616.96,30925436.4,,,,,not measured: provider published no geography this quarter,UNK,"estimated: subscribers x 15 views/month (EST, first-submission methodology)"
Q2_2020,nonso-amadi,Nonso Amadi,diaspora_candidate,198661,2718000,7650,8343.76,10872.0,183.6,19399.36,2503.13,21902.49,32853735.9,,,,,not measured: provider published no geography this quarter,UNK,"estimated: subscribers x 15 views/month (EST, first-submission methodology)"
Q3_2020,nonso-amadi,Nonso Amadi,diaspora_candidate,167962,2920500,8242,7054.4,11682.0,197.81,18934.21,2116.32,21050.53,31575799.8,,,,,not measured: provider published no geography this quarter,UNK,"estimated: subscribers x 15 views/month (EST, first-submission methodology)"
Q4_2020,nonso-amadi,Nonso Amadi,diaspora_candidate,142329,3073500,8672,5977.82,12294.0,208.13,18479.95,1793.35,20273.29,30409937.1,,,,,not measured: provider published no geography this quarter,UNK,"estimated: subscribers x 15 views/month (EST, first-submission methodology)"
Q1_2021,nonso-amadi,Nonso Amadi,diaspora_candidate,144972,3195000,8996,6088.82,12780.0,215.9,19084.73,1826.65,20911.38,31367062.8,0.051293,1072.6,19838.78,29758162.61,observed: artist's own Nigerian share of listeners this quarter,OBS,"estimated: subscribers x 15 views/month (EST, first-submission methodology)"
Q2_2021,nonso-amadi,Nonso Amadi,diaspora_candidate,142518,3321000,9221,5985.76,13284.0,221.3,19491.06,1795.73,21286.79,31930180.2,0.042477,904.21,20382.58,30573871.35,observed: artist's own Nigerian share of listeners this quarter,OBS,"estimated: subscribers x 15 views/month (EST, first-submission methodology)"
Q3_2021,nonso-amadi,Nonso Amadi,diaspora_candidate,158899,111996,9482,6673.76,447.98,227.57,7349.31,2002.13,9351.44,14027156.1,0.05533,517.41,8834.03,13251039.77,observed: artist's own Nigerian share of listeners this quarter,OBS,"observed channel views, quarter net change"
Q4_2021,nonso-amadi,Nonso Amadi,diaspora_candidate,149317,1340230,9665,6271.31,5360.92,231.96,11864.19,1881.39,13745.59,20618382.3,0.0653,897.59,12848.0,19272002.67,observed: artist's own Nigerian share of listeners this quarter,OBS,"observed channel views, quarter net change"
Q1_2022,nonso-amadi,Nonso Amadi,diaspora_candidate,269126,1451597,9878,11303.29,5806.39,237.07,17346.75,3390.99,20737.74,31106609.4,0.068691,1424.5,19313.24,28969861.24,observed: artist's own Nigerian share of listeners this quarter,OBS,"observed channel views, quarter net change"
Q2_2022,nonso-amadi,Nonso Amadi,diaspora_candidate,926827,3317884,10042,38926.73,13271.54,241.01,52439.28,11678.02,64117.3,96175947.3,0.034067,2184.26,61933.04,92899557.9,observed: artist's own Nigerian share of listeners this quarter,OBS,"observed channel views, quarter net change"
Q3_2022,nonso-amadi,Nonso Amadi,diaspora_candidate,838961,2275517,10173,35236.36,9102.07,244.15,44582.58,10570.91,55153.49,82730235.9,0.034841,1921.6,53231.89,79847833.47,observed: artist's own Nigerian share of listeners this quarter,OBS,"observed channel views, quarter net change"
Q4_2022,nonso-amadi,Nonso Amadi,diaspora_candidate,569822,1735253,10249,23932.52,6941.01,245.98,31119.51,7179.76,38299.27,57448903.8,0.048447,1855.49,36443.78,54665666.99,observed: artist's own Nigerian share of listeners this quarter,OBS,"observed channel views, quarter net change"
Q1_2023,nonso-amadi,Nonso Amadi,diaspora_candidate,701376,4404715,10342,29457.79,17618.86,248.21,47324.86,8837.34,56162.2,84243296.4,0.083004,4661.69,51500.51,77250762.33,observed: artist's own Nigerian share of listeners this quarter,OBS,"observed channel views, quarter net change"
Q2_2023,nonso-amadi,Nonso Amadi,diaspora_candidate,923242,3924969,10439,38776.16,15699.88,250.54,54726.58,11632.85,66359.43,99539137.8,0.100866,6693.39,59666.04,89499057.19,observed: artist's own Nigerian share of listeners this quarter,OBS,"observed channel views, quarter net change"
Q3_2023,nonso-amadi,Nonso Amadi,diaspora_candidate,577725,1529673,10503,24264.45,6118.69,252.07,30635.21,7279.34,37914.55,56871823.5,0.101245,3838.68,34075.87,51113807.57,observed: artist's own Nigerian share of listeners this quarter,OBS,"observed channel views, quarter net change"
Q4_2023,nonso-amadi,Nonso Amadi,diaspora_candidate,646290,2680773,10627,27144.18,10723.09,255.05,38122.32,8143.25,46265.57,69398361.0,0.109281,5055.96,41209.62,61814426.04,observed: artist's own Nigerian share of listeners this quarter,OBS,"observed channel views, quarter net change"
Q1_2024,nonso-amadi,Nonso Amadi,diaspora_candidate,569287,1396174,10688,23910.05,5584.7,256.51,29751.26,7173.02,36924.28,55386417.3,0.129694,4788.85,32135.43,48203146.72,observed: artist's own Nigerian share of listeners this quarter,OBS,"observed channel views, quarter net change"
Q2_2024,nonso-amadi,Nonso Amadi,diaspora_candidate,678150,1939997,10750,28482.3,7759.99,258.0,36500.29,8544.69,45044.98,67567467.0,0.131555,5925.89,39119.09,58678635.71,observed: artist's own Nigerian share of listeners this quarter,OBS,"observed channel views, quarter net change"
Q3_2024,nonso-amadi,Nonso Amadi,diaspora_candidate,529701,1994375,10799,22247.44,7977.5,259.18,30484.12,6674.23,37158.35,55737525.9,0.170481,6334.78,30823.57,46235356.08,observed: artist's own Nigerian share of listeners this quarter,OBS,"observed channel views, quarter net change"
Q4_2024,nonso-amadi,Nonso Amadi,diaspora_candidate,403749,1551635,10860,16957.46,6206.54,260.64,23424.64,5087.24,28511.88,42767813.1,0.242907,6925.74,21586.14,32379206.54,observed: artist's own Nigerian share of listeners this quarter,OBS,"observed channel views, quarter net change"
Q1_2025,nonso-amadi,Nonso Amadi,diaspora_candidate,368446,1580020,10926,15474.73,6320.08,262.22,22057.04,4642.42,26699.46,40049183.4,0.299569,7998.33,18701.13,28051689.32,observed: artist's own Nigerian share of listeners this quarter,OBS,"observed channel views, quarter net change"
Q2_2025,nonso-amadi,Nonso Amadi,diaspora_candidate,355527,1745760,10973,14932.13,6983.04,263.35,22178.53,4479.64,26658.17,39987249.3,0.286837,7646.56,19011.6,28517406.98,observed: artist's own Nigerian share of listeners this quarter,OBS,"observed channel views, quarter net change"
Q3_2025,nonso-amadi,Nonso Amadi,diaspora_candidate,525171,3311560,11067,22057.18,13246.24,265.61,35569.03,6617.15,42186.18,63279276.9,0.301976,12739.21,29446.97,44170458.55,observed: artist's own Nigerian share of listeners this quarter,OBS,"observed channel views, quarter net change"
Q4_2025,nonso-amadi,Nonso Amadi,diaspora_candidate,493802,3550064,11190,20739.68,14200.26,268.56,35208.5,6221.91,41430.41,62145607.8,0.361758,14987.79,26442.62,39663929.44,observed: artist's own Nigerian share of listeners this quarter,OBS,"observed channel views, quarter net change"
Q1_2026,nonso-amadi,Nonso Amadi,diaspora_candidate,522515,2756764,11294,21945.63,11027.06,271.06,33243.74,6583.69,39827.43,59741146.5,0.44377,17674.21,22153.22,33229829.23,observed: artist's own Nigerian share of listeners this quarter,OBS,"observed channel views, quarter net change"
Q2_2026,nonso-amadi,Nonso Amadi,diaspora_candidate,527992,2086390,11422,22175.66,8345.56,274.13,30795.35,6652.7,37448.05,56172076.8,0.485564,18183.43,19264.62,28896928.66,observed: artist's own Nigerian share of listeners this quarter,OBS,"observed channel views, quarter net change"
Q3_2026,nonso-amadi,Nonso Amadi,diaspora_candidate,598840,683458,11489,25151.28,2733.83,275.74,28160.85,7545.38,35706.23,53559348.0,0.426749,15237.6,20468.63,30702948.31,observed: artist's own Nigerian share of listeners this quarter,OBS,"observed channel views, quarter net change"
Q3_2019,odumodublvck,ODUMODUBLVCK,domestic,41,0,0,1.72,0.0,0.0,1.72,0.52,2.24,3357.9,,,,,not measured: provider published no geography this quarter,UNK,no YouTube presence observed
Q4_2019,odumodublvck,ODUMODUBLVCK,domestic,24,0,0,1.01,0.0,0.0,1.01,0.3,1.31,1965.6,,,,,not measured: provider published no geography this quarter,UNK,no YouTube presence observed
Q1_2020,odumodublvck,ODUMODUBLVCK,domestic,33,0,4,1.39,0.0,0.1,1.48,0.42,1.9,2846.7,,,,,not measured: provider published no geography this quarter,UNK,no YouTube presence observed
Q2_2020,odumodublvck,ODUMODUBLVCK,domestic,40,0,7,1.68,0.0,0.17,1.85,0.5,2.35,3528.0,,,,,not measured: provider published no geography this quarter,UNK,no YouTube presence observed
Q3_2020,odumodublvck,ODUMODUBLVCK,domestic,31,0,10,1.3,0.0,0.24,1.54,0.39,1.93,2898.9,,,,,not measured: provider published no geography this quarter,UNK,no YouTube presence observed
Q4_2020,odumodublvck,ODUMODUBLVCK,domestic,93,0,18,3.91,0.0,0.43,4.34,1.17,5.51,8264.7,,,,,not measured: provider published no geography this quarter,UNK,no YouTube presence observed
Q1_2021,odumodublvck,ODUMODUBLVCK,domestic,602,0,70,25.28,0.0,1.68,26.96,7.59,34.55,51823.8,0.898671,31.05,3.5,5251.25,observed: artist's own Nigerian share of listeners this quarter,OBS,no YouTube presence observed
Q2_2021,odumodublvck,ODUMODUBLVCK,domestic,2208,0,131,92.74,0.0,3.14,95.88,27.82,123.7,185551.2,0.521538,64.51,59.19,88779.24,observed: artist's own Nigerian share of listeners this quarter,OBS,no YouTube presence observed
Q3_2021,odumodublvck,ODUMODUBLVCK,domestic,1400,13,199,58.8,0.05,4.78,63.63,17.64,81.27,121902.0,0.812546,66.03,15.23,22851.0,observed: artist's own Nigerian share of listeners this quarter,OBS,"observed channel views, quarter net change"
Q4_2021,odumodublvck,ODUMODUBLVCK,domestic,1882,17702,235,79.04,70.81,5.64,155.49,23.71,179.21,268807.8,0.805914,144.42,34.78,52171.84,observed: artist's own Nigerian share of listeners this quarter,OBS,"observed channel views, quarter net change"
Q1_2022,odumodublvck,ODUMODUBLVCK,domestic,4937,4531,322,207.35,18.12,7.73,233.21,62.21,295.41,443118.3,0.598669,176.85,118.56,177837.26,observed: artist's own Nigerian share of listeners this quarter,OBS,"observed channel views, quarter net change"
Q2_2022,odumodublvck,ODUMODUBLVCK,domestic,19295,5679,388,810.39,22.72,9.31,842.42,243.12,1085.54,1628302.5,0.458753,497.99,587.54,881314.07,observed: artist's own Nigerian share of listeners this quarter,OBS,"observed channel views, quarter net change"
Q3_2022,odumodublvck,ODUMODUBLVCK,domestic,27627,57637,441,1160.33,230.55,10.58,1401.47,348.1,1749.57,2624349.3,0.509987,892.26,857.31,1285964.03,observed: artist's own Nigerian share of listeners this quarter,OBS,"observed channel views, quarter net change"
Q4_2022,odumodublvck,ODUMODUBLVCK,domestic,90844,158997,517,3815.45,635.99,12.41,4463.84,1144.63,5608.48,8412717.6,0.735902,4127.29,1481.19,2221781.93,observed: artist's own Nigerian share of listeners this quarter,OBS,"observed channel views, quarter net change"
Q1_2023,odumodublvck,ODUMODUBLVCK,domestic,247891,796993,724,10411.42,3187.97,17.38,13616.77,3123.43,16740.2,25110294.9,0.079414,1329.4,15410.79,23116188.48,assumed: portfolio-wide ratio applied to an artist without own geography,ASM,"observed channel views, quarter net change"
Q2_2023,odumodublvck,ODUMODUBLVCK,domestic,1227873,3219502,1120,51570.67,12878.01,26.88,64475.55,15471.2,79946.75,119920130.7,0.459705,36751.93,43194.82,64792233.36,observed: artist's own Nigerian share of listeners this quarter,OBS,"observed channel views, quarter net change"
Q3_2023,odumodublvck,ODUMODUBLVCK,domestic,1157188,12790689,1637,48601.9,51162.76,39.29,99803.94,14580.57,114384.51,171576763.2,0.705158,80659.15,33725.36,50588032.82,observed: artist's own Nigerian share of listeners this quarter,OBS,"observed channel views, quarter net change"
Q4_2023,odumodublvck,ODUMODUBLVCK,domestic,1971554,16479332,2665,82805.27,65917.33,63.96,148786.56,24841.58,173628.14,260442204.6,0.689101,119647.27,53980.86,80971292.37,observed: artist's own Nigerian share of listeners this quarter,OBS,"observed channel views, quarter net change"
Q1_2024,odumodublvck,ODUMODUBLVCK,domestic,1859827,17665921,3893,78112.73,70663.68,93.43,148869.85,23433.82,172303.67,258455505.3,0.616258,106183.48,66120.19,99180284.96,observed: artist's own Nigerian share of listeners this quarter,OBS,"observed channel views, quarter net change"
Q2_2024,odumodublvck,ODUMODUBLVCK,domestic,1994162,15014873,5315,83754.8,60059.49,127.56,143941.86,25126.44,169068.3,253602445.8,0.711542,120299.11,48769.19,73153779.23,observed: artist's own Nigerian share of listeners this quarter,OBS,"observed channel views, quarter net change"
Q3_2024,odumodublvck,ODUMODUBLVCK,domestic,2431926,14874952,6401,102140.89,59499.81,153.62,161794.32,30642.27,192436.59,288654887.4,0.735734,141582.16,50854.44,76281654.58,observed: artist's own Nigerian share of listeners this quarter,OBS,"observed channel views, quarter net change"
Q4_2024,odumodublvck,ODUMODUBLVCK,domestic,4088268,13574179,7429,171707.26,54296.72,178.3,226182.27,51512.18,277694.44,416541667.2,0.654931,181870.6,95823.84,143735764.25,observed: artist's own Nigerian share of listeners this quarter,OBS,"observed channel views, quarter net change"
Q1_2025,odumodublvck,ODUMODUBLVCK,domestic,3288663,13533250,8772,138123.85,54133.0,210.53,192467.37,41437.15,233904.53,350856791.7,0.882896,206513.34,27391.18,41086777.27,observed: artist's own Nigerian share of listeners this quarter,OBS,"observed channel views, quarter net change"
Q2_2025,odumodublvck,ODUMODUBLVCK,domestic,3659983,19785516,10262,153719.29,79142.06,246.29,233107.64,46115.79,279223.42,418835135.7,0.825463,230488.69,48734.73,73102099.4,observed: artist's own Nigerian share of listeners this quarter,OBS,"observed channel views, quarter net change"
Q3_2025,odumodublvck,ODUMODUBLVCK,domestic,3425880,20093830,11691,143886.96,80375.32,280.58,224542.86,43166.09,267708.95,401563428.0,0.786766,210624.18,57084.77,85627159.51,observed: artist's own Nigerian share of listeners this quarter,OBS,"observed channel views, quarter net change"
Q4_2025,odumodublvck,ODUMODUBLVCK,domestic,3967551,30985720,13004,166637.14,123942.88,312.1,290892.12,49991.14,340883.26,511324890.9,0.839859,286293.87,54589.39,81884085.8,observed: artist's own Nigerian share of listeners this quarter,OBS,"observed channel views, quarter net change"
Q1_2026,odumodublvck,ODUMODUBLVCK,domestic,3685109,19700830,14126,154774.58,78803.32,339.02,233916.92,46432.37,280349.3,420523943.1,0.992009,278108.93,2240.37,3360554.49,observed: artist's own Nigerian share of listeners this quarter,OBS,"observed channel views, quarter net change"
Q2_2026,odumodublvck,ODUMODUBLVCK,domestic,4062971,22147768,15344,170644.78,88591.07,368.26,259604.11,51193.43,310797.54,466196316.9,0.974206,302780.85,8016.69,12025036.36,observed: artist's own Nigerian share of listeners this quarter,OBS,"observed channel views, quarter net change"
Q3_2026,odumodublvck,ODUMODUBLVCK,domestic,4042701,9808082,15791,169793.44,39232.33,378.98,209404.75,50938.03,260342.79,390514179.9,0.998023,259828.18,514.61,771909.38,observed: artist's own Nigerian share of listeners this quarter,OBS,"observed channel views, quarter net change"
Q1_2020,odunsi,Odunsi,unknown,0,0,9,0.0,0.0,0.22,0.22,0.0,0.22,324.0,,,,,not measured: provider published no geography this quarter,UNK,no YouTube presence observed
Q2_2020,odunsi,Odunsi,unknown,0,0,10,0.0,0.0,0.24,0.24,0.0,0.24,360.0,,,,,not measured: provider published no geography this quarter,UNK,no YouTube presence observed
Q3_2020,odunsi,Odunsi,unknown,0,0,11,0.0,0.0,0.26,0.26,0.0,0.26,396.0,,,,,not measured: provider published no geography this quarter,UNK,no YouTube presence observed
Q4_2020,odunsi,Odunsi,unknown,0,0,11,0.0,0.0,0.26,0.26,0.0,0.26,396.0,,,,,not measured: provider published no geography this quarter,UNK,no YouTube presence observed
Q1_2021,odunsi,Odunsi,unknown,0,0,11,0.0,0.0,0.26,0.26,0.0,0.26,396.0,0.02792,0.01,0.26,384.94,assumed: portfolio-wide ratio applied to an artist without own geography,ASM,no YouTube presence observed
Q2_2021,odunsi,Odunsi,unknown,0,0,11,0.0,0.0,0.26,0.26,0.0,0.26,396.0,0.024978,0.01,0.26,386.11,assumed: portfolio-wide ratio applied to an artist without own geography,ASM,no YouTube presence observed
Q3_2021,odunsi,Odunsi,unknown,0,0,12,0.0,0.0,0.29,0.29,0.0,0.29,432.0,0.028861,0.01,0.28,419.53,assumed: portfolio-wide ratio applied to an artist without own geography,ASM,no YouTube presence observed
Q4_2021,odunsi,Odunsi,unknown,0,0,13,0.0,0.0,0.31,0.31,0.0,0.31,468.0,0.038801,0.01,0.3,449.84,assumed: portfolio-wide ratio applied to an artist without own geography,ASM,no YouTube presence observed
Q1_2022,odunsi,Odunsi,unknown,0,0,13,0.0,0.0,0.31,0.31,0.0,0.31,468.0,0.044983,0.01,0.3,446.95,assumed: portfolio-wide ratio applied to an artist without own geography,ASM,no YouTube presence observed
Q2_2022,odunsi,Odunsi,unknown,0,0,13,0.0,0.0,0.31,0.31,0.0,0.31,468.0,0.048482,0.02,0.3,445.31,assumed: portfolio-wide ratio applied to an artist without own geography,ASM,no YouTube presence observed
Q3_2022,odunsi,Odunsi,unknown,0,0,13,0.0,0.0,0.31,0.31,0.0,0.31,468.0,0.043809,0.01,0.3,447.5,assumed: portfolio-wide ratio applied to an artist without own geography,ASM,no YouTube presence observed
Q4_2022,odunsi,Odunsi,unknown,0,0,13,0.0,0.0,0.31,0.31,0.0,0.31,468.0,0.059639,0.02,0.29,440.09,assumed: portfolio-wide ratio applied to an artist without own geography,ASM,no YouTube presence observed
Q1_2023,odunsi,Odunsi,unknown,0,0,13,0.0,0.0,0.31,0.31,0.0,0.31,468.0,0.079414,0.02,0.29,430.83,assumed: portfolio-wide ratio applied to an artist without own geography,ASM,no YouTube presence observed
Q2_2023,odunsi,Odunsi,unknown,0,0,13,0.0,0.0,0.31,0.31,0.0,0.31,468.0,0.090982,0.03,0.28,425.42,assumed: portfolio-wide ratio applied to an artist without own geography,ASM,no YouTube presence observed
Q3_2023,odunsi,Odunsi,unknown,0,0,13,0.0,0.0,0.31,0.31,0.0,0.31,468.0,0.125725,0.04,0.27,409.16,assumed: portfolio-wide ratio applied to an artist without own geography,ASM,no YouTube presence observed
Q4_2023,odunsi,Odunsi,unknown,0,0,13,0.0,0.0,0.31,0.31,0.0,0.31,468.0,0.17451,0.05,0.26,386.33,assumed: portfolio-wide ratio applied to an artist without own geography,ASM,no YouTube presence observed
Q1_2024,odunsi,Odunsi,unknown,0,0,13,0.0,0.0,0.31,0.31,0.0,0.31,468.0,0.173406,0.05,0.26,386.85,assumed: portfolio-wide ratio applied to an artist without own geography,ASM,no YouTube presence observed
Q2_2024,odunsi,Odunsi,unknown,0,0,13,0.0,0.0,0.31,0.31,0.0,0.31,468.0,0.212921,0.07,0.25,368.35,assumed: portfolio-wide ratio applied to an artist without own geography,ASM,no YouTube presence observed
Q3_2024,odunsi,Odunsi,unknown,0,0,13,0.0,0.0,0.31,0.31,0.0,0.31,468.0,0.220102,0.07,0.24,364.99,assumed: portfolio-wide ratio applied to an artist without own geography,ASM,no YouTube presence observed
Q4_2024,odunsi,Odunsi,unknown,0,0,13,0.0,0.0,0.31,0.31,0.0,0.31,468.0,0.285348,0.09,0.22,334.46,assumed: portfolio-wide ratio applied to an artist without own geography,ASM,no YouTube presence observed
Q1_2025,odunsi,Odunsi,unknown,0,0,13,0.0,0.0,0.31,0.31,0.0,0.31,468.0,0.321529,0.1,0.21,317.52,assumed: portfolio-wide ratio applied to an artist without own geography,ASM,no YouTube presence observed
Q2_2025,odunsi,Odunsi,unknown,0,0,13,0.0,0.0,0.31,0.31,0.0,0.31,468.0,0.335716,0.1,0.21,310.88,assumed: portfolio-wide ratio applied to an artist without own geography,ASM,no YouTube presence observed
Q3_2025,odunsi,Odunsi,unknown,0,0,13,0.0,0.0,0.31,0.31,0.0,0.31,468.0,0.355631,0.11,0.2,301.56,assumed: portfolio-wide ratio applied to an artist without own geography,ASM,no YouTube presence observed
Q4_2025,odunsi,Odunsi,unknown,0,0,13,0.0,0.0,0.31,0.31,0.0,0.31,468.0,0.400111,0.12,0.19,280.75,assumed: portfolio-wide ratio applied to an artist without own geography,ASM,no YouTube presence observed
Q1_2026,odunsi,Odunsi,unknown,0,0,13,0.0,0.0,0.31,0.31,0.0,0.31,468.0,0.405047,0.13,0.19,278.44,assumed: portfolio-wide ratio applied to an artist without own geography,ASM,no YouTube presence observed
Q2_2026,odunsi,Odunsi,unknown,0,0,13,0.0,0.0,0.31,0.31,0.0,0.31,468.0,0.401327,0.13,0.19,280.18,assumed: portfolio-wide ratio applied to an artist without own geography,ASM,no YouTube presence observed
Q3_2026,odunsi,Odunsi,unknown,0,0,13,0.0,0.0,0.31,0.31,0.0,0.31,468.0,0.404638,0.13,0.19,278.63,assumed: portfolio-wide ratio applied to an artist without own geography,ASM,no YouTube presence observed
Q1_2019,odunsi-(the-engine),Odunsi (The Engine),domestic,0,0,236,0.0,0.0,5.66,5.66,0.0,5.66,8496.0,,,,,not measured: provider published no geography this quarter,UNK,no YouTube presence observed
Q2_2019,odunsi-(the-engine),Odunsi (The Engine),domestic,251075,0,345,10545.15,0.0,8.28,10553.43,3163.54,13716.98,20575462.5,,,,,not measured: provider published no geography this quarter,UNK,no YouTube presence observed
Q3_2019,odunsi-(the-engine),Odunsi (The Engine),domestic,341447,0,565,14340.77,0.0,13.56,14354.33,4302.23,18656.57,27984849.3,,,,,not measured: provider published no geography this quarter,UNK,no YouTube presence observed
Q4_2019,odunsi-(the-engine),Odunsi (The Engine),domestic,313561,0,1045,13169.56,0.0,25.08,13194.64,3950.87,17145.51,25718265.9,,,,,not measured: provider published no geography this quarter,UNK,no YouTube presence observed
Q1_2020,odunsi-(the-engine),Odunsi (The Engine),domestic,313090,0,1349,13149.78,0.0,32.38,13182.16,3944.93,17127.09,25690635.0,,,,,not measured: provider published no geography this quarter,UNK,no YouTube presence observed
Q2_2020,odunsi-(the-engine),Odunsi (The Engine),domestic,423587,0,2247,17790.65,0.0,53.93,17844.58,5337.2,23181.78,34772667.3,,,,,not measured: provider published no geography this quarter,UNK,no YouTube presence observed
Q3_2020,odunsi-(the-engine),Odunsi (The Engine),domestic,356925,0,2883,14990.85,0.0,69.19,15060.04,4497.26,19557.3,29335945.5,,,,,not measured: provider published no geography this quarter,UNK,no YouTube presence observed
Q4_2020,odunsi-(the-engine),Odunsi (The Engine),domestic,331223,0,3323,13911.37,0.0,79.75,13991.12,4173.41,18164.53,27246791.7,,,,,not measured: provider published no geography this quarter,UNK,no YouTube presence observed
Q1_2021,odunsi-(the-engine),Odunsi (The Engine),domestic,341232,0,3753,14331.74,0.0,90.07,14421.82,4299.52,18721.34,28082008.8,0.023802,445.61,18275.73,27413601.16,observed: artist's own Nigerian share of listeners this quarter,OBS,no YouTube presence observed
Q2_2021,odunsi-(the-engine),Odunsi (The Engine),domestic,372617,0,4098,15649.91,0.0,98.35,15748.27,4694.97,20443.24,30664860.3,0.019453,397.69,20045.55,30068329.77,observed: artist's own Nigerian share of listeners this quarter,OBS,no YouTube presence observed
Q3_2021,odunsi-(the-engine),Odunsi (The Engine),domestic,359645,0,4437,15105.09,0.0,106.49,15211.58,4531.53,19743.1,29614657.5,0.024708,487.81,19255.29,28882936.6,observed: artist's own Nigerian share of listeners this quarter,OBS,no YouTube presence observed
Q4_2021,odunsi-(the-engine),Odunsi (The Engine),domestic,414599,0,4686,17413.16,0.0,112.46,17525.62,5223.95,22749.57,34124354.1,0.027784,632.07,22117.5,33176254.25,observed: artist's own Nigerian share of listeners this quarter,OBS,no YouTube presence observed
Q1_2022,odunsi-(the-engine),Odunsi (The Engine),domestic,462595,0,4932,19428.99,0.0,118.37,19547.36,5828.7,25376.06,38064082.5,0.022957,582.57,24793.49,37190230.27,observed: artist's own Nigerian share of listeners this quarter,OBS,no YouTube presence observed
Q2_2022,odunsi-(the-engine),Odunsi (The Engine),domestic,487959,0,5092,20494.28,0.0,122.21,20616.49,6148.28,26764.77,40147154.1,0.025379,679.25,26085.52,39128279.19,observed: artist's own Nigerian share of listeners this quarter,OBS,no YouTube presence observed
Q3_2022,odunsi-(the-engine),Odunsi (The Engine),domestic,436913,305856,5171,18350.35,1223.42,124.1,19697.87,5505.1,25202.98,37804466.7,0.034934,880.45,24322.53,36483798.29,observed: artist's own Nigerian share of listeners this quarter,OBS,"observed channel views, quarter net change"
Q4_2022,odunsi-(the-engine),Odunsi (The Engine),domestic,369303,407312,5243,15510.73,1629.25,125.83,17265.81,4653.22,21919.02,32878535.7,0.048085,1053.98,20865.04,31297565.5,observed: artist's own Nigerian share of listeners this quarter,OBS,"observed channel views, quarter net change"
Q1_2023,odunsi-(the-engine),Odunsi (The Engine),domestic,396267,384194,5296,16643.21,1536.78,127.1,18307.09,4992.96,23300.06,34950087.3,0.068407,1593.9,21706.16,32559239.43,observed: artist's own Nigerian share of listeners this quarter,OBS,"observed channel views, quarter net change"
Q2_2023,odunsi-(the-engine),Odunsi (The Engine),domestic,384294,195788,5325,16140.35,783.15,127.8,17051.3,4842.1,21893.4,32840106.6,0.084491,1849.8,20043.6,30065400.49,observed: artist's own Nigerian share of listeners this quarter,OBS,"observed channel views, quarter net change"
Q3_2023,odunsi-(the-engine),Odunsi (The Engine),domestic,341365,318549,5348,14337.33,1274.2,128.35,15739.88,4301.2,20041.08,30061615.5,0.093963,1883.13,18157.95,27236925.45,observed: artist's own Nigerian share of listeners this quarter,OBS,"observed channel views, quarter net change"
Q4_2023,odunsi-(the-engine),Odunsi (The Engine),domestic,301419,371011,5371,12659.6,1484.04,128.9,14272.55,3797.88,18070.43,27105638.1,0.1566,2829.84,15240.59,22860884.89,observed: artist's own Nigerian share of listeners this quarter,OBS,"observed channel views, quarter net change"
Q1_2024,odunsi-(the-engine),Odunsi (The Engine),domestic,337453,504258,5392,14173.03,2017.03,129.41,16319.47,4251.91,20571.37,30857060.7,0.150881,3103.83,17467.55,26201320.65,observed: artist's own Nigerian share of listeners this quarter,OBS,"observed channel views, quarter net change"
Q2_2024,odunsi-(the-engine),Odunsi (The Engine),domestic,353018,398870,5412,14826.76,1595.48,129.89,16552.12,4448.03,21000.15,31500226.2,0.183609,3855.81,17144.34,25716515.32,observed: artist's own Nigerian share of listeners this quarter,OBS,"observed channel views, quarter net change"
Q3_2024,odunsi-(the-engine),Odunsi (The Engine),domestic,331448,407382,5435,13920.82,1629.53,130.44,15680.78,4176.24,19857.03,29785543.2,0.158009,3137.59,16719.44,25079155.5,observed: artist's own Nigerian share of listeners this quarter,OBS,"observed channel views, quarter net change"
Q4_2024,odunsi-(the-engine),Odunsi (The Engine),domestic,335919,561075,5461,14108.6,2244.3,131.06,16483.96,4232.58,20716.54,31074812.1,0.173055,3585.1,17131.44,25697158.13,observed: artist's own Nigerian share of listeners this quarter,OBS,"observed channel views, quarter net change"
Q1_2025,odunsi-(the-engine),Odunsi (The Engine),domestic,292905,405159,5490,12302.01,1620.64,131.76,14054.41,3690.6,17745.01,26617513.5,0.195545,3469.95,14275.06,21412584.99,observed: artist's own Nigerian share of listeners this quarter,OBS,"observed channel views, quarter net change"
Q2_2025,odunsi-(the-engine),Odunsi (The Engine),domestic,300942,447598,5504,12639.56,1790.39,132.1,14562.05,3791.87,18353.92,27530881.8,0.193842,3557.75,14796.17,22194250.57,observed: artist's own Nigerian share of listeners this quarter,OBS,"observed channel views, quarter net change"
Q3_2025,odunsi-(the-engine),Odunsi (The Engine),domestic,290977,414134,5525,12221.03,1656.54,132.6,14010.17,3666.31,17676.48,26514720.3,0.185232,3274.24,14402.24,21603357.27,observed: artist's own Nigerian share of listeners this quarter,OBS,"observed channel views, quarter net change"
Q4_2025,odunsi-(the-engine),Odunsi (The Engine),domestic,289027,451470,5553,12139.13,1805.88,133.27,14078.29,3641.74,17720.03,26580039.3,0.204142,3617.4,14102.63,21153944.26,observed: artist's own Nigerian share of listeners this quarter,OBS,"observed channel views, quarter net change"
Q1_2026,odunsi-(the-engine),Odunsi (The Engine),domestic,214632,406431,5590,9014.54,1625.72,134.16,10774.43,2704.36,13478.79,20218186.8,0.265781,3582.4,9896.39,14844584.22,observed: artist's own Nigerian share of listeners this quarter,OBS,"observed channel views, quarter net change"
Q2_2026,odunsi-(the-engine),Odunsi (The Engine),domestic,264275,614756,5721,11099.55,2459.02,137.3,13695.88,3329.87,17025.74,25538614.5,0.253554,4316.95,12708.8,19063195.03,observed: artist's own Nigerian share of listeners this quarter,OBS,"observed channel views, quarter net change"
Q3_2026,odunsi-(the-engine),Odunsi (The Engine),domestic,233374,1782000,5761,9801.71,7128.0,138.26,17067.97,2940.51,20008.48,30012726.6,0.243542,4872.91,15135.57,22703359.72,observed: artist's own Nigerian share of listeners this quarter,OBS,"estimated: subscribers x 15 views/month (EST, first-submission methodology)"
Q1_2019,olakira,Olakira,domestic,0,0,16,0.0,0.0,0.38,0.38,0.0,0.38,576.0,,,,,not measured: provider published no geography this quarter,UNK,no YouTube presence observed
Q2_2019,olakira,Olakira,domestic,10400,0,19,436.8,0.0,0.46,437.26,131.04,568.3,852444.0,,,,,not measured: provider published no geography this quarter,UNK,no YouTube presence observed
Q3_2019,olakira,Olakira,domestic,20883,0,57,877.09,0.0,1.37,878.45,263.13,1141.58,1712369.7,,,,,not measured: provider published no geography this quarter,UNK,no YouTube presence observed
Q4_2019,olakira,Olakira,domestic,25785,0,79,1082.97,0.0,1.9,1084.87,324.89,1409.76,2114635.5,,,,,not measured: provider published no geography this quarter,UNK,no YouTube presence observed
Q1_2020,olakira,Olakira,domestic,51176,0,105,2149.39,0.0,2.52,2151.91,644.82,2796.73,4195094.4,,,,,not measured: provider published no geography this quarter,UNK,no YouTube presence observed
Q2_2020,olakira,Olakira,domestic,32349,0,136,1358.66,0.0,3.26,1361.92,407.6,1769.52,2654279.1,,,,,not measured: provider published no geography this quarter,UNK,no YouTube presence observed
Q3_2020,olakira,Olakira,domestic,148428,0,733,6233.98,0.0,17.59,6251.57,1870.19,8121.76,12182641.2,,,,,not measured: provider published no geography this quarter,UNK,no YouTube presence observed
Q4_2020,olakira,Olakira,domestic,356584,0,7315,14976.53,0.0,175.56,15152.09,4492.96,19645.05,29467569.6,,,,,not measured: provider published no geography this quarter,UNK,no YouTube presence observed
Q1_2021,olakira,Olakira,domestic,409653,0,13368,17205.43,0.0,320.83,17526.26,5161.63,22687.89,34031828.7,0.029657,672.85,22015.04,33022553.32,observed: artist's own Nigerian share of listeners this quarter,OBS,no YouTube presence observed
Q2_2021,olakira,Olakira,domestic,414807,17100000,17515,17421.89,68400.0,420.36,86242.25,5226.57,91468.82,137203233.3,0.022282,2038.14,89430.68,134146018.74,observed: artist's own Nigerian share of listeners this quarter,OBS,"estimated: subscribers x 15 views/month (EST, first-submission methodology)"
Q3_2021,olakira,Olakira,domestic,522920,1513032,19979,21962.64,6052.13,479.5,28494.26,6588.79,35083.06,52624584.0,0.019053,668.42,34414.63,51621946.59,observed: artist's own Nigerian share of listeners this quarter,OBS,"observed channel views, quarter net change"
Q4_2021,olakira,Olakira,domestic,472627,26072105,21818,19850.33,104288.42,523.63,124662.39,5955.1,130617.49,195926229.3,0.021728,2838.08,127779.41,191669111.25,observed: artist's own Nigerian share of listeners this quarter,OBS,"observed channel views, quarter net change"
Q1_2022,olakira,Olakira,domestic,502454,16295390,23050,21103.07,65181.56,553.2,86837.83,6330.92,93168.75,139753122.6,0.0231,2152.23,91016.52,136524776.76,observed: artist's own Nigerian share of listeners this quarter,OBS,"observed channel views, quarter net change"
Q2_2022,olakira,Olakira,domestic,609622,16400997,23581,25604.12,65603.99,565.94,91774.06,7681.24,99455.29,149182939.8,0.023103,2297.75,97157.55,145736321.71,observed: artist's own Nigerian share of listeners this quarter,OBS,"observed channel views, quarter net change"
Q3_2022,olakira,Olakira,domestic,675038,16744465,23780,28351.6,66977.86,570.72,95900.18,8505.48,104405.65,156608482.2,0.022908,2391.73,102013.93,153020891.39,observed: artist's own Nigerian share of listeners this quarter,OBS,"observed channel views, quarter net change"
Q4_2022,olakira,Olakira,domestic,687549,14977459,23894,28877.06,59909.84,573.46,89360.35,8663.12,98023.47,147035201.1,0.024221,2374.21,95649.26,143473888.08,observed: artist's own Nigerian share of listeners this quarter,OBS,"observed channel views, quarter net change"
Q1_2023,olakira,Olakira,domestic,503602,13903706,23973,21151.28,55614.82,575.35,77341.46,6345.39,83686.85,125530267.8,0.036041,3016.15,80670.69,121006039.76,observed: artist's own Nigerian share of listeners this quarter,OBS,"observed channel views, quarter net change"
Q2_2023,olakira,Olakira,domestic,443840,12434040,24075,18641.28,49736.16,577.8,68955.24,5592.38,74547.62,111821436.0,0.036191,2697.97,71849.66,107774483.61,observed: artist's own Nigerian share of listeners this quarter,OBS,"observed channel views, quarter net change"
Q3_2023,olakira,Olakira,domestic,661129,8988698,24150,27767.42,35954.79,579.6,64301.81,8330.23,72632.04,108948053.1,0.055394,4023.38,68608.66,102912987.58,observed: artist's own Nigerian share of listeners this quarter,OBS,"observed channel views, quarter net change"
Q4_2023,olakira,Olakira,domestic,496471,7474895,24231,20851.78,29899.58,581.54,51332.91,6255.53,57588.44,86382660.9,0.078616,4527.4,53061.04,79591560.86,observed: artist's own Nigerian share of listeners this quarter,OBS,"observed channel views, quarter net change"
Q1_2024,olakira,Olakira,domestic,277555,7701881,24269,11657.31,30807.52,582.46,43047.29,3497.19,46544.48,69816724.5,0.094677,4406.68,42137.8,63206707.21,observed: artist's own Nigerian share of listeners this quarter,OBS,"observed channel views, quarter net change"
Q2_2024,olakira,Olakira,domestic,257293,10479419,24310,10806.31,41917.68,583.44,53307.42,3241.89,56549.31,84823970.7,0.142932,8082.7,48466.61,72699916.42,observed: artist's own Nigerian share of listeners this quarter,OBS,"observed channel views, quarter net change"
Q3_2024,olakira,Olakira,domestic,271772,11114003,24341,11414.42,44456.01,584.18,56454.62,3424.33,59878.95,89818420.8,0.215788,12921.19,46957.76,70436643.18,observed: artist's own Nigerian share of listeners this quarter,OBS,"observed channel views, quarter net change"
Q4_2024,olakira,Olakira,domestic,305123,11560807,24384,12815.17,46243.23,585.22,59643.61,3844.55,63488.16,95232239.7,0.280637,17817.15,45671.01,68506520.79,observed: artist's own Nigerian share of listeners this quarter,OBS,"observed channel views, quarter net change"
Q1_2025,olakira,Olakira,domestic,271744,10756290,24426,11413.25,43025.16,586.22,55024.63,3423.97,58448.61,87672909.6,0.279969,16363.77,42084.83,63127250.67,observed: artist's own Nigerian share of listeners this quarter,OBS,"observed channel views, quarter net change"
Q2_2025,olakira,Olakira,domestic,332015,13575100,24466,13944.63,54300.4,587.18,68832.21,4183.39,73015.6,109523404.5,0.318937,23287.35,49728.26,74592386.53,observed: artist's own Nigerian share of listeners this quarter,OBS,"observed channel views, quarter net change"
Q3_2025,olakira,Olakira,domestic,334871,12262120,24497,14064.58,49048.48,587.93,63700.99,4219.37,67920.36,101880546.9,0.324435,22035.75,45884.62,68826925.56,observed: artist's own Nigerian share of listeners this quarter,OBS,"observed channel views, quarter net change"
Q4_2025,olakira,Olakira,domestic,368790,10523070,24551,15489.18,42092.28,589.22,58170.68,4646.75,62817.44,94226157.0,0.389597,24473.47,38343.97,57515951.37,observed: artist's own Nigerian share of listeners this quarter,OBS,"observed channel views, quarter net change"
Q1_2026,olakira,Olakira,domestic,351749,8370270,24601,14773.46,33481.08,590.42,48844.96,4432.04,53277.0,79915499.1,0.400008,21311.2,31965.8,47948697.18,observed: artist's own Nigerian share of listeners this quarter,OBS,"observed channel views, quarter net change"
Q2_2026,olakira,Olakira,domestic,420090,7406407,24707,17643.78,29625.63,592.97,47862.38,5293.13,53155.51,79733265.0,0.401956,21366.15,31789.36,47684039.44,observed: artist's own Nigerian share of listeners this quarter,OBS,"observed channel views, quarter net change"
Q3_2026,olakira,Olakira,domestic,473874,7211359,24745,19902.71,28845.44,593.88,49342.02,5970.81,55312.84,82969254.6,0.446821,24714.96,30597.87,45896811.31,observed: artist's own Nigerian share of listeners this quarter,OBS,"observed channel views, quarter net change"
Q1_2019,olamide,Olamide,domestic,0,0,103238,0.0,0.0,2477.71,2477.71,0.0,2477.71,3716568.0,,,,,not measured: provider published no geography this quarter,UNK,no YouTube presence observed
Q2_2019,olamide,Olamide,domestic,417349,0,106192,17528.66,0.0,2548.61,20077.27,5258.6,25335.86,38003795.1,,,,,not measured: provider published no geography this quarter,UNK,no YouTube presence observed
Q3_2019,olamide,Olamide,domestic,480547,0,114049,20182.97,0.0,2737.18,22920.15,6054.89,28975.04,43462563.3,,,,,not measured: provider published no geography this quarter,UNK,no YouTube presence observed
Q4_2019,olamide,Olamide,domestic,437908,0,127993,18392.14,0.0,3071.83,21463.97,5517.64,26981.61,40472413.2,,,,,not measured: provider published no geography this quarter,UNK,no YouTube presence observed
Q1_2020,olamide,Olamide,domestic,394439,0,139961,16566.44,0.0,3359.06,19925.5,4969.93,24895.43,37343150.1,,,,,not measured: provider published no geography this quarter,UNK,no YouTube presence observed
Q2_2020,olamide,Olamide,domestic,427254,0,152300,17944.67,0.0,3655.2,21599.87,5383.4,26983.27,40474902.6,,,,,not measured: provider published no geography this quarter,UNK,no YouTube presence observed
Q3_2020,olamide,Olamide,domestic,425250,0,168682,17860.5,0.0,4048.37,21908.87,5358.15,27267.02,40900527.0,,,,,not measured: provider published no geography this quarter,UNK,no YouTube presence observed
Q4_2020,olamide,Olamide,domestic,641634,31680000,190193,26948.63,126720.0,4564.63,158233.26,8084.59,166317.85,249476772.6,,,,,not measured: provider published no geography this quarter,UNK,"estimated: subscribers x 15 views/month (EST, first-submission methodology)"
Q1_2021,olamide,Olamide,domestic,882594,35055000,211604,37068.95,140220.0,5078.5,182367.44,11120.68,193488.13,290232192.6,0.068051,13166.97,180321.16,270481734.61,observed: artist's own Nigerian share of listeners this quarter,OBS,"estimated: subscribers x 15 views/month (EST, first-submission methodology)"
Q2_2021,olamide,Olamide,domestic,1244524,38115000,232096,52270.01,152460.0,5570.3,210300.31,15681.0,225981.31,338971971.6,0.060166,13596.43,212384.89,318577333.06,observed: artist's own Nigerian share of listeners this quarter,OBS,"estimated: subscribers x 15 views/month (EST, first-submission methodology)"
Q3_2021,olamide,Olamide,domestic,1783228,1410945,254494,74895.58,5643.78,6107.86,86647.21,22468.67,109115.88,163673827.2,0.048654,5308.92,103806.97,155710453.76,observed: artist's own Nigerian share of listeners this quarter,OBS,"observed channel views, quarter net change"
Q4_2021,olamide,Olamide,domestic,1815183,16645859,271806,76237.69,66583.44,6523.34,149344.47,22871.31,172215.77,258323657.7,0.060467,10413.36,161802.41,242703615.24,observed: artist's own Nigerian share of listeners this quarter,OBS,"observed channel views, quarter net change"
Q1_2022,olamide,Olamide,domestic,2103372,17343533,287605,88341.62,69374.13,6902.52,164618.28,26502.49,191120.76,286681144.8,0.072849,13922.97,177197.79,265796690.14,observed: artist's own Nigerian share of listeners this quarter,OBS,"observed channel views, quarter net change"
Q2_2022,olamide,Olamide,domestic,1920159,13209574,295438,80646.68,52838.3,7090.51,140575.49,24194.0,164769.49,247154234.1,0.065985,10872.33,153897.15,230845731.71,observed: artist's own Nigerian share of listeners this quarter,OBS,"observed channel views, quarter net change"
Q3_2022,olamide,Olamide,domestic,1944864,10951007,299203,81684.29,43804.03,7180.87,132669.19,24505.29,157174.47,235761711.6,0.082375,12947.29,144227.19,216340783.14,observed: artist's own Nigerian share of listeners this quarter,OBS,"observed channel views, quarter net change"
Q4_2022,olamide,Olamide,domestic,2100040,9322552,300686,88201.68,37290.21,7216.46,132708.35,26460.5,159168.86,238753284.0,0.072961,11613.05,147555.81,221333708.74,observed: artist's own Nigerian share of listeners this quarter,OBS,"observed channel views, quarter net change"
Q1_2023,olamide,Olamide,domestic,2580282,8720073,302429,108371.84,34880.29,7258.3,150510.43,32511.55,183021.99,274532977.8,0.139284,25491.97,157530.01,236295022.43,observed: artist's own Nigerian share of listeners this quarter,OBS,"observed channel views, quarter net change"
Q2_2023,olamide,Olamide,domestic,4301258,20771642,305361,180652.84,83086.57,7328.66,271068.07,54195.85,325263.92,487895878.2,0.174388,56721.99,268541.93,402812893.49,observed: artist's own Nigerian share of listeners this quarter,OBS,"observed channel views, quarter net change"
Q3_2023,olamide,Olamide,domestic,3985414,16045869,309455,167387.39,64183.48,7426.92,238997.78,50216.22,289214.0,433821000.6,0.232132,67135.78,222078.22,333117324.1,observed: artist's own Nigerian share of listeners this quarter,OBS,"observed channel views, quarter net change"
Q4_2023,olamide,Olamide,domestic,4031366,13175096,313573,169317.37,52700.38,7525.75,229543.51,50795.21,280338.72,420508079.4,0.277787,77874.32,202464.4,303696599.59,observed: artist's own Nigerian share of listeners this quarter,OBS,"observed channel views, quarter net change"
Q1_2024,olamide,Olamide,domestic,3627739,8930823,317814,152365.04,35723.29,7627.54,195715.87,45709.51,241425.38,362138066.1,0.234803,56687.41,184737.97,277106955.53,observed: artist's own Nigerian share of listeners this quarter,OBS,"observed channel views, quarter net change"
Q2_2024,olamide,Olamide,domestic,4140682,9169319,321879,173908.64,36677.28,7725.1,218311.02,52172.59,270483.61,405725413.8,0.261222,70656.15,199827.45,299741182.1,observed: artist's own Nigerian share of listeners this quarter,OBS,"observed channel views, quarter net change"
Q3_2024,olamide,Olamide,domestic,4199797,19119235,325832,176391.47,76476.94,7819.97,260688.38,52917.44,313605.82,470408736.3,0.355722,111556.55,202049.27,303073908.9,observed: artist's own Nigerian share of listeners this quarter,OBS,"observed channel views, quarter net change"
Q4_2024,olamide,Olamide,domestic,4150184,19769291,329041,174307.73,79077.16,7896.98,261281.88,52292.32,313574.19,470361291.6,0.401254,125822.77,187751.43,281627144.1,observed: artist's own Nigerian share of listeners this quarter,OBS,"observed channel views, quarter net change"
Q1_2025,olamide,Olamide,domestic,3780731,12738750,332951,158790.7,50955.0,7990.82,217736.53,47637.21,265373.74,398060604.9,0.427263,113384.42,151989.32,227983980.79,observed: artist's own Nigerian share of listeners this quarter,OBS,"observed channel views, quarter net change"
Q2_2025,olamide,Olamide,domestic,5775342,31283250,34,242564.36,125133.0,0.82,367698.18,72769.31,440467.49,660701233.8,0.475714,209536.62,230930.87,346396297.72,observed: artist's own Nigerian share of listeners this quarter,OBS,"observed channel views, quarter net change"
Q3_2025,olamide,Olamide,domestic,4237353,34084700,34,177968.83,136338.8,0.82,314308.44,53390.65,367699.09,551548634.7,0.611877,224986.46,142712.63,214068950.45,observed: artist's own Nigerian share of listeners this quarter,OBS,"observed channel views, quarter net change"
Q4_2025,olamide,Olamide,domestic,4239631,25355050,34,178064.5,101420.2,0.82,279485.52,53419.35,332904.87,499357302.9,0.661191,220113.71,112791.16,169186733.25,observed: artist's own Nigerian share of listeners this quarter,OBS,"observed channel views, quarter net change"
Q1_2026,olamide,Olamide,domestic,4320244,19380000,34,181450.25,77520.0,0.82,258971.06,54435.07,313406.14,470109207.6,0.670044,209995.96,103410.18,155115264.07,observed: artist's own Nigerian share of listeners this quarter,OBS,"observed channel views, quarter net change"
Q2_2026,olamide,Olamide,domestic,4723290,25272941,350272,198378.18,101091.76,8406.53,307876.47,59513.45,367389.93,551084889.0,0.694968,255324.29,112065.64,168098456.41,observed: artist's own Nigerian share of listeners this quarter,OBS,"observed channel views, quarter net change"
Q3_2026,olamide,Olamide,domestic,4638598,6726291,351577,194821.12,26905.16,8437.85,230164.13,58446.33,288610.46,432915694.2,0.683499,197264.89,91345.57,137018352.62,observed: artist's own Nigerian share of listeners this quarter,OBS,"observed channel views, quarter net change"
Q1_2019,olu-maintain,Olu Maintain,domestic,0,0,339,0.0,0.0,8.14,8.14,0.0,8.14,12204.0,,,,,not measured: provider published no geography this quarter,UNK,no YouTube presence observed
Q2_2019,olu-maintain,Olu Maintain,domestic,20192,0,342,848.06,0.0,8.21,856.27,254.42,1110.69,1666036.8,,,,,not measured: provider published no geography this quarter,UNK,no YouTube presence observed
Q3_2019,olu-maintain,Olu Maintain,domestic,20559,0,343,863.48,0.0,8.23,871.71,259.04,1130.75,1696130.1,,,,,not measured: provider published no geography this quarter,UNK,no YouTube presence observed
Q4_2019,olu-maintain,Olu Maintain,domestic,18226,0,345,765.49,0.0,8.28,773.77,229.65,1003.42,1505129.4,,,,,not measured: provider published no geography this quarter,UNK,no YouTube presence observed
Q1_2020,olu-maintain,Olu Maintain,domestic,15259,0,351,640.88,0.0,8.42,649.3,192.26,841.57,1262348.1,,,,,not measured: provider published no geography this quarter,UNK,no YouTube presence observed
Q2_2020,olu-maintain,Olu Maintain,domestic,17424,0,354,731.81,0.0,8.5,740.3,219.54,959.85,1439769.6,,,,,not measured: provider published no geography this quarter,UNK,no YouTube presence observed
Q3_2020,olu-maintain,Olu Maintain,domestic,14371,0,358,603.58,0.0,8.59,612.17,181.07,793.25,1189872.9,,,,,not measured: provider published no geography this quarter,UNK,no YouTube presence observed
Q4_2020,olu-maintain,Olu Maintain,domestic,12641,0,364,530.92,0.0,8.74,539.66,159.28,698.93,1048401.9,,,,,not measured: provider published no geography this quarter,UNK,no YouTube presence observed
Q1_2021,olu-maintain,Olu Maintain,domestic,14153,0,367,594.43,0.0,8.81,603.23,178.33,781.56,1172342.7,0.120822,94.43,687.13,1030697.39,observed: artist's own Nigerian share of listeners this quarter,OBS,no YouTube presence observed
Q2_2021,olu-maintain,Olu Maintain,domestic,19429,0,374,816.02,0.0,8.98,824.99,244.81,1069.8,1604699.1,0.12181,130.31,939.49,1409229.98,observed: artist's own Nigerian share of listeners this quarter,OBS,no YouTube presence observed
Q3_2021,olu-maintain,Olu Maintain,domestic,23641,0,381,992.92,0.0,9.14,1002.07,297.88,1299.94,1949913.9,0.15463,201.01,1098.93,1648399.51,observed: artist's own Nigerian share of listeners this quarter,OBS,no YouTube presence observed
Q4_2021,olu-maintain,Olu Maintain,domestic,24348,0,384,1022.62,0.0,9.22,1031.83,306.78,1338.62,2007925.2,0.178655,239.15,1099.47,1649199.21,observed: artist's own Nigerian share of listeners this quarter,OBS,no YouTube presence observed
Q1_2022,olu-maintain,Olu Maintain,domestic,28954,0,391,1216.07,0.0,9.38,1225.45,364.82,1590.27,2385408.6,0.214043,340.39,1249.89,1874829.55,observed: artist's own Nigerian share of listeners this quarter,OBS,no YouTube presence observed
Q2_2022,olu-maintain,Olu Maintain,domestic,42243,0,398,1774.21,0.0,9.55,1783.76,532.26,2316.02,3474029.7,0.241658,559.69,1756.33,2634501.46,observed: artist's own Nigerian share of listeners this quarter,OBS,no YouTube presence observed
Q3_2022,olu-maintain,Olu Maintain,domestic,35038,0,400,1471.6,0.0,9.6,1481.2,441.48,1922.67,2884012.2,0.214497,412.41,1510.27,2265400.49,observed: artist's own Nigerian share of listeners this quarter,OBS,no YouTube presence observed
Q4_2022,olu-maintain,Olu Maintain,domestic,33387,0,403,1402.25,0.0,9.67,1411.93,420.68,1832.6,2748903.3,0.288625,528.94,1303.67,1955499.85,observed: artist's own Nigerian share of listeners this quarter,OBS,no YouTube presence observed
Q1_2023,olu-maintain,Olu Maintain,domestic,55999,0,406,2351.96,0.0,9.74,2361.7,705.59,3067.29,4600934.1,0.366172,1123.16,1944.13,2916200.31,observed: artist's own Nigerian share of listeners this quarter,OBS,no YouTube presence observed
Q2_2023,olu-maintain,Olu Maintain,domestic,65337,0,407,2744.15,0.0,9.77,2753.92,823.25,3577.17,5365752.3,0.36668,1311.68,2265.49,3398237.71,observed: artist's own Nigerian share of listeners this quarter,OBS,no YouTube presence observed
Q3_2023,olu-maintain,Olu Maintain,domestic,65682,0,415,2758.64,0.0,9.96,2768.6,827.59,3596.2,5394295.8,0.453411,1630.55,1965.64,2948464.15,observed: artist's own Nigerian share of listeners this quarter,OBS,no YouTube presence observed
Q4_2023,olu-maintain,Olu Maintain,domestic,70392,0,421,2956.46,0.0,10.1,2966.57,886.94,3853.51,5780260.8,0.528005,2034.67,1818.84,2728252.64,observed: artist's own Nigerian share of listeners this quarter,OBS,no YouTube presence observed
Q1_2024,olu-maintain,Olu Maintain,domestic,82918,0,428,3482.56,0.0,10.27,3492.83,1044.77,4537.59,6806392.2,0.50543,2293.44,2244.16,3366235.08,observed: artist's own Nigerian share of listeners this quarter,OBS,no YouTube presence observed
Q2_2024,olu-maintain,Olu Maintain,domestic,74031,0,432,3109.3,0.0,10.37,3119.67,932.79,4052.46,6078690.9,0.616707,2499.18,1553.28,2329922.25,observed: artist's own Nigerian share of listeners this quarter,OBS,no YouTube presence observed
Q3_2024,olu-maintain,Olu Maintain,domestic,78064,26231,437,3278.69,104.92,10.49,3394.1,983.61,4377.71,6566559.6,0.59692,2613.14,1764.56,2646845.72,observed: artist's own Nigerian share of listeners this quarter,OBS,"observed channel views, quarter net change"
Q4_2024,olu-maintain,Olu Maintain,domestic,84544,34173,440,3550.85,136.69,10.56,3698.1,1065.25,4763.35,7145031.6,0.631919,3010.06,1753.3,2629946.99,observed: artist's own Nigerian share of listeners this quarter,OBS,"observed channel views, quarter net change"
Q1_2025,olu-maintain,Olu Maintain,domestic,80400,34299,446,3376.8,137.2,10.7,3524.7,1013.04,4537.74,6806610.0,0.6607,2998.08,1539.66,2309483.61,observed: artist's own Nigerian share of listeners this quarter,OBS,"observed channel views, quarter net change"
Q2_2025,olu-maintain,Olu Maintain,domestic,83705,36877,452,3515.61,147.51,10.85,3673.97,1054.68,4728.65,7092973.5,0.655395,3099.13,1629.52,2444274.15,observed: artist's own Nigerian share of listeners this quarter,OBS,"observed channel views, quarter net change"
Q3_2025,olu-maintain,Olu Maintain,domestic,100421,39163,458,4217.68,156.65,10.99,4385.33,1265.3,5650.63,8475945.9,0.68033,3844.3,1806.34,2709503.32,observed: artist's own Nigerian share of listeners this quarter,OBS,"observed channel views, quarter net change"
Q4_2025,olu-maintain,Olu Maintain,domestic,103971,50800,469,4366.78,203.2,11.26,4581.24,1310.03,5891.27,8836908.9,0.676604,3986.06,1905.22,2857824.99,observed: artist's own Nigerian share of listeners this quarter,OBS,"observed channel views, quarter net change"
Q1_2026,olu-maintain,Olu Maintain,domestic,108519,41616,476,4557.8,166.46,11.42,4735.69,1367.34,6103.03,9154538.1,0.680456,4152.84,1950.18,2925277.08,observed: artist's own Nigerian share of listeners this quarter,OBS,"observed channel views, quarter net change"
Q2_2026,olu-maintain,Olu Maintain,domestic,129519,42256,493,5439.8,169.02,11.83,5620.65,1631.94,7252.59,10878890.1,0.673971,4888.03,2364.56,3546837.86,observed: artist's own Nigerian share of listeners this quarter,OBS,"observed channel views, quarter net change"
Q3_2026,olu-maintain,Olu Maintain,domestic,135779,18274,497,5702.72,73.1,11.93,5787.74,1710.82,7498.56,11247836.1,0.668158,5010.22,2488.34,3732507.81,observed: artist's own Nigerian share of listeners this quarter,OBS,"observed channel views, quarter net change"
Q4_2019,omah-lay,Omah Lay,domestic,17,0,1,0.71,0.0,0.02,0.74,0.21,0.95,1428.3,,,,,not measured: provider published no geography this quarter,UNK,no YouTube presence observed
Q1_2020,omah-lay,Omah Lay,domestic,3535,0,21,148.47,0.0,0.5,148.97,44.54,193.51,290272.5,,,,,not measured: provider published no geography this quarter,UNK,no YouTube presence observed
Q2_2020,omah-lay,Omah Lay,domestic,299366,0,3217,12573.37,0.0,77.21,12650.58,3772.01,16422.59,24633887.4,,,,,not measured: provider published no geography this quarter,UNK,no YouTube presence observed
Q3_2020,omah-lay,Omah Lay,domestic,281928,4396500,19775,11840.98,17586.0,474.6,29901.58,3552.29,33453.87,50180803.2,,,,,not measured: provider published no geography this quarter,UNK,"estimated: subscribers x 15 views/month (EST, first-submission methodology)"
Q4_2020,omah-lay,Omah Lay,domestic,712381,10665000,42548,29920.0,42660.0,1021.15,73601.15,8976.0,82577.15,123865731.9,,,,,not measured: provider published no geography this quarter,UNK,"estimated: subscribers x 15 views/month (EST, first-submission methodology)"
Q1_2021,omah-lay,Omah Lay,domestic,945292,16875000,68675,39702.26,67500.0,1648.2,108850.46,11910.68,120761.14,181141714.8,0.056151,6780.85,113980.3,170970443.83,observed: artist's own Nigerian share of listeners this quarter,OBS,"estimated: subscribers x 15 views/month (EST, first-submission methodology)"
Q2_2021,omah-lay,Omah Lay,domestic,1134575,21690000,93364,47652.15,86760.0,2240.74,136652.89,14295.65,150948.53,226422796.5,0.042703,6445.9,144502.63,216753950.2,observed: artist's own Nigerian share of listeners this quarter,OBS,"estimated: subscribers x 15 views/month (EST, first-submission methodology)"
Q3_2021,omah-lay,Omah Lay,domestic,1625482,3149772,121218,68270.24,12599.09,2909.23,83778.56,20481.07,104259.64,156389455.8,0.051299,5348.41,98911.23,148366843.71,observed: artist's own Nigerian share of listeners this quarter,OBS,"observed channel views, quarter net change"
Q4_2021,omah-lay,Omah Lay,domestic,1729374,44431604,147942,72633.71,177726.42,3550.61,253910.73,21790.11,275700.84,413551266.6,0.069725,19223.37,256477.47,384716204.33,observed: artist's own Nigerian share of listeners this quarter,OBS,"observed channel views, quarter net change"
Q1_2022,omah-lay,Omah Lay,domestic,7785000,41113200,169967,326970.0,164452.8,4079.21,495502.01,98091.0,593593.01,890389512.0,0.013776,8177.12,585415.89,878123832.53,observed: artist's own Nigerian share of listeners this quarter,OBS,"observed channel views, quarter net change"
Q2_2022,omah-lay,Omah Lay,domestic,4542780,45509676,181954,190796.76,182038.7,4366.9,377202.36,57239.03,434441.39,651662082.0,0.032914,14299.13,420142.26,630213390.58,observed: artist's own Nigerian share of listeners this quarter,OBS,"observed channel views, quarter net change"
Q3_2022,omah-lay,Omah Lay,domestic,3902774,61548623,191827,163916.51,246194.49,4603.85,414714.85,49174.95,463889.8,695834700.6,0.049064,22760.42,441129.38,661694076.65,observed: artist's own Nigerian share of listeners this quarter,OBS,"observed channel views, quarter net change"
Q4_2022,omah-lay,Omah Lay,domestic,4703455,54426106,200645,197545.11,217704.42,4815.48,420065.01,59263.53,479328.55,718992820.5,0.05905,28304.57,451023.97,676535959.48,observed: artist's own Nigerian share of listeners this quarter,OBS,"observed channel views, quarter net change"
Q1_2023,omah-lay,Omah Lay,domestic,6755917,69807851,207702,283748.51,279231.4,4984.85,567964.77,85124.55,653089.32,979633980.3,0.074335,48547.09,604542.23,906813346.56,observed: artist's own Nigerian share of listeners this quarter,OBS,"observed channel views, quarter net change"
Q2_2023,omah-lay,Omah Lay,domestic,9030357,78758762,216072,379274.99,315035.05,5185.73,699495.77,113782.5,813278.27,1219917402.3,0.07291,59296.16,753982.11,1130973158.42,observed: artist's own Nigerian share of listeners this quarter,OBS,"observed channel views, quarter net change"
Q3_2023,omah-lay,Omah Lay,domestic,6768789,81015296,224532,284289.14,324061.18,5388.77,613739.09,85286.74,699025.83,1048538747.1,0.111587,78002.46,621023.37,931535060.53,observed: artist's own Nigerian share of listeners this quarter,OBS,"observed channel views, quarter net change"
Q4_2023,omah-lay,Omah Lay,domestic,7163434,54181896,233640,300864.23,216727.58,5607.36,523199.17,90259.27,613458.44,920187660.6,0.15487,95006.5,518451.94,777677906.76,observed: artist's own Nigerian share of listeners this quarter,OBS,"observed channel views, quarter net change"
Q1_2024,omah-lay,Omah Lay,domestic,8901555,83384086,246031,373865.31,333536.34,5904.74,713306.4,112159.59,825465.99,1238198986.5,0.100583,83027.84,742438.15,1113657222.73,observed: artist's own Nigerian share of listeners this quarter,OBS,"observed channel views, quarter net change"
Q2_2024,omah-lay,Omah Lay,domestic,10029574,66306959,261023,421242.11,265227.84,6264.55,692734.5,126372.63,819107.13,1228660692.6,0.126901,103945.25,715161.88,1072742821.63,observed: artist's own Nigerian share of listeners this quarter,OBS,"observed channel views, quarter net change"
Q3_2024,omah-lay,Omah Lay,domestic,10899300,82729746,278986,457770.6,330918.98,6695.66,795385.25,137331.18,932716.43,1399074642.0,0.133362,124389.06,808327.37,1212491050.19,observed: artist's own Nigerian share of listeners this quarter,OBS,"observed channel views, quarter net change"
Q4_2024,omah-lay,Omah Lay,domestic,9624299,79224531,291263,404220.56,316898.12,6990.31,728108.99,121266.17,849375.16,1274062742.1,0.149524,127001.56,722373.6,1083560404.67,observed: artist's own Nigerian share of listeners this quarter,OBS,"observed channel views, quarter net change"
Q1_2025,omah-lay,Omah Lay,domestic,9136630,71918100,301107,383738.46,287672.4,7226.57,678637.43,115121.54,793758.97,1190638449.0,0.162038,128618.75,665140.22,997710330.09,observed: artist's own Nigerian share of listeners this quarter,OBS,"observed channel views, quarter net change"
Q2_2025,omah-lay,Omah Lay,domestic,11592823,79806100,311437,486898.57,319224.4,7474.49,813597.45,146069.57,959667.02,1439500535.7,0.221527,212591.87,747075.16,1120612733.12,observed: artist's own Nigerian share of listeners this quarter,OBS,"observed channel views, quarter net change"
Q3_2025,omah-lay,Omah Lay,domestic,10422512,79032700,322607,437745.5,316130.8,7742.57,761618.87,131323.65,892942.52,1339413784.8,0.232558,207660.88,685281.64,1027922463.96,observed: artist's own Nigerian share of listeners this quarter,OBS,"observed channel views, quarter net change"
Q4_2025,omah-lay,Omah Lay,domestic,10914197,76779600,330884,458396.27,307118.4,7941.22,773455.89,137518.88,910974.77,1366462158.3,0.278962,254127.27,656847.5,985271248.2,observed: artist's own Nigerian share of listeners this quarter,OBS,"observed channel views, quarter net change"
Q1_2026,omah-lay,Omah Lay,domestic,11316983,71058100,338290,475313.29,284232.4,8118.96,767664.65,142593.99,910258.63,1365387947.7,0.320945,292142.77,618115.86,927173788.23,observed: artist's own Nigerian share of listeners this quarter,OBS,"observed channel views, quarter net change"
Q2_2026,omah-lay,Omah Lay,domestic,11088944,116311709,346080,465735.65,465246.84,8305.92,939288.4,139720.69,1079009.1,1618513647.6,0.336089,362643.08,716366.02,1074549028.89,observed: artist's own Nigerian share of listeners this quarter,OBS,"observed channel views, quarter net change"
Q3_2026,omah-lay,Omah Lay,domestic,11209107,31116005,349797,470782.49,124464.02,8395.13,603641.64,141234.75,744876.39,1117314585.3,0.341974,254728.46,490147.93,735221898.91,observed: artist's own Nigerian share of listeners this quarter,OBS,"observed channel views, quarter net change"
Q1_2019,oritsefemi,Oritsefemi,domestic,0,0,1048,0.0,0.0,25.15,25.15,0.0,25.15,37728.0,,,,,not measured: provider published no geography this quarter,UNK,no YouTube presence observed
Q2_2019,oritsefemi,Oritsefemi,domestic,10,0,1051,0.42,0.0,25.22,25.64,0.13,25.77,38655.0,,,,,not measured: provider published no geography this quarter,UNK,no YouTube presence observed
Q3_2019,oritsefemi,Oritsefemi,domestic,6,0,1053,0.25,0.0,25.27,25.52,0.08,25.6,38399.4,,,,,not measured: provider published no geography this quarter,UNK,no YouTube presence observed
Q4_2019,oritsefemi,Oritsefemi,domestic,274,0,1054,11.51,0.0,25.3,36.8,3.45,40.26,60384.6,,,,,not measured: provider published no geography this quarter,UNK,no YouTube presence observed
Q1_2020,oritsefemi,Oritsefemi,domestic,177,0,1055,7.43,0.0,25.32,32.75,2.23,34.98,52476.3,,,,,not measured: provider published no geography this quarter,UNK,no YouTube presence observed
Q2_2020,oritsefemi,Oritsefemi,domestic,35,0,1055,1.47,0.0,25.32,26.79,0.44,27.23,40846.5,,,,,not measured: provider published no geography this quarter,UNK,no YouTube presence observed
Q3_2020,oritsefemi,Oritsefemi,domestic,14,0,1060,0.59,0.0,25.44,26.03,0.18,26.2,39306.6,,,,,not measured: provider published no geography this quarter,UNK,no YouTube presence observed
Q4_2020,oritsefemi,Oritsefemi,domestic,8,0,1064,0.34,0.0,25.54,25.87,0.1,25.97,38959.2,,,,,not measured: provider published no geography this quarter,UNK,no YouTube presence observed
Q1_2021,oritsefemi,Oritsefemi,domestic,10,0,1069,0.42,0.0,25.66,26.08,0.13,26.2,39303.0,0.5,13.1,13.1,19651.5,observed: artist's own Nigerian share of listeners this quarter,OBS,no YouTube presence observed
Q2_2021,oritsefemi,Oritsefemi,domestic,8,0,1074,0.34,0.0,25.78,26.11,0.1,26.21,39319.2,0.25,6.55,19.66,29489.4,observed: artist's own Nigerian share of listeners this quarter,OBS,no YouTube presence observed
Q3_2021,oritsefemi,Oritsefemi,domestic,9,0,1078,0.38,0.0,25.87,26.25,0.11,26.36,39545.1,0.666667,17.58,8.79,13181.7,observed: artist's own Nigerian share of listeners this quarter,OBS,no YouTube presence observed
Q4_2021,oritsefemi,Oritsefemi,domestic,7,0,1079,0.29,0.0,25.9,26.19,0.09,26.28,39417.3,0.333333,8.76,17.52,26278.2,observed: artist's own Nigerian share of listeners this quarter,OBS,no YouTube presence observed
Q1_2022,oritsefemi,Oritsefemi,domestic,9,0,1081,0.38,0.0,25.94,26.32,0.11,26.44,39653.1,0.888889,23.5,2.94,4405.9,observed: artist's own Nigerian share of listeners this quarter,OBS,no YouTube presence observed
Q2_2022,oritsefemi,Oritsefemi,domestic,8,0,1082,0.34,0.0,25.97,26.3,0.1,26.4,39607.2,0.444444,11.74,14.67,22004.0,observed: artist's own Nigerian share of listeners this quarter,OBS,no YouTube presence observed
Q3_2022,oritsefemi,Oritsefemi,domestic,14,0,1083,0.59,0.0,25.99,26.58,0.18,26.76,40134.6,0.533333,14.27,12.49,18729.48,observed: artist's own Nigerian share of listeners this quarter,OBS,no YouTube presence observed
Q4_2022,oritsefemi,Oritsefemi,domestic,24,0,1083,1.01,0.0,25.99,27.0,0.3,27.3,40953.6,0.791667,21.61,5.69,8532.0,observed: artist's own Nigerian share of listeners this quarter,OBS,no YouTube presence observed
Q1_2023,oritsefemi,Oritsefemi,domestic,168,0,1083,7.06,0.0,25.99,33.05,2.12,35.16,52747.2,0.946667,33.29,1.88,2813.18,observed: artist's own Nigerian share of listeners this quarter,OBS,no YouTube presence observed
Q2_2023,oritsefemi,Oritsefemi,domestic,212,0,1083,8.9,0.0,25.99,34.9,2.67,37.57,56350.8,0.958333,36.0,1.57,2347.95,observed: artist's own Nigerian share of listeners this quarter,OBS,no YouTube presence observed
Q3_2023,oritsefemi,Oritsefemi,domestic,147,0,1083,6.17,0.0,25.99,32.17,1.85,34.02,51027.3,0.921212,31.34,2.68,4020.33,observed: artist's own Nigerian share of listeners this quarter,OBS,no YouTube presence observed
Q4_2023,oritsefemi,Oritsefemi,domestic,61,0,1084,2.56,0.0,26.02,28.58,0.77,29.35,44019.9,0.95,27.88,1.47,2201.0,observed: artist's own Nigerian share of listeners this quarter,OBS,no YouTube presence observed
Q1_2024,oritsefemi,Oritsefemi,domestic,50,0,1084,2.1,0.0,26.02,28.12,0.63,28.75,43119.0,0.173406,4.98,23.76,35641.91,assumed: portfolio-wide ratio applied to an artist without own geography,ASM,no YouTube presence observed
Q2_2024,oritsefemi,Oritsefemi,domestic,41,0,1084,1.72,0.0,26.02,27.74,0.52,28.25,42381.9,0.893617,25.25,3.01,4508.71,observed: artist's own Nigerian share of listeners this quarter,OBS,no YouTube presence observed
Q3_2024,oritsefemi,Oritsefemi,domestic,44,0,1084,1.85,0.0,26.02,27.86,0.55,28.42,42627.6,0.954545,27.13,1.29,1937.62,observed: artist's own Nigerian share of listeners this quarter,OBS,no YouTube presence observed
Q4_2024,oritsefemi,Oritsefemi,domestic,32,0,1084,1.34,0.0,26.02,27.36,0.4,27.76,41644.8,0.875,24.29,3.47,5205.6,observed: artist's own Nigerian share of listeners this quarter,OBS,no YouTube presence observed
Q1_2025,oritsefemi,Oritsefemi,domestic,50,0,1084,2.1,0.0,26.02,28.12,0.63,28.75,43119.0,0.98,28.17,0.57,862.38,observed: artist's own Nigerian share of listeners this quarter,OBS,no YouTube presence observed
Q2_2025,oritsefemi,Oritsefemi,domestic,27,0,1084,1.13,0.0,26.02,27.15,0.34,27.49,41235.3,0.888889,24.44,3.05,4581.7,observed: artist's own Nigerian share of listeners this quarter,OBS,no YouTube presence observed
Q3_2025,oritsefemi,Oritsefemi,domestic,28,0,1084,1.18,0.0,26.02,27.19,0.35,27.54,41317.2,0.857143,23.61,3.93,5902.46,observed: artist's own Nigerian share of listeners this quarter,OBS,no YouTube presence observed
Q4_2025,oritsefemi,Oritsefemi,domestic,42,0,1087,1.76,0.0,26.09,27.85,0.53,28.38,42571.8,0.837209,23.76,4.62,6930.29,observed: artist's own Nigerian share of listeners this quarter,OBS,no YouTube presence observed
Q1_2026,oritsefemi,Oritsefemi,domestic,4,0,1087,0.17,0.0,26.09,26.26,0.05,26.31,39459.6,0.75,19.73,6.58,9864.9,observed: artist's own Nigerian share of listeners this quarter,OBS,no YouTube presence observed
Q2_2026,oritsefemi,Oritsefemi,domestic,0,0,1088,0.0,0.0,26.11,26.11,0.0,26.11,39168.0,0.401327,10.48,15.63,23448.82,assumed: portfolio-wide ratio applied to an artist without own geography,ASM,no YouTube presence observed
Q3_2026,oritsefemi,Oritsefemi,domestic,0,0,1088,0.0,0.0,26.11,26.11,0.0,26.11,39168.0,0.404638,10.57,15.55,23319.14,assumed: portfolio-wide ratio applied to an artist without own geography,ASM,no YouTube presence observed
Q1_2019,oxlade,Oxlade,domestic,0,0,46,0.0,0.0,1.1,1.1,0.0,1.1,1656.0,,,,,not measured: provider published no geography this quarter,UNK,no YouTube presence observed
Q2_2019,oxlade,Oxlade,domestic,7446,0,54,312.73,0.0,1.3,314.03,93.82,407.85,611771.4,,,,,not measured: provider published no geography this quarter,UNK,no YouTube presence observed
Q3_2019,oxlade,Oxlade,domestic,17723,0,80,744.37,0.0,1.92,746.29,223.31,969.6,1454393.7,,,,,not measured: provider published no geography this quarter,UNK,no YouTube presence observed
Q4_2019,oxlade,Oxlade,domestic,17510,0,109,735.42,0.0,2.62,738.04,220.63,958.66,1437993.0,,,,,not measured: provider published no geography this quarter,UNK,no YouTube presence observed
Q1_2020,oxlade,Oxlade,domestic,51490,0,261,2162.58,0.0,6.26,2168.84,648.77,2817.62,4226427.0,,,,,not measured: provider published no geography this quarter,UNK,no YouTube presence observed
Q2_2020,oxlade,Oxlade,domestic,309950,0,3963,13017.9,0.0,95.11,13113.01,3905.37,17018.38,25527573.0,,,,,not measured: provider published no geography this quarter,UNK,no YouTube presence observed
Q3_2020,oxlade,Oxlade,domestic,312824,0,9652,13138.61,0.0,231.65,13370.26,3941.58,17311.84,25967757.6,,,,,not measured: provider published no geography this quarter,UNK,no YouTube presence observed
Q4_2020,oxlade,Oxlade,domestic,298993,1138500,16386,12557.71,4554.0,393.26,17504.97,3767.31,21272.28,31908422.7,,,,,not measured: provider published no geography this quarter,UNK,"estimated: subscribers x 15 views/month (EST, first-submission methodology)"
Q1_2021,oxlade,Oxlade,domestic,419262,1390500,22206,17609.0,5562.0,532.94,23703.95,5282.7,28986.65,43479973.8,0.081009,2348.18,26638.47,39957704.12,observed: artist's own Nigerian share of listeners this quarter,OBS,"estimated: subscribers x 15 views/month (EST, first-submission methodology)"
Q2_2021,oxlade,Oxlade,domestic,414965,1714500,25648,17428.53,6858.0,615.55,24902.08,5228.56,30130.64,45195961.5,0.073466,2213.57,27917.07,41875604.63,observed: artist's own Nigerian share of listeners this quarter,OBS,"estimated: subscribers x 15 views/month (EST, first-submission methodology)"
Q3_2021,oxlade,Oxlade,domestic,594714,333969,29842,24977.99,1335.88,716.21,27030.07,7493.4,34523.47,51785202.6,0.098511,3400.94,31122.53,46683794.6,observed: artist's own Nigerian share of listeners this quarter,OBS,"observed channel views, quarter net change"
Q4_2021,oxlade,Oxlade,domestic,832129,2899876,34431,34949.42,11599.5,826.34,47375.27,10484.83,57860.09,86790137.1,0.085377,4939.94,52920.15,79380226.63,observed: artist's own Nigerian share of listeners this quarter,OBS,"observed channel views, quarter net change"
Q1_2022,oxlade,Oxlade,domestic,980796,3349731,37739,41193.43,13398.92,905.74,55498.09,12358.03,67856.12,101784182.4,0.084381,5725.77,62130.35,93195530.36,observed: artist's own Nigerian share of listeners this quarter,OBS,"observed channel views, quarter net change"
Q2_2022,oxlade,Oxlade,domestic,1103587,5506544,40270,46350.65,22026.18,966.48,69343.31,13905.2,83248.51,124872759.3,0.076333,6354.59,76893.91,115340868.76,observed: artist's own Nigerian share of listeners this quarter,OBS,"observed channel views, quarter net change"
Q3_2022,oxlade,Oxlade,domestic,6794423,26813788,45300,285365.77,107255.15,1087.2,393708.12,85609.73,479317.85,718976771.7,0.024923,11945.94,467371.91,701057860.01,observed: artist's own Nigerian share of listeners this quarter,OBS,"observed channel views, quarter net change"
Q4_2022,oxlade,Oxlade,domestic,8222327,50063775,51595,345337.73,200255.1,1238.28,546831.11,103601.32,650432.43,975648651.3,0.023892,15539.95,634892.49,952338731.59,observed: artist's own Nigerian share of listeners this quarter,OBS,"observed channel views, quarter net change"
Q1_2023,oxlade,Oxlade,domestic,6081135,36408859,57597,255407.67,145635.44,1382.33,402425.43,76622.3,479047.73,718571602.5,0.041763,20006.3,459041.44,688562152.58,observed: artist's own Nigerian share of listeners this quarter,OBS,"observed channel views, quarter net change"
Q2_2023,oxlade,Oxlade,domestic,5877578,31555446,62994,246858.28,126221.78,1511.86,374591.92,74057.48,448649.4,672974098.2,0.047699,21400.17,427249.22,640873837.02,observed: artist's own Nigerian share of listeners this quarter,OBS,"observed channel views, quarter net change"
Q3_2023,oxlade,Oxlade,domestic,5967066,30007276,68432,250616.77,120029.1,1642.37,372288.24,75185.03,447473.28,671209913.4,0.065198,29174.14,418299.14,627448703.74,observed: artist's own Nigerian share of listeners this quarter,OBS,"observed channel views, quarter net change"
Q4_2023,oxlade,Oxlade,domestic,5721142,24137519,73574,240287.96,96550.08,1765.78,338603.82,72086.39,410690.21,616035307.8,0.08228,33791.57,376898.63,565347947.93,observed: artist's own Nigerian share of listeners this quarter,OBS,"observed channel views, quarter net change"
Q1_2024,oxlade,Oxlade,domestic,4742780,21732266,78687,199196.76,86929.06,1888.49,288014.31,59759.03,347773.34,521660010.0,0.085562,29756.14,318017.2,477025799.18,observed: artist's own Nigerian share of listeners this quarter,OBS,"observed channel views, quarter net change"
Q2_2024,oxlade,Oxlade,domestic,4562684,18230566,84086,191632.73,72922.26,2018.06,266573.06,57489.82,324062.87,486094311.6,0.089933,29143.99,294918.89,442378328.82,observed: artist's own Nigerian share of listeners this quarter,OBS,"observed channel views, quarter net change"
Q3_2024,oxlade,Oxlade,domestic,4348815,13861125,90149,182650.23,55444.5,2163.58,240258.31,54795.07,295053.38,442580062.5,0.108306,31955.93,263097.44,394646165.1,observed: artist's own Nigerian share of listeners this quarter,OBS,"observed channel views, quarter net change"
Q4_2024,oxlade,Oxlade,domestic,4834215,21024094,94658,203037.03,84096.38,2271.79,289405.2,60911.11,350316.31,525474460.5,0.093887,32890.15,317426.16,476139233.71,observed: artist's own Nigerian share of listeners this quarter,OBS,"observed channel views, quarter net change"
Q1_2025,oxlade,Oxlade,domestic,4380510,13510470,97914,183981.42,54041.88,2349.94,240373.24,55194.43,295567.66,443351493.0,0.093154,27533.24,268034.42,402051632.12,observed: artist's own Nigerian share of listeners this quarter,OBS,"observed channel views, quarter net change"
Q2_2025,oxlade,Oxlade,domestic,4824423,25278750,101487,202625.77,101115.0,2435.69,306176.45,60787.73,366964.18,550446275.7,0.107421,39419.71,327544.47,491316711.37,observed: artist's own Nigerian share of listeners this quarter,OBS,"observed channel views, quarter net change"
Q3_2025,oxlade,Oxlade,domestic,4467651,19629260,104759,187641.34,78517.04,2514.22,268672.6,56292.4,324965.0,487447500.9,0.103302,33569.47,291395.53,437093289.48,observed: artist's own Nigerian share of listeners this quarter,OBS,"observed channel views, quarter net change"
Q4_2025,oxlade,Oxlade,domestic,4220866,16184100,106989,177276.37,64736.4,2567.74,244580.51,53182.91,297763.42,446645129.4,0.120806,35971.66,261791.76,392687635.84,observed: artist's own Nigerian share of listeners this quarter,OBS,"observed channel views, quarter net change"
Q1_2026,oxlade,Oxlade,domestic,4482767,16252380,109032,188276.21,65009.52,2616.77,255902.5,56482.86,312385.37,468578049.3,0.145676,45507.01,266878.36,400317532.5,observed: artist's own Nigerian share of listeners this quarter,OBS,"observed channel views, quarter net change"
Q2_2026,oxlade,Oxlade,domestic,4507873,20788754,111205,189330.67,83155.02,2668.92,275154.6,56799.2,331953.8,497930702.7,0.158416,52586.7,279367.1,419050646.06,observed: artist's own Nigerian share of listeners this quarter,OBS,"observed channel views, quarter net change"
Q3_2026,oxlade,Oxlade,domestic,4436188,4267496,112092,186319.9,17069.98,2690.21,206080.09,55895.97,261976.06,392964085.2,0.154729,40535.37,221440.69,332161027.65,observed: artist's own Nigerian share of listeners this quarter,OBS,"observed channel views, quarter net change"
Q1_2019,p-square,P-Square,domestic,0,0,170858,0.0,0.0,4100.59,4100.59,0.0,4100.59,6150888.0,,,,,not measured: provider published no geography this quarter,UNK,no YouTube presence observed
Q2_2019,p-square,P-Square,domestic,421856,0,171987,17717.95,0.0,4127.69,21845.64,5315.39,27161.03,40741538.4,,,,,not measured: provider published no geography this quarter,UNK,no YouTube presence observed
Q3_2019,p-square,P-Square,domestic,430045,0,174004,18061.89,0.0,4176.1,22237.99,5418.57,27656.55,41484829.5,,,,,not measured: provider published no geography this quarter,UNK,no YouTube presence observed
Q4_2019,p-square,P-Square,domestic,420250,0,176113,17650.5,0.0,4226.71,21877.21,5295.15,27172.36,40758543.0,,,,,not measured: provider published no geography this quarter,UNK,no YouTube presence observed
Q1_2020,p-square,P-Square,domestic,409452,0,177567,17196.98,0.0,4261.61,21458.59,5159.1,26617.69,39926530.8,,,,,not measured: provider published no geography this quarter,UNK,no YouTube presence observed
Q2_2020,p-square,P-Square,domestic,463954,0,179124,19486.07,0.0,4298.98,23785.04,5845.82,29630.86,44446296.6,,,,,not measured: provider published no geography this quarter,UNK,no YouTube presence observed
Q3_2020,p-square,P-Square,domestic,446233,0,181990,18741.79,0.0,4367.76,23109.55,5622.54,28732.08,43098122.7,,,,,not measured: provider published no geography this quarter,UNK,no YouTube presence observed
Q4_2020,p-square,P-Square,domestic,437242,0,183715,18364.16,0.0,4409.16,22773.32,5509.25,28282.57,42423859.8,,,,,not measured: provider published no geography this quarter,UNK,no YouTube presence observed
Q1_2021,p-square,P-Square,domestic,543561,0,185324,22829.56,0.0,4447.78,27277.34,6848.87,34126.21,51189309.9,0.013684,466.98,33659.23,50488843.74,observed: artist's own Nigerian share of listeners this quarter,OBS,no YouTube presence observed
Q2_2021,p-square,P-Square,domestic,598730,0,187977,25146.66,0.0,4511.45,29658.11,7544.0,37202.11,55803159.0,0.013733,510.91,36691.19,55036788.52,observed: artist's own Nigerian share of listeners this quarter,OBS,no YouTube presence observed
Q3_2021,p-square,P-Square,domestic,558943,0,190361,23475.61,0.0,4568.66,28044.27,7042.68,35086.95,52630427.7,0.018973,665.69,34421.26,51631885.8,observed: artist's own Nigerian share of listeners this quarter,OBS,no YouTube presence observed
Q4_2021,p-square,P-Square,domestic,559613,0,192810,23503.75,0.0,4627.44,28131.19,7051.12,35182.31,52773464.7,0.029834,1049.63,34132.68,51199019.93,observed: artist's own Nigerian share of listeners this quarter,OBS,no YouTube presence observed
Q1_2022,p-square,P-Square,domestic,609231,0,195484,25587.7,0.0,4691.62,30279.32,7676.31,37955.63,56933442.9,0.025953,985.08,36970.55,55455823.58,observed: artist's own Nigerian share of listeners this quarter,OBS,no YouTube presence observed
Q2_2022,p-square,P-Square,domestic,632769,0,196804,26576.3,0.0,4723.3,31299.59,7972.89,39272.48,58908725.1,0.037178,1460.09,37812.4,56718593.18,observed: artist's own Nigerian share of listeners this quarter,OBS,no YouTube presence observed
Q3_2022,p-square,P-Square,domestic,639874,0,198077,26874.71,0.0,4753.85,31628.56,8062.41,39690.97,59536452.6,0.041729,1656.25,38034.72,57052080.41,observed: artist's own Nigerian share of listeners this quarter,OBS,no YouTube presence observed
Q4_2022,p-square,P-Square,domestic,693533,0,198988,29128.39,0.0,4775.71,33904.1,8738.52,42642.61,63963920.7,0.062878,2681.29,39961.32,59941980.74,observed: artist's own Nigerian share of listeners this quarter,OBS,no YouTube presence observed
Q1_2023,p-square,P-Square,domestic,791437,0,199758,33240.35,0.0,4794.19,38034.55,9972.11,48006.65,72009978.3,0.084223,4043.26,43963.39,65945084.54,observed: artist's own Nigerian share of listeners this quarter,OBS,no YouTube presence observed
Q2_2023,p-square,P-Square,domestic,914026,0,200565,38389.09,0.0,4813.56,43202.65,11516.73,54719.38,82079069.4,0.094645,5178.91,49540.47,74310705.08,observed: artist's own Nigerian share of listeners this quarter,OBS,no YouTube presence observed
Q3_2023,p-square,P-Square,domestic,915882,0,201312,38467.04,0.0,4831.49,43298.53,11540.11,54838.65,82257967.8,0.138582,7599.66,47238.99,70858483.37,observed: artist's own Nigerian share of listeners this quarter,OBS,no YouTube presence observed
Q4_2023,p-square,P-Square,domestic,1137565,0,202045,47777.73,0.0,4849.08,52626.81,14333.32,66960.13,100440193.5,0.176872,11843.36,55116.77,82675159.87,observed: artist's own Nigerian share of listeners this quarter,OBS,no YouTube presence observed
Q1_2024,p-square,P-Square,domestic,1089015,109800000,202850,45738.63,439200.0,4868.4,489807.03,13721.59,503528.62,755292928.5,0.183823,92560.05,410968.57,616452858.78,observed: artist's own Nigerian share of listeners this quarter,OBS,"estimated: subscribers x 15 views/month (EST, first-submission methodology)"
Q2_2024,p-square,P-Square,domestic,1121882,12355555,203720,47119.04,49422.22,4889.28,101430.54,14135.71,115566.26,173349385.8,0.218769,25282.27,90283.99,135425979.62,observed: artist's own Nigerian share of listeners this quarter,OBS,"observed channel views, quarter net change"
Q3_2024,p-square,P-Square,domestic,1175451,37363537,204529,49368.94,149454.15,4908.7,203731.79,14810.68,218542.47,327813702.9,0.236141,51606.78,166935.69,250403529.72,observed: artist's own Nigerian share of listeners this quarter,OBS,"observed channel views, quarter net change"
Q4_2024,p-square,P-Square,domestic,1291481,25457875,205315,54242.2,101831.5,4927.56,161001.26,16272.66,177273.92,265910883.9,0.253298,44903.19,132370.74,198556103.66,observed: artist's own Nigerian share of listeners this quarter,OBS,"observed channel views, quarter net change"
Q1_2025,p-square,P-Square,domestic,1279326,36114000,206078,53731.69,144456.0,4945.87,203133.56,16119.51,219253.07,328879607.4,0.295548,64799.77,154453.31,231679959.06,observed: artist's own Nigerian share of listeners this quarter,OBS,"observed channel views, quarter net change"
Q2_2025,p-square,P-Square,domestic,1558722,40708800,206957,65466.32,162835.2,4966.97,233268.49,19639.9,252908.39,379362583.8,0.28217,71363.1,181545.29,272317929.2,observed: artist's own Nigerian share of listeners this quarter,OBS,"observed channel views, quarter net change"
Q3_2025,p-square,P-Square,domestic,2088774,44330800,207989,87728.51,177323.2,4991.74,270043.44,26318.55,296362.0,444542994.6,0.28847,85491.54,210870.46,316305682.8,observed: artist's own Nigerian share of listeners this quarter,OBS,"observed channel views, quarter net change"
Q4_2025,p-square,P-Square,domestic,2634300,43780000,208993,110640.6,175120.0,5015.83,290776.43,33192.18,323968.61,485952918.0,0.285696,92556.56,231412.05,347118074.16,observed: artist's own Nigerian share of listeners this quarter,OBS,"observed channel views, quarter net change"
Q1_2026,p-square,P-Square,domestic,2858145,38284000,210099,120042.09,153136.0,5042.38,278220.47,36012.63,314233.09,471349639.5,0.310698,97631.5,216601.59,324902388.64,observed: artist's own Nigerian share of listeners this quarter,OBS,"observed channel views, quarter net change"
Q2_2026,p-square,P-Square,domestic,3345052,47937515,211586,140492.18,191750.06,5078.06,337320.31,42147.66,379467.96,569201944.8,0.270781,102752.65,276715.31,415072962.42,observed: artist's own Nigerian share of listeners this quarter,OBS,"observed channel views, quarter net change"
Q3_2026,p-square,P-Square,domestic,3322699,15561628,212228,139553.36,62246.51,5093.47,206893.34,41866.01,248759.35,373139024.1,0.302357,75214.03,173545.32,260317978.2,observed: artist's own Nigerian share of listeners this quarter,OBS,"observed channel views, quarter net change"
Q2_2019,patoranking,Patoranking,domestic,753314,0,0,31639.19,0.0,0.0,31639.19,9491.76,41130.94,61696416.6,,,,,not measured: provider published no geography this quarter,UNK,no YouTube presence observed
Q3_2019,patoranking,Patoranking,domestic,651104,0,34378,27346.37,0.0,825.07,28171.44,8203.91,36375.35,54563025.6,,,,,not measured: provider published no geography this quarter,UNK,no YouTube presence observed
Q4_2019,patoranking,Patoranking,domestic,643850,0,48722,27041.7,0.0,1169.33,28211.03,8112.51,36323.54,54485307.0,,,,,not measured: provider published no geography this quarter,UNK,no YouTube presence observed
Q1_2020,patoranking,Patoranking,domestic,650720,0,61510,27330.24,0.0,1476.24,28806.48,8199.07,37005.55,55508328.0,,,,,not measured: provider published no geography this quarter,UNK,no YouTube presence observed
Q2_2020,patoranking,Patoranking,domestic,666366,0,74132,27987.37,0.0,1779.17,29766.54,8396.21,38162.75,57244127.4,,,,,not measured: provider published no geography this quarter,UNK,no YouTube presence observed
Q3_2020,patoranking,Patoranking,domestic,928179,0,90631,38983.52,0.0,2175.14,41158.66,11695.06,52853.72,79280576.1,,,,,not measured: provider published no geography this quarter,UNK,no YouTube presence observed
Q4_2020,patoranking,Patoranking,domestic,836761,0,110164,35143.96,0.0,2643.94,37787.9,10543.19,48331.09,72496629.9,,,,,not measured: provider published no geography this quarter,UNK,no YouTube presence observed
Q1_2021,patoranking,Patoranking,domestic,894936,0,126745,37587.31,0.0,3041.88,40629.19,11276.19,51905.39,77858078.4,0.033341,1730.57,50174.81,75262217.53,observed: artist's own Nigerian share of listeners this quarter,OBS,no YouTube presence observed
Q2_2021,patoranking,Patoranking,domestic,983879,47700000,140126,41322.92,190800.0,3363.02,235485.94,12396.88,247882.82,371824226.1,0.028675,7108.08,240774.74,361162112.8,observed: artist's own Nigerian share of listeners this quarter,OBS,"estimated: subscribers x 15 views/month (EST, first-submission methodology)"
Q3_2021,patoranking,Patoranking,domestic,868045,1755472,152108,36457.89,7021.89,3650.59,47130.37,10937.37,58067.74,87101605.5,0.054465,3162.67,54905.07,82357605.05,observed: artist's own Nigerian share of listeners this quarter,OBS,"observed channel views, quarter net change"
Q4_2021,patoranking,Patoranking,domestic,929415,18624549,159500,39035.43,74498.2,3828.0,117361.63,11710.63,129072.25,193608382.5,0.05504,7104.19,121968.07,182952099.32,observed: artist's own Nigerian share of listeners this quarter,OBS,"observed channel views, quarter net change"
Q1_2022,patoranking,Patoranking,domestic,944602,14737019,164654,39673.28,58948.08,3951.7,102573.06,11901.99,114475.04,171712561.8,0.050235,5750.69,108724.35,163086524.76,observed: artist's own Nigerian share of listeners this quarter,OBS,"observed channel views, quarter net change"
Q2_2022,patoranking,Patoranking,domestic,851533,15344368,167839,35764.39,61377.47,4028.14,101169.99,10729.32,111899.31,167848964.7,0.05768,6454.37,105444.94,158167405.26,observed: artist's own Nigerian share of listeners this quarter,OBS,"observed channel views, quarter net change"
Q3_2022,patoranking,Patoranking,domestic,927417,17978403,170526,38951.51,71913.61,4092.62,114957.75,11685.45,126643.2,189964806.3,0.060642,7679.93,118963.27,178444905.6,observed: artist's own Nigerian share of listeners this quarter,OBS,"observed channel views, quarter net change"
Q4_2022,patoranking,Patoranking,domestic,858169,20116143,172602,36043.1,80464.57,4142.45,120650.12,10812.93,131463.05,197194571.1,0.06846,8999.97,122463.08,183694613.45,observed: artist's own Nigerian share of listeners this quarter,OBS,"observed channel views, quarter net change"
Q1_2023,patoranking,Patoranking,domestic,934852,20249721,174155,39263.78,80998.88,4179.72,124442.39,11779.14,136221.52,204332284.8,0.123981,16888.93,119332.6,178998896.68,observed: artist's own Nigerian share of listeners this quarter,OBS,"observed channel views, quarter net change"
Q2_2023,patoranking,Patoranking,domestic,1007365,17887676,175235,42309.33,71550.7,4205.64,118065.67,12692.8,130758.47,196137709.5,0.114727,15001.52,115756.96,173635432.64,observed: artist's own Nigerian share of listeners this quarter,OBS,"observed channel views, quarter net change"
Q3_2023,patoranking,Patoranking,domestic,1494539,20022091,176506,62770.64,80088.36,4236.14,147095.15,18831.19,165926.34,248889506.1,0.179352,29759.23,136167.11,204250663.2,observed: artist's own Nigerian share of listeners this quarter,OBS,"observed channel views, quarter net change"
Q4_2023,patoranking,Patoranking,domestic,1581079,27548855,178001,66405.32,110195.42,4272.02,180872.76,19921.6,200794.36,301191536.1,0.245756,49346.46,151447.9,227171846.87,observed: artist's own Nigerian share of listeners this quarter,OBS,"observed channel views, quarter net change"
Q1_2024,patoranking,Patoranking,domestic,1823961,29039609,179990,76606.36,116158.44,4319.76,197084.56,22981.91,220066.47,330099699.9,0.230835,50799.14,169267.33,253900993.03,observed: artist's own Nigerian share of listeners this quarter,OBS,"observed channel views, quarter net change"
Q2_2024,patoranking,Patoranking,domestic,1647660,24235458,181657,69201.72,96941.83,4359.77,170503.32,20760.52,191263.84,286895754.0,0.291352,55725.02,135538.82,203308229.04,observed: artist's own Nigerian share of listeners this quarter,OBS,"observed channel views, quarter net change"
Q3_2024,patoranking,Patoranking,domestic,1484456,18857489,183171,62347.15,75429.96,4396.1,142173.21,18704.15,160877.36,241316036.4,0.314525,50599.89,110277.46,165416195.14,observed: artist's own Nigerian share of listeners this quarter,OBS,"observed channel views, quarter net change"
Q4_2024,patoranking,Patoranking,domestic,1501731,25928914,184663,63072.7,103715.66,4431.91,171220.27,18921.81,190142.08,285213120.9,0.352844,67090.41,123051.67,184577507.09,observed: artist's own Nigerian share of listeners this quarter,OBS,"observed channel views, quarter net change"
Q1_2025,patoranking,Patoranking,domestic,1394123,19700550,186037,58553.17,78802.2,4464.89,141820.25,17565.95,159386.2,239079305.7,0.415334,66198.43,93187.77,139781658.32,observed: artist's own Nigerian share of listeners this quarter,OBS,"observed channel views, quarter net change"
Q2_2025,patoranking,Patoranking,domestic,1546808,21554960,187324,64965.94,86219.84,4495.78,155681.55,19489.78,175171.33,262756999.2,0.422457,74002.36,101168.97,151753453.23,observed: artist's own Nigerian share of listeners this quarter,OBS,"observed channel views, quarter net change"
Q3_2025,patoranking,Patoranking,domestic,1494784,20678260,188506,62780.93,82713.04,4524.14,150018.11,18834.28,168852.39,253278585.6,0.429211,72473.37,96379.02,144568528.68,observed: artist's own Nigerian share of listeners this quarter,OBS,"observed channel views, quarter net change"
Q4_2025,patoranking,Patoranking,domestic,1794386,22742200,189219,75364.21,90968.8,4541.26,170874.27,22609.26,193483.53,290225297.4,0.44705,86496.73,106986.8,160480207.3,observed: artist's own Nigerian share of listeners this quarter,OBS,"observed channel views, quarter net change"
Q1_2026,patoranking,Patoranking,domestic,1837198,16214040,189924,77162.32,64856.16,4558.18,146576.65,23148.69,169725.35,254588020.2,0.507159,86077.76,83647.59,125471385.0,observed: artist's own Nigerian share of listeners this quarter,OBS,"observed channel views, quarter net change"
Q2_2026,patoranking,Patoranking,domestic,2121786,22321438,190800,89115.01,89285.75,4579.2,182979.96,26734.5,209714.47,314571701.4,0.508655,106672.21,103042.26,154563389.46,observed: artist's own Nigerian share of listeners this quarter,OBS,"observed channel views, quarter net change"
Q3_2026,patoranking,Patoranking,domestic,2066107,6950499,191126,86776.49,27802.0,4587.02,119165.51,26032.95,145198.46,217797693.3,0.506819,73589.37,71609.09,107413631.39,observed: artist's own Nigerian share of listeners this quarter,OBS,"observed channel views, quarter net change"
Q1_2019,peruzzi,Peruzzi,domestic,0,0,193,0.0,0.0,4.63,4.63,0.0,4.63,6948.0,,,,,not measured: provider published no geography this quarter,UNK,no YouTube presence observed
Q2_2019,peruzzi,Peruzzi,domestic,101863,0,483,4278.25,0.0,11.59,4289.84,1283.47,5573.31,8359967.7,,,,,not measured: provider published no geography this quarter,UNK,no YouTube presence observed
Q3_2019,peruzzi,Peruzzi,domestic,98465,0,2066,4135.53,0.0,49.58,4185.11,1240.66,5425.77,8138659.5,,,,,not measured: provider published no geography this quarter,UNK,no YouTube presence observed
Q4_2019,peruzzi,Peruzzi,domestic,74712,0,6519,3137.9,0.0,156.46,3294.36,941.37,4235.73,6353596.8,,,,,not measured: provider published no geography this quarter,UNK,no YouTube presence observed
Q1_2020,peruzzi,Peruzzi,domestic,70968,0,9294,2980.66,0.0,223.06,3203.71,894.2,4097.91,6146863.2,,,,,not measured: provider published no geography this quarter,UNK,no YouTube presence observed
Q2_2020,peruzzi,Peruzzi,domestic,75120,0,11869,3155.04,0.0,284.86,3439.9,946.51,4386.41,6579612.0,,,,,not measured: provider published no geography this quarter,UNK,no YouTube presence observed
Q3_2020,peruzzi,Peruzzi,domestic,70884,0,13026,2977.13,0.0,312.62,3289.75,893.14,4182.89,6274335.6,,,,,not measured: provider published no geography this quarter,UNK,no YouTube presence observed
Q4_2020,peruzzi,Peruzzi,domestic,153802,0,17174,6459.68,0.0,412.18,6871.86,1937.91,8809.77,13214647.8,,,,,not measured: provider published no geography this quarter,UNK,no YouTube presence observed
Q1_2021,peruzzi,Peruzzi,domestic,248591,0,23478,10440.82,0.0,563.47,11004.29,3132.25,14136.54,21204810.9,0.136598,1931.02,12205.52,18308278.99,observed: artist's own Nigerian share of listeners this quarter,OBS,no YouTube presence observed
Q2_2021,peruzzi,Peruzzi,domestic,312052,0,30255,13106.18,0.0,726.12,13832.3,3931.86,17764.16,26646238.8,0.118128,2098.44,15665.71,23498572.09,observed: artist's own Nigerian share of listeners this quarter,OBS,no YouTube presence observed
Q3_2021,peruzzi,Peruzzi,domestic,224012,0,37213,9408.5,0.0,893.11,10301.62,2822.55,13124.17,19686250.8,0.181153,2377.49,10746.68,16120019.33,observed: artist's own Nigerian share of listeners this quarter,OBS,no YouTube presence observed
Q4_2021,peruzzi,Peruzzi,domestic,315993,0,39060,13271.71,0.0,937.44,14209.15,3981.51,18190.66,27285986.7,0.21489,3909.0,14281.66,21422489.34,observed: artist's own Nigerian share of listeners this quarter,OBS,no YouTube presence observed
Q1_2022,peruzzi,Peruzzi,domestic,305053,0,40358,12812.23,0.0,968.59,13780.82,3843.67,17624.49,26436728.7,0.220803,3891.55,13732.94,20599408.84,observed: artist's own Nigerian share of listeners this quarter,OBS,no YouTube presence observed
Q2_2022,peruzzi,Peruzzi,domestic,270767,0,40649,11372.21,0.0,975.58,12347.79,3411.66,15759.45,23639181.3,0.208773,3290.15,12469.3,18703954.64,observed: artist's own Nigerian share of listeners this quarter,OBS,no YouTube presence observed
Q3_2022,peruzzi,Peruzzi,domestic,233664,0,40828,9813.89,0.0,979.87,10793.76,2944.17,13737.93,20606889.6,0.249819,3431.99,10305.94,15458905.32,observed: artist's own Nigerian share of listeners this quarter,OBS,no YouTube presence observed
Q4_2022,peruzzi,Peruzzi,domestic,258724,0,40952,10866.41,0.0,982.85,11849.26,3259.92,15109.18,22663767.6,0.359329,5429.16,9680.01,14520021.82,observed: artist's own Nigerian share of listeners this quarter,OBS,no YouTube presence observed
Q1_2023,peruzzi,Peruzzi,domestic,748952,0,41066,31455.98,0.0,985.58,32441.57,9436.8,41878.36,62817544.8,0.238188,9974.91,31903.45,47855178.61,observed: artist's own Nigerian share of listeners this quarter,OBS,no YouTube presence observed
Q2_2023,peruzzi,Peruzzi,domestic,291235,0,41152,12231.87,0.0,987.65,13219.52,3669.56,16889.08,25333618.5,0.376814,6364.05,10525.03,15787549.59,observed: artist's own Nigerian share of listeners this quarter,OBS,no YouTube presence observed
Q3_2023,peruzzi,Peruzzi,domestic,247272,0,41209,10385.42,0.0,989.02,11374.44,3115.63,14490.07,21735100.8,0.449578,6514.41,7975.65,11963481.94,observed: artist's own Nigerian share of listeners this quarter,OBS,no YouTube presence observed
Q4_2023,peruzzi,Peruzzi,domestic,326325,0,41297,13705.65,0.0,991.13,14696.78,4111.69,18808.47,28212709.5,0.554448,10428.32,8380.15,12570231.97,observed: artist's own Nigerian share of listeners this quarter,OBS,no YouTube presence observed
Q1_2024,peruzzi,Peruzzi,domestic,279994,0,41333,11759.75,0.0,991.99,12751.74,3527.92,16279.66,24419496.6,0.57702,9393.69,6885.98,10328968.04,observed: artist's own Nigerian share of listeners this quarter,OBS,no YouTube presence observed
Q2_2024,peruzzi,Peruzzi,domestic,336880,533589,41366,14148.96,2134.36,992.78,17276.1,4244.69,21520.79,32281182.0,0.585293,12595.96,8924.83,13387243.71,observed: artist's own Nigerian share of listeners this quarter,OBS,"observed channel views, quarter net change"
Q3_2024,peruzzi,Peruzzi,domestic,257858,408796,41394,10830.04,1635.18,993.46,13458.68,3249.01,16707.69,25061530.2,0.640329,10698.42,6009.27,9013901.28,observed: artist's own Nigerian share of listeners this quarter,OBS,"observed channel views, quarter net change"
Q4_2024,peruzzi,Peruzzi,domestic,608513,1722770,41432,25557.55,6891.08,994.37,33442.99,7667.26,41110.26,61665386.7,0.836366,34383.23,6727.03,10090546.67,observed: artist's own Nigerian share of listeners this quarter,OBS,"observed channel views, quarter net change"
Q1_2025,peruzzi,Peruzzi,domestic,354019,1355910,41470,14868.8,5423.64,995.28,21287.72,4460.64,25748.36,38622536.1,0.768854,19796.73,5951.62,8927436.46,observed: artist's own Nigerian share of listeners this quarter,OBS,"observed channel views, quarter net change"
Q2_2025,peruzzi,Peruzzi,domestic,457611,751439,41501,19219.66,3005.76,996.02,23221.44,5765.9,28987.34,43481010.9,0.816192,23659.25,5328.09,7992137.15,observed: artist's own Nigerian share of listeners this quarter,OBS,"observed channel views, quarter net change"
Q3_2025,peruzzi,Peruzzi,domestic,505820,723324,41545,21244.44,2893.3,997.08,25134.82,6373.33,31508.15,47262222.0,0.826916,26054.59,5453.56,8180338.32,observed: artist's own Nigerian share of listeners this quarter,OBS,"observed channel views, quarter net change"
Q4_2025,peruzzi,Peruzzi,domestic,557177,1478566,41618,23401.43,5914.26,998.83,30314.53,7020.43,37334.96,56002440.3,0.894717,33404.22,3930.74,5896113.21,observed: artist's own Nigerian share of listeners this quarter,OBS,"observed channel views, quarter net change"
Q1_2026,peruzzi,Peruzzi,domestic,564579,645894,41667,23712.32,2583.58,1000.01,27295.9,7113.7,34409.6,51614396.1,0.947356,32598.15,1811.45,2717174.96,observed: artist's own Nigerian share of listeners this quarter,OBS,"observed channel views, quarter net change"
Q2_2026,peruzzi,Peruzzi,domestic,625227,648918,41750,26259.53,2595.67,1002.0,29857.21,7877.86,37735.07,56602599.3,0.924874,34900.17,2834.9,4252344.66,observed: artist's own Nigerian share of listeners this quarter,OBS,"observed channel views, quarter net change"
Q3_2026,peruzzi,Peruzzi,domestic,642311,213112,41799,26977.06,852.45,1003.18,28832.69,8093.12,36925.8,55388706.9,0.917238,33869.76,3056.04,4584059.56,observed: artist's own Nigerian share of listeners this quarter,OBS,"observed channel views, quarter net change"
Q2_2019,pheelz,Pheelz,domestic,2374,0,0,99.71,0.0,0.0,99.71,29.91,129.62,194430.6,,,,,not measured: provider published no geography this quarter,UNK,no YouTube presence observed
Q3_2019,pheelz,Pheelz,domestic,1713,0,5,71.95,0.0,0.12,72.07,21.58,93.65,140474.7,,,,,not measured: provider published no geography this quarter,UNK,no YouTube presence observed
Q4_2019,pheelz,Pheelz,domestic,19459,0,8,817.28,0.0,0.19,817.47,245.18,1062.65,1593980.1,,,,,not measured: provider published no geography this quarter,UNK,no YouTube presence observed
Q1_2020,pheelz,Pheelz,domestic,12896,0,10,541.63,0.0,0.24,541.87,162.49,704.36,1056542.4,,,,,not measured: provider published no geography this quarter,UNK,no YouTube presence observed
Q2_2020,pheelz,Pheelz,domestic,12011,0,18,504.46,0.0,0.43,504.89,151.34,656.23,984348.9,,,,,not measured: provider published no geography this quarter,UNK,no YouTube presence observed
Q3_2020,pheelz,Pheelz,domestic,9213,0,29,386.95,0.0,0.7,387.64,116.08,503.73,755588.7,,,,,not measured: provider published no geography this quarter,UNK,no YouTube presence observed
Q4_2020,pheelz,Pheelz,domestic,14720,0,31,618.24,0.0,0.74,618.98,185.47,804.46,1206684.0,,,,,not measured: provider published no geography this quarter,UNK,no YouTube presence observed
Q1_2021,pheelz,Pheelz,domestic,63041,46350,44,2647.72,185.4,1.06,2834.18,794.32,3628.49,5442741.9,0.080392,291.7,3336.79,5005188.31,observed: artist's own Nigerian share of listeners this quarter,OBS,"estimated: subscribers x 15 views/month (EST, first-submission methodology)"
Q2_2021,pheelz,Pheelz,domestic,28702,84600,54,1205.48,338.4,1.3,1545.18,361.65,1906.83,2860237.8,0.100617,191.86,1714.97,2572449.61,observed: artist's own Nigerian share of listeners this quarter,OBS,"estimated: subscribers x 15 views/month (EST, first-submission methodology)"
Q3_2021,pheelz,Pheelz,domestic,23893,678,64,1003.51,2.71,1.54,1007.75,301.05,1308.81,1963208.7,0.111646,146.12,1162.68,1744023.98,observed: artist's own Nigerian share of listeners this quarter,OBS,"observed channel views, quarter net change"
Q4_2021,pheelz,Pheelz,domestic,24039,9130,72,1009.64,36.52,1.73,1047.89,302.89,1350.78,2026166.1,0.130361,176.09,1174.69,1762033.23,observed: artist's own Nigerian share of listeners this quarter,OBS,"observed channel views, quarter net change"
Q1_2022,pheelz,Pheelz,domestic,1238463,5128879,2100,52015.45,20515.52,50.4,72581.36,15604.63,88186.0,132278993.7,0.141379,12467.63,75718.36,113577544.58,observed: artist's own Nigerian share of listeners this quarter,OBS,"observed channel views, quarter net change"
Q2_2022,pheelz,Pheelz,domestic,2686425,40510867,5392,112829.85,162043.47,129.41,275002.73,33848.96,308851.68,463277521.5,0.046076,14230.78,294620.91,441931358.37,observed: artist's own Nigerian share of listeners this quarter,OBS,"observed channel views, quarter net change"
Q3_2022,pheelz,Pheelz,domestic,2540799,41198712,7792,106713.56,164794.85,187.01,271695.41,32014.07,303709.48,455564222.1,0.077306,23478.58,280230.9,420346351.15,observed: artist's own Nigerian share of listeners this quarter,OBS,"observed channel views, quarter net change"
Q4_2022,pheelz,Pheelz,domestic,3170987,26078583,10168,133181.45,104314.33,244.03,237739.82,39954.44,277694.25,416541381.3,0.070909,19691.1,258003.16,387004732.52,observed: artist's own Nigerian share of listeners this quarter,OBS,"observed channel views, quarter net change"
Q1_2023,pheelz,Pheelz,domestic,3100761,21886954,12497,130231.96,87547.82,299.93,218079.71,39069.59,257149.29,385723941.9,0.085569,22003.98,235145.32,352717978.34,observed: artist's own Nigerian share of listeners this quarter,OBS,"observed channel views, quarter net change"
Q2_2023,pheelz,Pheelz,domestic,3204668,20095352,14459,134596.06,80381.41,347.02,215324.48,40378.82,255703.3,383554945.2,0.093597,23932.94,231770.36,347655541.48,observed: artist's own Nigerian share of listeners this quarter,OBS,"observed channel views, quarter net change"
Q3_2023,pheelz,Pheelz,domestic,2965074,11473753,16128,124533.11,45895.01,387.07,170815.19,37359.93,208175.12,312262686.6,0.126611,26357.35,181817.77,272726654.59,observed: artist's own Nigerian share of listeners this quarter,OBS,"observed channel views, quarter net change"
Q4_2023,pheelz,Pheelz,domestic,2647170,14992686,17898,111181.14,59970.74,429.55,171581.44,33354.34,204935.78,307403667.0,0.192645,39479.81,165455.96,248183947.01,observed: artist's own Nigerian share of listeners this quarter,OBS,"observed channel views, quarter net change"
Q1_2024,pheelz,Pheelz,domestic,3520902,11755324,20066,147877.88,47021.3,481.58,195380.76,44363.37,239744.13,359616193.8,0.124602,29872.7,209871.43,314807139.19,observed: artist's own Nigerian share of listeners this quarter,OBS,"observed channel views, quarter net change"
Q2_2024,pheelz,Pheelz,domestic,2716175,8217110,22248,114079.35,32868.44,533.95,147481.74,34223.81,181705.55,272558320.5,0.206689,37556.59,144148.96,216223433.19,observed: artist's own Nigerian share of listeners this quarter,OBS,"observed channel views, quarter net change"
Q3_2024,pheelz,Pheelz,domestic,2731215,8546068,25667,114711.03,34184.27,616.01,149511.31,34413.31,183924.62,275886928.5,0.278176,51163.37,132761.25,199141877.71,observed: artist's own Nigerian share of listeners this quarter,OBS,"observed channel views, quarter net change"
Q4_2024,pheelz,Pheelz,domestic,2554626,13768366,27032,107294.29,55073.46,648.77,163016.52,32188.29,195204.81,292807217.4,0.355666,69427.77,125777.04,188665561.06,observed: artist's own Nigerian share of listeners this quarter,OBS,"observed channel views, quarter net change"
Q1_2025,pheelz,Pheelz,domestic,2126099,8177870,27956,89296.16,32711.48,670.94,122678.58,26788.85,149467.43,224201144.1,0.307875,46017.23,103450.2,155175293.8,observed: artist's own Nigerian share of listeners this quarter,OBS,"observed channel views, quarter net change"
Q2_2025,pheelz,Pheelz,domestic,2369804,8840430,28799,99531.77,35361.72,691.18,135584.66,29859.53,165444.19,248166291.6,0.326153,53960.19,111484.01,167226013.56,observed: artist's own Nigerian share of listeners this quarter,OBS,"observed channel views, quarter net change"
Q3_2025,pheelz,Pheelz,domestic,2521494,9416790,29626,105902.75,37667.16,711.02,144280.93,31770.82,176051.76,264077634.6,0.355216,62536.45,113515.3,170272953.07,observed: artist's own Nigerian share of listeners this quarter,OBS,"observed channel views, quarter net change"
Q4_2025,pheelz,Pheelz,domestic,2375937,6649460,30350,99789.35,26597.84,728.4,127115.59,29936.81,157052.4,235578600.3,0.383384,60211.33,96841.07,145261610.3,observed: artist's own Nigerian share of listeners this quarter,OBS,"observed channel views, quarter net change"
Q1_2026,pheelz,Pheelz,domestic,2159921,5736090,30916,90716.68,22944.36,741.98,114403.03,27215.0,141618.03,212427045.9,0.366182,51857.94,89760.09,134640136.87,observed: artist's own Nigerian share of listeners this quarter,OBS,"observed channel views, quarter net change"
Q2_2026,pheelz,Pheelz,domestic,2595271,7500108,31540,109001.38,30000.43,756.96,139758.77,32700.41,172459.19,258688782.9,0.39899,68809.48,103649.71,155474562.98,observed: artist's own Nigerian share of listeners this quarter,OBS,"observed channel views, quarter net change"
Q3_2026,pheelz,Pheelz,domestic,2651765,3268119,31811,111374.13,13072.48,763.46,125210.07,33412.24,158622.31,237933463.5,0.407152,64583.45,94038.86,141058295.03,observed: artist's own Nigerian share of listeners this quarter,OBS,"observed channel views, quarter net change"
Q1_2019,phyno,Phyno,domestic,0,0,10719,0.0,0.0,257.26,257.26,0.0,257.26,385884.0,,,,,not measured: provider published no geography this quarter,UNK,no YouTube presence observed
Q2_2019,phyno,Phyno,domestic,125993,0,11198,5291.71,0.0,268.75,5560.46,1587.51,7147.97,10721954.7,,,,,not measured: provider published no geography this quarter,UNK,no YouTube presence observed
Q3_2019,phyno,Phyno,domestic,129654,0,13010,5445.47,0.0,312.24,5757.71,1633.64,7391.35,11087022.6,,,,,not measured: provider published no geography this quarter,UNK,no YouTube presence observed
Q4_2019,phyno,Phyno,domestic,124438,0,17015,5226.4,0.0,408.36,5634.76,1567.92,7202.67,10804012.2,,,,,not measured: provider published no geography this quarter,UNK,no YouTube presence observed
Q1_2020,phyno,Phyno,domestic,118650,0,17998,4983.3,0.0,431.95,5415.25,1494.99,6910.24,10365363.0,,,,,not measured: provider published no geography this quarter,UNK,no YouTube presence observed
Q2_2020,phyno,Phyno,domestic,123409,0,18670,5183.18,0.0,448.08,5631.26,1554.95,7186.21,10779317.1,,,,,not measured: provider published no geography this quarter,UNK,no YouTube presence observed
Q3_2020,phyno,Phyno,domestic,143100,0,20154,6010.2,0.0,483.7,6493.9,1803.06,8296.96,12445434.0,,,,,not measured: provider published no geography this quarter,UNK,no YouTube presence observed
Q4_2020,phyno,Phyno,domestic,119734,0,22143,5028.83,0.0,531.43,5560.26,1508.65,7068.91,10603362.6,,,,,not measured: provider published no geography this quarter,UNK,no YouTube presence observed
Q1_2021,phyno,Phyno,domestic,138719,0,27744,5826.2,0.0,665.86,6492.05,1747.86,8239.91,12359870.1,0.202207,1666.17,6573.74,9860613.64,observed: artist's own Nigerian share of listeners this quarter,OBS,no YouTube presence observed
Q2_2021,phyno,Phyno,domestic,153205,0,29995,6434.61,0.0,719.88,7154.49,1930.38,9084.87,13627309.5,0.179336,1629.24,7455.63,11183445.2,observed: artist's own Nigerian share of listeners this quarter,OBS,no YouTube presence observed
Q3_2021,phyno,Phyno,domestic,168946,0,32250,7095.73,0.0,774.0,7869.73,2128.72,9998.45,14997677.4,0.194286,1942.56,8055.89,12083831.73,observed: artist's own Nigerian share of listeners this quarter,OBS,no YouTube presence observed
Q4_2021,phyno,Phyno,domestic,221015,0,34529,9282.63,0.0,828.7,10111.33,2784.79,12896.12,19344172.5,0.33215,4283.44,8612.67,12919008.87,observed: artist's own Nigerian share of listeners this quarter,OBS,no YouTube presence observed
Q1_2022,phyno,Phyno,domestic,203902,0,36227,8563.88,0.0,869.45,9433.33,2569.17,12002.5,18003745.8,0.260675,3128.75,8873.74,13310615.76,observed: artist's own Nigerian share of listeners this quarter,OBS,no YouTube presence observed
Q2_2022,phyno,Phyno,domestic,180993,0,36919,7601.71,0.0,886.06,8487.76,2280.51,10768.27,16152410.7,0.247678,2667.06,8101.21,12151821.86,observed: artist's own Nigerian share of listeners this quarter,OBS,no YouTube presence observed
Q3_2022,phyno,Phyno,domestic,226836,0,37237,9527.11,0.0,893.69,10420.8,2858.13,13278.93,19918400.4,0.193619,2571.05,10707.88,16061820.35,observed: artist's own Nigerian share of listeners this quarter,OBS,no YouTube presence observed
Q4_2022,phyno,Phyno,domestic,268149,0,37409,11262.26,0.0,897.82,12160.07,3378.68,15538.75,23308127.1,0.309779,4813.58,10725.17,16087759.62,observed: artist's own Nigerian share of listeners this quarter,OBS,no YouTube presence observed
Q1_2023,phyno,Phyno,domestic,386796,0,37588,16245.43,0.0,902.11,17147.54,4873.63,22021.17,33031760.4,0.326688,7194.05,14827.12,22240683.06,observed: artist's own Nigerian share of listeners this quarter,OBS,no YouTube presence observed
Q2_2023,phyno,Phyno,domestic,311106,0,37730,13066.45,0.0,905.52,13971.97,3919.94,17891.91,26837861.4,0.499628,8939.29,8952.61,13428920.05,observed: artist's own Nigerian share of listeners this quarter,OBS,no YouTube presence observed
Q3_2023,phyno,Phyno,domestic,613506,0,37855,25767.25,0.0,908.52,26675.77,7730.18,34405.95,51608921.4,0.437591,15055.74,19350.2,29025306.03,observed: artist's own Nigerian share of listeners this quarter,OBS,no YouTube presence observed
Q4_2023,phyno,Phyno,domestic,1221410,0,38046,51299.22,0.0,913.1,52212.32,15389.77,67602.09,101403135.0,0.536829,36290.74,31311.35,46967025.1,observed: artist's own Nigerian share of listeners this quarter,OBS,no YouTube presence observed
Q1_2024,phyno,Phyno,domestic,1187575,0,38380,49878.15,0.0,921.12,50799.27,14963.44,65762.71,98644072.5,0.443468,29163.64,36599.08,54898616.3,observed: artist's own Nigerian share of listeners this quarter,OBS,no YouTube presence observed
Q2_2024,phyno,Phyno,domestic,1076002,2366673,38695,45192.08,9466.69,928.68,55587.46,13557.63,69145.08,103717621.8,0.589639,40770.62,28374.46,42561697.05,observed: artist's own Nigerian share of listeners this quarter,OBS,"observed channel views, quarter net change"
Q3_2024,phyno,Phyno,domestic,884682,7403910,38842,37156.64,29615.64,932.21,67704.49,11146.99,78851.49,118277227.8,0.638924,50380.15,28471.34,42707009.77,observed: artist's own Nigerian share of listeners this quarter,OBS,"observed channel views, quarter net change"
Q4_2024,phyno,Phyno,domestic,1235355,18703673,39062,51884.91,74814.69,937.49,127637.09,15565.47,143202.56,214803844.5,0.722769,103502.35,39700.21,59550316.44,observed: artist's own Nigerian share of listeners this quarter,OBS,"observed channel views, quarter net change"
Q1_2025,phyno,Phyno,domestic,1266479,9827100,39239,53192.12,39308.4,941.74,93442.25,15957.64,109399.89,164099834.1,0.902889,98775.96,10623.93,15935893.53,observed: artist's own Nigerian share of listeners this quarter,OBS,"observed channel views, quarter net change"
Q2_2025,phyno,Phyno,domestic,1352746,11017790,39395,56815.33,44071.16,945.48,101831.97,17044.6,118876.57,178314857.4,0.811973,96524.55,22352.03,33528037.73,observed: artist's own Nigerian share of listeners this quarter,OBS,"observed channel views, quarter net change"
Q3_2025,phyno,Phyno,domestic,1311207,11398600,39595,55070.69,45594.4,950.28,101615.37,16521.21,118136.58,177204873.3,0.846526,100005.74,18130.84,27196258.91,observed: artist's own Nigerian share of listeners this quarter,OBS,"observed channel views, quarter net change"
Q4_2025,phyno,Phyno,domestic,1588743,14320160,41,66727.21,57280.64,0.98,124008.83,20018.16,144026.99,216040487.7,0.933254,134413.8,9613.2,14419794.19,observed: artist's own Nigerian share of listeners this quarter,OBS,"observed channel views, quarter net change"
Q1_2026,phyno,Phyno,domestic,1729562,12078490,41,72641.6,48313.96,0.98,120956.55,21792.48,142749.03,214123543.8,0.405047,57820.1,84928.93,127393394.64,assumed: portfolio-wide ratio applied to an artist without own geography,ASM,"observed channel views, quarter net change"
Q2_2026,phyno,Phyno,domestic,1503540,13426259,40281,63148.68,53705.04,966.74,117820.46,18944.6,136765.06,205147596.0,0.401327,54887.54,81877.52,122816281.23,assumed: portfolio-wide ratio applied to an artist without own geography,ASM,"observed channel views, quarter net change"
Q3_2026,phyno,Phyno,domestic,1612085,30870000,40412,67707.57,123480.0,969.89,192157.46,20312.27,212469.73,318704593.5,0.404638,85973.33,126496.4,189744598.02,assumed: portfolio-wide ratio applied to an artist without own geography,ASM,"estimated: subscribers x 15 views/month (EST, first-submission methodology)"
Q1_2025,portable,Portable,domestic,319695,1708772,634,13427.19,6835.09,15.22,20277.49,4028.16,24305.65,36458476.5,0.766667,18634.33,5671.32,8506977.85,observed: artist's own Nigerian share of listeners this quarter,OBS,"observed channel views, quarter net change"
Q2_2025,portable,Portable,domestic,558408,1882136,638,23453.14,7528.54,15.31,30996.99,7035.94,38032.93,57049399.2,0.791855,30116.58,7916.36,11874535.58,observed: artist's own Nigerian share of listeners this quarter,OBS,"observed channel views, quarter net change"
Q3_2025,portable,Portable,domestic,490327,1747358,653,20593.73,6989.43,15.67,27598.84,6178.12,33776.96,50665437.3,0.755556,25520.37,8256.59,12384884.67,observed: artist's own Nigerian share of listeners this quarter,OBS,"observed channel views, quarter net change"
Q4_2025,portable,Portable,domestic,438705,3165064,662,18425.61,12660.26,15.89,31101.75,5527.68,36629.44,54944155.5,0.82,30036.14,6593.3,9889947.99,observed: artist's own Nigerian share of listeners this quarter,OBS,"observed channel views, quarter net change"
Q1_2026,portable,Portable,domestic,447180,2445836,665,18781.56,9783.34,15.96,28580.86,5634.47,34215.33,51322998.0,0.800303,27382.62,6832.71,10249070.7,observed: artist's own Nigerian share of listeners this quarter,OBS,"observed channel views, quarter net change"
Q1_2019,praiz,Praiz,domestic,0,0,1162,0.0,0.0,27.89,27.89,0.0,27.89,41832.0,,,,,not measured: provider published no geography this quarter,UNK,no YouTube presence observed
Q2_2019,praiz,Praiz,domestic,87177,0,1175,3661.43,0.0,28.2,3689.63,1098.43,4788.06,7182096.3,,,,,not measured: provider published no geography this quarter,UNK,no YouTube presence observed
Q3_2019,praiz,Praiz,domestic,112170,0,1191,4711.14,0.0,28.58,4739.72,1413.34,6153.07,9229599.0,,,,,not measured: provider published no geography this quarter,UNK,no YouTube presence observed
Q4_2019,praiz,Praiz,domestic,117681,0,1220,4942.6,0.0,29.28,4971.88,1482.78,6454.66,9681993.9,,,,,not measured: provider published no geography this quarter,UNK,no YouTube presence observed
Q1_2020,praiz,Praiz,domestic,111247,0,1253,4672.37,0.0,30.07,4702.45,1401.71,6104.16,9156237.3,,,,,not measured: provider published no geography this quarter,UNK,no YouTube presence observed
Q2_2020,praiz,Praiz,domestic,135673,0,1279,5698.27,0.0,30.7,5728.96,1709.48,7438.44,11157662.7,,,,,not measured: provider published no geography this quarter,UNK,no YouTube presence observed
Q3_2020,praiz,Praiz,domestic,118857,0,1331,4991.99,0.0,31.94,5023.94,1497.6,6521.54,9782304.3,,,,,not measured: provider published no geography this quarter,UNK,no YouTube presence observed
Q4_2020,praiz,Praiz,domestic,106580,0,1363,4476.36,0.0,32.71,4509.07,1342.91,5851.98,8777970.0,,,,,not measured: provider published no geography this quarter,UNK,no YouTube presence observed
Q1_2021,praiz,Praiz,domestic,99780,0,1380,4190.76,0.0,33.12,4223.88,1257.23,5481.11,8221662.0,0.014953,81.96,5399.15,8098724.34,observed: artist's own Nigerian share of listeners this quarter,OBS,no YouTube presence observed
Q2_2021,praiz,Praiz,domestic,109251,0,1400,4588.54,0.0,33.6,4622.14,1376.56,5998.7,8998056.9,0.01338,80.27,5918.44,8877659.16,observed: artist's own Nigerian share of listeners this quarter,OBS,no YouTube presence observed
Q3_2021,praiz,Praiz,domestic,133874,0,1415,5622.71,0.0,33.96,5656.67,1686.81,7343.48,11015220.6,0.015414,113.19,7230.29,10845434.45,observed: artist's own Nigerian share of listeners this quarter,OBS,no YouTube presence observed
Q4_2021,praiz,Praiz,domestic,150845,0,1423,6335.49,0.0,34.15,6369.64,1900.65,8270.29,12405433.5,0.025413,210.17,8060.12,12090175.23,observed: artist's own Nigerian share of listeners this quarter,OBS,no YouTube presence observed
Q1_2022,praiz,Praiz,domestic,245284,0,1441,10301.93,0.0,34.58,10336.51,3090.58,13427.09,20140635.6,0.021896,294.0,13133.09,19699629.18,observed: artist's own Nigerian share of listeners this quarter,OBS,no YouTube presence observed
Q2_2022,praiz,Praiz,domestic,327051,0,1454,13736.14,0.0,34.9,13771.04,4120.84,17891.88,26837820.9,0.023615,422.52,17469.36,26204044.44,observed: artist's own Nigerian share of listeners this quarter,OBS,no YouTube presence observed
Q3_2022,praiz,Praiz,domestic,408786,0,1464,17169.01,0.0,35.14,17204.15,5150.7,22354.85,33532277.4,0.022999,514.13,21840.72,32761079.51,observed: artist's own Nigerian share of listeners this quarter,OBS,no YouTube presence observed
Q4_2022,praiz,Praiz,domestic,479316,0,1474,20131.27,0.0,35.38,20166.65,6039.38,26206.03,39309044.4,0.026904,705.05,25500.98,38251470.05,observed: artist's own Nigerian share of listeners this quarter,OBS,no YouTube presence observed
Q1_2023,praiz,Praiz,domestic,518645,0,1494,21783.09,0.0,35.86,21818.95,6534.93,28353.87,42530809.5,0.030716,870.91,27482.96,41224442.65,observed: artist's own Nigerian share of listeners this quarter,OBS,no YouTube presence observed
Q2_2023,praiz,Praiz,domestic,655166,0,1503,27516.97,0.0,36.07,27553.04,8255.09,35808.14,53712203.4,0.030059,1076.34,34731.79,52097687.78,observed: artist's own Nigerian share of listeners this quarter,OBS,no YouTube presence observed
Q3_2023,praiz,Praiz,domestic,455926,0,1514,19148.89,0.0,36.34,19185.23,5744.67,24929.9,37394843.4,0.033924,845.72,24084.17,36126256.4,observed: artist's own Nigerian share of listeners this quarter,OBS,no YouTube presence observed
Q4_2023,praiz,Praiz,domestic,320282,0,1536,13451.84,0.0,36.86,13488.71,4035.55,17524.26,26286391.8,0.079181,1387.59,16136.67,24205008.02,observed: artist's own Nigerian share of listeners this quarter,OBS,no YouTube presence observed
Q1_2024,praiz,Praiz,domestic,299614,0,1550,12583.79,0.0,37.2,12620.99,3775.14,16396.12,24594186.6,0.079361,1301.21,15094.92,22642379.07,observed: artist's own Nigerian share of listeners this quarter,OBS,no YouTube presence observed
Q2_2024,praiz,Praiz,domestic,237087,46228,1558,9957.65,184.91,37.39,10179.96,2987.3,13167.25,19750881.3,0.095132,1252.63,11914.62,17871935.25,observed: artist's own Nigerian share of listeners this quarter,OBS,"observed channel views, quarter net change"
Q3_2024,praiz,Praiz,domestic,219884,594000,1564,9235.13,2376.0,37.54,11648.66,2770.54,14419.2,21628803.6,0.13575,1957.41,12461.79,18692683.65,observed: artist's own Nigerian share of listeners this quarter,OBS,"estimated: subscribers x 15 views/month (EST, first-submission methodology)"
Q4_2024,praiz,Praiz,domestic,259821,124159,1577,10912.48,496.64,37.85,11446.97,3273.74,14720.71,22081065.9,0.127856,1882.14,12838.57,19257860.6,observed: artist's own Nigerian share of listeners this quarter,OBS,"observed channel views, quarter net change"
Q1_2025,praiz,Praiz,domestic,214656,167482,1589,9015.55,669.93,38.14,9723.62,2704.67,12428.28,18642422.4,0.189658,2357.12,10071.16,15106742.55,observed: artist's own Nigerian share of listeners this quarter,OBS,"observed channel views, quarter net change"
Q2_2025,praiz,Praiz,domestic,221975,133269,1597,9322.95,533.08,38.33,9894.35,2796.89,12691.24,19036858.5,0.230361,2923.57,9767.67,14651509.65,observed: artist's own Nigerian share of listeners this quarter,OBS,"observed channel views, quarter net change"
Q3_2025,praiz,Praiz,domestic,243066,136135,1614,10208.77,544.54,38.74,10792.05,3062.63,13854.68,20782019.4,0.317425,4397.83,9456.85,14185279.96,observed: artist's own Nigerian share of listeners this quarter,OBS,"observed channel views, quarter net change"
Q4_2025,praiz,Praiz,domestic,246309,140403,1637,10344.98,561.61,39.29,10945.88,3103.49,14049.37,21074057.1,0.339672,4772.18,9277.19,13915790.25,observed: artist's own Nigerian share of listeners this quarter,OBS,"observed channel views, quarter net change"
Q1_2026,praiz,Praiz,domestic,247681,643500,1653,10402.6,2574.0,39.67,13016.27,3120.78,16137.05,24205581.9,0.346902,5597.97,10539.08,15808623.39,observed: artist's own Nigerian share of listeners this quarter,OBS,"estimated: subscribers x 15 views/month (EST, first-submission methodology)"
Q2_2026,praiz,Praiz,domestic,315855,33,1685,13265.91,0.13,40.44,13306.48,3979.77,17286.26,25929382.5,0.26049,4502.89,12783.36,19175043.31,observed: artist's own Nigerian share of listeners this quarter,OBS,"observed channel views, quarter net change"
Q3_2026,praiz,Praiz,domestic,357651,0,1704,15021.34,0.0,40.9,15062.24,4506.4,19568.64,29352960.9,0.288354,5642.69,13925.95,20888927.52,observed: artist's own Nigerian share of listeners this quarter,OBS,no YouTube presence observed
Q1_2019,prettyboy-d-o,Prettyboy D-O,domestic,0,0,27,0.0,0.0,0.65,0.65,0.0,0.65,972.0,,,,,not measured: provider published no geography this quarter,UNK,no YouTube presence observed
Q2_2019,prettyboy-d-o,Prettyboy D-O,domestic,17938,0,58,753.4,0.0,1.39,754.79,226.02,980.81,1471210.2,,,,,not measured: provider published no geography this quarter,UNK,no YouTube presence observed
Q3_2019,prettyboy-d-o,Prettyboy D-O,domestic,30973,0,76,1300.87,0.0,1.82,1302.69,390.26,1692.95,2539424.7,,,,,not measured: provider published no geography this quarter,UNK,no YouTube presence observed
Q4_2019,prettyboy-d-o,Prettyboy D-O,domestic,24528,0,110,1030.18,0.0,2.64,1032.82,309.05,1341.87,2012803.2,,,,,not measured: provider published no geography this quarter,UNK,no YouTube presence observed
Q1_2020,prettyboy-d-o,Prettyboy D-O,domestic,18354,0,180,770.87,0.0,4.32,775.19,231.26,1006.45,1509672.6,,,,,not measured: provider published no geography this quarter,UNK,no YouTube presence observed
Q2_2020,prettyboy-d-o,Prettyboy D-O,domestic,65830,0,295,2764.86,0.0,7.08,2771.94,829.46,3601.4,5402097.0,,,,,not measured: provider published no geography this quarter,UNK,no YouTube presence observed
Q3_2020,prettyboy-d-o,Prettyboy D-O,domestic,49013,0,457,2058.55,0.0,10.97,2069.51,617.56,2687.08,4030616.7,,,,,not measured: provider published no geography this quarter,UNK,no YouTube presence observed
Q4_2020,prettyboy-d-o,Prettyboy D-O,domestic,50414,0,672,2117.39,0.0,16.13,2133.52,635.22,2768.73,4153098.6,,,,,not measured: provider published no geography this quarter,UNK,no YouTube presence observed
Q1_2021,prettyboy-d-o,Prettyboy D-O,domestic,58851,0,907,2471.74,0.0,21.77,2493.51,741.52,3235.03,4852548.9,0.114544,370.55,2864.48,4296720.93,observed: artist's own Nigerian share of listeners this quarter,OBS,no YouTube presence observed
Q2_2021,prettyboy-d-o,Prettyboy D-O,domestic,66624,0,1086,2798.21,0.0,26.06,2824.27,839.46,3663.73,5495601.6,0.106332,389.57,3274.16,4911243.13,observed: artist's own Nigerian share of listeners this quarter,OBS,no YouTube presence observed
Q3_2021,prettyboy-d-o,Prettyboy D-O,domestic,89117,0,1223,3742.91,0.0,29.35,3772.27,1122.87,4895.14,7342710.3,0.093031,455.4,4439.74,6659610.08,observed: artist's own Nigerian share of listeners this quarter,OBS,no YouTube presence observed
Q4_2021,prettyboy-d-o,Prettyboy D-O,domestic,88016,340718,1287,3696.67,1362.87,30.89,5090.43,1109.0,6199.43,9299150.4,0.120362,746.18,5453.26,8179887.18,observed: artist's own Nigerian share of listeners this quarter,OBS,"observed channel views, quarter net change"
Q1_2022,prettyboy-d-o,Prettyboy D-O,domestic,74288,258879,1369,3120.1,1035.52,32.86,4188.47,936.03,5124.5,7686745.2,0.136489,699.44,4425.06,6637589.26,observed: artist's own Nigerian share of listeners this quarter,OBS,"observed channel views, quarter net change"
Q2_2022,prettyboy-d-o,Prettyboy D-O,domestic,79524,114765,1423,3340.01,459.06,34.15,3833.22,1002.0,4835.22,7252833.6,0.140046,677.15,4158.07,6237102.06,observed: artist's own Nigerian share of listeners this quarter,OBS,"observed channel views, quarter net change"
Q3_2022,prettyboy-d-o,Prettyboy D-O,domestic,344194,109450,1434,14456.15,437.8,34.42,14928.36,4336.84,19265.21,28897812.6,0.04058,781.78,18483.43,27725139.78,observed: artist's own Nigerian share of listeners this quarter,OBS,"observed channel views, quarter net change"
Q4_2022,prettyboy-d-o,Prettyboy D-O,domestic,190853,113603,1437,8015.83,454.41,34.49,8504.73,2404.75,10909.47,16364210.7,0.047946,523.06,10386.41,15579619.11,observed: artist's own Nigerian share of listeners this quarter,OBS,"observed channel views, quarter net change"
Q1_2023,prettyboy-d-o,Prettyboy D-O,domestic,160766,97977,1439,6752.17,391.91,34.54,7178.62,2025.65,9204.27,13806401.4,0.083923,772.45,8431.81,12647720.19,observed: artist's own Nigerian share of listeners this quarter,OBS,"observed channel views, quarter net change"
Q2_2023,prettyboy-d-o,Prettyboy D-O,domestic,136461,203150,1458,5731.36,812.6,34.99,6578.95,1719.41,8298.36,12447543.9,0.164298,1363.41,6934.95,10402432.5,observed: artist's own Nigerian share of listeners this quarter,OBS,"observed channel views, quarter net change"
Q3_2023,prettyboy-d-o,Prettyboy D-O,domestic,96671,65566,1461,4060.18,262.26,35.06,4357.51,1218.05,5575.56,8363346.9,0.197982,1103.86,4471.7,6707556.6,observed: artist's own Nigerian share of listeners this quarter,OBS,"observed channel views, quarter net change"
Q4_2023,prettyboy-d-o,Prettyboy D-O,domestic,94008,280540,1472,3948.34,1122.16,35.33,5105.82,1184.5,6290.32,9435487.2,0.198936,1251.37,5038.95,7558426.15,observed: artist's own Nigerian share of listeners this quarter,OBS,"observed channel views, quarter net change"
Q1_2024,prettyboy-d-o,Prettyboy D-O,domestic,116522,119344,1479,4893.92,477.38,35.5,5406.8,1468.18,6874.97,10312459.8,0.366338,2518.56,4356.41,6534616.32,observed: artist's own Nigerian share of listeners this quarter,OBS,"observed channel views, quarter net change"
Q2_2024,prettyboy-d-o,Prettyboy D-O,domestic,125065,40926,1485,5252.73,163.7,35.64,5452.07,1575.82,7027.89,10541839.5,0.443256,3115.16,3912.74,5869105.91,observed: artist's own Nigerian share of listeners this quarter,OBS,"observed channel views, quarter net change"
Q3_2024,prettyboy-d-o,Prettyboy D-O,domestic,75506,82580,1487,3171.25,330.32,35.69,3537.26,951.38,4488.64,6732953.4,0.450997,2024.36,2464.27,3696409.79,observed: artist's own Nigerian share of listeners this quarter,OBS,"observed channel views, quarter net change"
Q4_2024,prettyboy-d-o,Prettyboy D-O,domestic,70411,41746,1489,2957.26,166.98,35.74,3159.98,887.18,4047.16,6070740.9,0.473448,1916.12,2131.04,3196559.3,observed: artist's own Nigerian share of listeners this quarter,OBS,"observed channel views, quarter net change"
Q1_2025,prettyboy-d-o,Prettyboy D-O,domestic,77520,60768,1490,3255.84,243.07,35.76,3534.67,976.75,4511.42,6767136.0,0.574747,2592.93,1918.5,2877742.82,observed: artist's own Nigerian share of listeners this quarter,OBS,"observed channel views, quarter net change"
Q2_2025,prettyboy-d-o,Prettyboy D-O,domestic,95090,88933,1490,3993.78,355.73,35.76,4385.27,1198.13,5583.41,8375109.0,0.558566,3118.7,2464.71,3697061.47,observed: artist's own Nigerian share of listeners this quarter,OBS,"observed channel views, quarter net change"
Q3_2025,prettyboy-d-o,Prettyboy D-O,domestic,69152,96230,1492,2904.38,384.92,35.81,3325.11,871.32,4196.43,6294640.8,0.527727,2214.57,1981.86,2972790.53,observed: artist's own Nigerian share of listeners this quarter,OBS,"observed channel views, quarter net change"
Q4_2025,prettyboy-d-o,Prettyboy D-O,domestic,107810,112452,1495,4528.02,449.81,35.88,5013.71,1358.41,6372.11,9558171.0,0.644361,4105.94,2266.17,3399259.24,observed: artist's own Nigerian share of listeners this quarter,OBS,"observed channel views, quarter net change"
Q1_2026,prettyboy-d-o,Prettyboy D-O,domestic,96203,57149,1502,4040.53,228.6,36.05,4305.17,1212.16,5517.33,8275991.7,0.637851,3519.23,1998.09,2997142.31,observed: artist's own Nigerian share of listeners this quarter,OBS,"observed channel views, quarter net change"
Q2_2026,prettyboy-d-o,Prettyboy D-O,domestic,80215,96147,1522,3369.03,384.59,36.53,3790.15,1010.71,4800.86,7201282.5,0.589104,2828.2,1972.65,2958976.14,observed: artist's own Nigerian share of listeners this quarter,OBS,"observed channel views, quarter net change"
Q3_2026,prettyboy-d-o,Prettyboy D-O,domestic,77629,100864,1523,3260.42,403.46,36.55,3700.43,978.13,4678.55,7017827.1,0.573149,2681.51,1997.04,2995565.04,observed: artist's own Nigerian share of listeners this quarter,OBS,"observed channel views, quarter net change"
Q4_2022,qing-madi,Qing Madi,domestic,26543,0,32,1114.81,0.0,0.77,1115.57,334.44,1450.02,2175023.7,0.640181,928.27,521.74,782615.01,observed: artist's own Nigerian share of listeners this quarter,OBS,no YouTube presence observed
Q1_2023,qing-madi,Qing Madi,domestic,108303,0,56,4548.73,0.0,1.34,4550.07,1364.62,5914.69,8872031.7,0.418017,2472.44,3442.25,5163373.54,observed: artist's own Nigerian share of listeners this quarter,OBS,no YouTube presence observed
Q2_2023,qing-madi,Qing Madi,domestic,75549,0,69,3173.06,0.0,1.66,3174.71,951.92,4126.63,6189947.1,0.521422,2151.72,1974.92,2962372.94,observed: artist's own Nigerian share of listeners this quarter,OBS,no YouTube presence observed
Q3_2023,qing-madi,Qing Madi,domestic,659104,0,140,27682.37,0.0,3.36,27685.73,8304.71,35990.44,53985657.6,0.586394,21104.56,14885.87,22328810.63,observed: artist's own Nigerian share of listeners this quarter,OBS,no YouTube presence observed
Q4_2023,qing-madi,Qing Madi,domestic,739313,0,271,31051.15,0.0,6.5,31057.65,9315.34,40372.99,60559490.7,0.548958,22163.07,18209.92,27314886.9,observed: artist's own Nigerian share of listeners this quarter,OBS,no YouTube presence observed
Q1_2024,qing-madi,Qing Madi,domestic,1516001,5220000,764,63672.04,20880.0,18.34,84570.38,19101.61,103671.99,155507985.9,0.448968,46545.36,57126.63,85689949.49,observed: artist's own Nigerian share of listeners this quarter,OBS,"estimated: subscribers x 15 views/month (EST, first-submission methodology)"
Q2_2024,qing-madi,Qing Madi,domestic,2206141,14783568,994,92657.92,59134.27,23.86,151816.05,27797.38,179613.43,269420139.9,0.455048,81732.78,97880.64,146820963.98,observed: artist's own Nigerian share of listeners this quarter,OBS,"observed channel views, quarter net change"
Q3_2024,qing-madi,Qing Madi,domestic,1662943,17898929,1172,69843.61,71595.72,28.13,141467.45,20953.08,162420.53,243630797.7,0.501605,81470.96,80949.58,121424364.85,observed: artist's own Nigerian share of listeners this quarter,OBS,"observed channel views, quarter net change"
Q4_2024,qing-madi,Qing Madi,domestic,1895041,17640126,1322,79591.72,70560.5,31.73,150183.95,23877.52,174061.47,261092205.9,0.565589,98447.31,75614.16,113421235.9,observed: artist's own Nigerian share of listeners this quarter,OBS,"observed channel views, quarter net change"
Q1_2025,qing-madi,Qing Madi,domestic,1486586,15174040,1627,62436.61,60696.16,39.05,123171.82,18730.98,141902.8,212854205.4,0.568473,80667.89,61234.91,91852367.1,observed: artist's own Nigerian share of listeners this quarter,OBS,"observed channel views, quarter net change"
Q2_2025,qing-madi,Qing Madi,domestic,1790142,14477010,1878,75185.96,57908.04,45.07,133139.08,22555.79,155694.87,233542297.8,0.491056,76454.94,79239.92,118859885.28,observed: artist's own Nigerian share of listeners this quarter,OBS,"observed channel views, quarter net change"
Q3_2025,qing-madi,Qing Madi,domestic,1794084,14869590,2155,75351.53,59478.36,51.72,134881.61,22605.46,157487.07,236230599.6,0.52535,82735.89,74751.18,112126766.98,observed: artist's own Nigerian share of listeners this quarter,OBS,"observed channel views, quarter net change"
Q4_2025,qing-madi,Qing Madi,domestic,1748238,15653810,2450,73426.0,62615.24,58.8,136100.04,22027.8,158127.83,237191752.2,0.542953,85856.01,72271.83,108407743.68,observed: artist's own Nigerian share of listeners this quarter,OBS,"observed channel views, quarter net change"
Q1_2026,qing-madi,Qing Madi,domestic,1755636,14885280,2697,73736.71,59541.12,64.73,133342.56,22121.01,155463.57,233195360.4,0.654867,101807.95,53655.63,80483440.01,observed: artist's own Nigerian share of listeners this quarter,OBS,"observed channel views, quarter net change"
Q2_2026,qing-madi,Qing Madi,domestic,1882983,14643747,3054,79085.29,58574.99,73.3,137733.57,23725.59,161459.16,242188733.7,0.722882,116715.88,44743.28,67114919.85,observed: artist's own Nigerian share of listeners this quarter,OBS,"observed channel views, quarter net change"
Q3_2026,qing-madi,Qing Madi,domestic,1694335,7619271,3203,71162.07,30477.08,76.87,101716.03,21348.62,123064.65,184596970.5,0.672596,82772.79,40291.85,60437780.39,observed: artist's own Nigerian share of listeners this quarter,OBS,"observed channel views, quarter net change"
Q1_2019,reekado-banks,Reekado Banks,domestic,0,4966335,3805,0.0,19865.34,91.32,19956.66,0.0,19956.66,29934990.0,,,,,not measured: provider published no geography this quarter,UNK,"estimated: subscribers x 15 views/month (EST, first-submission methodology)"
Q2_2019,reekado-banks,Reekado Banks,domestic,150196,5670000,4387,6308.23,22680.0,105.29,29093.52,1892.47,30985.99,46478984.4,,,,,not measured: provider published no geography this quarter,UNK,"estimated: subscribers x 15 views/month (EST, first-submission methodology)"
Q3_2019,reekado-banks,Reekado Banks,domestic,185151,6660000,6881,7776.34,26640.0,165.14,34581.49,2332.9,36914.39,55371582.9,,,,,not measured: provider published no geography this quarter,UNK,"estimated: subscribers x 15 views/month (EST, first-submission methodology)"
Q4_2019,reekado-banks,Reekado Banks,domestic,269953,8730000,14752,11338.03,34920.0,354.05,46612.07,3401.41,50013.48,75020222.7,,,,,not measured: provider published no geography this quarter,UNK,"estimated: subscribers x 15 views/month (EST, first-submission methodology)"
Q1_2020,reekado-banks,Reekado Banks,domestic,244769,10125000,23019,10280.3,40500.0,552.46,51332.75,3084.09,54416.84,81625265.1,,,,,not measured: provider published no geography this quarter,UNK,"estimated: subscribers x 15 views/month (EST, first-submission methodology)"
Q2_2020,reekado-banks,Reekado Banks,domestic,430896,11475000,31756,18097.63,45900.0,762.14,64759.78,5429.29,70189.07,105283598.4,,,,,not measured: provider published no geography this quarter,UNK,"estimated: subscribers x 15 views/month (EST, first-submission methodology)"
Q3_2020,reekado-banks,Reekado Banks,domestic,258644,12465000,43080,10863.05,49860.0,1033.92,61756.97,3258.91,65015.88,97523823.6,,,,,not measured: provider published no geography this quarter,UNK,"estimated: subscribers x 15 views/month (EST, first-submission methodology)"
Q4_2020,reekado-banks,Reekado Banks,domestic,282961,13365000,52123,11884.36,53460.0,1250.95,66595.31,3565.31,70160.62,105240933.9,,,,,not measured: provider published no geography this quarter,UNK,"estimated: subscribers x 15 views/month (EST, first-submission methodology)"
Q1_2021,reekado-banks,Reekado Banks,domestic,261279,14130000,55169,10973.72,56520.0,1324.06,68817.77,3292.12,72109.89,108164834.1,0.06717,4843.59,67266.3,100899447.91,observed: artist's own Nigerian share of listeners this quarter,OBS,"estimated: subscribers x 15 views/month (EST, first-submission methodology)"
Q2_2021,reekado-banks,Reekado Banks,domestic,269065,14670000,55888,11300.73,58680.0,1341.31,71322.04,3390.22,74712.26,112068391.5,0.043048,3216.22,71496.05,107244068.77,observed: artist's own Nigerian share of listeners this quarter,OBS,"estimated: subscribers x 15 views/month (EST, first-submission methodology)"
Q3_2021,reekado-banks,Reekado Banks,domestic,262386,388244,57189,11020.21,1552.98,1372.54,13945.72,3306.06,17251.79,25877681.4,0.06254,1078.93,16172.85,24259279.02,observed: artist's own Nigerian share of listeners this quarter,OBS,"observed channel views, quarter net change"
Q4_2021,reekado-banks,Reekado Banks,domestic,509408,9955624,62294,21395.14,39822.5,1495.06,62712.69,6418.54,69131.23,103696843.2,0.196947,13615.18,55516.05,83274075.15,observed: artist's own Nigerian share of listeners this quarter,OBS,"observed channel views, quarter net change"
Q1_2022,reekado-banks,Reekado Banks,domestic,675016,10433205,69834,28350.67,41732.82,1676.02,71759.51,8505.2,80264.71,120397064.4,0.168159,13497.25,66767.46,100151193.63,observed: artist's own Nigerian share of listeners this quarter,OBS,"observed channel views, quarter net change"
Q2_2022,reekado-banks,Reekado Banks,domestic,461674,6855003,72820,19390.31,27420.01,1747.68,48558.0,5817.09,54375.09,81562638.6,0.179868,9780.34,44594.75,66892124.92,observed: artist's own Nigerian share of listeners this quarter,OBS,"observed channel views, quarter net change"
Q3_2022,reekado-banks,Reekado Banks,domestic,404735,5568844,73586,16998.87,22275.38,1766.06,41040.31,5099.66,46139.97,69209956.5,0.163516,7544.63,38595.34,57893013.34,observed: artist's own Nigerian share of listeners this quarter,OBS,"observed channel views, quarter net change"
Q4_2022,reekado-banks,Reekado Banks,domestic,621923,7330781,73758,26120.77,29323.12,1770.19,57214.08,7836.23,65050.31,97575467.7,0.146771,9547.48,55502.83,83254246.91,observed: artist's own Nigerian share of listeners this quarter,OBS,"observed channel views, quarter net change"
Q1_2023,reekado-banks,Reekado Banks,domestic,429135,5158523,73890,18023.67,20634.09,1773.36,40431.12,5407.1,45838.22,68757334.5,0.19609,8988.41,36849.82,55274724.18,observed: artist's own Nigerian share of listeners this quarter,OBS,"observed channel views, quarter net change"
Q2_2023,reekado-banks,Reekado Banks,domestic,811069,5086893,74007,34064.9,20347.57,1776.17,56188.64,10219.47,66408.11,99612161.1,0.200474,13313.1,53095.01,79642510.18,observed: artist's own Nigerian share of listeners this quarter,OBS,"observed channel views, quarter net change"
Q3_2023,reekado-banks,Reekado Banks,domestic,690886,5103194,74130,29017.21,20412.78,1779.12,51209.11,8705.16,59914.27,89871407.4,0.306234,18347.78,41566.5,62349742.78,observed: artist's own Nigerian share of listeners this quarter,OBS,"observed channel views, quarter net change"
Q4_2023,reekado-banks,Reekado Banks,domestic,861099,5046383,74473,36166.16,20185.53,1787.35,58139.04,10849.85,68988.89,103483334.1,0.298925,20622.48,48366.41,72549610.1,observed: artist's own Nigerian share of listeners this quarter,OBS,"observed channel views, quarter net change"
Q1_2024,reekado-banks,Reekado Banks,domestic,829809,5205499,74588,34851.98,20822.0,1790.11,57464.09,10455.59,67919.68,101879519.1,0.383396,26040.11,41879.57,62819357.89,observed: artist's own Nigerian share of listeners this quarter,OBS,"observed channel views, quarter net change"
Q2_2024,reekado-banks,Reekado Banks,domestic,861812,7155669,74687,36196.1,28622.68,1792.49,66611.27,10858.83,77470.1,116205148.8,0.375102,29059.2,48410.9,72616352.56,observed: artist's own Nigerian share of listeners this quarter,OBS,"observed channel views, quarter net change"
Q3_2024,reekado-banks,Reekado Banks,domestic,898584,7429879,74772,37740.53,29719.52,1794.53,69254.57,11322.16,80576.73,120865095.6,0.306702,24713.06,55863.67,83795509.64,observed: artist's own Nigerian share of listeners this quarter,OBS,"observed channel views, quarter net change"
Q4_2024,reekado-banks,Reekado Banks,domestic,765930,7840127,74836,32169.06,31360.51,1796.06,65325.63,9650.72,74976.35,112464525.0,0.505766,37920.52,37055.83,55583744.96,observed: artist's own Nigerian share of listeners this quarter,OBS,"observed channel views, quarter net change"
Q1_2025,reekado-banks,Reekado Banks,domestic,723123,5927870,74939,30371.17,23711.48,1798.54,55881.18,9111.35,64992.53,97488797.7,0.568975,36979.13,28013.4,42020096.75,observed: artist's own Nigerian share of listeners this quarter,OBS,"observed channel views, quarter net change"
Q2_2025,reekado-banks,Reekado Banks,domestic,841476,6906090,75027,35341.99,27624.36,1800.65,64767.0,10602.6,75369.6,113054396.4,0.651681,49116.94,26252.66,39378983.71,observed: artist's own Nigerian share of listeners this quarter,OBS,"observed channel views, quarter net change"
Q3_2025,reekado-banks,Reekado Banks,domestic,926832,8499600,75189,38926.94,33998.4,1804.54,74729.88,11678.08,86407.96,129611944.8,0.669404,57841.81,28566.16,42849236.22,observed: artist's own Nigerian share of listeners this quarter,OBS,"observed channel views, quarter net change"
Q4_2025,reekado-banks,Reekado Banks,domestic,944948,6792090,75331,39687.82,27168.36,1807.94,68664.12,11906.34,80570.46,120855697.2,0.686858,55340.44,25230.03,37845044.58,observed: artist's own Nigerian share of listeners this quarter,OBS,"observed channel views, quarter net change"
Q1_2026,reekado-banks,Reekado Banks,domestic,1069350,23760000,75447,44912.7,95040.0,1810.73,141763.43,13473.81,155237.24,232855857.0,0.737803,114534.43,40702.8,61054206.77,observed: artist's own Nigerian share of listeners this quarter,OBS,"estimated: subscribers x 15 views/month (EST, first-submission methodology)"
Q2_2026,reekado-banks,Reekado Banks,domestic,1074314,6029453,75676,45121.19,24117.81,1816.22,71055.22,13536.36,84591.58,126887370.6,0.758261,64142.46,20449.12,30673674.26,observed: artist's own Nigerian share of listeners this quarter,OBS,"observed channel views, quarter net change"
Q3_2026,reekado-banks,Reekado Banks,domestic,1172146,4702947,75767,49230.13,18811.79,1818.41,69860.33,14769.04,84629.37,126944051.4,0.755913,63972.45,20656.91,30985372.04,observed: artist's own Nigerian share of listeners this quarter,OBS,"observed channel views, quarter net change"
Q1_2019,rema,Rema,domestic,0,0,404,0.0,0.0,9.7,9.7,0.0,9.7,14544.0,,,,,not measured: provider published no geography this quarter,UNK,no YouTube presence observed
Q2_2019,rema,Rema,domestic,315496,1943550,1231,13250.83,7774.2,29.54,21054.58,3975.25,25029.83,37544738.4,,,,,not measured: provider published no geography this quarter,UNK,"estimated: subscribers x 15 views/month (EST, first-submission methodology)"
Q3_2019,rema,Rema,domestic,442225,4437000,7738,18573.45,17748.0,185.71,36507.16,5572.03,42079.2,63118795.5,,,,,not measured: provider published no geography this quarter,UNK,"estimated: subscribers x 15 views/month (EST, first-submission methodology)"
Q4_2019,rema,Rema,domestic,900453,8280000,26266,37819.03,33120.0,630.38,71569.41,11345.71,82915.12,124372676.7,,,,,not measured: provider published no geography this quarter,UNK,"estimated: subscribers x 15 views/month (EST, first-submission methodology)"
Q1_2020,rema,Rema,domestic,1918189,12960000,47384,80563.94,51840.0,1137.22,133541.15,24169.18,157710.34,236565503.1,,,,,not measured: provider published no geography this quarter,UNK,"estimated: subscribers x 15 views/month (EST, first-submission methodology)"
Q2_2020,rema,Rema,domestic,1886230,17865000,76461,79221.66,71460.0,1835.06,152516.72,23766.5,176283.22,264424833.0,,,,,not measured: provider published no geography this quarter,UNK,"estimated: subscribers x 15 views/month (EST, first-submission methodology)"
Q3_2020,rema,Rema,domestic,2324978,23985000,119935,97649.08,95940.0,2878.44,196467.52,29294.72,225762.24,338643358.2,,,,,not measured: provider published no geography this quarter,UNK,"estimated: subscribers x 15 views/month (EST, first-submission methodology)"
Q4_2020,rema,Rema,domestic,1612710,28800000,156118,67733.82,115200.0,3746.83,186680.65,20320.15,207000.8,310501197.0,,,,,not measured: provider published no geography this quarter,UNK,"estimated: subscribers x 15 views/month (EST, first-submission methodology)"
Q1_2021,rema,Rema,domestic,2634759,31950000,186153,110659.88,127800.0,4467.67,242927.55,33197.96,276125.51,414188270.1,0.019634,5421.36,270704.16,406056232.52,observed: artist's own Nigerian share of listeners this quarter,OBS,"estimated: subscribers x 15 views/month (EST, first-submission methodology)"
Q2_2021,rema,Rema,domestic,2941900,37080000,209714,123559.8,148320.0,5033.14,276912.94,37067.94,313980.88,470971314.0,0.016535,5191.62,308789.26,463183889.19,observed: artist's own Nigerian share of listeners this quarter,OBS,"estimated: subscribers x 15 views/month (EST, first-submission methodology)"
Q3_2021,rema,Rema,domestic,3059815,2927214,233276,128512.23,11708.86,5598.62,145819.71,38553.67,184373.38,276560068.5,0.019375,3572.14,180801.24,271201855.23,observed: artist's own Nigerian share of listeners this quarter,OBS,"observed channel views, quarter net change"
Q4_2021,rema,Rema,domestic,2868507,33686064,253596,120477.29,134744.26,6086.3,261307.85,36143.19,297451.04,446176563.3,0.031179,9274.33,288176.72,432265074.85,observed: artist's own Nigerian share of listeners this quarter,OBS,"observed channel views, quarter net change"
Q1_2022,rema,Rema,domestic,5489770,58151357,276493,230570.34,232605.43,6635.83,469811.6,69171.1,538982.7,808474053.0,0.032557,17547.76,521434.95,782152417.84,observed: artist's own Nigerian share of listeners this quarter,OBS,"observed channel views, quarter net change"
Q2_2022,rema,Rema,domestic,7323544,111304176,295052,307588.85,445216.7,7081.25,759886.8,92276.65,852163.45,1278245181.6,0.020463,17437.64,834725.81,1252088722.05,observed: artist's own Nigerian share of listeners this quarter,OBS,"observed channel views, quarter net change"
Q3_2022,rema,Rema,domestic,21669934,180308328,310808,910137.23,721233.31,7459.39,1638829.93,273041.17,1911871.1,2867806650.6,0.005205,9951.98,1901919.12,2852878677.52,observed: artist's own Nigerian share of listeners this quarter,OBS,"observed channel views, quarter net change"
Q4_2022,rema,Rema,domestic,29740087,215074553,324784,1249083.65,860298.21,7794.82,2117176.68,374725.1,2491901.78,3737852667.3,0.006914,17229.35,2474672.43,3712008646.39,observed: artist's own Nigerian share of listeners this quarter,OBS,"observed channel views, quarter net change"
Q1_2023,rema,Rema,domestic,38901942,210403503,338208,1633881.56,841614.01,8116.99,2483612.57,490164.47,2973777.04,4460665555.8,0.007671,22812.92,2950964.12,4426446182.76,observed: artist's own Nigerian share of listeners this quarter,OBS,"observed channel views, quarter net change"
Q2_2023,rema,Rema,domestic,37858734,176371417,354474,1590066.83,705485.67,8507.38,2304059.87,477020.05,2781079.92,4171619880.6,0.009975,27740.69,2753339.23,4130008848.59,observed: artist's own Nigerian share of listeners this quarter,OBS,"observed channel views, quarter net change"
Q3_2023,rema,Rema,domestic,33210568,135592504,372353,1394843.86,542370.02,8936.47,1946150.34,418453.16,2364603.5,3546905251.2,0.010166,24039.73,2340563.77,3510845660.84,observed: artist's own Nigerian share of listeners this quarter,OBS,"observed channel views, quarter net change"
Q4_2023,rema,Rema,domestic,33646408,117443988,386907,1413149.14,469775.95,9285.77,1892210.86,423944.74,2316155.6,3474233395.2,0.032188,74552.64,2241602.96,3362404436.08,observed: artist's own Nigerian share of listeners this quarter,OBS,"observed channel views, quarter net change"
Q1_2024,rema,Rema,domestic,29124821,93151809,404717,1223242.48,372607.24,9713.21,1605562.93,366972.74,1972535.67,2958803505.9,0.029268,57732.07,1914803.61,2872205407.94,observed: artist's own Nigerian share of listeners this quarter,OBS,"observed channel views, quarter net change"
Q2_2024,rema,Rema,domestic,24364014,98282017,429142,1023288.59,393128.07,10299.41,1426716.06,306986.58,1733702.64,2600553960.6,0.038672,67045.14,1666657.5,2499986257.42,observed: artist's own Nigerian share of listeners this quarter,OBS,"observed channel views, quarter net change"
Q3_2024,rema,Rema,domestic,22486370,142588657,456825,944427.54,570354.63,10963.8,1525745.97,283328.26,1809074.23,2713611345.0,0.076569,138519.82,1670554.41,2505831614.8,observed: artist's own Nigerian share of listeners this quarter,OBS,"observed channel views, quarter net change"
Q4_2024,rema,Rema,domestic,20804145,114232520,474011,873774.09,456930.08,11376.26,1342080.43,262132.23,1604212.66,2406318991.5,0.099108,158990.96,1445221.7,2167832551.1,observed: artist's own Nigerian share of listeners this quarter,OBS,"observed channel views, quarter net change"
Q1_2025,rema,Rema,domestic,20788212,111193500,490122,873104.9,444774.0,11762.93,1329641.83,261931.47,1591573.3,2387359954.8,0.106241,169089.86,1422483.45,2133725172.2,observed: artist's own Nigerian share of listeners this quarter,OBS,"observed channel views, quarter net change"
Q2_2025,rema,Rema,domestic,21362740,111079800,506067,897235.08,444319.2,12145.61,1353699.89,269170.52,1622870.41,2434305618.0,0.100568,163208.89,1459661.52,2189492277.08,observed: artist's own Nigerian share of listeners this quarter,OBS,"observed channel views, quarter net change"
Q3_2025,rema,Rema,domestic,20017688,118782600,522112,840742.9,475130.4,12530.69,1328403.98,252222.87,1580626.85,2370940279.2,0.140021,221321.28,1359305.58,2038958362.9,observed: artist's own Nigerian share of listeners this quarter,OBS,"observed channel views, quarter net change"
Q4_2025,rema,Rema,domestic,19419342,107800000,535435,815612.36,431200.0,12850.44,1259662.8,244683.71,1504346.51,2256519769.8,0.182215,274114.01,1230232.5,1845348747.83,observed: artist's own Nigerian share of listeners this quarter,OBS,"observed channel views, quarter net change"
Q1_2026,rema,Rema,domestic,24654316,83407700,547489,1035481.27,333630.8,13139.74,1382251.81,310644.38,1692896.19,2539344284.4,0.132813,224838.84,1468057.35,2202086019.57,observed: artist's own Nigerian share of listeners this quarter,OBS,"observed channel views, quarter net change"
Q2_2026,rema,Rema,domestic,28887296,107914556,559936,1213266.43,431658.22,13438.46,1658363.12,363979.93,2022343.05,3033514574.4,0.112948,228420.28,1793922.77,2690884152.54,observed: artist's own Nigerian share of listeners this quarter,OBS,"observed channel views, quarter net change"
Q3_2026,rema,Rema,domestic,26471308,43146112,566319,1111794.94,172584.45,13591.66,1297971.04,333538.48,1631509.52,2447264281.2,0.129278,210919.06,1420590.46,2130885691.03,observed: artist's own Nigerian share of listeners this quarter,OBS,"observed channel views, quarter net change"
Q1_2019,reminisce,Reminisce,domestic,0,757710,2893,0.0,3030.84,69.43,3100.27,0.0,3100.27,4650408.0,,,,,not measured: provider published no geography this quarter,UNK,"estimated: subscribers x 15 views/month (EST, first-submission methodology)"
Q2_2019,reminisce,Reminisce,domestic,23055,824220,2953,968.31,3296.88,70.87,4336.06,290.49,4626.56,6939832.5,,,,,not measured: provider published no geography this quarter,UNK,"estimated: subscribers x 15 views/month (EST, first-submission methodology)"
Q3_2019,reminisce,Reminisce,domestic,38653,873000,3159,1623.43,3492.0,75.82,5191.24,487.03,5678.27,8517404.7,,,,,not measured: provider published no geography this quarter,UNK,"estimated: subscribers x 15 views/month (EST, first-submission methodology)"
Q4_2019,reminisce,Reminisce,domestic,51651,1287000,4464,2169.34,5148.0,107.14,7424.48,650.8,8075.28,12112920.9,,,,,not measured: provider published no geography this quarter,UNK,"estimated: subscribers x 15 views/month (EST, first-submission methodology)"
Q1_2020,reminisce,Reminisce,domestic,57358,1440000,7344,2409.04,5760.0,176.26,8345.29,722.71,9068.0,13602004.2,,,,,not measured: provider published no geography this quarter,UNK,"estimated: subscribers x 15 views/month (EST, first-submission methodology)"
Q2_2020,reminisce,Reminisce,domestic,56949,1548000,8352,2391.86,6192.0,200.45,8784.31,717.56,9501.86,14252795.1,,,,,not measured: provider published no geography this quarter,UNK,"estimated: subscribers x 15 views/month (EST, first-submission methodology)"
Q3_2020,reminisce,Reminisce,domestic,122141,1899000,9230,5129.92,7596.0,221.52,12947.44,1538.98,14486.42,21729627.9,,,,,not measured: provider published no geography this quarter,UNK,"estimated: subscribers x 15 views/month (EST, first-submission methodology)"
Q4_2020,reminisce,Reminisce,domestic,91997,1989000,10450,3863.87,7956.0,250.8,12070.67,1159.16,13229.84,19844754.3,,,,,not measured: provider published no geography this quarter,UNK,"estimated: subscribers x 15 views/month (EST, first-submission methodology)"
Q1_2021,reminisce,Reminisce,domestic,79222,2065500,10624,3327.32,8262.0,254.98,11844.3,998.2,12842.5,19263745.8,0.140466,1803.93,11038.56,16557843.86,observed: artist's own Nigerian share of listeners this quarter,OBS,"estimated: subscribers x 15 views/month (EST, first-submission methodology)"
Q2_2021,reminisce,Reminisce,domestic,80800,2142000,10768,3393.6,8568.0,258.43,12220.03,1018.08,13238.11,19857168.0,0.130871,1732.49,11505.62,17258433.42,observed: artist's own Nigerian share of listeners this quarter,OBS,"estimated: subscribers x 15 views/month (EST, first-submission methodology)"
Q3_2021,reminisce,Reminisce,domestic,93175,28595,11030,3913.35,114.38,264.72,4292.45,1174.0,5466.45,8199682.5,0.163977,896.38,4570.08,6855119.98,observed: artist's own Nigerian share of listeners this quarter,OBS,"observed channel views, quarter net change"
Q4_2021,reminisce,Reminisce,domestic,85999,382109,11182,3611.96,1528.44,268.37,5408.76,1083.59,6492.35,9738524.1,0.186504,1210.85,5281.5,7922254.71,observed: artist's own Nigerian share of listeners this quarter,OBS,"observed channel views, quarter net change"
Q1_2022,reminisce,Reminisce,domestic,177730,1014697,11471,7464.66,4058.79,275.3,11798.75,2239.4,14038.15,21057225.0,0.288683,4052.57,9985.58,14978365.31,observed: artist's own Nigerian share of listeners this quarter,OBS,"observed channel views, quarter net change"
Q2_2022,reminisce,Reminisce,domestic,221371,3088321,11801,9297.58,12353.28,283.22,21934.09,2789.27,24723.36,37085046.9,0.258649,6394.68,18328.68,27493025.66,observed: artist's own Nigerian share of listeners this quarter,OBS,"observed channel views, quarter net change"
Q3_2022,reminisce,Reminisce,domestic,292778,1057798,11923,12296.68,4231.19,286.15,16814.02,3689.0,20503.02,30754534.2,0.196695,4032.85,16470.17,24705260.15,observed: artist's own Nigerian share of listeners this quarter,OBS,"observed channel views, quarter net change"
Q4_2022,reminisce,Reminisce,domestic,295130,666899,11982,12395.46,2667.6,287.57,15350.62,3718.64,19069.26,28603893.0,0.245683,4685.0,14384.26,21576396.16,observed: artist's own Nigerian share of listeners this quarter,OBS,"observed channel views, quarter net change"
Q1_2023,reminisce,Reminisce,domestic,256875,601111,12028,10788.75,2404.44,288.67,13481.87,3236.62,16718.49,25077736.5,0.346381,5790.96,10927.53,16391291.08,observed: artist's own Nigerian share of listeners this quarter,OBS,"observed channel views, quarter net change"
Q2_2023,reminisce,Reminisce,domestic,406125,861287,12061,17057.25,3445.15,289.46,20791.86,5117.18,25909.04,38863555.5,0.355113,9200.63,16708.41,25062616.78,observed: artist's own Nigerian share of listeners this quarter,OBS,"observed channel views, quarter net change"
Q3_2023,reminisce,Reminisce,domestic,533490,1038703,12097,22406.58,4154.81,290.33,26851.72,6721.97,33573.69,50360541.0,0.366624,12308.92,21264.78,31897167.18,observed: artist's own Nigerian share of listeners this quarter,OBS,"observed channel views, quarter net change"
Q4_2023,reminisce,Reminisce,domestic,315848,1031223,12162,13265.62,4124.89,291.89,17682.4,3979.68,21662.08,32493121.2,0.717571,15544.08,6118.0,9177004.82,observed: artist's own Nigerian share of listeners this quarter,OBS,"observed channel views, quarter net change"
Q1_2024,reminisce,Reminisce,domestic,260800,519201,12182,10953.6,2076.8,292.37,13322.77,3286.08,16608.85,24913278.0,0.672301,11166.15,5442.7,8164049.19,observed: artist's own Nigerian share of listeners this quarter,OBS,"observed channel views, quarter net change"
Q2_2024,reminisce,Reminisce,domestic,239315,797150,12207,10051.23,3188.6,292.97,13532.8,3015.37,16548.17,24822250.5,0.707853,11713.67,4834.5,7251750.8,observed: artist's own Nigerian share of listeners this quarter,OBS,"observed channel views, quarter net change"
Q3_2024,reminisce,Reminisce,domestic,254385,1134709,12230,10684.17,4538.84,293.52,15516.53,3205.25,18721.78,28082665.5,0.723191,13539.42,5182.36,7773539.55,observed: artist's own Nigerian share of listeners this quarter,OBS,"observed channel views, quarter net change"
Q4_2024,reminisce,Reminisce,domestic,285356,570352,12255,11984.95,2281.41,294.12,14560.48,3595.49,18155.97,27233948.4,0.759073,13781.7,4374.26,6561396.83,observed: artist's own Nigerian share of listeners this quarter,OBS,"observed channel views, quarter net change"
Q1_2025,reminisce,Reminisce,domestic,278105,67996,12285,11680.41,271.98,294.84,12247.23,3504.12,15751.36,23627035.5,0.836439,13175.05,2576.3,3864453.73,observed: artist's own Nigerian share of listeners this quarter,OBS,"observed channel views, quarter net change"
Q2_2025,reminisce,Reminisce,domestic,357253,636812,12312,15004.63,2547.25,295.49,17847.36,4501.39,22348.75,33523124.7,0.841474,18805.89,3542.86,5314285.92,observed: artist's own Nigerian share of listeners this quarter,OBS,"observed channel views, quarter net change"
Q3_2025,reminisce,Reminisce,domestic,366721,886208,12339,15402.28,3544.83,296.14,19243.25,4620.68,23863.93,35795901.9,0.844727,20158.5,3705.43,5558149.78,observed: artist's own Nigerian share of listeners this quarter,OBS,"observed channel views, quarter net change"
Q4_2025,reminisce,Reminisce,domestic,432872,993388,12377,18180.62,3973.55,297.05,22451.22,5454.19,27905.41,41858116.8,0.873962,24388.28,3517.13,5275701.46,observed: artist's own Nigerian share of listeners this quarter,OBS,"observed channel views, quarter net change"
Q1_2026,reminisce,Reminisce,domestic,452736,864296,12406,19014.91,3457.18,297.74,22769.84,5704.47,28474.31,42711470.4,0.923962,26309.19,2165.12,3247681.58,observed: artist's own Nigerian share of listeners this quarter,OBS,"observed channel views, quarter net change"
Q2_2026,reminisce,Reminisce,domestic,537677,999711,12476,22582.43,3998.84,299.42,26880.7,6774.73,33655.43,50483148.3,0.922256,31038.93,2616.5,3924746.79,observed: artist's own Nigerian share of listeners this quarter,OBS,"observed channel views, quarter net change"
Q3_2026,reminisce,Reminisce,domestic,548458,3618000,12501,23035.24,14472.0,300.02,37807.26,6910.57,44717.83,67076746.2,0.898559,40181.63,4536.2,6804303.57,observed: artist's own Nigerian share of listeners this quarter,OBS,"estimated: subscribers x 15 views/month (EST, first-submission methodology)"
Q1_2019,ric-hassani,Ric Hassani,domestic,0,0,1536,0.0,0.0,36.86,36.86,0.0,36.86,55296.0,,,,,not measured: provider published no geography this quarter,UNK,no YouTube presence observed
Q2_2019,ric-hassani,Ric Hassani,domestic,137462,0,1664,5773.4,0.0,39.94,5813.34,1732.02,7545.36,11318041.8,,,,,not measured: provider published no geography this quarter,UNK,no YouTube presence observed
Q3_2019,ric-hassani,Ric Hassani,domestic,160172,0,1853,6727.22,0.0,44.47,6771.7,2018.17,8789.86,13184794.8,,,,,not measured: provider published no geography this quarter,UNK,no YouTube presence observed
Q4_2019,ric-hassani,Ric Hassani,domestic,171456,0,2320,7201.15,0.0,55.68,7256.83,2160.35,9417.18,14125766.4,,,,,not measured: provider published no geography this quarter,UNK,no YouTube presence observed
Q1_2020,ric-hassani,Ric Hassani,domestic,196529,0,2704,8254.22,0.0,64.9,8319.11,2476.27,10795.38,16193069.1,,,,,not measured: provider published no geography this quarter,UNK,no YouTube presence observed
Q2_2020,ric-hassani,Ric Hassani,domestic,219324,0,3038,9211.61,0.0,72.91,9284.52,2763.48,12048.0,18072003.6,,,,,not measured: provider published no geography this quarter,UNK,no YouTube presence observed
Q3_2020,ric-hassani,Ric Hassani,domestic,247860,0,3341,10410.12,0.0,80.18,10490.3,3123.04,13613.34,20420010.0,,,,,not measured: provider published no geography this quarter,UNK,no YouTube presence observed
Q4_2020,ric-hassani,Ric Hassani,domestic,249880,0,3580,10494.96,0.0,85.92,10580.88,3148.49,13729.37,20594052.0,,,,,not measured: provider published no geography this quarter,UNK,no YouTube presence observed
Q1_2021,ric-hassani,Ric Hassani,domestic,401076,0,4497,16845.19,0.0,107.93,16953.12,5053.56,22006.68,33010016.4,0.025177,554.07,21452.61,32178914.2,observed: artist's own Nigerian share of listeners this quarter,OBS,no YouTube presence observed
Q2_2021,ric-hassani,Ric Hassani,domestic,379466,0,5174,15937.57,0.0,124.18,16061.75,4781.27,20843.02,31264529.4,0.016172,337.07,20505.95,30758918.64,observed: artist's own Nigerian share of listeners this quarter,OBS,no YouTube presence observed
Q3_2021,ric-hassani,Ric Hassani,domestic,481292,0,5652,20214.26,0.0,135.65,20349.91,6064.28,26414.19,39621286.8,0.017335,457.89,25956.3,38934447.05,observed: artist's own Nigerian share of listeners this quarter,OBS,no YouTube presence observed
Q4_2021,ric-hassani,Ric Hassani,domestic,639788,14065635,5967,26871.1,56262.54,143.21,83276.84,8061.33,91338.17,137007259.2,0.020065,1832.71,89505.46,134258197.09,observed: artist's own Nigerian share of listeners this quarter,OBS,"observed channel views, quarter net change"
Q1_2022,ric-hassani,Ric Hassani,domestic,868474,13699587,6363,36475.91,54798.35,152.71,91426.97,10942.77,102369.74,153554610.6,0.011142,1140.57,101229.17,151843761.78,observed: artist's own Nigerian share of listeners this quarter,OBS,"observed channel views, quarter net change"
Q2_2022,ric-hassani,Ric Hassani,domestic,856420,11992862,6685,35969.64,47971.45,160.44,84101.53,10790.89,94892.42,142338630.0,0.010265,974.1,93918.32,140877482.15,observed: artist's own Nigerian share of listeners this quarter,OBS,"observed channel views, quarter net change"
Q3_2022,ric-hassani,Ric Hassani,domestic,954814,2652138,6906,40102.19,10608.55,165.74,50876.48,12030.66,62907.14,94360710.6,0.008679,545.98,62361.17,93541747.5,observed: artist's own Nigerian share of listeners this quarter,OBS,"observed channel views, quarter net change"
Q4_2022,ric-hassani,Ric Hassani,domestic,1093211,11470383,7063,45914.86,45881.53,169.51,91965.91,13774.46,105740.36,158610546.9,0.008797,930.21,104810.15,157215225.37,observed: artist's own Nigerian share of listeners this quarter,OBS,"observed channel views, quarter net change"
Q1_2023,ric-hassani,Ric Hassani,domestic,1071605,12126890,7230,45007.41,48507.56,173.52,93688.49,13502.22,107190.71,160786069.5,0.010937,1172.33,106018.39,159027580.63,observed: artist's own Nigerian share of listeners this quarter,OBS,"observed channel views, quarter net change"
Q2_2023,ric-hassani,Ric Hassani,domestic,1148855,10420350,7385,48251.91,41681.4,177.24,90110.55,14475.57,104586.12,156879184.5,0.018974,1984.46,102601.66,153902494.67,observed: artist's own Nigerian share of listeners this quarter,OBS,"observed channel views, quarter net change"
Q3_2023,ric-hassani,Ric Hassani,domestic,733466,8119863,7532,30805.57,32479.45,180.77,63465.79,9241.67,72707.46,109061195.4,0.023849,1734.01,70973.45,106460177.01,observed: artist's own Nigerian share of listeners this quarter,OBS,"observed channel views, quarter net change"
Q4_2023,ric-hassani,Ric Hassani,domestic,711178,5893059,7689,29869.48,23572.24,184.54,53626.25,8960.84,62587.09,93880636.2,0.057974,3628.45,58958.65,88437968.26,observed: artist's own Nigerian share of listeners this quarter,OBS,"observed channel views, quarter net change"
Q1_2024,ric-hassani,Ric Hassani,domestic,544787,8922806,7859,22881.05,35691.22,188.62,58760.89,6864.32,65625.21,98437815.3,0.054508,3577.1,62048.11,93072171.06,observed: artist's own Nigerian share of listeners this quarter,OBS,"observed channel views, quarter net change"
Q2_2024,ric-hassani,Ric Hassani,domestic,515122,6870858,7989,21635.12,27483.43,191.74,49310.29,6490.54,55800.83,83701243.8,0.045101,2516.66,53284.17,79926252.53,observed: artist's own Nigerian share of listeners this quarter,OBS,"observed channel views, quarter net change"
Q3_2024,ric-hassani,Ric Hassani,domestic,564264,9440375,8125,23699.09,37761.5,195.0,61655.59,7109.73,68765.31,103147971.6,0.06932,4766.81,63998.51,95997759.7,observed: artist's own Nigerian share of listeners this quarter,OBS,"observed channel views, quarter net change"
Q4_2024,ric-hassani,Ric Hassani,domestic,732837,7334720,8250,30779.15,29338.88,198.0,60316.03,9233.75,69549.78,104324670.3,0.062279,4331.47,65218.31,97827461.27,observed: artist's own Nigerian share of listeners this quarter,OBS,"observed channel views, quarter net change"
Q1_2025,ric-hassani,Ric Hassani,domestic,473012,7705320,8374,19866.5,30821.28,200.98,50888.76,5959.95,56848.71,85273066.8,0.060191,3421.8,53426.91,80140369.44,observed: artist's own Nigerian share of listeners this quarter,OBS,"observed channel views, quarter net change"
Q2_2025,ric-hassani,Ric Hassani,domestic,591429,8722490,8500,24840.02,34889.96,204.0,59933.98,7452.01,67385.98,101078975.1,0.1817,12244.03,55141.95,82712925.85,observed: artist's own Nigerian share of listeners this quarter,OBS,"observed channel views, quarter net change"
Q3_2025,ric-hassani,Ric Hassani,domestic,570830,9124540,8636,23974.86,36498.16,207.26,60680.28,7192.46,67872.74,101809113.0,0.090223,6123.71,61749.03,92623542.44,observed: artist's own Nigerian share of listeners this quarter,OBS,"observed channel views, quarter net change"
Q4_2025,ric-hassani,Ric Hassani,domestic,501820,7451290,8752,21076.44,29805.16,210.05,51091.65,6322.93,57414.58,86121870.0,0.087772,5039.37,52375.21,78562819.03,observed: artist's own Nigerian share of listeners this quarter,OBS,"observed channel views, quarter net change"
Q1_2026,ric-hassani,Ric Hassani,domestic,538075,6525580,8876,22599.15,26102.32,213.02,48914.49,6779.74,55694.24,83541358.5,0.105901,5898.09,49796.14,74694216.18,observed: artist's own Nigerian share of listeners this quarter,OBS,"observed channel views, quarter net change"
Q2_2026,ric-hassani,Ric Hassani,domestic,755610,6970863,9062,31735.62,27883.45,217.49,59836.56,9520.69,69357.25,104035869.0,0.078008,5410.45,63946.79,95920187.28,observed: artist's own Nigerian share of listeners this quarter,OBS,"observed channel views, quarter net change"
Q3_2026,ric-hassani,Ric Hassani,domestic,700174,2989980,9160,29407.31,11959.92,219.84,41587.07,8822.19,50409.26,75613890.6,0.076763,3869.55,46539.71,69809568.31,observed: artist's own Nigerian share of listeners this quarter,OBS,"observed channel views, quarter net change"
Q3_2019,rude-boy,Rude Boy,diaspora_candidate,2423,0,562,101.77,0.0,13.49,115.25,30.53,145.78,218675.7,,,,,not measured: provider published no geography this quarter,UNK,no YouTube presence observed
Q4_2019,rude-boy,Rude Boy,diaspora_candidate,162603,0,645,6829.33,0.0,15.48,6844.81,2048.8,8893.6,13340405.7,,,,,not measured: provider published no geography this quarter,UNK,no YouTube presence observed
Q1_2020,rude-boy,Rude Boy,diaspora_candidate,176918,0,671,7430.56,0.0,16.1,7446.66,2229.17,9675.83,14513740.2,,,,,not measured: provider published no geography this quarter,UNK,no YouTube presence observed
Q2_2020,rude-boy,Rude Boy,diaspora_candidate,204823,0,736,8602.57,0.0,17.66,8620.23,2580.77,11201.0,16801499.7,,,,,not measured: provider published no geography this quarter,UNK,no YouTube presence observed
Q3_2020,rude-boy,Rude Boy,diaspora_candidate,223545,0,806,9388.89,0.0,19.34,9408.23,2816.67,12224.9,18337351.5,,,,,not measured: provider published no geography this quarter,UNK,no YouTube presence observed
Q4_2020,rude-boy,Rude Boy,diaspora_candidate,292869,0,889,12300.5,0.0,21.34,12321.83,3690.15,16011.98,24017975.1,,,,,not measured: provider published no geography this quarter,UNK,no YouTube presence observed
Q1_2021,rude-boy,Rude Boy,diaspora_candidate,307548,0,1033,12917.02,0.0,24.79,12941.81,3875.1,16816.91,25225369.2,0.02792,469.53,16347.39,24521078.77,assumed: portfolio-wide ratio applied to an artist without own geography,ASM,no YouTube presence observed
Q2_2021,rude-boy,Rude Boy,diaspora_candidate,304593,0,1189,12792.91,0.0,28.54,12821.44,3837.87,16659.31,24988970.7,0.024978,416.11,16243.2,24364798.72,assumed: portfolio-wide ratio applied to an artist without own geography,ASM,no YouTube presence observed
Q3_2021,rude-boy,Rude Boy,diaspora_candidate,366878,0,1287,15408.88,0.0,30.89,15439.76,4622.66,20062.43,30093640.2,0.028861,579.02,19483.41,29225109.96,assumed: portfolio-wide ratio applied to an artist without own geography,ASM,no YouTube presence observed
Q4_2021,rude-boy,Rude Boy,diaspora_candidate,352592,0,1356,14808.86,0.0,32.54,14841.41,4442.66,19284.07,28926100.8,0.038801,748.23,18535.84,27803753.5,assumed: portfolio-wide ratio applied to an artist without own geography,ASM,no YouTube presence observed
Q1_2022,rude-boy,Rude Boy,diaspora_candidate,398182,0,1410,16723.64,0.0,33.84,16757.48,5017.09,21774.58,32661865.8,0.044983,979.49,20795.09,31192633.68,assumed: portfolio-wide ratio applied to an artist without own geography,ASM,no YouTube presence observed
Q2_2022,rude-boy,Rude Boy,diaspora_candidate,259726,0,1436,10908.49,0.0,34.46,10942.96,3272.55,14215.5,21323255.4,0.048482,689.2,13526.31,20289460.34,assumed: portfolio-wide ratio applied to an artist without own geography,ASM,no YouTube presence observed
Q3_2022,rude-boy,Rude Boy,diaspora_candidate,192105,0,1456,8068.41,0.0,34.94,8103.35,2420.52,10523.88,15785815.5,0.043809,461.04,10062.83,15094248.48,assumed: portfolio-wide ratio applied to an artist without own geography,ASM,no YouTube presence observed
Q4_2022,rude-boy,Rude Boy,diaspora_candidate,187253,0,1474,7864.63,0.0,35.38,7900.0,2359.39,10259.39,15389084.7,0.059639,611.86,9647.53,14471292.53,assumed: portfolio-wide ratio applied to an artist without own geography,ASM,no YouTube presence observed
Q1_2023,rude-boy,Rude Boy,diaspora_candidate,194068,0,1489,8150.86,0.0,35.74,8186.59,2445.26,10631.85,15947773.2,0.079414,844.32,9787.53,14681298.35,assumed: portfolio-wide ratio applied to an artist without own geography,ASM,no YouTube presence observed
Q2_2023,rude-boy,Rude Boy,diaspora_candidate,189362,0,1503,7953.2,0.0,36.07,7989.28,2385.96,10375.24,15562855.8,0.090982,943.96,9431.28,14146923.11,assumed: portfolio-wide ratio applied to an artist without own geography,ASM,no YouTube presence observed
Q3_2023,rude-boy,Rude Boy,diaspora_candidate,187861,0,1515,7890.16,0.0,36.36,7926.52,2367.05,10293.57,15440355.9,0.125725,1294.16,8999.41,13499116.25,assumed: portfolio-wide ratio applied to an artist without own geography,ASM,no YouTube presence observed
Q4_2023,rude-boy,Rude Boy,diaspora_candidate,162723,0,1530,6834.37,0.0,36.72,6871.09,2050.31,8921.4,13382093.7,0.17451,1556.88,7364.52,11046779.42,assumed: portfolio-wide ratio applied to an artist without own geography,ASM,no YouTube presence observed
Q1_2024,rude-boy,Rude Boy,diaspora_candidate,160702,793806,1544,6749.48,3175.22,37.06,9961.76,2024.85,11986.61,17979913.8,0.173406,2078.55,9908.06,14862089.4,assumed: portfolio-wide ratio applied to an artist without own geography,ASM,"observed channel views, quarter net change"
Q2_2024,rude-boy,Rude Boy,diaspora_candidate,146958,1597316,1560,6172.24,6389.26,37.44,12598.94,1851.67,14450.61,21675916.2,0.003295,47.62,14402.99,21604488.25,observed: artist's own Nigerian share of listeners this quarter,OBS,"observed channel views, quarter net change"
Q3_2024,rude-boy,Rude Boy,diaspora_candidate,182060,1633533,1565,7646.52,6534.13,37.56,14218.21,2293.96,16512.17,24768252.0,0.003197,52.79,16459.38,24689074.13,observed: artist's own Nigerian share of listeners this quarter,OBS,"observed channel views, quarter net change"
Q4_2024,rude-boy,Rude Boy,diaspora_candidate,214494,1673929,1569,9008.75,6695.72,37.66,15742.12,2702.62,18444.74,27667116.6,0.002735,50.45,18394.29,27591435.32,observed: artist's own Nigerian share of listeners this quarter,OBS,"observed channel views, quarter net change"
Q1_2025,rude-boy,Rude Boy,diaspora_candidate,230545,2017556,1580,9682.89,8070.22,37.92,17791.03,2904.87,20695.9,31043851.5,0.004924,101.91,20593.99,30890985.84,observed: artist's own Nigerian share of listeners this quarter,OBS,"observed channel views, quarter net change"
Q2_2025,rude-boy,Rude Boy,diaspora_candidate,273938,858777,1592,11505.4,3435.11,38.21,14978.71,3451.62,18430.33,27645496.2,0.011291,208.11,18222.23,27333338.02,observed: artist's own Nigerian share of listeners this quarter,OBS,"observed channel views, quarter net change"
Q3_2025,rude-boy,Rude Boy,diaspora_candidate,267081,1757463,1596,11217.4,7029.85,38.3,18285.56,3365.22,21650.78,32476167.9,0.017114,370.52,21280.25,31920380.43,observed: artist's own Nigerian share of listeners this quarter,OBS,"observed channel views, quarter net change"
Q4_2025,rude-boy,Rude Boy,diaspora_candidate,239337,1794928,1602,10052.15,7179.71,38.45,17270.31,3015.65,20285.96,30428940.3,0.013519,274.25,20011.71,30017561.06,observed: artist's own Nigerian share of listeners this quarter,OBS,"observed channel views, quarter net change"
Q1_2026,rude-boy,Rude Boy,diaspora_candidate,226504,1500309,1607,9513.17,6001.24,38.57,15552.97,2853.95,18406.92,27610383.6,0.029703,546.73,17860.19,26790285.23,observed: artist's own Nigerian share of listeners this quarter,OBS,"observed channel views, quarter net change"
Q2_2026,rude-boy,Rude Boy,diaspora_candidate,180793,2193920,1644,7593.31,8775.68,39.46,16408.44,2277.99,18686.43,28029650.7,0.027938,522.06,18164.37,27246557.52,observed: artist's own Nigerian share of listeners this quarter,OBS,"observed channel views, quarter net change"
Q3_2026,rude-boy,Rude Boy,diaspora_candidate,169711,945866,1655,7127.86,3783.46,39.72,10951.05,2138.36,13089.4,19634106.9,0.030379,397.65,12691.76,19037635.91,observed: artist's own Nigerian share of listeners this quarter,OBS,"observed channel views, quarter net change"
Q4_2020,ruger,Ruger,domestic,0,0,23,0.0,0.0,0.55,0.55,0.0,0.55,828.0,,,,,not measured: provider published no geography this quarter,UNK,no YouTube presence observed
Q1_2021,ruger,Ruger,domestic,78944,0,306,3315.65,0.0,7.34,3322.99,994.69,4317.69,6476529.6,0.185613,801.42,3516.27,5274404.19,observed: artist's own Nigerian share of listeners this quarter,OBS,no YouTube presence observed
Q2_2021,ruger,Ruger,domestic,251271,0,3381,10553.38,0.0,81.14,10634.53,3166.01,13800.54,20700810.9,0.175852,2426.85,11373.69,17060540.75,observed: artist's own Nigerian share of listeners this quarter,OBS,no YouTube presence observed
Q3_2021,ruger,Ruger,domestic,414511,0,14179,17409.46,0.0,340.3,17749.76,5222.84,22972.6,34458894.9,0.149339,3430.71,19541.89,29312832.54,observed: artist's own Nigerian share of listeners this quarter,OBS,no YouTube presence observed
Q4_2021,ruger,Ruger,domestic,604543,0,26002,25390.81,0.0,624.05,26014.85,7617.24,33632.1,50448143.7,0.194028,6525.57,27106.53,40659794.9,observed: artist's own Nigerian share of listeners this quarter,OBS,no YouTube presence observed
Q1_2022,ruger,Ruger,domestic,784156,0,42819,32934.55,0.0,1027.66,33962.21,9880.37,43842.57,65763860.4,0.14723,6454.93,37387.64,56081461.3,observed: artist's own Nigerian share of listeners this quarter,OBS,no YouTube presence observed
Q2_2022,ruger,Ruger,domestic,897913,0,50166,37712.35,0.0,1203.98,38916.33,11313.7,50230.03,75345050.7,0.126583,6358.24,43871.79,65807683.41,observed: artist's own Nigerian share of listeners this quarter,OBS,no YouTube presence observed
Q3_2022,ruger,Ruger,domestic,1291748,0,54772,54253.42,0.0,1314.53,55567.94,16276.02,71843.97,107765953.2,0.144544,10384.65,61459.32,92188982.22,observed: artist's own Nigerian share of listeners this quarter,OBS,no YouTube presence observed
Q4_2022,ruger,Ruger,domestic,1708460,0,59478,71755.32,0.0,1427.47,73182.79,21526.6,94709.39,142064082.0,0.192666,18247.25,76462.13,114693200.21,observed: artist's own Nigerian share of listeners this quarter,OBS,no YouTube presence observed
Q1_2023,ruger,Ruger,domestic,2658114,57615150,64970,111640.79,230460.6,1559.28,343660.67,33492.24,377152.9,565729356.6,0.16692,62954.35,314198.56,471297838.95,observed: artist's own Nigerian share of listeners this quarter,OBS,"observed channel views, quarter net change"
Q2_2023,ruger,Ruger,domestic,2916091,62679521,70753,122475.82,250718.08,1698.07,374891.98,36742.75,411634.72,617452086.9,0.160285,65978.95,345655.78,518483664.32,observed: artist's own Nigerian share of listeners this quarter,OBS,"observed channel views, quarter net change"
Q3_2023,ruger,Ruger,domestic,3106182,54165342,76372,130459.64,216661.37,1832.93,348953.94,39137.89,388091.83,582137749.8,0.212906,82627.18,305464.65,458196979.4,observed: artist's own Nigerian share of listeners this quarter,OBS,"observed channel views, quarter net change"
Q4_2023,ruger,Ruger,domestic,2970363,49006702,82002,124755.25,196026.81,1968.05,322750.1,37426.57,360176.68,540265013.7,0.226889,81720.17,278456.51,417684762.53,observed: artist's own Nigerian share of listeners this quarter,OBS,"observed channel views, quarter net change"
Q1_2024,ruger,Ruger,domestic,3640797,67050000,87992,152913.47,268200.0,2111.81,423225.28,45874.04,469099.32,703648986.3,0.227562,106749.09,362350.23,543525344.87,observed: artist's own Nigerian share of listeners this quarter,OBS,"estimated: subscribers x 15 views/month (EST, first-submission methodology)"
Q2_2024,ruger,Ruger,domestic,4426601,49886959,94409,185917.24,199547.84,2265.82,387730.89,55775.17,443506.07,665259099.9,0.319114,141529.18,301976.89,452965329.23,observed: artist's own Nigerian share of listeners this quarter,OBS,"observed channel views, quarter net change"
Q3_2024,ruger,Ruger,domestic,4263668,43616493,102299,179074.06,174465.97,2455.18,355995.2,53722.22,409717.42,614576131.2,0.299482,122702.82,287014.6,430521904.61,observed: artist's own Nigerian share of listeners this quarter,OBS,"observed channel views, quarter net change"
Q4_2024,ruger,Ruger,domestic,4523290,54350031,108604,189978.18,217400.12,2606.5,409984.8,56993.45,466978.25,700467381.0,0.376423,175781.31,291196.94,436795408.7,observed: artist's own Nigerian share of listeners this quarter,OBS,"observed channel views, quarter net change"
Q1_2025,ruger,Ruger,domestic,4314621,51743750,113435,181214.08,206975.0,2722.44,390911.52,54364.22,445275.75,667913619.9,0.410504,182787.45,262488.3,393732449.06,observed: artist's own Nigerian share of listeners this quarter,OBS,"observed channel views, quarter net change"
Q2_2025,ruger,Ruger,domestic,4543333,62436150,118633,190819.99,249744.6,2847.19,443411.78,57246.0,500657.77,750986660.7,0.359837,180155.31,320502.46,480753695.72,observed: artist's own Nigerian share of listeners this quarter,OBS,"observed channel views, quarter net change"
Q3_2025,ruger,Ruger,domestic,4274159,60392200,123513,179514.68,241568.8,2964.31,424047.79,53854.4,477902.19,716853290.1,0.351399,167934.29,309967.91,464951858.61,observed: artist's own Nigerian share of listeners this quarter,OBS,"observed channel views, quarter net change"
Q4_2025,ruger,Ruger,domestic,4621747,55722630,126966,194113.37,222890.52,3047.18,420051.08,58234.01,478285.09,717427635.3,0.400629,191614.79,286670.3,430005451.65,observed: artist's own Nigerian share of listeners this quarter,OBS,"observed channel views, quarter net change"
Q1_2026,ruger,Ruger,domestic,4634684,49709100,130145,194656.73,198836.4,3123.48,396616.61,58397.02,455013.63,682520439.6,0.427683,194601.5,260412.13,390618192.46,observed: artist's own Nigerian share of listeners this quarter,OBS,"observed channel views, quarter net change"
Q2_2026,ruger,Ruger,domestic,4991083,58684020,133437,209625.49,234736.08,3202.49,447564.05,62887.65,510451.7,765677549.7,0.447423,228388.0,282063.7,423095547.05,observed: artist's own Nigerian share of listeners this quarter,OBS,"observed channel views, quarter net change"
Q3_2026,ruger,Ruger,domestic,5072757,29225718,134808,213055.79,116902.87,3235.39,333194.06,63916.74,397110.8,595666194.3,0.456366,181227.99,215882.8,323824202.87,observed: artist's own Nigerian share of listeners this quarter,OBS,"observed channel views, quarter net change"
Q1_2019,sarz,Sarz,domestic,0,0,874,0.0,0.0,20.98,20.98,0.0,20.98,31464.0,,,,,not measured: provider published no geography this quarter,UNK,no YouTube presence observed
Q2_2019,sarz,Sarz,domestic,170434,0,997,7158.23,0.0,23.93,7182.16,2147.47,9329.62,13994436.6,,,,,not measured: provider published no geography this quarter,UNK,no YouTube presence observed
Q3_2019,sarz,Sarz,domestic,227898,0,1114,9571.72,0.0,26.74,9598.45,2871.51,12469.97,18704950.2,,,,,not measured: provider published no geography this quarter,UNK,no YouTube presence observed
Q4_2019,sarz,Sarz,domestic,312904,0,2882,13141.97,0.0,69.17,13211.14,3942.59,17153.73,25730589.6,,,,,not measured: provider published no geography this quarter,UNK,no YouTube presence observed
Q1_2020,sarz,Sarz,domestic,325001,0,7069,13650.04,0.0,169.66,13819.7,4095.01,17914.71,26872065.9,,,,,not measured: provider published no geography this quarter,UNK,no YouTube presence observed
Q2_2020,sarz,Sarz,domestic,340375,0,12208,14295.75,0.0,292.99,14588.74,4288.72,18877.47,28316200.5,,,,,not measured: provider published no geography this quarter,UNK,no YouTube presence observed
Q3_2020,sarz,Sarz,domestic,311822,0,18338,13096.52,0.0,440.11,13536.64,3928.96,17465.59,26198389.8,,,,,not measured: provider published no geography this quarter,UNK,no YouTube presence observed
Q4_2020,sarz,Sarz,domestic,256070,0,23754,10754.94,0.0,570.1,11325.04,3226.48,14551.52,21827277.0,,,,,not measured: provider published no geography this quarter,UNK,no YouTube presence observed
Q1_2021,sarz,Sarz,domestic,274174,0,27063,11515.31,0.0,649.51,12164.82,3454.59,15619.41,23429118.6,0.052671,822.69,14796.72,22195085.1,observed: artist's own Nigerian share of listeners this quarter,OBS,no YouTube presence observed
Q2_2021,sarz,Sarz,domestic,566123,0,28982,23777.17,0.0,695.57,24472.73,7133.15,31605.88,47408825.7,0.061334,1938.52,29667.36,44501044.05,observed: artist's own Nigerian share of listeners this quarter,OBS,no YouTube presence observed
Q3_2021,sarz,Sarz,domestic,613208,0,32424,25754.74,0.0,778.18,26532.91,7726.42,34259.33,51388999.2,0.116109,3977.83,30281.51,45422259.32,observed: artist's own Nigerian share of listeners this quarter,OBS,no YouTube presence observed
Q4_2021,sarz,Sarz,domestic,1097400,0,36511,46090.8,0.0,876.26,46967.06,13827.24,60794.3,91191456.0,0.102172,6211.5,54582.8,81874205.57,observed: artist's own Nigerian share of listeners this quarter,OBS,no YouTube presence observed
Q1_2022,sarz,Sarz,domestic,1158362,0,40154,48651.2,0.0,963.7,49614.9,14595.36,64210.26,96315391.8,0.097641,6269.53,57940.73,86911097.65,observed: artist's own Nigerian share of listeners this quarter,OBS,no YouTube presence observed
Q2_2022,sarz,Sarz,domestic,2160193,0,42452,90728.11,0.0,1018.85,91746.95,27218.43,118965.39,178448078.7,0.060789,7231.82,111733.56,167600341.76,observed: artist's own Nigerian share of listeners this quarter,OBS,no YouTube presence observed
Q3_2022,sarz,Sarz,domestic,2343216,0,44575,98415.07,0.0,1069.8,99484.87,29524.52,129009.39,193514090.4,0.047376,6111.94,122897.45,184346175.52,observed: artist's own Nigerian share of listeners this quarter,OBS,no YouTube presence observed
Q4_2022,sarz,Sarz,domestic,2472521,0,46109,103845.88,0.0,1106.62,104952.5,31153.76,136106.26,204159393.9,0.049051,6676.14,129430.12,194145180.76,observed: artist's own Nigerian share of listeners this quarter,OBS,no YouTube presence observed
Q1_2023,sarz,Sarz,domestic,3023353,0,47354,126980.83,0.0,1136.5,128117.32,38094.25,166211.57,249317354.7,0.051028,8481.42,157730.15,236595217.56,observed: artist's own Nigerian share of listeners this quarter,OBS,no YouTube presence observed
Q2_2023,sarz,Sarz,domestic,3395711,0,48440,142619.86,0.0,1162.56,143782.42,42785.96,186568.38,279852570.9,0.052881,9865.91,176702.47,265053708.66,observed: artist's own Nigerian share of listeners this quarter,OBS,no YouTube presence observed
Q3_2023,sarz,Sarz,domestic,3729114,0,49289,156622.79,0.0,1182.94,157805.72,46986.84,204792.56,307188840.6,0.063097,12921.76,191870.8,287806200.48,observed: artist's own Nigerian share of listeners this quarter,OBS,no YouTube presence observed
Q4_2023,sarz,Sarz,domestic,4522128,0,50119,189929.38,0.0,1202.86,191132.23,56978.81,248111.04,372166567.2,0.119279,29594.51,218516.54,327774803.61,observed: artist's own Nigerian share of listeners this quarter,OBS,no YouTube presence observed
Q1_2024,sarz,Sarz,domestic,3998469,3298500,51816,167935.7,13194.0,1243.58,182373.28,50380.71,232753.99,349130987.1,0.144429,33616.36,199137.64,298706453.6,observed: artist's own Nigerian share of listeners this quarter,OBS,"estimated: subscribers x 15 views/month (EST, first-submission methodology)"
Q2_2024,sarz,Sarz,domestic,4376314,3582000,56652,183805.19,14328.0,1359.65,199492.84,55141.56,254634.39,381951588.6,0.181722,46272.71,208361.69,312542529.36,observed: artist's own Nigerian share of listeners this quarter,OBS,"estimated: subscribers x 15 views/month (EST, first-submission methodology)"
Q3_2024,sarz,Sarz,domestic,3792911,3754125,57532,159302.26,15016.5,1380.77,175699.53,47790.68,223490.21,335235312.9,0.167572,37450.63,186039.58,279059374.19,observed: artist's own Nigerian share of listeners this quarter,OBS,"estimated: subscribers x 15 views/month (EST, first-submission methodology)"
Q4_2024,sarz,Sarz,domestic,4570200,1582333,58026,191948.4,6329.33,1392.62,199670.36,57584.52,257254.88,385882314.0,0.201514,51840.43,205414.45,308121676.4,observed: artist's own Nigerian share of listeners this quarter,OBS,"observed channel views, quarter net change"
Q1_2025,sarz,Sarz,domestic,3382663,3267832,59585,142071.85,13071.33,1430.04,156573.21,42621.55,199194.77,298792151.7,0.204357,40706.85,158487.91,237731871.83,observed: artist's own Nigerian share of listeners this quarter,OBS,"observed channel views, quarter net change"
Q2_2025,sarz,Sarz,domestic,3824417,2955666,59835,160625.51,11822.66,1436.04,173884.22,48187.65,222071.87,333107808.3,0.213375,47384.57,174687.31,262030960.33,observed: artist's own Nigerian share of listeners this quarter,OBS,"observed channel views, quarter net change"
Q3_2025,sarz,Sarz,domestic,3912976,3377980,60141,164344.99,13511.92,1443.38,179300.3,49303.5,228603.79,342905690.4,0.262577,60026.06,168577.74,252866607.34,observed: artist's own Nigerian share of listeners this quarter,OBS,"observed channel views, quarter net change"
Q4_2025,sarz,Sarz,domestic,4877142,12232754,60890,204839.96,48931.02,1461.36,255232.34,61451.99,316684.33,475026493.8,0.390115,123543.22,193141.11,289711669.53,observed: artist's own Nigerian share of listeners this quarter,OBS,"observed channel views, quarter net change"
Q1_2026,sarz,Sarz,domestic,4535493,5286920,61539,190490.71,21147.68,1476.94,213115.32,57147.21,270262.53,405393800.7,0.415968,112420.68,157841.86,236762784.06,observed: artist's own Nigerian share of listeners this quarter,OBS,"observed channel views, quarter net change"
Q2_2026,sarz,Sarz,domestic,5618343,0,62260,235970.41,0.0,1494.24,237464.65,70791.12,308255.77,462383651.7,0.582979,179706.64,128549.13,192823691.48,observed: artist's own Nigerian share of listeners this quarter,OBS,no YouTube presence observed
Q3_2026,sarz,Sarz,domestic,5654756,0,62544,237499.75,0.0,1501.06,239000.81,71249.93,310250.73,465376100.4,0.558602,173306.61,136944.12,205416185.74,observed: artist's own Nigerian share of listeners this quarter,OBS,no YouTube presence observed
Q2_2019,sauce-kid,Sauce Kid,diaspora_candidate,1668,0,0,70.06,0.0,0.0,70.06,21.02,91.07,136609.2,,,,,not measured: provider published no geography this quarter,UNK,no YouTube presence observed
Q3_2019,sauce-kid,Sauce Kid,diaspora_candidate,2263,0,94,95.05,0.0,2.26,97.3,28.51,125.82,188723.7,,,,,not measured: provider published no geography this quarter,UNK,no YouTube presence observed
Q4_2019,sauce-kid,Sauce Kid,diaspora_candidate,2492,0,95,104.66,0.0,2.28,106.94,31.4,138.34,207514.8,,,,,not measured: provider published no geography this quarter,UNK,no YouTube presence observed
Q1_2020,sauce-kid,Sauce Kid,diaspora_candidate,1758,0,99,73.84,0.0,2.38,76.21,22.15,98.36,147544.2,,,,,not measured: provider published no geography this quarter,UNK,no YouTube presence observed
Q2_2020,sauce-kid,Sauce Kid,diaspora_candidate,1884,0,101,79.13,0.0,2.42,81.55,23.74,105.29,157935.6,,,,,not measured: provider published no geography this quarter,UNK,no YouTube presence observed
Q3_2020,sauce-kid,Sauce Kid,diaspora_candidate,1986,0,102,83.41,0.0,2.45,85.86,25.02,110.88,166325.4,,,,,not measured: provider published no geography this quarter,UNK,no YouTube presence observed
Q4_2020,sauce-kid,Sauce Kid,diaspora_candidate,1614,0,102,67.79,0.0,2.45,70.24,20.34,90.57,135858.6,,,,,not measured: provider published no geography this quarter,UNK,no YouTube presence observed
Q1_2021,sauce-kid,Sauce Kid,diaspora_candidate,2123,0,103,89.17,0.0,2.47,91.64,26.75,118.39,177581.7,0.224211,26.54,91.84,137765.93,observed: artist's own Nigerian share of listeners this quarter,OBS,no YouTube presence observed
Q2_2021,sauce-kid,Sauce Kid,diaspora_candidate,2391,0,103,100.42,0.0,2.47,102.89,30.13,133.02,199530.9,0.176995,23.54,109.48,164214.95,observed: artist's own Nigerian share of listeners this quarter,OBS,no YouTube presence observed
Q3_2021,sauce-kid,Sauce Kid,diaspora_candidate,2018,0,103,84.76,0.0,2.47,87.23,25.43,112.65,168982.2,0.216675,24.41,88.25,132368.02,observed: artist's own Nigerian share of listeners this quarter,OBS,no YouTube presence observed
Q4_2021,sauce-kid,Sauce Kid,diaspora_candidate,1971,0,106,82.78,0.0,2.54,85.33,24.83,110.16,165240.9,0.243866,26.86,83.3,124944.3,observed: artist's own Nigerian share of listeners this quarter,OBS,no YouTube presence observed
Q1_2022,sauce-kid,Sauce Kid,diaspora_candidate,1909,0,107,80.18,0.0,2.57,82.75,24.05,106.8,160199.1,0.286604,30.61,76.19,114285.34,observed: artist's own Nigerian share of listeners this quarter,OBS,no YouTube presence observed
Q2_2022,sauce-kid,Sauce Kid,diaspora_candidate,2714,0,109,113.99,0.0,2.62,116.6,34.2,150.8,226200.6,0.30142,45.45,105.35,158019.28,observed: artist's own Nigerian share of listeners this quarter,OBS,no YouTube presence observed
Q3_2022,sauce-kid,Sauce Kid,diaspora_candidate,2884,0,109,121.13,0.0,2.62,123.74,36.34,160.08,240123.6,0.234095,37.47,122.61,183911.89,observed: artist's own Nigerian share of listeners this quarter,OBS,no YouTube presence observed
Q4_2022,sauce-kid,Sauce Kid,diaspora_candidate,3284,0,109,137.93,0.0,2.62,140.54,41.38,181.92,272883.6,0.328445,59.75,122.17,183256.39,observed: artist's own Nigerian share of listeners this quarter,OBS,no YouTube presence observed
Q1_2023,sauce-kid,Sauce Kid,diaspora_candidate,3390,0,110,142.38,0.0,2.64,145.02,42.71,187.73,281601.0,0.48242,90.57,97.17,145751.17,observed: artist's own Nigerian share of listeners this quarter,OBS,no YouTube presence observed
Q2_2023,sauce-kid,Sauce Kid,diaspora_candidate,3990,0,112,167.58,0.0,2.69,170.27,50.27,220.54,330813.0,0.527061,116.24,104.3,156454.3,observed: artist's own Nigerian share of listeners this quarter,OBS,no YouTube presence observed
Q3_2023,sauce-kid,Sauce Kid,diaspora_candidate,4587,0,113,192.65,0.0,2.71,195.37,57.8,253.16,379743.3,0.573182,145.11,108.05,162081.42,observed: artist's own Nigerian share of listeners this quarter,OBS,no YouTube presence observed
Q4_2023,sauce-kid,Sauce Kid,diaspora_candidate,3673,0,114,154.27,0.0,2.74,157.0,46.28,203.28,304922.7,0.62352,126.75,76.53,114797.32,observed: artist's own Nigerian share of listeners this quarter,OBS,no YouTube presence observed
Q1_2024,sauce-kid,Sauce Kid,diaspora_candidate,4379,83700,114,183.92,334.8,2.74,521.45,55.18,576.63,864944.1,0.628258,362.27,214.36,321536.15,observed: artist's own Nigerian share of listeners this quarter,OBS,"estimated: subscribers x 15 views/month (EST, first-submission methodology)"
Q2_2024,sauce-kid,Sauce Kid,diaspora_candidate,4266,83700,116,179.17,334.8,2.78,516.76,53.75,570.51,855761.4,0.660009,376.54,193.97,290950.93,observed: artist's own Nigerian share of listeners this quarter,OBS,"estimated: subscribers x 15 views/month (EST, first-submission methodology)"
Q3_2024,sauce-kid,Sauce Kid,diaspora_candidate,5474,5331,116,229.91,21.32,2.78,254.02,68.97,322.99,484482.6,0.66192,213.79,109.2,163794.12,observed: artist's own Nigerian share of listeners this quarter,OBS,"observed channel views, quarter net change"
Q4_2024,sauce-kid,Sauce Kid,diaspora_candidate,4725,84150,117,198.45,336.6,2.81,537.86,59.54,597.39,896089.5,0.660913,394.83,202.57,303851.86,observed: artist's own Nigerian share of listeners this quarter,OBS,"estimated: subscribers x 15 views/month (EST, first-submission methodology)"
Q1_2025,sauce-kid,Sauce Kid,diaspora_candidate,6267,83790,118,263.21,335.16,2.83,601.21,78.96,680.17,1020255.3,0.739047,502.68,177.49,266238.67,observed: artist's own Nigerian share of listeners this quarter,OBS,"estimated: subscribers x 15 views/month (EST, first-submission methodology)"
Q2_2025,sauce-kid,Sauce Kid,diaspora_candidate,5649,1493,118,237.26,5.97,2.83,246.06,71.18,317.24,475859.1,0.718792,228.03,89.21,133815.17,observed: artist's own Nigerian share of listeners this quarter,OBS,"observed channel views, quarter net change"
Q3_2025,sauce-kid,Sauce Kid,diaspora_candidate,6448,1528,119,270.82,6.11,2.86,279.78,81.24,361.03,541543.2,0.742726,268.15,92.88,139325.19,observed: artist's own Nigerian share of listeners this quarter,OBS,"observed channel views, quarter net change"
Q4_2025,sauce-kid,Sauce Kid,diaspora_candidate,6160,1529,120,258.72,6.12,2.88,267.72,77.62,345.33,517998.0,0.756888,261.38,83.95,125931.44,observed: artist's own Nigerian share of listeners this quarter,OBS,"observed channel views, quarter net change"
Q1_2026,sauce-kid,Sauce Kid,diaspora_candidate,6123,1465,123,257.17,5.86,2.95,265.98,77.15,343.13,514691.7,0.796104,273.17,69.96,104943.46,observed: artist's own Nigerian share of listeners this quarter,OBS,"observed channel views, quarter net change"
Q2_2026,sauce-kid,Sauce Kid,diaspora_candidate,10436,84150,127,438.31,336.6,3.05,777.96,131.49,909.45,1364180.4,0.784496,713.46,195.99,293986.37,observed: artist's own Nigerian share of listeners this quarter,OBS,"estimated: subscribers x 15 views/month (EST, first-submission methodology)"
Q3_2026,sauce-kid,Sauce Kid,diaspora_candidate,9312,83700,127,391.1,334.8,3.05,728.95,117.33,846.28,1269424.8,0.778458,658.8,187.49,281231.03,observed: artist's own Nigerian share of listeners this quarter,OBS,"estimated: subscribers x 15 views/month (EST, first-submission methodology)"
Q1_2019,sean-tizzle,Sean Tizzle,domestic,0,580860,4282,0.0,2323.44,102.77,2426.21,0.0,2426.21,3639312.0,,,,,not measured: provider published no geography this quarter,UNK,"estimated: subscribers x 15 views/month (EST, first-submission methodology)"
Q2_2019,sean-tizzle,Sean Tizzle,domestic,53907,608760,4293,2264.09,2435.04,103.03,4802.17,679.23,5481.39,8222091.3,,,,,not measured: provider published no geography this quarter,UNK,"estimated: subscribers x 15 views/month (EST, first-submission methodology)"
Q3_2019,sean-tizzle,Sean Tizzle,domestic,51564,625500,4304,2165.69,2502.0,103.3,4770.98,649.71,5420.69,8131035.6,,,,,not measured: provider published no geography this quarter,UNK,"estimated: subscribers x 15 views/month (EST, first-submission methodology)"
Q4_2019,sean-tizzle,Sean Tizzle,domestic,47898,648000,4317,2011.72,2592.0,103.61,4707.32,603.51,5310.84,7966258.2,,,,,not measured: provider published no geography this quarter,UNK,"estimated: subscribers x 15 views/month (EST, first-submission methodology)"
Q1_2020,sean-tizzle,Sean Tizzle,domestic,49975,675000,4333,2098.95,2700.0,103.99,4902.94,629.68,5532.63,8298940.5,,,,,not measured: provider published no geography this quarter,UNK,"estimated: subscribers x 15 views/month (EST, first-submission methodology)"
Q2_2020,sean-tizzle,Sean Tizzle,domestic,52517,738000,4346,2205.71,2952.0,104.3,5262.02,661.71,5923.73,8885598.3,,,,,not measured: provider published no geography this quarter,UNK,"estimated: subscribers x 15 views/month (EST, first-submission methodology)"
Q3_2020,sean-tizzle,Sean Tizzle,domestic,47586,931500,4363,1998.61,3726.0,104.71,5829.32,599.58,6428.91,9643361.4,,,,,not measured: provider published no geography this quarter,UNK,"estimated: subscribers x 15 views/month (EST, first-submission methodology)"
Q4_2020,sean-tizzle,Sean Tizzle,domestic,54656,958500,4379,2295.55,3834.0,105.1,6234.65,688.67,6923.31,10384970.4,,,,,not measured: provider published no geography this quarter,UNK,"estimated: subscribers x 15 views/month (EST, first-submission methodology)"
Q1_2021,sean-tizzle,Sean Tizzle,domestic,100787,1017000,4417,4233.05,4068.0,106.01,8407.06,1269.92,9676.98,14515467.3,0.084058,813.43,8863.55,13295319.47,observed: artist's own Nigerian share of listeners this quarter,OBS,"estimated: subscribers x 15 views/month (EST, first-submission methodology)"
Q2_2021,sean-tizzle,Sean Tizzle,domestic,73710,1044000,4469,3095.82,4176.0,107.26,7379.08,928.75,8307.82,12461733.0,0.081197,674.57,7633.25,11449877.14,observed: artist's own Nigerian share of listeners this quarter,OBS,"estimated: subscribers x 15 views/month (EST, first-submission methodology)"
Q3_2021,sean-tizzle,Sean Tizzle,domestic,70540,24335,4532,2962.68,97.34,108.77,3168.79,888.8,4057.59,6086388.0,0.089417,362.82,3694.77,5542161.67,observed: artist's own Nigerian share of listeners this quarter,OBS,"observed channel views, quarter net change"
Q4_2021,sean-tizzle,Sean Tizzle,domestic,73715,289363,4565,3096.03,1157.45,109.56,4363.04,928.81,5291.85,7937776.5,0.101021,534.59,4757.26,7135892.55,observed: artist's own Nigerian share of listeners this quarter,OBS,"observed channel views, quarter net change"
Q1_2022,sean-tizzle,Sean Tizzle,domestic,80038,282946,4597,3361.6,1131.78,110.33,4603.71,1008.48,5612.19,8418280.2,0.097849,549.15,5063.04,7594556.35,observed: artist's own Nigerian share of listeners this quarter,OBS,"observed channel views, quarter net change"
Q2_2022,sean-tizzle,Sean Tizzle,domestic,123004,291018,4617,5166.17,1164.07,110.81,6441.05,1549.85,7990.9,11986347.6,0.073742,589.27,7401.63,11102448.74,observed: artist's own Nigerian share of listeners this quarter,OBS,"observed channel views, quarter net change"
Q3_2022,sean-tizzle,Sean Tizzle,domestic,173931,258977,4636,7305.1,1035.91,111.26,8452.27,2191.53,10643.8,15965706.9,0.04493,478.22,10165.58,15248371.01,observed: artist's own Nigerian share of listeners this quarter,OBS,"observed channel views, quarter net change"
Q4_2022,sean-tizzle,Sean Tizzle,domestic,160945,326418,4650,6759.69,1305.67,111.6,8176.96,2027.91,10204.87,15307303.5,0.083375,850.83,9354.04,14031058.6,observed: artist's own Nigerian share of listeners this quarter,OBS,"observed channel views, quarter net change"
Q1_2023,sean-tizzle,Sean Tizzle,domestic,153032,211289,4665,6427.34,845.16,111.96,7384.46,1928.2,9312.66,13968994.8,0.125154,1165.52,8147.14,12220715.12,observed: artist's own Nigerian share of listeners this quarter,OBS,"observed channel views, quarter net change"
Q2_2023,sean-tizzle,Sean Tizzle,domestic,216458,415738,4685,9091.24,1662.95,112.44,10866.63,2727.37,13594.0,20390998.2,0.188939,2568.44,11025.56,16538335.34,observed: artist's own Nigerian share of listeners this quarter,OBS,"observed channel views, quarter net change"
Q3_2023,sean-tizzle,Sean Tizzle,domestic,129553,500261,4702,5441.23,2001.04,112.85,7555.12,1632.37,9187.49,13781228.7,0.234155,2151.3,7036.19,10554284.59,observed: artist's own Nigerian share of listeners this quarter,OBS,"observed channel views, quarter net change"
Q4_2023,sean-tizzle,Sean Tizzle,domestic,103902,311633,4720,4363.88,1246.53,113.28,5723.7,1309.17,7032.86,10549291.8,0.383533,2697.33,4335.53,6503292.54,observed: artist's own Nigerian share of listeners this quarter,OBS,"observed channel views, quarter net change"
Q1_2024,sean-tizzle,Sean Tizzle,domestic,161856,484529,4732,6797.95,1938.12,113.57,8849.64,2039.39,10889.02,16333532.4,0.388046,4225.44,6663.58,9995375.72,observed: artist's own Nigerian share of listeners this quarter,OBS,"observed channel views, quarter net change"
Q2_2024,sean-tizzle,Sean Tizzle,domestic,159198,16184676,4740,6686.32,64738.7,113.76,71538.78,2005.89,73544.67,110317012.2,0.57337,42168.34,31376.33,47064497.39,observed: artist's own Nigerian share of listeners this quarter,OBS,"observed channel views, quarter net change"
Q3_2024,sean-tizzle,Sean Tizzle,domestic,145422,493357,4747,6107.72,1973.43,113.93,8195.08,1832.32,10027.4,15041095.8,0.586077,5876.83,4150.57,6225854.17,observed: artist's own Nigerian share of listeners this quarter,OBS,"observed channel views, quarter net change"
Q4_2024,sean-tizzle,Sean Tizzle,domestic,163631,2183850,4756,6872.5,8735.4,114.14,15722.05,2061.75,17783.8,26675694.9,0.607632,10806.0,6977.8,10466696.63,observed: artist's own Nigerian share of listeners this quarter,OBS,"estimated: subscribers x 15 views/month (EST, first-submission methodology)"
Q1_2025,sean-tizzle,Sean Tizzle,domestic,147256,658399,4770,6184.75,2633.6,114.48,8932.83,1855.43,10788.25,16182380.4,0.672251,7252.42,3535.84,5303754.34,observed: artist's own Nigerian share of listeners this quarter,OBS,"observed channel views, quarter net change"
Q2_2025,sean-tizzle,Sean Tizzle,domestic,152048,1955774,4778,6386.02,7823.1,114.67,14323.78,1915.8,16239.59,24359383.2,0.639463,10384.62,5854.97,8782460.13,observed: artist's own Nigerian share of listeners this quarter,OBS,"observed channel views, quarter net change"
Q3_2025,sean-tizzle,Sean Tizzle,domestic,151953,727426,4783,6382.03,2909.7,114.79,9406.52,1914.61,11321.13,16981694.7,0.665162,7530.38,3790.75,5686120.16,observed: artist's own Nigerian share of listeners this quarter,OBS,"observed channel views, quarter net change"
Q4_2025,sean-tizzle,Sean Tizzle,domestic,157703,676462,4801,6623.53,2705.85,115.22,9444.6,1987.06,11431.66,17147483.7,0.704459,8053.14,3378.52,5067780.15,observed: artist's own Nigerian share of listeners this quarter,OBS,"observed channel views, quarter net change"
Q1_2026,sean-tizzle,Sean Tizzle,domestic,220846,1441682,4810,9275.53,5766.73,115.44,15157.7,2782.66,17940.36,26910539.4,0.76636,13748.77,4191.59,6287390.89,observed: artist's own Nigerian share of listeners this quarter,OBS,"observed channel views, quarter net change"
Q2_2026,sean-tizzle,Sean Tizzle,domestic,257078,702091,4837,10797.28,2808.36,116.09,13721.73,3239.18,16960.91,25441366.2,0.771276,13081.54,3879.37,5819060.1,observed: artist's own Nigerian share of listeners this quarter,OBS,"observed channel views, quarter net change"
Q3_2026,sean-tizzle,Sean Tizzle,domestic,234250,219077,4855,9838.5,876.31,116.52,10831.33,2951.55,13782.88,20674317.0,0.773315,10658.51,3124.37,4686552.12,observed: artist's own Nigerian share of listeners this quarter,OBS,"observed channel views, quarter net change"
Q1_2019,seyi-shay,Seyi Shay,domestic,0,2625480,2360,0.0,10501.92,56.64,10558.56,0.0,10558.56,15837840.0,,,,,not measured: provider published no geography this quarter,UNK,"estimated: subscribers x 15 views/month (EST, first-submission methodology)"
Q2_2019,seyi-shay,Seyi Shay,domestic,68043,2879775,2377,2857.81,11519.1,57.05,14433.95,857.34,15291.3,22936943.7,,,,,not measured: provider published no geography this quarter,UNK,"estimated: subscribers x 15 views/month (EST, first-submission methodology)"
Q3_2019,seyi-shay,Seyi Shay,domestic,149185,3429000,2562,6265.77,13716.0,61.49,20043.26,1879.73,21922.99,32884483.5,,,,,not measured: provider published no geography this quarter,UNK,"estimated: subscribers x 15 views/month (EST, first-submission methodology)"
Q4_2019,seyi-shay,Seyi Shay,domestic,162726,3721500,4281,6834.49,14886.0,102.74,21823.24,2050.35,23873.58,35810375.4,,,,,not measured: provider published no geography this quarter,UNK,"estimated: subscribers x 15 views/month (EST, first-submission methodology)"
Q1_2020,seyi-shay,Seyi Shay,domestic,120875,3901500,5880,5076.75,15606.0,141.12,20823.87,1523.02,22346.9,33520342.5,,,,,not measured: provider published no geography this quarter,UNK,"estimated: subscribers x 15 views/month (EST, first-submission methodology)"
Q2_2020,seyi-shay,Seyi Shay,domestic,142679,4162500,6986,5992.52,16650.0,167.66,22810.18,1797.76,24607.94,36911906.1,,,,,not measured: provider published no geography this quarter,UNK,"estimated: subscribers x 15 views/month (EST, first-submission methodology)"
Q3_2020,seyi-shay,Seyi Shay,domestic,139019,4455000,7102,5838.8,17820.0,170.45,23829.25,1751.64,25580.89,38371328.1,,,,,not measured: provider published no geography this quarter,UNK,"estimated: subscribers x 15 views/month (EST, first-submission methodology)"
Q4_2020,seyi-shay,Seyi Shay,domestic,157419,4545000,7161,6611.6,18180.0,171.86,24963.46,1983.48,26946.94,40420412.1,,,,,not measured: provider published no geography this quarter,UNK,"estimated: subscribers x 15 views/month (EST, first-submission methodology)"
Q1_2021,seyi-shay,Seyi Shay,domestic,104093,4680000,7189,4371.91,18720.0,172.54,23264.44,1311.57,24576.01,36864020.7,0.029541,726.0,23850.02,35775024.67,observed: artist's own Nigerian share of listeners this quarter,OBS,"estimated: subscribers x 15 views/month (EST, first-submission methodology)"
Q2_2021,seyi-shay,Seyi Shay,domestic,150960,5175000,7278,6340.32,20700.0,174.67,27214.99,1902.1,29117.09,43675632.0,0.026225,763.59,28353.5,42530245.78,observed: artist's own Nigerian share of listeners this quarter,OBS,"estimated: subscribers x 15 views/month (EST, first-submission methodology)"
Q3_2021,seyi-shay,Seyi Shay,domestic,105721,34031,7330,4440.28,136.12,175.92,4752.33,1332.08,6084.41,9126615.9,0.038023,231.34,5853.07,8779598.91,observed: artist's own Nigerian share of listeners this quarter,OBS,"observed channel views, quarter net change"
Q4_2021,seyi-shay,Seyi Shay,domestic,106794,867583,7383,4485.35,3470.33,177.19,8132.87,1345.6,9478.48,14217714.6,0.072296,685.26,8793.22,13189831.25,observed: artist's own Nigerian share of listeners this quarter,OBS,"observed channel views, quarter net change"
Q1_2022,seyi-shay,Seyi Shay,domestic,104336,1217242,7456,4382.11,4868.97,178.94,9430.02,1314.63,10744.66,16116986.4,0.054694,587.67,10156.99,15235486.42,observed: artist's own Nigerian share of listeners this quarter,OBS,"observed channel views, quarter net change"
Q2_2022,seyi-shay,Seyi Shay,domestic,97133,471005,7484,4079.59,1884.02,179.62,6143.22,1223.88,7367.1,11050646.7,0.046867,345.28,7021.82,10532734.04,observed: artist's own Nigerian share of listeners this quarter,OBS,"observed channel views, quarter net change"
Q3_2022,seyi-shay,Seyi Shay,domestic,81540,484254,7514,3424.68,1937.02,180.34,5542.03,1027.4,6569.44,9854154.0,0.042777,281.02,6288.41,9432619.25,observed: artist's own Nigerian share of listeners this quarter,OBS,"observed channel views, quarter net change"
Q4_2022,seyi-shay,Seyi Shay,domestic,83150,595111,7531,3492.3,2380.44,180.74,6053.49,1047.69,7101.18,10651767.0,0.069051,490.34,6610.83,9916252.15,observed: artist's own Nigerian share of listeners this quarter,OBS,"observed channel views, quarter net change"
Q1_2023,seyi-shay,Seyi Shay,domestic,77155,539824,7541,3240.51,2159.3,180.98,5580.79,972.15,6552.94,9829414.5,0.106278,696.43,5856.51,8784766.15,observed: artist's own Nigerian share of listeners this quarter,OBS,"observed channel views, quarter net change"
Q2_2023,seyi-shay,Seyi Shay,domestic,85938,553481,7552,3609.4,2213.92,181.25,6004.57,1082.82,7087.39,10631080.2,0.124476,882.21,6205.17,9307761.57,observed: artist's own Nigerian share of listeners this quarter,OBS,"observed channel views, quarter net change"
Q3_2023,seyi-shay,Seyi Shay,domestic,81700,547798,7567,3431.4,2191.19,181.61,5804.2,1029.42,6833.62,10250430.0,0.16036,1095.84,5737.78,8606672.04,observed: artist's own Nigerian share of listeners this quarter,OBS,"observed channel views, quarter net change"
Q4_2023,seyi-shay,Seyi Shay,domestic,87368,6030000,7594,3669.46,24120.0,182.26,27971.71,1100.84,29072.55,43608823.2,0.285798,8308.89,20763.66,31145490.67,observed: artist's own Nigerian share of listeners this quarter,OBS,"estimated: subscribers x 15 views/month (EST, first-submission methodology)"
Q1_2024,seyi-shay,Seyi Shay,domestic,84211,349651,7607,3536.86,1398.6,182.57,5118.03,1061.06,6179.09,9268638.9,0.300537,1857.04,4322.05,6483073.4,observed: artist's own Nigerian share of listeners this quarter,OBS,"observed channel views, quarter net change"
Q2_2024,seyi-shay,Seyi Shay,domestic,82767,350575,7626,3476.21,1402.3,183.02,5061.54,1042.86,6104.4,9156603.3,0.31512,1923.62,4180.78,6271172.18,observed: artist's own Nigerian share of listeners this quarter,OBS,"observed channel views, quarter net change"
Q3_2024,seyi-shay,Seyi Shay,domestic,88072,713979,7635,3699.02,2855.92,183.24,6738.18,1109.71,7847.89,11771830.8,0.348022,2731.24,5116.65,7674970.97,observed: artist's own Nigerian share of listeners this quarter,OBS,"observed channel views, quarter net change"
Q4_2024,seyi-shay,Seyi Shay,domestic,95211,735414,7649,3998.86,2941.66,183.58,7124.09,1199.66,8323.75,12485628.9,0.426207,3547.64,4776.11,7164172.48,observed: artist's own Nigerian share of listeners this quarter,OBS,"observed channel views, quarter net change"
Q1_2025,seyi-shay,Seyi Shay,domestic,112013,712520,7673,4704.55,2850.08,184.15,7738.78,1411.36,9150.14,13725212.7,0.5227,4782.78,4367.36,6551042.24,observed: artist's own Nigerian share of listeners this quarter,OBS,"observed channel views, quarter net change"
Q2_2025,seyi-shay,Seyi Shay,domestic,123957,771464,7684,5206.19,3085.86,184.42,8476.47,1561.86,10038.32,15057486.3,0.492042,4939.27,5099.05,7648576.72,observed: artist's own Nigerian share of listeners this quarter,OBS,"observed channel views, quarter net change"
Q3_2025,seyi-shay,Seyi Shay,domestic,132182,886614,7705,5551.64,3546.46,184.92,9283.02,1665.49,10948.51,16422769.8,0.529211,5794.07,5154.44,7731661.91,observed: artist's own Nigerian share of listeners this quarter,OBS,"observed channel views, quarter net change"
Q4_2025,seyi-shay,Seyi Shay,domestic,150703,999612,7729,6329.53,3998.45,185.5,10513.47,1898.86,12412.33,18618491.7,0.548155,6803.88,5608.45,8412673.95,observed: artist's own Nigerian share of listeners this quarter,OBS,"observed channel views, quarter net change"
Q1_2026,seyi-shay,Seyi Shay,domestic,161182,914336,7747,6769.64,3657.34,185.93,10612.92,2030.89,12643.81,18965713.8,0.581213,7348.74,5295.07,7942603.06,observed: artist's own Nigerian share of listeners this quarter,OBS,"observed channel views, quarter net change"
Q2_2026,seyi-shay,Seyi Shay,domestic,175668,835566,7787,7378.06,3342.26,186.89,10907.21,2213.42,13120.62,19680937.2,0.540059,7085.91,6034.72,9052079.39,observed: artist's own Nigerian share of listeners this quarter,OBS,"observed channel views, quarter net change"
Q3_2026,seyi-shay,Seyi Shay,domestic,174065,429223,7802,7310.73,1716.89,187.25,9214.87,2193.22,11408.09,17112133.5,0.554946,6330.87,5077.22,7615827.37,observed: artist's own Nigerian share of listeners this quarter,OBS,"observed channel views, quarter net change"
Q3_2019,seyi-vibez,Seyi Vibez,domestic,7,0,0,0.29,0.0,0.0,0.29,0.09,0.38,573.3,,,,,not measured: provider published no geography this quarter,UNK,no YouTube presence observed
Q4_2019,seyi-vibez,Seyi Vibez,domestic,12,0,0,0.5,0.0,0.0,0.5,0.15,0.66,982.8,,,,,not measured: provider published no geography this quarter,UNK,no YouTube presence observed
Q1_2020,seyi-vibez,Seyi Vibez,domestic,54,0,0,2.27,0.0,0.0,2.27,0.68,2.95,4422.6,,,,,not measured: provider published no geography this quarter,UNK,no YouTube presence observed
Q2_2020,seyi-vibez,Seyi Vibez,domestic,126,0,5,5.29,0.0,0.12,5.41,1.59,7.0,10499.4,,,,,not measured: provider published no geography this quarter,UNK,no YouTube presence observed
Q3_2020,seyi-vibez,Seyi Vibez,domestic,840,0,121,35.28,0.0,2.9,38.18,10.58,48.77,73152.0,,,,,not measured: provider published no geography this quarter,UNK,no YouTube presence observed
Q4_2020,seyi-vibez,Seyi Vibez,domestic,1202,0,319,50.48,0.0,7.66,58.14,15.15,73.29,109927.8,,,,,not measured: provider published no geography this quarter,UNK,no YouTube presence observed
Q1_2021,seyi-vibez,Seyi Vibez,domestic,8038,0,738,337.6,0.0,17.71,355.31,101.28,456.59,684880.2,0.559592,255.5,201.08,301626.76,observed: artist's own Nigerian share of listeners this quarter,OBS,no YouTube presence observed
Q2_2021,seyi-vibez,Seyi Vibez,domestic,11270,0,1072,473.34,0.0,25.73,499.07,142.0,641.07,961605.0,0.475477,304.81,336.26,504384.21,observed: artist's own Nigerian share of listeners this quarter,OBS,no YouTube presence observed
Q3_2021,seyi-vibez,Seyi Vibez,domestic,18492,0,1578,776.66,0.0,37.87,814.54,233.0,1047.54,1571302.8,0.577887,605.36,442.18,663267.89,observed: artist's own Nigerian share of listeners this quarter,OBS,no YouTube presence observed
Q4_2021,seyi-vibez,Seyi Vibez,domestic,32604,199583,2144,1369.37,798.33,51.46,2219.16,410.81,2629.97,3944949.6,0.69786,1835.35,794.62,1191927.93,observed: artist's own Nigerian share of listeners this quarter,OBS,"observed channel views, quarter net change"
Q1_2022,seyi-vibez,Seyi Vibez,domestic,53371,101166,3351,2241.58,404.66,80.42,2726.67,672.47,3399.14,5098716.9,0.520074,1767.81,1631.34,2447004.5,observed: artist's own Nigerian share of listeners this quarter,OBS,"observed channel views, quarter net change"
Q2_2022,seyi-vibez,Seyi Vibez,domestic,58619,125497,4150,2462.0,501.99,99.6,3063.59,738.6,3802.19,5703278.1,0.523194,1989.28,1812.9,2719356.87,observed: artist's own Nigerian share of listeners this quarter,OBS,"observed channel views, quarter net change"
Q3_2022,seyi-vibez,Seyi Vibez,domestic,67191,175873,4473,2822.02,703.49,107.35,3632.87,846.61,4479.47,6719208.9,0.639997,2866.85,1612.62,2418934.77,observed: artist's own Nigerian share of listeners this quarter,OBS,"observed channel views, quarter net change"
Q4_2022,seyi-vibez,Seyi Vibez,domestic,226133,113466,4736,9497.59,453.86,113.66,10065.11,2849.28,12914.39,19371584.7,0.779157,10062.33,2852.06,4278088.29,observed: artist's own Nigerian share of listeners this quarter,OBS,"observed channel views, quarter net change"
Q1_2023,seyi-vibez,Seyi Vibez,domestic,925770,140097,5465,38882.34,560.39,131.16,39573.89,11664.7,51238.59,76857885.0,0.512229,26245.89,24992.7,37489049.78,observed: artist's own Nigerian share of listeners this quarter,OBS,"observed channel views, quarter net change"
Q2_2023,seyi-vibez,Seyi Vibez,domestic,1303818,81777,6509,54760.36,327.11,156.22,55243.68,16428.11,71671.79,107507680.2,0.499225,35780.32,35891.47,53837204.53,observed: artist's own Nigerian share of listeners this quarter,OBS,"observed channel views, quarter net change"
Q3_2023,seyi-vibez,Seyi Vibez,domestic,1756353,40081,7585,73766.83,160.32,182.04,74109.19,22130.05,96239.24,144358856.7,0.38326,36884.63,59354.61,89031912.94,observed: artist's own Nigerian share of listeners this quarter,OBS,"observed channel views, quarter net change"
Q4_2023,seyi-vibez,Seyi Vibez,domestic,1614550,38964,10326,67811.1,155.86,247.82,68214.78,20343.33,88558.11,132837165.0,0.65082,57635.35,30922.76,46384137.62,observed: artist's own Nigerian share of listeners this quarter,OBS,"observed channel views, quarter net change"
Q1_2024,seyi-vibez,Seyi Vibez,domestic,1982088,51966,11235,83247.7,207.86,269.64,83725.2,24974.31,108699.51,163049263.2,0.559173,60781.79,47917.72,71876577.66,observed: artist's own Nigerian share of listeners this quarter,OBS,"observed channel views, quarter net change"
Q2_2024,seyi-vibez,Seyi Vibez,domestic,3141629,49194,12589,131948.42,196.78,302.14,132447.33,39584.53,172031.86,258047783.1,0.535029,92042.07,79989.79,119984685.37,observed: artist's own Nigerian share of listeners this quarter,OBS,"observed channel views, quarter net change"
Q3_2024,seyi-vibez,Seyi Vibez,domestic,2646396,54269,14083,111148.63,217.08,337.99,111703.7,33344.59,145048.29,217572434.4,0.619213,89815.85,55232.44,82848656.44,observed: artist's own Nigerian share of listeners this quarter,OBS,"observed channel views, quarter net change"
Q4_2024,seyi-vibez,Seyi Vibez,domestic,2764773,58958,15210,116120.47,235.83,365.04,116721.34,34836.14,151557.48,227336216.7,0.706103,107015.16,44542.32,66813483.89,observed: artist's own Nigerian share of listeners this quarter,OBS,"observed channel views, quarter net change"
Q1_2025,seyi-vibez,Seyi Vibez,domestic,2819341,25720660,16202,118412.32,102882.64,388.85,221683.81,35523.7,257207.51,385811259.9,0.907243,233349.77,23857.74,35786611.13,observed: artist's own Nigerian share of listeners this quarter,OBS,"observed channel views, quarter net change"
Q2_2025,seyi-vibez,Seyi Vibez,domestic,3845898,29467700,17200,161527.72,117870.8,412.8,279811.32,48458.31,328269.63,492404446.2,0.804656,264144.07,64125.56,96188338.81,observed: artist's own Nigerian share of listeners this quarter,OBS,"observed channel views, quarter net change"
Q3_2025,seyi-vibez,Seyi Vibez,domestic,3374553,26214480,18629,141731.23,104857.92,447.1,247036.24,42519.37,289555.61,434333414.7,0.850951,246397.68,43157.93,64736887.76,observed: artist's own Nigerian share of listeners this quarter,OBS,"observed channel views, quarter net change"
Q4_2025,seyi-vibez,Seyi Vibez,domestic,3862950,23362370,19703,162243.9,93449.48,472.87,256166.25,48673.17,304839.42,457259133.0,0.820063,249987.43,54852.0,82277992.75,observed: artist's own Nigerian share of listeners this quarter,OBS,"observed channel views, quarter net change"
Q1_2026,seyi-vibez,Seyi Vibez,domestic,3485247,35769210,20869,146380.37,143076.84,500.86,289958.07,43914.11,333872.18,500808273.3,0.405047,135234.0,198638.18,297957267.41,assumed: portfolio-wide ratio applied to an artist without own geography,ASM,"observed channel views, quarter net change"
Q2_2026,seyi-vibez,Seyi Vibez,domestic,3618667,80259,21996,151984.01,321.04,527.9,152832.95,45595.2,198428.16,297642237.3,0.401327,79634.62,118793.54,178190305.11,assumed: portfolio-wide ratio applied to an artist without own geography,ASM,"observed channel views, quarter net change"
Q3_2026,seyi-vibez,Seyi Vibez,domestic,3819494,35893,22461,160418.75,143.57,539.06,161101.38,48125.62,209227.01,313840512.6,0.404638,84661.2,124565.81,186848709.18,assumed: portfolio-wide ratio applied to an artist without own geography,ASM,"observed channel views, quarter net change"
Q4_2022,shallipopi,Shallipopi,domestic,72,0,5,3.02,0.0,0.12,3.14,0.91,4.05,6076.8,0.898551,3.64,0.41,616.49,observed: artist's own Nigerian share of listeners this quarter,OBS,no YouTube presence observed
Q1_2023,shallipopi,Shallipopi,domestic,65265,0,12,2741.13,0.0,0.29,2741.42,822.34,3563.76,5345635.5,0.079414,283.01,3280.75,4921117.74,assumed: portfolio-wide ratio applied to an artist without own geography,ASM,no YouTube presence observed
Q2_2023,shallipopi,Shallipopi,domestic,345156,0,65,14496.55,0.0,1.56,14498.11,4348.97,18847.08,28270616.4,0.91811,17303.7,1543.38,2315073.7,observed: artist's own Nigerian share of listeners this quarter,OBS,no YouTube presence observed
Q3_2023,shallipopi,Shallipopi,domestic,708745,0,470,29767.29,0.0,11.28,29778.57,8930.19,38708.76,58063135.5,0.125725,4866.66,33842.1,50763144.37,assumed: portfolio-wide ratio applied to an artist without own geography,ASM,no YouTube presence observed
Q4_2023,shallipopi,Shallipopi,domestic,1517743,0,1361,63745.21,0.0,32.66,63777.87,19123.56,82901.43,124352147.7,0.995524,82530.33,371.1,556655.49,observed: artist's own Nigerian share of listeners this quarter,OBS,no YouTube presence observed
Q1_2024,shallipopi,Shallipopi,domestic,1713542,8664514,2145,71968.76,34658.06,51.48,106678.3,21590.63,128268.93,192403393.8,0.65339,83809.6,44459.33,66688987.76,observed: artist's own Nigerian share of listeners this quarter,OBS,"observed channel views, quarter net change"
Q2_2024,shallipopi,Shallipopi,domestic,2418570,8300841,2885,101579.94,33203.36,69.24,134852.54,30473.98,165326.53,247989789.0,0.745873,123312.53,42014.0,63020994.98,observed: artist's own Nigerian share of listeners this quarter,OBS,"observed channel views, quarter net change"
Q3_2024,shallipopi,Shallipopi,domestic,2805885,14622937,4006,117847.17,58491.75,96.14,176435.06,35354.15,211789.21,317683819.5,0.653313,138364.56,73424.65,110136980.2,observed: artist's own Nigerian share of listeners this quarter,OBS,"observed channel views, quarter net change"
Q4_2024,shallipopi,Shallipopi,domestic,2839842,11996800,5124,119273.36,47987.2,122.98,167383.54,35782.01,203165.55,304748323.8,0.750905,152558.06,50607.49,75911236.18,observed: artist's own Nigerian share of listeners this quarter,OBS,"observed channel views, quarter net change"
Q1_2025,shallipopi,Shallipopi,domestic,3601408,17503800,6314,151259.14,70015.2,151.54,221425.87,45377.74,266803.61,400205419.2,0.797341,212733.46,54070.15,81105231.64,observed: artist's own Nigerian share of listeners this quarter,OBS,"observed channel views, quarter net change"
Q2_2025,shallipopi,Shallipopi,domestic,6102075,49689830,8903,256287.15,198759.32,213.67,455260.14,76886.14,532146.29,798219430.5,0.408909,217599.51,314546.77,471820161.45,observed: artist's own Nigerian share of listeners this quarter,OBS,"observed channel views, quarter net change"
Q3_2025,shallipopi,Shallipopi,domestic,5853023,45579060,11763,245826.97,182316.24,282.31,428425.52,73748.09,502173.61,753260411.7,0.503065,252626.1,249547.51,374321260.84,observed: artist's own Nigerian share of listeners this quarter,OBS,"observed channel views, quarter net change"
Q4_2025,shallipopi,Shallipopi,domestic,6140394,41044020,13874,257896.55,164176.08,332.98,422405.6,77368.96,499774.57,749661852.6,0.549642,274697.3,225077.27,337615897.67,observed: artist's own Nigerian share of listeners this quarter,OBS,"observed channel views, quarter net change"
Q1_2026,shallipopi,Shallipopi,domestic,4554986,34607360,15632,191309.41,138429.44,375.17,330114.02,57392.82,387506.84,581260265.4,0.603365,233808.09,153698.76,230548134.57,observed: artist's own Nigerian share of listeners this quarter,OBS,"observed channel views, quarter net change"
Q2_2026,shallipopi,Shallipopi,domestic,4245573,26806773,17120,178314.07,107227.09,410.88,285952.04,53494.22,339446.26,509169386.7,0.555819,188670.64,150775.62,226163427.28,observed: artist's own Nigerian share of listeners this quarter,OBS,"observed channel views, quarter net change"
Q3_2026,shallipopi,Shallipopi,domestic,4295816,12096375,17663,180424.27,48385.5,423.91,229233.68,54127.28,283360.97,425041448.4,0.610794,173075.14,110285.83,165428745.08,observed: artist's own Nigerian share of listeners this quarter,OBS,"observed channel views, quarter net change"
Q1_2019,show-dem-camp,Show Dem Camp,domestic,0,0,211,0.0,0.0,5.06,5.06,0.0,5.06,7596.0,,,,,not measured: provider published no geography this quarter,UNK,no YouTube presence observed
Q2_2019,show-dem-camp,Show Dem Camp,domestic,98591,0,291,4140.82,0.0,6.98,4147.81,1242.25,5390.05,8085078.9,,,,,not measured: provider published no geography this quarter,UNK,no YouTube presence observed
Q3_2019,show-dem-camp,Show Dem Camp,domestic,116027,0,410,4873.13,0.0,9.84,4882.97,1461.94,6344.91,9517371.3,,,,,not measured: provider published no geography this quarter,UNK,no YouTube presence observed
Q4_2019,show-dem-camp,Show Dem Camp,domestic,134881,0,790,5665.0,0.0,18.96,5683.96,1699.5,7383.46,11075193.9,,,,,not measured: provider published no geography this quarter,UNK,no YouTube presence observed
Q1_2020,show-dem-camp,Show Dem Camp,domestic,139418,0,2242,5855.56,0.0,53.81,5909.36,1756.67,7666.03,11499046.2,,,,,not measured: provider published no geography this quarter,UNK,no YouTube presence observed
Q2_2020,show-dem-camp,Show Dem Camp,domestic,158992,0,3339,6677.66,0.0,80.14,6757.8,2003.3,8761.1,13141648.8,,,,,not measured: provider published no geography this quarter,UNK,no YouTube presence observed
Q3_2020,show-dem-camp,Show Dem Camp,domestic,155356,0,3957,6524.95,0.0,94.97,6619.92,1957.49,8577.41,12866108.4,,,,,not measured: provider published no geography this quarter,UNK,no YouTube presence observed
Q4_2020,show-dem-camp,Show Dem Camp,domestic,131760,0,4832,5533.92,0.0,115.97,5649.89,1660.18,7310.06,10965096.0,,,,,not measured: provider published no geography this quarter,UNK,no YouTube presence observed
Q1_2021,show-dem-camp,Show Dem Camp,domestic,156906,0,5943,6590.05,0.0,142.63,6732.68,1977.02,8709.7,13064549.4,0.115324,1004.44,7705.26,11557895.6,observed: artist's own Nigerian share of listeners this quarter,OBS,no YouTube presence observed
Q2_2021,show-dem-camp,Show Dem Camp,domestic,168606,0,6531,7081.45,0.0,156.74,7238.2,2124.44,9362.63,14043947.4,0.112016,1048.76,8313.87,12470800.54,observed: artist's own Nigerian share of listeners this quarter,OBS,no YouTube presence observed
Q3_2021,show-dem-camp,Show Dem Camp,domestic,186841,0,7355,7847.32,0.0,176.52,8023.84,2354.2,10378.04,15567057.9,0.119254,1237.62,9140.42,13710624.55,observed: artist's own Nigerian share of listeners this quarter,OBS,no YouTube presence observed
Q4_2021,show-dem-camp,Show Dem Camp,domestic,226234,0,7848,9501.83,0.0,188.35,9690.18,2850.55,12540.73,18811092.6,0.111596,1399.5,11141.23,16711843.75,observed: artist's own Nigerian share of listeners this quarter,OBS,no YouTube presence observed
Q1_2022,show-dem-camp,Show Dem Camp,domestic,253665,0,8215,10653.93,0.0,197.16,10851.09,3196.18,14047.27,21070903.5,0.123905,1740.53,12306.74,18460111.25,observed: artist's own Nigerian share of listeners this quarter,OBS,no YouTube presence observed
Q2_2022,show-dem-camp,Show Dem Camp,domestic,279898,0,8474,11755.72,0.0,203.38,11959.09,3526.71,15485.81,23228710.2,0.10132,1569.02,13916.79,20875185.57,observed: artist's own Nigerian share of listeners this quarter,OBS,no YouTube presence observed
Q3_2022,show-dem-camp,Show Dem Camp,domestic,291771,0,8557,12254.38,0.0,205.37,12459.75,3676.31,16136.06,24204096.9,0.089112,1437.92,14698.14,22047214.24,observed: artist's own Nigerian share of listeners this quarter,OBS,no YouTube presence observed
Q4_2022,show-dem-camp,Show Dem Camp,domestic,312970,0,8694,13144.74,0.0,208.66,13353.4,3943.42,17296.82,25945227.0,0.201529,3485.81,13811.01,20716512.97,observed: artist's own Nigerian share of listeners this quarter,OBS,no YouTube presence observed
Q1_2023,show-dem-camp,Show Dem Camp,domestic,334494,0,8753,14048.75,0.0,210.07,14258.82,4214.62,18473.44,27710166.6,0.244723,4520.88,13952.56,20928847.45,observed: artist's own Nigerian share of listeners this quarter,OBS,no YouTube presence observed
Q2_2023,show-dem-camp,Show Dem Camp,domestic,409818,0,8808,17212.36,0.0,211.39,17423.75,5163.71,22587.45,33881182.2,0.244814,5529.72,17057.74,25586604.31,observed: artist's own Nigerian share of listeners this quarter,OBS,no YouTube presence observed
Q3_2023,show-dem-camp,Show Dem Camp,domestic,460519,0,8883,19341.8,0.0,213.19,19554.99,5802.54,25357.53,38036294.1,0.257372,6526.31,18831.22,28246825.84,observed: artist's own Nigerian share of listeners this quarter,OBS,no YouTube presence observed
Q4_2023,show-dem-camp,Show Dem Camp,domestic,502801,0,8947,21117.64,0.0,214.73,21332.37,6335.29,27667.66,41501493.9,0.313075,8662.05,19005.61,28508419.03,observed: artist's own Nigerian share of listeners this quarter,OBS,no YouTube presence observed
Q1_2024,show-dem-camp,Show Dem Camp,domestic,515701,137930,8986,21659.44,551.72,215.66,22426.83,6497.83,28924.66,43386987.9,0.2852,8249.31,20675.35,31013019.84,observed: artist's own Nigerian share of listeners this quarter,OBS,"observed channel views, quarter net change"
Q2_2024,show-dem-camp,Show Dem Camp,domestic,477619,563912,9037,20060.0,2255.65,216.89,22532.53,6018.0,28550.53,42825800.1,0.321279,9172.67,19377.86,29066791.01,observed: artist's own Nigerian share of listeners this quarter,OBS,"observed channel views, quarter net change"
Q3_2024,show-dem-camp,Show Dem Camp,domestic,481843,1334934,9093,20237.41,5339.74,218.23,25795.37,6071.22,31866.6,47799893.7,0.35972,11463.06,20403.53,30605296.82,observed: artist's own Nigerian share of listeners this quarter,OBS,"observed channel views, quarter net change"
Q4_2024,show-dem-camp,Show Dem Camp,domestic,477620,573435,9134,20060.04,2293.74,219.22,22573.0,6018.01,28591.01,42886512.0,0.381676,10912.49,17678.52,26517774.43,observed: artist's own Nigerian share of listeners this quarter,OBS,"estimated: subscribers x 15 views/month (EST, first-submission methodology)"
Q1_2025,show-dem-camp,Show Dem Camp,domestic,445321,97249,9193,18703.48,389.0,220.63,19313.11,5611.04,24924.15,37386231.9,0.442515,11029.31,13894.85,20842271.43,observed: artist's own Nigerian share of listeners this quarter,OBS,"observed channel views, quarter net change"
Q2_2025,show-dem-camp,Show Dem Camp,domestic,533264,102194,9242,22397.09,408.78,221.81,23027.67,6719.13,29746.8,44620197.6,0.414073,12317.33,17429.46,26144197.28,observed: artist's own Nigerian share of listeners this quarter,OBS,"observed channel views, quarter net change"
Q3_2025,show-dem-camp,Show Dem Camp,domestic,482214,89369,9327,20252.99,357.48,223.85,20834.31,6075.9,26910.21,40365312.6,0.484309,13032.84,13877.36,20816046.51,observed: artist's own Nigerian share of listeners this quarter,OBS,"observed channel views, quarter net change"
Q4_2025,show-dem-camp,Show Dem Camp,domestic,589458,1688573,9417,24757.24,6754.29,226.01,31737.54,7427.17,39164.71,58747060.2,0.405774,15892.03,23272.67,34909007.7,observed: artist's own Nigerian share of listeners this quarter,OBS,"observed channel views, quarter net change"
Q1_2026,show-dem-camp,Show Dem Camp,domestic,603330,79299,9480,25339.86,317.2,227.52,25884.58,7601.96,33486.53,50229801.0,0.388374,13005.29,20481.25,30721872.2,observed: artist's own Nigerian share of listeners this quarter,OBS,"observed channel views, quarter net change"
Q2_2026,show-dem-camp,Show Dem Camp,domestic,611711,2410660,9581,25691.86,9642.64,229.94,35564.45,7707.56,43272.0,64908006.9,0.365308,15807.61,27464.39,41196584.44,observed: artist's own Nigerian share of listeners this quarter,OBS,"observed channel views, quarter net change"
Q3_2026,show-dem-camp,Show Dem Camp,domestic,625661,415827,9629,26277.76,1663.31,231.1,28172.17,7883.33,36055.49,54083241.9,0.383313,13820.54,22234.96,33352434.08,observed: artist's own Nigerian share of listeners this quarter,OBS,"observed channel views, quarter net change"
Q1_2019,simi,Simi,domestic,0,0,4013,0.0,0.0,96.31,96.31,0.0,96.31,144468.0,,,,,not measured: provider published no geography this quarter,UNK,no YouTube presence observed
Q2_2019,simi,Simi,domestic,126602,0,4930,5317.28,0.0,118.32,5435.6,1595.19,7030.79,10546183.8,,,,,not measured: provider published no geography this quarter,UNK,no YouTube presence observed
Q3_2019,simi,Simi,domestic,336877,0,8219,14148.83,0.0,197.26,14346.09,4244.65,18590.74,27886110.3,,,,,not measured: provider published no geography this quarter,UNK,no YouTube presence observed
Q4_2019,simi,Simi,domestic,309863,0,16462,13014.25,0.0,395.09,13409.33,3904.27,17313.61,25970411.7,,,,,not measured: provider published no geography this quarter,UNK,no YouTube presence observed
Q1_2020,simi,Simi,domestic,276882,0,24068,11629.04,0.0,577.63,12206.68,3488.71,15695.39,23543083.8,,,,,not measured: provider published no geography this quarter,UNK,no YouTube presence observed
Q2_2020,simi,Simi,domestic,627586,0,37886,26358.61,0.0,909.26,27267.88,7907.58,35175.46,52763189.4,,,,,not measured: provider published no geography this quarter,UNK,no YouTube presence observed
Q3_2020,simi,Simi,domestic,507222,0,59030,21303.32,0.0,1416.72,22720.04,6391.0,29111.04,43666561.8,,,,,not measured: provider published no geography this quarter,UNK,no YouTube presence observed
Q4_2020,simi,Simi,domestic,492575,0,79166,20688.15,0.0,1899.98,22588.13,6206.45,28794.58,43191868.5,,,,,not measured: provider published no geography this quarter,UNK,no YouTube presence observed
Q1_2021,simi,Simi,domestic,512876,0,96430,21540.79,0.0,2314.32,23855.11,6462.24,30317.35,45476024.4,0.062401,1891.83,28425.52,42638272.81,observed: artist's own Nigerian share of listeners this quarter,OBS,no YouTube presence observed
Q2_2021,simi,Simi,domestic,601188,0,111027,25249.9,0.0,2664.65,27914.54,7574.97,35489.51,53234269.2,0.058737,2084.53,33404.98,50107470.75,observed: artist's own Nigerian share of listeners this quarter,OBS,no YouTube presence observed
Q3_2021,simi,Simi,domestic,555258,0,122839,23320.84,0.0,2948.14,26268.97,6996.25,33265.22,49897834.2,0.068682,2284.72,30980.5,46470747.09,observed: artist's own Nigerian share of listeners this quarter,OBS,no YouTube presence observed
Q4_2021,simi,Simi,domestic,663301,13675653,133917,27858.64,54702.61,3214.01,85775.26,8357.59,94132.85,141199281.9,0.096158,9051.59,85081.26,127621893.42,observed: artist's own Nigerian share of listeners this quarter,OBS,"observed channel views, quarter net change"
Q1_2022,simi,Simi,domestic,861329,9469868,143732,36175.82,37879.47,3449.57,77504.86,10852.75,88357.6,132536405.1,0.102512,9057.75,79299.86,118949786.7,observed: artist's own Nigerian share of listeners this quarter,OBS,"observed channel views, quarter net change"
Q2_2022,simi,Simi,domestic,775344,4908249,147945,32564.45,19633.0,3550.68,55748.12,9769.33,65517.46,98276187.6,0.130127,8525.59,56991.87,85487799.01,observed: artist's own Nigerian share of listeners this quarter,OBS,"observed channel views, quarter net change"
Q3_2022,simi,Simi,domestic,633124,9216791,150888,26591.21,36867.16,3621.31,67079.68,7977.36,75057.05,112585569.6,0.097069,7285.7,67771.35,101657019.65,observed: artist's own Nigerian share of listeners this quarter,OBS,"observed channel views, quarter net change"
Q4_2022,simi,Simi,domestic,663991,9264964,152839,27887.62,37059.86,3668.14,68615.61,8366.29,76981.9,115472850.9,0.124892,9614.42,67367.48,101051215.58,observed: artist's own Nigerian share of listeners this quarter,OBS,"observed channel views, quarter net change"
Q1_2023,simi,Simi,domestic,740142,6530170,154245,31085.96,26120.68,3701.88,60908.52,9325.79,70234.31,105351469.8,0.143601,10085.71,60148.61,90222910.96,observed: artist's own Nigerian share of listeners this quarter,OBS,"observed channel views, quarter net change"
Q2_2023,simi,Simi,domestic,800493,7055707,155255,33620.71,28222.83,3726.12,65569.65,10086.21,75655.87,113483798.7,0.184581,13964.65,61691.21,92536822.05,observed: artist's own Nigerian share of listeners this quarter,OBS,"observed channel views, quarter net change"
Q3_2023,simi,Simi,domestic,657874,4586984,156168,27630.71,18347.94,3748.03,49726.68,8289.21,58015.89,87023832.6,0.250095,14509.49,43506.4,65259600.08,observed: artist's own Nigerian share of listeners this quarter,OBS,"observed channel views, quarter net change"
Q4_2023,simi,Simi,domestic,762290,43380000,157016,32016.18,173520.0,3768.38,209304.56,9604.85,218909.42,328364127.0,0.329018,72025.15,146884.27,220326398.76,observed: artist's own Nigerian share of listeners this quarter,OBS,"estimated: subscribers x 15 views/month (EST, first-submission methodology)"
Q1_2024,simi,Simi,domestic,994159,1697963,158001,41754.68,6791.85,3792.02,52338.55,12526.4,64864.96,97297436.1,0.38402,24909.46,39955.5,59933243.23,observed: artist's own Nigerian share of listeners this quarter,OBS,"observed channel views, quarter net change"
Q2_2024,simi,Simi,domestic,1030129,6844180,159364,43265.42,27376.72,3824.74,74466.87,12979.63,87446.5,131169749.1,0.444063,38831.73,48614.77,72922155.39,observed: artist's own Nigerian share of listeners this quarter,OBS,"observed channel views, quarter net change"
Q3_2024,simi,Simi,domestic,967241,7267122,160657,40624.12,29068.49,3855.77,73548.38,12187.24,85735.61,128603421.9,0.457173,39195.97,46539.65,69809472.15,observed: artist's own Nigerian share of listeners this quarter,OBS,"observed channel views, quarter net change"
Q4_2024,simi,Simi,domestic,1113081,5739896,161822,46749.4,22959.58,3883.73,73592.71,14024.82,87617.53,131426301.9,0.461771,40459.2,47158.33,70737501.59,observed: artist's own Nigerian share of listeners this quarter,OBS,"observed channel views, quarter net change"
Q1_2025,simi,Simi,domestic,1054217,6212860,162831,44277.11,24851.44,3907.94,73036.5,13283.13,86319.63,129479448.3,0.503357,43449.55,42870.08,64305123.85,observed: artist's own Nigerian share of listeners this quarter,OBS,"observed channel views, quarter net change"
Q2_2025,simi,Simi,domestic,1504060,6663840,164114,63170.52,26655.36,3938.74,93764.62,18951.16,112715.77,169073658.0,0.567311,63944.91,48770.86,73156287.57,observed: artist's own Nigerian share of listeners this quarter,OBS,"observed channel views, quarter net change"
Q3_2025,simi,Simi,domestic,1567505,8912770,165073,65835.21,35651.08,3961.75,105448.04,19750.56,125198.61,187797907.5,0.602712,75458.7,49739.91,74609863.89,observed: artist's own Nigerian share of listeners this quarter,OBS,"observed channel views, quarter net change"
Q4_2025,simi,Simi,domestic,1509331,8559040,165884,63391.9,34236.16,3981.22,101609.28,19017.57,120626.85,180940272.9,0.577066,69609.61,51017.24,76525855.07,observed: artist's own Nigerian share of listeners this quarter,OBS,"observed channel views, quarter net change"
Q1_2026,simi,Simi,domestic,1468192,8060890,166650,61664.06,32243.56,3999.6,97907.22,18499.22,116406.44,174609664.8,0.635914,74024.54,42381.91,63572860.2,observed: artist's own Nigerian share of listeners this quarter,OBS,"observed channel views, quarter net change"
Q2_2026,simi,Simi,domestic,1557194,7078953,167501,65402.15,28315.81,4020.02,97737.98,19620.64,117358.63,176037942.6,0.639713,75075.82,42282.81,63424209.96,observed: artist's own Nigerian share of listeners this quarter,OBS,"observed channel views, quarter net change"
Q3_2026,simi,Simi,domestic,1606333,4869678,167835,67465.99,19478.71,4028.04,90972.74,20239.8,111212.53,166818800.7,0.647666,72028.58,39183.96,58775936.41,observed: artist's own Nigerian share of listeners this quarter,OBS,"observed channel views, quarter net change"
Q1_2019,skiibii,Skiibii,domestic,0,0,127,0.0,0.0,3.05,3.05,0.0,3.05,4572.0,,,,,not measured: provider published no geography this quarter,UNK,no YouTube presence observed
Q2_2019,skiibii,Skiibii,domestic,264094,0,547,11091.95,0.0,13.13,11105.08,3327.58,14432.66,21648990.6,,,,,not measured: provider published no geography this quarter,UNK,no YouTube presence observed
Q3_2019,skiibii,Skiibii,domestic,229303,0,2087,9630.73,0.0,50.09,9680.81,2889.22,12570.03,18855047.7,,,,,not measured: provider published no geography this quarter,UNK,no YouTube presence observed
Q4_2019,skiibii,Skiibii,domestic,240467,0,3499,10099.61,0.0,83.98,10183.59,3029.88,13213.47,19820211.3,,,,,not measured: provider published no geography this quarter,UNK,no YouTube presence observed
Q1_2020,skiibii,Skiibii,domestic,239643,0,3618,10065.01,0.0,86.83,10151.84,3019.5,13171.34,19757009.7,,,,,not measured: provider published no geography this quarter,UNK,no YouTube presence observed
Q2_2020,skiibii,Skiibii,domestic,374728,0,3785,15738.58,0.0,90.84,15829.42,4721.57,20550.99,30826483.2,,,,,not measured: provider published no geography this quarter,UNK,no YouTube presence observed
Q3_2020,skiibii,Skiibii,domestic,246744,0,3954,10363.25,0.0,94.9,10458.14,3108.97,13567.12,20350677.6,,,,,not measured: provider published no geography this quarter,UNK,no YouTube presence observed
Q4_2020,skiibii,Skiibii,domestic,200300,0,4024,8412.6,0.0,96.58,8509.18,2523.78,11032.96,16549434.0,,,,,not measured: provider published no geography this quarter,UNK,no YouTube presence observed
Q1_2021,skiibii,Skiibii,domestic,197125,0,4084,8279.25,0.0,98.02,8377.27,2483.78,10861.04,16291561.5,0.022164,240.72,10620.32,15930481.82,observed: artist's own Nigerian share of listeners this quarter,OBS,no YouTube presence observed
Q2_2021,skiibii,Skiibii,domestic,192137,0,4188,8069.75,0.0,100.51,8170.27,2420.93,10591.19,15886788.3,0.016606,175.88,10415.32,15622972.54,observed: artist's own Nigerian share of listeners this quarter,OBS,no YouTube presence observed
Q3_2021,skiibii,Skiibii,domestic,177512,0,4303,7455.5,0.0,103.27,7558.78,2236.65,9795.43,14693140.8,0.018586,182.06,9613.37,14420049.15,observed: artist's own Nigerian share of listeners this quarter,OBS,no YouTube presence observed
Q4_2021,skiibii,Skiibii,domestic,176864,3905550,4407,7428.29,15622.2,105.77,23156.26,2228.49,25384.74,38077113.6,0.047431,1204.02,24180.72,36271082.79,observed: artist's own Nigerian share of listeners this quarter,OBS,"observed channel views, quarter net change"
Q1_2022,skiibii,Skiibii,domestic,1052606,15486615,9349,44209.45,61946.46,224.38,106380.29,13262.84,119643.12,179464685.4,0.127383,15240.52,104402.61,156603912.77,observed: artist's own Nigerian share of listeners this quarter,OBS,"observed channel views, quarter net change"
Q2_2022,skiibii,Skiibii,domestic,870235,14405320,12841,36549.87,57621.28,308.18,94479.33,10964.96,105444.29,158166442.5,0.150631,15883.21,89561.08,134341625.82,observed: artist's own Nigerian share of listeners this quarter,OBS,"observed channel views, quarter net change"
Q3_2022,skiibii,Skiibii,domestic,647450,9817122,13820,27192.9,39268.49,331.68,66793.07,8157.87,74950.94,112426407.0,0.146031,10945.16,64005.78,96008670.35,observed: artist's own Nigerian share of listeners this quarter,OBS,"observed channel views, quarter net change"
Q4_2022,skiibii,Skiibii,domestic,681863,6159711,14184,28638.25,24638.84,340.42,53617.51,8591.47,62208.98,93313469.7,0.210354,13085.89,49123.09,73684633.98,observed: artist's own Nigerian share of listeners this quarter,OBS,"observed channel views, quarter net change"
Q1_2023,skiibii,Skiibii,domestic,1202695,7123114,14794,50513.19,28492.46,355.06,79360.7,15153.96,94514.66,141771988.5,0.274073,25903.96,68610.7,102916049.91,observed: artist's own Nigerian share of listeners this quarter,OBS,"observed channel views, quarter net change"
Q2_2023,skiibii,Skiibii,domestic,1313478,5493150,15442,55166.08,21972.6,370.61,77509.28,16549.82,94059.11,141088660.2,0.226844,21336.77,72722.34,109083507.65,observed: artist's own Nigerian share of listeners this quarter,OBS,"observed channel views, quarter net change"
Q3_2023,skiibii,Skiibii,domestic,1075765,4895807,15885,45182.13,19583.23,381.24,65146.6,13554.64,78701.24,118051855.5,0.259799,20446.53,58254.71,87382058.02,observed: artist's own Nigerian share of listeners this quarter,OBS,"observed channel views, quarter net change"
Q4_2023,skiibii,Skiibii,domestic,897059,293279,16276,37676.48,1173.12,390.62,39240.22,11302.94,50543.16,75814742.1,0.329039,16630.65,33912.51,50868770.44,observed: artist's own Nigerian share of listeners this quarter,OBS,"observed channel views, quarter net change"
Q1_2024,skiibii,Skiibii,domestic,885107,4354452,16506,37174.49,17417.81,396.14,54988.45,11152.35,66140.79,99211191.3,0.330614,21867.1,44273.7,66410542.72,observed: artist's own Nigerian share of listeners this quarter,OBS,"observed channel views, quarter net change"
Q2_2024,skiibii,Skiibii,domestic,819608,4477182,16679,34423.54,17908.73,400.3,52732.56,10327.06,63059.62,94589431.2,0.336562,21223.45,41836.17,62754262.48,observed: artist's own Nigerian share of listeners this quarter,OBS,"observed channel views, quarter net change"
Q3_2024,skiibii,Skiibii,domestic,734880,4590632,16792,30864.96,18362.53,403.01,49630.5,9259.49,58889.98,88334976.0,0.375546,22115.89,36774.09,55161141.17,observed: artist's own Nigerian share of listeners this quarter,OBS,"observed channel views, quarter net change"
Q4_2024,skiibii,Skiibii,domestic,869787,6293860,16909,36531.05,25175.44,405.82,62112.31,10959.32,73071.63,109607439.3,0.495414,36200.72,36870.91,55306361.53,observed: artist's own Nigerian share of listeners this quarter,OBS,"observed channel views, quarter net change"
Q1_2025,skiibii,Skiibii,domestic,701654,4583390,17062,29469.47,18333.56,409.49,48212.52,8840.84,57053.36,85580034.6,0.534085,30471.35,26582.0,39873006.77,observed: artist's own Nigerian share of listeners this quarter,OBS,"observed channel views, quarter net change"
Q2_2025,skiibii,Skiibii,domestic,803589,4889580,17193,33750.74,19558.32,412.63,53721.69,10125.22,63846.91,95770367.1,0.545688,34840.5,29006.41,43509612.03,observed: artist's own Nigerian share of listeners this quarter,OBS,"observed channel views, quarter net change"
Q3_2025,skiibii,Skiibii,domestic,704138,4806170,17334,29573.8,19224.68,416.02,49214.49,8872.14,58086.63,87129946.2,0.554278,32196.12,25890.51,38835758.92,observed: artist's own Nigerian share of listeners this quarter,OBS,"observed channel views, quarter net change"
Q4_2025,skiibii,Skiibii,domestic,843816,4675600,33,35440.27,18702.4,0.79,54143.46,10632.08,64775.55,97163318.4,0.578197,37453.01,27322.53,40983801.06,observed: artist's own Nigerian share of listeners this quarter,OBS,"observed channel views, quarter net change"
Q1_2026,skiibii,Skiibii,domestic,1065768,3536900,33,44762.26,14147.6,0.79,58910.65,13428.68,72339.32,108508987.2,0.593116,42905.62,29433.71,44150563.59,observed: artist's own Nigerian share of listeners this quarter,OBS,"observed channel views, quarter net change"
Q2_2026,skiibii,Skiibii,domestic,1227952,3706699,17853,51573.98,14826.8,428.47,66829.25,15472.2,82301.45,123452170.8,0.659577,54284.15,28017.3,42025947.92,observed: artist's own Nigerian share of listeners this quarter,OBS,"observed channel views, quarter net change"
Q3_2026,skiibii,Skiibii,domestic,1279128,1876375,17943,53723.38,7505.5,430.63,61659.51,16117.01,77776.52,116664781.2,0.581735,45245.36,32531.16,48796739.63,observed: artist's own Nigerian share of listeners this quarter,OBS,"observed channel views, quarter net change"
Q1_2019,small-doctor,Small Doctor,domestic,0,427995,249,0.0,1711.98,5.98,1717.96,0.0,1717.96,2576934.0,,,,,not measured: provider published no geography this quarter,UNK,"estimated: subscribers x 15 views/month (EST, first-submission methodology)"
Q2_2019,small-doctor,Small Doctor,domestic,18735,445275,254,786.87,1781.1,6.1,2574.07,236.06,2810.13,4215190.5,,,,,not measured: provider published no geography this quarter,UNK,"estimated: subscribers x 15 views/month (EST, first-submission methodology)"
Q3_2019,small-doctor,Small Doctor,domestic,15929,643500,266,669.02,2574.0,6.38,3249.4,200.71,3450.11,5175161.1,,,,,not measured: provider published no geography this quarter,UNK,"estimated: subscribers x 15 views/month (EST, first-submission methodology)"
Q4_2019,small-doctor,Small Doctor,domestic,15848,675000,272,665.62,2700.0,6.53,3372.14,199.68,3571.83,5357743.2,,,,,not measured: provider published no geography this quarter,UNK,"estimated: subscribers x 15 views/month (EST, first-submission methodology)"
Q1_2020,small-doctor,Small Doctor,domestic,14551,706500,287,611.14,2826.0,6.89,3444.03,183.34,3627.37,5441058.9,,,,,not measured: provider published no geography this quarter,UNK,"estimated: subscribers x 15 views/month (EST, first-submission methodology)"
Q2_2020,small-doctor,Small Doctor,domestic,14436,733500,297,606.31,2934.0,7.13,3547.44,181.89,3729.33,5594000.4,,,,,not measured: provider published no geography this quarter,UNK,"estimated: subscribers x 15 views/month (EST, first-submission methodology)"
Q3_2020,small-doctor,Small Doctor,domestic,14398,760500,319,604.72,3042.0,7.66,3654.37,181.41,3835.79,5753680.2,,,,,not measured: provider published no geography this quarter,UNK,"estimated: subscribers x 15 views/month (EST, first-submission methodology)"
Q4_2020,small-doctor,Small Doctor,domestic,10717,787500,333,450.11,3150.0,7.99,3608.11,135.03,3743.14,5614710.3,,,,,not measured: provider published no geography this quarter,UNK,"estimated: subscribers x 15 views/month (EST, first-submission methodology)"
Q1_2021,small-doctor,Small Doctor,domestic,27402,945000,368,1150.88,3780.0,8.83,4939.72,345.27,5284.98,7927471.8,0.221663,1171.48,4113.5,6170247.37,observed: artist's own Nigerian share of listeners this quarter,OBS,"estimated: subscribers x 15 views/month (EST, first-submission methodology)"
Q2_2021,small-doctor,Small Doctor,domestic,23311,1012500,414,979.06,4050.0,9.94,5039.0,293.72,5332.72,7999074.9,0.336418,1794.02,3538.7,5308042.84,observed: artist's own Nigerian share of listeners this quarter,OBS,"estimated: subscribers x 15 views/month (EST, first-submission methodology)"
Q3_2021,small-doctor,Small Doctor,domestic,22756,9158,483,955.75,36.63,11.59,1003.98,286.73,1290.7,1936052.4,0.23533,303.74,986.96,1480440.63,observed: artist's own Nigerian share of listeners this quarter,OBS,"observed channel views, quarter net change"
Q4_2021,small-doctor,Small Doctor,domestic,25652,111515,519,1077.38,446.06,12.46,1535.9,323.22,1859.12,2788672.8,0.293058,544.83,1314.29,1971429.06,observed: artist's own Nigerian share of listeners this quarter,OBS,"observed channel views, quarter net change"
Q1_2022,small-doctor,Small Doctor,domestic,27690,120743,560,1162.98,482.97,13.44,1659.39,348.89,2008.29,3012429.0,0.279218,560.75,1447.54,2171304.77,observed: artist's own Nigerian share of listeners this quarter,OBS,"observed channel views, quarter net change"
Q2_2022,small-doctor,Small Doctor,domestic,28139,93573,572,1181.84,374.29,13.73,1569.86,354.55,1924.41,2886614.1,0.261341,502.93,1421.48,2132223.45,observed: artist's own Nigerian share of listeners this quarter,OBS,"observed channel views, quarter net change"
Q3_2022,small-doctor,Small Doctor,domestic,24305,91490,575,1020.81,365.96,13.8,1400.57,306.24,1706.81,2560219.5,0.218549,373.02,1333.79,2000686.33,observed: artist's own Nigerian share of listeners this quarter,OBS,"observed channel views, quarter net change"
Q4_2022,small-doctor,Small Doctor,domestic,36738,152376,582,1543.0,609.5,13.97,2166.47,462.9,2629.37,3944050.2,0.375397,987.06,1642.31,2463463.91,observed: artist's own Nigerian share of listeners this quarter,OBS,"observed channel views, quarter net change"
Q1_2023,small-doctor,Small Doctor,domestic,28339,140699,585,1190.24,562.8,14.04,1767.07,357.07,2124.15,3186218.1,0.471743,1002.05,1122.1,1683143.47,observed: artist's own Nigerian share of listeners this quarter,OBS,"observed channel views, quarter net change"
Q2_2023,small-doctor,Small Doctor,domestic,38908,293330,591,1634.14,1173.32,14.18,2821.64,490.24,3311.88,4967821.2,0.490844,1625.62,1686.26,2529395.97,observed: artist's own Nigerian share of listeners this quarter,OBS,"observed channel views, quarter net change"
Q3_2023,small-doctor,Small Doctor,domestic,34818,109688,592,1462.36,438.75,14.21,1915.32,438.71,2354.02,3531034.2,0.551106,1297.32,1056.71,1585059.1,observed: artist's own Nigerian share of listeners this quarter,OBS,"observed channel views, quarter net change"
Q4_2023,small-doctor,Small Doctor,domestic,39400,1287000,611,1654.8,5148.0,14.66,6817.46,496.44,7313.9,10970856.0,0.641751,4693.7,2620.2,3930303.11,observed: artist's own Nigerian share of listeners this quarter,OBS,"estimated: subscribers x 15 views/month (EST, first-submission methodology)"
Q1_2024,small-doctor,Small Doctor,domestic,41461,70409,619,1741.36,281.64,14.86,2037.85,522.41,2560.26,3840393.9,0.63735,1631.78,928.48,1392719.8,observed: artist's own Nigerian share of listeners this quarter,OBS,"observed channel views, quarter net change"
Q2_2024,small-doctor,Small Doctor,domestic,36477,71025,631,1532.03,284.1,15.14,1831.28,459.61,2290.89,3436332.3,0.641411,1469.4,821.49,1232230.96,observed: artist's own Nigerian share of listeners this quarter,OBS,"observed channel views, quarter net change"
Q3_2024,small-doctor,Small Doctor,domestic,41437,71512,639,1740.35,286.05,15.34,2041.74,522.11,2563.84,3845766.3,0.690727,1770.92,792.93,1189390.24,observed: artist's own Nigerian share of listeners this quarter,OBS,"observed channel views, quarter net change"
Q4_2024,small-doctor,Small Doctor,domestic,47270,145678,650,1985.34,582.71,15.6,2583.65,595.6,3179.25,4768881.0,0.736995,2343.09,836.16,1254240.94,observed: artist's own Nigerian share of listeners this quarter,OBS,"observed channel views, quarter net change"
Q1_2025,small-doctor,Small Doctor,domestic,42782,1350990,657,1796.84,5403.96,15.77,7216.57,539.05,7755.63,11633437.8,0.749241,5810.83,1944.8,2917193.66,observed: artist's own Nigerian share of listeners this quarter,OBS,"estimated: subscribers x 15 views/month (EST, first-submission methodology)"
Q2_2025,small-doctor,Small Doctor,domestic,54744,101671,663,2299.25,406.68,15.91,2721.84,689.77,3411.62,5117427.6,0.779515,2659.41,752.21,1128314.01,observed: artist's own Nigerian share of listeners this quarter,OBS,"observed channel views, quarter net change"
Q3_2025,small-doctor,Small Doctor,domestic,52302,110934,671,2196.68,443.74,16.1,2656.52,659.01,3315.53,4973293.8,0.752766,2495.82,819.71,1229565.4,observed: artist's own Nigerian share of listeners this quarter,OBS,"observed channel views, quarter net change"
Q4_2025,small-doctor,Small Doctor,domestic,85007,157515,684,3570.29,630.06,16.42,4216.77,1071.09,5287.86,7931787.3,0.836528,4423.44,864.41,1296622.39,observed: artist's own Nigerian share of listeners this quarter,OBS,"observed channel views, quarter net change"
Q1_2026,small-doctor,Small Doctor,domestic,68535,134799,696,2878.47,539.2,16.7,3434.37,863.54,4297.91,6446866.5,0.815987,3507.04,790.87,1186306.04,observed: artist's own Nigerian share of listeners this quarter,OBS,"observed channel views, quarter net change"
Q2_2026,small-doctor,Small Doctor,domestic,79750,77129,726,3349.5,308.52,17.42,3675.44,1004.85,4680.29,7020435.0,0.786357,3680.38,999.91,1499864.22,observed: artist's own Nigerian share of listeners this quarter,OBS,"observed channel views, quarter net change"
Q3_2026,small-doctor,Small Doctor,domestic,109959,79329,742,4618.28,317.32,17.81,4953.4,1385.48,6338.89,9508328.1,0.784906,4975.43,1363.46,2045184.59,observed: artist's own Nigerian share of listeners this quarter,OBS,"observed channel views, quarter net change"
Q1_2019,solidstar,Solidstar,domestic,0,1536615,1390,0.0,6146.46,33.36,6179.82,0.0,6179.82,9269730.0,,,,,not measured: provider published no geography this quarter,UNK,"estimated: subscribers x 15 views/month (EST, first-submission methodology)"
Q2_2019,solidstar,Solidstar,domestic,60636,1647720,1397,2546.71,6590.88,33.53,9171.12,764.01,9935.13,14902700.4,,,,,not measured: provider published no geography this quarter,UNK,"estimated: subscribers x 15 views/month (EST, first-submission methodology)"
Q3_2019,solidstar,Solidstar,domestic,104700,1755000,1405,4397.4,7020.0,33.72,11451.12,1319.22,12770.34,19155510.0,,,,,not measured: provider published no geography this quarter,UNK,"estimated: subscribers x 15 views/month (EST, first-submission methodology)"
Q4_2019,solidstar,Solidstar,domestic,86968,1854000,1410,3652.66,7416.0,33.84,11102.5,1095.8,12198.29,18297439.2,,,,,not measured: provider published no geography this quarter,UNK,"estimated: subscribers x 15 views/month (EST, first-submission methodology)"
Q1_2020,solidstar,Solidstar,domestic,105725,1953000,1417,4440.45,7812.0,34.01,12286.46,1332.13,13618.59,20427889.5,,,,,not measured: provider published no geography this quarter,UNK,"estimated: subscribers x 15 views/month (EST, first-submission methodology)"
Q2_2020,solidstar,Solidstar,domestic,76570,2079000,1420,3215.94,8316.0,34.08,11566.02,964.78,12530.8,18796203.0,,,,,not measured: provider published no geography this quarter,UNK,"estimated: subscribers x 15 views/month (EST, first-submission methodology)"
Q3_2020,solidstar,Solidstar,domestic,67716,2182500,1439,2844.07,8730.0,34.54,11608.61,853.22,12461.83,18692744.4,,,,,not measured: provider published no geography this quarter,UNK,"estimated: subscribers x 15 views/month (EST, first-submission methodology)"
Q4_2020,solidstar,Solidstar,domestic,43348,2272500,1447,1820.62,9090.0,34.73,10945.34,546.18,11491.53,17237293.2,,,,,not measured: provider published no geography this quarter,UNK,"estimated: subscribers x 15 views/month (EST, first-submission methodology)"
Q1_2021,solidstar,Solidstar,domestic,41832,2331000,1450,1756.94,9324.0,34.8,11115.74,527.08,11642.83,17464240.8,0.030527,355.42,11287.41,16931112.2,observed: artist's own Nigerian share of listeners this quarter,OBS,"estimated: subscribers x 15 views/month (EST, first-submission methodology)"
Q2_2021,solidstar,Solidstar,domestic,46253,2407500,1466,1942.63,9630.0,35.18,11607.81,582.79,12190.6,18285896.7,0.031351,382.19,11808.41,17712610.82,observed: artist's own Nigerian share of listeners this quarter,OBS,"estimated: subscribers x 15 views/month (EST, first-submission methodology)"
Q3_2021,solidstar,Solidstar,domestic,42306,45376,1480,1776.85,181.5,35.52,1993.88,533.06,2526.93,3790397.4,0.04277,108.08,2418.86,3628282.64,observed: artist's own Nigerian share of listeners this quarter,OBS,"observed channel views, quarter net change"
Q4_2021,solidstar,Solidstar,domestic,47165,623877,1499,1980.93,2495.51,35.98,4512.41,594.28,5106.69,7660039.5,0.064893,331.39,4775.31,7162958.69,observed: artist's own Nigerian share of listeners this quarter,OBS,"observed channel views, quarter net change"
Q1_2022,solidstar,Solidstar,domestic,55979,614799,1505,2351.12,2459.2,36.12,4846.43,705.34,5551.77,8327654.1,0.080444,446.61,5105.16,7657744.68,observed: artist's own Nigerian share of listeners this quarter,OBS,"observed channel views, quarter net change"
Q2_2022,solidstar,Solidstar,domestic,65350,559830,1516,2744.7,2239.32,36.38,5020.4,823.41,5843.81,8765721.0,0.07576,442.73,5401.09,8101633.06,observed: artist's own Nigerian share of listeners this quarter,OBS,"observed channel views, quarter net change"
Q3_2022,solidstar,Solidstar,domestic,51687,492165,1520,2170.85,1968.66,36.48,4175.99,651.26,4827.25,7240875.3,0.096114,463.97,4363.28,6544922.33,observed: artist's own Nigerian share of listeners this quarter,OBS,"observed channel views, quarter net change"
Q4_2022,solidstar,Solidstar,domestic,50885,476819,1525,2137.17,1907.28,36.6,4081.05,641.15,4722.2,7083295.5,0.154831,731.14,3991.05,5986580.2,observed: artist's own Nigerian share of listeners this quarter,OBS,"observed channel views, quarter net change"
Q1_2023,solidstar,Solidstar,domestic,56160,449974,1535,2358.72,1799.9,36.84,4195.46,707.62,4903.07,7354608.0,0.207116,1015.5,3887.57,5831350.8,observed: artist's own Nigerian share of listeners this quarter,OBS,"observed channel views, quarter net change"
Q2_2023,solidstar,Solidstar,domestic,48539,483511,1544,2038.64,1934.04,37.06,4009.74,611.59,4621.33,6931994.1,0.262012,1210.85,3410.48,5115725.72,observed: artist's own Nigerian share of listeners this quarter,OBS,"observed channel views, quarter net change"
Q3_2023,solidstar,Solidstar,domestic,43957,605550,1555,1846.19,2422.2,37.32,4305.71,553.86,4859.57,7289358.3,0.400162,1944.62,2914.95,4372432.42,observed: artist's own Nigerian share of listeners this quarter,OBS,"observed channel views, quarter net change"
Q4_2023,solidstar,Solidstar,domestic,50085,572203,1565,2103.57,2288.81,37.56,4429.94,631.07,5061.01,7591519.5,0.445876,2256.59,2804.43,4206641.35,observed: artist's own Nigerian share of listeners this quarter,OBS,"observed channel views, quarter net change"
Q1_2024,solidstar,Solidstar,domestic,80892,804943,1567,3397.46,3219.77,37.61,6654.84,1019.24,7674.08,11511124.8,0.535739,4111.3,3562.78,5344171.84,observed: artist's own Nigerian share of listeners this quarter,OBS,"observed channel views, quarter net change"
Q2_2024,solidstar,Solidstar,domestic,76272,893559,1575,3203.42,3574.24,37.8,6815.46,961.03,7776.49,11664730.8,0.549828,4275.73,3500.76,5251140.05,observed: artist's own Nigerian share of listeners this quarter,OBS,"observed channel views, quarter net change"
Q3_2024,solidstar,Solidstar,domestic,56059,728630,1579,2354.48,2914.52,37.9,5306.89,706.34,6013.24,9019856.1,0.54183,3258.15,2755.08,4132624.56,observed: artist's own Nigerian share of listeners this quarter,OBS,"observed channel views, quarter net change"
Q4_2024,solidstar,Solidstar,domestic,62051,935410,1586,2606.14,3741.64,38.06,6385.85,781.84,7167.69,10751532.9,0.585529,4196.89,2970.8,4456202.3,observed: artist's own Nigerian share of listeners this quarter,OBS,"observed channel views, quarter net change"
Q1_2025,solidstar,Solidstar,domestic,67634,834068,1591,2840.63,3336.27,38.18,6215.08,852.19,7067.27,10600908.6,0.680473,4809.09,2258.19,3387279.05,observed: artist's own Nigerian share of listeners this quarter,OBS,"observed channel views, quarter net change"
Q2_2025,solidstar,Solidstar,domestic,71063,808409,1595,2984.65,3233.64,38.28,6256.56,895.39,7151.96,10727933.7,0.64247,4594.92,2557.04,3835555.12,observed: artist's own Nigerian share of listeners this quarter,OBS,"observed channel views, quarter net change"
Q3_2025,solidstar,Solidstar,domestic,90481,756489,1601,3800.2,3025.96,38.42,6864.58,1140.06,8004.64,12006963.9,0.655761,5249.13,2755.51,4133264.77,observed: artist's own Nigerian share of listeners this quarter,OBS,"observed channel views, quarter net change"
Q4_2025,solidstar,Solidstar,domestic,101588,786217,1609,4266.7,3144.87,38.62,7450.18,1280.01,8730.19,13095283.2,0.723518,6316.45,2413.74,3620615.2,observed: artist's own Nigerian share of listeners this quarter,OBS,"observed channel views, quarter net change"
Q1_2026,solidstar,Solidstar,domestic,100608,743334,1615,4225.54,2973.34,38.76,7237.63,1267.66,8505.29,12757939.2,0.763892,6497.13,2008.16,3012246.42,observed: artist's own Nigerian share of listeners this quarter,OBS,"observed channel views, quarter net change"
Q2_2026,solidstar,Solidstar,domestic,120943,669929,1635,5079.61,2679.72,39.24,7798.56,1523.88,9322.44,13983665.7,0.771314,7190.53,2131.91,3197871.94,observed: artist's own Nigerian share of listeners this quarter,OBS,"observed channel views, quarter net change"
Q3_2026,solidstar,Solidstar,domestic,147661,322531,1646,6201.76,1290.12,39.5,7531.39,1860.53,9391.92,14087877.9,0.779911,7324.86,2067.06,3100589.58,observed: artist's own Nigerian share of listeners this quarter,OBS,"observed channel views, quarter net change"
Q1_2019,sound-sultan,Sound Sultan,domestic,0,234765,1042,0.0,939.06,25.01,964.07,0.0,964.07,1446102.0,,,,,not measured: provider published no geography this quarter,UNK,"estimated: subscribers x 15 views/month (EST, first-submission methodology)"
Q2_2019,sound-sultan,Sound Sultan,domestic,18983,245565,1047,797.29,982.26,25.13,1804.67,239.19,2043.86,3065789.7,,,,,not measured: provider published no geography this quarter,UNK,"estimated: subscribers x 15 views/month (EST, first-submission methodology)"
Q3_2019,sound-sultan,Sound Sultan,domestic,12542,252900,1052,526.76,1011.6,25.25,1563.61,158.03,1721.64,2582461.8,,,,,not measured: provider published no geography this quarter,UNK,"estimated: subscribers x 15 views/month (EST, first-submission methodology)"
Q4_2019,sound-sultan,Sound Sultan,domestic,11700,260550,1055,491.4,1042.2,25.32,1558.92,147.42,1706.34,2559510.0,,,,,not measured: provider published no geography this quarter,UNK,"estimated: subscribers x 15 views/month (EST, first-submission methodology)"
Q1_2020,sound-sultan,Sound Sultan,domestic,10821,268650,1061,454.48,1074.6,25.46,1554.55,136.34,1690.89,2536335.9,,,,,not measured: provider published no geography this quarter,UNK,"estimated: subscribers x 15 views/month (EST, first-submission methodology)"
Q2_2020,sound-sultan,Sound Sultan,domestic,11109,301950,1067,466.58,1207.8,25.61,1699.99,139.97,1839.96,2759939.1,,,,,not measured: provider published no geography this quarter,UNK,"estimated: subscribers x 15 views/month (EST, first-submission methodology)"
Q3_2020,sound-sultan,Sound Sultan,domestic,11352,328050,1082,476.78,1312.2,25.97,1814.95,143.04,1957.99,2936980.8,,,,,not measured: provider published no geography this quarter,UNK,"estimated: subscribers x 15 views/month (EST, first-submission methodology)"
Q4_2020,sound-sultan,Sound Sultan,domestic,8100,345150,1088,340.2,1380.6,26.11,1746.91,102.06,1848.97,2773458.0,,,,,not measured: provider published no geography this quarter,UNK,"estimated: subscribers x 15 views/month (EST, first-submission methodology)"
Q1_2021,sound-sultan,Sound Sultan,domestic,9575,358200,1093,402.15,1432.8,26.23,1861.18,120.65,1981.83,2972740.5,0.115091,228.09,1753.74,2630603.68,observed: artist's own Nigerian share of listeners this quarter,OBS,"estimated: subscribers x 15 views/month (EST, first-submission methodology)"
Q2_2021,sound-sultan,Sound Sultan,domestic,9501,367200,1097,399.04,1468.8,26.33,1894.17,119.71,2013.88,3020823.9,0.122715,247.13,1766.75,2650123.93,observed: artist's own Nigerian share of listeners this quarter,OBS,"estimated: subscribers x 15 views/month (EST, first-submission methodology)"
Q3_2021,sound-sultan,Sound Sultan,domestic,20308,10869,1189,852.94,43.48,28.54,924.95,255.88,1180.83,1771243.2,0.154079,181.94,998.89,1498332.09,observed: artist's own Nigerian share of listeners this quarter,OBS,"observed channel views, quarter net change"
Q4_2021,sound-sultan,Sound Sultan,domestic,20943,121089,1201,879.61,484.36,28.82,1392.79,263.88,1656.67,2485001.7,0.151152,250.41,1406.26,2109387.89,observed: artist's own Nigerian share of listeners this quarter,OBS,"observed channel views, quarter net change"
Q1_2022,sound-sultan,Sound Sultan,domestic,26555,91871,1210,1115.31,367.48,29.04,1511.83,334.59,1846.43,2769640.5,0.206907,382.04,1464.39,2196581.85,observed: artist's own Nigerian share of listeners this quarter,OBS,"observed channel views, quarter net change"
Q2_2022,sound-sultan,Sound Sultan,domestic,29726,111126,1217,1248.49,444.5,29.21,1722.2,374.55,2096.75,3145127.4,0.262302,549.98,1546.77,2320153.8,observed: artist's own Nigerian share of listeners this quarter,OBS,"observed channel views, quarter net change"
Q3_2022,sound-sultan,Sound Sultan,domestic,31597,823501,1223,1327.07,3294.0,29.35,4650.43,398.12,5048.55,7572828.3,0.309392,1561.98,3486.57,5229859.2,observed: artist's own Nigerian share of listeners this quarter,OBS,"observed channel views, quarter net change"
Q4_2022,sound-sultan,Sound Sultan,domestic,35771,103546,1227,1502.38,414.18,29.45,1946.01,450.71,2396.73,3595092.9,0.348243,834.64,1562.08,2343127.0,observed: artist's own Nigerian share of listeners this quarter,OBS,"observed channel views, quarter net change"
Q1_2023,sound-sultan,Sound Sultan,domestic,25709,103022,1231,1079.78,412.09,29.54,1521.41,323.93,1845.34,2768015.1,0.456277,841.99,1003.36,1505033.88,observed: artist's own Nigerian share of listeners this quarter,OBS,"observed channel views, quarter net change"
Q2_2023,sound-sultan,Sound Sultan,domestic,26777,317553,1239,1124.63,1270.21,29.74,2424.58,337.39,2761.97,4142958.3,0.508677,1404.95,1357.02,2035530.08,observed: artist's own Nigerian share of listeners this quarter,OBS,"observed channel views, quarter net change"
Q3_2023,sound-sultan,Sound Sultan,domestic,30400,94532,1246,1276.8,378.13,29.9,1684.83,383.04,2067.87,3101808.0,0.573749,1186.44,881.43,1322148.31,observed: artist's own Nigerian share of listeners this quarter,OBS,"observed channel views, quarter net change"
Q4_2023,sound-sultan,Sound Sultan,domestic,35399,56453,1253,1486.76,225.81,30.07,1742.64,446.03,2188.67,3283004.1,0.687256,1504.18,684.49,1026738.89,observed: artist's own Nigerian share of listeners this quarter,OBS,"observed channel views, quarter net change"
Q1_2024,sound-sultan,Sound Sultan,domestic,40274,114509,1258,1691.51,458.04,30.19,2179.74,507.45,2687.19,4030782.6,0.717597,1928.32,758.87,1138305.88,observed: artist's own Nigerian share of listeners this quarter,OBS,"observed channel views, quarter net change"
Q2_2024,sound-sultan,Sound Sultan,domestic,41075,115588,1260,1725.15,462.35,30.24,2217.74,517.54,2735.29,4102930.5,0.761704,2083.48,651.81,977710.48,observed: artist's own Nigerian share of listeners this quarter,OBS,"observed channel views, quarter net change"
Q3_2024,sound-sultan,Sound Sultan,domestic,44253,118106,1265,1858.63,472.42,30.36,2361.41,557.59,2919.0,4378496.7,0.771315,2251.47,667.53,1001296.78,observed: artist's own Nigerian share of listeners this quarter,OBS,"observed channel views, quarter net change"
Q4_2024,sound-sultan,Sound Sultan,domestic,43285,183326,1270,1817.97,733.3,30.48,2581.75,545.39,3127.14,4690717.5,0.768873,2404.38,722.77,1084150.71,observed: artist's own Nigerian share of listeners this quarter,OBS,"observed channel views, quarter net change"
Q1_2025,sound-sultan,Sound Sultan,domestic,48987,130219,1275,2057.45,520.88,30.6,2608.93,617.24,3226.17,4839249.3,0.810924,2616.18,609.99,914984.94,observed: artist's own Nigerian share of listeners this quarter,OBS,"observed channel views, quarter net change"
Q2_2025,sound-sultan,Sound Sultan,domestic,48543,140272,1282,2038.81,561.09,30.77,2630.66,611.64,3242.3,4863455.7,0.815812,2645.11,597.19,895789.61,observed: artist's own Nigerian share of listeners this quarter,OBS,"observed channel views, quarter net change"
Q3_2025,sound-sultan,Sound Sultan,domestic,73364,146952,1293,3081.29,587.81,31.03,3700.13,924.39,4624.51,6936771.6,0.806461,3729.49,895.02,1342536.59,observed: artist's own Nigerian share of listeners this quarter,OBS,"observed channel views, quarter net change"
Q4_2025,sound-sultan,Sound Sultan,domestic,75419,163180,1303,3167.6,652.72,31.27,3851.59,950.28,4801.87,7202804.1,0.838303,4025.42,776.45,1164673.71,observed: artist's own Nigerian share of listeners this quarter,OBS,"observed channel views, quarter net change"
Q1_2026,sound-sultan,Sound Sultan,domestic,72777,73996,1306,3056.63,295.98,31.34,3383.96,916.99,4300.95,6451428.3,0.858883,3694.02,606.94,910403.38,observed: artist's own Nigerian share of listeners this quarter,OBS,"observed channel views, quarter net change"
Q2_2026,sound-sultan,Sound Sultan,domestic,94840,140729,1317,3983.28,562.92,31.61,4577.8,1194.98,5772.79,8659182.0,0.851223,4913.93,858.86,1288286.15,observed: artist's own Nigerian share of listeners this quarter,OBS,"observed channel views, quarter net change"
Q3_2026,sound-sultan,Sound Sultan,domestic,109678,70295,1318,4606.48,281.18,31.63,4919.29,1381.94,6301.23,9451846.2,0.856152,5394.81,906.42,1359629.86,observed: artist's own Nigerian share of listeners this quarter,OBS,"observed channel views, quarter net change"
Q2_2019,spyro,Spyro,domestic,2905,0,0,122.01,0.0,0.0,122.01,36.6,158.61,237919.5,,,,,not measured: provider published no geography this quarter,UNK,no YouTube presence observed
Q3_2019,spyro,Spyro,domestic,3975,0,0,166.95,0.0,0.0,166.95,50.09,217.04,325552.5,,,,,not measured: provider published no geography this quarter,UNK,no YouTube presence observed
Q4_2019,spyro,Spyro,domestic,3462,0,0,145.4,0.0,0.0,145.4,43.62,189.03,283537.8,,,,,not measured: provider published no geography this quarter,UNK,no YouTube presence observed
Q1_2020,spyro,Spyro,domestic,3711,0,0,155.86,0.0,0.0,155.86,46.76,202.62,303930.9,,,,,not measured: provider published no geography this quarter,UNK,no YouTube presence observed
Q2_2020,spyro,Spyro,domestic,5371,0,0,225.58,0.0,0.0,225.58,67.67,293.26,439884.9,,,,,not measured: provider published no geography this quarter,UNK,no YouTube presence observed
Q3_2020,spyro,Spyro,domestic,5536,0,0,232.51,0.0,0.0,232.51,69.75,302.27,453398.4,,,,,not measured: provider published no geography this quarter,UNK,no YouTube presence observed
Q4_2020,spyro,Spyro,domestic,5268,0,0,221.26,0.0,0.0,221.26,66.38,287.63,431449.2,,,,,not measured: provider published no geography this quarter,UNK,no YouTube presence observed
Q1_2021,spyro,Spyro,domestic,5820,0,0,244.44,0.0,0.0,244.44,73.33,317.77,476658.0,0.069931,22.22,295.55,443324.7,observed: artist's own Nigerian share of listeners this quarter,OBS,no YouTube presence observed
Q2_2021,spyro,Spyro,domestic,4276,0,0,179.59,0.0,0.0,179.59,53.88,233.47,350204.4,0.078898,18.42,215.05,322573.89,observed: artist's own Nigerian share of listeners this quarter,OBS,no YouTube presence observed
Q3_2021,spyro,Spyro,domestic,3338,0,0,140.2,0.0,0.0,140.2,42.06,182.25,273382.2,0.115843,21.11,161.14,241712.85,observed: artist's own Nigerian share of listeners this quarter,OBS,no YouTube presence observed
Q4_2021,spyro,Spyro,domestic,3519,0,0,147.8,0.0,0.0,147.8,44.34,192.14,288206.1,0.177356,34.08,158.06,237090.91,observed: artist's own Nigerian share of listeners this quarter,OBS,no YouTube presence observed
Q1_2022,spyro,Spyro,domestic,3397,0,0,142.67,0.0,0.0,142.67,42.8,185.48,278214.3,0.186958,34.68,150.8,226199.96,observed: artist's own Nigerian share of listeners this quarter,OBS,no YouTube presence observed
Q2_2022,spyro,Spyro,domestic,2820,0,0,118.44,0.0,0.0,118.44,35.53,153.97,230958.0,0.210655,32.44,121.54,182305.44,observed: artist's own Nigerian share of listeners this quarter,OBS,no YouTube presence observed
Q3_2022,spyro,Spyro,domestic,145198,0,0,6098.32,0.0,0.0,6098.32,1829.49,7927.81,11891716.2,0.193879,1537.03,6390.78,9586164.78,observed: artist's own Nigerian share of listeners this quarter,OBS,no YouTube presence observed
Q4_2022,spyro,Spyro,domestic,58498,18621,0,2456.92,74.48,0.0,2531.4,737.07,3268.47,4902712.2,0.445856,1457.27,1811.21,2716808.97,observed: artist's own Nigerian share of listeners this quarter,OBS,"observed channel views, quarter net change"
Q1_2023,spyro,Spyro,domestic,834897,4288500,0,35065.67,17154.0,0.0,52219.67,10519.7,62739.38,94109064.3,0.398997,25032.79,37706.58,56559875.67,observed: artist's own Nigerian share of listeners this quarter,OBS,"estimated: subscribers x 15 views/month (EST, first-submission methodology)"
Q2_2023,spyro,Spyro,domestic,1028154,69970610,0,43182.47,279882.44,0.0,323064.91,12954.74,336019.65,504029472.6,0.250087,84034.0,251985.65,377978472.26,observed: artist's own Nigerian share of listeners this quarter,OBS,"observed channel views, quarter net change"
Q3_2023,spyro,Spyro,domestic,882481,36275968,0,37064.2,145103.87,0.0,182168.07,11119.26,193287.33,289931001.9,0.268232,51845.89,141441.44,212162165.52,observed: artist's own Nigerian share of listeners this quarter,OBS,"observed channel views, quarter net change"
Q4_2023,spyro,Spyro,domestic,1055713,30616050,0,44339.95,122464.2,0.0,166804.15,13301.98,180106.13,270159194.7,0.355499,64027.58,116078.55,174117823.0,observed: artist's own Nigerian share of listeners this quarter,OBS,"observed channel views, quarter net change"
Q1_2024,spyro,Spyro,domestic,882872,28080500,0,37080.62,112322.0,0.0,149402.62,11124.19,160526.81,240790216.8,0.322876,51830.18,108696.63,163044941.34,observed: artist's own Nigerian share of listeners this quarter,OBS,"observed channel views, quarter net change"
Q2_2024,spyro,Spyro,domestic,879156,26707946,0,36924.55,106831.78,0.0,143756.34,11077.37,154833.7,232250552.4,0.431277,66776.19,88057.51,132086272.17,observed: artist's own Nigerian share of listeners this quarter,OBS,"observed channel views, quarter net change"
Q3_2024,spyro,Spyro,domestic,803616,26340671,0,33751.87,105362.68,0.0,139114.56,10125.56,149240.12,223860176.4,0.381254,56898.45,92341.67,138512502.07,observed: artist's own Nigerian share of listeners this quarter,OBS,"observed channel views, quarter net change"
Q4_2024,spyro,Spyro,domestic,928194,19265950,0,38984.15,77063.8,0.0,116047.95,11695.24,127743.19,191614788.6,0.437397,55874.54,71868.65,107802976.38,observed: artist's own Nigerian share of listeners this quarter,OBS,"observed channel views, quarter net change"
Q1_2025,spyro,Spyro,domestic,669979,15702270,9094,28139.12,62809.08,218.26,91166.45,8441.74,99608.19,149412284.1,0.481564,47967.75,51640.44,77460654.99,observed: artist's own Nigerian share of listeners this quarter,OBS,"observed channel views, quarter net change"
Q2_2025,spyro,Spyro,domestic,1304559,24877440,9561,54791.48,99509.76,229.46,154530.7,16437.44,170968.15,256452218.1,0.701842,119992.56,50975.59,76463379.0,observed: artist's own Nigerian share of listeners this quarter,OBS,"observed channel views, quarter net change"
Q3_2025,spyro,Spyro,domestic,929431,25217600,10015,39036.1,100870.4,240.36,140146.86,11710.83,151857.69,227786538.9,0.617891,93831.49,58026.2,87039298.85,observed: artist's own Nigerian share of listeners this quarter,OBS,"observed channel views, quarter net change"
Q4_2025,spyro,Spyro,domestic,892715,21730000,10449,37494.03,86920.0,250.78,124664.81,11248.21,135913.01,203869522.5,0.568004,77199.09,58713.93,88070892.01,observed: artist's own Nigerian share of listeners this quarter,OBS,"observed channel views, quarter net change"
Q1_2026,spyro,Spyro,domestic,675832,28342485,10778,28384.94,113369.94,258.67,142013.56,8515.48,150529.04,225793558.8,0.592712,89220.37,61308.67,91962999.92,observed: artist's own Nigerian share of listeners this quarter,OBS,"estimated: subscribers x 15 views/month (EST, first-submission methodology)"
Q2_2026,spyro,Spyro,domestic,825660,20208205,115,34677.72,80832.82,2.76,115513.3,10403.32,125916.62,188874924.0,0.597838,75277.75,50638.87,75958299.59,observed: artist's own Nigerian share of listeners this quarter,OBS,"observed channel views, quarter net change"
Q3_2026,spyro,Spyro,domestic,819322,10342258,253,34411.52,41369.03,6.07,75786.63,10323.46,86110.09,129165127.8,0.583272,50225.59,35884.49,53826737.82,observed: artist's own Nigerian share of listeners this quarter,OBS,"observed channel views, quarter net change"
Q2_2019,tay-iwar,Tay Iwar,domestic,56046,0,0,2353.93,0.0,0.0,2353.93,706.18,3060.11,4590167.4,,,,,not measured: provider published no geography this quarter,UNK,no YouTube presence observed
Q3_2019,tay-iwar,Tay Iwar,domestic,60175,0,0,2527.35,0.0,0.0,2527.35,758.2,3285.55,4928332.5,,,,,not measured: provider published no geography this quarter,UNK,no YouTube presence observed
Q4_2019,tay-iwar,Tay Iwar,domestic,68179,0,0,2863.52,0.0,0.0,2863.52,859.06,3722.57,5583860.1,,,,,not measured: provider published no geography this quarter,UNK,no YouTube presence observed
Q1_2020,tay-iwar,Tay Iwar,domestic,89589,0,0,3762.74,0.0,0.0,3762.74,1128.82,4891.56,7337339.1,,,,,not measured: provider published no geography this quarter,UNK,no YouTube presence observed
Q2_2020,tay-iwar,Tay Iwar,domestic,85070,0,0,3572.94,0.0,0.0,3572.94,1071.88,4644.82,6967233.0,,,,,not measured: provider published no geography this quarter,UNK,no YouTube presence observed
Q3_2020,tay-iwar,Tay Iwar,domestic,89873,0,0,3774.67,0.0,0.0,3774.67,1132.4,4907.07,7360598.7,,,,,not measured: provider published no geography this quarter,UNK,no YouTube presence observed
Q4_2020,tay-iwar,Tay Iwar,domestic,90070,0,0,3782.94,0.0,0.0,3782.94,1134.88,4917.82,7376733.0,,,,,not measured: provider published no geography this quarter,UNK,no YouTube presence observed
Q1_2021,tay-iwar,Tay Iwar,domestic,242292,0,0,10176.26,0.0,0.0,10176.26,3052.88,13229.14,19843714.8,0.022613,299.15,12929.99,19394984.7,observed: artist's own Nigerian share of listeners this quarter,OBS,no YouTube presence observed
Q2_2021,tay-iwar,Tay Iwar,domestic,400590,0,0,16824.78,0.0,0.0,16824.78,5047.43,21872.21,32808321.0,0.020818,455.33,21416.88,32125321.23,observed: artist's own Nigerian share of listeners this quarter,OBS,no YouTube presence observed
Q3_2021,tay-iwar,Tay Iwar,domestic,376977,0,0,15833.03,0.0,0.0,15833.03,4749.91,20582.94,30874416.3,0.038484,792.12,19790.83,29686238.85,observed: artist's own Nigerian share of listeners this quarter,OBS,no YouTube presence observed
Q4_2021,tay-iwar,Tay Iwar,domestic,333454,68827,0,14005.07,275.31,0.0,14280.38,4201.52,18481.9,27722844.6,0.031544,583.0,17898.89,26848341.99,observed: artist's own Nigerian share of listeners this quarter,OBS,"observed channel views, quarter net change"
Q1_2022,tay-iwar,Tay Iwar,domestic,373307,61354,0,15678.89,245.42,0.0,15924.31,4703.67,20627.98,30941967.3,0.021796,449.6,20178.37,30267561.67,observed: artist's own Nigerian share of listeners this quarter,OBS,"observed channel views, quarter net change"
Q2_2022,tay-iwar,Tay Iwar,domestic,428578,36775,0,18000.28,147.1,0.0,18147.38,5400.08,23547.46,35321188.2,0.035329,831.9,22715.56,34073341.02,observed: artist's own Nigerian share of listeners this quarter,OBS,"observed channel views, quarter net change"
Q3_2022,tay-iwar,Tay Iwar,domestic,599753,55587,0,25189.63,222.35,0.0,25411.97,7556.89,32968.86,49453292.7,0.024938,822.17,32146.69,48220040.51,observed: artist's own Nigerian share of listeners this quarter,OBS,"observed channel views, quarter net change"
Q4_2022,tay-iwar,Tay Iwar,domestic,610129,57221,0,25625.42,228.88,0.0,25854.3,7687.63,33541.93,50312891.1,0.047796,1603.18,31938.74,47908115.59,observed: artist's own Nigerian share of listeners this quarter,OBS,"observed channel views, quarter net change"
Q1_2023,tay-iwar,Tay Iwar,domestic,742217,137899,0,31173.11,551.6,0.0,31724.71,9351.93,41076.64,61614966.3,0.059332,2437.17,38639.48,57959213.26,observed: artist's own Nigerian share of listeners this quarter,OBS,"observed channel views, quarter net change"
Q2_2023,tay-iwar,Tay Iwar,domestic,1152439,160711,0,48402.44,642.84,0.0,49045.28,14520.73,63566.01,95349020.1,0.093264,5928.44,57637.57,86456361.89,observed: artist's own Nigerian share of listeners this quarter,OBS,"observed channel views, quarter net change"
Q3_2023,tay-iwar,Tay Iwar,domestic,937083,150120,0,39357.49,600.48,0.0,39957.97,11807.25,51765.21,77647817.7,0.099931,5172.94,46592.27,69888409.94,observed: artist's own Nigerian share of listeners this quarter,OBS,"observed channel views, quarter net change"
Q4_2023,tay-iwar,Tay Iwar,domestic,945711,156556,0,39719.86,626.22,0.0,40346.09,11915.96,52262.04,78393066.9,0.140974,7367.57,44894.47,67341711.71,observed: artist's own Nigerian share of listeners this quarter,OBS,"observed channel views, quarter net change"
Q1_2024,tay-iwar,Tay Iwar,domestic,776068,506524,0,32594.86,2026.1,0.0,34620.95,9778.46,44399.41,66599113.2,0.175014,7770.52,36628.89,54943339.56,observed: artist's own Nigerian share of listeners this quarter,OBS,"observed channel views, quarter net change"
Q2_2024,tay-iwar,Tay Iwar,domestic,832425,140365,0,34961.85,561.46,0.0,35523.31,10488.55,46011.86,69017797.5,0.224365,10323.47,35688.4,53532598.83,observed: artist's own Nigerian share of listeners this quarter,OBS,"observed channel views, quarter net change"
Q3_2024,tay-iwar,Tay Iwar,domestic,778108,239488,0,32680.54,957.95,0.0,33638.49,9804.16,43442.65,65163973.2,0.237458,10315.81,33126.84,49690263.89,observed: artist's own Nigerian share of listeners this quarter,OBS,"observed channel views, quarter net change"
Q4_2024,tay-iwar,Tay Iwar,domestic,889919,259102,0,37376.6,1036.41,0.0,38413.01,11212.98,49625.99,74438978.1,0.22154,10994.16,38631.83,57947740.6,observed: artist's own Nigerian share of listeners this quarter,OBS,"observed channel views, quarter net change"
Q1_2025,tay-iwar,Tay Iwar,domestic,880643,197825,1,36987.01,791.3,0.02,37778.33,11096.1,48874.43,73311647.7,0.26108,12760.13,36114.3,54171449.08,observed: artist's own Nigerian share of listeners this quarter,OBS,"observed channel views, quarter net change"
Q2_2025,tay-iwar,Tay Iwar,domestic,900874,665432,24,37836.71,2661.73,0.58,40499.01,11351.01,51850.02,77775036.6,0.267727,13881.66,37968.36,56952547.28,observed: artist's own Nigerian share of listeners this quarter,OBS,"observed channel views, quarter net change"
Q3_2025,tay-iwar,Tay Iwar,domestic,1105721,454553,55,46440.28,1818.21,1.32,48259.81,13932.08,62191.9,93287847.9,0.308759,19202.29,42989.61,64484416.55,observed: artist's own Nigerian share of listeners this quarter,OBS,"observed channel views, quarter net change"
Q4_2025,tay-iwar,Tay Iwar,domestic,938601,5002270,86,39421.24,20009.08,2.06,59432.39,11826.37,71258.76,106888137.9,0.314687,22424.21,48834.55,73251818.29,observed: artist's own Nigerian share of listeners this quarter,OBS,"observed channel views, quarter net change"
Q1_2026,tay-iwar,Tay Iwar,domestic,850933,289592,114,35739.19,1158.37,2.74,36900.29,10721.76,47622.05,71433068.7,0.325325,15492.64,32129.4,48194106.26,observed: artist's own Nigerian share of listeners this quarter,OBS,"observed channel views, quarter net change"
Q2_2026,tay-iwar,Tay Iwar,domestic,812648,487440,201,34131.22,1949.76,4.82,36085.8,10239.36,46325.16,69487747.2,0.33213,15385.99,30939.18,46408762.93,observed: artist's own Nigerian share of listeners this quarter,OBS,"observed channel views, quarter net change"
Q3_2026,tay-iwar,Tay Iwar,domestic,788185,147823,238,33103.77,591.29,5.71,33700.77,9931.13,43631.91,65447857.5,0.351248,15325.63,28306.27,42459410.16,observed: artist's own Nigerian share of listeners this quarter,OBS,"observed channel views, quarter net change"
Q1_2019,tekno,Tekno,domestic,0,0,19024,0.0,0.0,456.58,456.58,0.0,456.58,684864.0,,,,,not measured: provider published no geography this quarter,UNK,no YouTube presence observed
Q2_2019,tekno,Tekno,domestic,740898,0,19369,31117.72,0.0,464.86,31582.57,9335.31,40917.89,61376830.2,,,,,not measured: provider published no geography this quarter,UNK,no YouTube presence observed
Q3_2019,tekno,Tekno,domestic,1092096,0,19925,45868.03,0.0,478.2,46346.23,13760.41,60106.64,90159962.4,,,,,not measured: provider published no geography this quarter,UNK,no YouTube presence observed
Q4_2019,tekno,Tekno,domestic,1051021,0,20666,44142.88,0.0,495.98,44638.87,13242.86,57881.73,86822595.9,,,,,not measured: provider published no geography this quarter,UNK,no YouTube presence observed
Q1_2020,tekno,Tekno,domestic,988160,0,21393,41502.72,0.0,513.43,42016.15,12450.82,54466.97,81700452.0,,,,,not measured: provider published no geography this quarter,UNK,no YouTube presence observed
Q2_2020,tekno,Tekno,domestic,1119764,0,22058,47030.09,0.0,529.39,47559.48,14109.03,61668.51,92502759.6,,,,,not measured: provider published no geography this quarter,UNK,no YouTube presence observed
Q3_2020,tekno,Tekno,domestic,1331404,0,22766,55918.97,0.0,546.38,56465.35,16775.69,73241.04,109861563.6,,,,,not measured: provider published no geography this quarter,UNK,no YouTube presence observed
Q4_2020,tekno,Tekno,domestic,1141799,0,23616,47955.56,0.0,566.78,48522.34,14386.67,62909.01,94363514.1,,,,,not measured: provider published no geography this quarter,UNK,no YouTube presence observed
Q1_2021,tekno,Tekno,domestic,1129441,0,24270,47436.52,0.0,582.48,48019.0,14230.96,62249.96,93374937.9,0.020357,1267.22,60982.74,91474106.81,observed: artist's own Nigerian share of listeners this quarter,OBS,no YouTube presence observed
Q2_2021,tekno,Tekno,domestic,1248651,0,24879,52443.34,0.0,597.1,53040.44,15733.0,68773.44,103160160.9,0.014979,1030.16,67743.28,101614923.21,observed: artist's own Nigerian share of listeners this quarter,OBS,no YouTube presence observed
Q3_2021,tekno,Tekno,domestic,1082077,0,25460,45447.23,0.0,611.04,46058.27,13634.17,59692.44,89538666.3,0.017949,1071.45,58621.0,87931497.82,observed: artist's own Nigerian share of listeners this quarter,OBS,no YouTube presence observed
Q4_2021,tekno,Tekno,domestic,985126,28847506,25922,41375.29,115390.02,622.13,157387.44,12412.59,169800.03,254700047.4,0.023102,3922.73,165877.3,248815949.09,observed: artist's own Nigerian share of listeners this quarter,OBS,"observed channel views, quarter net change"
Q1_2022,tekno,Tekno,domestic,1139668,19426985,26416,47866.06,77707.94,633.98,126207.98,14359.82,140567.8,210851695.2,0.024002,3373.87,137193.93,205790887.8,observed: artist's own Nigerian share of listeners this quarter,OBS,"observed channel views, quarter net change"
Q2_2022,tekno,Tekno,domestic,2153498,35666667,26977,90446.92,142666.67,647.45,233761.03,27134.07,260895.11,391342660.2,0.073421,19155.18,241739.93,362609889.2,observed: artist's own Nigerian share of listeners this quarter,OBS,"observed channel views, quarter net change"
Q3_2022,tekno,Tekno,domestic,2097546,31980267,27472,88096.93,127921.07,659.33,216677.33,26429.08,243106.41,364659611.4,0.059721,14518.57,228587.84,342881762.54,observed: artist's own Nigerian share of listeners this quarter,OBS,"observed channel views, quarter net change"
Q4_2022,tekno,Tekno,domestic,2451675,25855645,27867,102970.35,103422.58,668.81,207061.74,30891.1,237952.84,356929264.5,0.06205,14764.99,223187.86,334781785.34,observed: artist's own Nigerian share of listeners this quarter,OBS,"observed channel views, quarter net change"
Q1_2023,tekno,Tekno,domestic,2057311,21989578,28172,86407.06,87958.31,676.13,175041.5,25922.12,200963.62,301445430.9,0.071792,14427.48,186536.14,279804208.45,observed: artist's own Nigerian share of listeners this quarter,OBS,"observed channel views, quarter net change"
Q2_2023,tekno,Tekno,domestic,2341069,24284145,28493,98324.9,97136.58,683.83,196145.31,29497.47,225642.78,338464169.1,0.075697,17080.44,208562.34,312843508.77,observed: artist's own Nigerian share of listeners this quarter,OBS,"observed channel views, quarter net change"
Q3_2023,tekno,Tekno,domestic,2516546,25019433,28854,105694.93,100077.73,692.5,206465.16,31708.48,238173.64,357260459.4,0.152961,36431.17,201742.47,302613706.83,observed: artist's own Nigerian share of listeners this quarter,OBS,"observed channel views, quarter net change"
Q4_2023,tekno,Tekno,domestic,2535678,20313853,29319,106498.48,81255.41,703.66,188457.54,31949.54,220407.09,330610630.2,0.192175,42356.72,178050.37,267075554.76,observed: artist's own Nigerian share of listeners this quarter,OBS,"observed channel views, quarter net change"
Q1_2024,tekno,Tekno,domestic,2099181,20844358,29662,88165.6,83377.43,711.89,172254.92,26449.68,198704.6,298056903.9,0.159283,31650.3,167054.3,250581450.1,observed: artist's own Nigerian share of listeners this quarter,OBS,"observed channel views, quarter net change"
Q2_2024,tekno,Tekno,domestic,2193412,32440225,29999,92123.3,129760.9,719.98,222604.18,27636.99,250241.17,375361756.8,0.230237,57614.76,192626.41,288939615.23,observed: artist's own Nigerian share of listeners this quarter,OBS,"observed channel views, quarter net change"
Q3_2024,tekno,Tekno,domestic,1968079,21832851,30325,82659.32,87331.4,727.8,170718.52,24797.8,195516.32,293274476.1,0.20703,40477.7,155038.61,232557920.23,observed: artist's own Nigerian share of listeners this quarter,OBS,"observed channel views, quarter net change"
Q4_2024,tekno,Tekno,domestic,1869847,22493980,30643,78533.57,89975.92,735.43,169244.93,23560.07,192805.0,289207497.3,0.249682,48140.0,144665.0,216997495.77,observed: artist's own Nigerian share of listeners this quarter,OBS,"observed channel views, quarter net change"
Q1_2025,tekno,Tekno,domestic,1715817,28354800,31027,72064.31,113419.2,744.65,186228.16,21619.29,207847.46,311771184.3,0.248283,51604.97,156242.49,234363734.27,observed: artist's own Nigerian share of listeners this quarter,OBS,"observed channel views, quarter net change"
Q2_2025,tekno,Tekno,domestic,1947156,32501400,31435,81780.55,130005.6,754.44,212540.59,24534.17,237074.76,355612136.4,0.277732,65843.21,171231.54,256847315.84,observed: artist's own Nigerian share of listeners this quarter,OBS,"observed channel views, quarter net change"
Q3_2025,tekno,Tekno,domestic,1915646,36468500,31957,80457.13,145874.0,766.97,227098.1,24137.14,251235.24,376852859.4,0.28905,72619.64,178615.6,267923395.48,observed: artist's own Nigerian share of listeners this quarter,OBS,"observed channel views, quarter net change"
Q4_2025,tekno,Tekno,domestic,1963516,28822900,85,82467.67,115291.6,2.04,197761.31,24740.3,222501.61,333752420.4,0.351194,78141.17,144360.45,216540669.5,observed: artist's own Nigerian share of listeners this quarter,OBS,"observed channel views, quarter net change"
Q1_2026,tekno,Tekno,domestic,1878283,27340800,87,78887.89,109363.2,2.09,188253.17,23666.37,211919.54,317879309.7,0.351359,74459.84,137459.7,206189543.52,observed: artist's own Nigerian share of listeners this quarter,OBS,"observed channel views, quarter net change"
Q2_2026,tekno,Tekno,domestic,2270474,26475309,33657,95359.91,105901.24,807.77,202068.91,28607.97,230676.88,346015326.6,0.392291,90492.51,140184.37,210276554.34,observed: artist's own Nigerian share of listeners this quarter,OBS,"observed channel views, quarter net change"
Q3_2026,tekno,Tekno,domestic,2304690,12600002,33956,96796.98,50400.01,814.94,148011.93,29039.09,177051.03,265576539.0,0.38857,68796.76,108254.27,162381400.16,observed: artist's own Nigerian share of listeners this quarter,OBS,"observed channel views, quarter net change"
Q3_2022,tempoe,Tempoe,diaspora_candidate,0,0,10,0.0,0.0,0.24,0.24,0.0,0.24,360.0,0.043809,0.01,0.23,344.23,assumed: portfolio-wide ratio applied to an artist without own geography,ASM,no YouTube presence observed
Q4_2022,tempoe,Tempoe,diaspora_candidate,0,0,25,0.0,0.0,0.6,0.6,0.0,0.6,900.0,0.059639,0.04,0.56,846.32,assumed: portfolio-wide ratio applied to an artist without own geography,ASM,no YouTube presence observed
Q1_2023,tempoe,Tempoe,diaspora_candidate,0,0,344,0.0,0.0,8.26,8.26,0.0,8.26,12384.0,0.079414,0.66,7.6,11400.54,assumed: portfolio-wide ratio applied to an artist without own geography,ASM,no YouTube presence observed
Q2_2023,tempoe,Tempoe,diaspora_candidate,0,0,1428,0.0,0.0,34.27,34.27,0.0,34.27,51408.0,0.090982,3.12,31.15,46730.82,assumed: portfolio-wide ratio applied to an artist without own geography,ASM,no YouTube presence observed
Q3_2023,tempoe,Tempoe,diaspora_candidate,0,0,2595,0.0,0.0,62.28,62.28,0.0,62.28,93420.0,0.125725,7.83,54.45,81674.76,assumed: portfolio-wide ratio applied to an artist without own geography,ASM,no YouTube presence observed
Q4_2023,tempoe,Tempoe,diaspora_candidate,0,0,3596,0.0,0.0,86.3,86.3,0.0,86.3,129456.0,0.17451,15.06,71.24,106864.58,assumed: portfolio-wide ratio applied to an artist without own geography,ASM,no YouTube presence observed
Q1_2024,tempoe,Tempoe,diaspora_candidate,5078293,0,5760,213288.31,0.0,138.24,213426.55,63986.49,277413.04,416119556.7,0.173406,48105.08,229307.96,343961941.18,assumed: portfolio-wide ratio applied to an artist without own geography,ASM,no YouTube presence observed
Q2_2024,tempoe,Tempoe,diaspora_candidate,6546117,1289,7709,274936.91,5.16,185.02,275127.09,82481.07,357608.16,536412240.3,0.212921,76142.39,281465.77,422198657.5,assumed: portfolio-wide ratio applied to an artist without own geography,ASM,"observed channel views, quarter net change"
Q3_2024,tempoe,Tempoe,diaspora_candidate,5900814,3266,9247,247834.19,13.06,221.93,248069.18,74350.26,322419.44,483629154.6,0.220102,70965.16,251454.28,377181421.68,assumed: portfolio-wide ratio applied to an artist without own geography,ASM,"observed channel views, quarter net change"
Q4_2024,tempoe,Tempoe,diaspora_candidate,5458455,2174,10420,229255.11,8.7,250.08,229513.89,68776.53,298290.42,447435628.5,0.285348,85116.57,213173.85,319760779.77,assumed: portfolio-wide ratio applied to an artist without own geography,ASM,"observed channel views, quarter net change"
Q1_2025,tempoe,Tempoe,diaspora_candidate,4852074,2470,11229,203787.11,9.88,269.5,204066.48,61136.13,265202.62,397803924.6,0.321529,85270.4,179932.22,269898323.21,assumed: portfolio-wide ratio applied to an artist without own geography,ASM,"observed channel views, quarter net change"
Q2_2025,tempoe,Tempoe,diaspora_candidate,3816969,6564,12192,160312.7,26.26,292.61,160631.56,48093.81,208725.37,313088057.1,0.335716,70072.52,138652.85,207979275.94,assumed: portfolio-wide ratio applied to an artist without own geography,ASM,"observed channel views, quarter net change"
Q3_2025,tempoe,Tempoe,diaspora_candidate,3219017,6722,12948,135198.71,26.89,310.75,135536.35,40559.61,176095.97,264143952.3,0.355631,62625.25,113470.72,170206074.91,assumed: portfolio-wide ratio applied to an artist without own geography,ASM,"observed channel views, quarter net change"
Q4_2025,tempoe,Tempoe,diaspora_candidate,3784536,5551,13606,158950.51,22.2,326.54,159299.26,47685.15,206984.41,310476620.4,0.400111,82816.7,124167.71,186251569.84,assumed: portfolio-wide ratio applied to an artist without own geography,ASM,"observed channel views, quarter net change"
Q1_2026,tempoe,Tempoe,diaspora_candidate,4012105,2824,14090,168508.41,11.3,338.16,168857.87,50552.52,219410.39,329115583.5,0.153627,33707.32,185703.06,278554597.47,observed: artist's own Nigerian share of listeners this quarter,OBS,"observed channel views, quarter net change"
Q2_2026,tempoe,Tempoe,diaspora_candidate,3947723,3225,14367,165804.37,12.9,344.81,166162.07,49741.31,215903.38,323855075.7,0.15433,33320.42,182582.96,273874447.26,observed: artist's own Nigerian share of listeners this quarter,OBS,"observed channel views, quarter net change"
Q3_2026,tempoe,Tempoe,diaspora_candidate,3872226,1270,14579,162633.49,5.08,349.9,162988.47,48790.05,211778.52,317667773.4,0.170031,36008.81,175769.7,263654553.56,observed: artist's own Nigerian share of listeners this quarter,OBS,"observed channel views, quarter net change"
Q2_2019,tems,Tems,domestic,16450,0,0,690.9,0.0,0.0,690.9,207.27,898.17,1347255.0,,,,,not measured: provider published no geography this quarter,UNK,no YouTube presence observed
Q3_2019,tems,Tems,domestic,61319,0,152,2575.4,0.0,3.65,2579.05,772.62,3351.67,5027498.1,,,,,not measured: provider published no geography this quarter,UNK,no YouTube presence observed
Q4_2019,tems,Tems,domestic,72286,0,1807,3036.01,0.0,43.37,3079.38,910.8,3990.18,5985275.4,,,,,not measured: provider published no geography this quarter,UNK,no YouTube presence observed
Q1_2020,tems,Tems,domestic,124686,0,4011,5236.81,0.0,96.26,5333.08,1571.04,6904.12,10356179.4,,,,,not measured: provider published no geography this quarter,UNK,no YouTube presence observed
Q2_2020,tems,Tems,domestic,196014,0,6649,8232.59,0.0,159.58,8392.16,2469.78,10861.94,16292910.6,,,,,not measured: provider published no geography this quarter,UNK,no YouTube presence observed
Q3_2020,tems,Tems,domestic,200746,1845000,9845,8431.33,7380.0,236.28,16047.61,2529.4,18577.01,27865517.4,,,,,not measured: provider published no geography this quarter,UNK,"estimated: subscribers x 15 views/month (EST, first-submission methodology)"
Q4_2020,tems,Tems,domestic,340376,3379500,21461,14295.79,13518.0,515.06,28328.86,4288.74,32617.59,48926390.4,,,,,not measured: provider published no geography this quarter,UNK,"estimated: subscribers x 15 views/month (EST, first-submission methodology)"
Q1_2021,tems,Tems,domestic,494658,4905000,33813,20775.64,19620.0,811.51,41207.15,6232.69,47439.84,71159758.2,0.076576,3632.76,43807.08,65710618.63,observed: artist's own Nigerian share of listeners this quarter,OBS,"estimated: subscribers x 15 views/month (EST, first-submission methodology)"
Q2_2021,tems,Tems,domestic,613951,6120000,44081,25785.94,24480.0,1057.94,51323.89,7735.78,59059.67,88589502.9,0.051619,3048.63,56011.04,84016560.94,observed: artist's own Nigerian share of listeners this quarter,OBS,"estimated: subscribers x 15 views/month (EST, first-submission methodology)"
Q3_2021,tems,Tems,domestic,14900992,1611293,58887,625841.66,6445.17,1413.29,633700.12,187752.5,821452.62,1232178934.8,0.005695,4678.05,816774.58,1225161864.0,observed: artist's own Nigerian share of listeners this quarter,OBS,"observed channel views, quarter net change"
Q4_2021,tems,Tems,domestic,6181986,22049903,79778,259643.41,88199.61,1914.67,349757.7,77893.02,427650.72,641476079.4,0.017506,7486.48,420164.24,630246357.74,observed: artist's own Nigerian share of listeners this quarter,OBS,"observed channel views, quarter net change"
Q1_2022,tems,Tems,domestic,5640319,20550702,96962,236893.4,82202.81,2327.09,321423.29,71068.02,392491.31,588736970.1,0.01324,5196.61,387294.71,580942058.83,observed: artist's own Nigerian share of listeners this quarter,OBS,"observed channel views, quarter net change"
Q2_2022,tems,Tems,domestic,17082472,29852997,109120,717463.82,119411.99,2618.88,839494.69,215239.15,1054733.84,1582100758.8,0.005693,6004.36,1048729.48,1573094216.58,observed: artist's own Nigerian share of listeners this quarter,OBS,"observed channel views, quarter net change"
Q3_2022,tems,Tems,domestic,15358140,37969696,122531,645041.88,151878.78,2940.74,799861.41,193512.56,993373.97,1490060958.0,0.006071,6030.64,987343.33,1481014994.48,observed: artist's own Nigerian share of listeners this quarter,OBS,"observed channel views, quarter net change"
Q4_2022,tems,Tems,domestic,14226812,35246840,131443,597526.1,140987.36,3154.63,741668.1,179257.83,920925.93,1381388890.8,0.007803,7185.67,913740.26,1370610388.2,observed: artist's own Nigerian share of listeners this quarter,OBS,"observed channel views, quarter net change"
Q1_2023,tems,Tems,domestic,13586065,32386568,138535,570614.73,129546.27,3324.84,703485.84,171184.42,874670.26,1312005391.5,0.010539,9218.54,865451.72,1298177583.38,observed: artist's own Nigerian share of listeners this quarter,OBS,"observed channel views, quarter net change"
Q2_2023,tems,Tems,domestic,14012434,26430837,144761,588522.23,105723.35,3474.26,697719.84,176556.67,874276.51,1311414762.6,0.011825,10338.75,863937.76,1295906641.74,observed: artist's own Nigerian share of listeners this quarter,OBS,"observed channel views, quarter net change"
Q3_2023,tems,Tems,domestic,13701919,20847782,149668,575480.6,83391.13,3592.03,662463.76,172644.18,835107.94,1252661906.1,0.011202,9354.52,825753.41,1238630119.57,observed: artist's own Nigerian share of listeners this quarter,OBS,"observed channel views, quarter net change"
Q4_2023,tems,Tems,domestic,15501067,40914472,155921,651044.81,163657.89,3742.1,818444.81,195313.44,1013758.25,1520637375.3,0.043068,43660.35,970097.9,1455146846.77,observed: artist's own Nigerian share of listeners this quarter,OBS,"observed channel views, quarter net change"
Q1_2024,tems,Tems,domestic,14799085,37707235,162875,621561.57,150828.94,3909.0,776299.51,186468.47,962767.98,1444151971.5,0.039273,37810.97,924957.01,1387435522.48,observed: artist's own Nigerian share of listeners this quarter,OBS,"observed channel views, quarter net change"
Q2_2024,tems,Tems,domestic,20041941,51974407,172140,841761.52,207897.63,4131.36,1053790.51,252528.46,1306318.97,1959478449.9,0.045592,59558.28,1246760.69,1870141028.6,observed: artist's own Nigerian share of listeners this quarter,OBS,"observed channel views, quarter net change"
Q3_2024,tems,Tems,domestic,19117255,60840273,182885,802924.71,243361.09,4389.24,1050675.04,240877.41,1291552.45,1937328682.5,0.043268,55883.0,1235669.45,1853504181.84,observed: artist's own Nigerian share of listeners this quarter,OBS,"observed channel views, quarter net change"
Q4_2024,tems,Tems,domestic,17956278,57275927,193990,754163.68,229103.71,4655.76,987923.14,226249.1,1214172.25,1821258370.2,0.056137,68160.01,1146012.24,1719018355.35,observed: artist's own Nigerian share of listeners this quarter,OBS,"observed channel views, quarter net change"
Q1_2025,tems,Tems,domestic,16582404,50740740,204691,696460.97,202962.96,4912.58,904336.51,208938.29,1113274.8,1669912203.6,0.054168,60304.16,1052970.64,1579455962.29,observed: artist's own Nigerian share of listeners this quarter,OBS,"observed channel views, quarter net change"
Q2_2025,tems,Tems,domestic,16440400,44025050,214639,690496.8,176100.2,5151.34,871748.34,207149.04,1078897.38,1618346064.0,0.059586,64286.92,1014610.45,1521915679.94,observed: artist's own Nigerian share of listeners this quarter,OBS,"observed channel views, quarter net change"
Q3_2025,tems,Tems,domestic,21329854,51872710,225508,895853.87,207490.84,5412.19,1108756.9,268756.16,1377513.06,2066269590.6,0.074271,102309.91,1275203.15,1912804731.97,observed: artist's own Nigerian share of listeners this quarter,OBS,"observed channel views, quarter net change"
Q4_2025,tems,Tems,domestic,25357460,56182940,236959,1065013.32,224731.76,5687.02,1295432.1,319504.0,1614936.09,2422404138.0,0.083426,134727.35,1480208.75,2220313119.85,observed: artist's own Nigerian share of listeners this quarter,OBS,"observed channel views, quarter net change"
Q1_2026,tems,Tems,domestic,40955308,76879680,249998,1720122.94,307518.72,5999.95,2033641.61,516036.88,2549678.49,3824517733.2,0.054184,138150.7,2411527.79,3617291684.95,observed: artist's own Nigerian share of listeners this quarter,OBS,"observed channel views, quarter net change"
Q2_2026,tems,Tems,domestic,39531193,94569017,260203,1660310.11,378276.07,6244.87,2044831.05,498093.03,2542924.08,3814386116.7,0.055376,140817.07,2402107.01,3603160511.27,observed: artist's own Nigerian share of listeners this quarter,OBS,"observed channel views, quarter net change"
Q3_2026,tems,Tems,domestic,36089653,37705446,264283,1515765.43,150821.78,6342.79,1672930.0,454729.63,2127659.63,3191489444.7,0.057711,122789.44,2004870.19,3007305277.67,observed: artist's own Nigerian share of listeners this quarter,OBS,"observed channel views, quarter net change"
Q1_2019,teni,Teni,domestic,0,0,14864,0.0,0.0,356.74,356.74,0.0,356.74,535104.0,,,,,not measured: provider published no geography this quarter,UNK,no YouTube presence observed
Q2_2019,teni,Teni,domestic,300053,0,22220,12602.23,0.0,533.28,13135.51,3780.67,16916.17,25374260.7,,,,,not measured: provider published no geography this quarter,UNK,no YouTube presence observed
Q3_2019,teni,Teni,domestic,342223,0,28528,14373.37,0.0,684.67,15058.04,4312.01,19370.05,29055071.7,,,,,not measured: provider published no geography this quarter,UNK,no YouTube presence observed
Q4_2019,teni,Teni,domestic,416361,10440000,41398,17487.16,41760.0,993.55,60240.71,5246.15,65486.86,98230293.9,,,,,not measured: provider published no geography this quarter,UNK,"estimated: subscribers x 15 views/month (EST, first-submission methodology)"
Q1_2020,teni,Teni,domestic,381252,11970000,53169,16012.58,47880.0,1276.06,65168.64,4803.78,69972.42,104958622.8,,,,,not measured: provider published no geography this quarter,UNK,"estimated: subscribers x 15 views/month (EST, first-submission methodology)"
Q2_2020,teni,Teni,domestic,375879,13320000,66016,15786.92,53280.0,1584.38,70651.3,4736.08,75387.38,113081066.1,,,,,not measured: provider published no geography this quarter,UNK,"estimated: subscribers x 15 views/month (EST, first-submission methodology)"
Q3_2020,teni,Teni,domestic,356822,14760000,81321,14986.52,59040.0,1951.7,75978.23,4495.96,80474.19,120711277.8,,,,,not measured: provider published no geography this quarter,UNK,"estimated: subscribers x 15 views/month (EST, first-submission methodology)"
Q4_2020,teni,Teni,domestic,305754,15840000,93503,12841.67,63360.0,2244.07,78445.74,3852.5,82298.24,123447360.6,,,,,not measured: provider published no geography this quarter,UNK,"estimated: subscribers x 15 views/month (EST, first-submission methodology)"
Q1_2021,teni,Teni,domestic,553223,18720000,104469,23235.37,74880.0,2507.26,100622.62,6970.61,107593.23,161389847.7,0.08759,9424.13,98169.1,147253653.34,observed: artist's own Nigerian share of listeners this quarter,OBS,"estimated: subscribers x 15 views/month (EST, first-submission methodology)"
Q2_2021,teni,Teni,domestic,604968,20745000,117379,25408.66,82980.0,2817.1,111205.75,7622.6,118828.35,178242523.2,0.074351,8834.96,109993.39,164990080.29,observed: artist's own Nigerian share of listeners this quarter,OBS,"estimated: subscribers x 15 views/month (EST, first-submission methodology)"
Q3_2021,teni,Teni,domestic,566724,993211,129469,23802.41,3972.84,3107.26,30882.51,7140.72,38023.23,57034845.6,0.096922,3685.3,34337.93,51506901.91,observed: artist's own Nigerian share of listeners this quarter,OBS,"observed channel views, quarter net change"
Q4_2021,teni,Teni,domestic,614010,11632602,139191,25788.42,46530.41,3340.58,75659.41,7736.53,83395.94,125093907.0,0.114819,9575.45,73820.49,110730737.57,observed: artist's own Nigerian share of listeners this quarter,OBS,"observed channel views, quarter net change"
Q1_2022,teni,Teni,domestic,597659,7879526,145925,25101.68,31518.1,3502.2,60121.98,7530.5,67652.49,101478728.1,0.086821,5873.65,61778.83,92668249.3,observed: artist's own Nigerian share of listeners this quarter,OBS,"observed channel views, quarter net change"
Q2_2022,teni,Teni,domestic,468033,7556537,149125,19657.39,30226.15,3579.0,53462.53,5897.22,59359.75,89039624.7,0.107204,6363.59,52996.16,79494234.81,observed: artist's own Nigerian share of listeners this quarter,OBS,"observed channel views, quarter net change"
Q3_2022,teni,Teni,domestic,461984,22995000,151211,19403.33,91980.0,3629.06,115012.39,5821.0,120833.39,181250085.6,0.115351,13938.19,106895.2,160342796.69,observed: artist's own Nigerian share of listeners this quarter,OBS,"estimated: subscribers x 15 views/month (EST, first-submission methodology)"
Q4_2022,teni,Teni,domestic,607420,1666051,152143,25511.64,6664.2,3651.43,35827.28,7653.49,43480.77,65221152.0,0.137729,5988.57,37492.2,56238292.91,observed: artist's own Nigerian share of listeners this quarter,OBS,"observed channel views, quarter net change"
Q1_2023,teni,Teni,domestic,624677,2022406,152801,26236.43,8089.62,3667.22,37993.28,7870.93,45864.21,68796318.3,0.164208,7531.28,38332.93,57499392.94,observed: artist's own Nigerian share of listeners this quarter,OBS,"observed channel views, quarter net change"
Q2_2023,teni,Teni,domestic,911259,155928731,153101,38272.88,623714.92,3674.42,665662.23,11481.86,677144.09,1015716134.1,0.246739,167078.19,510065.9,765098854.04,observed: artist's own Nigerian share of listeners this quarter,OBS,"observed channel views, quarter net change"
Q3_2023,teni,Teni,domestic,1155279,5440969,153557,48521.72,21763.88,3685.37,73970.96,14556.52,88527.48,132791216.1,0.215613,19087.67,69439.81,104159711.82,observed: artist's own Nigerian share of listeners this quarter,OBS,"observed channel views, quarter net change"
Q4_2023,teni,Teni,domestic,1145481,8774259,154231,48110.2,35097.04,3701.54,86908.78,14433.06,101341.84,152012763.9,0.487143,49367.93,51973.92,77960874.81,observed: artist's own Nigerian share of listeners this quarter,OBS,"observed channel views, quarter net change"
Q1_2024,teni,Teni,domestic,899862,6697426,154548,37794.2,26789.7,3709.15,68293.06,11338.26,79631.32,119446981.8,0.324254,25820.78,53810.54,80715806.97,observed: artist's own Nigerian share of listeners this quarter,OBS,"observed channel views, quarter net change"
Q2_2024,teni,Teni,domestic,862459,4545723,154779,36223.28,18182.89,3714.7,58120.87,10866.98,68987.85,103481774.1,0.339968,23453.67,45534.18,68301262.53,observed: artist's own Nigerian share of listeners this quarter,OBS,"observed channel views, quarter net change"
Q3_2024,teni,Teni,domestic,767603,7014596,154991,32239.33,28058.38,3719.78,64017.49,9671.8,73689.29,110533937.7,0.374793,27618.21,46071.08,69106624.88,observed: artist's own Nigerian share of listeners this quarter,OBS,"observed channel views, quarter net change"
Q4_2024,teni,Teni,domestic,851318,4797854,155162,35755.36,19191.42,3723.89,58670.66,10726.61,69397.27,104095900.2,0.488053,33869.54,35527.73,53291597.23,observed: artist's own Nigerian share of listeners this quarter,OBS,"observed channel views, quarter net change"
Q1_2025,teni,Teni,domestic,1749049,12708640,155525,73460.06,50834.56,3732.6,128027.22,22038.02,150065.24,225097853.1,0.626609,94032.24,56032.99,84049492.5,observed: artist's own Nigerian share of listeners this quarter,OBS,"observed channel views, quarter net change"
Q2_2025,teni,Teni,domestic,1168321,7975640,155811,49069.48,31902.56,3739.46,84711.51,14720.84,99432.35,149148525.9,0.527131,52413.88,47018.47,70527709.39,observed: artist's own Nigerian share of listeners this quarter,OBS,"observed channel views, quarter net change"
Q3_2025,teni,Teni,domestic,1086091,7532000,156181,45615.82,30128.0,3748.34,79492.17,13684.75,93176.91,139765368.9,0.566699,52803.31,40373.61,60560407.7,observed: artist's own Nigerian share of listeners this quarter,OBS,"observed channel views, quarter net change"
Q4_2025,teni,Teni,domestic,1780266,7434940,156544,74771.17,29739.76,3757.06,108267.99,22431.35,130699.34,196049009.4,0.59772,78121.55,52577.79,78866679.85,observed: artist's own Nigerian share of listeners this quarter,OBS,"observed channel views, quarter net change"
Q1_2026,teni,Teni,domestic,1472436,6659280,156838,61842.31,26637.12,3764.11,92243.54,18552.69,110796.24,166194356.4,0.691832,76652.43,34143.81,51215711.37,observed: artist's own Nigerian share of listeners this quarter,OBS,"observed channel views, quarter net change"
Q2_2026,teni,Teni,domestic,1725903,6006473,157340,72487.93,24025.89,3776.16,100289.98,21746.38,122036.36,183054533.7,0.775175,94599.47,27436.88,41155326.54,observed: artist's own Nigerian share of listeners this quarter,OBS,"observed channel views, quarter net change"
Q3_2026,teni,Teni,domestic,1917648,3081672,157546,80541.22,12326.69,3781.1,96649.01,24162.36,120811.37,181217059.2,0.731353,88355.82,32455.56,48683334.78,observed: artist's own Nigerian share of listeners this quarter,OBS,"observed channel views, quarter net change"
Q2_2019,terri,Terri,domestic,68431,0,0,2874.1,0.0,0.0,2874.1,862.23,3736.33,5604498.9,,,,,not measured: provider published no geography this quarter,UNK,no YouTube presence observed
Q3_2019,terri,Terri,domestic,34293,0,75,1440.31,0.0,1.8,1442.11,432.09,1874.2,2811296.7,,,,,not measured: provider published no geography this quarter,UNK,no YouTube presence observed
Q4_2019,terri,Terri,domestic,32012,0,101,1344.5,0.0,2.42,1346.93,403.35,1750.28,2625418.8,,,,,not measured: provider published no geography this quarter,UNK,no YouTube presence observed
Q1_2020,terri,Terri,domestic,23387,0,117,982.25,0.0,2.81,985.06,294.68,1279.74,1919607.3,,,,,not measured: provider published no geography this quarter,UNK,no YouTube presence observed
Q2_2020,terri,Terri,domestic,200400,0,1854,8416.8,0.0,44.5,8461.3,2525.04,10986.34,16479504.0,,,,,not measured: provider published no geography this quarter,UNK,no YouTube presence observed
Q3_2020,terri,Terri,domestic,188848,0,2955,7931.62,0.0,70.92,8002.54,2379.48,10382.02,15573031.2,,,,,not measured: provider published no geography this quarter,UNK,no YouTube presence observed
Q4_2020,terri,Terri,domestic,124152,0,3280,5214.38,0.0,78.72,5293.1,1564.32,6857.42,10286128.8,,,,,not measured: provider published no geography this quarter,UNK,no YouTube presence observed
Q1_2021,terri,Terri,domestic,131106,2700000,3625,5506.45,10800.0,87.0,16393.45,1651.94,18045.39,27068081.4,0.049159,887.09,17158.3,25737449.81,observed: artist's own Nigerian share of listeners this quarter,OBS,"estimated: subscribers x 15 views/month (EST, first-submission methodology)"
Q2_2021,terri,Terri,domestic,181161,2902500,3927,7608.76,11610.0,94.25,19313.01,2282.63,21595.64,32393457.9,0.073396,1585.04,20010.6,30015893.53,observed: artist's own Nigerian share of listeners this quarter,OBS,"estimated: subscribers x 15 views/month (EST, first-submission methodology)"
Q3_2021,terri,Terri,domestic,165250,26022,4219,6940.5,104.09,101.26,7145.84,2082.15,9227.99,13841991.0,0.072005,664.46,8563.53,12845302.19,observed: artist's own Nigerian share of listeners this quarter,OBS,"observed channel views, quarter net change"
Q4_2021,terri,Terri,domestic,134957,312622,4356,5668.19,1250.49,104.54,7023.23,1700.46,8723.68,13085526.3,0.069647,607.58,8116.1,12174155.57,observed: artist's own Nigerian share of listeners this quarter,OBS,"observed channel views, quarter net change"
Q1_2022,terri,Terri,domestic,223553,1042885,4513,9389.23,4171.54,108.31,13669.08,2816.77,16485.85,24728768.7,0.159273,2625.75,13860.1,20790147.58,observed: artist's own Nigerian share of listeners this quarter,OBS,"observed channel views, quarter net change"
Q2_2022,terri,Terri,domestic,291350,2511123,4626,12236.7,10044.49,111.02,22392.22,3671.01,26063.23,39094839.0,0.142213,3706.54,22356.68,33535025.49,observed: artist's own Nigerian share of listeners this quarter,OBS,"observed channel views, quarter net change"
Q3_2022,terri,Terri,domestic,364241,446132,4687,15298.12,1784.53,112.49,17195.14,4589.44,21784.57,32676861.9,0.086873,1892.49,19892.09,29838129.83,observed: artist's own Nigerian share of listeners this quarter,OBS,"observed channel views, quarter net change"
Q4_2022,terri,Terri,domestic,179281,285134,4716,7529.8,1140.54,113.18,8783.52,2258.94,11042.46,16563693.9,0.126035,1391.73,9650.73,14476092.73,observed: artist's own Nigerian share of listeners this quarter,OBS,"observed channel views, quarter net change"
Q1_2023,terri,Terri,domestic,133582,297855,4734,5610.44,1191.42,113.62,6915.48,1683.13,8598.61,12897919.8,0.139419,1198.81,7399.8,11099699.21,observed: artist's own Nigerian share of listeners this quarter,OBS,"observed channel views, quarter net change"
Q2_2023,terri,Terri,domestic,143617,218753,4748,6031.91,875.01,113.95,7020.88,1809.57,8830.45,13245678.3,0.137023,1209.98,7620.48,11430713.98,observed: artist's own Nigerian share of listeners this quarter,OBS,"observed channel views, quarter net change"
Q3_2023,terri,Terri,domestic,214275,184534,4761,8999.55,738.14,114.26,9851.95,2699.87,12551.82,18827722.5,0.250355,3142.41,9409.41,14114112.07,observed: artist's own Nigerian share of listeners this quarter,OBS,"observed channel views, quarter net change"
Q4_2023,terri,Terri,domestic,122673,468311,4768,5152.27,1873.24,114.43,7139.94,1545.68,8685.62,13028432.7,0.340059,2953.62,5732.0,8597998.84,observed: artist's own Nigerian share of listeners this quarter,OBS,"observed channel views, quarter net change"
Q1_2024,terri,Terri,domestic,114630,157723,4778,4814.46,630.89,114.67,5560.02,1444.34,7004.36,10506543.0,0.331334,2320.78,4683.58,7025372.65,observed: artist's own Nigerian share of listeners this quarter,OBS,"observed channel views, quarter net change"
Q2_2024,terri,Terri,domestic,177898,671096,4788,7471.72,2684.38,114.91,10271.01,2241.51,12512.53,18768790.2,0.370562,4636.67,7875.86,11813792.64,observed: artist's own Nigerian share of listeners this quarter,OBS,"observed channel views, quarter net change"
Q3_2024,terri,Terri,domestic,130771,167837,4804,5492.38,671.35,115.3,6279.03,1647.71,7926.74,11890110.9,0.407002,3226.2,4700.54,7050817.31,observed: artist's own Nigerian share of listeners this quarter,OBS,"observed channel views, quarter net change"
Q4_2024,terri,Terri,domestic,109197,338507,4806,4586.27,1354.03,115.34,6055.65,1375.88,7431.53,11147292.3,0.436147,3241.24,4190.29,6285431.47,observed: artist's own Nigerian share of listeners this quarter,OBS,"observed channel views, quarter net change"
Q1_2025,terri,Terri,domestic,108692,225880,4815,4565.06,903.52,115.56,5584.14,1369.52,6953.66,10430494.8,0.463104,3220.27,3733.4,5600094.09,observed: artist's own Nigerian share of listeners this quarter,OBS,"observed channel views, quarter net change"
Q2_2025,terri,Terri,domestic,115984,254516,4819,4871.33,1018.06,115.66,6005.05,1461.4,7466.45,11199669.6,0.392366,2929.58,4536.87,6805301.67,observed: artist's own Nigerian share of listeners this quarter,OBS,"observed channel views, quarter net change"
Q3_2025,terri,Terri,domestic,126579,221292,4834,5316.32,885.17,116.02,6317.5,1594.9,7912.4,11868596.1,0.489884,3876.16,4036.24,6054363.28,observed: artist's own Nigerian share of listeners this quarter,OBS,"observed channel views, quarter net change"
Q4_2025,terri,Terri,domestic,129334,190002,4837,5432.03,760.01,116.09,6308.12,1629.61,7937.73,11906598.6,0.591822,4697.73,3240.0,4860006.08,observed: artist's own Nigerian share of listeners this quarter,OBS,"observed channel views, quarter net change"
Q1_2026,terri,Terri,domestic,119475,166432,4839,5017.95,665.73,116.14,5799.81,1505.38,7305.2,10957798.5,0.568435,4152.53,3152.67,4728997.76,observed: artist's own Nigerian share of listeners this quarter,OBS,"observed channel views, quarter net change"
Q2_2026,terri,Terri,domestic,153691,192182,4891,6455.02,768.73,117.38,7341.13,1936.51,9277.64,13916460.9,0.591668,5489.28,3788.36,5682540.53,observed: artist's own Nigerian share of listeners this quarter,OBS,"observed channel views, quarter net change"
Q3_2026,terri,Terri,domestic,207553,186479,4924,8717.23,745.92,118.18,9581.32,2615.17,12196.49,18294728.7,0.665395,8115.48,4081.0,6121506.93,observed: artist's own Nigerian share of listeners this quarter,OBS,"observed channel views, quarter net change"
Q1_2019,terry-apala,Terry Apala,domestic,0,146790,85,0.0,587.16,2.04,589.2,0.0,589.2,883800.0,,,,,not measured: provider published no geography this quarter,UNK,"estimated: subscribers x 15 views/month (EST, first-submission methodology)"
Q2_2019,terry-apala,Terry Apala,domestic,8902,155295,95,373.88,621.18,2.28,997.34,112.17,1109.51,1664263.8,,,,,not measured: provider published no geography this quarter,UNK,"estimated: subscribers x 15 views/month (EST, first-submission methodology)"
Q3_2019,terry-apala,Terry Apala,domestic,10721,165150,108,450.28,660.6,2.59,1113.47,135.08,1248.56,1872837.9,,,,,not measured: provider published no geography this quarter,UNK,"estimated: subscribers x 15 views/month (EST, first-submission methodology)"
Q4_2019,terry-apala,Terry Apala,domestic,6802,172800,116,285.68,691.2,2.78,979.67,85.71,1065.37,1598059.8,,,,,not measured: provider published no geography this quarter,UNK,"estimated: subscribers x 15 views/month (EST, first-submission methodology)"
Q1_2020,terry-apala,Terry Apala,domestic,8688,181350,123,364.9,725.4,2.95,1093.25,109.47,1202.72,1804075.2,,,,,not measured: provider published no geography this quarter,UNK,"estimated: subscribers x 15 views/month (EST, first-submission methodology)"
Q2_2020,terry-apala,Terry Apala,domestic,11517,189000,137,483.71,756.0,3.29,1243.0,145.11,1388.12,2082174.3,,,,,not measured: provider published no geography this quarter,UNK,"estimated: subscribers x 15 views/month (EST, first-submission methodology)"
Q3_2020,terry-apala,Terry Apala,domestic,8012,197100,162,336.5,788.4,3.89,1128.79,100.95,1229.74,1844614.8,,,,,not measured: provider published no geography this quarter,UNK,"estimated: subscribers x 15 views/month (EST, first-submission methodology)"
Q4_2020,terry-apala,Terry Apala,domestic,3847,202500,176,161.57,810.0,4.22,975.8,48.47,1024.27,1536405.3,,,,,not measured: provider published no geography this quarter,UNK,"estimated: subscribers x 15 views/month (EST, first-submission methodology)"
Q1_2021,terry-apala,Terry Apala,domestic,11188,209700,187,469.9,838.8,4.49,1313.18,140.97,1454.15,2181229.2,0.082142,119.45,1334.71,2002059.59,observed: artist's own Nigerian share of listeners this quarter,OBS,"estimated: subscribers x 15 views/month (EST, first-submission methodology)"
Q2_2021,terry-apala,Terry Apala,domestic,18065,216900,216,758.73,867.6,5.18,1631.51,227.62,1859.13,2788699.5,0.094318,175.35,1683.78,2525673.68,observed: artist's own Nigerian share of listeners this quarter,OBS,"estimated: subscribers x 15 views/month (EST, first-submission methodology)"
Q3_2021,terry-apala,Terry Apala,domestic,9783,2142,252,410.89,8.57,6.05,425.5,123.27,548.77,823151.7,0.231485,127.03,421.74,632604.14,observed: artist's own Nigerian share of listeners this quarter,OBS,"observed channel views, quarter net change"
Q4_2021,terry-apala,Terry Apala,domestic,10336,24009,275,434.11,96.04,6.6,536.75,130.23,666.98,1000472.4,0.258321,172.3,494.69,742028.89,observed: artist's own Nigerian share of listeners this quarter,OBS,"observed channel views, quarter net change"
Q1_2022,terry-apala,Terry Apala,domestic,17357,23794,303,728.99,95.18,7.27,831.44,218.7,1050.14,1575210.3,0.279642,293.66,756.48,1134714.83,observed: artist's own Nigerian share of listeners this quarter,OBS,"observed channel views, quarter net change"
Q2_2022,terry-apala,Terry Apala,domestic,32605,29477,317,1369.41,117.91,7.61,1494.93,410.82,1905.75,2858623.5,0.30152,574.62,1331.13,1996690.57,observed: artist's own Nigerian share of listeners this quarter,OBS,"observed channel views, quarter net change"
Q3_2022,terry-apala,Terry Apala,domestic,26152,26548,327,1098.38,106.19,7.85,1212.42,329.52,1541.94,2312908.8,0.254379,392.24,1149.7,1724553.18,observed: artist's own Nigerian share of listeners this quarter,OBS,"observed channel views, quarter net change"
Q4_2022,terry-apala,Terry Apala,domestic,21066,23857,330,884.77,95.43,7.92,988.12,265.43,1253.55,1880327.4,0.368265,461.64,791.91,1187868.37,observed: artist's own Nigerian share of listeners this quarter,OBS,"observed channel views, quarter net change"
Q1_2023,terry-apala,Terry Apala,domestic,17650,23847,338,741.3,95.39,8.11,844.8,222.39,1067.19,1600785.0,0.467687,499.11,568.08,852119.45,observed: artist's own Nigerian share of listeners this quarter,OBS,"observed channel views, quarter net change"
Q2_2023,terry-apala,Terry Apala,domestic,16708,21177,342,701.74,84.71,8.21,794.65,210.52,1005.17,1507759.2,0.602254,605.37,399.8,599705.71,observed: artist's own Nigerian share of listeners this quarter,OBS,"observed channel views, quarter net change"
Q3_2023,terry-apala,Terry Apala,domestic,22150,19864,345,930.3,79.46,8.28,1018.04,279.09,1297.13,1945689.0,0.711924,923.45,373.67,560506.97,observed: artist's own Nigerian share of listeners this quarter,OBS,"observed channel views, quarter net change"
Q4_2023,terry-apala,Terry Apala,domestic,40950,26434,362,1719.9,105.74,8.69,1834.32,515.97,2350.29,3525441.0,0.806554,1895.64,454.65,681981.32,observed: artist's own Nigerian share of listeners this quarter,OBS,"observed channel views, quarter net change"
Q1_2024,terry-apala,Terry Apala,domestic,74223,26078,368,3117.37,104.31,8.83,3230.51,935.21,4165.72,6248579.7,0.83796,3490.71,675.01,1012517.87,observed: artist's own Nigerian share of listeners this quarter,OBS,"observed channel views, quarter net change"
Q2_2024,terry-apala,Terry Apala,domestic,204699,33174,375,8597.36,132.7,9.0,8739.05,2579.21,11318.26,16977392.1,0.894776,10127.31,1190.95,1786429.86,observed: artist's own Nigerian share of listeners this quarter,OBS,"observed channel views, quarter net change"
Q3_2024,terry-apala,Terry Apala,domestic,153112,39693,387,6430.7,158.77,9.29,6598.76,1929.21,8527.98,12791962.8,0.904815,7716.24,811.74,1217605.84,observed: artist's own Nigerian share of listeners this quarter,OBS,"observed channel views, quarter net change"
Q4_2024,terry-apala,Terry Apala,domestic,193076,35180,399,8109.19,140.72,9.58,8259.49,2432.76,10692.25,16038368.4,0.880467,9414.17,1278.08,1917118.15,observed: artist's own Nigerian share of listeners this quarter,OBS,"observed channel views, quarter net change"
Q1_2025,terry-apala,Terry Apala,domestic,185577,32505,412,7794.23,130.02,9.89,7934.14,2338.27,10272.41,15408618.3,0.953323,9792.92,479.49,719234.01,observed: artist's own Nigerian share of listeners this quarter,OBS,"observed channel views, quarter net change"
Q2_2025,terry-apala,Terry Apala,domestic,206759,32146,428,8683.88,128.58,10.27,8822.73,2605.16,11427.9,17141846.1,0.877284,10025.51,1402.39,2103579.94,observed: artist's own Nigerian share of listeners this quarter,OBS,"observed channel views, quarter net change"
Q3_2025,terry-apala,Terry Apala,domestic,230800,35897,448,9693.6,143.59,10.75,9847.94,2908.08,12756.02,19134030.0,0.839705,10711.29,2044.73,3067097.37,observed: artist's own Nigerian share of listeners this quarter,OBS,"observed channel views, quarter net change"
Q4_2025,terry-apala,Terry Apala,domestic,217137,40124,457,9119.75,160.5,10.97,9291.22,2735.93,12027.14,18040716.3,0.897429,10793.51,1233.64,1850453.02,observed: artist's own Nigerian share of listeners this quarter,OBS,"observed channel views, quarter net change"
Q1_2026,terry-apala,Terry Apala,domestic,728429,41398,473,30594.02,165.59,11.35,30770.96,9178.21,39949.17,59923751.1,0.996257,39799.64,149.53,224298.35,observed: artist's own Nigerian share of listeners this quarter,OBS,"observed channel views, quarter net change"
Q2_2026,terry-apala,Terry Apala,domestic,769092,0,507,32301.86,0.0,12.17,32314.03,9690.56,42004.59,63006886.8,0.934958,39272.54,2732.05,4098070.84,observed: artist's own Nigerian share of listeners this quarter,OBS,no YouTube presence observed
Q3_2026,terry-apala,Terry Apala,domestic,754967,0,517,31708.61,0.0,12.41,31721.02,9512.58,41233.61,61850409.3,0.898542,37050.12,4183.49,6275233.22,observed: artist's own Nigerian share of listeners this quarter,OBS,no YouTube presence observed
Q1_2019,timaya,Timaya,domestic,0,15666210,14260,0.0,62664.84,342.24,63007.08,0.0,63007.08,94510620.0,,,,,not measured: provider published no geography this quarter,UNK,"estimated: subscribers x 15 views/month (EST, first-submission methodology)"
Q2_2019,timaya,Timaya,domestic,346544,17215110,14825,14554.85,68860.44,355.8,83771.09,4366.45,88137.54,132206313.6,,,,,not measured: provider published no geography this quarter,UNK,"estimated: subscribers x 15 views/month (EST, first-submission methodology)"
Q3_2019,timaya,Timaya,domestic,368938,18225000,16329,15495.4,72900.0,391.9,88787.29,4648.62,93435.91,140153866.2,,,,,not measured: provider published no geography this quarter,UNK,"estimated: subscribers x 15 views/month (EST, first-submission methodology)"
Q4_2019,timaya,Timaya,domestic,389017,19485000,16987,16338.71,77940.0,407.69,94686.4,4901.61,99588.02,149382024.3,,,,,not measured: provider published no geography this quarter,UNK,"estimated: subscribers x 15 views/month (EST, first-submission methodology)"
Q1_2020,timaya,Timaya,domestic,350214,20430000,17267,14708.99,81720.0,414.41,96843.4,4412.7,101256.09,151884138.6,,,,,not measured: provider published no geography this quarter,UNK,"estimated: subscribers x 15 views/month (EST, first-submission methodology)"
Q2_2020,timaya,Timaya,domestic,390553,21555000,17686,16403.23,86220.0,424.46,103047.69,4920.97,107968.66,161952986.7,,,,,not measured: provider published no geography this quarter,UNK,"estimated: subscribers x 15 views/month (EST, first-submission methodology)"
Q3_2020,timaya,Timaya,domestic,412696,22860000,19384,17333.23,91440.0,465.22,109238.45,5199.97,114438.42,171657626.4,,,,,not measured: provider published no geography this quarter,UNK,"estimated: subscribers x 15 views/month (EST, first-submission methodology)"
Q4_2020,timaya,Timaya,domestic,372039,24615000,21636,15625.64,98460.0,519.26,114604.9,4687.69,119292.59,178938890.1,,,,,not measured: provider published no geography this quarter,UNK,"estimated: subscribers x 15 views/month (EST, first-submission methodology)"
Q1_2021,timaya,Timaya,domestic,381437,25560000,24209,16020.35,102240.0,581.02,118841.37,4806.11,123647.48,185471214.3,0.036921,4565.18,119082.3,178623448.85,observed: artist's own Nigerian share of listeners this quarter,OBS,"estimated: subscribers x 15 views/month (EST, first-submission methodology)"
Q2_2021,timaya,Timaya,domestic,421191,26595000,25509,17690.02,106380.0,612.22,124682.24,5307.01,129989.24,194983866.9,0.027332,3552.88,126436.36,189654542.87,observed: artist's own Nigerian share of listeners this quarter,OBS,"estimated: subscribers x 15 views/month (EST, first-submission methodology)"
Q3_2021,timaya,Timaya,domestic,418916,742738,26491,17594.47,2970.95,635.78,21201.21,5278.34,26479.55,39719324.4,0.041123,1088.91,25390.64,38085958.79,observed: artist's own Nigerian share of listeners this quarter,OBS,"observed channel views, quarter net change"
Q4_2021,timaya,Timaya,domestic,676634,14588125,29779,28418.63,58352.5,714.7,87485.82,8525.59,96011.41,144017118.6,0.126889,12182.82,83828.59,125742882.09,observed: artist's own Nigerian share of listeners this quarter,OBS,"observed channel views, quarter net change"
Q1_2022,timaya,Timaya,domestic,850725,16741864,36071,35730.45,66967.46,865.7,103563.61,10719.14,114282.75,171424117.5,0.134076,15322.52,98960.22,148440332.96,observed: artist's own Nigerian share of listeners this quarter,OBS,"observed channel views, quarter net change"
Q2_2022,timaya,Timaya,domestic,857702,14762656,38826,36023.48,59050.62,931.82,96005.93,10807.05,106812.98,160219465.8,0.117765,12578.81,94234.17,141351255.75,observed: artist's own Nigerian share of listeners this quarter,OBS,"observed channel views, quarter net change"
Q3_2022,timaya,Timaya,domestic,918174,15613755,40332,38563.31,62455.02,967.97,101986.3,11568.99,113555.29,170332932.6,0.107696,12229.47,101325.82,151988726.72,observed: artist's own Nigerian share of listeners this quarter,OBS,"observed channel views, quarter net change"
Q4_2022,timaya,Timaya,domestic,1225216,17715033,40986,51459.07,70860.13,983.66,123302.87,15437.72,138740.59,208110884.4,0.116248,16128.37,122612.21,183918322.18,observed: artist's own Nigerian share of listeners this quarter,OBS,"observed channel views, quarter net change"
Q1_2023,timaya,Timaya,domestic,1265618,14317314,41384,53155.96,57269.26,993.22,111418.43,15946.79,127365.21,191047822.2,0.142792,18186.77,109178.45,163767671.43,observed: artist's own Nigerian share of listeners this quarter,OBS,"observed channel views, quarter net change"
Q2_2023,timaya,Timaya,domestic,1438666,14341620,41646,60423.97,57366.48,999.5,118789.96,18127.19,136917.15,205375721.4,0.141392,19359.04,117558.11,176337164.2,observed: artist's own Nigerian share of listeners this quarter,OBS,"observed channel views, quarter net change"
Q3_2023,timaya,Timaya,domestic,1559053,10016555,41865,65480.23,40066.22,1004.76,106551.21,19644.07,126195.27,189292910.7,0.154124,19449.74,106745.54,160118306.79,observed: artist's own Nigerian share of listeners this quarter,OBS,"observed channel views, quarter net change"
Q4_2023,timaya,Timaya,domestic,1173490,8898698,42090,49286.58,35594.79,1010.16,85891.53,14785.97,100677.51,151016259.0,0.227339,22887.97,77789.54,116684311.09,observed: artist's own Nigerian share of listeners this quarter,OBS,"observed channel views, quarter net change"
Q1_2024,timaya,Timaya,domestic,1132379,9332308,42230,47559.92,37329.23,1013.52,85902.67,14267.98,100170.65,150255968.1,0.287207,28769.76,71400.89,107101332.16,observed: artist's own Nigerian share of listeners this quarter,OBS,"observed channel views, quarter net change"
Q2_2024,timaya,Timaya,domestic,1168842,14079081,42361,49091.36,56316.32,1016.66,106424.35,14727.41,121151.76,181727641.8,0.368765,44676.57,76475.2,114712793.71,observed: artist's own Nigerian share of listeners this quarter,OBS,"observed channel views, quarter net change"
Q3_2024,timaya,Timaya,domestic,883893,14464720,42463,37123.51,57858.88,1019.11,96001.5,11137.05,107138.55,160707824.7,0.418382,44824.85,62313.7,93470549.25,observed: artist's own Nigerian share of listeners this quarter,OBS,"observed channel views, quarter net change"
Q4_2024,timaya,Timaya,domestic,975447,9982338,42574,40968.77,39929.35,1021.78,81919.9,12290.63,94210.53,141315801.3,0.48911,46079.3,48131.24,72196852.71,observed: artist's own Nigerian share of listeners this quarter,OBS,"observed channel views, quarter net change"
Q1_2025,timaya,Timaya,domestic,859612,5251545,42774,36103.7,21006.18,1026.58,58136.46,10831.11,68967.57,103451356.8,0.551761,38053.59,30913.99,46370978.06,observed: artist's own Nigerian share of listeners this quarter,OBS,"estimated: subscribers x 15 views/month (EST, first-submission methodology)"
Q2_2025,timaya,Timaya,domestic,936794,160540,42910,39345.35,642.16,1029.84,41017.35,11803.6,52820.95,79231428.6,0.537747,28404.31,24416.64,36624959.26,observed: artist's own Nigerian share of listeners this quarter,OBS,"observed channel views, quarter net change"
Q3_2025,timaya,Timaya,domestic,883613,115714,43106,37111.75,462.86,1034.54,38609.15,11133.52,49742.67,74614004.7,0.537536,26738.49,23004.18,34506273.98,observed: artist's own Nigerian share of listeners this quarter,OBS,"observed channel views, quarter net change"
Q4_2025,timaya,Timaya,domestic,1005599,94985,84,42235.16,379.94,2.02,42617.11,12670.55,55287.66,82931492.1,0.612433,33860.01,21427.65,32141475.43,observed: artist's own Nigerian share of listeners this quarter,OBS,"observed channel views, quarter net change"
Q1_2026,timaya,Timaya,domestic,971791,137480,84,40815.22,549.92,2.02,41367.16,12244.57,53611.72,80417586.9,0.635931,34093.38,19518.35,29277521.3,observed: artist's own Nigerian share of listeners this quarter,OBS,"observed channel views, quarter net change"
Q2_2026,timaya,Timaya,domestic,1244603,10041694,43727,52273.33,40166.78,1049.45,93489.55,15682.0,109171.55,163757321.7,0.666393,72751.11,36420.44,54630653.97,observed: artist's own Nigerian share of listeners this quarter,OBS,"observed channel views, quarter net change"
Q3_2026,timaya,Timaya,domestic,1414776,9152085,43854,59420.59,36608.34,1052.5,97081.43,17826.18,114907.61,172361408.4,0.653712,75116.46,39791.15,59686725.01,observed: artist's own Nigerian share of listeners this quarter,OBS,"observed channel views, quarter net change"
Q1_2019,tiwa-savage,Tiwa Savage,domestic,0,0,66517,0.0,0.0,1596.41,1596.41,0.0,1596.41,2394612.0,,,,,not measured: provider published no geography this quarter,UNK,no YouTube presence observed
Q2_2019,tiwa-savage,Tiwa Savage,domestic,416881,0,70782,17509.0,0.0,1698.77,19207.77,5252.7,24460.47,36690705.9,,,,,not measured: provider published no geography this quarter,UNK,no YouTube presence observed
Q3_2019,tiwa-savage,Tiwa Savage,domestic,789736,0,92380,33168.91,0.0,2217.12,35386.03,9950.67,45336.71,68005058.4,,,,,not measured: provider published no geography this quarter,UNK,no YouTube presence observed
Q4_2019,tiwa-savage,Tiwa Savage,domestic,741612,0,112824,31147.7,0.0,2707.78,33855.48,9344.31,43199.79,64799686.8,,,,,not measured: provider published no geography this quarter,UNK,no YouTube presence observed
Q1_2020,tiwa-savage,Tiwa Savage,domestic,592314,0,128242,24877.19,0.0,3077.81,27955.0,7463.16,35418.15,53127228.6,,,,,not measured: provider published no geography this quarter,UNK,no YouTube presence observed
Q2_2020,tiwa-savage,Tiwa Savage,domestic,737143,0,141872,30960.01,0.0,3404.93,34364.93,9288.0,43652.94,65479403.7,,,,,not measured: provider published no geography this quarter,UNK,no YouTube presence observed
Q3_2020,tiwa-savage,Tiwa Savage,domestic,2975046,31995000,164176,124951.93,127980.0,3940.22,256872.16,37485.58,294357.74,441536603.4,,,,,not measured: provider published no geography this quarter,UNK,"estimated: subscribers x 15 views/month (EST, first-submission methodology)"
Q4_2020,tiwa-savage,Tiwa Savage,domestic,969487,35235000,187480,40718.45,140940.0,4499.52,186157.97,12215.54,198373.51,297560265.3,,,,,not measured: provider published no geography this quarter,UNK,"estimated: subscribers x 15 views/month (EST, first-submission methodology)"
Q1_2021,tiwa-savage,Tiwa Savage,domestic,1374457,36900000,206018,57727.19,147600.0,4944.43,210271.63,17318.16,227589.78,341384676.3,0.02418,5503.23,222086.56,333129838.41,observed: artist's own Nigerian share of listeners this quarter,OBS,"estimated: subscribers x 15 views/month (EST, first-submission methodology)"
Q2_2021,tiwa-savage,Tiwa Savage,domestic,1211247,38205000,217891,50872.37,152820.0,5229.38,208921.76,15261.71,224183.47,336275205.3,0.029723,6663.47,217520.0,326280001.75,observed: artist's own Nigerian share of listeners this quarter,OBS,"estimated: subscribers x 15 views/month (EST, first-submission methodology)"
Q3_2021,tiwa-savage,Tiwa Savage,domestic,1483348,1633245,229118,62300.62,6532.98,5498.83,74332.43,18690.18,93022.61,139533919.2,0.046081,4286.53,88736.08,133104125.0,observed: artist's own Nigerian share of listeners this quarter,OBS,"observed channel views, quarter net change"
Q4_2021,tiwa-savage,Tiwa Savage,domestic,1619294,30645102,241492,68010.35,122580.41,5795.81,196386.56,20403.1,216789.67,325184502.6,0.044057,9551.13,207238.54,310857811.16,observed: artist's own Nigerian share of listeners this quarter,OBS,"observed channel views, quarter net change"
Q1_2022,tiwa-savage,Tiwa Savage,domestic,1486340,16533002,248916,62426.28,66132.01,5973.98,134532.27,18727.88,153260.16,229890234.0,0.056362,8637.99,144622.16,216933246.76,observed: artist's own Nigerian share of listeners this quarter,OBS,"observed channel views, quarter net change"
Q2_2022,tiwa-savage,Tiwa Savage,domestic,1268366,15336660,252564,53271.37,61346.64,6061.54,120679.55,15981.41,136660.96,204991439.4,0.047291,6462.79,130198.17,195297253.08,observed: artist's own Nigerian share of listeners this quarter,OBS,"observed channel views, quarter net change"
Q3_2022,tiwa-savage,Tiwa Savage,domestic,1669973,14972780,254752,70138.87,59891.12,6114.05,136144.03,21041.66,157185.69,235778540.7,0.059681,9381.03,147804.66,221706989.53,observed: artist's own Nigerian share of listeners this quarter,OBS,"observed channel views, quarter net change"
Q4_2022,tiwa-savage,Tiwa Savage,domestic,2175504,24023036,256800,91371.17,96092.14,6163.2,193626.51,27411.35,221037.86,331556793.6,0.110886,24509.98,196527.88,294791822.42,observed: artist's own Nigerian share of listeners this quarter,OBS,"observed channel views, quarter net change"
Q1_2023,tiwa-savage,Tiwa Savage,domestic,2463062,18037594,259050,103448.6,72150.38,6217.2,181816.18,31034.58,212850.76,319276141.8,0.17214,36640.02,176210.74,264316106.33,observed: artist's own Nigerian share of listeners this quarter,OBS,"observed channel views, quarter net change"
Q2_2023,tiwa-savage,Tiwa Savage,domestic,3100934,29467140,263147,130239.23,117868.56,6315.53,254423.32,39071.77,293495.08,440242626.6,0.171792,50420.24,243074.85,364612273.26,observed: artist's own Nigerian share of listeners this quarter,OBS,"observed channel views, quarter net change"
Q3_2023,tiwa-savage,Tiwa Savage,domestic,2943472,15568688,267266,123625.82,62274.75,6414.38,192314.96,37087.75,229402.71,344104060.8,0.18526,42499.25,186903.46,280355188.52,observed: artist's own Nigerian share of listeners this quarter,OBS,"observed channel views, quarter net change"
Q4_2023,tiwa-savage,Tiwa Savage,domestic,3050676,15042388,271035,128128.39,60169.55,6504.84,194802.78,38438.52,233241.3,349861952.4,0.228406,53273.8,179967.5,269951252.66,observed: artist's own Nigerian share of listeners this quarter,OBS,"observed channel views, quarter net change"
Q1_2024,tiwa-savage,Tiwa Savage,domestic,2748497,5039699,275033,115436.87,20158.8,6600.79,142196.46,34631.06,176827.52,265241286.3,0.235403,41625.71,135201.81,202802714.46,observed: artist's own Nigerian share of listeners this quarter,OBS,"observed channel views, quarter net change"
Q2_2024,tiwa-savage,Tiwa Savage,domestic,2568900,15771435,279066,107893.8,63085.74,6697.58,177677.12,32368.14,210045.26,315067896.0,0.304115,63877.97,146167.29,219250942.09,observed: artist's own Nigerian share of listeners this quarter,OBS,"observed channel views, quarter net change"
Q3_2024,tiwa-savage,Tiwa Savage,domestic,2327267,16024565,282536,97745.21,64098.26,6780.86,168624.34,29323.56,197947.9,296921853.3,0.282894,55998.2,141949.7,212924553.62,observed: artist's own Nigerian share of listeners this quarter,OBS,"observed channel views, quarter net change"
Q4_2024,tiwa-savage,Tiwa Savage,domestic,3060383,16734554,285847,128536.09,66938.22,6860.33,202334.63,38560.83,240895.46,361343183.7,0.455555,109741.25,131154.21,196731312.58,observed: artist's own Nigerian share of listeners this quarter,OBS,"observed channel views, quarter net change"
Q1_2025,tiwa-savage,Tiwa Savage,domestic,2846972,18768040,289962,119572.82,75072.16,6959.09,201604.07,35871.85,237475.92,356213878.8,0.381492,90595.16,146880.76,220321139.03,observed: artist's own Nigerian share of listeners this quarter,OBS,"observed channel views, quarter net change"
Q2_2025,tiwa-savage,Tiwa Savage,domestic,2929440,16447860,293249,123036.48,65791.44,7037.98,195865.9,36910.94,232776.84,349165260.0,0.363727,84667.15,148109.69,222164532.7,observed: artist's own Nigerian share of listeners this quarter,OBS,"observed channel views, quarter net change"
Q3_2025,tiwa-savage,Tiwa Savage,domestic,2847539,14186670,296600,119596.64,56746.68,7118.4,183461.72,35878.99,219340.71,329011064.1,0.385625,84583.24,134757.47,202136198.72,observed: artist's own Nigerian share of listeners this quarter,OBS,"observed channel views, quarter net change"
Q4_2025,tiwa-savage,Tiwa Savage,domestic,2853665,14636600,2702,119853.93,58546.4,64.85,178465.18,35956.18,214421.36,321632035.5,0.394947,84684.98,129736.37,194604559.49,observed: artist's own Nigerian share of listeners this quarter,OBS,"observed channel views, quarter net change"
Q1_2026,tiwa-savage,Tiwa Savage,domestic,2371803,71100000,2702,99615.73,284400.0,64.85,384080.57,29884.72,413965.29,620947937.7,0.415288,171914.67,242050.62,363075935.53,observed: artist's own Nigerian share of listeners this quarter,OBS,"estimated: subscribers x 15 views/month (EST, first-submission methodology)"
Q2_2026,tiwa-savage,Tiwa Savage,domestic,3093183,14475598,303538,129913.69,57902.39,7284.91,195100.99,38974.11,234075.1,351112643.7,0.501104,117295.94,116779.16,175168735.95,observed: artist's own Nigerian share of listeners this quarter,OBS,"observed channel views, quarter net change"
Q3_2026,tiwa-savage,Tiwa Savage,domestic,3277029,8432111,304452,137635.22,33728.44,7306.85,178670.51,41290.57,219961.08,329941613.1,0.452793,99596.94,120364.13,180546197.18,observed: artist's own Nigerian share of listeners this quarter,OBS,"observed channel views, quarter net change"
Q1_2019,vector,Vector,domestic,0,0,844,0.0,0.0,20.26,20.26,0.0,20.26,30384.0,,,,,not measured: provider published no geography this quarter,UNK,no YouTube presence observed
Q2_2019,vector,Vector,domestic,16227,0,853,681.53,0.0,20.47,702.01,204.46,906.47,1359699.3,,,,,not measured: provider published no geography this quarter,UNK,no YouTube presence observed
Q3_2019,vector,Vector,domestic,6372,0,874,267.62,0.0,20.98,288.6,80.29,368.89,553330.8,,,,,not measured: provider published no geography this quarter,UNK,no YouTube presence observed
Q4_2019,vector,Vector,domestic,93744,0,1213,3937.25,0.0,29.11,3966.36,1181.17,5147.53,7721301.6,,,,,not measured: provider published no geography this quarter,UNK,no YouTube presence observed
Q1_2020,vector,Vector,domestic,17637,0,1328,740.75,0.0,31.87,772.63,222.23,994.85,1492278.3,,,,,not measured: provider published no geography this quarter,UNK,no YouTube presence observed
Q2_2020,vector,Vector,domestic,15993,0,1497,671.71,0.0,35.93,707.63,201.51,909.15,1363718.7,,,,,not measured: provider published no geography this quarter,UNK,no YouTube presence observed
Q3_2020,vector,Vector,domestic,14652,0,1636,615.38,0.0,39.26,654.65,184.62,839.26,1258894.8,,,,,not measured: provider published no geography this quarter,UNK,no YouTube presence observed
Q4_2020,vector,Vector,domestic,102982,0,1682,4325.24,0.0,40.37,4365.61,1297.57,5663.19,8494777.8,,,,,not measured: provider published no geography this quarter,UNK,no YouTube presence observed
Q1_2021,vector,Vector,domestic,59241,0,1978,2488.12,0.0,47.47,2535.59,746.44,3282.03,4923045.9,0.270826,888.86,2393.17,3589757.33,observed: artist's own Nigerian share of listeners this quarter,OBS,no YouTube presence observed
Q2_2021,vector,Vector,domestic,63025,0,2969,2647.05,0.0,71.26,2718.31,794.12,3512.42,5268631.5,0.320853,1126.97,2385.45,3578174.53,observed: artist's own Nigerian share of listeners this quarter,OBS,no YouTube presence observed
Q3_2021,vector,Vector,domestic,111353,0,3448,4676.83,0.0,82.75,4759.58,1403.05,6162.63,9243938.7,0.241695,1489.48,4673.15,7009724.79,observed: artist's own Nigerian share of listeners this quarter,OBS,no YouTube presence observed
Q4_2021,vector,Vector,domestic,94045,655471,3766,3949.89,2621.88,90.38,6662.16,1184.97,7847.12,11770687.5,0.29582,2321.34,5525.79,8288683.48,observed: artist's own Nigerian share of listeners this quarter,OBS,"observed channel views, quarter net change"
Q1_2022,vector,Vector,domestic,96784,421467,4051,4064.93,1685.87,97.22,5848.02,1219.48,7067.5,10601247.6,0.291804,2062.33,5005.17,7507758.2,observed: artist's own Nigerian share of listeners this quarter,OBS,"observed channel views, quarter net change"
Q2_2022,vector,Vector,domestic,87770,117220,4173,3686.34,468.88,100.15,4255.37,1105.9,5361.27,8041911.0,0.304457,1632.28,3729.0,5593498.43,observed: artist's own Nigerian share of listeners this quarter,OBS,"observed channel views, quarter net change"
Q3_2022,vector,Vector,domestic,206287,857647,4235,8664.05,3430.59,101.64,12196.28,2599.22,14795.5,22193247.3,0.225161,3331.38,11464.12,17196184.53,observed: artist's own Nigerian share of listeners this quarter,OBS,"observed channel views, quarter net change"
Q4_2022,vector,Vector,domestic,193368,3392977,4312,8121.46,13571.91,103.49,21796.85,2436.44,24233.29,36349933.2,0.300145,7273.49,16959.8,25439698.15,observed: artist's own Nigerian share of listeners this quarter,OBS,"observed channel views, quarter net change"
Q1_2023,vector,Vector,domestic,328809,928469,4382,13809.98,3713.88,105.17,17629.02,4142.99,21772.02,32658023.1,0.322181,7014.53,14757.49,22136234.56,observed: artist's own Nigerian share of listeners this quarter,OBS,"observed channel views, quarter net change"
Q2_2023,vector,Vector,domestic,267326,509655,4446,11227.69,2038.62,106.7,13373.02,3368.31,16741.32,25111985.4,0.479292,8023.97,8717.35,13076023.9,observed: artist's own Nigerian share of listeners this quarter,OBS,"observed channel views, quarter net change"
Q3_2023,vector,Vector,domestic,376779,1623408,4614,15824.72,6493.63,110.74,22429.09,4747.42,27176.5,40764752.1,0.462003,12555.62,14620.88,21931318.31,observed: artist's own Nigerian share of listeners this quarter,OBS,"observed channel views, quarter net change"
Q4_2023,vector,Vector,domestic,484610,706587,4842,20353.62,2826.35,116.21,23296.18,6106.09,29402.26,44103393.0,0.544161,15999.56,13402.7,20104048.35,observed: artist's own Nigerian share of listeners this quarter,OBS,"observed channel views, quarter net change"
Q1_2024,vector,Vector,domestic,451090,1349213,5076,18945.78,5396.85,121.82,24464.46,5683.73,30148.19,45222285.0,0.582569,17563.39,12584.8,18877198.83,observed: artist's own Nigerian share of listeners this quarter,OBS,"observed channel views, quarter net change"
Q2_2024,vector,Vector,domestic,423666,997547,5283,17793.97,3990.19,126.79,21910.95,5338.19,27249.14,40873715.4,0.686309,18701.32,8547.82,12821732.54,observed: artist's own Nigerian share of listeners this quarter,OBS,"observed channel views, quarter net change"
Q3_2024,vector,Vector,domestic,284615,833339,5511,11953.83,3333.36,132.26,15419.45,3586.15,19005.6,28508398.5,0.719637,13677.13,5328.46,7992696.39,observed: artist's own Nigerian share of listeners this quarter,OBS,"observed channel views, quarter net change"
Q4_2024,vector,Vector,domestic,344016,1095488,5741,14448.67,4381.95,137.78,18968.41,4334.6,23303.01,34954514.4,0.710039,16546.04,6756.97,10135452.86,observed: artist's own Nigerian share of listeners this quarter,OBS,"observed channel views, quarter net change"
Q1_2025,vector,Vector,domestic,324191,1532318,5963,13616.02,6129.27,143.11,19888.41,4084.81,23973.21,35959818.9,0.82834,19857.97,4115.24,6172862.99,observed: artist's own Nigerian share of listeners this quarter,OBS,"observed channel views, quarter net change"
Q2_2025,vector,Vector,domestic,616766,850422,6152,25904.17,3401.69,147.65,29453.51,7771.25,37224.76,55837139.4,0.845894,31488.22,5736.54,8604816.27,observed: artist's own Nigerian share of listeners this quarter,OBS,"observed channel views, quarter net change"
Q3_2025,vector,Vector,domestic,723904,1094016,6372,30403.97,4376.06,152.93,34932.96,9121.19,44054.15,66081225.6,0.781494,34428.05,9626.1,14439151.34,observed: artist's own Nigerian share of listeners this quarter,OBS,"observed channel views, quarter net change"
Q4_2025,vector,Vector,domestic,736745,852930,6623,30943.29,3411.72,158.95,34513.96,9282.99,43796.95,65695423.5,0.846092,37056.25,6740.7,10111049.69,observed: artist's own Nigerian share of listeners this quarter,OBS,"observed channel views, quarter net change"
Q1_2026,vector,Vector,domestic,752201,811292,6857,31592.44,3245.17,164.57,35002.18,9477.73,44479.91,66719865.9,0.870799,38733.04,5746.87,8620302.08,observed: artist's own Nigerian share of listeners this quarter,OBS,"observed channel views, quarter net change"
Q2_2026,vector,Vector,domestic,866804,1147005,7396,36405.77,4588.02,177.5,41171.29,10921.73,52093.02,78139533.6,0.867644,45198.18,6894.84,10342262.23,observed: artist's own Nigerian share of listeners this quarter,OBS,"observed channel views, quarter net change"
Q3_2026,vector,Vector,domestic,899322,3429000,7660,37771.52,13716.0,183.84,51671.36,11331.46,63002.82,94504231.8,0.828009,52166.89,10835.93,16253894.64,observed: artist's own Nigerian share of listeners this quarter,OBS,"estimated: subscribers x 15 views/month (EST, first-submission methodology)"
Q3_2019,victony,Victony,domestic,19,0,0,0.8,0.0,0.0,0.8,0.24,1.04,1556.1,,,,,not measured: provider published no geography this quarter,UNK,no YouTube presence observed
Q4_2019,victony,Victony,domestic,30,0,0,1.26,0.0,0.0,1.26,0.38,1.64,2457.0,,,,,not measured: provider published no geography this quarter,UNK,no YouTube presence observed
Q1_2020,victony,Victony,domestic,64,0,2,2.69,0.0,0.05,2.74,0.81,3.54,5313.6,,,,,not measured: provider published no geography this quarter,UNK,no YouTube presence observed
Q2_2020,victony,Victony,domestic,138,0,8,5.8,0.0,0.19,5.99,1.74,7.73,11590.2,,,,,not measured: provider published no geography this quarter,UNK,no YouTube presence observed
Q3_2020,victony,Victony,domestic,1790,0,49,75.18,0.0,1.18,76.36,22.55,98.91,148365.0,,,,,not measured: provider published no geography this quarter,UNK,no YouTube presence observed
Q4_2020,victony,Victony,domestic,5658,0,113,237.64,0.0,2.71,240.35,71.29,311.64,467458.2,,,,,not measured: provider published no geography this quarter,UNK,no YouTube presence observed
Q1_2021,victony,Victony,domestic,4282,0,154,179.84,0.0,3.7,183.54,53.95,237.49,356239.8,0.343064,81.48,156.02,234026.75,observed: artist's own Nigerian share of listeners this quarter,OBS,no YouTube presence observed
Q2_2021,victony,Victony,domestic,6192,85500,201,260.06,342.0,4.82,606.89,78.02,684.91,1027360.8,0.392537,268.85,416.06,624083.84,observed: artist's own Nigerian share of listeners this quarter,OBS,"estimated: subscribers x 15 views/month (EST, first-submission methodology)"
Q3_2021,victony,Victony,domestic,44124,4606,313,1853.21,18.42,7.51,1879.14,555.96,2435.11,3652659.6,0.208253,507.12,1927.99,2891984.0,observed: artist's own Nigerian share of listeners this quarter,OBS,"observed channel views, quarter net change"
Q4_2021,victony,Victony,domestic,518879,781816,2756,21792.92,3127.26,66.14,24986.33,6537.88,31524.2,47286302.1,0.245089,7726.23,23797.97,35696959.95,observed: artist's own Nigerian share of listeners this quarter,OBS,"observed channel views, quarter net change"
Q1_2022,victony,Victony,domestic,664996,1052671,9420,27929.83,4210.68,226.08,32366.6,8378.95,40745.55,61118318.4,0.200942,8187.5,32558.05,48837072.89,observed: artist's own Nigerian share of listeners this quarter,OBS,"observed channel views, quarter net change"
Q2_2022,victony,Victony,domestic,858339,3288353,12506,36050.24,13153.41,300.14,49503.79,10815.07,60318.87,90478298.1,0.198588,11978.58,48340.29,72510432.14,observed: artist's own Nigerian share of listeners this quarter,OBS,"observed channel views, quarter net change"
Q3_2022,victony,Victony,domestic,1502844,6943081,14500,63119.45,27772.32,348.0,91239.77,18935.83,110175.61,165263409.6,0.125926,13873.98,96301.63,144452442.18,observed: artist's own Nigerian share of listeners this quarter,OBS,"observed channel views, quarter net change"
Q4_2022,victony,Victony,domestic,1997462,25345469,17156,83893.4,101381.88,411.74,185687.02,25168.02,210855.05,316282567.8,0.129258,27254.77,183600.28,275400417.08,observed: artist's own Nigerian share of listeners this quarter,OBS,"observed channel views, quarter net change"
Q1_2023,victony,Victony,domestic,3455885,35971131,19792,145147.17,143884.52,475.01,289506.7,43544.15,333050.85,499576279.5,0.119527,39808.49,293242.36,439863544.66,observed: artist's own Nigerian share of listeners this quarter,OBS,"observed channel views, quarter net change"
Q2_2023,victony,Victony,domestic,6214858,56214094,22680,261024.04,224856.38,544.32,486424.73,78307.21,564731.94,847097914.2,0.080246,45317.48,519414.46,779121694.83,observed: artist's own Nigerian share of listeners this quarter,OBS,"observed channel views, quarter net change"
Q3_2023,victony,Victony,domestic,4767385,54455754,25854,200230.17,217823.02,620.5,418673.68,60069.05,478742.73,718114099.5,0.119767,57337.7,421405.03,632107546.24,observed: artist's own Nigerian share of listeners this quarter,OBS,"observed channel views, quarter net change"
Q4_2023,victony,Victony,domestic,6417356,33238721,29751,269528.95,132954.88,714.02,403197.86,80858.69,484056.55,726084818.4,0.177904,86115.51,397941.03,596911547.16,observed: artist's own Nigerian share of listeners this quarter,OBS,"observed channel views, quarter net change"
Q1_2024,victony,Victony,domestic,6528531,35992830,37504,274198.3,143971.32,900.1,419069.72,82259.49,501329.21,751993812.9,0.155538,77975.98,423353.23,635029840.8,observed: artist's own Nigerian share of listeners this quarter,OBS,"observed channel views, quarter net change"
Q2_2024,victony,Victony,domestic,7070519,41848008,43149,296961.8,167392.03,1035.58,465389.41,89088.54,554477.95,831716918.1,0.207803,115222.44,439255.5,658883253.4,observed: artist's own Nigerian share of listeners this quarter,OBS,"observed channel views, quarter net change"
Q3_2024,victony,Victony,domestic,6821691,44500938,48540,286511.02,178003.75,1164.96,465679.73,85953.31,551633.04,827449560.9,0.21782,120156.49,431476.55,647214829.12,observed: artist's own Nigerian share of listeners this quarter,OBS,"observed channel views, quarter net change"
Q4_2024,victony,Victony,domestic,6482456,37643018,52707,272263.15,150572.07,1264.97,424100.19,81678.95,505779.14,758668706.4,0.249105,125992.01,379787.13,569680697.18,observed: artist's own Nigerian share of listeners this quarter,OBS,"observed channel views, quarter net change"
Q1_2025,victony,Victony,domestic,6222461,34020160,57635,261343.36,136080.64,1383.24,398807.24,78403.01,477210.25,715815375.9,0.377079,179946.17,297264.08,445896127.39,observed: artist's own Nigerian share of listeners this quarter,OBS,"observed channel views, quarter net change"
Q2_2025,victony,Victony,domestic,5435441,17703100,61451,228288.52,70812.4,1474.82,300575.75,68486.56,369062.3,553593453.9,0.360799,133157.2,235905.1,353857648.1,observed: artist's own Nigerian share of listeners this quarter,OBS,"observed channel views, quarter net change"
Q3_2025,victony,Victony,domestic,4953481,7166660,65142,208046.2,28666.64,1563.41,238276.25,62413.86,300690.11,451035165.9,0.433451,130334.41,170355.7,255533548.88,observed: artist's own Nigerian share of listeners this quarter,OBS,"observed channel views, quarter net change"
Q4_2025,victony,Victony,domestic,5411862,39168150,68025,227298.2,156672.6,1632.6,385603.4,68189.46,453792.87,680689297.8,0.419709,190461.04,263331.83,394997741.9,observed: artist's own Nigerian share of listeners this quarter,OBS,"observed channel views, quarter net change"
Q1_2026,victony,Victony,domestic,5376181,37191760,70080,225799.6,148767.04,1681.92,376248.56,67739.88,443988.44,665982663.9,0.390867,173540.62,270447.83,405671737.92,observed: artist's own Nigerian share of listeners this quarter,OBS,"observed channel views, quarter net change"
Q2_2026,victony,Victony,domestic,5939649,33511070,71930,249465.26,134044.28,1726.32,385235.86,74839.58,460075.44,690113153.1,0.458421,210908.18,249167.26,373750888.27,observed: artist's own Nigerian share of listeners this quarter,OBS,"observed channel views, quarter net change"
Q3_2026,victony,Victony,domestic,7509828,29410069,73278,315412.78,117640.28,1758.67,434811.72,94623.83,529435.56,794153335.2,0.473383,250625.89,278809.67,418214502.79,observed: artist's own Nigerian share of listeners this quarter,OBS,"observed channel views, quarter net change"
Q1_2019,waje,Waje,domestic,0,329130,1509,0.0,1316.52,36.22,1352.74,0.0,1352.74,2029104.0,,,,,not measured: provider published no geography this quarter,UNK,"estimated: subscribers x 15 views/month (EST, first-submission methodology)"
Q2_2019,waje,Waje,domestic,7595,447030,1519,318.99,1788.12,36.46,2143.57,95.7,2239.26,3358894.5,,,,,not measured: provider published no geography this quarter,UNK,"estimated: subscribers x 15 views/month (EST, first-submission methodology)"
Q3_2019,waje,Waje,domestic,10520,459000,1531,441.84,1836.0,36.74,2314.58,132.55,2447.14,3670704.0,,,,,not measured: provider published no geography this quarter,UNK,"estimated: subscribers x 15 views/month (EST, first-submission methodology)"
Q4_2019,waje,Waje,domestic,9862,1179000,1538,414.2,4716.0,36.91,5167.12,124.26,5291.38,7937065.8,,,,,not measured: provider published no geography this quarter,UNK,"estimated: subscribers x 15 views/month (EST, first-submission methodology)"
Q1_2020,waje,Waje,domestic,9806,1224000,1545,411.85,4896.0,37.08,5344.93,123.56,5468.49,8202731.4,,,,,not measured: provider published no geography this quarter,UNK,"estimated: subscribers x 15 views/month (EST, first-submission methodology)"
Q2_2020,waje,Waje,domestic,8680,1278000,1553,364.56,5112.0,37.27,5513.83,109.37,5623.2,8434800.0,,,,,not measured: provider published no geography this quarter,UNK,"estimated: subscribers x 15 views/month (EST, first-submission methodology)"
Q3_2020,waje,Waje,domestic,9045,1332000,1572,379.89,5328.0,37.73,5745.62,113.97,5859.59,8789377.5,,,,,not measured: provider published no geography this quarter,UNK,"estimated: subscribers x 15 views/month (EST, first-submission methodology)"
Q4_2020,waje,Waje,domestic,22373,1368000,1588,939.67,5472.0,38.11,6449.78,281.9,6731.68,10097516.7,,,,,not measured: provider published no geography this quarter,UNK,"estimated: subscribers x 15 views/month (EST, first-submission methodology)"
Q1_2021,waje,Waje,domestic,29023,1426500,1598,1218.97,5706.0,38.35,6963.32,365.69,7329.01,10993511.7,0.100817,738.89,6590.12,9885183.3,observed: artist's own Nigerian share of listeners this quarter,OBS,"estimated: subscribers x 15 views/month (EST, first-submission methodology)"
Q2_2021,waje,Waje,domestic,33917,1809000,1626,1424.51,7236.0,39.02,8699.54,427.35,9126.89,13690338.3,0.129439,1181.37,7945.52,11918276.62,observed: artist's own Nigerian share of listeners this quarter,OBS,"estimated: subscribers x 15 views/month (EST, first-submission methodology)"
Q3_2021,waje,Waje,domestic,32819,6178,1654,1378.4,24.71,39.7,1442.81,413.52,1856.33,2784488.1,0.129007,239.48,1616.85,2425268.47,observed: artist's own Nigerian share of listeners this quarter,OBS,"observed channel views, quarter net change"
Q4_2021,waje,Waje,domestic,44835,16160,1678,1883.07,64.64,40.27,1987.98,564.92,2552.9,3829354.5,0.184495,471.0,2081.9,3122856.86,observed: artist's own Nigerian share of listeners this quarter,OBS,"observed channel views, quarter net change"
Q1_2022,waje,Waje,domestic,45055,71100,1700,1892.31,284.4,40.8,2217.51,567.69,2785.2,4177804.5,0.138749,386.44,2398.76,3598137.68,observed: artist's own Nigerian share of listeners this quarter,OBS,"observed channel views, quarter net change"
Q2_2022,waje,Waje,domestic,66251,264323,1713,2782.54,1057.29,41.11,3880.95,834.76,4715.71,7073562.9,0.171691,809.64,3906.06,5859095.55,observed: artist's own Nigerian share of listeners this quarter,OBS,"observed channel views, quarter net change"
Q3_2022,waje,Waje,domestic,55505,273506,1727,2331.21,1094.02,41.45,3466.68,699.36,4166.05,6249067.5,0.168014,699.96,3466.09,5199133.62,observed: artist's own Nigerian share of listeners this quarter,OBS,"observed channel views, quarter net change"
Q4_2022,waje,Waje,domestic,33888,203447,1731,1423.3,813.79,41.54,2278.63,426.99,2705.62,4058425.2,0.195469,528.86,2176.75,3265129.17,observed: artist's own Nigerian share of listeners this quarter,OBS,"observed channel views, quarter net change"
Q1_2023,waje,Waje,domestic,30097,212970,1734,1264.07,851.88,41.62,2157.57,379.22,2536.79,3805188.3,0.16005,406.01,2130.78,3196169.64,observed: artist's own Nigerian share of listeners this quarter,OBS,"observed channel views, quarter net change"
Q2_2023,waje,Waje,domestic,20092,80057,1737,843.86,320.23,41.69,1205.78,253.16,1458.94,2188408.8,0.290284,423.51,1035.43,1553149.33,observed: artist's own Nigerian share of listeners this quarter,OBS,"observed channel views, quarter net change"
Q3_2023,waje,Waje,domestic,18617,43195,1743,781.91,172.78,41.83,996.53,234.57,1231.1,1846650.3,0.323192,397.88,833.22,1249827.61,observed: artist's own Nigerian share of listeners this quarter,OBS,"observed channel views, quarter net change"
Q4_2023,waje,Waje,domestic,30504,2187000,1753,1281.17,8748.0,42.07,10071.24,384.35,10455.59,15683385.6,0.363751,3803.23,6652.36,9978538.36,observed: artist's own Nigerian share of listeners this quarter,OBS,"estimated: subscribers x 15 views/month (EST, first-submission methodology)"
Q1_2024,waje,Waje,domestic,20690,80607,1756,868.98,322.43,42.14,1233.55,260.69,1494.25,2241369.0,0.408886,610.98,883.27,1324904.88,observed: artist's own Nigerian share of listeners this quarter,OBS,"observed channel views, quarter net change"
Q2_2024,waje,Waje,domestic,19432,81352,1762,816.14,325.41,42.29,1183.84,244.84,1428.68,2143024.8,0.434079,620.16,808.52,1212781.85,observed: artist's own Nigerian share of listeners this quarter,OBS,"observed channel views, quarter net change"
Q3_2024,waje,Waje,domestic,32191,82645,1763,1352.02,330.58,42.31,1724.91,405.61,2130.52,3195780.9,0.559131,1191.24,939.28,1408919.34,observed: artist's own Nigerian share of listeners this quarter,OBS,"observed channel views, quarter net change"
Q4_2024,waje,Waje,domestic,63586,83393,1768,2670.61,333.57,42.43,3046.62,801.18,3847.8,5771699.4,0.62605,2408.91,1438.89,2158328.38,observed: artist's own Nigerian share of listeners this quarter,OBS,"observed channel views, quarter net change"
Q1_2025,waje,Waje,domestic,44621,75654,1773,1874.08,302.62,42.55,2219.25,562.22,2781.47,4172211.9,0.639698,1779.3,1002.17,1503254.99,observed: artist's own Nigerian share of listeners this quarter,OBS,"observed channel views, quarter net change"
Q2_2025,waje,Waje,domestic,39177,90601,1778,1645.43,362.4,42.67,2050.51,493.63,2544.14,3816210.3,0.655482,1667.64,876.5,1314753.61,observed: artist's own Nigerian share of listeners this quarter,OBS,"observed channel views, quarter net change"
Q3_2025,waje,Waje,domestic,39964,94229,1790,1678.49,376.92,42.96,2098.36,503.55,2601.91,3902865.6,0.581897,1514.04,1087.87,1631801.14,observed: artist's own Nigerian share of listeners this quarter,OBS,"observed channel views, quarter net change"
Q4_2025,waje,Waje,domestic,60783,184289,1799,2552.89,737.16,43.18,3333.22,765.87,4099.08,6148625.7,0.638551,2617.47,1481.61,2222416.34,observed: artist's own Nigerian share of listeners this quarter,OBS,"observed channel views, quarter net change"
Q1_2026,waje,Waje,domestic,53214,62267,1804,2234.99,249.07,43.3,2527.35,670.5,3197.85,4796772.6,0.641874,2052.62,1145.23,1717850.08,observed: artist's own Nigerian share of listeners this quarter,OBS,"observed channel views, quarter net change"
Q2_2026,waje,Waje,domestic,43727,89207,1805,1836.53,356.83,43.32,2236.68,550.96,2787.64,4181463.3,0.603654,1682.77,1104.87,1657304.19,observed: artist's own Nigerian share of listeners this quarter,OBS,"observed channel views, quarter net change"
Q3_2026,waje,Waje,domestic,45301,2353500,1805,1902.64,9414.0,43.32,11359.96,570.79,11930.75,17896131.9,0.620384,7401.65,4529.11,6793664.16,observed: artist's own Nigerian share of listeners this quarter,OBS,"estimated: subscribers x 15 views/month (EST, first-submission methodology)"
Q1_2019,wande-coal,Wande Coal,domestic,0,0,18267,0.0,0.0,438.41,438.41,0.0,438.41,657612.0,,,,,not measured: provider published no geography this quarter,UNK,no YouTube presence observed
Q2_2019,wande-coal,Wande Coal,domestic,378774,0,18354,15908.51,0.0,440.5,16349.0,4772.55,21121.56,31682334.6,,,,,not measured: provider published no geography this quarter,UNK,no YouTube presence observed
Q3_2019,wande-coal,Wande Coal,domestic,400172,0,18441,16807.22,0.0,442.58,17249.81,5042.17,22291.98,33437962.8,,,,,not measured: provider published no geography this quarter,UNK,no YouTube presence observed
Q4_2019,wande-coal,Wande Coal,domestic,435670,0,18552,18298.14,0.0,445.25,18743.39,5489.44,24232.83,36349245.0,,,,,not measured: provider published no geography this quarter,UNK,no YouTube presence observed
Q1_2020,wande-coal,Wande Coal,domestic,464063,0,20334,19490.65,0.0,488.02,19978.66,5847.19,25825.86,38738783.7,,,,,not measured: provider published no geography this quarter,UNK,no YouTube presence observed
Q2_2020,wande-coal,Wande Coal,domestic,652948,0,25084,27423.82,0.0,602.02,28025.83,8227.14,36252.98,54379465.2,,,,,not measured: provider published no geography this quarter,UNK,no YouTube presence observed
Q3_2020,wande-coal,Wande Coal,domestic,570403,0,32719,23956.93,0.0,785.26,24742.18,7187.08,31929.26,47893889.7,,,,,not measured: provider published no geography this quarter,UNK,no YouTube presence observed
Q4_2020,wande-coal,Wande Coal,domestic,475359,0,40839,19965.08,0.0,980.14,20945.21,5989.52,26934.74,40402106.1,,,,,not measured: provider published no geography this quarter,UNK,no YouTube presence observed
Q1_2021,wande-coal,Wande Coal,domestic,487402,0,47189,20470.88,0.0,1132.54,21603.42,6141.27,27744.69,41617027.8,0.067493,1872.56,25872.13,38808188.8,observed: artist's own Nigerian share of listeners this quarter,OBS,no YouTube presence observed
Q2_2021,wande-coal,Wande Coal,domestic,589277,0,50631,24749.63,0.0,1215.14,25964.78,7424.89,33389.67,50084502.3,0.062295,2080.01,31309.66,46964490.72,observed: artist's own Nigerian share of listeners this quarter,OBS,no YouTube presence observed
Q3_2021,wande-coal,Wande Coal,domestic,546347,0,54177,22946.57,0.0,1300.25,24246.82,6883.97,31130.79,46696191.3,0.083194,2589.88,28540.91,42811365.39,observed: artist's own Nigerian share of listeners this quarter,OBS,no YouTube presence observed
Q4_2021,wande-coal,Wande Coal,domestic,622526,4046548,57642,26146.09,16186.19,1383.41,43715.69,7843.83,51559.52,77339279.4,0.124633,6426.0,45133.52,67700274.0,observed: artist's own Nigerian share of listeners this quarter,OBS,"observed channel views, quarter net change"
Q1_2022,wande-coal,Wande Coal,domestic,812303,5691989,62327,34116.73,22767.96,1495.85,58380.53,10235.02,68615.55,102923321.7,0.157385,10799.04,57816.51,86724760.12,observed: artist's own Nigerian share of listeners this quarter,OBS,"observed channel views, quarter net change"
Q2_2022,wande-coal,Wande Coal,domestic,1042266,5608048,64660,43775.17,22432.19,1551.84,67759.2,13132.55,80891.76,121337633.4,0.123376,9980.12,70911.63,106367445.91,observed: artist's own Nigerian share of listeners this quarter,OBS,"observed channel views, quarter net change"
Q3_2022,wande-coal,Wande Coal,domestic,1212880,3732636,65456,50940.96,14930.54,1570.94,67442.45,15282.29,82724.74,124087104.0,0.137357,11362.85,71361.89,107042831.35,observed: artist's own Nigerian share of listeners this quarter,OBS,"observed channel views, quarter net change"
Q4_2022,wande-coal,Wande Coal,domestic,1551086,6240189,66040,65145.61,24960.76,1584.96,91691.33,19543.68,111235.01,166852517.4,0.13598,15125.75,96109.26,144163895.51,observed: artist's own Nigerian share of listeners this quarter,OBS,"observed channel views, quarter net change"
Q1_2023,wande-coal,Wande Coal,domestic,1824234,7288654,66697,76617.83,29154.62,1600.73,107373.17,22985.35,130358.52,195537780.6,0.184443,24043.65,106314.87,159472299.3,observed: artist's own Nigerian share of listeners this quarter,OBS,"observed channel views, quarter net change"
Q2_2023,wande-coal,Wande Coal,domestic,2387530,6283559,67601,100276.26,25134.24,1622.42,127032.92,30082.88,157115.8,235673697.0,0.200244,31461.57,125654.23,188481339.46,observed: artist's own Nigerian share of listeners this quarter,OBS,"observed channel views, quarter net change"
Q3_2023,wande-coal,Wande Coal,domestic,2303349,3753800,67936,96740.66,15015.2,1630.46,113386.32,29022.2,142408.52,213612779.1,0.222716,31716.67,110691.84,166037766.8,observed: artist's own Nigerian share of listeners this quarter,OBS,"observed channel views, quarter net change"
Q4_2023,wande-coal,Wande Coal,domestic,3189544,7043707,68173,133960.85,28174.83,1636.15,163771.83,40188.25,203960.08,305940123.6,0.29403,59970.43,143989.65,215984478.93,observed: artist's own Nigerian share of listeners this quarter,OBS,"observed channel views, quarter net change"
Q1_2024,wande-coal,Wande Coal,domestic,2698077,4214469,68633,113319.23,16857.88,1647.19,131824.3,33995.77,165820.07,248730108.3,0.266163,44135.12,121684.95,182527424.47,observed: artist's own Nigerian share of listeners this quarter,OBS,"observed channel views, quarter net change"
Q2_2024,wande-coal,Wande Coal,domestic,2721040,5788501,68812,114283.68,23154.0,1651.49,139089.17,34285.1,173374.28,260061414.0,0.293789,50935.4,122438.88,183658316.13,observed: artist's own Nigerian share of listeners this quarter,OBS,"observed channel views, quarter net change"
Q3_2024,wande-coal,Wande Coal,domestic,3142189,5984638,68921,131971.94,23938.55,1654.1,157564.59,39591.58,197156.18,295734263.1,0.30003,59152.71,138003.47,207005203.03,observed: artist's own Nigerian share of listeners this quarter,OBS,"observed channel views, quarter net change"
Q4_2024,wande-coal,Wande Coal,domestic,2867937,6192702,69314,120453.35,24770.81,1663.54,146887.7,36136.01,183023.7,274535556.3,0.390876,71539.66,111484.04,167226059.66,observed: artist's own Nigerian share of listeners this quarter,OBS,"observed channel views, quarter net change"
Q1_2025,wande-coal,Wande Coal,domestic,2401159,1546156,69658,100848.68,6184.62,1671.79,108705.09,30254.6,138959.7,208439546.1,0.437841,60842.32,78117.38,117176067.64,observed: artist's own Nigerian share of listeners this quarter,OBS,"observed channel views, quarter net change"
Q2_2025,wande-coal,Wande Coal,domestic,2304071,1972570,69811,96770.98,7890.28,1675.46,106336.73,29031.29,135368.02,203052030.9,0.437326,59200.0,76168.02,114252023.89,observed: artist's own Nigerian share of listeners this quarter,OBS,"observed channel views, quarter net change"
Q3_2025,wande-coal,Wande Coal,domestic,2064662,1735650,69902,86715.8,6942.6,1677.65,95336.05,26014.74,121350.79,182026189.8,0.47085,57138.04,64212.75,96319127.76,observed: artist's own Nigerian share of listeners this quarter,OBS,"observed channel views, quarter net change"
Q4_2025,wande-coal,Wande Coal,domestic,2156115,2486164,280,90556.83,9944.66,6.72,100508.21,27167.05,127675.26,191512882.5,0.525362,67075.77,60599.49,90899233.69,observed: artist's own Nigerian share of listeners this quarter,OBS,"observed channel views, quarter net change"
Q1_2026,wande-coal,Wande Coal,domestic,2437832,1334590,280,102388.94,5338.36,6.72,107734.02,30716.68,138450.71,207676060.8,0.565049,78231.45,60219.25,90328882.31,observed: artist's own Nigerian share of listeners this quarter,OBS,"observed channel views, quarter net change"
Q2_2026,wande-coal,Wande Coal,domestic,2963594,5783010,70642,124470.95,23132.04,1695.41,149298.4,37341.28,186639.68,279959520.6,0.606442,113186.09,73453.59,110180391.43,observed: artist's own Nigerian share of listeners this quarter,OBS,"observed channel views, quarter net change"
Q3_2026,wande-coal,Wande Coal,domestic,3086804,4030889,70957,129645.77,16123.56,1702.97,147472.29,38893.73,186366.02,279549033.6,0.617353,115053.6,71312.42,106968630.25,observed: artist's own Nigerian share of listeners this quarter,OBS,"observed channel views, quarter net change"
Q1_2019,wizkid,Wizkid,domestic,0,34130115,278350,0.0,136520.46,6680.4,143200.86,0.0,143200.86,214801290.0,,,,,not measured: provider published no geography this quarter,UNK,"estimated: subscribers x 15 views/month (EST, first-submission methodology)"
Q2_2019,wizkid,Wizkid,domestic,2382105,36524790,284233,100048.41,146099.16,6821.59,252969.16,30014.52,282983.68,424475527.5,,,,,not measured: provider published no geography this quarter,UNK,"estimated: subscribers x 15 views/month (EST, first-submission methodology)"
Q3_2019,wizkid,Wizkid,domestic,4411649,40905000,306046,185289.26,163620.0,7345.1,356254.36,55586.78,411841.14,617761709.1,,,,,not measured: provider published no geography this quarter,UNK,"estimated: subscribers x 15 views/month (EST, first-submission methodology)"
Q4_2019,wizkid,Wizkid,domestic,3950222,47700000,360129,165909.32,190800.0,8643.1,365352.42,49772.8,415125.22,622687825.8,,,,,not measured: provider published no geography this quarter,UNK,"estimated: subscribers x 15 views/month (EST, first-submission methodology)"
Q1_2020,wizkid,Wizkid,domestic,3693872,51300000,405073,155142.62,205200.0,9721.75,370064.38,46542.79,416607.16,624910744.8,,,,,not measured: provider published no geography this quarter,UNK,"estimated: subscribers x 15 views/month (EST, first-submission methodology)"
Q2_2020,wizkid,Wizkid,domestic,4117239,54900000,448985,172924.04,219600.0,10775.64,403299.68,51877.21,455176.89,682765334.1,,,,,not measured: provider published no geography this quarter,UNK,"estimated: subscribers x 15 views/month (EST, first-submission methodology)"
Q3_2020,wizkid,Wizkid,domestic,4439490,60300000,500953,186458.58,241200.0,12022.87,439681.45,55937.57,495619.03,743428539.0,,,,,not measured: provider published no geography this quarter,UNK,"estimated: subscribers x 15 views/month (EST, first-submission methodology)"
Q4_2020,wizkid,Wizkid,domestic,4813461,69300000,555456,202165.36,277200.0,13330.94,492696.31,60649.61,553345.91,830018871.9,,,,,not measured: provider published no geography this quarter,UNK,"estimated: subscribers x 15 views/month (EST, first-submission methodology)"
Q1_2021,wizkid,Wizkid,domestic,4880812,75600000,601836,204994.1,302400.0,14444.06,521838.17,61498.23,583336.4,875004598.8,0.011221,6545.43,576790.97,865186457.5,observed: artist's own Nigerian share of listeners this quarter,OBS,"estimated: subscribers x 15 views/month (EST, first-submission methodology)"
Q2_2021,wizkid,Wizkid,domestic,5139408,81900000,645660,215855.14,327600.0,15495.84,558950.98,64756.54,623707.52,935561275.2,0.010166,6340.58,617366.93,926050399.13,observed: artist's own Nigerian share of listeners this quarter,OBS,"estimated: subscribers x 15 views/month (EST, first-submission methodology)"
Q3_2021,wizkid,Wizkid,domestic,10040909,11532818,690450,421718.18,46131.27,16570.8,484420.25,126515.45,610935.7,916403555.1,0.009459,5779.05,605156.65,907734980.72,observed: artist's own Nigerian share of listeners this quarter,OBS,"observed channel views, quarter net change"
Q4_2021,wizkid,Wizkid,domestic,7515191,156690426,731899,315638.02,626761.7,17565.58,959965.3,94691.41,1054656.71,1581985062.9,0.019589,20659.94,1033996.77,1550995149.87,observed: artist's own Nigerian share of listeners this quarter,OBS,"observed channel views, quarter net change"
Q1_2022,wizkid,Wizkid,domestic,7495195,124717197,768456,314798.19,498868.79,18442.94,832109.92,94439.46,926549.38,1389824068.5,0.015148,14035.0,912514.38,1368771575.9,observed: artist's own Nigerian share of listeners this quarter,OBS,"observed channel views, quarter net change"
Q2_2022,wizkid,Wizkid,domestic,8416196,99980074,789700,353480.23,399920.3,18952.8,772353.33,106044.07,878397.4,1317596096.4,0.018615,16351.5,862045.9,1293068846.83,observed: artist's own Nigerian share of listeners this quarter,OBS,"observed channel views, quarter net change"
Q3_2022,wizkid,Wizkid,domestic,9121154,100784848,809087,383088.47,403139.39,19418.09,805645.95,114926.54,920572.49,1380858732.6,0.025027,23038.95,897533.54,1346300307.09,observed: artist's own Nigerian share of listeners this quarter,OBS,"observed channel views, quarter net change"
Q4_2022,wizkid,Wizkid,domestic,9004203,102417183,825163,378176.53,409668.73,19803.91,807649.17,113452.96,921102.13,1381653191.7,0.03581,32984.77,888117.36,1332176043.38,observed: artist's own Nigerian share of listeners this quarter,OBS,"observed channel views, quarter net change"
Q1_2023,wizkid,Wizkid,domestic,9436436,87259788,838341,396330.31,349039.15,20120.18,765489.65,118899.09,884388.74,1326583112.4,0.039464,34901.55,849487.19,1274230783.85,observed: artist's own Nigerian share of listeners this quarter,OBS,"observed channel views, quarter net change"
Q2_2023,wizkid,Wizkid,domestic,13697938,84409055,849571,575313.4,337636.22,20389.7,933339.32,172594.02,1105933.34,1658900008.2,0.035715,39498.47,1066434.87,1599652299.11,observed: artist's own Nigerian share of listeners this quarter,OBS,"observed channel views, quarter net change"
Q3_2023,wizkid,Wizkid,domestic,9862649,68157652,861199,414231.26,272630.61,20668.78,707530.64,124269.38,831800.02,1247700029.1,0.055221,45932.91,785867.11,1178800669.54,observed: artist's own Nigerian share of listeners this quarter,OBS,"observed channel views, quarter net change"
Q4_2023,wizkid,Wizkid,domestic,9925029,73450057,873456,416851.22,293800.23,20962.94,731614.39,125055.37,856669.76,1285004633.1,0.088982,76228.13,780441.63,1170662444.65,observed: artist's own Nigerian share of listeners this quarter,OBS,"observed channel views, quarter net change"
Q1_2024,wizkid,Wizkid,domestic,9958487,57702156,886807,418256.45,230808.62,21283.37,670348.45,125476.94,795825.38,1193738073.3,0.097352,77475.4,718349.98,1077524967.19,observed: artist's own Nigerian share of listeners this quarter,OBS,"observed channel views, quarter net change"
Q2_2024,wizkid,Wizkid,domestic,9364342,59522878,898671,393302.36,238091.51,21568.1,652961.98,117990.71,770952.69,1156429033.8,0.109417,84355.34,686597.35,1029896025.26,observed: artist's own Nigerian share of listeners this quarter,OBS,"observed channel views, quarter net change"
Q3_2024,wizkid,Wizkid,domestic,9405683,61803870,909190,395038.69,247215.48,21820.56,664074.73,118511.61,782586.33,1173879497.7,0.157457,123223.31,659363.02,989044531.25,observed: artist's own Nigerian share of listeners this quarter,OBS,"observed channel views, quarter net change"
Q4_2024,wizkid,Wizkid,domestic,11534118,109911768,921613,484432.96,439647.07,22118.71,946198.74,145329.89,1091528.63,1637292940.2,0.213574,233122.25,858406.38,1287609569.31,observed: artist's own Nigerian share of listeners this quarter,OBS,"observed channel views, quarter net change"
Q1_2025,wizkid,Wizkid,domestic,9940410,74896400,933551,417497.22,299585.6,22405.22,739488.04,125249.17,864737.21,1297105815.0,0.23161,200282.01,664455.2,996682792.71,observed: artist's own Nigerian share of listeners this quarter,OBS,"observed channel views, quarter net change"
Q2_2025,wizkid,Wizkid,domestic,11715718,79170900,945909,492060.16,316683.6,22701.82,831445.57,147618.05,979063.62,1468595428.2,0.234032,229132.62,749931.0,1124896500.11,observed: artist's own Nigerian share of listeners this quarter,OBS,"observed channel views, quarter net change"
Q3_2025,wizkid,Wizkid,domestic,13376389,74483600,958468,561808.34,297934.4,23003.23,882745.97,168542.5,1051288.47,1576932707.1,0.246445,259084.68,792203.79,1188305688.83,observed: artist's own Nigerian share of listeners this quarter,OBS,"observed channel views, quarter net change"
Q4_2025,wizkid,Wizkid,domestic,13988017,66908200,968796,587496.71,267632.8,23251.1,878380.62,176249.01,1054629.63,1581944448.3,0.285388,300978.25,753651.38,1130477071.86,observed: artist's own Nigerian share of listeners this quarter,OBS,"observed channel views, quarter net change"
Q1_2026,wizkid,Wizkid,domestic,16532363,66426700,978261,694359.25,265706.8,23478.26,983544.31,208307.77,1191852.08,1787778125.7,0.27753,330774.12,861077.97,1291616948.26,observed: artist's own Nigerian share of listeners this quarter,OBS,"observed channel views, quarter net change"
Q2_2026,wizkid,Wizkid,domestic,17320029,79541379,988545,727441.22,318165.52,23725.08,1069331.81,218232.37,1287564.18,1931346269.1,0.258071,332282.96,955281.22,1432921828.84,observed: artist's own Nigerian share of listeners this quarter,OBS,"observed channel views, quarter net change"
Q3_2026,wizkid,Wizkid,domestic,17408798,32258686,993534,731169.52,129034.74,23844.82,884049.08,219350.85,1103399.93,1655099896.2,0.256997,283570.08,819829.85,1229744772.74,observed: artist's own Nigerian share of listeners this quarter,OBS,"observed channel views, quarter net change"
Q1_2019,wurld,WurlD,diaspora_candidate,0,94545,147,0.0,378.18,3.53,381.71,0.0,381.71,572562.0,,,,,not measured: provider published no geography this quarter,UNK,"estimated: subscribers x 15 views/month (EST, first-submission methodology)"
Q2_2019,wurld,WurlD,diaspora_candidate,101471,174285,255,4261.78,697.14,6.12,4965.04,1278.53,6243.58,9365364.9,,,,,not measured: provider published no geography this quarter,UNK,"estimated: subscribers x 15 views/month (EST, first-submission methodology)"
Q3_2019,wurld,WurlD,diaspora_candidate,130688,202950,376,5488.9,811.8,9.02,6309.72,1646.67,7956.39,11934583.2,,,,,not measured: provider published no geography this quarter,UNK,"estimated: subscribers x 15 views/month (EST, first-submission methodology)"
Q4_2019,wurld,WurlD,diaspora_candidate,205670,266850,1936,8638.14,1067.4,46.46,9752.0,2591.44,12343.45,18515169.0,,,,,not measured: provider published no geography this quarter,UNK,"estimated: subscribers x 15 views/month (EST, first-submission methodology)"
Q1_2020,wurld,WurlD,diaspora_candidate,257560,365400,6581,10817.52,1461.6,157.94,12437.06,3245.26,15682.32,23523480.0,,,,,not measured: provider published no geography this quarter,UNK,"estimated: subscribers x 15 views/month (EST, first-submission methodology)"
Q2_2020,wurld,WurlD,diaspora_candidate,410008,603000,12678,17220.34,2412.0,304.27,19936.61,5166.1,25102.71,37654063.2,,,,,not measured: provider published no geography this quarter,UNK,"estimated: subscribers x 15 views/month (EST, first-submission methodology)"
Q3_2020,wurld,WurlD,diaspora_candidate,278833,891000,21667,11710.99,3564.0,520.01,15794.99,3513.3,19308.29,28962434.7,,,,,not measured: provider published no geography this quarter,UNK,"estimated: subscribers x 15 views/month (EST, first-submission methodology)"
Q4_2020,wurld,WurlD,diaspora_candidate,283070,1053000,29577,11888.94,4212.0,709.85,16810.79,3566.68,20377.47,30566205.0,,,,,not measured: provider published no geography this quarter,UNK,"estimated: subscribers x 15 views/month (EST, first-submission methodology)"
Q1_2021,wurld,WurlD,diaspora_candidate,264968,1129500,34482,11128.66,4518.0,827.57,16474.22,3338.6,19812.82,29719231.2,0.065163,1291.05,18521.77,27782649.25,observed: artist's own Nigerian share of listeners this quarter,OBS,"estimated: subscribers x 15 views/month (EST, first-submission methodology)"
Q2_2021,wurld,WurlD,diaspora_candidate,279813,1192500,36838,11752.15,4770.0,884.11,17406.26,3525.64,20931.9,31397852.7,0.05265,1102.07,19829.83,29744751.62,observed: artist's own Nigerian share of listeners this quarter,OBS,"estimated: subscribers x 15 views/month (EST, first-submission methodology)"
Q3_2021,wurld,WurlD,diaspora_candidate,351533,44527,39385,14764.39,178.11,945.24,15887.73,4429.32,20317.05,30475574.7,0.060541,1230.01,19087.04,28630559.22,observed: artist's own Nigerian share of listeners this quarter,OBS,"observed channel views, quarter net change"
Q4_2021,wurld,WurlD,diaspora_candidate,303371,1163623,41145,12741.58,4654.49,987.48,18383.55,3822.47,22206.03,33309042.9,0.068654,1524.54,20681.49,31022239.72,observed: artist's own Nigerian share of listeners this quarter,OBS,"observed channel views, quarter net change"
Q1_2022,wurld,WurlD,diaspora_candidate,445943,1576883,43048,18729.61,6307.53,1033.15,26070.29,5618.88,31689.17,47533757.7,0.089463,2835.02,28854.15,43281227.28,observed: artist's own Nigerian share of listeners this quarter,OBS,"observed channel views, quarter net change"
Q2_2022,wurld,WurlD,diaspora_candidate,434582,1074858,44118,18252.44,4299.43,1058.83,23610.71,5475.73,29086.44,43629661.8,0.058266,1694.75,27391.69,41087537.46,observed: artist's own Nigerian share of listeners this quarter,OBS,"observed channel views, quarter net change"
Q3_2022,wurld,WurlD,diaspora_candidate,389103,1042255,44746,16342.33,4169.02,1073.9,21585.25,4902.7,26487.95,39731921.7,0.054278,1437.71,25050.24,37575356.35,observed: artist's own Nigerian share of listeners this quarter,OBS,"observed channel views, quarter net change"
Q4_2022,wurld,WurlD,diaspora_candidate,296662,2031178,45168,12459.8,8124.71,1084.03,21668.55,3737.94,25406.49,38109733.8,0.089085,2263.33,23143.16,34714745.41,observed: artist's own Nigerian share of listeners this quarter,OBS,"observed channel views, quarter net change"
Q1_2023,wurld,WurlD,diaspora_candidate,274457,1302250,45365,11527.19,5209.0,1088.76,17824.95,3458.16,21283.11,31924668.3,0.126998,2702.92,18580.19,27870291.31,observed: artist's own Nigerian share of listeners this quarter,OBS,"observed channel views, quarter net change"
Q2_2023,wurld,WurlD,diaspora_candidate,254297,920850,45535,10680.47,3683.4,1092.84,15456.71,3204.14,18660.86,27991284.3,0.146317,2730.41,15930.45,23895676.08,observed: artist's own Nigerian share of listeners this quarter,OBS,"observed channel views, quarter net change"
Q3_2023,wurld,WurlD,diaspora_candidate,255698,883108,45684,10739.32,3532.43,1096.42,15368.16,3221.79,18589.96,27884938.2,0.217261,4038.88,14551.08,21826617.85,observed: artist's own Nigerian share of listeners this quarter,OBS,"observed channel views, quarter net change"
Q4_2023,wurld,WurlD,diaspora_candidate,483158,1905652,45932,20292.64,7622.61,1102.37,29017.61,6087.79,35105.4,52658104.2,0.146366,5138.24,29967.16,44950747.03,observed: artist's own Nigerian share of listeners this quarter,OBS,"observed channel views, quarter net change"
Q1_2024,wurld,WurlD,diaspora_candidate,299022,1845000,46078,12558.92,7380.0,1105.87,21044.8,3767.68,24812.47,37218709.8,0.353855,8780.01,16032.46,24048693.83,observed: artist's own Nigerian share of listeners this quarter,OBS,"estimated: subscribers x 15 views/month (EST, first-submission methodology)"
Q2_2024,wurld,WurlD,diaspora_candidate,308839,381631,46307,12971.24,1526.52,1111.37,15609.13,3891.37,19500.5,29250752.1,0.34985,6822.25,12678.25,19017380.59,observed: artist's own Nigerian share of listeners this quarter,OBS,"observed channel views, quarter net change"
Q3_2024,wurld,WurlD,diaspora_candidate,276548,256975,46469,11615.02,1027.9,1115.26,13758.17,3484.5,17242.68,25864015.2,0.354422,6111.19,11131.49,16697228.99,observed: artist's own Nigerian share of listeners this quarter,OBS,"observed channel views, quarter net change"
Q4_2024,wurld,WurlD,diaspora_candidate,288719,261951,46618,12126.2,1047.8,1118.83,14292.83,3637.86,17930.69,26896040.1,0.415946,7458.2,10472.49,15708735.44,observed: artist's own Nigerian share of listeners this quarter,OBS,"observed channel views, quarter net change"
Q1_2025,wurld,WurlD,diaspora_candidate,362150,371072,46762,15210.3,1484.29,1122.29,17816.88,4563.09,22379.97,33569949.0,0.507174,11350.53,11029.44,16544159.07,observed: artist's own Nigerian share of listeners this quarter,OBS,"observed channel views, quarter net change"
Q2_2025,wurld,WurlD,diaspora_candidate,418105,257439,46845,17560.41,1029.76,1124.28,19714.45,5268.12,24982.57,37473853.5,0.532577,13305.14,11677.43,17516150.58,observed: artist's own Nigerian share of listeners this quarter,OBS,"observed channel views, quarter net change"
Q3_2025,wurld,WurlD,diaspora_candidate,539215,1657977,46963,22647.03,6631.91,1127.11,30406.05,6794.11,37200.16,55800238.5,0.550192,20467.25,16732.91,25099370.84,observed: artist's own Nigerian share of listeners this quarter,OBS,"observed channel views, quarter net change"
Q4_2025,wurld,WurlD,diaspora_candidate,917686,89933,47155,38542.81,359.73,1131.72,40034.26,11562.84,51597.11,77395661.4,0.599391,30926.84,20670.27,31005399.79,observed: artist's own Nigerian share of listeners this quarter,OBS,"observed channel views, quarter net change"
Q1_2026,wurld,WurlD,diaspora_candidate,981012,50172,47300,41202.5,200.69,1135.2,42538.39,12360.75,54899.14,82348714.8,0.641599,35223.22,19675.93,29513890.89,observed: artist's own Nigerian share of listeners this quarter,OBS,"observed channel views, quarter net change"
Q2_2026,wurld,WurlD,diaspora_candidate,1150939,384313,47468,48339.44,1537.25,1139.23,51015.92,14501.83,65517.75,98276630.1,0.633262,41489.91,24027.85,36041769.05,observed: artist's own Nigerian share of listeners this quarter,OBS,"observed channel views, quarter net change"
Q3_2026,wurld,WurlD,diaspora_candidate,1131792,18388,47533,47535.26,73.55,1140.79,48749.61,14260.58,63010.19,94515280.8,0.600034,37808.25,25201.94,37802905.85,observed: artist's own Nigerian share of listeners this quarter,OBS,"observed channel views, quarter net change"
Q1_2019,ycee,Ycee,domestic,0,0,5493,0.0,0.0,131.83,131.83,0.0,131.83,197748.0,,,,,not measured: provider published no geography this quarter,UNK,no YouTube presence observed
Q2_2019,ycee,Ycee,domestic,412661,0,5889,17331.76,0.0,141.34,17473.1,5199.53,22672.63,34008939.9,,,,,not measured: provider published no geography this quarter,UNK,no YouTube presence observed
Q3_2019,ycee,Ycee,domestic,535451,0,6868,22488.94,0.0,164.83,22653.77,6746.68,29400.46,44100684.9,,,,,not measured: provider published no geography this quarter,UNK,no YouTube presence observed
Q4_2019,ycee,Ycee,domestic,566045,0,8849,23773.89,0.0,212.38,23986.27,7132.17,31118.43,46677649.5,,,,,not measured: provider published no geography this quarter,UNK,no YouTube presence observed
Q1_2020,ycee,Ycee,domestic,606247,0,10097,25462.37,0.0,242.33,25704.7,7638.71,33343.41,50015121.3,,,,,not measured: provider published no geography this quarter,UNK,no YouTube presence observed
Q2_2020,ycee,Ycee,domestic,707346,0,10197,29708.53,0.0,244.73,29953.26,8912.56,38865.82,58298729.4,,,,,not measured: provider published no geography this quarter,UNK,no YouTube presence observed
Q3_2020,ycee,Ycee,domestic,598460,0,10348,25135.32,0.0,248.35,25383.67,7540.6,32924.27,49386402.0,,,,,not measured: provider published no geography this quarter,UNK,no YouTube presence observed
Q4_2020,ycee,Ycee,domestic,495098,0,10460,20794.12,0.0,251.04,21045.16,6238.23,27283.39,40925086.2,,,,,not measured: provider published no geography this quarter,UNK,no YouTube presence observed
Q1_2021,ycee,Ycee,domestic,560682,0,10602,23548.64,0.0,254.45,23803.09,7064.59,30867.69,46301527.8,0.024502,756.33,30111.36,45167033.76,observed: artist's own Nigerian share of listeners this quarter,OBS,no YouTube presence observed
Q2_2021,ycee,Ycee,domestic,581477,0,10857,24422.03,0.0,260.57,24682.6,7326.61,32009.21,48013818.3,0.019818,634.35,31374.86,47062297.05,observed: artist's own Nigerian share of listeners this quarter,OBS,no YouTube presence observed
Q3_2021,ycee,Ycee,domestic,591664,0,11246,24849.89,0.0,269.9,25119.79,7454.97,32574.76,48862137.6,0.034067,1109.74,31465.02,47197533.9,observed: artist's own Nigerian share of listeners this quarter,OBS,no YouTube presence observed
Q4_2021,ycee,Ycee,domestic,369813,8460000,11992,15532.15,33840.0,287.81,49659.95,4659.64,54319.6,81479396.7,0.076743,4168.63,50150.97,75226456.11,observed: artist's own Nigerian share of listeners this quarter,OBS,"estimated: subscribers x 15 views/month (EST, first-submission methodology)"
Q1_2022,ycee,Ycee,domestic,434811,4541907,12418,18262.06,18167.63,298.03,36727.72,5478.62,42206.34,63309510.9,0.051686,2181.49,40024.85,60037279.23,observed: artist's own Nigerian share of listeners this quarter,OBS,"observed channel views, quarter net change"
Q2_2022,ycee,Ycee,domestic,409385,3530759,12638,17194.17,14123.04,303.31,31620.52,5158.25,36778.77,55168153.5,0.053673,1974.02,34804.75,52207119.88,observed: artist's own Nigerian share of listeners this quarter,OBS,"observed channel views, quarter net change"
Q3_2022,ycee,Ycee,domestic,535448,3688337,12795,22488.82,14753.35,307.08,37549.24,6746.64,44295.89,66443833.2,0.045606,2020.16,42275.73,63413591.53,observed: artist's own Nigerian share of listeners this quarter,OBS,"observed channel views, quarter net change"
Q4_2022,ycee,Ycee,domestic,633042,3738238,12888,26587.76,14952.95,309.31,41850.03,7976.33,49826.36,74739535.8,0.053551,2668.25,47158.11,70737159.68,observed: artist's own Nigerian share of listeners this quarter,OBS,"observed channel views, quarter net change"
Q1_2023,ycee,Ycee,domestic,484615,4156347,12987,20353.83,16625.39,311.69,37290.91,6106.15,43397.06,65095582.5,0.087708,3806.27,39590.79,59386182.71,observed: artist's own Nigerian share of listeners this quarter,OBS,"observed channel views, quarter net change"
Q2_2023,ycee,Ycee,domestic,558307,3487679,13050,23448.89,13950.72,313.2,37712.81,7034.67,44747.48,67121217.3,0.105293,4711.61,40035.87,60053801.84,observed: artist's own Nigerian share of listeners this quarter,OBS,"observed channel views, quarter net change"
Q3_2023,ycee,Ycee,domestic,497458,3829164,13129,20893.24,15316.66,315.1,36524.99,6267.97,42792.96,64189438.2,0.132508,5670.42,37122.54,55683810.17,observed: artist's own Nigerian share of listeners this quarter,OBS,"observed channel views, quarter net change"
Q4_2023,ycee,Ycee,domestic,494277,3758277,13212,20759.63,15033.11,317.09,36109.83,6227.89,42337.72,63506580.3,0.167832,7105.62,35232.1,52848154.69,observed: artist's own Nigerian share of listeners this quarter,OBS,"observed channel views, quarter net change"
Q1_2024,ycee,Ycee,domestic,453610,2554643,13275,19051.62,10218.57,318.6,29588.79,5715.49,35304.28,52956417.0,0.206149,7277.93,28026.35,42039520.61,observed: artist's own Nigerian share of listeners this quarter,OBS,"observed channel views, quarter net change"
Q2_2024,ycee,Ycee,domestic,361560,2597176,13328,15185.52,10388.7,319.87,25894.1,4555.66,30449.75,45674628.0,0.327441,9970.5,20479.26,30718883.17,observed: artist's own Nigerian share of listeners this quarter,OBS,"observed channel views, quarter net change"
Q3_2024,ycee,Ycee,domestic,328094,2696696,13369,13779.95,10786.78,320.86,24887.59,4133.98,29021.57,43532358.6,0.363265,10542.52,18479.06,27718585.23,observed: artist's own Nigerian share of listeners this quarter,OBS,"observed channel views, quarter net change"
Q4_2024,ycee,Ycee,domestic,334812,4141842,13413,14062.1,16567.37,321.91,30951.38,4218.63,35170.02,52755022.8,0.420732,14797.16,20372.86,30559287.95,observed: artist's own Nigerian share of listeners this quarter,OBS,"observed channel views, quarter net change"
Q1_2025,ycee,Ycee,domestic,359741,2948300,13484,15109.12,11793.2,323.62,27225.94,4532.74,31758.67,47638011.9,0.477168,15154.23,16604.44,24906662.93,observed: artist's own Nigerian share of listeners this quarter,OBS,"observed channel views, quarter net change"
Q2_2025,ycee,Ycee,domestic,498765,3710550,13537,20948.13,14842.2,324.89,36115.22,6284.44,42399.66,63599485.5,0.581651,24661.79,17737.87,26606801.69,observed: artist's own Nigerian share of listeners this quarter,OBS,"observed channel views, quarter net change"
Q3_2025,ycee,Ycee,domestic,391416,3742260,13630,16439.47,14969.04,327.12,31735.63,4931.84,36667.47,55001210.4,0.501687,18395.58,18271.89,27407833.49,observed: artist's own Nigerian share of listeners this quarter,OBS,"observed channel views, quarter net change"
Q4_2025,ycee,Ycee,domestic,377935,3194480,13736,15873.27,12777.92,329.66,28980.85,4761.98,33742.84,50614252.5,0.536897,18116.41,15626.42,23439632.03,observed: artist's own Nigerian share of listeners this quarter,OBS,"observed channel views, quarter net change"
Q1_2026,ycee,Ycee,domestic,404229,2559460,13830,16977.62,10237.84,331.92,27547.38,5093.29,32640.66,48960995.1,0.585898,19124.11,13516.55,20274832.21,observed: artist's own Nigerian share of listeners this quarter,OBS,"observed channel views, quarter net change"
Q2_2026,ycee,Ycee,domestic,523846,2795634,14003,22001.53,11182.54,336.07,33520.14,6600.46,40120.6,60180899.4,0.588438,23608.49,16512.11,24768158.97,observed: artist's own Nigerian share of listeners this quarter,OBS,"observed channel views, quarter net change"
Q3_2026,ycee,Ycee,domestic,483702,1606787,14085,20315.48,6427.15,338.04,27080.67,6094.65,33175.32,49762975.8,0.548081,18182.77,14992.54,22488816.92,observed: artist's own Nigerian share of listeners this quarter,OBS,"observed channel views, quarter net change"
Q1_2019,yemi-alade,Yemi Alade,domestic,0,0,194400,0.0,0.0,4665.6,4665.6,0.0,4665.6,6998400.0,,,,,not measured: provider published no geography this quarter,UNK,no YouTube presence observed
Q2_2019,yemi-alade,Yemi Alade,domestic,441336,0,208476,18536.11,0.0,5003.42,23539.54,5560.83,29100.37,43650554.4,,,,,not measured: provider published no geography this quarter,UNK,no YouTube presence observed
Q3_2019,yemi-alade,Yemi Alade,domestic,997797,0,228443,41907.47,0.0,5482.63,47390.11,12572.24,59962.35,89943522.3,,,,,not measured: provider published no geography this quarter,UNK,no YouTube presence observed
Q4_2019,yemi-alade,Yemi Alade,domestic,844376,0,245858,35463.79,0.0,5900.59,41364.38,10639.14,52003.52,78005282.4,,,,,not measured: provider published no geography this quarter,UNK,no YouTube presence observed
Q1_2020,yemi-alade,Yemi Alade,domestic,772789,0,258298,32457.14,0.0,6199.15,38656.29,9737.14,48393.43,72590147.1,,,,,not measured: provider published no geography this quarter,UNK,no YouTube presence observed
Q2_2020,yemi-alade,Yemi Alade,domestic,1500511,0,268019,63021.46,0.0,6432.46,69453.92,18906.44,88360.36,132540534.9,,,,,not measured: provider published no geography this quarter,UNK,no YouTube presence observed
Q3_2020,yemi-alade,Yemi Alade,domestic,1356223,0,287635,56961.37,0.0,6903.24,63864.61,17088.41,80953.02,121429523.7,,,,,not measured: provider published no geography this quarter,UNK,no YouTube presence observed
Q4_2020,yemi-alade,Yemi Alade,domestic,1202119,0,307017,50489.0,0.0,7368.41,57857.41,15146.7,73004.11,109506158.1,,,,,not measured: provider published no geography this quarter,UNK,no YouTube presence observed
Q1_2021,yemi-alade,Yemi Alade,domestic,1471669,0,325654,61810.1,0.0,7815.7,69625.79,18543.03,88168.82,132253235.1,0.008359,736.96,87431.86,131147791.52,observed: artist's own Nigerian share of listeners this quarter,OBS,no YouTube presence observed
Q2_2021,yemi-alade,Yemi Alade,domestic,1293862,0,339863,54342.2,0.0,8156.71,62498.92,16302.66,78801.58,118202365.8,0.007517,592.34,78209.24,117313856.22,observed: artist's own Nigerian share of listeners this quarter,OBS,no YouTube presence observed
Q3_2021,yemi-alade,Yemi Alade,domestic,1200346,0,351792,50414.53,0.0,8443.01,58857.54,15124.36,73981.9,110972849.4,0.00964,713.21,73268.68,109903027.3,observed: artist's own Nigerian share of listeners this quarter,OBS,no YouTube presence observed
Q4_2021,yemi-alade,Yemi Alade,domestic,1006626,22906966,359206,42278.29,91627.86,8620.94,142527.1,12683.49,155210.59,232815881.4,0.009181,1424.93,153785.65,230678480.42,observed: artist's own Nigerian share of listeners this quarter,OBS,"observed channel views, quarter net change"
Q1_2022,yemi-alade,Yemi Alade,domestic,1039387,8615605,365091,43654.25,34462.42,8762.18,86878.86,13096.28,99975.13,149962701.3,0.009405,940.27,99034.86,148552289.89,observed: artist's own Nigerian share of listeners this quarter,OBS,"observed channel views, quarter net change"
Q2_2022,yemi-alade,Yemi Alade,domestic,1182646,19126832,368358,49671.13,76507.33,8840.59,135019.05,14901.34,149920.39,224880587.4,0.018564,2783.05,147137.34,220706007.08,observed: artist's own Nigerian share of listeners this quarter,OBS,"observed channel views, quarter net change"
Q3_2022,yemi-alade,Yemi Alade,domestic,1111552,24661219,370690,46685.18,98644.88,8896.56,154226.62,14005.56,168232.18,252348262.8,0.026528,4462.85,163769.33,245653994.18,observed: artist's own Nigerian share of listeners this quarter,OBS,"observed channel views, quarter net change"
Q4_2022,yemi-alade,Yemi Alade,domestic,1186796,23050448,372302,49845.43,92201.79,8935.25,150982.47,14953.63,165936.1,248904152.4,0.04287,7113.69,158822.41,238233621.92,observed: artist's own Nigerian share of listeners this quarter,OBS,"observed channel views, quarter net change"
Q1_2023,yemi-alade,Yemi Alade,domestic,1094820,21378520,373634,45982.44,85514.08,8967.22,140463.74,13794.73,154258.47,231387702.0,0.036181,5581.24,148677.23,223015839.99,observed: artist's own Nigerian share of listeners this quarter,OBS,"observed channel views, quarter net change"
Q2_2023,yemi-alade,Yemi Alade,domestic,1601872,15644542,375292,67278.62,62578.17,9007.01,138863.8,20183.59,159047.39,238571080.8,0.017668,2810.03,156237.36,234356042.96,observed: artist's own Nigerian share of listeners this quarter,OBS,"observed channel views, quarter net change"
Q3_2023,yemi-alade,Yemi Alade,domestic,1694869,7615889,378207,71184.5,30463.56,9076.97,110725.02,21355.35,132080.37,198120557.1,0.035104,4636.49,127443.88,191165821.0,observed: artist's own Nigerian share of listeners this quarter,OBS,"observed channel views, quarter net change"
Q4_2023,yemi-alade,Yemi Alade,domestic,1612598,15528678,379690,67729.12,62114.71,9112.56,138956.39,20318.73,159275.12,238912684.2,0.069748,11109.18,148165.94,222248911.58,observed: artist's own Nigerian share of listeners this quarter,OBS,"observed channel views, quarter net change"
Q1_2024,yemi-alade,Yemi Alade,domestic,1323983,7651272,380839,55607.29,30605.09,9140.14,95352.51,16682.19,112034.7,168052043.7,0.05143,5761.89,106272.8,159409202.15,observed: artist's own Nigerian share of listeners this quarter,OBS,"observed channel views, quarter net change"
Q2_2024,yemi-alade,Yemi Alade,domestic,1157017,15741866,381872,48594.71,62967.46,9164.93,120727.11,14578.41,135305.52,202958280.3,0.060718,8215.55,127089.97,190634958.8,observed: artist's own Nigerian share of listeners this quarter,OBS,"observed channel views, quarter net change"
Q3_2024,yemi-alade,Yemi Alade,domestic,1083110,16125811,382915,45490.62,64503.24,9189.96,119183.82,13647.19,132831.01,199246515.0,0.076433,10152.63,122678.38,184017569.88,observed: artist's own Nigerian share of listeners this quarter,OBS,"observed channel views, quarter net change"
Q4_2024,yemi-alade,Yemi Alade,domestic,1081781,16344928,383814,45434.8,65379.71,9211.54,120026.05,13630.44,133656.49,200484735.9,0.084633,11311.78,122344.71,183517065.61,observed: artist's own Nigerian share of listeners this quarter,OBS,"observed channel views, quarter net change"
Q1_2025,yemi-alade,Yemi Alade,domestic,1067993,17735100,384701,44855.71,70940.4,9232.82,125028.93,13456.71,138485.64,207728462.7,0.085218,11801.44,126684.2,190026302.81,observed: artist's own Nigerian share of listeners this quarter,OBS,"observed channel views, quarter net change"
Q2_2025,yemi-alade,Yemi Alade,domestic,1181961,13112140,385788,49642.36,52448.56,9258.91,111349.83,14892.71,126242.54,189363813.9,0.096316,12159.13,114083.41,171125112.37,observed: artist's own Nigerian share of listeners this quarter,OBS,"observed channel views, quarter net change"
Q3_2025,yemi-alade,Yemi Alade,domestic,1053228,9721370,386881,44235.58,38885.48,9285.14,92406.2,13270.67,105676.87,158515309.2,0.104761,11070.84,94606.03,141909052.19,observed: artist's own Nigerian share of listeners this quarter,OBS,"observed channel views, quarter net change"
Q4_2025,yemi-alade,Yemi Alade,domestic,1247664,17252700,140,52401.89,69010.8,3.36,121416.05,15720.57,137136.61,205704921.6,0.15257,20922.89,116213.72,174320581.6,observed: artist's own Nigerian share of listeners this quarter,OBS,"observed channel views, quarter net change"
Q1_2026,yemi-alade,Yemi Alade,domestic,1054326,11815000,140,44281.69,47260.0,3.36,91545.05,13284.51,104829.56,157244339.4,0.132203,13858.77,90970.79,136456181.96,observed: artist's own Nigerian share of listeners this quarter,OBS,"observed channel views, quarter net change"
Q2_2026,yemi-alade,Yemi Alade,domestic,1067612,15960578,390435,44839.7,63842.31,9370.44,118052.46,13451.91,131504.37,197256550.8,0.152518,20056.78,111447.59,167171384.87,observed: artist's own Nigerian share of listeners this quarter,OBS,"observed channel views, quarter net change"
Q3_2026,yemi-alade,Yemi Alade,domestic,1067288,9220432,391043,44826.1,36881.73,9385.03,91092.86,13447.83,104540.68,156811027.2,0.136711,14291.86,90248.83,135373237.54,observed: artist's own Nigerian share of listeners this quarter,OBS,"observed channel views, quarter net change"
Q2_2019,young-jonn,Young Jonn,domestic,90,0,0,3.78,0.0,0.0,3.78,1.13,4.91,7371.0,,,,,not measured: provider published no geography this quarter,UNK,no YouTube presence observed
Q3_2019,young-jonn,Young Jonn,domestic,99,0,0,4.16,0.0,0.0,4.16,1.25,5.41,8108.1,,,,,not measured: provider published no geography this quarter,UNK,no YouTube presence observed
Q4_2019,young-jonn,Young Jonn,domestic,112542,0,2,4726.76,0.0,0.05,4726.81,1418.03,6144.84,9217261.8,,,,,not measured: provider published no geography this quarter,UNK,no YouTube presence observed
Q1_2020,young-jonn,Young Jonn,domestic,90760,0,1033,3811.92,0.0,24.79,3836.71,1143.58,4980.29,7470432.0,,,,,not measured: provider published no geography this quarter,UNK,no YouTube presence observed
Q2_2020,young-jonn,Young Jonn,domestic,146029,0,3541,6133.22,0.0,84.98,6218.2,1839.97,8058.17,12087251.1,,,,,not measured: provider published no geography this quarter,UNK,no YouTube presence observed
Q3_2020,young-jonn,Young Jonn,domestic,98850,0,6119,4151.7,0.0,146.86,4298.56,1245.51,5544.07,8316099.0,,,,,not measured: provider published no geography this quarter,UNK,no YouTube presence observed
Q4_2020,young-jonn,Young Jonn,domestic,74516,0,8277,3129.67,0.0,198.65,3328.32,938.9,4267.22,6400832.4,,,,,not measured: provider published no geography this quarter,UNK,no YouTube presence observed
Q1_2021,young-jonn,Young Jonn,domestic,80277,0,8832,3371.63,0.0,211.97,3583.6,1011.49,4595.09,6892638.3,0.109757,504.35,4090.75,6136119.79,observed: artist's own Nigerian share of listeners this quarter,OBS,no YouTube presence observed
Q2_2021,young-jonn,Young Jonn,domestic,82247,0,8889,3454.37,0.0,213.34,3667.71,1036.31,4704.02,7056033.3,0.081354,382.69,4321.33,6481997.64,observed: artist's own Nigerian share of listeners this quarter,OBS,no YouTube presence observed
Q3_2021,young-jonn,Young Jonn,domestic,81389,0,8939,3418.34,0.0,214.54,3632.87,1025.5,4658.38,6987563.1,0.086449,402.71,4255.66,6383494.87,observed: artist's own Nigerian share of listeners this quarter,OBS,no YouTube presence observed
Q4_2021,young-jonn,Young Jonn,domestic,73936,0,8959,3105.31,0.0,215.02,3320.33,931.59,4251.92,6377882.4,0.09954,423.24,3828.69,5743029.84,observed: artist's own Nigerian share of listeners this quarter,OBS,no YouTube presence observed
Q1_2022,young-jonn,Young Jonn,domestic,75431,0,8981,3168.1,0.0,215.54,3383.65,950.43,4334.08,6501114.9,0.176927,766.82,3567.26,5350891.69,observed: artist's own Nigerian share of listeners this quarter,OBS,no YouTube presence observed
Q2_2022,young-jonn,Young Jonn,domestic,592860,0,9169,24900.12,0.0,220.06,25120.18,7470.04,32590.21,48885318.0,0.211749,6900.96,25689.25,38533879.65,observed: artist's own Nigerian share of listeners this quarter,OBS,no YouTube presence observed
Q3_2022,young-jonn,Young Jonn,domestic,561554,0,9474,23585.27,0.0,227.38,23812.64,7075.58,30888.22,46332336.6,0.236118,7293.26,23594.96,35392442.89,observed: artist's own Nigerian share of listeners this quarter,OBS,no YouTube presence observed
Q4_2022,young-jonn,Young Jonn,domestic,1188932,0,10282,49935.14,0.0,246.77,50181.91,14980.54,65162.46,97743682.8,0.288724,18813.94,46348.51,69522766.53,observed: artist's own Nigerian share of listeners this quarter,OBS,no YouTube presence observed
Q1_2023,young-jonn,Young Jonn,domestic,1886170,0,11260,79219.14,0.0,270.24,79489.38,23765.74,103255.12,154882683.0,0.256913,26527.56,76727.57,115091349.03,observed: artist's own Nigerian share of listeners this quarter,OBS,no YouTube presence observed
Q2_2023,young-jonn,Young Jonn,domestic,1930704,0,12760,81089.57,0.0,306.24,81395.81,24326.87,105722.68,158584017.6,0.314687,33269.53,72453.15,108679725.65,observed: artist's own Nigerian share of listeners this quarter,OBS,no YouTube presence observed
Q3_2023,young-jonn,Young Jonn,domestic,2116891,0,14226,88909.42,0.0,341.42,89250.85,26672.83,115923.67,173885508.9,0.402538,46663.66,69260.02,103890023.03,observed: artist's own Nigerian share of listeners this quarter,OBS,no YouTube presence observed
Q4_2023,young-jonn,Young Jonn,domestic,3668965,0,16209,154096.53,0.0,389.02,154485.55,46228.96,200714.51,301071757.5,0.305781,61374.72,139339.78,209009674.32,observed: artist's own Nigerian share of listeners this quarter,OBS,no YouTube presence observed
Q1_2024,young-jonn,Young Jonn,domestic,2969259,0,17833,124708.88,0.0,427.99,125136.87,37412.66,162549.53,243824300.1,0.365527,59416.29,103133.24,154699865.96,observed: artist's own Nigerian share of listeners this quarter,OBS,no YouTube presence observed
Q2_2024,young-jonn,Young Jonn,domestic,2822266,2576260,20227,118535.17,10305.04,485.45,129325.66,35560.55,164886.21,247329317.4,0.492771,81251.17,83635.04,125452556.05,observed: artist's own Nigerian share of listeners this quarter,OBS,"observed channel views, quarter net change"
Q3_2024,young-jonn,Young Jonn,domestic,2955080,18491751,21972,124113.36,73967.0,527.33,198607.69,37234.01,235841.7,353762550.0,0.587999,138674.6,97167.1,145750654.24,observed: artist's own Nigerian share of listeners this quarter,OBS,"observed channel views, quarter net change"
Q4_2024,young-jonn,Young Jonn,domestic,3062039,17284951,23551,128605.64,69139.8,565.22,198310.67,38581.69,236892.36,355338536.1,0.63009,149263.42,87628.94,131443411.75,observed: artist's own Nigerian share of listeners this quarter,OBS,"observed channel views, quarter net change"
Q1_2025,young-jonn,Young Jonn,domestic,2730521,14727330,24712,114681.88,58909.32,593.09,174184.29,34404.56,208588.85,312883281.9,0.732431,152776.85,55812.0,83718007.4,observed: artist's own Nigerian share of listeners this quarter,OBS,"observed channel views, quarter net change"
Q2_2025,young-jonn,Young Jonn,domestic,3634029,15448280,25809,152629.22,61793.12,619.42,215041.75,45788.77,260830.52,391245779.1,0.652048,170073.93,90756.59,136134884.34,observed: artist's own Nigerian share of listeners this quarter,OBS,"observed channel views, quarter net change"
Q3_2025,young-jonn,Young Jonn,domestic,3798819,19314270,27181,159550.4,77257.08,652.34,237459.82,47865.12,285324.94,427987412.1,0.758484,216414.52,68910.42,103365630.98,observed: artist's own Nigerian share of listeners this quarter,OBS,"observed channel views, quarter net change"
Q4_2025,young-jonn,Young Jonn,domestic,4182129,24096050,28273,175649.42,96384.2,678.55,272712.17,52694.83,325407.0,488110493.1,0.781838,254415.54,70991.46,106487184.12,observed: artist's own Nigerian share of listeners this quarter,OBS,"observed channel views, quarter net change"
Q1_2026,young-jonn,Young Jonn,domestic,3514989,20888840,29252,147629.54,83555.36,702.05,231886.95,44288.86,276175.81,414263711.1,0.89744,247851.14,28324.67,42486999.83,observed: artist's own Nigerian share of listeners this quarter,OBS,"observed channel views, quarter net change"
Q2_2026,young-jonn,Young Jonn,domestic,4278113,23704335,30319,179680.75,94817.34,727.66,275225.74,53904.22,329129.97,493694948.7,0.934374,307530.36,21599.6,32399404.3,observed: artist's own Nigerian share of listeners this quarter,OBS,"observed channel views, quarter net change"
Q3_2026,young-jonn,Young Jonn,domestic,4466030,11438676,30813,187573.26,45754.7,739.51,234067.48,56271.98,290339.45,435509181.0,0.906061,263065.24,27274.21,40911320.84,observed: artist's own Nigerian share of listeners this quarter,OBS,"observed channel views, quarter net change"
Q1_2019,yung6ix,Yung6ix,domestic,0,0,421,0.0,0.0,10.1,10.1,0.0,10.1,15156.0,,,,,not measured: provider published no geography this quarter,UNK,no YouTube presence observed
Q2_2019,yung6ix,Yung6ix,domestic,19366,0,430,813.37,0.0,10.32,823.69,244.01,1067.7,1601555.4,,,,,not measured: provider published no geography this quarter,UNK,no YouTube presence observed
Q3_2019,yung6ix,Yung6ix,domestic,17667,0,441,742.01,0.0,10.58,752.6,222.6,975.2,1462803.3,,,,,not measured: provider published no geography this quarter,UNK,no YouTube presence observed
Q4_2019,yung6ix,Yung6ix,domestic,12562,0,449,527.6,0.0,10.78,538.38,158.28,696.66,1044991.8,,,,,not measured: provider published no geography this quarter,UNK,no YouTube presence observed
Q1_2020,yung6ix,Yung6ix,domestic,13414,0,461,563.39,0.0,11.06,574.45,169.02,743.47,1115202.6,,,,,not measured: provider published no geography this quarter,UNK,no YouTube presence observed
Q2_2020,yung6ix,Yung6ix,domestic,13398,0,510,562.72,0.0,12.24,574.96,168.81,743.77,1115656.2,,,,,not measured: provider published no geography this quarter,UNK,no YouTube presence observed
Q3_2020,yung6ix,Yung6ix,domestic,10780,0,546,452.76,0.0,13.1,465.86,135.83,601.69,902538.0,,,,,not measured: provider published no geography this quarter,UNK,no YouTube presence observed
Q4_2020,yung6ix,Yung6ix,domestic,34505,0,559,1449.21,0.0,13.42,1462.63,434.76,1897.39,2846083.5,,,,,not measured: provider published no geography this quarter,UNK,no YouTube presence observed
Q1_2021,yung6ix,Yung6ix,domestic,13288,0,569,558.1,0.0,13.66,571.75,167.43,739.18,1108771.2,0.121839,90.06,649.12,973679.34,observed: artist's own Nigerian share of listeners this quarter,OBS,no YouTube presence observed
Q2_2021,yung6ix,Yung6ix,domestic,10051,0,585,422.14,0.0,14.04,436.18,126.64,562.82,844236.9,0.140448,79.05,483.78,725665.71,observed: artist's own Nigerian share of listeners this quarter,OBS,no YouTube presence observed
Q3_2021,yung6ix,Yung6ix,domestic,9496,0,618,398.83,0.0,14.83,413.66,119.65,533.31,799970.4,0.178439,95.16,438.15,657224.75,observed: artist's own Nigerian share of listeners this quarter,OBS,no YouTube presence observed
Q4_2021,yung6ix,Yung6ix,domestic,10241,0,638,430.12,0.0,15.31,445.43,129.04,574.47,861705.9,0.228543,131.29,443.18,664768.78,observed: artist's own Nigerian share of listeners this quarter,OBS,no YouTube presence observed
Q1_2022,yung6ix,Yung6ix,domestic,15531,0,661,652.3,0.0,15.86,668.17,195.69,863.86,1295784.9,0.262154,226.46,637.39,956089.06,observed: artist's own Nigerian share of listeners this quarter,OBS,no YouTube presence observed
Q2_2022,yung6ix,Yung6ix,domestic,21011,0,677,882.46,0.0,16.25,898.71,264.74,1163.45,1745172.9,0.262848,305.81,857.64,1286457.62,observed: artist's own Nigerian share of listeners this quarter,OBS,no YouTube presence observed
Q3_2022,yung6ix,Yung6ix,domestic,19910,0,684,836.22,0.0,16.42,852.64,250.87,1103.5,1655253.0,0.253753,280.02,823.48,1235227.31,observed: artist's own Nigerian share of listeners this quarter,OBS,no YouTube presence observed
Q4_2022,yung6ix,Yung6ix,domestic,19474,0,689,817.91,0.0,16.54,834.44,245.37,1079.82,1619724.6,0.367613,396.95,682.86,1024293.32,observed: artist's own Nigerian share of listeners this quarter,OBS,no YouTube presence observed
Q1_2023,yung6ix,Yung6ix,domestic,19434,0,697,816.23,0.0,16.73,832.96,244.87,1077.82,1616736.6,0.550643,593.5,484.33,726491.91,observed: artist's own Nigerian share of listeners this quarter,OBS,no YouTube presence observed
Q2_2023,yung6ix,Yung6ix,domestic,24634,0,702,1034.63,0.0,16.85,1051.48,310.39,1361.86,2042796.6,0.590251,803.84,558.02,837034.8,observed: artist's own Nigerian share of listeners this quarter,OBS,no YouTube presence observed
Q3_2023,yung6ix,Yung6ix,domestic,23521,0,707,987.88,0.0,16.97,1004.85,296.36,1301.21,1951821.9,0.711298,925.55,375.66,563494.97,observed: artist's own Nigerian share of listeners this quarter,OBS,no YouTube presence observed
Q4_2023,yung6ix,Yung6ix,domestic,64973,0,717,2728.87,0.0,17.21,2746.07,818.66,3564.73,5347100.7,0.969243,3455.09,109.64,164459.98,observed: artist's own Nigerian share of listeners this quarter,OBS,no YouTube presence observed
Q1_2024,yung6ix,Yung6ix,domestic,74860,13140,725,3144.12,52.56,17.4,3214.08,943.24,4157.32,6235974.0,0.897491,3731.15,426.16,639242.91,observed: artist's own Nigerian share of listeners this quarter,OBS,"estimated: subscribers x 15 views/month (EST, first-submission methodology)"
Q2_2024,yung6ix,Yung6ix,domestic,81186,129,731,3409.81,0.52,17.54,3427.87,1022.94,4450.82,6676223.4,0.965687,4298.1,152.72,229078.2,observed: artist's own Nigerian share of listeners this quarter,OBS,"observed channel views, quarter net change"
Q3_2024,yung6ix,Yung6ix,domestic,82969,324,736,3484.7,1.3,17.66,3503.66,1045.41,4549.07,6823601.1,0.913341,4154.85,394.22,591325.58,observed: artist's own Nigerian share of listeners this quarter,OBS,"observed channel views, quarter net change"
Q4_2024,yung6ix,Yung6ix,domestic,96565,364,741,4055.73,1.46,17.78,4074.97,1216.72,5291.69,7937533.5,0.895917,4740.92,550.77,826160.67,observed: artist's own Nigerian share of listeners this quarter,OBS,"observed channel views, quarter net change"
Q1_2025,yung6ix,Yung6ix,domestic,112260,290,747,4714.92,1.16,17.93,4734.01,1414.48,6148.48,9222726.0,0.321529,1976.92,4171.57,6257349.74,assumed: portfolio-wide ratio applied to an artist without own geography,ASM,"observed channel views, quarter net change"
Q2_2025,yung6ix,Yung6ix,domestic,121951,390,751,5121.94,1.56,18.02,5141.53,1536.58,6678.11,10017162.9,0.940462,6280.5,397.6,596406.68,observed: artist's own Nigerian share of listeners this quarter,OBS,"observed channel views, quarter net change"
Q3_2025,yung6ix,Yung6ix,domestic,136985,428,760,5753.37,1.71,18.24,5773.32,1726.01,7499.33,11248999.5,0.892847,6695.76,803.57,1205360.5,observed: artist's own Nigerian share of listeners this quarter,OBS,"observed channel views, quarter net change"
Q4_2025,yung6ix,Yung6ix,domestic,148431,372,769,6234.1,1.49,18.46,6254.05,1870.23,8124.28,12186414.9,0.94992,7717.41,406.86,610293.96,observed: artist's own Nigerian share of listeners this quarter,OBS,"observed channel views, quarter net change"
Q1_2026,yung6ix,Yung6ix,domestic,183359,481,775,7701.08,1.92,18.6,7721.6,2310.32,10031.93,15047888.1,0.405047,4063.4,5968.52,8952782.65,assumed: portfolio-wide ratio applied to an artist without own geography,ASM,"observed channel views, quarter net change"
Q2_2026,yung6ix,Yung6ix,domestic,147793,440,784,6207.31,1.76,18.82,6227.88,1862.19,8090.07,12135110.7,0.987164,7986.23,103.84,155760.46,observed: artist's own Nigerian share of listeners this quarter,OBS,"observed channel views, quarter net change"
Q3_2026,yung6ix,Yung6ix,domestic,149138,124,791,6263.8,0.5,18.98,6283.28,1879.14,8162.41,12243622.2,0.991974,8096.9,65.51,98267.08,observed: artist's own Nigerian share of listeners this quarter,OBS,"observed channel views, quarter net change"
Q3_2019,zinoleesky,Zinoleesky,domestic,3596,0,19,151.03,0.0,0.46,151.49,45.31,196.8,295196.4,,,,,not measured: provider published no geography this quarter,UNK,no YouTube presence observed
Q4_2019,zinoleesky,Zinoleesky,domestic,9109,0,59,382.58,0.0,1.42,383.99,114.77,498.77,748151.1,,,,,not measured: provider published no geography this quarter,UNK,no YouTube presence observed
Q1_2020,zinoleesky,Zinoleesky,domestic,8424,0,138,353.81,0.0,3.31,357.12,106.14,463.26,694893.6,,,,,not measured: provider published no geography this quarter,UNK,no YouTube presence observed
Q2_2020,zinoleesky,Zinoleesky,domestic,6514,0,466,273.59,0.0,11.18,284.77,82.08,366.85,550272.6,,,,,not measured: provider published no geography this quarter,UNK,no YouTube presence observed
Q3_2020,zinoleesky,Zinoleesky,domestic,16945,0,1769,711.69,0.0,42.46,754.15,213.51,967.65,1451479.5,,,,,not measured: provider published no geography this quarter,UNK,no YouTube presence observed
Q4_2020,zinoleesky,Zinoleesky,domestic,26745,0,4986,1123.29,0.0,119.66,1242.95,336.99,1579.94,2369911.5,,,,,not measured: provider published no geography this quarter,UNK,no YouTube presence observed
Q1_2021,zinoleesky,Zinoleesky,domestic,196724,0,10146,8262.41,0.0,243.5,8505.91,2478.72,10984.63,16476951.6,0.2225,2444.08,8540.56,12810837.41,observed: artist's own Nigerian share of listeners this quarter,OBS,no YouTube presence observed
Q2_2021,zinoleesky,Zinoleesky,domestic,192353,0,16081,8078.83,0.0,385.94,8464.77,2423.65,10888.42,16332626.7,0.180184,1961.92,8926.5,13389751.81,observed: artist's own Nigerian share of listeners this quarter,OBS,no YouTube presence observed
Q3_2021,zinoleesky,Zinoleesky,domestic,201821,0,23336,8476.48,0.0,560.06,9036.55,2542.94,11579.49,17369235.9,0.226151,2618.71,8960.78,13441171.14,observed: artist's own Nigerian share of listeners this quarter,OBS,no YouTube presence observed
Q4_2021,zinoleesky,Zinoleesky,domestic,260618,0,31959,10945.96,0.0,767.02,11712.97,3283.79,14996.76,22495138.2,0.393228,5897.15,9099.61,13649409.72,observed: artist's own Nigerian share of listeners this quarter,OBS,no YouTube presence observed
Q1_2022,zinoleesky,Zinoleesky,domestic,483589,0,41552,20310.74,0.0,997.25,21307.99,6093.22,27401.21,41101811.1,0.322132,8826.8,18574.41,27861611.37,observed: artist's own Nigerian share of listeners this quarter,OBS,no YouTube presence observed
Q2_2022,zinoleesky,Zinoleesky,domestic,578346,0,45854,24290.53,0.0,1100.5,25391.03,7287.16,32678.19,49017281.4,0.316912,10356.12,22322.07,33483097.81,observed: artist's own Nigerian share of listeners this quarter,OBS,no YouTube presence observed
Q3_2022,zinoleesky,Zinoleesky,domestic,649423,0,47421,27275.77,0.0,1138.1,28413.87,8182.73,36596.6,54894899.7,0.279236,10219.09,26377.51,39566265.25,observed: artist's own Nigerian share of listeners this quarter,OBS,no YouTube presence observed
Q4_2022,zinoleesky,Zinoleesky,domestic,703794,0,48233,29559.35,0.0,1157.59,30716.94,8867.8,39584.74,59377116.6,0.378498,14982.75,24601.99,36902984.76,observed: artist's own Nigerian share of listeners this quarter,OBS,no YouTube presence observed
Q1_2023,zinoleesky,Zinoleesky,domestic,1311841,0,49334,55097.32,0.0,1184.02,56281.34,16529.2,72810.53,109215801.9,0.419242,30525.21,42285.33,63427990.2,observed: artist's own Nigerian share of listeners this quarter,OBS,no YouTube presence observed
Q2_2023,zinoleesky,Zinoleesky,domestic,1930395,0,51024,81076.59,0.0,1224.58,82301.17,24322.98,106624.14,159936214.5,0.351281,37455.04,69169.1,103753649.01,observed: artist's own Nigerian share of listeners this quarter,OBS,no YouTube presence observed
Q3_2023,zinoleesky,Zinoleesky,domestic,1697758,0,52453,71305.84,0.0,1258.87,72564.71,21391.75,93956.46,140934688.2,0.391988,36829.78,57126.68,85690021.3,observed: artist's own Nigerian share of listeners this quarter,OBS,no YouTube presence observed
Q4_2023,zinoleesky,Zinoleesky,domestic,1826218,0,53681,76701.16,0.0,1288.34,77989.5,23010.35,100999.85,151499770.2,0.425732,42998.87,58000.97,87001458.71,observed: artist's own Nigerian share of listeners this quarter,OBS,no YouTube presence observed
Q1_2024,zinoleesky,Zinoleesky,domestic,1713029,0,54730,71947.22,0.0,1313.52,73260.74,21584.17,94844.9,142267355.1,0.402018,38129.38,56715.52,85073285.23,observed: artist's own Nigerian share of listeners this quarter,OBS,no YouTube presence observed
Q2_2024,zinoleesky,Zinoleesky,domestic,1733477,2138440,56094,72806.03,8553.76,1346.26,82706.05,21841.81,104547.86,156821790.3,0.440547,46058.24,58489.62,87734432.44,observed: artist's own Nigerian share of listeners this quarter,OBS,"observed channel views, quarter net change"
Q3_2024,zinoleesky,Zinoleesky,domestic,1883135,4913045,56882,79091.67,19652.18,1365.17,100109.02,23727.5,123836.52,185754778.5,0.56637,70137.28,53699.24,80548861.37,observed: artist's own Nigerian share of listeners this quarter,OBS,"observed channel views, quarter net change"
Q4_2024,zinoleesky,Zinoleesky,domestic,1908020,5096906,57770,80136.84,20387.62,1386.48,101910.94,24041.05,125952.0,188927994.0,0.632188,79625.4,46326.6,69489899.62,observed: artist's own Nigerian share of listeners this quarter,OBS,"observed channel views, quarter net change"
Q1_2025,zinoleesky,Zinoleesky,domestic,1758120,6754596,58474,73841.04,27018.38,1403.38,102262.8,22152.31,124415.11,186622668.0,0.741772,92287.7,32127.41,48191112.19,observed: artist's own Nigerian share of listeners this quarter,OBS,"observed channel views, quarter net change"
Q2_2025,zinoleesky,Zinoleesky,domestic,2048203,11702530,59388,86024.53,46810.12,1425.31,134259.96,25807.36,160067.32,240100973.7,0.718353,114984.77,45082.55,67623818.15,observed: artist's own Nigerian share of listeners this quarter,OBS,"observed channel views, quarter net change"
Q3_2025,zinoleesky,Zinoleesky,domestic,2066215,8173164,60296,86781.03,32692.66,1447.1,120920.79,26034.31,146955.1,220432648.5,0.711288,104527.33,42427.77,63641654.25,observed: artist's own Nigerian share of listeners this quarter,OBS,"observed channel views, quarter net change"
Q4_2025,zinoleesky,Zinoleesky,domestic,2345192,6941440,61022,98498.06,27765.76,1464.53,127728.35,29549.42,157277.77,235916656.8,0.771989,121416.73,35861.04,53791560.01,observed: artist's own Nigerian share of listeners this quarter,OBS,"observed channel views, quarter net change"
Q1_2026,zinoleesky,Zinoleesky,domestic,2204424,5730320,61707,92585.81,22921.28,1480.97,116988.06,27775.74,144763.8,217145697.6,0.836164,121046.33,23717.46,35576195.65,observed: artist's own Nigerian share of listeners this quarter,OBS,"observed channel views, quarter net change"
Q2_2026,zinoleesky,Zinoleesky,domestic,2468874,8822927,62380,103692.71,35291.71,1497.12,140481.54,31107.81,171589.35,257384022.6,0.861865,147886.92,23702.43,35553647.09,observed: artist's own Nigerian share of listeners this quarter,OBS,"observed channel views, quarter net change"
Q3_2026,zinoleesky,Zinoleesky,domestic,2629548,2276373,62605,110441.02,9105.49,1502.52,121049.03,33132.3,154181.33,231271999.2,0.855748,131940.43,22240.9,33361350.61,observed: artist's own Nigerian share of listeners this quarter,OBS,"observed channel views, quarter net change"
Q1_2019,zlatan,Zlatan,domestic,0,0,286,0.0,0.0,6.86,6.86,0.0,6.86,10296.0,,,,,not measured: provider published no geography this quarter,UNK,no YouTube presence observed
Q2_2019,zlatan,Zlatan,domestic,266928,0,1819,11210.98,0.0,43.66,11254.63,3363.29,14617.92,21926887.2,,,,,not measured: provider published no geography this quarter,UNK,no YouTube presence observed
Q3_2019,zlatan,Zlatan,domestic,350957,0,6736,14740.19,0.0,161.66,14901.86,4422.06,19323.92,28985874.3,,,,,not measured: provider published no geography this quarter,UNK,no YouTube presence observed
Q4_2019,zlatan,Zlatan,domestic,454516,0,17025,19089.67,0.0,408.6,19498.27,5726.9,25225.17,37837760.4,,,,,not measured: provider published no geography this quarter,UNK,no YouTube presence observed
Q1_2020,zlatan,Zlatan,domestic,412780,0,26185,17336.76,0.0,628.44,17965.2,5201.03,23166.23,34749342.0,,,,,not measured: provider published no geography this quarter,UNK,no YouTube presence observed
Q2_2020,zlatan,Zlatan,domestic,402900,0,35484,16921.8,0.0,851.62,17773.42,5076.54,22849.96,34274934.0,,,,,not measured: provider published no geography this quarter,UNK,no YouTube presence observed
Q3_2020,zlatan,Zlatan,domestic,292880,0,46460,12300.96,0.0,1115.04,13416.0,3690.29,17106.29,25659432.0,,,,,not measured: provider published no geography this quarter,UNK,no YouTube presence observed
Q4_2020,zlatan,Zlatan,domestic,278344,0,58061,11690.45,0.0,1393.46,13083.91,3507.13,16591.05,24886569.6,,,,,not measured: provider published no geography this quarter,UNK,no YouTube presence observed
Q1_2021,zlatan,Zlatan,domestic,403939,0,70795,16965.44,0.0,1699.08,18664.52,5089.63,23754.15,35631224.1,0.098267,2334.26,21419.89,32129839.46,observed: artist's own Nigerian share of listeners this quarter,OBS,no YouTube presence observed
Q2_2021,zlatan,Zlatan,domestic,356046,0,81078,14953.93,0.0,1945.87,16899.8,4486.18,21385.98,32078975.4,0.097464,2084.37,19301.61,28952420.59,observed: artist's own Nigerian share of listeners this quarter,OBS,no YouTube presence observed
Q3_2021,zlatan,Zlatan,domestic,335662,0,88528,14097.8,0.0,2124.67,16222.48,4229.34,20451.82,30677725.8,0.121604,2487.02,17964.8,26947194.44,observed: artist's own Nigerian share of listeners this quarter,OBS,no YouTube presence observed
Q4_2021,zlatan,Zlatan,domestic,398728,0,98382,16746.58,0.0,2361.17,19107.74,5023.97,24131.72,36197575.2,0.196194,4734.5,19397.22,29095825.72,observed: artist's own Nigerian share of listeners this quarter,OBS,no YouTube presence observed
Q1_2022,zlatan,Zlatan,domestic,365634,0,106521,15356.63,0.0,2556.5,17913.13,4606.99,22520.12,33780180.6,0.204411,4603.35,17916.77,26875154.69,observed: artist's own Nigerian share of listeners this quarter,OBS,no YouTube presence observed
Q2_2022,zlatan,Zlatan,domestic,370549,0,109839,15563.06,0.0,2636.14,18199.19,4668.92,22868.11,34302167.1,0.190578,4358.17,18509.95,27764918.93,observed: artist's own Nigerian share of listeners this quarter,OBS,no YouTube presence observed
Q3_2022,zlatan,Zlatan,domestic,269130,0,111010,11303.46,0.0,2664.24,13967.7,3391.04,17358.74,26038107.0,0.232466,4035.32,13323.42,19985125.37,observed: artist's own Nigerian share of listeners this quarter,OBS,no YouTube presence observed
Q4_2022,zlatan,Zlatan,domestic,354790,0,111614,14901.18,0.0,2678.74,17579.92,4470.35,22050.27,33075405.0,0.417048,9196.02,12854.25,19281378.91,observed: artist's own Nigerian share of listeners this quarter,OBS,no YouTube presence observed
Q1_2023,zlatan,Zlatan,domestic,484133,0,112201,20333.59,0.0,2692.82,23026.41,6100.08,29126.49,43689728.7,0.598304,17426.5,11699.98,17549977.39,observed: artist's own Nigerian share of listeners this quarter,OBS,no YouTube presence observed
Q2_2023,zlatan,Zlatan,domestic,627472,0,112945,26353.82,0.0,2710.68,29064.5,7906.15,36970.65,55455976.8,0.706343,26113.96,10856.69,16285037.9,observed: artist's own Nigerian share of listeners this quarter,OBS,no YouTube presence observed
Q3_2023,zlatan,Zlatan,domestic,786704,0,113661,33041.57,0.0,2727.86,35769.43,9912.47,45681.9,68522853.6,0.845252,38612.72,7069.18,10603769.28,observed: artist's own Nigerian share of listeners this quarter,OBS,no YouTube presence observed
Q4_2023,zlatan,Zlatan,domestic,1008100,0,114475,42340.2,0.0,2747.4,45087.6,12702.06,57789.66,86684490.0,0.750898,43394.13,14395.53,21593288.7,observed: artist's own Nigerian share of listeners this quarter,OBS,no YouTube presence observed
Q1_2024,zlatan,Zlatan,domestic,1059222,0,117625,44487.32,0.0,2823.0,47310.32,13346.2,60656.52,90984781.8,0.710588,43101.8,17554.73,26332088.82,observed: artist's own Nigerian share of listeners this quarter,OBS,no YouTube presence observed
Q2_2024,zlatan,Zlatan,domestic,987329,932193,118339,41467.82,3728.77,2840.14,48036.73,12440.35,60477.07,90715607.1,0.794075,48023.31,12453.76,18680646.13,observed: artist's own Nigerian share of listeners this quarter,OBS,"observed channel views, quarter net change"
Q3_2024,zlatan,Zlatan,domestic,1019301,9023151,118670,42810.64,36092.6,2848.08,81751.33,12843.19,94594.52,141891777.9,0.797604,75449.01,19145.51,28718266.31,observed: artist's own Nigerian share of listeners this quarter,OBS,"observed channel views, quarter net change"
Q4_2024,zlatan,Zlatan,domestic,1172092,8556976,118887,49227.86,34227.9,2853.29,86309.06,14768.36,101077.42,151616122.8,0.854969,86418.03,14659.38,21989072.14,observed: artist's own Nigerian share of listeners this quarter,OBS,"observed channel views, quarter net change"
Q1_2025,zlatan,Zlatan,domestic,1213491,7089226,119111,50966.62,28356.9,2858.66,82182.19,15289.99,97472.18,146208264.9,0.963404,93905.08,3567.1,5350647.71,observed: artist's own Nigerian share of listeners this quarter,OBS,"observed channel views, quarter net change"
Q2_2025,zlatan,Zlatan,domestic,1858397,12249414,119360,78052.67,48997.66,2864.64,129914.97,23415.8,153330.77,229996158.3,0.335716,51475.65,101855.12,152782686.49,assumed: portfolio-wide ratio applied to an artist without own geography,ASM,"observed channel views, quarter net change"
Q3_2025,zlatan,Zlatan,domestic,2166756,9166300,119647,91003.75,36665.2,2871.53,130540.48,27301.13,157841.61,236762408.4,0.884734,139647.86,18193.75,27290623.3,observed: artist's own Nigerian share of listeners this quarter,OBS,"observed channel views, quarter net change"
Q4_2025,zlatan,Zlatan,domestic,2057149,17393120,119962,86400.26,69572.48,2879.09,158851.83,25920.08,184771.9,277157855.1,0.976617,180451.46,4320.44,6480659.61,observed: artist's own Nigerian share of listeners this quarter,OBS,"observed channel views, quarter net change"
Q1_2026,zlatan,Zlatan,domestic,1973321,6053670,120242,82879.48,24214.68,2885.81,109979.97,24863.84,134843.81,202265721.9,0.405047,54618.11,80225.7,120338550.7,assumed: portfolio-wide ratio applied to an artist without own geography,ASM,"observed channel views, quarter net change"
Q2_2026,zlatan,Zlatan,domestic,2428677,8622841,120719,102004.43,34491.36,2897.26,139393.05,30601.33,169994.38,254991576.3,0.919618,156329.89,13664.49,20496741.85,observed: artist's own Nigerian share of listeners this quarter,OBS,"observed channel views, quarter net change"
Q3_2026,zlatan,Zlatan,domestic,2439003,4490526,120939,102438.13,17962.1,2902.54,123302.77,30731.44,154034.2,231051305.7,0.955102,147118.33,6915.88,10373817.31,observed: artist's own Nigerian share of listeners this quarter,OBS,"observed channel views, quarter net change"
