entity_name,variable_name,period_label,aggregation_rule,aggregated_value,first_value,last_value,obs_count
2Baba,Bandsintown_followers_daily,Q1_2025,net_change,491.0,5133.0,5624.0,90
2Baba,Bandsintown_followers_daily,Q2_2025,net_change,257.0,5625.0,5882.0,31
2Baba,Bandsintown_followers_daily,Q3_2025,net_change,245.0,5903.0,6148.0,30
2Baba,Bandsintown_followers_daily,Q4_2025,net_change,133.0,6152.0,6285.0,15
2Baba,Deezer_fans_daily,Q1_2025,net_change,73.0,10419.0,10492.0,16
2Baba,Deezer_fans_daily,Q1_2026,net_change,56.0,10712.0,10768.0,7
2Baba,Deezer_fans_daily,Q2_2025,net_change,35.0,10505.0,10540.0,8
2Baba,Deezer_fans_daily,Q3_2025,net_change,69.0,10547.0,10616.0,11
2Baba,Deezer_fans_daily,Q4_2025,net_change,73.0,10630.0,10703.0,9
2Baba,Facebook_followers_daily,Q1_2025,net_change,-8648.0,2609651.0,2601003.0,56
2Baba,Facebook_followers_daily,Q1_2026,net_change,0.0,2400000.0,2400000.0,10
2Baba,Facebook_followers_daily,Q2_2025,net_change,-7725.0,2600500.0,2592775.0,14
2Baba,Facebook_followers_daily,Q4_2025,net_change,0.0,2400000.0,2400000.0,14
2Baba,Facebook_likes_daily,Q1_2025,net_change,-8648.0,2609651.0,2601003.0,56
2Baba,Facebook_likes_daily,Q1_2026,net_change,2447121.0,0.0,2447121.0,10
2Baba,Facebook_likes_daily,Q2_2025,net_change,-7725.0,2600500.0,2592775.0,14
2Baba,Facebook_likes_daily,Q4_2025,net_change,0.0,0.0,0.0,14
2Baba,Facebook_talks_daily,Q1_2025,sum,197493.0,1480.0,1650.0,56
2Baba,Facebook_talks_daily,Q1_2026,sum,15845.0,1323.0,3477.0,10
2Baba,Facebook_talks_daily,Q2_2025,sum,119812.0,1271.0,5236.0,14
2Baba,Facebook_talks_daily,Q4_2025,sum,47946.0,5977.0,1970.0,14
2Baba,Instagram_followers_daily,Q1_2025,net_change,-24905.0,8025178.0,8000273.0,33
2Baba,Instagram_followers_daily,Q1_2026,net_change,-15894.0,7781161.0,7765267.0,11
2Baba,Instagram_followers_daily,Q2_2025,net_change,-87746.0,7986989.0,7899243.0,25
2Baba,Instagram_followers_daily,Q4_2025,net_change,2792.0,7802764.0,7805556.0,4
2Baba,Spotify_followers_daily,Q1_2025,net_change,14314.0,587743.0,602057.0,90
2Baba,Spotify_followers_daily,Q1_2026,net_change,17849.0,659892.0,677741.0,90
2Baba,Spotify_followers_daily,Q2_2025,net_change,9942.0,602243.0,612185.0,91
2Baba,Spotify_followers_daily,Q3_2025,net_change,29971.0,612185.0,642156.0,92
2Baba,Spotify_followers_daily,Q4_2025,net_change,17341.0,642332.0,659673.0,92
2Baba,Spotify_monthly_listeners_daily,Q1_2025,net_change,-16350.0,501114.0,484764.0,90
2Baba,Spotify_monthly_listeners_daily,Q1_2026,net_change,-8824.0,772837.0,764013.0,90
2Baba,Spotify_monthly_listeners_daily,Q2_2025,net_change,-11740.0,484118.0,472378.0,91
2Baba,Spotify_monthly_listeners_daily,Q3_2025,net_change,99852.0,472378.0,572230.0,92
2Baba,Spotify_monthly_listeners_daily,Q4_2025,net_change,196882.0,573506.0,770388.0,92
2Baba,Spotify_popularity_daily,Q1_2025,last_value,53.0,54.0,53.0,84
2Baba,Spotify_popularity_daily,Q1_2026,last_value,55.0,56.0,55.0,73
2Baba,Spotify_popularity_daily,Q2_2025,last_value,53.0,53.0,53.0,47
2Baba,Spotify_popularity_daily,Q3_2025,last_value,56.0,55.0,56.0,13
2Baba,Spotify_popularity_daily,Q4_2025,last_value,56.0,56.0,56.0,61
2Baba,TikTok_followers_daily,Q1_2025,net_change,132.0,3024.0,3156.0,90
2Baba,TikTok_followers_daily,Q1_2026,net_change,28.0,3205.0,3233.0,90
2Baba,TikTok_followers_daily,Q2_2025,net_change,17.0,3158.0,3175.0,91
2Baba,TikTok_followers_daily,Q3_2025,net_change,13.0,3176.0,3189.0,91
2Baba,TikTok_followers_daily,Q4_2025,net_change,16.0,3189.0,3205.0,92
2Baba,TikTok_likes_daily,Q1_2025,net_change,58.0,1813.0,1871.0,90
2Baba,TikTok_likes_daily,Q1_2026,net_change,67.0,1969.0,2036.0,90
2Baba,TikTok_likes_daily,Q2_2025,net_change,47.0,1872.0,1919.0,91
2Baba,TikTok_likes_daily,Q3_2025,net_change,16.0,1920.0,1936.0,92
2Baba,TikTok_likes_daily,Q4_2025,net_change,33.0,1936.0,1969.0,92
2Baba,Twitter_followers_daily,Q1_2026,net_change,-784.0,2925333.0,2924549.0,7
2Baba,Wikipedia_views_daily,Q1_2025,sum,107797.0,370.0,689.0,90
2Baba,Wikipedia_views_daily,Q1_2026,sum,18932.0,179.0,191.0,83
2Baba,Wikipedia_views_daily,Q2_2025,sum,41557.0,756.0,225.0,91
2Baba,Wikipedia_views_daily,Q3_2025,sum,38089.0,344.0,530.0,92
2Baba,Wikipedia_views_daily,Q4_2025,sum,32297.0,369.0,147.0,92
2Baba,YouTube_artist_daily_views,Q1_2025,sum,5152754.0,83619.0,77580.0,54
2Baba,YouTube_artist_daily_views,Q1_2026,sum,6878162.0,84831.0,99168.0,74
2Baba,YouTube_artist_daily_views,Q2_2025,sum,3570743.0,81691.0,73297.0,45
2Baba,YouTube_artist_daily_views,Q3_2025,sum,4043526.0,82538.0,91426.0,44
2Baba,YouTube_artist_daily_views,Q4_2025,sum,4161914.0,100232.0,97701.0,46
2Baba,YouTube_artist_monthly_views,Q1_2025,sum,141882369.0,2292132.0,2271853.0,54
2Baba,YouTube_artist_monthly_views,Q1_2026,sum,101715654.0,2555934.0,2655992.0,40
2Baba,YouTube_artist_monthly_views,Q2_2025,sum,98227975.0,2274947.0,2145397.0,45
2Baba,YouTube_artist_monthly_views,Q3_2025,sum,108831716.0,2155352.0,2794784.0,44
2Baba,YouTube_artist_monthly_views,Q4_2025,sum,116227961.0,2797990.0,2607867.0,46
2Baba,YouTube_channel_views_daily,Q1_2025,sum,15483393550.0,168358820.0,175404100.0,90
2Baba,YouTube_channel_views_daily,Q1_2026,sum,17677136110.0,193673310.0,198919440.0,90
2Baba,YouTube_channel_views_daily,Q2_2025,sum,16237139340.0,175474500.0,181396100.0,91
2Baba,YouTube_channel_views_daily,Q3_2025,sum,16967786360.0,181459600.0,187901520.0,92
2Baba,YouTube_channel_views_daily,Q4_2025,sum,17571220530.0,188072540.0,193626660.0,92
2Baba,YouTube_subscribers_daily,Q1_2025,net_change,13310.0,440833.0,454143.0,90
2Baba,YouTube_subscribers_daily,Q1_2026,net_change,5643.0,487357.0,493000.0,90
2Baba,YouTube_subscribers_daily,Q2_2025,net_change,9714.0,454286.0,464000.0,91
2Baba,YouTube_subscribers_daily,Q3_2025,net_change,12560.0,464167.0,476727.0,92
2Baba,YouTube_subscribers_daily,Q4_2025,net_change,10468.0,476818.0,487286.0,92
9ice,Bandsintown_followers_daily,Q1_2025,net_change,64.0,3084.0,3148.0,180
9ice,Bandsintown_followers_daily,Q2_2025,net_change,92.0,3150.0,3242.0,62
9ice,Bandsintown_followers_daily,Q3_2025,net_change,131.0,3244.0,3375.0,60
9ice,Bandsintown_followers_daily,Q4_2025,net_change,61.0,3378.0,3439.0,28
9ice,Deezer_fans_daily,Q1_2025,net_change,15.0,9950.0,9965.0,90
9ice,Deezer_fans_daily,Q1_2026,net_change,20.0,10039.0,10059.0,89
9ice,Deezer_fans_daily,Q2_2025,net_change,25.0,9965.0,9990.0,90
9ice,Deezer_fans_daily,Q3_2025,net_change,23.0,9990.0,10013.0,92
9ice,Deezer_fans_daily,Q4_2025,net_change,26.0,10013.0,10039.0,91
9ice,Facebook_followers_daily,Q1_2025,net_change,2770.0,191306.0,194076.0,55
9ice,Facebook_followers_daily,Q1_2026,net_change,1000.0,203000.0,204000.0,11
9ice,Facebook_followers_daily,Q2_2025,net_change,2450.0,194550.0,197000.0,15
9ice,Facebook_followers_daily,Q3_2025,net_change,0.0,191000.0,191000.0,1
9ice,Facebook_followers_daily,Q4_2025,net_change,0.0,200000.0,200000.0,6
9ice,Facebook_likes_daily,Q1_2025,net_change,-969.0,192050.0,191081.0,55
9ice,Facebook_likes_daily,Q1_2026,net_change,204422.0,0.0,204422.0,11
9ice,Facebook_likes_daily,Q2_2025,net_change,92.0,191103.0,191195.0,15
9ice,Facebook_likes_daily,Q3_2025,net_change,0.0,188000.0,188000.0,1
9ice,Facebook_likes_daily,Q4_2025,net_change,0.0,0.0,0.0,6
9ice,Facebook_talks_daily,Q1_2025,sum,19095.0,7.0,3355.0,55
9ice,Facebook_talks_daily,Q1_2026,sum,55635.0,11895.0,1776.0,11
9ice,Facebook_talks_daily,Q2_2025,sum,38820.0,3745.0,1756.0,15
9ice,Facebook_talks_daily,Q3_2025,sum,390.0,390.0,390.0,1
9ice,Facebook_talks_daily,Q4_2025,sum,19219.0,4211.0,2176.0,6
9ice,Instagram_followers_daily,Q1_2025,net_change,-1939.0,1305865.0,1303926.0,176
9ice,Instagram_followers_daily,Q1_2026,net_change,-4207.0,1222739.0,1218532.0,88
9ice,Instagram_followers_daily,Q2_2025,net_change,-32593.0,1303823.0,1271230.0,178
9ice,Instagram_followers_daily,Q3_2025,net_change,-40317.0,1271306.0,1230989.0,120
9ice,Instagram_followers_daily,Q4_2025,net_change,-7596.0,1230453.0,1222857.0,164
9ice,Spotify_followers_daily,Q1_2025,net_change,8308.0,230987.0,239295.0,180
9ice,Spotify_followers_daily,Q1_2026,net_change,8980.0,269808.0,278788.0,90
9ice,Spotify_followers_daily,Q2_2025,net_change,9931.0,239351.0,249282.0,182
9ice,Spotify_followers_daily,Q3_2025,net_change,10757.0,249402.0,260159.0,184
9ice,Spotify_followers_daily,Q4_2025,net_change,9431.0,260270.0,269701.0,184
9ice,Spotify_monthly_listeners_daily,Q1_2025,net_change,-38087.0,307332.0,269245.0,180
9ice,Spotify_monthly_listeners_daily,Q1_2026,net_change,-84895.0,375777.0,290882.0,90
9ice,Spotify_monthly_listeners_daily,Q2_2025,net_change,70607.0,269603.0,340210.0,182
9ice,Spotify_monthly_listeners_daily,Q3_2025,net_change,-9822.0,341162.0,331340.0,92
9ice,Spotify_monthly_listeners_daily,Q4_2025,net_change,44336.0,330872.0,375208.0,184
9ice,Spotify_popularity_daily,Q1_2025,last_value,46.0,48.0,46.0,82
9ice,Spotify_popularity_daily,Q1_2026,last_value,47.0,49.0,47.0,76
9ice,Spotify_popularity_daily,Q2_2025,last_value,49.0,46.0,49.0,64
9ice,Spotify_popularity_daily,Q3_2025,last_value,49.0,49.0,49.0,89
9ice,Spotify_popularity_daily,Q4_2025,last_value,48.0,49.0,48.0,77
9ice,Wikipedia_views_daily,Q1_2025,sum,12266.0,67.0,74.0,174
9ice,Wikipedia_views_daily,Q1_2026,sum,5181.0,103.0,55.0,84
9ice,Wikipedia_views_daily,Q2_2025,sum,16474.0,66.0,95.0,182
9ice,Wikipedia_views_daily,Q3_2025,sum,24966.0,102.0,223.0,184
9ice,Wikipedia_views_daily,Q4_2025,sum,11564.0,162.0,71.0,184
9ice,YouTube_channel_views_daily,Q1_2025,sum,644859874.0,6505559.0,7833576.0,90
9ice,YouTube_channel_views_daily,Q1_2026,sum,1196743702.0,12463927.0,14191892.0,90
9ice,YouTube_channel_views_daily,Q2_2025,sum,780820431.0,7848436.0,9327357.0,91
9ice,YouTube_channel_views_daily,Q3_2025,sum,918817324.0,9345316.0,10883403.0,91
9ice,YouTube_channel_views_daily,Q4_2025,sum,1075943842.0,10895573.0,12446350.0,92
9ice,YouTube_subscribers_daily,Q1_2025,net_change,-10.0,2588.0,2578.0,180
9ice,YouTube_subscribers_daily,Q1_2026,net_change,0.0,2570.0,2570.0,90
9ice,YouTube_subscribers_daily,Q2_2025,net_change,-4.0,2578.0,2574.0,182
9ice,YouTube_subscribers_daily,Q3_2025,net_change,-3.0,2574.0,2571.0,184
9ice,YouTube_subscribers_daily,Q4_2025,net_change,-1.0,2571.0,2570.0,178
Adekunle Gold,Bandsintown_followers_daily,Q1_2025,net_change,1847.0,33849.0,35696.0,90
Adekunle Gold,Bandsintown_followers_daily,Q2_2025,net_change,3355.0,35696.0,39051.0,31
Adekunle Gold,Bandsintown_followers_daily,Q3_2025,net_change,3933.0,39232.0,43165.0,31
Adekunle Gold,Bandsintown_followers_daily,Q4_2025,net_change,1717.0,43249.0,44966.0,15
Adekunle Gold,Deezer_fans_daily,Q1_2025,net_change,2012.0,189608.0,191620.0,41
Adekunle Gold,Deezer_fans_daily,Q1_2026,net_change,1707.0,198678.0,200385.0,90
Adekunle Gold,Deezer_fans_daily,Q2_2025,net_change,2393.0,191638.0,194031.0,87
Adekunle Gold,Deezer_fans_daily,Q3_2025,net_change,2511.0,194060.0,196571.0,91
Adekunle Gold,Deezer_fans_daily,Q4_2025,net_change,2044.0,196619.0,198663.0,91
Adekunle Gold,Facebook_followers_daily,Q1_2025,net_change,-53782.0,4153668.0,4099886.0,56
Adekunle Gold,Facebook_followers_daily,Q1_2026,net_change,-99999.0,4099999.0,4000000.0,39
Adekunle Gold,Facebook_followers_daily,Q2_2025,net_change,-23277.0,4099185.0,4075908.0,14
Adekunle Gold,Facebook_followers_daily,Q3_2025,net_change,0.0,4000000.0,4000000.0,19
Adekunle Gold,Facebook_followers_daily,Q4_2025,net_change,99999.0,4000000.0,4099999.0,67
Adekunle Gold,Facebook_likes_daily,Q1_2025,net_change,-53782.0,4153668.0,4099886.0,56
Adekunle Gold,Facebook_likes_daily,Q1_2026,net_change,4099998.0,0.0,4099998.0,39
Adekunle Gold,Facebook_likes_daily,Q2_2025,net_change,-23277.0,4099185.0,4075908.0,14
Adekunle Gold,Facebook_likes_daily,Q3_2025,net_change,0.0,0.0,0.0,19
Adekunle Gold,Facebook_likes_daily,Q4_2025,net_change,0.0,0.0,0.0,67
Adekunle Gold,Facebook_talks_daily,Q1_2025,sum,290395.0,2707.0,4616.0,56
Adekunle Gold,Facebook_talks_daily,Q1_2026,sum,1444692.0,71490.0,19835.0,39
Adekunle Gold,Facebook_talks_daily,Q2_2025,sum,58392.0,4616.0,4032.0,14
Adekunle Gold,Facebook_talks_daily,Q3_2025,sum,617943.0,50796.0,58085.0,19
Adekunle Gold,Facebook_talks_daily,Q4_2025,sum,7531673.0,57475.0,64747.0,67
Adekunle Gold,Instagram_followers_daily,Q1_2025,net_change,-99058.0,9468902.0,9369844.0,88
Adekunle Gold,Instagram_followers_daily,Q1_2026,net_change,32985.0,9502305.0,9535290.0,89
Adekunle Gold,Instagram_followers_daily,Q2_2025,net_change,-31491.0,9369308.0,9337817.0,89
Adekunle Gold,Instagram_followers_daily,Q3_2025,net_change,44801.0,9338057.0,9382858.0,60
Adekunle Gold,Instagram_followers_daily,Q4_2025,net_change,117980.0,9383731.0,9501711.0,81
Adekunle Gold,Soundcloud_followers_daily,Q1_2025,net_change,473.0,20281.0,20754.0,81
Adekunle Gold,Soundcloud_followers_daily,Q1_2026,net_change,380.0,22245.0,22625.0,90
Adekunle Gold,Soundcloud_followers_daily,Q2_2025,net_change,500.0,20760.0,21260.0,89
Adekunle Gold,Soundcloud_followers_daily,Q3_2025,net_change,478.0,21263.0,21741.0,91
Adekunle Gold,Soundcloud_followers_daily,Q4_2025,net_change,493.0,21751.0,22244.0,86
Adekunle Gold,Spotify_followers_daily,Q1_2025,net_change,174048.0,2291430.0,2465478.0,90
Adekunle Gold,Spotify_followers_daily,Q1_2026,net_change,176428.0,3040847.0,3217275.0,90
Adekunle Gold,Spotify_followers_daily,Q2_2025,net_change,195041.0,2467396.0,2662437.0,91
Adekunle Gold,Spotify_followers_daily,Q3_2025,net_change,190044.0,2663955.0,2853999.0,92
Adekunle Gold,Spotify_followers_daily,Q4_2025,net_change,181900.0,2856439.0,3038339.0,92
Adekunle Gold,Spotify_monthly_listeners_daily,Q1_2025,net_change,-21413.0,2617900.0,2596487.0,90
Adekunle Gold,Spotify_monthly_listeners_daily,Q1_2026,net_change,-351153.0,3229976.0,2878823.0,90
Adekunle Gold,Spotify_monthly_listeners_daily,Q2_2025,net_change,-179561.0,2597334.0,2417773.0,91
Adekunle Gold,Spotify_monthly_listeners_daily,Q3_2025,net_change,351420.0,2417569.0,2768989.0,92
Adekunle Gold,Spotify_monthly_listeners_daily,Q4_2025,net_change,450444.0,2775773.0,3226217.0,92
Adekunle Gold,Spotify_popularity_daily,Q1_2025,last_value,63.0,64.0,63.0,68
Adekunle Gold,Spotify_popularity_daily,Q1_2026,last_value,63.0,67.0,63.0,80
Adekunle Gold,Spotify_popularity_daily,Q2_2025,last_value,64.0,63.0,64.0,46
Adekunle Gold,Spotify_popularity_daily,Q3_2025,last_value,65.0,64.0,65.0,85
Adekunle Gold,Spotify_popularity_daily,Q4_2025,last_value,66.0,65.0,66.0,78
Adekunle Gold,TikTok_followers_daily,Q1_2025,net_change,41332.0,1777978.0,1819310.0,90
Adekunle Gold,TikTok_followers_daily,Q1_2026,net_change,0.0,2100000.0,2100000.0,90
Adekunle Gold,TikTok_followers_daily,Q2_2025,net_change,62069.0,1820000.0,1882069.0,91
Adekunle Gold,TikTok_followers_daily,Q3_2025,net_change,130449.0,1882759.0,2013208.0,92
Adekunle Gold,TikTok_followers_daily,Q4_2025,net_change,84906.0,2015094.0,2100000.0,89
Adekunle Gold,TikTok_likes_daily,Q1_2025,net_change,1614055.0,12114516.0,13728571.0,90
Adekunle Gold,TikTok_likes_daily,Q1_2026,net_change,1160000.0,23740000.0,24900000.0,90
Adekunle Gold,TikTok_likes_daily,Q2_2025,net_change,975325.0,13742857.0,14718182.0,91
Adekunle Gold,TikTok_likes_daily,Q3_2025,net_change,3872727.0,14727273.0,18600000.0,92
Adekunle Gold,TikTok_likes_daily,Q4_2025,net_change,5100000.0,18620000.0,23720000.0,92
Adekunle Gold,Twitter_followers_daily,Q1_2025,net_change,7317.0,3203815.0,3211132.0,73
Adekunle Gold,Twitter_followers_daily,Q1_2026,net_change,-382.0,3272381.0,3271999.0,79
Adekunle Gold,Twitter_followers_daily,Q2_2025,net_change,15758.0,3211499.0,3227257.0,72
Adekunle Gold,Twitter_followers_daily,Q3_2025,net_change,39717.0,3227167.0,3266884.0,66
Adekunle Gold,Twitter_followers_daily,Q4_2025,net_change,5201.0,3267338.0,3272539.0,90
Adekunle Gold,Wikipedia_views_daily,Q1_2025,sum,12758.0,163.0,136.0,90
Adekunle Gold,Wikipedia_views_daily,Q1_2026,sum,19077.0,147.0,100.0,84
Adekunle Gold,Wikipedia_views_daily,Q2_2025,sum,15820.0,115.0,208.0,91
Adekunle Gold,Wikipedia_views_daily,Q3_2025,sum,18101.0,141.0,212.0,92
Adekunle Gold,Wikipedia_views_daily,Q4_2025,sum,22355.0,194.0,169.0,92
Adekunle Gold,YouTube_artist_daily_views,Q1_2025,sum,12988358.0,200234.0,216273.0,72
Adekunle Gold,YouTube_artist_daily_views,Q1_2026,sum,16663542.0,247381.0,179084.0,75
Adekunle Gold,YouTube_artist_daily_views,Q2_2025,sum,8323952.0,179473.0,156918.0,45
Adekunle Gold,YouTube_artist_daily_views,Q3_2025,sum,9437354.0,176074.0,171516.0,45
Adekunle Gold,YouTube_artist_daily_views,Q4_2025,sum,12426371.0,204116.0,238355.0,45
Adekunle Gold,YouTube_artist_monthly_views,Q1_2025,sum,362457844.0,5318057.0,4920495.0,72
Adekunle Gold,YouTube_artist_monthly_views,Q1_2026,sum,270730568.0,6706880.0,5543665.0,42
Adekunle Gold,YouTube_artist_monthly_views,Q2_2025,sum,233385167.0,4986431.0,4861151.0,45
Adekunle Gold,YouTube_artist_monthly_views,Q3_2025,sum,261527232.0,4840803.0,5545011.0,45
Adekunle Gold,YouTube_artist_monthly_views,Q4_2025,sum,333620915.0,5618248.0,6623857.0,45
Adekunle Gold,YouTube_channel_views_daily,Q1_2025,sum,35537181190.0,388289540.0,401753950.0,90
Adekunle Gold,YouTube_channel_views_daily,Q1_2026,sum,42852680780.0,464327780.0,486961180.0,90
Adekunle Gold,YouTube_channel_views_daily,Q2_2025,sum,37223060840.0,401925660.0,416885340.0,91
Adekunle Gold,YouTube_channel_views_daily,Q3_2025,sum,39187411530.0,417119100.0,435485820.0,92
Adekunle Gold,YouTube_channel_views_daily,Q4_2025,sum,41435473420.0,435682400.0,464068030.0,92
Adekunle Gold,YouTube_subscribers_daily,Q1_2025,net_change,16666.0,910667.0,927333.0,90
Adekunle Gold,YouTube_subscribers_daily,Q1_2026,net_change,18235.0,1001765.0,1020000.0,90
Adekunle Gold,YouTube_subscribers_daily,Q2_2025,net_change,13958.0,927667.0,941625.0,91
Adekunle Gold,YouTube_subscribers_daily,Q3_2025,net_change,20250.0,941750.0,962000.0,92
Adekunle Gold,YouTube_subscribers_daily,Q4_2025,net_change,39138.0,962333.0,1001471.0,92
Ajebutter22,Bandsintown_followers_daily,Q1_2025,net_change,91.0,1806.0,1897.0,176
Ajebutter22,Bandsintown_followers_daily,Q2_2025,net_change,160.0,1907.0,2067.0,58
Ajebutter22,Bandsintown_followers_daily,Q3_2025,net_change,116.0,2077.0,2193.0,50
Ajebutter22,Bandsintown_followers_daily,Q4_2025,net_change,67.0,2202.0,2269.0,28
Ajebutter22,Deezer_fans_daily,Q1_2026,net_change,0.0,7.0,7.0,90
Ajebutter22,Deezer_fans_daily,Q4_2025,net_change,0.0,7.0,7.0,83
Ajebutter22,Facebook_followers_daily,Q1_2025,net_change,-81.0,3405.0,3324.0,35
Ajebutter22,Facebook_followers_daily,Q1_2026,net_change,0.0,3000.0,3000.0,10
Ajebutter22,Facebook_followers_daily,Q2_2025,net_change,-27.0,3324.0,3297.0,14
Ajebutter22,Facebook_followers_daily,Q4_2025,net_change,0.0,3000.0,3000.0,6
Ajebutter22,Facebook_likes_daily,Q1_2025,net_change,-81.0,3405.0,3324.0,35
Ajebutter22,Facebook_likes_daily,Q1_2026,net_change,3008.0,0.0,3008.0,10
Ajebutter22,Facebook_likes_daily,Q2_2025,net_change,-27.0,3324.0,3297.0,14
Ajebutter22,Facebook_likes_daily,Q4_2025,net_change,0.0,0.0,0.0,6
Ajebutter22,Facebook_talks_daily,Q1_2025,sum,37.0,2.0,0.0,35
Ajebutter22,Facebook_talks_daily,Q1_2026,sum,11.0,2.0,0.0,10
Ajebutter22,Facebook_talks_daily,Q2_2025,sum,10.0,1.0,0.0,14
Ajebutter22,Facebook_talks_daily,Q4_2025,sum,7.0,1.0,1.0,6
Ajebutter22,Instagram_followers_daily,Q1_2025,net_change,-1496.0,70995.0,69499.0,76
Ajebutter22,Instagram_followers_daily,Q1_2026,net_change,-728.0,67750.0,67022.0,2
Ajebutter22,Instagram_followers_daily,Q2_2025,net_change,-1344.0,69463.0,68119.0,40
Ajebutter22,Instagram_followers_daily,Q3_2025,net_change,0.0,66599.0,66599.0,2
Ajebutter22,Instagram_followers_daily,Q4_2025,net_change,0.0,68242.0,68242.0,2
Ajebutter22,Soundcloud_followers_daily,Q1_2025,net_change,2.0,1974.0,1976.0,134
Ajebutter22,Soundcloud_followers_daily,Q1_2026,net_change,9.0,1993.0,2002.0,90
Ajebutter22,Soundcloud_followers_daily,Q2_2025,net_change,8.0,1977.0,1985.0,62
Ajebutter22,Soundcloud_followers_daily,Q3_2025,net_change,1.0,1985.0,1986.0,12
Ajebutter22,Soundcloud_followers_daily,Q4_2025,net_change,6.0,1987.0,1993.0,42
Ajebutter22,Spotify_followers_daily,Q1_2025,net_change,1276.0,154222.0,155498.0,180
Ajebutter22,Spotify_followers_daily,Q1_2026,net_change,3686.0,162316.0,166002.0,90
Ajebutter22,Spotify_followers_daily,Q2_2025,net_change,727.0,155501.0,156228.0,182
Ajebutter22,Spotify_followers_daily,Q3_2025,net_change,2672.0,156228.0,158900.0,184
Ajebutter22,Spotify_followers_daily,Q4_2025,net_change,3355.0,158941.0,162296.0,184
Ajebutter22,Spotify_monthly_listeners_daily,Q1_2025,net_change,-11546.0,199625.0,188079.0,180
Ajebutter22,Spotify_monthly_listeners_daily,Q1_2026,net_change,-27172.0,205812.0,178640.0,90
Ajebutter22,Spotify_monthly_listeners_daily,Q2_2025,net_change,13147.0,188286.0,201433.0,182
Ajebutter22,Spotify_monthly_listeners_daily,Q3_2025,net_change,20051.0,201433.0,221484.0,184
Ajebutter22,Spotify_monthly_listeners_daily,Q4_2025,net_change,-14719.0,221793.0,207074.0,184
Ajebutter22,Spotify_popularity_daily,Q1_2025,last_value,40.0,42.0,40.0,81
Ajebutter22,Spotify_popularity_daily,Q1_2026,last_value,38.0,42.0,38.0,68
Ajebutter22,Spotify_popularity_daily,Q2_2025,last_value,41.0,40.0,41.0,49
Ajebutter22,Spotify_popularity_daily,Q3_2025,last_value,42.0,42.0,42.0,27
Ajebutter22,Spotify_popularity_daily,Q4_2025,last_value,42.0,42.0,42.0,78
Ajebutter22,YouTube_channel_views_daily,Q1_2025,sum,2077804806.0,22877818.0,23285880.0,90
Ajebutter22,YouTube_channel_views_daily,Q1_2026,sum,2234353708.0,24570728.0,24961436.0,90
Ajebutter22,YouTube_channel_views_daily,Q2_2025,sum,2134910460.0,23289734.0,23621022.0,91
Ajebutter22,YouTube_channel_views_daily,Q3_2025,sum,2188353100.0,23624352.0,23964672.0,92
Ajebutter22,YouTube_channel_views_daily,Q4_2025,sum,2222706818.0,23968732.0,24552840.0,92
Ajebutter22,YouTube_subscribers_daily,Q1_2025,net_change,180.0,50033.0,50213.0,180
Ajebutter22,YouTube_subscribers_daily,Q1_2026,net_change,47.0,50653.0,50700.0,90
Ajebutter22,YouTube_subscribers_daily,Q2_2025,net_change,187.0,50214.0,50401.0,182
Ajebutter22,YouTube_subscribers_daily,Q3_2025,net_change,139.0,50403.0,50542.0,184
Ajebutter22,YouTube_subscribers_daily,Q4_2025,net_change,109.0,50543.0,50652.0,184
Amaarae,Bandsintown_followers_daily,Q1_2025,net_change,3983.0,30200.0,34183.0,174
Amaarae,Bandsintown_followers_daily,Q2_2025,net_change,5646.0,34382.0,40028.0,56
Amaarae,Bandsintown_followers_daily,Q3_2025,net_change,6769.0,40372.0,47141.0,50
Amaarae,Bandsintown_followers_daily,Q4_2025,net_change,3707.0,47734.0,51441.0,26
Amaarae,Deezer_fans_daily,Q1_2025,net_change,1250.0,29562.0,30812.0,90
Amaarae,Deezer_fans_daily,Q1_2026,net_change,1547.0,35849.0,37396.0,90
Amaarae,Deezer_fans_daily,Q2_2025,net_change,891.0,30821.0,31712.0,89
Amaarae,Deezer_fans_daily,Q3_2025,net_change,2029.0,31734.0,33763.0,92
Amaarae,Deezer_fans_daily,Q4_2025,net_change,2059.0,33778.0,35837.0,92
Amaarae,Facebook_followers_daily,Q1_2025,net_change,13865.0,31173.0,45038.0,56
Amaarae,Facebook_followers_daily,Q1_2026,net_change,0.0,71000.0,71000.0,86
Amaarae,Facebook_followers_daily,Q2_2025,net_change,20856.0,45144.0,66000.0,76
Amaarae,Facebook_followers_daily,Q3_2025,net_change,4000.0,66000.0,70000.0,60
Amaarae,Facebook_followers_daily,Q4_2025,net_change,1000.0,70000.0,71000.0,85
Amaarae,Facebook_likes_daily,Q1_2025,net_change,1660.0,13136.0,14796.0,56
Amaarae,Facebook_likes_daily,Q1_2026,net_change,71114.0,0.0,71114.0,86
Amaarae,Facebook_likes_daily,Q2_2025,net_change,2677.0,14815.0,17492.0,76
Amaarae,Facebook_likes_daily,Q3_2025,net_change,-17492.0,17492.0,0.0,60
Amaarae,Facebook_likes_daily,Q4_2025,net_change,0.0,0.0,0.0,85
Amaarae,Facebook_talks_daily,Q1_2025,sum,211669.0,260.0,5705.0,56
Amaarae,Facebook_talks_daily,Q1_2026,sum,162026.0,192.0,49.0,86
Amaarae,Facebook_talks_daily,Q2_2025,sum,1505927.0,4655.0,20465.0,76
Amaarae,Facebook_talks_daily,Q3_2025,sum,571748.0,20465.0,2071.0,60
Amaarae,Facebook_talks_daily,Q4_2025,sum,232155.0,1547.0,259.0,85
Amaarae,Instagram_followers_daily,Q1_2025,net_change,2910.0,1030048.0,1032958.0,178
Amaarae,Instagram_followers_daily,Q1_2026,net_change,-9976.0,973664.0,963688.0,89
Amaarae,Instagram_followers_daily,Q2_2025,net_change,-24919.0,1032734.0,1007815.0,178
Amaarae,Instagram_followers_daily,Q3_2025,net_change,-34488.0,1007731.0,973243.0,120
Amaarae,Instagram_followers_daily,Q4_2025,net_change,533.0,973298.0,973831.0,162
Amaarae,Soundcloud_followers_daily,Q1_2025,net_change,0.0,24044.0,24044.0,2
Amaarae,Soundcloud_followers_daily,Q1_2026,net_change,554.0,26329.0,26883.0,90
Amaarae,Soundcloud_followers_daily,Q2_2025,net_change,107.0,24511.0,24618.0,8
Amaarae,Soundcloud_followers_daily,Q4_2025,net_change,604.0,25715.0,26319.0,108
Amaarae,Spotify_followers_daily,Q1_2025,net_change,36354.0,473694.0,510048.0,180
Amaarae,Spotify_followers_daily,Q1_2026,net_change,24752.0,597945.0,622697.0,90
Amaarae,Spotify_followers_daily,Q2_2025,net_change,30239.0,510325.0,540564.0,182
Amaarae,Spotify_followers_daily,Q3_2025,net_change,27803.0,540819.0,568622.0,184
Amaarae,Spotify_followers_daily,Q4_2025,net_change,28670.0,568863.0,597533.0,184
Amaarae,Spotify_monthly_listeners_daily,Q1_2025,net_change,-919112.0,6347177.0,5428065.0,180
Amaarae,Spotify_monthly_listeners_daily,Q1_2026,net_change,-235763.0,5225087.0,4989324.0,90
Amaarae,Spotify_monthly_listeners_daily,Q2_2025,net_change,377628.0,5426179.0,5803807.0,182
Amaarae,Spotify_monthly_listeners_daily,Q3_2025,net_change,-230798.0,5813562.0,5582764.0,184
Amaarae,Spotify_monthly_listeners_daily,Q4_2025,net_change,-347389.0,5578061.0,5230672.0,184
Amaarae,Spotify_popularity_daily,Q1_2025,last_value,66.0,69.0,66.0,85
Amaarae,Spotify_popularity_daily,Q1_2026,last_value,64.0,66.0,64.0,86
Amaarae,Spotify_popularity_daily,Q2_2025,last_value,68.0,66.0,68.0,65
Amaarae,Spotify_popularity_daily,Q3_2025,last_value,69.0,68.0,69.0,90
Amaarae,Spotify_popularity_daily,Q4_2025,last_value,66.0,69.0,66.0,82
Amaarae,TikTok_followers_daily,Q1_2025,net_change,5925.0,181800.0,187725.0,180
Amaarae,TikTok_followers_daily,Q1_2026,net_change,-1465.0,292065.0,290600.0,90
Amaarae,TikTok_followers_daily,Q2_2025,net_change,83650.0,187750.0,271400.0,182
Amaarae,TikTok_followers_daily,Q3_2025,net_change,17800.0,271600.0,289400.0,182
Amaarae,TikTok_followers_daily,Q4_2025,net_change,2461.0,289600.0,292061.0,184
Amaarae,TikTok_likes_daily,Q1_2025,net_change,215268.0,3143636.0,3358904.0,180
Amaarae,TikTok_likes_daily,Q1_2026,net_change,11764.0,4988236.0,5000000.0,90
Amaarae,TikTok_likes_daily,Q2_2025,net_change,941059.0,3361644.0,4302703.0,182
Amaarae,TikTok_likes_daily,Q3_2025,net_change,505405.0,4305406.0,4810811.0,184
Amaarae,TikTok_likes_daily,Q4_2025,net_change,173251.0,4813514.0,4986765.0,184
Amaarae,Twitter_followers_daily,Q1_2025,net_change,832.0,163399.0,164231.0,148
Amaarae,Twitter_followers_daily,Q1_2026,net_change,-114.0,172826.0,172712.0,81
Amaarae,Twitter_followers_daily,Q2_2025,net_change,5406.0,164251.0,169657.0,146
Amaarae,Twitter_followers_daily,Q3_2025,net_change,2962.0,169652.0,172614.0,134
Amaarae,Twitter_followers_daily,Q4_2025,net_change,236.0,172605.0,172841.0,182
Amaarae,Wikipedia_views_daily,Q1_2025,sum,48642.0,281.0,276.0,178
Amaarae,Wikipedia_views_daily,Q1_2026,sum,1012.0,241.0,248.0,4
Amaarae,Wikipedia_views_daily,Q2_2025,sum,89206.0,311.0,605.0,182
Amaarae,Wikipedia_views_daily,Q3_2025,sum,114284.0,420.0,256.0,184
Amaarae,Wikipedia_views_daily,Q4_2025,sum,61782.0,282.0,266.0,184
Amaarae,YouTube_channel_views_daily,Q1_2025,sum,29724984040.0,317378660.0,341788380.0,90
Amaarae,YouTube_channel_views_daily,Q1_2026,sum,38160731810.0,413857340.0,431931330.0,90
Amaarae,YouTube_channel_views_daily,Q2_2025,sum,32211509160.0,342018880.0,366259870.0,91
Amaarae,YouTube_channel_views_daily,Q3_2025,sum,34856498710.0,366531700.0,391339360.0,92
Amaarae,YouTube_channel_views_daily,Q4_2025,sum,37038664520.0,391586750.0,413623500.0,92
Amaarae,YouTube_subscribers_daily,Q1_2025,net_change,15800.0,393200.0,409000.0,180
Amaarae,YouTube_subscribers_daily,Q1_2026,net_change,4800.0,451200.0,456000.0,90
Amaarae,YouTube_subscribers_daily,Q2_2025,net_change,16578.0,409200.0,425778.0,182
Amaarae,YouTube_subscribers_daily,Q3_2025,net_change,15222.0,426000.0,441222.0,184
Amaarae,YouTube_subscribers_daily,Q4_2025,net_change,9800.0,441333.0,451133.0,184
Asake,Bandsintown_followers_daily,Q1_2025,net_change,4237.0,23063.0,27300.0,90
Asake,Bandsintown_followers_daily,Q1_2026,net_change,0.0,46544.0,46544.0,1
Asake,Bandsintown_followers_daily,Q2_2025,net_change,6083.0,27300.0,33383.0,31
Asake,Bandsintown_followers_daily,Q3_2025,net_change,6670.0,33721.0,40391.0,29
Asake,Bandsintown_followers_daily,Q4_2025,net_change,3176.0,40606.0,43782.0,13
Asake,Deezer_fans_daily,Q1_2025,net_change,8575.0,82017.0,90592.0,90
Asake,Deezer_fans_daily,Q1_2026,net_change,5073.0,114025.0,119098.0,66
Asake,Deezer_fans_daily,Q2_2025,net_change,7543.0,90651.0,98194.0,89
Asake,Deezer_fans_daily,Q3_2025,net_change,8349.0,98272.0,106621.0,91
Asake,Deezer_fans_daily,Q4_2025,net_change,7240.0,106707.0,113947.0,92
Asake,Facebook_followers_daily,Q1_2026,net_change,-9000.0,317000.0,308000.0,46
Asake,Facebook_followers_daily,Q3_2025,net_change,-4000.0,335000.0,331000.0,42
Asake,Facebook_followers_daily,Q4_2025,net_change,-14000.0,331000.0,317000.0,84
Asake,Facebook_likes_daily,Q1_2026,net_change,308634.0,0.0,308634.0,46
Asake,Facebook_likes_daily,Q3_2025,net_change,0.0,0.0,0.0,42
Asake,Facebook_likes_daily,Q4_2025,net_change,0.0,0.0,0.0,84
Asake,Facebook_talks_daily,Q1_2026,sum,38815.0,61.0,27.0,46
Asake,Facebook_talks_daily,Q3_2025,sum,3020411.0,78495.0,45223.0,42
Asake,Facebook_talks_daily,Q4_2025,sum,158694.0,34345.0,61.0,84
Asake,Instagram_followers_daily,Q1_2025,net_change,37782.0,4912181.0,4949963.0,89
Asake,Instagram_followers_daily,Q1_2026,net_change,188401.0,5131774.0,5320175.0,89
Asake,Instagram_followers_daily,Q2_2025,net_change,-5246.0,4951979.0,4946733.0,89
Asake,Instagram_followers_daily,Q3_2025,net_change,36002.0,4946893.0,4982895.0,60
Asake,Instagram_followers_daily,Q4_2025,net_change,142876.0,4987050.0,5129926.0,75
Asake,Soundcloud_followers_daily,Q1_2025,net_change,2075.0,23633.0,25708.0,89
Asake,Soundcloud_followers_daily,Q1_2026,net_change,2048.0,31970.0,34018.0,90
Asake,Soundcloud_followers_daily,Q2_2025,net_change,2295.0,25734.0,28029.0,88
Asake,Soundcloud_followers_daily,Q3_2025,net_change,2219.0,28056.0,30275.0,92
Asake,Soundcloud_followers_daily,Q4_2025,net_change,1653.0,30298.0,31951.0,83
Asake,Spotify_followers_daily,Q1_2025,net_change,675136.0,4957416.0,5632552.0,90
Asake,Spotify_followers_daily,Q1_2026,net_change,789453.0,7779443.0,8568896.0,90
Asake,Spotify_followers_daily,Q2_2025,net_change,716030.0,5641488.0,6357518.0,91
Asake,Spotify_followers_daily,Q3_2025,net_change,686789.0,6363422.0,7050211.0,92
Asake,Spotify_followers_daily,Q4_2025,net_change,712740.0,7057260.0,7770000.0,92
Asake,Spotify_monthly_listeners_daily,Q1_2025,net_change,-1176792.0,7612815.0,6436023.0,90
Asake,Spotify_monthly_listeners_daily,Q1_2026,net_change,701527.0,7857192.0,8558719.0,90
Asake,Spotify_monthly_listeners_daily,Q2_2025,net_change,782868.0,6440846.0,7223714.0,91
Asake,Spotify_monthly_listeners_daily,Q3_2025,net_change,-169435.0,7335353.0,7165918.0,92
Asake,Spotify_monthly_listeners_daily,Q4_2025,net_change,672114.0,7168746.0,7840860.0,92
Asake,Spotify_popularity_daily,Q1_2025,last_value,75.0,78.0,75.0,64
Asake,Spotify_popularity_daily,Q1_2026,last_value,79.0,78.0,79.0,78
Asake,Spotify_popularity_daily,Q2_2025,last_value,78.0,76.0,78.0,35
Asake,Spotify_popularity_daily,Q3_2025,last_value,79.0,78.0,79.0,85
Asake,Spotify_popularity_daily,Q4_2025,last_value,77.0,79.0,77.0,81
Asake,TikTok_followers_daily,Q1_2025,net_change,813600.0,886400.0,1700000.0,90
Asake,TikTok_followers_daily,Q1_2026,net_change,422118.0,1877882.0,2300000.0,90
Asake,TikTok_followers_daily,Q2_2025,net_change,116403.0,1703846.0,1820249.0,91
Asake,TikTok_followers_daily,Q3_2025,net_change,28349.0,1820561.0,1848910.0,92
Asake,TikTok_followers_daily,Q4_2025,net_change,28349.0,1849221.0,1877570.0,92
Asake,TikTok_likes_daily,Q1_2025,net_change,6146429.0,3453571.0,9600000.0,90
Asake,TikTok_likes_daily,Q1_2026,net_change,10423077.0,1776923.0,12200000.0,90
Asake,TikTok_likes_daily,Q2_2025,net_change,-9698484.0,9700000.0,1516.0,90
Asake,TikTok_likes_daily,Q3_2025,net_change,1519980.0,1642.0,1521622.0,92
Asake,TikTok_likes_daily,Q4_2025,net_change,237215.0,1524324.0,1761539.0,92
Asake,Twitter_followers_daily,Q1_2026,net_change,44253.0,1119296.0,1163549.0,80
Asake,Twitter_followers_daily,Q2_2025,net_change,26576.0,1040947.0,1067523.0,73
Asake,Twitter_followers_daily,Q3_2025,net_change,26722.0,1067985.0,1094707.0,67
Asake,Twitter_followers_daily,Q4_2025,net_change,24348.0,1094850.0,1119198.0,90
Asake,Wikipedia_views_daily,Q1_2025,sum,94282.0,684.0,963.0,90
Asake,Wikipedia_views_daily,Q1_2026,sum,63461.0,774.0,634.0,80
Asake,Wikipedia_views_daily,Q2_2025,sum,58110.0,658.0,846.0,91
Asake,Wikipedia_views_daily,Q3_2025,sum,57412.0,519.0,491.0,92
Asake,Wikipedia_views_daily,Q4_2025,sum,62692.0,426.0,888.0,92
Asake,YouTube_artist_daily_views,Q1_2025,sum,55103662.0,773107.0,670246.0,79
Asake,YouTube_artist_daily_views,Q1_2026,sum,91201992.0,1149832.0,1395633.0,75
Asake,YouTube_artist_daily_views,Q2_2025,sum,38047627.0,631073.0,1608932.0,45
Asake,YouTube_artist_daily_views,Q3_2025,sum,44159184.0,1014443.0,898718.0,45
Asake,YouTube_artist_daily_views,Q4_2025,sum,41094121.0,904802.0,1015117.0,46
Asake,YouTube_artist_monthly_views,Q1_2025,sum,1612836540.0,21074566.0,17318986.0,79
Asake,YouTube_artist_monthly_views,Q1_2026,sum,1393259647.0,28358855.0,37265413.0,43
Asake,YouTube_artist_monthly_views,Q2_2025,sum,965548543.0,17458866.0,28154734.0,45
Asake,YouTube_artist_monthly_views,Q3_2025,sum,1259525700.0,29023936.0,24657041.0,45
Asake,YouTube_artist_monthly_views,Q4_2025,sum,1113552723.0,24729452.0,27642410.0,46
Asake,YouTube_channel_views_daily,Q1_2025,sum,62406941100.0,666853400.0,717629440.0,90
Asake,YouTube_channel_views_daily,Q1_2026,sum,83403834210.0,887834100.0,964848450.0,90
Asake,YouTube_channel_views_daily,Q2_2025,sum,67709285490.0,718303600.0,770286100.0,91
Asake,YouTube_channel_views_daily,Q3_2025,sum,73679375120.0,770889700.0,828013700.0,92
Asake,YouTube_channel_views_daily,Q4_2025,sum,78801407740.0,828478300.0,886976960.0,92
Asake,YouTube_subscribers_daily,Q1_2025,net_change,89451.0,1492857.0,1582308.0,90
Asake,YouTube_subscribers_daily,Q1_2026,net_change,110000.0,1830000.0,1940000.0,90
Asake,YouTube_subscribers_daily,Q2_2025,net_change,65590.0,1583077.0,1648667.0,91
Asake,YouTube_subscribers_daily,Q3_2025,net_change,98359.0,1649333.0,1747692.0,92
Asake,YouTube_subscribers_daily,Q4_2025,net_change,80288.0,1748462.0,1828750.0,92
Ayra Starr,Bandsintown_followers_daily,Q1_2025,net_change,5305.0,32880.0,38185.0,90
Ayra Starr,Bandsintown_followers_daily,Q2_2025,net_change,8341.0,38460.0,46801.0,32
Ayra Starr,Bandsintown_followers_daily,Q3_2025,net_change,8901.0,47031.0,55932.0,32
Ayra Starr,Bandsintown_followers_daily,Q4_2025,net_change,4721.0,56697.0,61418.0,17
Ayra Starr,Deezer_fans_daily,Q1_2025,net_change,10788.0,166067.0,176855.0,90
Ayra Starr,Deezer_fans_daily,Q1_2026,net_change,8908.0,208960.0,217868.0,90
Ayra Starr,Deezer_fans_daily,Q2_2025,net_change,10792.0,177017.0,187809.0,88
Ayra Starr,Deezer_fans_daily,Q3_2025,net_change,11140.0,187966.0,199106.0,92
Ayra Starr,Deezer_fans_daily,Q4_2025,net_change,9652.0,199201.0,208853.0,92
Ayra Starr,Facebook_followers_daily,Q1_2026,net_change,500000.0,1300000.0,1800000.0,45
Ayra Starr,Facebook_followers_daily,Q3_2025,net_change,0.0,1100000.0,1100000.0,39
Ayra Starr,Facebook_followers_daily,Q4_2025,net_change,200000.0,1100000.0,1300000.0,83
Ayra Starr,Facebook_likes_daily,Q1_2026,net_change,1897870.0,0.0,1897870.0,45
Ayra Starr,Facebook_likes_daily,Q3_2025,net_change,-154000.0,154000.0,0.0,39
Ayra Starr,Facebook_likes_daily,Q4_2025,net_change,0.0,0.0,0.0,83
Ayra Starr,Facebook_talks_daily,Q1_2026,sum,9665347.0,92289.0,155038.0,45
Ayra Starr,Facebook_talks_daily,Q3_2025,sum,382911.0,10267.0,5200.0,39
Ayra Starr,Facebook_talks_daily,Q4_2025,sum,10630442.0,5156.0,131572.0,83
Ayra Starr,Instagram_followers_daily,Q1_2025,net_change,190843.0,5887861.0,6078704.0,89
Ayra Starr,Instagram_followers_daily,Q1_2026,net_change,158107.0,7110220.0,7268327.0,89
Ayra Starr,Instagram_followers_daily,Q2_2025,net_change,387794.0,6082516.0,6470310.0,89
Ayra Starr,Instagram_followers_daily,Q3_2025,net_change,321140.0,6472915.0,6794055.0,60
Ayra Starr,Instagram_followers_daily,Q4_2025,net_change,312875.0,6796083.0,7108958.0,82
Ayra Starr,Soundcloud_followers_daily,Q1_2025,net_change,1563.0,38598.0,40161.0,89
Ayra Starr,Soundcloud_followers_daily,Q1_2026,net_change,1532.0,45865.0,47397.0,90
Ayra Starr,Soundcloud_followers_daily,Q2_2025,net_change,1726.0,40183.0,41909.0,88
Ayra Starr,Soundcloud_followers_daily,Q3_2025,net_change,1993.0,41928.0,43921.0,92
Ayra Starr,Soundcloud_followers_daily,Q4_2025,net_change,1905.0,43941.0,45846.0,83
Ayra Starr,Spotify_followers_daily,Q1_2025,net_change,425388.0,4124294.0,4549682.0,90
Ayra Starr,Spotify_followers_daily,Q1_2026,net_change,533837.0,6079079.0,6612916.0,90
Ayra Starr,Spotify_followers_daily,Q2_2025,net_change,433893.0,4554339.0,4988232.0,91
Ayra Starr,Spotify_followers_daily,Q3_2025,net_change,469567.0,4992365.0,5461932.0,92
Ayra Starr,Spotify_followers_daily,Q4_2025,net_change,604978.0,5466830.0,6071808.0,92
Ayra Starr,Spotify_monthly_listeners_daily,Q1_2025,net_change,-6710190.0,24346958.0,17636768.0,90
Ayra Starr,Spotify_monthly_listeners_daily,Q1_2026,net_change,-280260.0,18299724.0,18019464.0,90
Ayra Starr,Spotify_monthly_listeners_daily,Q2_2025,net_change,9282.0,17595240.0,17604522.0,91
Ayra Starr,Spotify_monthly_listeners_daily,Q3_2025,net_change,483066.0,17602282.0,18085348.0,92
Ayra Starr,Spotify_monthly_listeners_daily,Q4_2025,net_change,156562.0,18157240.0,18313802.0,92
Ayra Starr,Spotify_popularity_daily,Q1_2025,last_value,75.0,78.0,75.0,87
Ayra Starr,Spotify_popularity_daily,Q1_2026,last_value,74.0,76.0,74.0,78
Ayra Starr,Spotify_popularity_daily,Q2_2025,last_value,77.0,75.0,77.0,70
Ayra Starr,Spotify_popularity_daily,Q3_2025,last_value,77.0,77.0,77.0,91
Ayra Starr,Spotify_popularity_daily,Q4_2025,last_value,76.0,77.0,76.0,82
Ayra Starr,TikTok_followers_daily,Q1_2025,net_change,474127.0,7427778.0,7901905.0,90
Ayra Starr,TikTok_followers_daily,Q1_2026,net_change,59155.0,8540845.0,8600000.0,90
Ayra Starr,TikTok_followers_daily,Q2_2025,net_change,85714.0,7902858.0,7988572.0,91
Ayra Starr,TikTok_followers_daily,Q3_2025,net_change,250060.0,7989524.0,8239584.0,92
Ayra Starr,TikTok_followers_daily,Q4_2025,net_change,297770.0,8241667.0,8539437.0,92
Ayra Starr,TikTok_likes_daily,Q1_2025,net_change,15150000.0,95150000.0,110300000.0,90
Ayra Starr,TikTok_likes_daily,Q1_2026,net_change,8416670.0,146550000.0,154966670.0,90
Ayra Starr,TikTok_likes_daily,Q2_2025,net_change,9100000.0,110400000.0,119500000.0,91
Ayra Starr,TikTok_likes_daily,Q3_2025,net_change,11250000.0,119600000.0,130850000.0,92
Ayra Starr,TikTok_likes_daily,Q4_2025,net_change,15600000.0,130900000.0,146500000.0,92
Ayra Starr,Twitter_followers_daily,Q1_2025,net_change,54959.0,1690499.0,1745458.0,74
Ayra Starr,Twitter_followers_daily,Q1_2026,net_change,-4836.0,1858997.0,1854161.0,80
Ayra Starr,Twitter_followers_daily,Q2_2025,net_change,44318.0,1746168.0,1790486.0,73
Ayra Starr,Twitter_followers_daily,Q3_2025,net_change,41397.0,1790897.0,1832294.0,68
Ayra Starr,Twitter_followers_daily,Q4_2025,net_change,26546.0,1832449.0,1858995.0,91
Ayra Starr,Wikipedia_views_daily,Q1_2025,sum,134897.0,3172.0,1516.0,90
Ayra Starr,Wikipedia_views_daily,Q1_2026,sum,97037.0,1144.0,848.0,84
Ayra Starr,Wikipedia_views_daily,Q2_2025,sum,137849.0,1145.0,1155.0,91
Ayra Starr,Wikipedia_views_daily,Q3_2025,sum,137165.0,1548.0,1135.0,92
Ayra Starr,Wikipedia_views_daily,Q4_2025,sum,109201.0,1073.0,1167.0,92
Ayra Starr,YouTube_artist_daily_views,Q1_2025,sum,148718620.0,1805204.0,2003348.0,79
Ayra Starr,YouTube_artist_daily_views,Q1_2026,sum,136780856.0,2058740.0,1844515.0,75
Ayra Starr,YouTube_artist_daily_views,Q2_2025,sum,91549357.0,2031686.0,1757451.0,45
Ayra Starr,YouTube_artist_daily_views,Q3_2025,sum,88545779.0,1871079.0,1874700.0,45
Ayra Starr,YouTube_artist_daily_views,Q4_2025,sum,98472900.0,2020357.0,2138769.0,46
Ayra Starr,YouTube_artist_monthly_views,Q1_2025,sum,4236173586.0,56407627.0,50401313.0,79
Ayra Starr,YouTube_artist_monthly_views,Q1_2026,sum,2308353879.0,60174809.0,49677882.0,43
Ayra Starr,YouTube_artist_monthly_views,Q2_2025,sum,2572872005.0,51148163.0,52204935.0,45
Ayra Starr,YouTube_artist_monthly_views,Q3_2025,sum,2449451183.0,52224743.0,53474088.0,45
Ayra Starr,YouTube_artist_monthly_views,Q4_2025,sum,2668859973.0,53875575.0,59457849.0,46
Ayra Starr,YouTube_channel_views_daily,Q1_2025,sum,81622405090.0,865501700.0,944257200.0,90
Ayra Starr,YouTube_channel_views_daily,Q1_2026,sum,119021984800.0,1269339800.0,1372575000.0,90
Ayra Starr,YouTube_channel_views_daily,Q2_2025,sum,90410987410.0,945135200.0,1042205400.0,91
Ayra Starr,YouTube_channel_views_daily,Q3_2025,sum,100270999650.0,1043157250.0,1139594100.0,92
Ayra Starr,YouTube_channel_views_daily,Q4_2025,sum,110639948500.0,1140647300.0,1268008200.0,92
Ayra Starr,YouTube_subscribers_daily,Q1_2025,net_change,127500.0,2350000.0,2477500.0,90
Ayra Starr,YouTube_subscribers_daily,Q1_2026,net_change,113333.0,3016667.0,3130000.0,90
Ayra Starr,YouTube_subscribers_daily,Q2_2025,net_change,165000.0,2480000.0,2645000.0,91
Ayra Starr,YouTube_subscribers_daily,Q3_2025,net_change,149465.0,2646250.0,2795715.0,92
Ayra Starr,YouTube_subscribers_daily,Q4_2025,net_change,217857.0,2797143.0,3015000.0,92
Aṣa,Bandsintown_followers_daily,Q1_2025,net_change,941.0,60186.0,61127.0,90
Aṣa,Bandsintown_followers_daily,Q2_2025,net_change,1189.0,61160.0,62349.0,31
Aṣa,Bandsintown_followers_daily,Q3_2025,net_change,63672.0,0.0,63672.0,31
Aṣa,Bandsintown_followers_daily,Q4_2025,net_change,769.0,63693.0,64462.0,16
Aṣa,Deezer_fans_daily,Q1_2025,net_change,661.0,133519.0,134180.0,79
Aṣa,Deezer_fans_daily,Q1_2026,net_change,780.0,136555.0,137335.0,90
Aṣa,Deezer_fans_daily,Q2_2025,net_change,575.0,134184.0,134759.0,86
Aṣa,Deezer_fans_daily,Q3_2025,net_change,896.0,134766.0,135662.0,91
Aṣa,Deezer_fans_daily,Q4_2025,net_change,876.0,135670.0,136546.0,92
Aṣa,Facebook_followers_daily,Q1_2025,net_change,-11518.0,683446.0,671928.0,56
Aṣa,Facebook_followers_daily,Q1_2026,net_change,-2000.0,637000.0,635000.0,10
Aṣa,Facebook_followers_daily,Q2_2025,net_change,-2683.0,671736.0,669053.0,14
Aṣa,Facebook_followers_daily,Q3_2025,net_change,-9000.0,669000.0,660000.0,2
Aṣa,Facebook_followers_daily,Q4_2025,net_change,-1000.0,644000.0,643000.0,5
Aṣa,Facebook_likes_daily,Q1_2025,net_change,-11518.0,683446.0,671928.0,56
Aṣa,Facebook_likes_daily,Q1_2026,net_change,635793.0,0.0,635793.0,10
Aṣa,Facebook_likes_daily,Q2_2025,net_change,-2683.0,671736.0,669053.0,14
Aṣa,Facebook_likes_daily,Q3_2025,net_change,-669053.0,669053.0,0.0,2
Aṣa,Facebook_likes_daily,Q4_2025,net_change,0.0,0.0,0.0,5
Aṣa,Facebook_talks_daily,Q1_2025,sum,26348.0,397.0,310.0,56
Aṣa,Facebook_talks_daily,Q1_2026,sum,48379.0,326.0,10859.0,10
Aṣa,Facebook_talks_daily,Q2_2025,sum,7293.0,300.0,478.0,14
Aṣa,Facebook_talks_daily,Q3_2025,sum,1062.0,478.0,584.0,2
Aṣa,Facebook_talks_daily,Q4_2025,sum,1511.0,324.0,280.0,5
Aṣa,Instagram_followers_daily,Q1_2025,net_change,-15196.0,744692.0,729496.0,88
Aṣa,Instagram_followers_daily,Q1_2026,net_change,9475.0,704819.0,714294.0,89
Aṣa,Instagram_followers_daily,Q2_2025,net_change,-13420.0,729423.0,716003.0,87
Aṣa,Instagram_followers_daily,Q3_2025,net_change,-4298.0,715887.0,711589.0,60
Aṣa,Spotify_followers_daily,Q1_2025,net_change,14432.0,308776.0,323208.0,90
Aṣa,Spotify_followers_daily,Q1_2026,net_change,14139.0,366728.0,380867.0,90
Aṣa,Spotify_followers_daily,Q2_2025,net_change,14298.0,323345.0,337643.0,91
Aṣa,Spotify_followers_daily,Q3_2025,net_change,13881.0,337758.0,351639.0,92
Aṣa,Spotify_followers_daily,Q4_2025,net_change,14801.0,351786.0,366587.0,92
Aṣa,Spotify_monthly_listeners_daily,Q1_2025,net_change,8254.0,343806.0,352060.0,90
Aṣa,Spotify_monthly_listeners_daily,Q1_2026,net_change,45658.0,470468.0,516126.0,90
Aṣa,Spotify_monthly_listeners_daily,Q2_2025,net_change,13136.0,352747.0,365883.0,91
Aṣa,Spotify_monthly_listeners_daily,Q3_2025,net_change,100491.0,366068.0,466559.0,92
Aṣa,Spotify_monthly_listeners_daily,Q4_2025,net_change,3567.0,467171.0,470738.0,92
Aṣa,Spotify_popularity_daily,Q1_2025,last_value,51.0,52.0,51.0,85
Aṣa,Spotify_popularity_daily,Q1_2026,last_value,52.0,52.0,52.0,75
Aṣa,Spotify_popularity_daily,Q2_2025,last_value,53.0,51.0,53.0,63
Aṣa,Spotify_popularity_daily,Q3_2025,last_value,54.0,53.0,54.0,89
Aṣa,Spotify_popularity_daily,Q4_2025,last_value,52.0,54.0,52.0,76
Aṣa,Wikipedia_views_daily,Q1_2025,sum,11890.0,99.0,294.0,90
Aṣa,Wikipedia_views_daily,Q1_2026,sum,10704.0,97.0,486.0,84
Aṣa,Wikipedia_views_daily,Q2_2025,sum,14616.0,203.0,104.0,91
Aṣa,Wikipedia_views_daily,Q3_2025,sum,11419.0,102.0,100.0,92
Aṣa,Wikipedia_views_daily,Q4_2025,sum,10982.0,112.0,89.0,92
Aṣa,YouTube_artist_daily_views,Q1_2025,sum,4116088.0,55525.0,57520.0,62
Aṣa,YouTube_artist_daily_views,Q1_2026,sum,4102724.0,52778.0,49918.0,74
Aṣa,YouTube_artist_daily_views,Q2_2025,sum,2619140.0,60605.0,64082.0,45
Aṣa,YouTube_artist_daily_views,Q3_2025,sum,2585586.0,65403.0,64647.0,44
Aṣa,YouTube_artist_daily_views,Q4_2025,sum,2645458.0,67497.0,63311.0,45
Aṣa,YouTube_artist_monthly_views,Q1_2025,sum,115756721.0,1817163.0,1827773.0,62
Aṣa,YouTube_artist_monthly_views,Q1_2026,sum,66379478.0,1464144.0,1447314.0,41
Aṣa,YouTube_artist_monthly_views,Q2_2025,sum,73918146.0,1809133.0,1674372.0,45
Aṣa,YouTube_artist_monthly_views,Q3_2025,sum,72244104.0,1689313.0,1631922.0,44
Aṣa,YouTube_artist_monthly_views,Q4_2025,sum,74628668.0,1659273.0,1485344.0,45
Aṣa,YouTube_channel_views_daily,Q1_2025,sum,4283733.0,47574.0,47624.0,90
Aṣa,YouTube_channel_views_daily,Q1_2026,sum,4302987.0,47784.0,47838.0,90
Aṣa,YouTube_channel_views_daily,Q2_2025,sum,4336368.0,47624.0,47683.0,91
Aṣa,YouTube_channel_views_daily,Q3_2025,sum,4389625.0,47683.0,47736.0,92
Aṣa,YouTube_channel_views_daily,Q4_2025,sum,4394060.0,47737.0,47784.0,92
Aṣa,YouTube_subscribers_daily,Q1_2025,net_change,-1.0,945.0,944.0,90
Aṣa,YouTube_subscribers_daily,Q1_2026,net_change,1.0,942.0,943.0,90
Aṣa,YouTube_subscribers_daily,Q2_2025,net_change,-2.0,944.0,942.0,91
Aṣa,YouTube_subscribers_daily,Q3_2025,net_change,-2.0,942.0,940.0,92
Aṣa,YouTube_subscribers_daily,Q4_2025,net_change,2.0,940.0,942.0,92
BNXN,Bandsintown_followers_daily,Q3_2025,net_change,911.0,11325.0,12236.0,10
BNXN,Bandsintown_followers_daily,Q4_2025,net_change,1381.0,12373.0,13754.0,14
BNXN,Deezer_fans_daily,Q1_2025,net_change,83.0,72239.0,72322.0,60
BNXN,Deezer_fans_daily,Q1_2026,net_change,98.0,72663.0,72761.0,90
BNXN,Deezer_fans_daily,Q2_2025,net_change,109.0,72322.0,72431.0,87
BNXN,Deezer_fans_daily,Q3_2025,net_change,103.0,72435.0,72538.0,92
BNXN,Deezer_fans_daily,Q4_2025,net_change,124.0,72539.0,72663.0,92
BNXN,Facebook_followers_daily,Q1_2025,net_change,-2613.0,183550.0,180937.0,56
BNXN,Facebook_followers_daily,Q1_2026,net_change,2000.0,214000.0,216000.0,14
BNXN,Facebook_followers_daily,Q2_2025,net_change,-1994.0,180994.0,179000.0,20
BNXN,Facebook_followers_daily,Q3_2025,net_change,12000.0,201000.0,213000.0,42
BNXN,Facebook_followers_daily,Q4_2025,net_change,2000.0,214000.0,216000.0,61
BNXN,Facebook_likes_daily,Q1_2025,net_change,-2613.0,183550.0,180937.0,56
BNXN,Facebook_likes_daily,Q1_2026,net_change,216338.0,0.0,216338.0,14
BNXN,Facebook_likes_daily,Q2_2025,net_change,-1640.0,180994.0,179354.0,20
BNXN,Facebook_likes_daily,Q3_2025,net_change,0.0,0.0,0.0,42
BNXN,Facebook_likes_daily,Q4_2025,net_change,0.0,0.0,0.0,61
BNXN,Facebook_talks_daily,Q1_2025,sum,71128.0,785.0,912.0,56
BNXN,Facebook_talks_daily,Q1_2026,sum,38319.0,3583.0,1214.0,14
BNXN,Facebook_talks_daily,Q2_2025,sum,11887.0,925.0,563.0,20
BNXN,Facebook_talks_daily,Q3_2025,sum,457443.0,48595.0,10454.0,42
BNXN,Facebook_talks_daily,Q4_2025,sum,417444.0,13364.0,6218.0,61
BNXN,Instagram_followers_daily,Q1_2025,net_change,-46939.0,1733278.0,1686339.0,83
BNXN,Instagram_followers_daily,Q1_2026,net_change,-17165.0,1709158.0,1691993.0,89
BNXN,Instagram_followers_daily,Q2_2025,net_change,-4901.0,1686138.0,1681237.0,89
BNXN,Instagram_followers_daily,Q3_2025,net_change,37771.0,1681301.0,1719072.0,59
BNXN,Instagram_followers_daily,Q4_2025,net_change,-10225.0,1719733.0,1709508.0,82
BNXN,Spotify_followers_daily,Q1_2025,net_change,242354.0,2067562.0,2309916.0,90
BNXN,Spotify_followers_daily,Q1_2026,net_change,286414.0,3265513.0,3551927.0,90
BNXN,Spotify_followers_daily,Q2_2025,net_change,242733.0,2312388.0,2555121.0,91
BNXN,Spotify_followers_daily,Q3_2025,net_change,307437.0,2557950.0,2865387.0,92
BNXN,Spotify_followers_daily,Q4_2025,net_change,394868.0,2866833.0,3261701.0,92
BNXN,Spotify_monthly_listeners_daily,Q1_2025,net_change,-714277.0,4845458.0,4131181.0,90
BNXN,Spotify_monthly_listeners_daily,Q1_2026,net_change,-88928.0,4851510.0,4762582.0,90
BNXN,Spotify_monthly_listeners_daily,Q2_2025,net_change,780830.0,4141621.0,4922451.0,91
BNXN,Spotify_monthly_listeners_daily,Q3_2025,net_change,-240205.0,4932194.0,4691989.0,92
BNXN,Spotify_monthly_listeners_daily,Q4_2025,net_change,159394.0,4684771.0,4844165.0,92
BNXN,Spotify_popularity_daily,Q1_2025,last_value,71.0,73.0,71.0,69
BNXN,Spotify_popularity_daily,Q1_2026,last_value,71.0,73.0,71.0,83
BNXN,Spotify_popularity_daily,Q2_2025,last_value,74.0,71.0,74.0,46
BNXN,Spotify_popularity_daily,Q3_2025,last_value,76.0,74.0,76.0,89
BNXN,Spotify_popularity_daily,Q4_2025,last_value,73.0,76.0,73.0,81
BNXN,TikTok_followers_daily,Q1_2025,net_change,-800.0,447600.0,446800.0,90
BNXN,TikTok_followers_daily,Q1_2026,net_change,1276.0,665224.0,666500.0,90
BNXN,TikTok_followers_daily,Q2_2025,net_change,56700.0,446700.0,503400.0,91
BNXN,TikTok_followers_daily,Q3_2025,net_change,145640.0,503800.0,649440.0,92
BNXN,TikTok_followers_daily,Q4_2025,net_change,15446.0,649660.0,665106.0,92
BNXN,TikTok_likes_daily,Q1_2025,net_change,170899.0,3814815.0,3985714.0,90
BNXN,TikTok_likes_daily,Q1_2026,net_change,458824.0,8841176.0,9300000.0,90
BNXN,TikTok_likes_daily,Q2_2025,net_change,990765.0,3987013.0,4977778.0,91
BNXN,TikTok_likes_daily,Q3_2025,net_change,3036111.0,4988889.0,8025000.0,92
BNXN,TikTok_likes_daily,Q4_2025,net_change,797794.0,8037500.0,8835294.0,92
BNXN,Twitter_followers_daily,Q1_2025,net_change,25077.0,1959446.0,1984523.0,74
BNXN,Twitter_followers_daily,Q1_2026,net_change,24154.0,2104442.0,2128596.0,81
BNXN,Twitter_followers_daily,Q2_2025,net_change,34322.0,1984732.0,2019054.0,73
BNXN,Twitter_followers_daily,Q3_2025,net_change,57714.0,2020554.0,2078268.0,67
BNXN,Twitter_followers_daily,Q4_2025,net_change,25811.0,2078571.0,2104382.0,91
BNXN,Wikipedia_views_daily,Q1_2026,sum,9534.0,119.0,151.0,83
BNXN,Wikipedia_views_daily,Q2_2025,sum,17191.0,142.0,245.0,91
BNXN,Wikipedia_views_daily,Q3_2025,sum,20813.0,255.0,129.0,92
BNXN,Wikipedia_views_daily,Q4_2025,sum,13186.0,116.0,127.0,92
BNXN,YouTube_channel_views_daily,Q1_2025,sum,18593896530.0,195653970.0,217446400.0,90
BNXN,YouTube_channel_views_daily,Q1_2026,sum,28933716900.0,308672930.0,333753660.0,90
BNXN,YouTube_channel_views_daily,Q2_2025,sum,20913292960.0,217823380.0,243726660.0,91
BNXN,YouTube_channel_views_daily,Q3_2025,sum,24262719400.0,244036450.0,280740930.0,92
BNXN,YouTube_channel_views_daily,Q4_2025,sum,27086700080.0,281032930.0,308392400.0,92
BNXN,YouTube_subscribers_daily,Q1_2025,net_change,27500.0,339500.0,367000.0,90
BNXN,YouTube_subscribers_daily,Q1_2026,net_change,17000.0,455000.0,472000.0,90
BNXN,YouTube_subscribers_daily,Q2_2025,net_change,31542.0,367333.0,398875.0,91
BNXN,YouTube_subscribers_daily,Q3_2025,net_change,33750.0,399250.0,433000.0,92
BNXN,YouTube_subscribers_daily,Q4_2025,net_change,21550.0,433250.0,454800.0,92
Bad Boy Timz,Deezer_fans_daily,Q1_2025,net_change,51.0,18606.0,18657.0,83
Bad Boy Timz,Deezer_fans_daily,Q1_2026,net_change,56.0,18855.0,18911.0,90
Bad Boy Timz,Deezer_fans_daily,Q2_2025,net_change,43.0,18657.0,18700.0,86
Bad Boy Timz,Deezer_fans_daily,Q3_2025,net_change,72.0,18701.0,18773.0,91
Bad Boy Timz,Deezer_fans_daily,Q4_2025,net_change,77.0,18775.0,18852.0,92
Bad Boy Timz,Instagram_followers_daily,Q1_2025,net_change,-19983.0,1932844.0,1912861.0,178
Bad Boy Timz,Instagram_followers_daily,Q1_2026,net_change,-18378.0,1706978.0,1688600.0,89
Bad Boy Timz,Instagram_followers_daily,Q2_2025,net_change,-62373.0,1911996.0,1849623.0,178
Bad Boy Timz,Instagram_followers_daily,Q3_2025,net_change,-114429.0,1849484.0,1735055.0,120
Bad Boy Timz,Instagram_followers_daily,Q4_2025,net_change,-32554.0,1739760.0,1707206.0,164
Bad Boy Timz,Spotify_followers_daily,Q1_2025,net_change,20466.0,481252.0,501718.0,180
Bad Boy Timz,Spotify_followers_daily,Q1_2026,net_change,17277.0,570631.0,587908.0,90
Bad Boy Timz,Spotify_followers_daily,Q2_2025,net_change,18051.0,501949.0,520000.0,182
Bad Boy Timz,Spotify_followers_daily,Q3_2025,net_change,26166.0,520266.0,546432.0,184
Bad Boy Timz,Spotify_followers_daily,Q4_2025,net_change,23611.0,546734.0,570345.0,184
Bad Boy Timz,Spotify_monthly_listeners_daily,Q1_2025,net_change,-143587.0,682531.0,538944.0,180
Bad Boy Timz,Spotify_monthly_listeners_daily,Q1_2026,net_change,20715.0,471997.0,492712.0,90
Bad Boy Timz,Spotify_monthly_listeners_daily,Q2_2025,net_change,128760.0,536048.0,664808.0,182
Bad Boy Timz,Spotify_monthly_listeners_daily,Q3_2025,net_change,-205545.0,675337.0,469792.0,184
Bad Boy Timz,Spotify_monthly_listeners_daily,Q4_2025,net_change,9194.0,466111.0,475305.0,92
Bad Boy Timz,Spotify_popularity_daily,Q1_2025,last_value,47.0,51.0,47.0,85
Bad Boy Timz,Spotify_popularity_daily,Q1_2026,last_value,45.0,46.0,45.0,75
Bad Boy Timz,Spotify_popularity_daily,Q2_2025,last_value,50.0,47.0,50.0,61
Bad Boy Timz,Spotify_popularity_daily,Q3_2025,last_value,48.0,50.0,48.0,84
Bad Boy Timz,Spotify_popularity_daily,Q4_2025,last_value,46.0,48.0,46.0,83
Bad Boy Timz,Twitter_followers_daily,Q1_2025,net_change,-743.0,271373.0,270630.0,148
Bad Boy Timz,Twitter_followers_daily,Q1_2026,net_change,-1449.0,267040.0,265591.0,80
Bad Boy Timz,Twitter_followers_daily,Q2_2025,net_change,-431.0,270688.0,270257.0,146
Bad Boy Timz,Twitter_followers_daily,Q3_2025,net_change,-1517.0,270230.0,268713.0,136
Bad Boy Timz,Twitter_followers_daily,Q4_2025,net_change,-1620.0,268689.0,267069.0,182
Bad Boy Timz,Wikipedia_views_daily,Q1_2025,sum,2602.0,9.0,11.0,180
Bad Boy Timz,Wikipedia_views_daily,Q1_2026,sum,1603.0,10.0,16.0,84
Bad Boy Timz,Wikipedia_views_daily,Q2_2025,sum,3042.0,14.0,19.0,182
Bad Boy Timz,Wikipedia_views_daily,Q3_2025,sum,2108.0,9.0,11.0,184
Bad Boy Timz,Wikipedia_views_daily,Q4_2025,sum,2616.0,17.0,18.0,184
Bad Boy Timz,YouTube_channel_views_daily,Q1_2025,sum,318180484.0,3517548.0,3553421.0,90
Bad Boy Timz,YouTube_channel_views_daily,Q1_2026,sum,332922824.0,3681418.0,3718979.0,90
Bad Boy Timz,YouTube_channel_views_daily,Q2_2025,sum,325335845.0,3553633.0,3596492.0,91
Bad Boy Timz,YouTube_channel_views_daily,Q3_2025,sum,333212428.0,3597065.0,3643796.0,92
Bad Boy Timz,YouTube_channel_views_daily,Q4_2025,sum,337026283.0,3644158.0,3681255.0,92
Bad Boy Timz,YouTube_subscribers_daily,Q1_2025,net_change,25.0,14230.0,14255.0,180
Bad Boy Timz,YouTube_subscribers_daily,Q1_2026,net_change,0.0,14300.0,14300.0,90
Bad Boy Timz,YouTube_subscribers_daily,Q2_2025,net_change,24.0,14255.0,14279.0,182
Bad Boy Timz,YouTube_subscribers_daily,Q3_2025,net_change,-80.0,14280.0,14200.0,184
Bad Boy Timz,YouTube_subscribers_daily,Q4_2025,net_change,67.0,14233.0,14300.0,178
Banky W.,Deezer_fans_daily,Q1_2025,net_change,16.0,9040.0,9056.0,90
Banky W.,Deezer_fans_daily,Q1_2026,net_change,10.0,9115.0,9125.0,90
Banky W.,Deezer_fans_daily,Q2_2025,net_change,13.0,9056.0,9069.0,91
Banky W.,Deezer_fans_daily,Q3_2025,net_change,27.0,9069.0,9096.0,92
Banky W.,Deezer_fans_daily,Q4_2025,net_change,19.0,9096.0,9115.0,92
Banky W.,Facebook_followers_daily,Q1_2025,net_change,-7588.0,572049.0,564461.0,56
Banky W.,Facebook_followers_daily,Q1_2026,net_change,-6000.0,535000.0,529000.0,10
Banky W.,Facebook_followers_daily,Q2_2025,net_change,-2064.0,564383.0,562319.0,14
Banky W.,Facebook_followers_daily,Q3_2025,net_change,0.0,547000.0,547000.0,1
Banky W.,Facebook_followers_daily,Q4_2025,net_change,-1000.0,537000.0,536000.0,4
Banky W.,Facebook_likes_daily,Q1_2025,net_change,-7588.0,572049.0,564461.0,56
Banky W.,Facebook_likes_daily,Q1_2026,net_change,529964.0,0.0,529964.0,10
Banky W.,Facebook_likes_daily,Q2_2025,net_change,-2064.0,564383.0,562319.0,14
Banky W.,Facebook_likes_daily,Q3_2025,net_change,0.0,0.0,0.0,1
Banky W.,Facebook_likes_daily,Q4_2025,net_change,0.0,0.0,0.0,4
Banky W.,Facebook_talks_daily,Q1_2025,sum,6354.0,124.0,120.0,56
Banky W.,Facebook_talks_daily,Q1_2026,sum,1017.0,101.0,64.0,10
Banky W.,Facebook_talks_daily,Q2_2025,sum,1260.0,150.0,80.0,14
Banky W.,Facebook_talks_daily,Q3_2025,sum,121.0,121.0,121.0,1
Banky W.,Facebook_talks_daily,Q4_2025,sum,464.0,108.0,136.0,4
Banky W.,Instagram_followers_daily,Q1_2025,net_change,-25222.0,4947106.0,4921884.0,47
Banky W.,Instagram_followers_daily,Q1_2026,net_change,6896.0,4880311.0,4887207.0,89
Banky W.,Instagram_followers_daily,Q2_2025,net_change,-22056.0,4923345.0,4901289.0,60
Banky W.,Instagram_followers_daily,Q3_2025,net_change,-32794.0,4901029.0,4868235.0,60
Banky W.,Instagram_followers_daily,Q4_2025,net_change,11996.0,4867864.0,4879860.0,82
Banky W.,Spotify_followers_daily,Q1_2025,net_change,566.0,306932.0,307498.0,90
Banky W.,Spotify_followers_daily,Q1_2026,net_change,2638.0,309834.0,312472.0,90
Banky W.,Spotify_followers_daily,Q2_2025,net_change,237.0,307502.0,307739.0,91
Banky W.,Spotify_followers_daily,Q3_2025,net_change,456.0,307742.0,308198.0,92
Banky W.,Spotify_followers_daily,Q4_2025,net_change,1614.0,308198.0,309812.0,92
Banky W.,Spotify_monthly_listeners_daily,Q1_2025,net_change,-3232.0,288058.0,284826.0,90
Banky W.,Spotify_monthly_listeners_daily,Q1_2026,net_change,43364.0,312445.0,355809.0,90
Banky W.,Spotify_monthly_listeners_daily,Q2_2025,net_change,-1231.0,285082.0,283851.0,91
Banky W.,Spotify_monthly_listeners_daily,Q3_2025,net_change,22229.0,285192.0,307421.0,92
Banky W.,Spotify_monthly_listeners_daily,Q4_2025,net_change,4841.0,307536.0,312377.0,92
Banky W.,Spotify_popularity_daily,Q1_2025,last_value,43.0,44.0,43.0,86
Banky W.,Spotify_popularity_daily,Q1_2026,last_value,43.0,43.0,43.0,70
Banky W.,Spotify_popularity_daily,Q2_2025,last_value,44.0,43.0,44.0,63
Banky W.,Spotify_popularity_daily,Q3_2025,last_value,44.0,44.0,44.0,85
Banky W.,Spotify_popularity_daily,Q4_2025,last_value,43.0,44.0,43.0,77
Banky W.,Twitter_followers_daily,Q1_2026,net_change,-8455.0,3549001.0,3540546.0,79
Banky W.,Twitter_followers_daily,Q2_2025,net_change,-3242.0,3738941.0,3735699.0,34
Banky W.,Twitter_followers_daily,Q3_2025,net_change,-22598.0,3735457.0,3712859.0,64
Banky W.,Twitter_followers_daily,Q4_2025,net_change,-163490.0,3712623.0,3549133.0,88
Banky W.,Wikipedia_views_daily,Q1_2025,sum,8644.0,83.0,99.0,88
Banky W.,Wikipedia_views_daily,Q1_2026,sum,10660.0,76.0,146.0,83
Banky W.,Wikipedia_views_daily,Q2_2025,sum,9066.0,86.0,85.0,91
Banky W.,Wikipedia_views_daily,Q3_2025,sum,7958.0,89.0,88.0,92
Banky W.,Wikipedia_views_daily,Q4_2025,sum,8521.0,67.0,75.0,87
Banky W.,YouTube_artist_daily_views,Q1_2025,sum,660865.0,12386.0,14093.0,45
Banky W.,YouTube_artist_daily_views,Q1_2026,sum,1114529.0,12535.0,14687.0,75
Banky W.,YouTube_artist_daily_views,Q2_2025,sum,613372.0,15420.0,14503.0,43
Banky W.,YouTube_artist_daily_views,Q3_2025,sum,652811.0,14087.0,11979.0,45
Banky W.,YouTube_artist_daily_views,Q4_2025,sum,645562.0,12560.0,14036.0,45
Banky W.,YouTube_artist_monthly_views,Q1_2025,sum,18434695.0,412244.0,413019.0,45
Banky W.,YouTube_artist_monthly_views,Q1_2026,sum,16369937.0,392090.0,413283.0,40
Banky W.,YouTube_artist_monthly_views,Q2_2025,sum,17158433.0,413378.0,411463.0,43
Banky W.,YouTube_artist_monthly_views,Q3_2025,sum,18479013.0,409636.0,369759.0,45
Banky W.,YouTube_artist_monthly_views,Q4_2025,sum,17697160.0,366262.0,394628.0,45
Banky W.,YouTube_channel_views_daily,Q1_2025,sum,16994236690.0,187827460.0,189785500.0,90
Banky W.,YouTube_channel_views_daily,Q1_2026,sum,17699720310.0,195679760.0,197631920.0,90
Banky W.,YouTube_channel_views_daily,Q2_2025,sum,17355814890.0,189807470.0,191712590.0,91
Banky W.,YouTube_channel_views_daily,Q3_2025,sum,17733142940.0,191735820.0,193717470.0,92
Banky W.,YouTube_channel_views_daily,Q4_2025,sum,17912655270.0,193735790.0,195660430.0,92
Banky W.,YouTube_subscribers_daily,Q1_2025,net_change,3275.0,570760.0,574035.0,90
Banky W.,YouTube_subscribers_daily,Q1_2026,net_change,1854.0,584146.0,586000.0,90
Banky W.,YouTube_subscribers_daily,Q2_2025,net_change,3883.0,574069.0,577952.0,91
Banky W.,YouTube_subscribers_daily,Q3_2025,net_change,3324.0,578000.0,581324.0,92
Banky W.,YouTube_subscribers_daily,Q4_2025,net_change,2769.0,581353.0,584122.0,92
Bayanni,Deezer_fans_daily,Q1_2025,net_change,285.0,3231.0,3516.0,90
Bayanni,Deezer_fans_daily,Q1_2026,net_change,202.0,4342.0,4544.0,90
Bayanni,Deezer_fans_daily,Q2_2025,net_change,267.0,3516.0,3783.0,88
Bayanni,Deezer_fans_daily,Q3_2025,net_change,304.0,3788.0,4092.0,92
Bayanni,Deezer_fans_daily,Q4_2025,net_change,242.0,4098.0,4340.0,92
Bayanni,Facebook_followers_daily,Q1_2025,net_change,-1935.0,144438.0,142503.0,39
Bayanni,Facebook_followers_daily,Q1_2026,net_change,12000.0,174000.0,186000.0,10
Bayanni,Facebook_followers_daily,Q2_2025,net_change,1366.0,142634.0,144000.0,17
Bayanni,Facebook_followers_daily,Q3_2025,net_change,0.0,135000.0,135000.0,41
Bayanni,Facebook_followers_daily,Q4_2025,net_change,16000.0,135000.0,151000.0,52
Bayanni,Facebook_likes_daily,Q1_2025,net_change,-1935.0,144438.0,142503.0,39
Bayanni,Facebook_likes_daily,Q1_2026,net_change,186749.0,0.0,186749.0,10
Bayanni,Facebook_likes_daily,Q2_2025,net_change,2242.0,142634.0,144876.0,17
Bayanni,Facebook_likes_daily,Q3_2025,net_change,0.0,0.0,0.0,41
Bayanni,Facebook_likes_daily,Q4_2025,net_change,0.0,0.0,0.0,52
Bayanni,Facebook_talks_daily,Q1_2025,sum,50689.0,940.0,6277.0,39
Bayanni,Facebook_talks_daily,Q1_2026,sum,165950.0,29942.0,7062.0,10
Bayanni,Facebook_talks_daily,Q2_2025,sum,147999.0,5807.0,11679.0,17
Bayanni,Facebook_talks_daily,Q3_2025,sum,86464.0,560.0,3583.0,41
Bayanni,Facebook_talks_daily,Q4_2025,sum,627548.0,3269.0,29025.0,52
Bayanni,Instagram_followers_daily,Q1_2025,net_change,-15061.0,489202.0,474141.0,90
Bayanni,Instagram_followers_daily,Q1_2026,net_change,-881.0,466472.0,465591.0,89
Bayanni,Instagram_followers_daily,Q2_2025,net_change,540.0,474086.0,474626.0,89
Bayanni,Instagram_followers_daily,Q3_2025,net_change,1286.0,474519.0,475805.0,60
Bayanni,Instagram_followers_daily,Q4_2025,net_change,-9049.0,475638.0,466589.0,82
Bayanni,Spotify_followers_daily,Q1_2025,net_change,18482.0,189412.0,207894.0,90
Bayanni,Spotify_followers_daily,Q1_2026,net_change,50248.0,317370.0,367618.0,90
Bayanni,Spotify_followers_daily,Q2_2025,net_change,24468.0,208032.0,232500.0,91
Bayanni,Spotify_followers_daily,Q3_2025,net_change,27309.0,232681.0,259990.0,92
Bayanni,Spotify_followers_daily,Q4_2025,net_change,56414.0,260306.0,316720.0,92
Bayanni,Spotify_monthly_listeners_daily,Q1_2025,net_change,-328505.0,2336381.0,2007876.0,90
Bayanni,Spotify_monthly_listeners_daily,Q1_2026,net_change,159800.0,1794183.0,1953983.0,90
Bayanni,Spotify_monthly_listeners_daily,Q2_2025,net_change,11673.0,2012725.0,2024398.0,91
Bayanni,Spotify_monthly_listeners_daily,Q3_2025,net_change,-224970.0,2026607.0,1801637.0,92
Bayanni,Spotify_monthly_listeners_daily,Q4_2025,net_change,-4003.0,1799492.0,1795489.0,92
Bayanni,Spotify_popularity_daily,Q1_2025,last_value,59.0,61.0,59.0,82
Bayanni,Spotify_popularity_daily,Q1_2026,last_value,56.0,57.0,56.0,81
Bayanni,Spotify_popularity_daily,Q2_2025,last_value,59.0,59.0,59.0,69
Bayanni,Spotify_popularity_daily,Q3_2025,last_value,58.0,59.0,58.0,88
Bayanni,Spotify_popularity_daily,Q4_2025,last_value,57.0,58.0,57.0,76
Bayanni,TikTok_followers_daily,Q1_2025,net_change,54400.0,396000.0,450400.0,90
Bayanni,TikTok_followers_daily,Q1_2026,net_change,30700.0,649500.0,680200.0,90
Bayanni,TikTok_followers_daily,Q2_2025,net_change,25550.0,454350.0,479900.0,91
Bayanni,TikTok_followers_daily,Q3_2025,net_change,75933.0,493000.0,568933.0,91
Bayanni,TikTok_followers_daily,Q4_2025,net_change,72233.0,576767.0,649000.0,92
Bayanni,TikTok_likes_daily,Q1_2025,net_change,793333.0,5106667.0,5900000.0,90
Bayanni,TikTok_likes_daily,Q1_2026,net_change,1850000.0,14550000.0,16400000.0,90
Bayanni,TikTok_likes_daily,Q2_2025,net_change,1200000.0,6000000.0,7200000.0,91
Bayanni,TikTok_likes_daily,Q3_2025,net_change,3366666.0,7600000.0,10966666.0,91
Bayanni,TikTok_likes_daily,Q4_2025,net_change,3254167.0,11283333.0,14537500.0,92
Bayanni,Twitter_followers_daily,Q1_2025,net_change,-194.0,50293.0,50099.0,75
Bayanni,Twitter_followers_daily,Q1_2026,net_change,-320.0,50404.0,50084.0,80
Bayanni,Twitter_followers_daily,Q2_2025,net_change,370.0,50109.0,50479.0,73
Bayanni,Twitter_followers_daily,Q3_2025,net_change,85.0,50479.0,50564.0,69
Bayanni,Twitter_followers_daily,Q4_2025,net_change,-155.0,50553.0,50398.0,91
Bayanni,YouTube_channel_views_daily,Q1_2025,sum,8187705962.0,84889440.0,96211890.0,90
Bayanni,YouTube_channel_views_daily,Q1_2026,sum,13268978830.0,140919180.0,153908450.0,90
Bayanni,YouTube_channel_views_daily,Q2_2025,sum,9459919046.0,96262184.0,111151670.0,91
Bayanni,YouTube_channel_views_daily,Q3_2025,sum,10809457214.0,111302520.0,123915890.0,92
Bayanni,YouTube_channel_views_daily,Q4_2025,sum,12182681734.0,124062570.0,140760420.0,92
Bayanni,YouTube_subscribers_daily,Q1_2025,net_change,15000.0,172333.0,187333.0,90
Bayanni,YouTube_subscribers_daily,Q1_2026,net_change,11357.0,244500.0,255857.0,90
Bayanni,YouTube_subscribers_daily,Q2_2025,net_change,19788.0,187667.0,207455.0,91
Bayanni,YouTube_subscribers_daily,Q3_2025,net_change,16673.0,207727.0,224400.0,92
Bayanni,YouTube_subscribers_daily,Q4_2025,net_change,19733.0,224600.0,244333.0,92
Bella Shmurda,Deezer_fans_daily,Q1_2026,net_change,0.0,4.0,4.0,90
Bella Shmurda,Deezer_fans_daily,Q4_2025,net_change,0.0,4.0,4.0,83
Bella Shmurda,Facebook_followers_daily,Q1_2025,net_change,-30519.0,2161417.0,2130898.0,56
Bella Shmurda,Facebook_followers_daily,Q1_2026,net_change,0.0,1800000.0,1800000.0,15
Bella Shmurda,Facebook_followers_daily,Q2_2025,net_change,-30130.0,2130130.0,2100000.0,76
Bella Shmurda,Facebook_followers_daily,Q3_2025,net_change,-200000.0,2100000.0,1900000.0,61
Bella Shmurda,Facebook_followers_daily,Q4_2025,net_change,0.0,1900000.0,1900000.0,73
Bella Shmurda,Facebook_likes_daily,Q1_2025,net_change,-30519.0,2161417.0,2130898.0,56
Bella Shmurda,Facebook_likes_daily,Q1_2026,net_change,1856567.0,0.0,1856567.0,15
Bella Shmurda,Facebook_likes_daily,Q2_2025,net_change,-13026.0,2130130.0,2117104.0,76
Bella Shmurda,Facebook_likes_daily,Q3_2025,net_change,-2117104.0,2117104.0,0.0,61
Bella Shmurda,Facebook_likes_daily,Q4_2025,net_change,0.0,0.0,0.0,73
Bella Shmurda,Facebook_talks_daily,Q1_2025,sum,1356587.0,32011.0,8602.0,56
Bella Shmurda,Facebook_talks_daily,Q1_2026,sum,116249.0,8132.0,22777.0,15
Bella Shmurda,Facebook_talks_daily,Q2_2025,sum,2210563.0,6525.0,30436.0,76
Bella Shmurda,Facebook_talks_daily,Q3_2025,sum,1305987.0,30436.0,23739.0,61
Bella Shmurda,Facebook_talks_daily,Q4_2025,sum,2537789.0,23895.0,11571.0,73
Bella Shmurda,Instagram_followers_daily,Q1_2025,net_change,-139978.0,4089910.0,3949932.0,86
Bella Shmurda,Instagram_followers_daily,Q1_2026,net_change,-48159.0,3909968.0,3861809.0,88
Bella Shmurda,Instagram_followers_daily,Q2_2025,net_change,-9636.0,3952145.0,3942509.0,89
Bella Shmurda,Instagram_followers_daily,Q3_2025,net_change,9611.0,3943390.0,3953001.0,60
Bella Shmurda,Instagram_followers_daily,Q4_2025,net_change,-41830.0,3952456.0,3910626.0,82
Bella Shmurda,Soundcloud_followers_daily,Q1_2025,net_change,123.0,12298.0,12421.0,70
Bella Shmurda,Soundcloud_followers_daily,Q1_2026,net_change,90.0,12677.0,12767.0,90
Bella Shmurda,Soundcloud_followers_daily,Q2_2025,net_change,78.0,12420.0,12498.0,79
Bella Shmurda,Soundcloud_followers_daily,Q3_2025,net_change,100.0,12500.0,12600.0,88
Bella Shmurda,Soundcloud_followers_daily,Q4_2025,net_change,73.0,12603.0,12676.0,87
Bella Shmurda,Spotify_followers_daily,Q1_2025,net_change,186524.0,1684728.0,1871252.0,90
Bella Shmurda,Spotify_followers_daily,Q1_2026,net_change,253763.0,2676023.0,2929786.0,90
Bella Shmurda,Spotify_followers_daily,Q2_2025,net_change,230523.0,1873023.0,2103546.0,91
Bella Shmurda,Spotify_followers_daily,Q3_2025,net_change,266709.0,2106058.0,2372767.0,92
Bella Shmurda,Spotify_followers_daily,Q4_2025,net_change,297533.0,2375316.0,2672849.0,92
Bella Shmurda,Spotify_monthly_listeners_daily,Q1_2025,net_change,-23814.0,1772924.0,1749110.0,90
Bella Shmurda,Spotify_monthly_listeners_daily,Q1_2026,net_change,-93455.0,2501677.0,2408222.0,90
Bella Shmurda,Spotify_monthly_listeners_daily,Q2_2025,net_change,588499.0,1759708.0,2348207.0,91
Bella Shmurda,Spotify_monthly_listeners_daily,Q3_2025,net_change,-49334.0,2356024.0,2306690.0,92
Bella Shmurda,Spotify_monthly_listeners_daily,Q4_2025,net_change,194666.0,2305833.0,2500499.0,92
Bella Shmurda,Spotify_popularity_daily,Q1_2025,last_value,65.0,66.0,65.0,75
Bella Shmurda,Spotify_popularity_daily,Q1_2026,last_value,66.0,69.0,66.0,78
Bella Shmurda,Spotify_popularity_daily,Q2_2025,last_value,70.0,65.0,70.0,43
Bella Shmurda,Spotify_popularity_daily,Q3_2025,last_value,69.0,70.0,69.0,85
Bella Shmurda,Spotify_popularity_daily,Q4_2025,last_value,68.0,69.0,68.0,77
Bella Shmurda,TikTok_followers_daily,Q1_2025,net_change,11000.0,666100.0,677100.0,90
Bella Shmurda,TikTok_followers_daily,Q1_2026,net_change,4431.0,842769.0,847200.0,90
Bella Shmurda,TikTok_followers_daily,Q2_2025,net_change,73900.0,677000.0,750900.0,91
Bella Shmurda,TikTok_followers_daily,Q3_2025,net_change,43900.0,751400.0,795300.0,92
Bella Shmurda,TikTok_followers_daily,Q4_2025,net_change,46977.0,795600.0,842577.0,92
Bella Shmurda,TikTok_likes_daily,Q1_2025,net_change,302631.0,5247369.0,5550000.0,90
Bella Shmurda,TikTok_likes_daily,Q1_2026,net_change,164286.0,8535714.0,8700000.0,90
Bella Shmurda,TikTok_likes_daily,Q2_2025,net_change,955757.0,5553334.0,6509091.0,91
Bella Shmurda,TikTok_likes_daily,Q3_2025,net_change,914936.0,6513636.0,7428572.0,92
Bella Shmurda,TikTok_likes_daily,Q4_2025,net_change,1085714.0,7442857.0,8528571.0,92
Bella Shmurda,Twitter_followers_daily,Q1_2025,net_change,6405.0,1228544.0,1234949.0,74
Bella Shmurda,Twitter_followers_daily,Q1_2026,net_change,-532.0,1255639.0,1255107.0,81
Bella Shmurda,Twitter_followers_daily,Q2_2025,net_change,9052.0,1235257.0,1244309.0,73
Bella Shmurda,Twitter_followers_daily,Q3_2025,net_change,8897.0,1244391.0,1253288.0,67
Bella Shmurda,Twitter_followers_daily,Q4_2025,net_change,2336.0,1253324.0,1255660.0,91
Bella Shmurda,Wikipedia_views_daily,Q1_2025,sum,12165.0,120.0,87.0,88
Bella Shmurda,Wikipedia_views_daily,Q1_2026,sum,13236.0,144.0,96.0,84
Bella Shmurda,Wikipedia_views_daily,Q2_2025,sum,15267.0,116.0,134.0,91
Bella Shmurda,Wikipedia_views_daily,Q3_2025,sum,11856.0,124.0,118.0,90
Bella Shmurda,YouTube_channel_views_daily,Q1_2025,sum,14674624660.0,160922340.0,165828370.0,90
Bella Shmurda,YouTube_channel_views_daily,Q1_2026,sum,18898330860.0,205518430.0,214003580.0,90
Bella Shmurda,YouTube_channel_views_daily,Q2_2025,sum,15877860270.0,165862450.0,182157090.0,91
Bella Shmurda,YouTube_channel_views_daily,Q3_2025,sum,17239142990.0,182268080.0,192204430.0,92
Bella Shmurda,YouTube_channel_views_daily,Q4_2025,sum,18342688500.0,192320320.0,205418080.0,92
Bella Shmurda,YouTube_subscribers_daily,Q1_2025,net_change,10300.0,446900.0,457200.0,90
Bella Shmurda,YouTube_subscribers_daily,Q1_2026,net_change,8708.0,506125.0,514833.0,90
Bella Shmurda,YouTube_subscribers_daily,Q2_2025,net_change,15600.0,457400.0,473000.0,91
Bella Shmurda,YouTube_subscribers_daily,Q3_2025,net_change,13542.0,473125.0,486667.0,92
Bella Shmurda,YouTube_subscribers_daily,Q4_2025,net_change,19000.0,487000.0,506000.0,92
Blaqbonez,Deezer_fans_daily,Q1_2025,net_change,154.0,30758.0,30912.0,86
Blaqbonez,Deezer_fans_daily,Q1_2026,net_change,180.0,31613.0,31793.0,90
Blaqbonez,Deezer_fans_daily,Q2_2025,net_change,161.0,30913.0,31074.0,88
Blaqbonez,Deezer_fans_daily,Q3_2025,net_change,296.0,31075.0,31371.0,91
Blaqbonez,Deezer_fans_daily,Q4_2025,net_change,238.0,31372.0,31610.0,92
Blaqbonez,Facebook_followers_daily,Q1_2025,net_change,-9373.0,605874.0,596501.0,58
Blaqbonez,Facebook_followers_daily,Q1_2026,net_change,-5000.0,538000.0,533000.0,44
Blaqbonez,Facebook_followers_daily,Q2_2025,net_change,-4373.0,596288.0,591915.0,14
Blaqbonez,Facebook_followers_daily,Q3_2025,net_change,-9000.0,550000.0,541000.0,41
Blaqbonez,Facebook_followers_daily,Q4_2025,net_change,-2000.0,540000.0,538000.0,85
Blaqbonez,Facebook_likes_daily,Q1_2025,net_change,-9373.0,605874.0,596501.0,58
Blaqbonez,Facebook_likes_daily,Q1_2026,net_change,533514.0,0.0,533514.0,44
Blaqbonez,Facebook_likes_daily,Q2_2025,net_change,-4373.0,596288.0,591915.0,14
Blaqbonez,Facebook_likes_daily,Q3_2025,net_change,0.0,0.0,0.0,41
Blaqbonez,Facebook_likes_daily,Q4_2025,net_change,0.0,0.0,0.0,85
Blaqbonez,Facebook_talks_daily,Q1_2025,sum,395606.0,6183.0,1253.0,58
Blaqbonez,Facebook_talks_daily,Q1_2026,sum,773040.0,5481.0,17499.0,44
Blaqbonez,Facebook_talks_daily,Q2_2025,sum,59535.0,1119.0,6497.0,14
Blaqbonez,Facebook_talks_daily,Q3_2025,sum,273063.0,1337.0,5566.0,41
Blaqbonez,Facebook_talks_daily,Q4_2025,sum,1586114.0,5509.0,8147.0,85
Blaqbonez,Instagram_followers_daily,Q1_2025,net_change,-54724.0,1529962.0,1475238.0,90
Blaqbonez,Instagram_followers_daily,Q1_2026,net_change,-9387.0,1425733.0,1416346.0,89
Blaqbonez,Instagram_followers_daily,Q2_2025,net_change,-36479.0,1474799.0,1438320.0,89
Blaqbonez,Instagram_followers_daily,Q3_2025,net_change,-15988.0,1439193.0,1423205.0,60
Blaqbonez,Instagram_followers_daily,Q4_2025,net_change,3430.0,1422698.0,1426128.0,82
Blaqbonez,Soundcloud_followers_daily,Q1_2025,net_change,0.0,4939.0,4939.0,1
Blaqbonez,Soundcloud_followers_daily,Q1_2026,net_change,90.0,5333.0,5423.0,90
Blaqbonez,Soundcloud_followers_daily,Q2_2025,net_change,14.0,5060.0,5074.0,8
Blaqbonez,Soundcloud_followers_daily,Q4_2025,net_change,100.0,5232.0,5332.0,49
Blaqbonez,Spotify_followers_daily,Q1_2025,net_change,81819.0,882959.0,964778.0,90
Blaqbonez,Spotify_followers_daily,Q1_2026,net_change,87713.0,1236341.0,1324054.0,90
Blaqbonez,Spotify_followers_daily,Q2_2025,net_change,68095.0,965586.0,1033681.0,91
Blaqbonez,Spotify_followers_daily,Q3_2025,net_change,80207.0,1034267.0,1114474.0,92
Blaqbonez,Spotify_followers_daily,Q4_2025,net_change,120030.0,1115356.0,1235386.0,92
Blaqbonez,Spotify_monthly_listeners_daily,Q1_2025,net_change,-120301.0,1340693.0,1220392.0,90
Blaqbonez,Spotify_monthly_listeners_daily,Q1_2026,net_change,-104260.0,1581962.0,1477702.0,90
Blaqbonez,Spotify_monthly_listeners_daily,Q2_2025,net_change,98039.0,1222772.0,1320811.0,91
Blaqbonez,Spotify_monthly_listeners_daily,Q3_2025,net_change,238211.0,1320144.0,1558355.0,92
Blaqbonez,Spotify_monthly_listeners_daily,Q4_2025,net_change,27275.0,1559482.0,1586757.0,92
Blaqbonez,Spotify_popularity_daily,Q1_2025,last_value,59.0,60.0,59.0,86
Blaqbonez,Spotify_popularity_daily,Q1_2026,last_value,60.0,62.0,60.0,80
Blaqbonez,Spotify_popularity_daily,Q2_2025,last_value,61.0,59.0,61.0,69
Blaqbonez,Spotify_popularity_daily,Q3_2025,last_value,61.0,61.0,61.0,88
Blaqbonez,Spotify_popularity_daily,Q4_2025,last_value,63.0,61.0,63.0,81
Blaqbonez,TikTok_followers_daily,Q1_2025,net_change,11717.0,725183.0,736900.0,90
Blaqbonez,TikTok_followers_daily,Q1_2026,net_change,8200.0,799700.0,807900.0,90
Blaqbonez,TikTok_followers_daily,Q2_2025,net_change,11700.0,736300.0,748000.0,91
Blaqbonez,TikTok_followers_daily,Q3_2025,net_change,27000.0,750000.0,777000.0,92
Blaqbonez,TikTok_followers_daily,Q4_2025,net_change,23050.0,776700.0,799750.0,92
Blaqbonez,TikTok_likes_daily,Q1_2025,net_change,557143.0,9671429.0,10228572.0,90
Blaqbonez,TikTok_likes_daily,Q1_2026,net_change,1146667.0,13653333.0,14800000.0,90
Blaqbonez,TikTok_likes_daily,Q2_2025,net_change,1034524.0,10232143.0,11266667.0,91
Blaqbonez,TikTok_likes_daily,Q3_2025,net_change,1188235.0,11300000.0,12488235.0,92
Blaqbonez,TikTok_likes_daily,Q4_2025,net_change,1155882.0,12494118.0,13650000.0,92
Blaqbonez,Twitter_followers_daily,Q1_2025,net_change,54699.0,1850828.0,1905527.0,75
Blaqbonez,Twitter_followers_daily,Q1_2026,net_change,22172.0,2004712.0,2026884.0,79
Blaqbonez,Twitter_followers_daily,Q2_2025,net_change,39989.0,1906371.0,1946360.0,73
Blaqbonez,Twitter_followers_daily,Q3_2025,net_change,24626.0,1947265.0,1971891.0,70
Blaqbonez,Twitter_followers_daily,Q4_2025,net_change,32609.0,1972087.0,2004696.0,89
Blaqbonez,Wikipedia_views_daily,Q1_2025,sum,647.0,42.0,61.0,12
Blaqbonez,Wikipedia_views_daily,Q2_2025,sum,434.0,103.0,76.0,6
Blaqbonez,YouTube_channel_views_daily,Q1_2025,sum,6010383630.0,63473324.0,71177010.0,90
Blaqbonez,YouTube_channel_views_daily,Q1_2026,sum,9025865458.0,96637150.0,103839784.0,90
Blaqbonez,YouTube_channel_views_daily,Q2_2025,sum,6765534536.0,71198104.0,77790264.0,91
Blaqbonez,YouTube_channel_views_daily,Q3_2025,sum,7503434330.0,77856780.0,84741920.0,92
Blaqbonez,YouTube_channel_views_daily,Q4_2025,sum,8440284370.0,84784750.0,96582270.0,92
Blaqbonez,YouTube_subscribers_daily,Q1_2025,net_change,12142.0,269313.0,281455.0,90
Blaqbonez,YouTube_subscribers_daily,Q1_2026,net_change,4880.0,315120.0,320000.0,90
Blaqbonez,YouTube_subscribers_daily,Q2_2025,net_change,11188.0,281545.0,292733.0,91
Blaqbonez,YouTube_subscribers_daily,Q3_2025,net_change,9989.0,292800.0,302789.0,92
Blaqbonez,YouTube_subscribers_daily,Q4_2025,net_change,12238.0,302842.0,315080.0,92
Bloody Civilian,Deezer_fans_daily,Q1_2025,net_change,200.0,1819.0,2019.0,90
Bloody Civilian,Deezer_fans_daily,Q1_2026,net_change,50.0,2277.0,2327.0,90
Bloody Civilian,Deezer_fans_daily,Q2_2025,net_change,109.0,2019.0,2128.0,87
Bloody Civilian,Deezer_fans_daily,Q3_2025,net_change,79.0,2129.0,2208.0,92
Bloody Civilian,Deezer_fans_daily,Q4_2025,net_change,69.0,2208.0,2277.0,92
Bloody Civilian,Facebook_followers_daily,Q1_2025,net_change,2569.0,57467.0,60036.0,34
Bloody Civilian,Facebook_followers_daily,Q1_2026,net_change,5000.0,84000.0,89000.0,14
Bloody Civilian,Facebook_followers_daily,Q2_2025,net_change,3707.0,59965.0,63672.0,14
Bloody Civilian,Facebook_followers_daily,Q3_2025,net_change,5000.0,85000.0,90000.0,41
Bloody Civilian,Facebook_followers_daily,Q4_2025,net_change,-3000.0,90000.0,87000.0,73
Bloody Civilian,Facebook_likes_daily,Q1_2025,net_change,2569.0,57467.0,60036.0,34
Bloody Civilian,Facebook_likes_daily,Q1_2026,net_change,89486.0,0.0,89486.0,14
Bloody Civilian,Facebook_likes_daily,Q2_2025,net_change,3707.0,59965.0,63672.0,14
Bloody Civilian,Facebook_likes_daily,Q3_2025,net_change,0.0,0.0,0.0,41
Bloody Civilian,Facebook_likes_daily,Q4_2025,net_change,0.0,0.0,0.0,73
Bloody Civilian,Facebook_talks_daily,Q1_2025,sum,72948.0,1628.0,979.0,34
Bloody Civilian,Facebook_talks_daily,Q1_2026,sum,97747.0,438.0,4857.0,14
Bloody Civilian,Facebook_talks_daily,Q2_2025,sum,80083.0,720.0,4275.0,14
Bloody Civilian,Facebook_talks_daily,Q3_2025,sum,403218.0,14805.0,368.0,41
Bloody Civilian,Facebook_talks_daily,Q4_2025,sum,374009.0,295.0,291.0,73
Bloody Civilian,Instagram_followers_daily,Q1_2025,net_change,-363.0,323810.0,323447.0,178
Bloody Civilian,Instagram_followers_daily,Q1_2026,net_change,-1314.0,319718.0,318404.0,89
Bloody Civilian,Instagram_followers_daily,Q2_2025,net_change,4952.0,323306.0,328258.0,178
Bloody Civilian,Instagram_followers_daily,Q3_2025,net_change,1295.0,328413.0,329708.0,120
Bloody Civilian,Instagram_followers_daily,Q4_2025,net_change,-9517.0,329402.0,319885.0,164
Bloody Civilian,Soundcloud_followers_daily,Q1_2025,net_change,15.0,978.0,993.0,166
Bloody Civilian,Soundcloud_followers_daily,Q1_2026,net_change,14.0,1064.0,1078.0,90
Bloody Civilian,Soundcloud_followers_daily,Q2_2025,net_change,20.0,994.0,1014.0,128
Bloody Civilian,Soundcloud_followers_daily,Q3_2025,net_change,15.0,1022.0,1037.0,180
Bloody Civilian,Soundcloud_followers_daily,Q4_2025,net_change,25.0,1038.0,1063.0,124
Bloody Civilian,Spotify_followers_daily,Q1_2025,net_change,7114.0,104483.0,111597.0,180
Bloody Civilian,Spotify_followers_daily,Q1_2026,net_change,4235.0,142871.0,147106.0,90
Bloody Civilian,Spotify_followers_daily,Q2_2025,net_change,14659.0,111641.0,126300.0,182
Bloody Civilian,Spotify_followers_daily,Q3_2025,net_change,7493.0,126381.0,133874.0,184
Bloody Civilian,Spotify_followers_daily,Q4_2025,net_change,8829.0,133954.0,142783.0,184
Bloody Civilian,Spotify_monthly_listeners_daily,Q1_2025,net_change,-64735.0,998428.0,933693.0,180
Bloody Civilian,Spotify_monthly_listeners_daily,Q1_2026,net_change,-554.0,904961.0,904407.0,90
Bloody Civilian,Spotify_monthly_listeners_daily,Q2_2025,net_change,350693.0,928418.0,1279111.0,91
Bloody Civilian,Spotify_monthly_listeners_daily,Q3_2025,net_change,-209029.0,1276631.0,1067602.0,184
Bloody Civilian,Spotify_monthly_listeners_daily,Q4_2025,net_change,-168079.0,1071847.0,903768.0,184
Bloody Civilian,Spotify_popularity_daily,Q1_2025,last_value,52.0,54.0,52.0,78
Bloody Civilian,Spotify_popularity_daily,Q1_2026,last_value,49.0,51.0,49.0,78
Bloody Civilian,Spotify_popularity_daily,Q2_2025,last_value,55.0,52.0,55.0,62
Bloody Civilian,Spotify_popularity_daily,Q3_2025,last_value,54.0,55.0,54.0,86
Bloody Civilian,Spotify_popularity_daily,Q4_2025,last_value,51.0,54.0,51.0,82
Bloody Civilian,TikTok_followers_daily,Q1_2025,net_change,17250.0,115650.0,132900.0,180
Bloody Civilian,TikTok_followers_daily,Q1_2026,net_change,-3269.0,164169.0,160900.0,90
Bloody Civilian,TikTok_followers_daily,Q2_2025,net_change,15200.0,133500.0,148700.0,182
Bloody Civilian,TikTok_followers_daily,Q3_2025,net_change,15590.0,148750.0,164340.0,184
Bloody Civilian,TikTok_followers_daily,Q4_2025,net_change,-514.0,164760.0,164246.0,92
Bloody Civilian,TikTok_likes_daily,Q1_2025,net_change,928571.0,2471429.0,3400000.0,180
Bloody Civilian,TikTok_likes_daily,Q1_2026,net_change,158620.0,4741380.0,4900000.0,90
Bloody Civilian,TikTok_likes_daily,Q2_2025,net_change,1001389.0,3411111.0,4412500.0,182
Bloody Civilian,TikTok_likes_daily,Q3_2025,net_change,-87634.0,4416667.0,4329033.0,184
Bloody Civilian,TikTok_likes_daily,Q4_2025,net_change,420875.0,4319355.0,4740230.0,184
Bloody Civilian,Twitter_followers_daily,Q1_2025,net_change,14509.0,96975.0,111484.0,50
Bloody Civilian,YouTube_channel_views_daily,Q1_2025,sum,358628677.0,3859995.0,4082232.0,90
Bloody Civilian,YouTube_channel_views_daily,Q1_2026,sum,423515860.0,4636935.0,4764093.0,90
Bloody Civilian,YouTube_channel_views_daily,Q2_2025,sum,381222730.0,4084987.0,4316189.0,91
Bloody Civilian,YouTube_channel_views_daily,Q3_2025,sum,403826737.0,4318380.0,4459192.0,92
Bloody Civilian,YouTube_channel_views_daily,Q4_2025,sum,418937464.0,4460565.0,4635304.0,92
Bloody Civilian,YouTube_subscribers_daily,Q1_2025,net_change,1040.0,14480.0,15520.0,180
Bloody Civilian,YouTube_subscribers_daily,Q1_2026,net_change,229.0,17471.0,17700.0,90
Bloody Civilian,YouTube_subscribers_daily,Q2_2025,net_change,861.0,15527.0,16388.0,182
Bloody Civilian,YouTube_subscribers_daily,Q3_2025,net_change,618.0,16400.0,17018.0,184
Bloody Civilian,YouTube_subscribers_daily,Q4_2025,net_change,445.0,17023.0,17468.0,184
Boj,Deezer_fans_daily,Q1_2025,net_change,64.0,8657.0,8721.0,90
Boj,Deezer_fans_daily,Q1_2026,net_change,62.0,8932.0,8994.0,89
Boj,Deezer_fans_daily,Q2_2025,net_change,41.0,8721.0,8762.0,90
Boj,Deezer_fans_daily,Q3_2025,net_change,74.0,8763.0,8837.0,92
Boj,Deezer_fans_daily,Q4_2025,net_change,93.0,8838.0,8931.0,92
Boj,Facebook_followers_daily,Q1_2025,net_change,-16.0,4578.0,4562.0,35
Boj,Facebook_followers_daily,Q1_2026,net_change,-100.0,4000.0,3900.0,35
Boj,Facebook_followers_daily,Q2_2025,net_change,-47.0,4561.0,4514.0,14
Boj,Facebook_followers_daily,Q3_2025,net_change,0.0,4100.0,4100.0,1
Boj,Facebook_followers_daily,Q4_2025,net_change,-100.0,4100.0,4000.0,37
Boj,Facebook_likes_daily,Q1_2025,net_change,-16.0,4578.0,4562.0,35
Boj,Facebook_likes_daily,Q1_2026,net_change,3972.0,0.0,3972.0,35
Boj,Facebook_likes_daily,Q2_2025,net_change,-47.0,4561.0,4514.0,14
Boj,Facebook_likes_daily,Q3_2025,net_change,0.0,0.0,0.0,1
Boj,Facebook_likes_daily,Q4_2025,net_change,0.0,0.0,0.0,37
Boj,Facebook_talks_daily,Q1_2025,sum,4670.0,4425.0,17.0,35
Boj,Facebook_talks_daily,Q1_2026,sum,5627.0,86.0,2.0,35
Boj,Facebook_talks_daily,Q2_2025,sum,61.0,17.0,1.0,14
Boj,Facebook_talks_daily,Q3_2025,sum,2.0,2.0,2.0,1
Boj,Facebook_talks_daily,Q4_2025,sum,53999.0,15492.0,85.0,37
Boj,Instagram_followers_daily,Q1_2025,net_change,-2601.0,150022.0,147421.0,178
Boj,Instagram_followers_daily,Q1_2026,net_change,-1698.0,140206.0,138508.0,89
Boj,Instagram_followers_daily,Q2_2025,net_change,-3498.0,147468.0,143970.0,178
Boj,Instagram_followers_daily,Q3_2025,net_change,-3906.0,143925.0,140019.0,120
Boj,Instagram_followers_daily,Q4_2025,net_change,-799.0,140998.0,140199.0,164
Boj,Spotify_followers_daily,Q1_2025,net_change,1976.0,159468.0,161444.0,180
Boj,Spotify_followers_daily,Q1_2026,net_change,8973.0,170260.0,179233.0,90
Boj,Spotify_followers_daily,Q2_2025,net_change,2151.0,161495.0,163646.0,182
Boj,Spotify_followers_daily,Q3_2025,net_change,1384.0,163663.0,165047.0,184
Boj,Spotify_followers_daily,Q4_2025,net_change,5161.0,165059.0,170220.0,184
Boj,Spotify_monthly_listeners_daily,Q1_2025,net_change,-45661.0,978307.0,932646.0,180
Boj,Spotify_monthly_listeners_daily,Q1_2026,net_change,-274873.0,1326999.0,1052126.0,90
Boj,Spotify_monthly_listeners_daily,Q2_2025,net_change,437245.0,954952.0,1392197.0,182
Boj,Spotify_monthly_listeners_daily,Q3_2025,net_change,-341715.0,1397301.0,1055586.0,92
Boj,Spotify_monthly_listeners_daily,Q4_2025,net_change,275883.0,1060054.0,1335937.0,184
Boj,Spotify_popularity_daily,Q1_2025,last_value,54.0,56.0,54.0,82
Boj,Spotify_popularity_daily,Q1_2026,last_value,53.0,56.0,53.0,78
Boj,Spotify_popularity_daily,Q2_2025,last_value,58.0,55.0,58.0,67
Boj,Spotify_popularity_daily,Q3_2025,last_value,56.0,58.0,56.0,85
Boj,Spotify_popularity_daily,Q4_2025,last_value,56.0,56.0,56.0,77
Boj,TikTok_followers_daily,Q1_2025,net_change,325.0,9516.0,9841.0,180
Boj,TikTok_followers_daily,Q1_2026,net_change,0.0,10700.0,10700.0,90
Boj,TikTok_followers_daily,Q2_2025,net_change,114.0,9856.0,9970.0,182
Boj,TikTok_followers_daily,Q3_2025,net_change,0.0,9966.0,9966.0,184
Boj,TikTok_followers_daily,Q4_2025,net_change,734.0,9966.0,10700.0,178
Boj,TikTok_likes_daily,Q1_2025,net_change,12350.0,100450.0,112800.0,180
Boj,TikTok_likes_daily,Q1_2026,net_change,850.0,143350.0,144200.0,90
Boj,TikTok_likes_daily,Q2_2025,net_change,2690.0,112900.0,115590.0,182
Boj,TikTok_likes_daily,Q3_2025,net_change,4950.0,115620.0,120570.0,184
Boj,TikTok_likes_daily,Q4_2025,net_change,22750.0,120575.0,143325.0,184
Boj,Twitter_followers_daily,Q1_2025,net_change,1257.0,53320.0,54577.0,148
Boj,Twitter_followers_daily,Q1_2026,net_change,-312.0,55288.0,54976.0,80
Boj,Twitter_followers_daily,Q2_2025,net_change,247.0,54642.0,54889.0,146
Boj,Twitter_followers_daily,Q3_2025,net_change,-21.0,54883.0,54862.0,134
Boj,Twitter_followers_daily,Q4_2025,net_change,417.0,54870.0,55287.0,180
Boj,Wikipedia_views_daily,Q1_2025,sum,10164.0,55.0,43.0,180
Boj,Wikipedia_views_daily,Q1_2026,sum,4872.0,97.0,38.0,84
Boj,Wikipedia_views_daily,Q2_2025,sum,9482.0,60.0,47.0,182
Boj,Wikipedia_views_daily,Q3_2025,sum,9380.0,53.0,32.0,164
Boj,Wikipedia_views_daily,Q4_2025,sum,9734.0,44.0,62.0,182
Boj,YouTube_channel_views_daily,Q1_2025,sum,688494816.0,7398034.0,7907308.0,90
Boj,YouTube_channel_views_daily,Q1_2026,sum,936026994.0,10050824.0,10691252.0,90
Boj,YouTube_channel_views_daily,Q2_2025,sum,749140093.0,7917318.0,8512510.0,91
Boj,YouTube_channel_views_daily,Q3_2025,sum,804869571.0,8518343.0,8994065.0,92
Boj,YouTube_channel_views_daily,Q4_2025,sum,871370480.0,8998516.0,10043138.0,92
Boj,YouTube_subscribers_daily,Q1_2025,net_change,401.0,20594.0,20995.0,180
Boj,YouTube_subscribers_daily,Q1_2026,net_change,177.0,22523.0,22700.0,90
Boj,YouTube_subscribers_daily,Q2_2025,net_change,447.0,21000.0,21447.0,182
Boj,YouTube_subscribers_daily,Q3_2025,net_change,388.0,21453.0,21841.0,184
Boj,YouTube_subscribers_daily,Q4_2025,net_change,675.0,21844.0,22519.0,184
Boy Spyce,Bandsintown_followers_daily,Q1_2025,net_change,116.0,652.0,768.0,90
Boy Spyce,Bandsintown_followers_daily,Q2_2025,net_change,198.0,777.0,975.0,32
Boy Spyce,Bandsintown_followers_daily,Q3_2025,net_change,185.0,978.0,1163.0,30
Boy Spyce,Bandsintown_followers_daily,Q4_2025,net_change,94.0,1170.0,1264.0,17
Boy Spyce,Deezer_fans_daily,Q1_2025,net_change,110.0,3074.0,3184.0,90
Boy Spyce,Deezer_fans_daily,Q2_2025,net_change,150.0,3185.0,3335.0,86
Boy Spyce,Deezer_fans_daily,Q3_2025,net_change,83.0,3336.0,3419.0,92
Boy Spyce,Deezer_fans_daily,Q4_2025,net_change,38.0,3420.0,3458.0,14
Boy Spyce,Facebook_followers_daily,Q1_2025,net_change,-11720.0,458765.0,447045.0,56
Boy Spyce,Facebook_followers_daily,Q1_2026,net_change,21000.0,423000.0,444000.0,10
Boy Spyce,Facebook_followers_daily,Q2_2025,net_change,-234.0,447137.0,446903.0,14
Boy Spyce,Facebook_followers_daily,Q3_2025,net_change,-13000.0,418000.0,405000.0,41
Boy Spyce,Facebook_followers_daily,Q4_2025,net_change,2000.0,405000.0,407000.0,53
Boy Spyce,Facebook_likes_daily,Q1_2025,net_change,-11720.0,458765.0,447045.0,56
Boy Spyce,Facebook_likes_daily,Q1_2026,net_change,444619.0,0.0,444619.0,10
Boy Spyce,Facebook_likes_daily,Q2_2025,net_change,-234.0,447137.0,446903.0,14
Boy Spyce,Facebook_likes_daily,Q3_2025,net_change,0.0,0.0,0.0,41
Boy Spyce,Facebook_likes_daily,Q4_2025,net_change,0.0,0.0,0.0,53
Boy Spyce,Facebook_talks_daily,Q1_2025,sum,172889.0,2454.0,14867.0,56
Boy Spyce,Facebook_talks_daily,Q1_2026,sum,264105.0,7779.0,139211.0,10
Boy Spyce,Facebook_talks_daily,Q2_2025,sum,65329.0,16491.0,12387.0,14
Boy Spyce,Facebook_talks_daily,Q3_2025,sum,53254.0,791.0,577.0,41
Boy Spyce,Facebook_talks_daily,Q4_2025,sum,640127.0,470.0,1586.0,53
Boy Spyce,Instagram_followers_daily,Q1_2025,net_change,-32791.0,914838.0,882047.0,87
Boy Spyce,Instagram_followers_daily,Q1_2026,net_change,-4890.0,815697.0,810807.0,89
Boy Spyce,Instagram_followers_daily,Q2_2025,net_change,-33290.0,881780.0,848490.0,89
Boy Spyce,Instagram_followers_daily,Q3_2025,net_change,-28186.0,848137.0,819951.0,60
Boy Spyce,Instagram_followers_daily,Q4_2025,net_change,-3689.0,819601.0,815912.0,82
Boy Spyce,Soundcloud_followers_daily,Q1_2025,net_change,0.0,929.0,929.0,1
Boy Spyce,Soundcloud_followers_daily,Q1_2026,net_change,9.0,985.0,994.0,89
Boy Spyce,Soundcloud_followers_daily,Q2_2025,net_change,4.0,968.0,972.0,6
Boy Spyce,Soundcloud_followers_daily,Q4_2025,net_change,5.0,980.0,985.0,20
Boy Spyce,Spotify_followers_daily,Q1_2025,net_change,48200.0,568759.0,616959.0,90
Boy Spyce,Spotify_followers_daily,Q1_2026,net_change,47496.0,755787.0,803283.0,90
Boy Spyce,Spotify_followers_daily,Q2_2025,net_change,45688.0,617331.0,663019.0,91
Boy Spyce,Spotify_followers_daily,Q3_2025,net_change,45255.0,663479.0,708734.0,92
Boy Spyce,Spotify_followers_daily,Q4_2025,net_change,46011.0,709210.0,755221.0,92
Boy Spyce,Spotify_monthly_listeners_daily,Q1_2025,net_change,-219476.0,798038.0,578562.0,90
Boy Spyce,Spotify_monthly_listeners_daily,Q1_2026,net_change,89933.0,783477.0,873410.0,90
Boy Spyce,Spotify_monthly_listeners_daily,Q2_2025,net_change,54059.0,577021.0,631080.0,91
Boy Spyce,Spotify_monthly_listeners_daily,Q3_2025,net_change,9957.0,630483.0,640440.0,92
Boy Spyce,Spotify_monthly_listeners_daily,Q4_2025,net_change,139119.0,641379.0,780498.0,92
Boy Spyce,Spotify_popularity_daily,Q1_2025,last_value,51.0,54.0,51.0,85
Boy Spyce,Spotify_popularity_daily,Q1_2026,last_value,52.0,53.0,52.0,77
Boy Spyce,Spotify_popularity_daily,Q2_2025,last_value,53.0,51.0,53.0,63
Boy Spyce,Spotify_popularity_daily,Q3_2025,last_value,53.0,53.0,53.0,82
Boy Spyce,Spotify_popularity_daily,Q4_2025,last_value,53.0,53.0,53.0,82
Boy Spyce,TikTok_followers_daily,Q1_2025,net_change,29750.0,722550.0,752300.0,90
Boy Spyce,TikTok_followers_daily,Q1_2026,net_change,27100.0,842900.0,870000.0,90
Boy Spyce,TikTok_followers_daily,Q2_2025,net_change,80800.0,753700.0,834500.0,91
Boy Spyce,TikTok_followers_daily,Q3_2025,net_change,-1970.0,834450.0,832480.0,91
Boy Spyce,TikTok_followers_daily,Q4_2025,net_change,10516.0,832420.0,842936.0,92
Boy Spyce,TikTok_likes_daily,Q1_2025,net_change,657576.0,5109091.0,5766667.0,90
Boy Spyce,TikTok_likes_daily,Q1_2026,net_change,1318333.0,8915000.0,10233333.0,90
Boy Spyce,TikTok_likes_daily,Q2_2025,net_change,2217647.0,5800000.0,8017647.0,91
Boy Spyce,TikTok_likes_daily,Q3_2025,net_change,356008.0,8020588.0,8376596.0,92
Boy Spyce,TikTok_likes_daily,Q4_2025,net_change,531649.0,8380851.0,8912500.0,92
Boy Spyce,Twitter_followers_daily,Q1_2025,net_change,-902.0,178309.0,177407.0,74
Boy Spyce,Twitter_followers_daily,Q1_2026,net_change,-358.0,176015.0,175657.0,80
Boy Spyce,Twitter_followers_daily,Q2_2025,net_change,493.0,177427.0,177920.0,73
Boy Spyce,Twitter_followers_daily,Q3_2025,net_change,-1585.0,177949.0,176364.0,69
Boy Spyce,Twitter_followers_daily,Q4_2025,net_change,-284.0,176335.0,176051.0,91
Boy Spyce,Wikipedia_views_daily,Q1_2025,sum,3630.0,34.0,41.0,90
Boy Spyce,Wikipedia_views_daily,Q1_2026,sum,3810.0,31.0,43.0,84
Boy Spyce,Wikipedia_views_daily,Q2_2025,sum,5098.0,29.0,27.0,90
Boy Spyce,Wikipedia_views_daily,Q3_2025,sum,3467.0,31.0,26.0,92
Boy Spyce,Wikipedia_views_daily,Q4_2025,sum,4560.0,34.0,28.0,91
Boy Spyce,YouTube_channel_views_daily,Q1_2025,sum,2331099992.0,24781168.0,26851610.0,90
Boy Spyce,YouTube_channel_views_daily,Q1_2026,sum,3222049860.0,34561788.0,37026896.0,90
Boy Spyce,YouTube_channel_views_daily,Q2_2025,sum,2564347878.0,26874986.0,29773914.0,91
Boy Spyce,YouTube_channel_views_daily,Q3_2025,sum,2837148958.0,29804356.0,31916908.0,92
Boy Spyce,YouTube_channel_views_daily,Q4_2025,sum,3054389586.0,31937530.0,34534684.0,92
Boy Spyce,YouTube_subscribers_daily,Q1_2025,net_change,4526.0,117929.0,122455.0,90
Boy Spyce,YouTube_subscribers_daily,Q1_2026,net_change,3852.0,141148.0,145000.0,90
Boy Spyce,YouTube_subscribers_daily,Q2_2025,net_change,7250.0,122500.0,129750.0,91
Boy Spyce,YouTube_subscribers_daily,Q3_2025,net_change,4665.0,129813.0,134478.0,92
Boy Spyce,YouTube_subscribers_daily,Q4_2025,net_change,6589.0,134522.0,141111.0,92
Bracket,Bandsintown_followers_daily,Q1_2025,net_change,195.0,14707.0,14902.0,178
Bracket,Bandsintown_followers_daily,Q2_2025,net_change,288.0,14904.0,15192.0,58
Bracket,Bandsintown_followers_daily,Q3_2025,net_change,325.0,15206.0,15531.0,56
Bracket,Bandsintown_followers_daily,Q4_2025,net_change,195.0,15552.0,15747.0,28
Bracket,Deezer_fans_daily,Q1_2025,net_change,181.0,29693.0,29874.0,11
Bracket,Deezer_fans_daily,Q1_2026,net_change,208.0,30545.0,30753.0,8
Bracket,Deezer_fans_daily,Q2_2025,net_change,144.0,29894.0,30038.0,8
Bracket,Deezer_fans_daily,Q3_2025,net_change,184.0,30063.0,30247.0,9
Bracket,Deezer_fans_daily,Q4_2025,net_change,244.0,30282.0,30526.0,9
Bracket,Facebook_followers_daily,Q1_2025,net_change,-41.0,10869.0,10828.0,58
Bracket,Facebook_followers_daily,Q1_2026,net_change,0.0,10000.0,10000.0,11
Bracket,Facebook_followers_daily,Q2_2025,net_change,-9.0,10833.0,10824.0,15
Bracket,Facebook_followers_daily,Q3_2025,net_change,0.0,10000.0,10000.0,1
Bracket,Facebook_likes_daily,Q1_2025,net_change,-41.0,10869.0,10828.0,58
Bracket,Facebook_likes_daily,Q1_2026,net_change,10655.0,0.0,10655.0,11
Bracket,Facebook_likes_daily,Q2_2025,net_change,-9.0,10833.0,10824.0,15
Bracket,Facebook_likes_daily,Q3_2025,net_change,0.0,0.0,0.0,1
Bracket,Facebook_talks_daily,Q1_2025,sum,1124.0,2.0,204.0,58
Bracket,Facebook_talks_daily,Q1_2026,sum,43.0,2.0,7.0,11
Bracket,Facebook_talks_daily,Q2_2025,sum,105.0,39.0,3.0,15
Bracket,Facebook_talks_daily,Q3_2025,sum,2.0,2.0,2.0,1
Bracket,Instagram_followers_daily,Q1_2026,net_change,-394.0,104897.0,104503.0,74
Bracket,Spotify_followers_daily,Q1_2025,net_change,11307.0,48590.0,59897.0,180
Bracket,Spotify_followers_daily,Q1_2026,net_change,10996.0,99504.0,110500.0,90
Bracket,Spotify_followers_daily,Q2_2025,net_change,14185.0,60025.0,74210.0,182
Bracket,Spotify_followers_daily,Q3_2025,net_change,14856.0,74372.0,89228.0,184
Bracket,Spotify_followers_daily,Q4_2025,net_change,9998.0,89382.0,99380.0,184
Bracket,Spotify_monthly_listeners_daily,Q1_2025,net_change,-1845.0,498596.0,496751.0,180
Bracket,Spotify_monthly_listeners_daily,Q1_2026,net_change,65065.0,651145.0,716210.0,90
Bracket,Spotify_monthly_listeners_daily,Q2_2025,net_change,47622.0,495995.0,543617.0,182
Bracket,Spotify_monthly_listeners_daily,Q3_2025,net_change,57084.0,545881.0,602965.0,184
Bracket,Spotify_monthly_listeners_daily,Q4_2025,net_change,49060.0,601386.0,650446.0,92
Bracket,Spotify_popularity_daily,Q1_2025,last_value,47.0,48.0,47.0,66
Bracket,Spotify_popularity_daily,Q1_2026,last_value,48.0,49.0,48.0,76
Bracket,Spotify_popularity_daily,Q2_2025,last_value,47.0,47.0,47.0,43
Bracket,Spotify_popularity_daily,Q3_2025,last_value,50.0,49.0,50.0,36
Bracket,Spotify_popularity_daily,Q4_2025,last_value,49.0,50.0,49.0,74
Bracket,Wikipedia_views_daily,Q1_2025,sum,4046.0,8.0,28.0,180
Bracket,Wikipedia_views_daily,Q1_2026,sum,1429.0,18.0,23.0,64
Bracket,Wikipedia_views_daily,Q2_2025,sum,4328.0,43.0,25.0,182
Bracket,Wikipedia_views_daily,Q3_2025,sum,4370.0,20.0,19.0,184
Bracket,Wikipedia_views_daily,Q4_2025,sum,3592.0,19.0,22.0,182
Bracket,YouTube_artist_daily_views,Q1_2025,sum,3786861.0,76782.0,84183.0,46
Bracket,YouTube_artist_daily_views,Q1_2026,sum,7437229.0,103038.0,102315.0,74
Bracket,YouTube_artist_daily_views,Q2_2025,sum,4235075.0,75249.0,104396.0,44
Bracket,YouTube_artist_daily_views,Q3_2025,sum,4593559.0,100066.0,89842.0,45
Bracket,YouTube_artist_daily_views,Q4_2025,sum,4560858.0,99358.0,145510.0,46
Bracket,YouTube_artist_monthly_views,Q1_2025,sum,109647317.0,2390400.0,1935772.0,46
Bracket,YouTube_artist_monthly_views,Q1_2026,sum,117036997.0,2974007.0,2733908.0,40
Bracket,YouTube_artist_monthly_views,Q2_2025,sum,111401483.0,1959254.0,2896776.0,44
Bracket,YouTube_artist_monthly_views,Q3_2025,sum,129784213.0,2904461.0,2769947.0,45
Bracket,YouTube_artist_monthly_views,Q4_2025,sum,122872885.0,2754196.0,2947643.0,46
Bracket,YouTube_channel_views_daily,Q1_2025,sum,32000140290.0,351901760.0,358635000.0,90
Bracket,YouTube_channel_views_daily,Q1_2026,sum,34995218590.0,384766460.0,392455200.0,90
Bracket,YouTube_channel_views_daily,Q2_2025,sum,32989751390.0,358724500.0,366861540.0,91
Bracket,YouTube_channel_views_daily,Q3_2025,sum,34148385170.0,366934200.0,376360350.0,92
Bracket,YouTube_channel_views_daily,Q4_2025,sum,35001793470.0,376460480.0,384665180.0,92
Bracket,YouTube_subscribers_daily,Q1_2025,net_change,92438.0,952875.0,1045313.0,180
Bracket,YouTube_subscribers_daily,Q1_2026,net_change,4737.0,1085263.0,1090000.0,90
Bracket,YouTube_subscribers_daily,Q2_2025,net_change,14062.0,1045469.0,1059531.0,182
Bracket,YouTube_subscribers_daily,Q3_2025,net_change,14169.0,1059688.0,1073857.0,184
Bracket,YouTube_subscribers_daily,Q4_2025,net_change,11158.0,1074000.0,1085158.0,184
Brymo,Bandsintown_followers_daily,Q1_2025,net_change,121.0,3532.0,3653.0,180
Brymo,Bandsintown_followers_daily,Q2_2025,net_change,-3657.0,3657.0,0.0,64
Brymo,Bandsintown_followers_daily,Q3_2025,net_change,230.0,3879.0,4109.0,62
Brymo,Bandsintown_followers_daily,Q4_2025,net_change,116.0,4111.0,4227.0,32
Brymo,Deezer_fans_daily,Q1_2025,net_change,45.0,15402.0,15447.0,90
Brymo,Deezer_fans_daily,Q1_2026,net_change,51.0,15651.0,15702.0,90
Brymo,Deezer_fans_daily,Q2_2025,net_change,62.0,15447.0,15509.0,90
Brymo,Deezer_fans_daily,Q3_2025,net_change,74.0,15511.0,15585.0,92
Brymo,Deezer_fans_daily,Q4_2025,net_change,63.0,15586.0,15649.0,92
Brymo,Facebook_followers_daily,Q1_2025,net_change,-4141.0,270632.0,266491.0,55
Brymo,Facebook_followers_daily,Q1_2026,net_change,-4000.0,244000.0,240000.0,16
Brymo,Facebook_followers_daily,Q2_2025,net_change,-1530.0,266428.0,264898.0,14
Brymo,Facebook_followers_daily,Q3_2025,net_change,0.0,253000.0,253000.0,1
Brymo,Facebook_followers_daily,Q4_2025,net_change,-2000.0,246000.0,244000.0,14
Brymo,Facebook_likes_daily,Q1_2025,net_change,-4141.0,270632.0,266491.0,55
Brymo,Facebook_likes_daily,Q1_2026,net_change,240548.0,0.0,240548.0,16
Brymo,Facebook_likes_daily,Q2_2025,net_change,-1530.0,266428.0,264898.0,14
Brymo,Facebook_likes_daily,Q3_2025,net_change,0.0,0.0,0.0,1
Brymo,Facebook_likes_daily,Q4_2025,net_change,0.0,0.0,0.0,14
Brymo,Facebook_talks_daily,Q1_2025,sum,5070.0,70.0,60.0,55
Brymo,Facebook_talks_daily,Q1_2026,sum,1568.0,130.0,72.0,16
Brymo,Facebook_talks_daily,Q2_2025,sum,874.0,63.0,71.0,14
Brymo,Facebook_talks_daily,Q3_2025,sum,74.0,74.0,74.0,1
Brymo,Facebook_talks_daily,Q4_2025,sum,1884.0,190.0,124.0,14
Brymo,Instagram_followers_daily,Q1_2025,net_change,19120.0,188813.0,207933.0,180
Brymo,Instagram_followers_daily,Q1_2026,net_change,525.0,223802.0,224327.0,89
Brymo,Instagram_followers_daily,Q2_2025,net_change,5232.0,207998.0,213230.0,178
Brymo,Instagram_followers_daily,Q3_2025,net_change,8023.0,213294.0,221317.0,120
Brymo,Instagram_followers_daily,Q4_2025,net_change,2342.0,221472.0,223814.0,164
Brymo,Soundcloud_followers_daily,Q1_2025,net_change,5.0,4485.0,4490.0,48
Brymo,Soundcloud_followers_daily,Q1_2026,net_change,16.0,4547.0,4563.0,90
Brymo,Soundcloud_followers_daily,Q2_2025,net_change,16.0,4489.0,4505.0,94
Brymo,Soundcloud_followers_daily,Q3_2025,net_change,4.0,4511.0,4515.0,70
Brymo,Soundcloud_followers_daily,Q4_2025,net_change,20.0,4526.0,4546.0,36
Brymo,Spotify_followers_daily,Q1_2025,net_change,9249.0,235810.0,245059.0,180
Brymo,Spotify_followers_daily,Q1_2026,net_change,15381.0,287385.0,302766.0,90
Brymo,Spotify_followers_daily,Q2_2025,net_change,11822.0,245099.0,256921.0,182
Brymo,Spotify_followers_daily,Q3_2025,net_change,14488.0,257054.0,271542.0,184
Brymo,Spotify_followers_daily,Q4_2025,net_change,15344.0,271743.0,287087.0,184
Brymo,Spotify_monthly_listeners_daily,Q1_2025,net_change,57717.0,175554.0,233271.0,180
Brymo,Spotify_monthly_listeners_daily,Q1_2026,net_change,-11017.0,345274.0,334257.0,90
Brymo,Spotify_monthly_listeners_daily,Q2_2025,net_change,34681.0,233815.0,268496.0,182
Brymo,Spotify_monthly_listeners_daily,Q3_2025,net_change,28810.0,268828.0,297638.0,184
Brymo,Spotify_monthly_listeners_daily,Q4_2025,net_change,46112.0,297523.0,343635.0,184
Brymo,Spotify_popularity_daily,Q1_2025,last_value,53.0,51.0,53.0,81
Brymo,Spotify_popularity_daily,Q1_2026,last_value,54.0,57.0,54.0,76
Brymo,Spotify_popularity_daily,Q2_2025,last_value,56.0,53.0,56.0,64
Brymo,Spotify_popularity_daily,Q3_2025,last_value,57.0,56.0,57.0,88
Brymo,Spotify_popularity_daily,Q4_2025,last_value,56.0,57.0,56.0,81
Brymo,Wikipedia_views_daily,Q1_2025,sum,12518.0,39.0,81.0,180
Brymo,Wikipedia_views_daily,Q1_2026,sum,6468.0,80.0,71.0,83
Brymo,Wikipedia_views_daily,Q2_2025,sum,16504.0,80.0,125.0,182
Brymo,Wikipedia_views_daily,Q3_2025,sum,15816.0,112.0,83.0,184
Brymo,Wikipedia_views_daily,Q4_2025,sum,13200.0,75.0,114.0,184
Brymo,YouTube_channel_views_daily,Q1_2025,sum,2251536230.0,24328232.0,25797480.0,90
Brymo,YouTube_channel_views_daily,Q1_2026,sum,3012467344.0,32214920.0,34338836.0,90
Brymo,YouTube_channel_views_daily,Q2_2025,sum,2412846676.0,25806178.0,27492482.0,91
Brymo,YouTube_channel_views_daily,Q3_2025,sum,2630536348.0,27512698.0,29794802.0,92
Brymo,YouTube_channel_views_daily,Q4_2025,sum,2851518246.0,29820608.0,32178156.0,92
Brymo,YouTube_subscribers_daily,Q1_2025,net_change,1623.0,61077.0,62700.0,180
Brymo,YouTube_subscribers_daily,Q1_2026,net_change,1716.0,69267.0,70983.0,90
Brymo,YouTube_subscribers_daily,Q2_2025,net_change,1930.0,62720.0,64650.0,182
Brymo,YouTube_subscribers_daily,Q3_2025,net_change,2460.0,64700.0,67160.0,184
Brymo,YouTube_subscribers_daily,Q4_2025,net_change,2033.0,67200.0,69233.0,184
Burna Boy,Deezer_fans_daily,Q1_2025,net_change,0.0,1.0,1.0,8
Burna Boy,Deezer_fans_daily,Q1_2026,net_change,0.0,1.0,1.0,9
Burna Boy,Deezer_fans_daily,Q2_2025,net_change,0.0,1.0,1.0,9
Burna Boy,Deezer_fans_daily,Q3_2025,net_change,0.0,1.0,1.0,8
Burna Boy,Deezer_fans_daily,Q4_2025,net_change,0.0,1.0,1.0,8
Burna Boy,Spotify_followers_daily,Q1_2025,net_change,1.0,52.0,53.0,180
Burna Boy,Spotify_followers_daily,Q1_2026,net_change,0.0,55.0,55.0,90
Burna Boy,Spotify_followers_daily,Q2_2025,net_change,1.0,53.0,54.0,182
Burna Boy,Spotify_followers_daily,Q3_2025,net_change,1.0,54.0,55.0,184
Burna Boy,Spotify_followers_daily,Q4_2025,net_change,0.0,55.0,55.0,184
Burna Boy,Spotify_monthly_listeners_daily,Q1_2025,net_change,58.0,126.0,184.0,180
Burna Boy,Spotify_monthly_listeners_daily,Q1_2026,net_change,-21.0,172.0,151.0,90
Burna Boy,Spotify_monthly_listeners_daily,Q2_2025,net_change,-17.0,184.0,167.0,182
Burna Boy,Spotify_monthly_listeners_daily,Q3_2025,net_change,-1.0,167.0,166.0,184
Burna Boy,Spotify_monthly_listeners_daily,Q4_2025,net_change,6.0,166.0,172.0,184
Burna Boy,Spotify_popularity_daily,Q1_2025,last_value,1.0,1.0,1.0,3
Burna Boy,Spotify_popularity_daily,Q1_2026,last_value,1.0,1.0,1.0,1
Burna Boy,Spotify_popularity_daily,Q2_2025,last_value,1.0,1.0,1.0,1
Burna Boy,Spotify_popularity_daily,Q3_2025,last_value,1.0,1.0,1.0,3
Burna Boy,Spotify_popularity_daily,Q4_2025,last_value,1.0,0.0,1.0,3
CDQ,Deezer_fans_daily,Q1_2025,net_change,14.0,603.0,617.0,10
CDQ,Deezer_fans_daily,Q1_2026,net_change,6.0,650.0,656.0,8
CDQ,Deezer_fans_daily,Q2_2025,net_change,7.0,618.0,625.0,8
CDQ,Deezer_fans_daily,Q3_2025,net_change,9.0,625.0,634.0,8
CDQ,Deezer_fans_daily,Q4_2025,net_change,12.0,636.0,648.0,9
CDQ,Facebook_followers_daily,Q1_2025,net_change,8.0,4047.0,4055.0,38
CDQ,Facebook_followers_daily,Q1_2026,net_change,0.0,4100.0,4100.0,1
CDQ,Facebook_followers_daily,Q2_2025,net_change,-1.0,4055.0,4054.0,15
CDQ,Facebook_likes_daily,Q1_2025,net_change,8.0,4047.0,4055.0,38
CDQ,Facebook_likes_daily,Q1_2026,net_change,0.0,0.0,0.0,1
CDQ,Facebook_likes_daily,Q2_2025,net_change,-1.0,4055.0,4054.0,15
CDQ,Facebook_talks_daily,Q1_2025,sum,81.0,1.0,3.0,38
CDQ,Facebook_talks_daily,Q1_2026,sum,4.0,4.0,4.0,1
CDQ,Facebook_talks_daily,Q2_2025,sum,11.0,0.0,1.0,15
CDQ,Instagram_followers_daily,Q1_2025,net_change,-40497.0,2418774.0,2378277.0,64
CDQ,Instagram_followers_daily,Q1_2026,net_change,-1519.0,2300112.0,2298593.0,2
CDQ,Instagram_followers_daily,Q2_2025,net_change,-28150.0,2377458.0,2349308.0,66
CDQ,Instagram_followers_daily,Q4_2025,net_change,-3825.0,2321699.0,2317874.0,4
CDQ,Soundcloud_followers_daily,Q1_2025,net_change,4.0,168.0,172.0,80
CDQ,Soundcloud_followers_daily,Q1_2026,net_change,2.0,181.0,183.0,90
CDQ,Soundcloud_followers_daily,Q2_2025,net_change,3.0,173.0,176.0,28
CDQ,Soundcloud_followers_daily,Q3_2025,net_change,0.0,176.0,176.0,6
CDQ,Soundcloud_followers_daily,Q4_2025,net_change,3.0,178.0,181.0,36
CDQ,Spotify_followers_daily,Q1_2025,net_change,1318.0,145560.0,146878.0,180
CDQ,Spotify_followers_daily,Q1_2026,net_change,8483.0,164970.0,173453.0,90
CDQ,Spotify_followers_daily,Q2_2025,net_change,2227.0,146879.0,149106.0,182
CDQ,Spotify_followers_daily,Q3_2025,net_change,4320.0,149143.0,153463.0,184
CDQ,Spotify_followers_daily,Q4_2025,net_change,11311.0,153519.0,164830.0,184
CDQ,Spotify_monthly_listeners_daily,Q1_2025,net_change,15334.0,55144.0,70478.0,180
CDQ,Spotify_monthly_listeners_daily,Q1_2026,net_change,-16749.0,338603.0,321854.0,90
CDQ,Spotify_monthly_listeners_daily,Q2_2025,net_change,78569.0,69606.0,148175.0,182
CDQ,Spotify_monthly_listeners_daily,Q3_2025,net_change,94902.0,148515.0,243417.0,184
CDQ,Spotify_monthly_listeners_daily,Q4_2025,net_change,92003.0,245868.0,337871.0,184
CDQ,Spotify_popularity_daily,Q1_2025,last_value,34.0,35.0,34.0,80
CDQ,Spotify_popularity_daily,Q1_2026,last_value,42.0,42.0,42.0,2
CDQ,Spotify_popularity_daily,Q2_2025,last_value,39.0,34.0,39.0,49
CDQ,Spotify_popularity_daily,Q3_2025,last_value,43.0,41.0,43.0,3
CDQ,Spotify_popularity_daily,Q4_2025,last_value,43.0,41.0,43.0,31
CDQ,Wikipedia_views_daily,Q1_2025,sum,3886.0,14.0,18.0,180
CDQ,Wikipedia_views_daily,Q1_2026,sum,1756.0,20.0,19.0,83
CDQ,Wikipedia_views_daily,Q2_2025,sum,3680.0,19.0,18.0,182
CDQ,Wikipedia_views_daily,Q3_2025,sum,3870.0,19.0,18.0,184
CDQ,Wikipedia_views_daily,Q4_2025,sum,3234.0,21.0,18.0,184
CDQ,YouTube_artist_daily_views,Q1_2025,sum,237489.0,4775.0,4863.0,45
CDQ,YouTube_artist_daily_views,Q1_2026,sum,540531.0,6387.0,11096.0,73
CDQ,YouTube_artist_daily_views,Q2_2025,sum,334968.0,4720.0,4622.0,43
CDQ,YouTube_artist_daily_views,Q3_2025,sum,162487.0,4636.0,4240.0,37
CDQ,YouTube_artist_daily_views,Q4_2025,sum,289983.0,4906.0,6453.0,46
CDQ,YouTube_artist_monthly_views,Q1_2025,sum,6747702.0,147058.0,141547.0,45
CDQ,YouTube_artist_monthly_views,Q1_2026,sum,6489146.0,134973.0,279169.0,40
CDQ,YouTube_artist_monthly_views,Q2_2025,sum,9834853.0,142637.0,148369.0,43
CDQ,YouTube_artist_monthly_views,Q3_2025,sum,4675847.0,144249.0,125375.0,37
CDQ,YouTube_artist_monthly_views,Q4_2025,sum,7970119.0,123564.0,132584.0,46
CKay,Deezer_fans_daily,Q1_2025,net_change,0.0,10.0,10.0,46
CKay,Deezer_fans_daily,Q1_2026,net_change,0.0,8.0,8.0,90
CKay,Deezer_fans_daily,Q2_2025,net_change,-1.0,10.0,9.0,42
CKay,Deezer_fans_daily,Q3_2025,net_change,0.0,9.0,9.0,25
CKay,Deezer_fans_daily,Q4_2025,net_change,-1.0,9.0,8.0,84
CKay,Facebook_followers_daily,Q1_2025,net_change,-24467.0,1206451.0,1181984.0,56
CKay,Facebook_followers_daily,Q1_2026,net_change,0.0,1100000.0,1100000.0,46
CKay,Facebook_followers_daily,Q2_2025,net_change,-8290.0,1181612.0,1173322.0,15
CKay,Facebook_followers_daily,Q3_2025,net_change,0.0,1100000.0,1100000.0,4
CKay,Facebook_followers_daily,Q4_2025,net_change,0.0,1100000.0,1100000.0,44
CKay,Facebook_likes_daily,Q1_2025,net_change,-24467.0,1206451.0,1181984.0,56
CKay,Facebook_likes_daily,Q1_2026,net_change,1126456.0,0.0,1126456.0,46
CKay,Facebook_likes_daily,Q2_2025,net_change,-8290.0,1181612.0,1173322.0,15
CKay,Facebook_likes_daily,Q3_2025,net_change,0.0,0.0,0.0,4
CKay,Facebook_likes_daily,Q4_2025,net_change,0.0,0.0,0.0,44
CKay,Facebook_talks_daily,Q1_2025,sum,231357.0,2408.0,918.0,56
CKay,Facebook_talks_daily,Q1_2026,sum,810130.0,15483.0,2673.0,46
CKay,Facebook_talks_daily,Q2_2025,sum,11934.0,898.0,681.0,15
CKay,Facebook_talks_daily,Q3_2025,sum,48867.0,43311.0,1933.0,4
CKay,Facebook_talks_daily,Q4_2025,sum,1199757.0,840.0,17004.0,44
CKay,Instagram_followers_daily,Q1_2025,net_change,-41756.0,1680274.0,1638518.0,89
CKay,Instagram_followers_daily,Q1_2026,net_change,-11798.0,1601959.0,1590161.0,89
CKay,Instagram_followers_daily,Q2_2025,net_change,-25185.0,1638169.0,1612984.0,89
CKay,Instagram_followers_daily,Q3_2025,net_change,-6504.0,1612811.0,1606307.0,60
CKay,Instagram_followers_daily,Q4_2025,net_change,-3875.0,1606041.0,1602166.0,82
CKay,Soundcloud_followers_daily,Q1_2025,net_change,707.0,37782.0,38489.0,55
CKay,Soundcloud_followers_daily,Q1_2026,net_change,845.0,41024.0,41869.0,89
CKay,Soundcloud_followers_daily,Q2_2025,net_change,867.0,38504.0,39371.0,61
CKay,Soundcloud_followers_daily,Q3_2025,net_change,843.0,39380.0,40223.0,60
CKay,Soundcloud_followers_daily,Q4_2025,net_change,783.0,40237.0,41020.0,78
CKay,Spotify_followers_daily,Q1_2025,net_change,43509.0,1572565.0,1616074.0,90
CKay,Spotify_followers_daily,Q1_2026,net_change,166316.0,1809797.0,1976113.0,90
CKay,Spotify_followers_daily,Q2_2025,net_change,30830.0,1616408.0,1647238.0,91
CKay,Spotify_followers_daily,Q3_2025,net_change,28265.0,1647713.0,1675978.0,92
CKay,Spotify_followers_daily,Q4_2025,net_change,131312.0,1676225.0,1807537.0,92
CKay,Spotify_monthly_listeners_daily,Q1_2025,net_change,-692824.0,8958774.0,8265950.0,90
CKay,Spotify_monthly_listeners_daily,Q1_2026,net_change,-638430.0,10387027.0,9748597.0,90
CKay,Spotify_monthly_listeners_daily,Q2_2025,net_change,1938001.0,8286560.0,10224561.0,91
CKay,Spotify_monthly_listeners_daily,Q3_2025,net_change,-1363622.0,10254842.0,8891220.0,92
CKay,Spotify_monthly_listeners_daily,Q4_2025,net_change,1489042.0,8908875.0,10397917.0,92
CKay,Spotify_popularity_daily,Q1_2025,last_value,69.0,70.0,69.0,78
CKay,Spotify_popularity_daily,Q1_2026,last_value,68.0,71.0,68.0,79
CKay,Spotify_popularity_daily,Q2_2025,last_value,71.0,69.0,71.0,49
CKay,Spotify_popularity_daily,Q3_2025,last_value,70.0,71.0,70.0,90
CKay,Spotify_popularity_daily,Q4_2025,last_value,70.0,70.0,70.0,79
CKay,TikTok_followers_daily,Q1_2025,net_change,15069.0,2600000.0,2615069.0,90
CKay,TikTok_followers_daily,Q1_2026,net_change,9315.0,2690685.0,2700000.0,90
CKay,TikTok_followers_daily,Q2_2025,net_change,24657.0,2615343.0,2640000.0,91
CKay,TikTok_followers_daily,Q3_2025,net_change,24932.0,2640274.0,2665206.0,92
CKay,TikTok_followers_daily,Q4_2025,net_change,24931.0,2665480.0,2690411.0,92
CKay,TikTok_likes_daily,Q1_2025,net_change,61496.0,19191668.0,19253164.0,90
CKay,TikTok_likes_daily,Q1_2026,net_change,1448276.0,22251724.0,23700000.0,90
CKay,TikTok_likes_daily,Q2_2025,net_change,131202.0,19253798.0,19385000.0,91
CKay,TikTok_likes_daily,Q3_2025,net_change,655458.0,19389998.0,20045456.0,92
CKay,TikTok_likes_daily,Q4_2025,net_change,2200550.0,20047726.0,22248276.0,92
CKay,Twitter_followers_daily,Q1_2025,net_change,1698.0,433099.0,434797.0,69
CKay,Twitter_followers_daily,Q1_2026,net_change,-177.0,441735.0,441558.0,7
CKay,Twitter_followers_daily,Q2_2025,net_change,2370.0,434937.0,437307.0,71
CKay,Twitter_followers_daily,Q3_2025,net_change,1230.0,437406.0,438636.0,64
CKay,Twitter_followers_daily,Q4_2025,net_change,-52.0,438596.0,438544.0,8
CKay,Wikipedia_views_daily,Q1_2025,sum,12293.0,155.0,138.0,89
CKay,Wikipedia_views_daily,Q1_2026,sum,852.0,148.0,112.0,7
CKay,Wikipedia_views_daily,Q2_2025,sum,15087.0,135.0,153.0,91
CKay,Wikipedia_views_daily,Q3_2025,sum,12594.0,142.0,93.0,92
CKay,Wikipedia_views_daily,Q4_2025,sum,12167.0,88.0,114.0,92
CKay,YouTube_artist_daily_views,Q1_2025,sum,54890374.0,656941.0,807377.0,75
CKay,YouTube_artist_daily_views,Q1_2026,sum,52020412.0,743318.0,597830.0,75
CKay,YouTube_artist_daily_views,Q2_2025,sum,37629551.0,740823.0,891019.0,45
CKay,YouTube_artist_daily_views,Q3_2025,sum,38099519.0,905581.0,752885.0,45
CKay,YouTube_artist_daily_views,Q4_2025,sum,34444449.0,756902.0,820092.0,45
CKay,YouTube_artist_monthly_views,Q1_2025,sum,1556392053.0,21706451.0,18386722.0,75
CKay,YouTube_artist_monthly_views,Q1_2026,sum,881826849.0,21770616.0,16793013.0,42
CKay,YouTube_artist_monthly_views,Q2_2025,sum,1008345170.0,18722213.0,25074182.0,45
CKay,YouTube_artist_monthly_views,Q3_2025,sum,1092437647.0,25218624.0,21514046.0,45
CKay,YouTube_artist_monthly_views,Q4_2025,sum,951646043.0,21487924.0,21553564.0,45
CKay,YouTube_channel_views_daily,Q1_2025,sum,141323860900.0,1546091000.0,1592711400.0,90
CKay,YouTube_channel_views_daily,Q1_2026,sum,160563297000.0,1760963600.0,1807374300.0,90
CKay,YouTube_channel_views_daily,Q2_2025,sum,147320359100.0,1593135600.0,1647699100.0,91
CKay,YouTube_channel_views_daily,Q3_2025,sum,154357030000.0,1648402400.0,1705568900.0,92
CKay,YouTube_channel_views_daily,Q4_2025,sum,159371917700.0,1706201300.0,1760317200.0,92
CKay,YouTube_subscribers_daily,Q1_2025,net_change,38932.0,4138095.0,4177027.0,90
CKay,YouTube_subscribers_daily,Q1_2026,net_change,30211.0,4299000.0,4329211.0,90
CKay,YouTube_subscribers_daily,Q2_2025,net_change,44281.0,4177298.0,4221579.0,91
CKay,YouTube_subscribers_daily,Q3_2025,net_change,40295.0,4222105.0,4262400.0,92
CKay,YouTube_subscribers_daily,Q4_2025,net_change,35867.0,4262800.0,4298667.0,92
Chike,Bandsintown_followers_daily,Q1_2025,net_change,375.0,3231.0,3606.0,90
Chike,Bandsintown_followers_daily,Q1_2026,net_change,0.0,6139.0,6139.0,1
Chike,Bandsintown_followers_daily,Q2_2025,net_change,651.0,3606.0,4257.0,31
Chike,Bandsintown_followers_daily,Q3_2025,net_change,725.0,4296.0,5021.0,31
Chike,Bandsintown_followers_daily,Q4_2025,net_change,626.0,5036.0,5662.0,16
Chike,Deezer_fans_daily,Q1_2025,net_change,1012.0,50218.0,51230.0,90
Chike,Deezer_fans_daily,Q1_2026,net_change,577.0,53526.0,54103.0,90
Chike,Deezer_fans_daily,Q2_2025,net_change,947.0,51237.0,52184.0,89
Chike,Deezer_fans_daily,Q3_2025,net_change,712.0,52196.0,52908.0,92
Chike,Deezer_fans_daily,Q4_2025,net_change,605.0,52914.0,53519.0,92
Chike,Facebook_followers_daily,Q1_2025,net_change,46328.0,1681800.0,1728128.0,56
Chike,Facebook_followers_daily,Q1_2026,net_change,0.0,1600000.0,1600000.0,10
Chike,Facebook_followers_daily,Q2_2025,net_change,-28219.0,1728219.0,1700000.0,20
Chike,Facebook_followers_daily,Q3_2025,net_change,0.0,1600000.0,1600000.0,42
Chike,Facebook_followers_daily,Q4_2025,net_change,0.0,1600000.0,1600000.0,53
Chike,Facebook_likes_daily,Q1_2025,net_change,46328.0,1681800.0,1728128.0,56
Chike,Facebook_likes_daily,Q1_2026,net_change,1681685.0,0.0,1681685.0,10
Chike,Facebook_likes_daily,Q2_2025,net_change,-8978.0,1728219.0,1719241.0,20
Chike,Facebook_likes_daily,Q3_2025,net_change,0.0,0.0,0.0,42
Chike,Facebook_likes_daily,Q4_2025,net_change,0.0,0.0,0.0,53
Chike,Facebook_talks_daily,Q1_2025,sum,1681193.0,4827.0,17225.0,56
Chike,Facebook_talks_daily,Q1_2026,sum,627438.0,45379.0,12429.0,10
Chike,Facebook_talks_daily,Q2_2025,sum,182213.0,14655.0,5578.0,20
Chike,Facebook_talks_daily,Q3_2025,sum,1746640.0,26281.0,21213.0,42
Chike,Facebook_talks_daily,Q4_2025,sum,1798841.0,16460.0,25736.0,53
Chike,Instagram_followers_daily,Q1_2025,net_change,-6879.0,2059646.0,2052767.0,85
Chike,Instagram_followers_daily,Q1_2026,net_change,12241.0,2015621.0,2027862.0,89
Chike,Instagram_followers_daily,Q2_2025,net_change,-6894.0,2052814.0,2045920.0,88
Chike,Instagram_followers_daily,Q3_2025,net_change,-15387.0,2046088.0,2030701.0,60
Chike,Instagram_followers_daily,Q4_2025,net_change,-14302.0,2030152.0,2015850.0,82
Chike,Soundcloud_followers_daily,Q1_2025,net_change,0.0,2134.0,2134.0,1
Chike,Soundcloud_followers_daily,Q1_2026,net_change,58.0,2297.0,2355.0,90
Chike,Soundcloud_followers_daily,Q2_2025,net_change,11.0,2172.0,2183.0,8
Chike,Soundcloud_followers_daily,Q3_2025,net_change,0.0,2192.0,2192.0,1
Chike,Soundcloud_followers_daily,Q4_2025,net_change,44.0,2253.0,2297.0,59
Chike,Spotify_followers_daily,Q1_2025,net_change,135775.0,1076405.0,1212180.0,90
Chike,Spotify_followers_daily,Q1_2026,net_change,72226.0,1517110.0,1589336.0,90
Chike,Spotify_followers_daily,Q2_2025,net_change,93910.0,1214443.0,1308353.0,91
Chike,Spotify_followers_daily,Q3_2025,net_change,109316.0,1309259.0,1418575.0,92
Chike,Spotify_followers_daily,Q4_2025,net_change,96554.0,1419592.0,1516146.0,92
Chike,Spotify_monthly_listeners_daily,Q1_2025,net_change,-1245886.0,3551977.0,2306091.0,90
Chike,Spotify_monthly_listeners_daily,Q1_2026,net_change,-155126.0,2217575.0,2062449.0,90
Chike,Spotify_monthly_listeners_daily,Q2_2025,net_change,252532.0,2311778.0,2564310.0,91
Chike,Spotify_monthly_listeners_daily,Q3_2025,net_change,-387985.0,2586700.0,2198715.0,92
Chike,Spotify_monthly_listeners_daily,Q4_2025,net_change,16276.0,2196845.0,2213121.0,92
Chike,Spotify_popularity_daily,Q1_2025,last_value,63.0,69.0,63.0,86
Chike,Spotify_popularity_daily,Q1_2026,last_value,60.0,62.0,60.0,75
Chike,Spotify_popularity_daily,Q2_2025,last_value,64.0,63.0,64.0,62
Chike,Spotify_popularity_daily,Q3_2025,last_value,63.0,64.0,63.0,86
Chike,Spotify_popularity_daily,Q4_2025,last_value,61.0,63.0,61.0,82
Chike,TikTok_followers_daily,Q1_2025,net_change,35317.0,1335318.0,1370635.0,90
Chike,TikTok_followers_daily,Q1_2026,net_change,0.0,1400000.0,1400000.0,90
Chike,TikTok_followers_daily,Q2_2025,net_change,28968.0,1371032.0,1400000.0,91
Chike,TikTok_followers_daily,Q3_2025,net_change,0.0,1400000.0,1400000.0,90
Chike,TikTok_followers_daily,Q4_2025,net_change,0.0,1400000.0,1400000.0,89
Chike,TikTok_likes_daily,Q1_2025,net_change,163338.0,6983721.0,7147059.0,90
Chike,TikTok_likes_daily,Q1_2026,net_change,343478.0,8156522.0,8500000.0,90
Chike,TikTok_likes_daily,Q2_2025,net_change,460257.0,7150000.0,7610257.0,91
Chike,TikTok_likes_daily,Q3_2025,net_change,147179.0,7612821.0,7760000.0,92
Chike,TikTok_likes_daily,Q4_2025,net_change,391121.0,7761053.0,8152174.0,92
Chike,Twitter_followers_daily,Q1_2025,net_change,845.0,166937.0,167782.0,75
Chike,Twitter_followers_daily,Q1_2026,net_change,1508.0,171773.0,173281.0,81
Chike,Twitter_followers_daily,Q2_2025,net_change,745.0,167833.0,168578.0,73
Chike,Twitter_followers_daily,Q3_2025,net_change,-589.0,169045.0,168456.0,69
Chike,Twitter_followers_daily,Q4_2025,net_change,3353.0,168440.0,171793.0,91
Chike,Wikipedia_views_daily,Q1_2025,sum,4686.0,36.0,37.0,90
Chike,Wikipedia_views_daily,Q1_2026,sum,3478.0,28.0,45.0,83
Chike,Wikipedia_views_daily,Q2_2025,sum,3735.0,48.0,35.0,91
Chike,Wikipedia_views_daily,Q3_2025,sum,3682.0,32.0,51.0,92
Chike,Wikipedia_views_daily,Q4_2025,sum,3476.0,31.0,33.0,92
Chike,YouTube_channel_views_daily,Q1_2025,sum,28237856970.0,299679780.0,326696220.0,90
Chike,YouTube_channel_views_daily,Q1_2026,sum,39044772610.0,420153280.0,443922600.0,90
Chike,YouTube_channel_views_daily,Q2_2025,sum,31240300670.0,327146620.0,359056600.0,91
Chike,YouTube_channel_views_daily,Q3_2025,sum,34389527270.0,359386850.0,388640770.0,92
Chike,YouTube_channel_views_daily,Q4_2025,sum,37026711460.0,388925540.0,419681600.0,92
Chike,YouTube_subscribers_daily,Q1_2025,net_change,41310.0,1053333.0,1094643.0,90
Chike,YouTube_subscribers_daily,Q1_2026,net_change,24815.0,1225185.0,1250000.0,90
Chike,YouTube_subscribers_daily,Q2_2025,net_change,48200.0,1095000.0,1143200.0,91
Chike,YouTube_subscribers_daily,Q3_2025,net_change,46400.0,1143600.0,1190000.0,92
Chike,YouTube_subscribers_daily,Q4_2025,net_change,34398.0,1190417.0,1224815.0,92
Crayon,Facebook_followers_daily,Q1_2025,net_change,-418.0,22006.0,21588.0,56
Crayon,Facebook_followers_daily,Q1_2026,net_change,0.0,17000.0,17000.0,8
Crayon,Facebook_followers_daily,Q2_2025,net_change,-580.0,21580.0,21000.0,17
Crayon,Facebook_followers_daily,Q3_2025,net_change,-3000.0,21000.0,18000.0,2
Crayon,Facebook_followers_daily,Q4_2025,net_change,0.0,17000.0,17000.0,7
Crayon,Facebook_likes_daily,Q1_2025,net_change,-324.0,17422.0,17098.0,56
Crayon,Facebook_likes_daily,Q1_2026,net_change,17167.0,0.0,17167.0,8
Crayon,Facebook_likes_daily,Q2_2025,net_change,-209.0,17088.0,16879.0,17
Crayon,Facebook_likes_daily,Q3_2025,net_change,-2879.0,16879.0,14000.0,2
Crayon,Facebook_likes_daily,Q4_2025,net_change,0.0,0.0,0.0,7
Crayon,Facebook_talks_daily,Q1_2025,sum,3157.0,33.0,19.0,56
Crayon,Facebook_talks_daily,Q1_2026,sum,158.0,16.0,51.0,8
Crayon,Facebook_talks_daily,Q2_2025,sum,211.0,18.0,15.0,17
Crayon,Facebook_talks_daily,Q3_2025,sum,39.0,15.0,24.0,2
Crayon,Facebook_talks_daily,Q4_2025,sum,120.0,20.0,12.0,7
Crayon,Instagram_followers_daily,Q1_2025,net_change,-43127.0,1085576.0,1042449.0,88
Crayon,Instagram_followers_daily,Q1_2026,net_change,-8874.0,958815.0,949941.0,89
Crayon,Instagram_followers_daily,Q2_2025,net_change,-32658.0,1042203.0,1009545.0,88
Crayon,Instagram_followers_daily,Q3_2025,net_change,-31272.0,1009264.0,977992.0,60
Crayon,Instagram_followers_daily,Q4_2025,net_change,-18638.0,977630.0,958992.0,82
Crayon,Soundcloud_followers_daily,Q1_2026,net_change,-2.0,584.0,582.0,90
Crayon,Soundcloud_followers_daily,Q2_2025,net_change,2.0,577.0,579.0,8
Crayon,Soundcloud_followers_daily,Q4_2025,net_change,1.0,583.0,584.0,48
Crayon,Spotify_followers_daily,Q1_2025,net_change,148727.0,769855.0,918582.0,90
Crayon,Spotify_followers_daily,Q1_2026,net_change,63078.0,1222378.0,1285456.0,90
Crayon,Spotify_followers_daily,Q2_2025,net_change,127069.0,919782.0,1046851.0,91
Crayon,Spotify_followers_daily,Q3_2025,net_change,102913.0,1047964.0,1150877.0,92
Crayon,Spotify_followers_daily,Q4_2025,net_change,70031.0,1151548.0,1221579.0,92
Crayon,Spotify_monthly_listeners_daily,Q1_2025,net_change,-373014.0,2203733.0,1830719.0,90
Crayon,Spotify_monthly_listeners_daily,Q1_2026,net_change,54989.0,1555115.0,1610104.0,90
Crayon,Spotify_monthly_listeners_daily,Q2_2025,net_change,-111683.0,1837320.0,1725637.0,91
Crayon,Spotify_monthly_listeners_daily,Q3_2025,net_change,-142893.0,1726481.0,1583588.0,92
Crayon,Spotify_monthly_listeners_daily,Q4_2025,net_change,-29210.0,1583961.0,1554751.0,92
Crayon,Spotify_popularity_daily,Q1_2025,last_value,58.0,61.0,58.0,86
Crayon,Spotify_popularity_daily,Q1_2026,last_value,55.0,57.0,55.0,60
Crayon,Spotify_popularity_daily,Q2_2025,last_value,59.0,58.0,59.0,65
Crayon,Spotify_popularity_daily,Q3_2025,last_value,58.0,59.0,58.0,85
Crayon,Spotify_popularity_daily,Q4_2025,last_value,56.0,58.0,56.0,76
Crayon,TikTok_followers_daily,Q1_2025,net_change,17625.0,264075.0,281700.0,90
Crayon,TikTok_followers_daily,Q1_2026,net_change,-198.0,306588.0,306390.0,90
Crayon,TikTok_followers_daily,Q2_2025,net_change,32240.0,282300.0,314540.0,91
Crayon,TikTok_followers_daily,Q3_2025,net_change,-4720.0,314520.0,309800.0,92
Crayon,TikTok_followers_daily,Q4_2025,net_change,-3125.0,309750.0,306625.0,92
Crayon,TikTok_likes_daily,Q1_2025,net_change,256564.0,2263436.0,2520000.0,90
Crayon,TikTok_likes_daily,Q1_2026,net_change,35743.0,3063856.0,3099599.0,90
Crayon,TikTok_likes_daily,Q2_2025,net_change,385714.0,2540000.0,2925714.0,91
Crayon,TikTok_likes_daily,Q3_2025,net_change,97935.0,2928571.0,3026506.0,92
Crayon,TikTok_likes_daily,Q4_2025,net_change,36546.0,3026908.0,3063454.0,92
Crayon,Twitter_followers_daily,Q1_2025,net_change,13181.0,816753.0,829934.0,75
Crayon,Twitter_followers_daily,Q1_2026,net_change,6971.0,855443.0,862414.0,72
Crayon,Twitter_followers_daily,Q2_2025,net_change,16946.0,830211.0,847157.0,73
Crayon,Twitter_followers_daily,Q3_2025,net_change,2330.0,847309.0,849639.0,69
Crayon,Twitter_followers_daily,Q4_2025,net_change,5959.0,849509.0,855468.0,88
Crayon,YouTube_artist_daily_views,Q1_2025,sum,13508297.0,250284.0,256309.0,64
Crayon,YouTube_artist_daily_views,Q1_2026,sum,14410430.0,224540.0,205221.0,74
Crayon,YouTube_artist_daily_views,Q2_2025,sum,10004869.0,242460.0,198540.0,45
Crayon,YouTube_artist_daily_views,Q3_2025,sum,8984372.0,202938.0,172475.0,44
Crayon,YouTube_artist_daily_views,Q4_2025,sum,8149860.0,178296.0,277411.0,40
Crayon,YouTube_artist_monthly_views,Q1_2025,sum,379985390.0,6375705.0,6117684.0,64
Crayon,YouTube_artist_monthly_views,Q1_2026,sum,228557521.0,6375715.0,5612163.0,41
Crayon,YouTube_artist_monthly_views,Q2_2025,sum,284806549.0,6203080.0,5805586.0,45
Crayon,YouTube_artist_monthly_views,Q3_2025,sum,255197043.0,5815463.0,5092391.0,44
Crayon,YouTube_artist_monthly_views,Q4_2025,sum,218454530.0,5082055.0,6342188.0,40
Crayon,YouTube_channel_views_daily,Q1_2025,sum,8395832870.0,88778210.0,97414370.0,90
Crayon,YouTube_channel_views_daily,Q1_2026,sum,11375683238.0,122669080.0,130613096.0,90
Crayon,YouTube_channel_views_daily,Q2_2025,sum,9298214254.0,97450620.0,106386440.0,91
Crayon,YouTube_channel_views_daily,Q3_2025,sum,10201910560.0,106437660.0,114632184.0,92
Crayon,YouTube_channel_views_daily,Q4_2025,sum,10892381904.0,114690080.0,122554750.0,92
Crayon,YouTube_subscribers_daily,Q1_2025,net_change,10229.0,219571.0,229800.0,90
Crayon,YouTube_subscribers_daily,Q1_2026,net_change,7417.0,257250.0,264667.0,90
Crayon,YouTube_subscribers_daily,Q2_2025,net_change,10857.0,230000.0,240857.0,91
Crayon,YouTube_subscribers_daily,Q3_2025,net_change,8798.0,240952.0,249750.0,92
Crayon,YouTube_subscribers_daily,Q4_2025,net_change,7355.0,249833.0,257188.0,92
Cruel Santino,Bandsintown_followers_daily,Q1_2025,net_change,372.0,4072.0,4444.0,176
Cruel Santino,Bandsintown_followers_daily,Q2_2025,net_change,512.0,4473.0,4985.0,58
Cruel Santino,Bandsintown_followers_daily,Q3_2025,net_change,5511.0,0.0,5511.0,54
Cruel Santino,Bandsintown_followers_daily,Q4_2025,net_change,214.0,5519.0,5733.0,26
Cruel Santino,Deezer_fans_daily,Q1_2025,net_change,1.0,156.0,157.0,6
Cruel Santino,Deezer_fans_daily,Q1_2026,net_change,3.0,171.0,174.0,90
Cruel Santino,Deezer_fans_daily,Q4_2025,net_change,5.0,166.0,171.0,83
Cruel Santino,Facebook_followers_daily,Q1_2025,net_change,-34.0,3992.0,3958.0,34
Cruel Santino,Facebook_followers_daily,Q1_2026,net_change,0.0,3400.0,3400.0,12
Cruel Santino,Facebook_followers_daily,Q2_2025,net_change,-8.0,3957.0,3949.0,14
Cruel Santino,Facebook_followers_daily,Q3_2025,net_change,0.0,3600.0,3600.0,1
Cruel Santino,Facebook_followers_daily,Q4_2025,net_change,0.0,3500.0,3500.0,14
Cruel Santino,Facebook_likes_daily,Q1_2025,net_change,-14.0,3260.0,3246.0,34
Cruel Santino,Facebook_likes_daily,Q1_2026,net_change,3422.0,0.0,3422.0,12
Cruel Santino,Facebook_likes_daily,Q2_2025,net_change,9.0,3247.0,3256.0,14
Cruel Santino,Facebook_likes_daily,Q3_2025,net_change,0.0,3000.0,3000.0,1
Cruel Santino,Facebook_likes_daily,Q4_2025,net_change,0.0,0.0,0.0,14
Cruel Santino,Facebook_talks_daily,Q1_2025,sum,263.0,6.0,13.0,34
Cruel Santino,Facebook_talks_daily,Q1_2026,sum,19.0,0.0,1.0,12
Cruel Santino,Facebook_talks_daily,Q2_2025,sum,126.0,12.0,9.0,14
Cruel Santino,Facebook_talks_daily,Q3_2025,sum,4.0,4.0,4.0,1
Cruel Santino,Facebook_talks_daily,Q4_2025,sum,56.0,0.0,3.0,14
Cruel Santino,Instagram_followers_daily,Q1_2025,net_change,1753.0,124518.0,126271.0,176
Cruel Santino,Instagram_followers_daily,Q1_2026,net_change,-497.0,121431.0,120934.0,89
Cruel Santino,Instagram_followers_daily,Q2_2025,net_change,-492.0,126381.0,125889.0,178
Cruel Santino,Instagram_followers_daily,Q3_2025,net_change,-2475.0,125849.0,123374.0,120
Cruel Santino,Instagram_followers_daily,Q4_2025,net_change,-1898.0,123364.0,121466.0,160
Cruel Santino,Soundcloud_followers_daily,Q1_2025,net_change,188.0,17800.0,17988.0,168
Cruel Santino,Soundcloud_followers_daily,Q1_2026,net_change,216.0,18359.0,18575.0,90
Cruel Santino,Soundcloud_followers_daily,Q2_2025,net_change,63.0,17987.0,18050.0,122
Cruel Santino,Soundcloud_followers_daily,Q3_2025,net_change,163.0,18074.0,18237.0,172
Cruel Santino,Soundcloud_followers_daily,Q4_2025,net_change,121.0,18236.0,18357.0,110
Cruel Santino,Spotify_followers_daily,Q1_2025,net_change,3414.0,101952.0,105366.0,180
Cruel Santino,Spotify_followers_daily,Q1_2026,net_change,3917.0,114308.0,118225.0,90
Cruel Santino,Spotify_followers_daily,Q2_2025,net_change,3326.0,105397.0,108723.0,182
Cruel Santino,Spotify_followers_daily,Q3_2025,net_change,2269.0,108743.0,111012.0,184
Cruel Santino,Spotify_followers_daily,Q4_2025,net_change,3247.0,111033.0,114280.0,184
Cruel Santino,Spotify_monthly_listeners_daily,Q1_2025,net_change,45298.0,564660.0,609958.0,180
Cruel Santino,Spotify_monthly_listeners_daily,Q1_2026,net_change,7079.0,824277.0,831356.0,90
Cruel Santino,Spotify_monthly_listeners_daily,Q2_2025,net_change,154725.0,609340.0,764065.0,182
Cruel Santino,Spotify_monthly_listeners_daily,Q3_2025,net_change,-40395.0,764462.0,724067.0,184
Cruel Santino,Spotify_monthly_listeners_daily,Q4_2025,net_change,96275.0,730925.0,827200.0,92
Cruel Santino,Spotify_popularity_daily,Q1_2025,last_value,53.0,53.0,53.0,76
Cruel Santino,Spotify_popularity_daily,Q1_2026,last_value,52.0,54.0,52.0,80
Cruel Santino,Spotify_popularity_daily,Q2_2025,last_value,55.0,53.0,55.0,63
Cruel Santino,Spotify_popularity_daily,Q3_2025,last_value,54.0,55.0,54.0,84
Cruel Santino,Spotify_popularity_daily,Q4_2025,last_value,54.0,54.0,54.0,79
Cruel Santino,TikTok_followers_daily,Q1_2025,net_change,3146.0,13171.0,16317.0,180
Cruel Santino,TikTok_followers_daily,Q1_2026,net_change,320.0,17480.0,17800.0,90
Cruel Santino,TikTok_followers_daily,Q2_2025,net_change,1491.0,16333.0,17824.0,182
Cruel Santino,TikTok_followers_daily,Q3_2025,net_change,-240.0,17827.0,17587.0,184
Cruel Santino,TikTok_followers_daily,Q4_2025,net_change,-106.0,17584.0,17478.0,184
Cruel Santino,TikTok_likes_daily,Q1_2025,net_change,109900.0,147700.0,257600.0,180
Cruel Santino,TikTok_likes_daily,Q1_2026,net_change,29286.0,298914.0,328200.0,90
Cruel Santino,TikTok_likes_daily,Q2_2025,net_change,32950.0,258150.0,291100.0,182
Cruel Santino,TikTok_likes_daily,Q3_2025,net_change,4279.0,291150.0,295429.0,184
Cruel Santino,TikTok_likes_daily,Q4_2025,net_change,3396.0,295461.0,298857.0,184
Cruel Santino,Twitter_followers_daily,Q1_2025,net_change,4767.0,121613.0,126380.0,148
Cruel Santino,Twitter_followers_daily,Q1_2026,net_change,-38.0,130189.0,130151.0,79
Cruel Santino,Twitter_followers_daily,Q2_2025,net_change,2722.0,126460.0,129182.0,146
Cruel Santino,Twitter_followers_daily,Q3_2025,net_change,873.0,129231.0,130104.0,134
Cruel Santino,Twitter_followers_daily,Q4_2025,net_change,84.0,130122.0,130206.0,180
Cruel Santino,Wikipedia_views_daily,Q1_2025,sum,12012.0,76.0,107.0,180
Cruel Santino,Wikipedia_views_daily,Q1_2026,sum,145.0,31.0,28.0,4
Cruel Santino,Wikipedia_views_daily,Q2_2025,sum,11386.0,71.0,40.0,182
Cruel Santino,Wikipedia_views_daily,Q3_2025,sum,6544.0,42.0,39.0,184
Cruel Santino,Wikipedia_views_daily,Q4_2025,sum,6774.0,29.0,45.0,184
Cruel Santino,YouTube_channel_views_daily,Q1_2025,sum,58587650.0,647579.0,654510.0,90
Cruel Santino,YouTube_channel_views_daily,Q1_2026,sum,60607869.0,670989.0,675803.0,90
Cruel Santino,YouTube_channel_views_daily,Q2_2025,sum,59882331.0,654586.0,661229.0,91
Cruel Santino,YouTube_channel_views_daily,Q3_2025,sum,60405504.0,661276.0,666195.0,91
Cruel Santino,YouTube_channel_views_daily,Q4_2025,sum,61511126.0,666245.0,670945.0,92
Cruel Santino,YouTube_subscribers_daily,Q1_2025,net_change,-23.0,5437.0,5414.0,180
Cruel Santino,YouTube_subscribers_daily,Q1_2026,net_change,-11.0,5371.0,5360.0,90
Cruel Santino,YouTube_subscribers_daily,Q2_2025,net_change,-18.0,5414.0,5396.0,182
Cruel Santino,YouTube_subscribers_daily,Q3_2025,net_change,-10.0,5396.0,5386.0,184
Cruel Santino,YouTube_subscribers_daily,Q4_2025,net_change,-14.0,5385.0,5371.0,184
D'banj,Deezer_fans_daily,Q1_2025,net_change,24.0,7599.0,7623.0,8
D'banj,Deezer_fans_daily,Q1_2026,net_change,49.0,7684.0,7733.0,9
D'banj,Deezer_fans_daily,Q2_2025,net_change,18.0,7627.0,7645.0,9
D'banj,Deezer_fans_daily,Q3_2025,net_change,13.0,7649.0,7662.0,8
D'banj,Deezer_fans_daily,Q4_2025,net_change,17.0,7666.0,7683.0,8
D'banj,Facebook_followers_daily,Q1_2025,net_change,-11823.0,1590518.0,1578695.0,55
D'banj,Facebook_followers_daily,Q1_2026,net_change,0.0,1500000.0,1500000.0,10
D'banj,Facebook_followers_daily,Q2_2025,net_change,-5304.0,1578531.0,1573227.0,15
D'banj,Facebook_followers_daily,Q3_2025,net_change,0.0,1500000.0,1500000.0,1
D'banj,Facebook_followers_daily,Q4_2025,net_change,0.0,1500000.0,1500000.0,5
D'banj,Facebook_likes_daily,Q1_2025,net_change,-11823.0,1590518.0,1578695.0,55
D'banj,Facebook_likes_daily,Q1_2026,net_change,1510505.0,0.0,1510505.0,10
D'banj,Facebook_likes_daily,Q2_2025,net_change,-5304.0,1578531.0,1573227.0,15
D'banj,Facebook_likes_daily,Q3_2025,net_change,0.0,0.0,0.0,1
D'banj,Facebook_likes_daily,Q4_2025,net_change,0.0,0.0,0.0,5
D'banj,Facebook_talks_daily,Q1_2025,sum,30750.0,367.0,323.0,55
D'banj,Facebook_talks_daily,Q1_2026,sum,3204.0,228.0,213.0,10
D'banj,Facebook_talks_daily,Q2_2025,sum,5085.0,352.0,328.0,15
D'banj,Facebook_talks_daily,Q3_2025,sum,333.0,333.0,333.0,1
D'banj,Facebook_talks_daily,Q4_2025,sum,1653.0,407.0,279.0,5
D'banj,Instagram_followers_daily,Q1_2025,net_change,-19667.0,4328597.0,4308930.0,37
D'banj,Instagram_followers_daily,Q1_2026,net_change,-3917.0,4266022.0,4262105.0,4
D'banj,Instagram_followers_daily,Q2_2025,net_change,-21834.0,4308788.0,4286954.0,35
D'banj,Instagram_followers_daily,Q3_2025,net_change,0.0,4274368.0,4274368.0,1
D'banj,Instagram_followers_daily,Q4_2025,net_change,-7577.0,4275492.0,4267915.0,6
D'banj,Soundcloud_followers_daily,Q1_2025,net_change,0.0,11.0,11.0,1
D'banj,Soundcloud_followers_daily,Q1_2026,net_change,1.0,18.0,19.0,85
D'banj,Soundcloud_followers_daily,Q2_2025,net_change,1.0,11.0,12.0,5
D'banj,Soundcloud_followers_daily,Q3_2025,net_change,0.0,12.0,12.0,2
D'banj,Soundcloud_followers_daily,Q4_2025,net_change,1.0,16.0,17.0,38
D'banj,Spotify_followers_daily,Q1_2025,net_change,10505.0,333614.0,344119.0,90
D'banj,Spotify_followers_daily,Q1_2026,net_change,9077.0,375226.0,384303.0,90
D'banj,Spotify_followers_daily,Q2_2025,net_change,10335.0,344165.0,354500.0,91
D'banj,Spotify_followers_daily,Q3_2025,net_change,10035.0,354617.0,364652.0,92
D'banj,Spotify_followers_daily,Q4_2025,net_change,10319.0,364801.0,375120.0,92
D'banj,Spotify_monthly_listeners_daily,Q1_2025,net_change,-55905.0,547922.0,492017.0,90
D'banj,Spotify_monthly_listeners_daily,Q1_2026,net_change,16855.0,590796.0,607651.0,90
D'banj,Spotify_monthly_listeners_daily,Q2_2025,net_change,11345.0,492604.0,503949.0,91
D'banj,Spotify_monthly_listeners_daily,Q3_2025,net_change,53275.0,504055.0,557330.0,92
D'banj,Spotify_monthly_listeners_daily,Q4_2025,net_change,32535.0,556856.0,589391.0,92
D'banj,Spotify_popularity_daily,Q1_2025,last_value,48.0,49.0,48.0,85
D'banj,Spotify_popularity_daily,Q1_2026,last_value,47.0,48.0,47.0,77
D'banj,Spotify_popularity_daily,Q2_2025,last_value,48.0,48.0,48.0,48
D'banj,Spotify_popularity_daily,Q3_2025,last_value,50.0,49.0,50.0,57
D'banj,Spotify_popularity_daily,Q4_2025,last_value,48.0,50.0,48.0,79
D'banj,TikTok_followers_daily,Q1_2025,net_change,6587.0,60313.0,66900.0,90
D'banj,TikTok_followers_daily,Q1_2026,net_change,2253.0,76314.0,78567.0,90
D'banj,TikTok_followers_daily,Q2_2025,net_change,2775.0,66925.0,69700.0,91
D'banj,TikTok_followers_daily,Q3_2025,net_change,5618.0,69709.0,75327.0,92
D'banj,TikTok_followers_daily,Q4_2025,net_change,968.0,75340.0,76308.0,92
D'banj,TikTok_likes_daily,Q1_2025,net_change,30040.0,283800.0,313840.0,90
D'banj,TikTok_likes_daily,Q1_2026,net_change,27817.0,410816.0,438633.0,90
D'banj,TikTok_likes_daily,Q2_2025,net_change,20820.0,313880.0,334700.0,91
D'banj,TikTok_likes_daily,Q3_2025,net_change,69810.0,334750.0,404560.0,92
D'banj,TikTok_likes_daily,Q4_2025,net_change,6127.0,404640.0,410767.0,92
D'banj,Wikipedia_views_daily,Q1_2025,sum,10602.0,144.0,109.0,90
D'banj,Wikipedia_views_daily,Q1_2026,sum,9341.0,103.0,135.0,80
D'banj,Wikipedia_views_daily,Q2_2025,sum,13235.0,94.0,107.0,91
D'banj,Wikipedia_views_daily,Q3_2025,sum,11634.0,97.0,125.0,92
D'banj,Wikipedia_views_daily,Q4_2025,sum,9782.0,78.0,97.0,92
D'banj,YouTube_artist_daily_views,Q1_2025,sum,1277085.0,42533.0,25390.0,48
D'banj,YouTube_artist_daily_views,Q1_2026,sum,2316554.0,32389.0,77583.0,74
D'banj,YouTube_artist_daily_views,Q2_2025,sum,1236967.0,23632.0,30366.0,44
D'banj,YouTube_artist_daily_views,Q3_2025,sum,1599112.0,29331.0,37146.0,45
D'banj,YouTube_artist_daily_views,Q4_2025,sum,1768825.0,42897.0,42683.0,46
D'banj,YouTube_artist_monthly_views,Q1_2025,sum,47773696.0,2762411.0,709512.0,48
D'banj,YouTube_artist_monthly_views,Q1_2026,sum,36467726.0,1267072.0,857408.0,40
D'banj,YouTube_artist_monthly_views,Q2_2025,sum,34275521.0,712985.0,843423.0,44
D'banj,YouTube_artist_monthly_views,Q3_2025,sum,43329917.0,845254.0,1059469.0,45
D'banj,YouTube_artist_monthly_views,Q4_2025,sum,47513892.0,1062826.0,1285099.0,46
D'banj,YouTube_channel_views_daily,Q1_2025,sum,10061558314.0,110978640.0,112654230.0,90
D'banj,YouTube_channel_views_daily,Q1_2026,sum,10740604476.0,118370870.0,120578700.0,90
D'banj,YouTube_channel_views_daily,Q2_2025,sum,10342828402.0,112675460.0,114650050.0,91
D'banj,YouTube_channel_views_daily,Q3_2025,sum,10657620672.0,114672270.0,117137120.0,92
D'banj,YouTube_channel_views_daily,Q4_2025,sum,10837117778.0,117166970.0,118358520.0,92
D'banj,YouTube_subscribers_daily,Q1_2025,net_change,2537.0,222674.0,225211.0,90
D'banj,YouTube_subscribers_daily,Q1_2026,net_change,2072.0,231885.0,233957.0,90
D'banj,YouTube_subscribers_daily,Q2_2025,net_change,2263.0,225237.0,227500.0,91
D'banj,YouTube_subscribers_daily,Q3_2025,net_change,2502.0,227523.0,230025.0,92
D'banj,YouTube_subscribers_daily,Q4_2025,net_change,1819.0,230050.0,231869.0,92
DJ Cuppy,Spotify_followers_daily,Q1_2025,net_change,2.0,5.0,7.0,180
DJ Cuppy,Spotify_followers_daily,Q2_2025,net_change,0.0,7.0,7.0,182
DJ Cuppy,Spotify_followers_daily,Q3_2025,net_change,0.0,7.0,7.0,146
DJ Cuppy,Spotify_monthly_listeners_daily,Q1_2025,net_change,-214.0,215.0,1.0,180
DJ Cuppy,Spotify_monthly_listeners_daily,Q2_2025,net_change,0.0,1.0,1.0,182
DJ Cuppy,Spotify_monthly_listeners_daily,Q3_2025,net_change,0.0,1.0,1.0,146
DJ Cuppy,Spotify_popularity_daily,Q1_2025,last_value,0.0,0.0,0.0,1
DJ Cuppy,Spotify_popularity_daily,Q1_2026,last_value,0.0,0.0,0.0,1
DJ Cuppy,Spotify_popularity_daily,Q2_2025,last_value,0.0,0.0,0.0,1
DJ Cuppy,Spotify_popularity_daily,Q3_2025,last_value,0.0,0.0,0.0,3
DJ Cuppy,Spotify_popularity_daily,Q4_2025,last_value,0.0,0.0,0.0,2
DJ Neptune,Deezer_fans_daily,Q1_2025,net_change,0.0,66.0,66.0,4
DJ Neptune,Deezer_fans_daily,Q1_2026,net_change,0.0,66.0,66.0,90
DJ Neptune,Deezer_fans_daily,Q2_2025,net_change,0.0,66.0,66.0,1
DJ Neptune,Deezer_fans_daily,Q3_2025,net_change,0.0,66.0,66.0,1
DJ Neptune,Deezer_fans_daily,Q4_2025,net_change,0.0,66.0,66.0,83
DJ Neptune,Facebook_followers_daily,Q1_2025,net_change,-1785.0,407617.0,405832.0,56
DJ Neptune,Facebook_followers_daily,Q1_2026,net_change,-6000.0,352000.0,346000.0,11
DJ Neptune,Facebook_followers_daily,Q2_2025,net_change,-4464.0,405881.0,401417.0,14
DJ Neptune,Facebook_followers_daily,Q3_2025,net_change,0.0,371000.0,371000.0,1
DJ Neptune,Facebook_followers_daily,Q4_2025,net_change,-1000.0,356000.0,355000.0,3
DJ Neptune,Facebook_likes_daily,Q1_2025,net_change,-1935.0,122110.0,120175.0,56
DJ Neptune,Facebook_likes_daily,Q1_2026,net_change,346708.0,0.0,346708.0,11
DJ Neptune,Facebook_likes_daily,Q2_2025,net_change,281264.0,120153.0,401417.0,14
DJ Neptune,Facebook_likes_daily,Q3_2025,net_change,0.0,0.0,0.0,1
DJ Neptune,Facebook_likes_daily,Q4_2025,net_change,0.0,0.0,0.0,3
DJ Neptune,Facebook_talks_daily,Q1_2025,sum,140844.0,2376.0,2678.0,56
DJ Neptune,Facebook_talks_daily,Q1_2026,sum,3699.0,522.0,169.0,11
DJ Neptune,Facebook_talks_daily,Q2_2025,sum,34050.0,2761.0,801.0,14
DJ Neptune,Facebook_talks_daily,Q3_2025,sum,290.0,290.0,290.0,1
DJ Neptune,Facebook_talks_daily,Q4_2025,sum,863.0,319.0,272.0,3
DJ Neptune,Instagram_followers_daily,Q1_2025,net_change,-8959.0,466050.0,457091.0,176
DJ Neptune,Instagram_followers_daily,Q1_2026,net_change,-5544.0,445478.0,439934.0,88
DJ Neptune,Instagram_followers_daily,Q2_2025,net_change,-16168.0,457084.0,440916.0,176
DJ Neptune,Instagram_followers_daily,Q3_2025,net_change,4148.0,440900.0,445048.0,118
DJ Neptune,Instagram_followers_daily,Q4_2025,net_change,476.0,445068.0,445544.0,164
DJ Neptune,Soundcloud_followers_daily,Q1_2026,net_change,104.0,7424.0,7528.0,90
DJ Neptune,Soundcloud_followers_daily,Q2_2025,net_change,34.0,7064.0,7098.0,4
DJ Neptune,Soundcloud_followers_daily,Q4_2025,net_change,98.0,7323.0,7421.0,38
DJ Neptune,Spotify_followers_daily,Q1_2025,net_change,52145.0,649185.0,701330.0,180
DJ Neptune,Spotify_followers_daily,Q1_2026,net_change,79697.0,920395.0,1000092.0,90
DJ Neptune,Spotify_followers_daily,Q2_2025,net_change,53336.0,701879.0,755215.0,182
DJ Neptune,Spotify_followers_daily,Q3_2025,net_change,57043.0,755829.0,812872.0,184
DJ Neptune,Spotify_followers_daily,Q4_2025,net_change,105385.0,813835.0,919220.0,184
DJ Neptune,Spotify_monthly_listeners_daily,Q1_2025,net_change,10363.0,800409.0,810772.0,180
DJ Neptune,Spotify_monthly_listeners_daily,Q1_2026,net_change,81598.0,1063188.0,1144786.0,90
DJ Neptune,Spotify_monthly_listeners_daily,Q2_2025,net_change,162781.0,813080.0,975861.0,182
DJ Neptune,Spotify_monthly_listeners_daily,Q3_2025,net_change,128039.0,974054.0,1102093.0,184
DJ Neptune,Spotify_monthly_listeners_daily,Q4_2025,net_change,-52250.0,1113384.0,1061134.0,184
DJ Neptune,Spotify_popularity_daily,Q1_2025,last_value,51.0,52.0,51.0,85
DJ Neptune,Spotify_popularity_daily,Q1_2026,last_value,52.0,53.0,52.0,81
DJ Neptune,Spotify_popularity_daily,Q2_2025,last_value,53.0,51.0,53.0,63
DJ Neptune,Spotify_popularity_daily,Q3_2025,last_value,54.0,53.0,54.0,82
DJ Neptune,Spotify_popularity_daily,Q4_2025,last_value,52.0,55.0,52.0,81
DJ Neptune,Wikipedia_views_daily,Q1_2025,sum,3310.0,19.0,16.0,176
DJ Neptune,Wikipedia_views_daily,Q1_2026,sum,1600.0,17.0,12.0,80
DJ Neptune,Wikipedia_views_daily,Q2_2025,sum,3658.0,17.0,14.0,172
DJ Neptune,Wikipedia_views_daily,Q3_2025,sum,3732.0,11.0,46.0,184
DJ Neptune,Wikipedia_views_daily,Q4_2025,sum,5322.0,32.0,22.0,184
DJ Neptune,YouTube_artist_daily_views,Q1_2025,sum,1681563.0,34496.0,36277.0,55
DJ Neptune,YouTube_artist_daily_views,Q1_2026,sum,1877701.0,26125.0,25466.0,75
DJ Neptune,YouTube_artist_daily_views,Q2_2025,sum,1370455.0,30870.0,24615.0,45
DJ Neptune,YouTube_artist_daily_views,Q3_2025,sum,1153913.0,27075.0,29837.0,45
DJ Neptune,YouTube_artist_daily_views,Q4_2025,sum,1749938.0,31110.0,26219.0,45
DJ Neptune,YouTube_artist_monthly_views,Q1_2025,sum,47085308.0,908690.0,853132.0,55
DJ Neptune,YouTube_artist_monthly_views,Q1_2026,sum,29391739.0,685366.0,692889.0,42
DJ Neptune,YouTube_artist_monthly_views,Q2_2025,sum,39086781.0,870329.0,769853.0,45
DJ Neptune,YouTube_artist_monthly_views,Q3_2025,sum,32140754.0,767985.0,710774.0,45
DJ Neptune,YouTube_artist_monthly_views,Q4_2025,sum,48636169.0,725535.0,675674.0,45
DJ Neptune,YouTube_channel_views_daily,Q1_2025,sum,5913805738.0,64286020.0,67101096.0,90
DJ Neptune,YouTube_channel_views_daily,Q1_2026,sum,7219539236.0,78750990.0,81386880.0,90
DJ Neptune,YouTube_channel_views_daily,Q2_2025,sum,6252233674.0,67128650.0,70091496.0,91
DJ Neptune,YouTube_channel_views_daily,Q3_2025,sum,6604630956.0,70116376.0,73431970.0,92
DJ Neptune,YouTube_channel_views_daily,Q4_2025,sum,7048352970.0,73481384.0,78718540.0,92
DJ Neptune,YouTube_subscribers_daily,Q1_2025,net_change,5082.0,247389.0,252471.0,180
DJ Neptune,YouTube_subscribers_daily,Q1_2026,net_change,4600.0,274400.0,279000.0,90
DJ Neptune,YouTube_subscribers_daily,Q2_2025,net_change,5341.0,252529.0,257870.0,182
DJ Neptune,YouTube_subscribers_daily,Q3_2025,net_change,9269.0,257913.0,267182.0,184
DJ Neptune,YouTube_subscribers_daily,Q4_2025,net_change,7060.0,267273.0,274333.0,184
DJ Spinall,Instagram_followers_daily,Q1_2025,net_change,-41376.0,2327579.0,2286203.0,176
DJ Spinall,Instagram_followers_daily,Q1_2026,net_change,-19712.0,2226543.0,2206831.0,89
DJ Spinall,Instagram_followers_daily,Q2_2025,net_change,-27224.0,2285976.0,2258752.0,178
DJ Spinall,Instagram_followers_daily,Q3_2025,net_change,-18620.0,2258587.0,2239967.0,120
DJ Spinall,Instagram_followers_daily,Q4_2025,net_change,-12814.0,2239589.0,2226775.0,162
DJ Spinall,Spotify_followers_daily,Q1_2025,net_change,7.0,133.0,140.0,180
DJ Spinall,Spotify_followers_daily,Q1_2026,net_change,19.0,177.0,196.0,90
DJ Spinall,Spotify_followers_daily,Q2_2025,net_change,12.0,140.0,152.0,182
DJ Spinall,Spotify_followers_daily,Q3_2025,net_change,14.0,152.0,166.0,184
DJ Spinall,Spotify_followers_daily,Q4_2025,net_change,11.0,166.0,177.0,184
DJ Spinall,Spotify_monthly_listeners_daily,Q1_2025,net_change,8.0,4.0,12.0,180
DJ Spinall,Spotify_monthly_listeners_daily,Q1_2026,net_change,-1.0,17.0,16.0,90
DJ Spinall,Spotify_monthly_listeners_daily,Q2_2025,net_change,9.0,13.0,22.0,182
DJ Spinall,Spotify_monthly_listeners_daily,Q3_2025,net_change,-4.0,23.0,19.0,184
DJ Spinall,Spotify_monthly_listeners_daily,Q4_2025,net_change,-2.0,18.0,16.0,184
DJ Spinall,Spotify_popularity_daily,Q1_2025,last_value,2.0,2.0,2.0,59
DJ Spinall,Spotify_popularity_daily,Q1_2026,last_value,2.0,2.0,2.0,39
DJ Spinall,Spotify_popularity_daily,Q2_2025,last_value,3.0,1.0,3.0,49
DJ Spinall,Spotify_popularity_daily,Q3_2025,last_value,3.0,3.0,3.0,84
DJ Spinall,Spotify_popularity_daily,Q4_2025,last_value,2.0,3.0,2.0,77
DJ Spinall,TikTok_followers_daily,Q1_2025,net_change,-2107.0,307067.0,304960.0,180
DJ Spinall,TikTok_followers_daily,Q1_2026,net_change,-1550.0,307150.0,305600.0,90
DJ Spinall,TikTok_followers_daily,Q2_2025,net_change,81.0,304940.0,305021.0,182
DJ Spinall,TikTok_followers_daily,Q3_2025,net_change,4221.0,305029.0,309250.0,184
DJ Spinall,TikTok_followers_daily,Q4_2025,net_change,-2078.0,309238.0,307160.0,184
DJ Spinall,TikTok_likes_daily,Q1_2025,net_change,28709.0,1228710.0,1257419.0,180
DJ Spinall,TikTok_likes_daily,Q1_2026,net_change,0.0,1300000.0,1300000.0,90
DJ Spinall,TikTok_likes_daily,Q2_2025,net_change,29032.0,1257742.0,1286774.0,182
DJ Spinall,TikTok_likes_daily,Q3_2025,net_change,12903.0,1287097.0,1300000.0,180
DJ Spinall,TikTok_likes_daily,Q4_2025,net_change,0.0,1300000.0,1300000.0,178
DJ Spinall,YouTube_channel_views_daily,Q1_2025,sum,15913400950.0,174124690.0,179469650.0,90
DJ Spinall,YouTube_channel_views_daily,Q1_2026,sum,18023325030.0,197796160.0,202789440.0,90
DJ Spinall,YouTube_channel_views_daily,Q2_2025,sum,16594415540.0,179540830.0,185302820.0,91
DJ Spinall,YouTube_channel_views_daily,Q3_2025,sum,17341518770.0,185341630.0,192216640.0,92
DJ Spinall,YouTube_channel_views_daily,Q4_2025,sum,17945568440.0,192286110.0,197733980.0,92
DJ Spinall,YouTube_subscribers_daily,Q1_2025,net_change,5354.0,352313.0,357667.0,180
DJ Spinall,YouTube_subscribers_daily,Q1_2026,net_change,2143.0,373857.0,376000.0,90
DJ Spinall,YouTube_subscribers_daily,Q2_2025,net_change,5778.0,357722.0,363500.0,182
DJ Spinall,YouTube_subscribers_daily,Q3_2025,net_change,6151.0,363563.0,369714.0,184
DJ Spinall,YouTube_subscribers_daily,Q4_2025,net_change,4035.0,369786.0,373821.0,184
Dammy Krane,Deezer_fans_daily,Q1_2025,net_change,2.0,548.0,550.0,8
Dammy Krane,Deezer_fans_daily,Q1_2026,net_change,1.0,564.0,565.0,8
Dammy Krane,Deezer_fans_daily,Q2_2025,net_change,1.0,551.0,552.0,8
Dammy Krane,Deezer_fans_daily,Q3_2025,net_change,5.0,552.0,557.0,9
Dammy Krane,Deezer_fans_daily,Q4_2025,net_change,7.0,557.0,564.0,8
Dammy Krane,Instagram_followers_daily,Q1_2025,net_change,-29.0,655.0,626.0,78
Dammy Krane,Instagram_followers_daily,Q1_2026,net_change,-1.0,585.0,584.0,2
Dammy Krane,Instagram_followers_daily,Q2_2025,net_change,-16.0,625.0,609.0,56
Dammy Krane,Instagram_followers_daily,Q3_2025,net_change,0.0,604.0,604.0,2
Dammy Krane,Instagram_followers_daily,Q4_2025,net_change,0.0,592.0,592.0,2
Dammy Krane,Soundcloud_followers_daily,Q1_2025,net_change,2.0,488.0,490.0,158
Dammy Krane,Soundcloud_followers_daily,Q1_2026,net_change,0.0,491.0,491.0,89
Dammy Krane,Soundcloud_followers_daily,Q2_2025,net_change,1.0,490.0,491.0,146
Dammy Krane,Soundcloud_followers_daily,Q3_2025,net_change,1.0,491.0,492.0,178
Dammy Krane,Soundcloud_followers_daily,Q4_2025,net_change,-1.0,492.0,491.0,154
Dammy Krane,Spotify_followers_daily,Q1_2025,net_change,425.0,11432.0,11857.0,180
Dammy Krane,Spotify_followers_daily,Q1_2026,net_change,892.0,14145.0,15037.0,90
Dammy Krane,Spotify_followers_daily,Q2_2025,net_change,285.0,11862.0,12147.0,182
Dammy Krane,Spotify_followers_daily,Q3_2025,net_change,785.0,12147.0,12932.0,184
Dammy Krane,Spotify_followers_daily,Q4_2025,net_change,1198.0,12931.0,14129.0,184
Dammy Krane,Spotify_monthly_listeners_daily,Q1_2025,net_change,-6643.0,37052.0,30409.0,180
Dammy Krane,Spotify_monthly_listeners_daily,Q1_2026,net_change,-4503.0,34186.0,29683.0,90
Dammy Krane,Spotify_monthly_listeners_daily,Q2_2025,net_change,1170.0,29551.0,30721.0,182
Dammy Krane,Spotify_monthly_listeners_daily,Q3_2025,net_change,7833.0,30721.0,38554.0,184
Dammy Krane,Spotify_monthly_listeners_daily,Q4_2025,net_change,-4303.0,38324.0,34021.0,184
Dammy Krane,Spotify_popularity_daily,Q1_2025,last_value,30.0,32.0,30.0,22
Dammy Krane,Spotify_popularity_daily,Q1_2026,last_value,29.0,31.0,29.0,16
Dammy Krane,Spotify_popularity_daily,Q2_2025,last_value,31.0,30.0,31.0,13
Dammy Krane,Spotify_popularity_daily,Q3_2025,last_value,34.0,31.0,34.0,3
Dammy Krane,Spotify_popularity_daily,Q4_2025,last_value,31.0,30.0,31.0,3
Dammy Krane,Wikipedia_views_daily,Q1_2025,sum,3450.0,22.0,14.0,178
Dammy Krane,Wikipedia_views_daily,Q1_2026,sum,1420.0,13.0,16.0,84
Dammy Krane,Wikipedia_views_daily,Q2_2025,sum,4670.0,19.0,23.0,182
Dammy Krane,Wikipedia_views_daily,Q3_2025,sum,5254.0,12.0,18.0,184
Dammy Krane,Wikipedia_views_daily,Q4_2025,sum,3602.0,21.0,13.0,184
Dammy Krane,YouTube_channel_views_daily,Q1_2026,sum,65031943.0,2239659.0,2243500.0,29
Dammy Krane,YouTube_subscribers_daily,Q1_2026,net_change,0.0,6110.0,6110.0,29
Darey,Deezer_fans_daily,Q1_2025,net_change,4.0,3798.0,3802.0,90
Darey,Deezer_fans_daily,Q1_2026,net_change,3.0,3806.0,3809.0,90
Darey,Deezer_fans_daily,Q2_2025,net_change,3.0,3802.0,3805.0,91
Darey,Deezer_fans_daily,Q3_2025,net_change,1.0,3805.0,3806.0,92
Darey,Deezer_fans_daily,Q4_2025,net_change,0.0,3806.0,3806.0,92
Darey,Facebook_followers_daily,Q1_2025,net_change,-4420.0,577970.0,573550.0,34
Darey,Facebook_followers_daily,Q2_2025,net_change,-1622.0,573429.0,571807.0,14
Darey,Facebook_likes_daily,Q1_2025,net_change,-2214.0,441489.0,439275.0,34
Darey,Facebook_likes_daily,Q2_2025,net_change,-822.0,439209.0,438387.0,14
Darey,Facebook_talks_daily,Q1_2025,sum,6.0,0.0,0.0,34
Darey,Facebook_talks_daily,Q2_2025,sum,0.0,0.0,0.0,14
Darey,Instagram_followers_daily,Q1_2025,net_change,220.0,378146.0,378366.0,80
Darey,Instagram_followers_daily,Q1_2026,net_change,334.0,381377.0,381711.0,3
Darey,Instagram_followers_daily,Q2_2025,net_change,304.0,378215.0,378519.0,76
Darey,Instagram_followers_daily,Q3_2025,net_change,-949.0,377841.0,376892.0,4
Darey,Instagram_followers_daily,Q4_2025,net_change,4826.0,376664.0,381490.0,14
Darey,Soundcloud_followers_daily,Q1_2025,net_change,0.0,1220.0,1220.0,174
Darey,Soundcloud_followers_daily,Q1_2026,net_change,0.0,1219.0,1219.0,89
Darey,Soundcloud_followers_daily,Q2_2025,net_change,1.0,1220.0,1221.0,130
Darey,Soundcloud_followers_daily,Q3_2025,net_change,1.0,1221.0,1222.0,170
Darey,Soundcloud_followers_daily,Q4_2025,net_change,-3.0,1222.0,1219.0,132
Darey,Spotify_followers_daily,Q1_2025,net_change,354.0,73485.0,73839.0,180
Darey,Spotify_followers_daily,Q1_2026,net_change,185.0,76199.0,76384.0,90
Darey,Spotify_followers_daily,Q2_2025,net_change,607.0,73842.0,74449.0,182
Darey,Spotify_followers_daily,Q3_2025,net_change,839.0,74454.0,75293.0,184
Darey,Spotify_followers_daily,Q4_2025,net_change,889.0,75301.0,76190.0,184
Darey,Spotify_monthly_listeners_daily,Q1_2025,net_change,5949.0,53684.0,59633.0,180
Darey,Spotify_monthly_listeners_daily,Q1_2026,net_change,23974.0,184845.0,208819.0,90
Darey,Spotify_monthly_listeners_daily,Q2_2025,net_change,36679.0,59605.0,96284.0,182
Darey,Spotify_monthly_listeners_daily,Q3_2025,net_change,68368.0,96489.0,164857.0,184
Darey,Spotify_monthly_listeners_daily,Q4_2025,net_change,17483.0,166481.0,183964.0,92
Darey,Spotify_popularity_daily,Q1_2025,last_value,29.0,29.0,29.0,68
Darey,Spotify_popularity_daily,Q1_2026,last_value,37.0,36.0,37.0,12
Darey,Spotify_popularity_daily,Q2_2025,last_value,34.0,29.0,34.0,54
Darey,Spotify_popularity_daily,Q3_2025,last_value,36.0,34.0,36.0,65
Darey,Spotify_popularity_daily,Q4_2025,last_value,36.0,33.0,36.0,57
Darey,Wikipedia_views_daily,Q1_2025,sum,9912.0,28.0,41.0,180
Darey,Wikipedia_views_daily,Q1_2026,sum,2939.0,41.0,21.0,84
Darey,Wikipedia_views_daily,Q2_2025,sum,9742.0,42.0,46.0,182
Darey,Wikipedia_views_daily,Q3_2025,sum,6976.0,37.0,52.0,184
Darey,Wikipedia_views_daily,Q4_2025,sum,8314.0,40.0,47.0,184
Darey,YouTube_channel_views_daily,Q1_2025,sum,1591326684.0,17424800.0,17947512.0,90
Darey,YouTube_channel_views_daily,Q1_2026,sum,1786795086.0,19618914.0,20087612.0,90
Darey,YouTube_channel_views_daily,Q2_2025,sum,1656476062.0,17951956.0,18501450.0,91
Darey,YouTube_channel_views_daily,Q3_2025,sum,1726649622.0,18507596.0,19074086.0,92
Darey,YouTube_channel_views_daily,Q4_2025,sum,1780408288.0,19080760.0,19613414.0,92
Darey,YouTube_subscribers_daily,Q1_2025,net_change,789.0,72669.0,73458.0,180
Darey,YouTube_subscribers_daily,Q1_2026,net_change,453.0,76447.0,76900.0,90
Darey,YouTube_subscribers_daily,Q2_2025,net_change,1147.0,73467.0,74614.0,182
Darey,YouTube_subscribers_daily,Q3_2025,net_change,1027.0,74629.0,75656.0,184
Darey,YouTube_subscribers_daily,Q4_2025,net_change,774.0,75667.0,76441.0,184
Darkoo,Deezer_fans_daily,Q1_2026,net_change,0.0,1.0,1.0,90
Darkoo,Deezer_fans_daily,Q3_2025,net_change,0.0,1.0,1.0,1
Darkoo,Deezer_fans_daily,Q4_2025,net_change,0.0,1.0,1.0,83
Darkoo,Instagram_followers_daily,Q1_2025,net_change,10260.0,433307.0,443567.0,178
Darkoo,Instagram_followers_daily,Q1_2026,net_change,2278.0,489949.0,492227.0,89
Darkoo,Instagram_followers_daily,Q2_2025,net_change,33845.0,443475.0,477320.0,176
Darkoo,Instagram_followers_daily,Q3_2025,net_change,9164.0,477524.0,486688.0,122
Darkoo,Instagram_followers_daily,Q4_2025,net_change,3330.0,486463.0,489793.0,162
Darkoo,Soundcloud_followers_daily,Q1_2025,net_change,3.0,410.0,413.0,150
Darkoo,Soundcloud_followers_daily,Q1_2026,net_change,1.0,420.0,421.0,88
Darkoo,Soundcloud_followers_daily,Q2_2025,net_change,0.0,413.0,413.0,10
Darkoo,Soundcloud_followers_daily,Q4_2025,net_change,0.0,420.0,420.0,92
Darkoo,Spotify_followers_daily,Q1_2025,net_change,67221.0,176961.0,244182.0,180
Darkoo,Spotify_followers_daily,Q1_2026,net_change,18124.0,409083.0,427207.0,90
Darkoo,Spotify_followers_daily,Q2_2025,net_change,49296.0,244450.0,293746.0,182
Darkoo,Spotify_followers_daily,Q3_2025,net_change,87022.0,295126.0,382148.0,184
Darkoo,Spotify_followers_daily,Q4_2025,net_change,26434.0,382364.0,408798.0,184
Darkoo,Spotify_monthly_listeners_daily,Q1_2025,net_change,-460139.0,4267619.0,3807480.0,180
Darkoo,Spotify_monthly_listeners_daily,Q1_2026,net_change,-349348.0,3755210.0,3405862.0,90
Darkoo,Spotify_monthly_listeners_daily,Q2_2025,net_change,1451974.0,3810517.0,5262491.0,182
Darkoo,Spotify_monthly_listeners_daily,Q3_2025,net_change,-1129216.0,5318192.0,4188976.0,184
Darkoo,Spotify_monthly_listeners_daily,Q4_2025,net_change,-424361.0,4182803.0,3758442.0,184
Darkoo,Spotify_popularity_daily,Q1_2025,last_value,63.0,65.0,63.0,85
Darkoo,Spotify_popularity_daily,Q1_2026,last_value,60.0,62.0,60.0,77
Darkoo,Spotify_popularity_daily,Q2_2025,last_value,67.0,63.0,67.0,71
Darkoo,Spotify_popularity_daily,Q3_2025,last_value,65.0,68.0,65.0,84
Darkoo,Spotify_popularity_daily,Q4_2025,last_value,62.0,65.0,62.0,77
Darkoo,TikTok_followers_daily,Q1_2025,net_change,85500.0,746900.0,832400.0,180
Darkoo,TikTok_followers_daily,Q1_2026,net_change,-11900.0,957800.0,945900.0,90
Darkoo,TikTok_followers_daily,Q2_2025,net_change,97600.0,832300.0,929900.0,182
Darkoo,TikTok_followers_daily,Q3_2025,net_change,43800.0,930000.0,973800.0,182
Darkoo,TikTok_followers_daily,Q4_2025,net_change,-15717.0,973700.0,957983.0,184
Darkoo,TikTok_likes_daily,Q1_2025,net_change,3269232.0,16500000.0,19769232.0,180
Darkoo,TikTok_likes_daily,Q1_2026,net_change,0.0,24600000.0,24600000.0,90
Darkoo,TikTok_likes_daily,Q2_2025,net_change,3843588.0,19773078.0,23616666.0,182
Darkoo,TikTok_likes_daily,Q3_2025,net_change,1052872.0,23633334.0,24686206.0,184
Darkoo,TikTok_likes_daily,Q4_2025,net_change,-85058.0,24685058.0,24600000.0,184
Darkoo,Twitter_followers_daily,Q1_2025,net_change,3912.0,39515.0,43427.0,142
Darkoo,Twitter_followers_daily,Q1_2026,net_change,-39.0,50062.0,50023.0,79
Darkoo,Twitter_followers_daily,Q2_2025,net_change,4009.0,43425.0,47434.0,142
Darkoo,Twitter_followers_daily,Q3_2025,net_change,2659.0,47435.0,50094.0,128
Darkoo,Twitter_followers_daily,Q4_2025,net_change,-22.0,50098.0,50076.0,180
Darkoo,Wikipedia_views_daily,Q1_2025,sum,55922.0,361.0,124.0,180
Darkoo,Wikipedia_views_daily,Q1_2026,sum,581.0,94.0,112.0,6
Darkoo,Wikipedia_views_daily,Q2_2025,sum,36614.0,112.0,299.0,180
Darkoo,Wikipedia_views_daily,Q3_2025,sum,43310.0,310.0,72.0,182
Darkoo,Wikipedia_views_daily,Q4_2025,sum,24486.0,86.0,113.0,184
Darkoo,YouTube_channel_views_daily,Q1_2025,sum,10748737080.0,113045380.0,124409500.0,90
Darkoo,YouTube_channel_views_daily,Q1_2026,sum,14140991060.0,154063410.0,160530400.0,90
Darkoo,YouTube_channel_views_daily,Q2_2025,sum,11772942064.0,124429470.0,134626290.0,91
Darkoo,YouTube_channel_views_daily,Q3_2025,sum,12947640460.0,134717860.0,145813250.0,92
Darkoo,YouTube_channel_views_daily,Q4_2025,sum,13794009590.0,145889390.0,153943570.0,92
Darkoo,YouTube_subscribers_daily,Q1_2025,net_change,20700.0,270800.0,291500.0,180
Darkoo,YouTube_subscribers_daily,Q1_2026,net_change,4202.0,325048.0,329250.0,90
Darkoo,YouTube_subscribers_daily,Q2_2025,net_change,14466.0,291625.0,306091.0,182
Darkoo,YouTube_subscribers_daily,Q3_2025,net_change,12027.0,306273.0,318300.0,184
Darkoo,YouTube_subscribers_daily,Q4_2025,net_change,6650.0,318350.0,325000.0,184
Davido,Bandsintown_followers_daily,Q1_2025,net_change,5090.0,103062.0,108152.0,90
Davido,Bandsintown_followers_daily,Q2_2025,net_change,6814.0,108152.0,114966.0,31
Davido,Bandsintown_followers_daily,Q3_2025,net_change,7131.0,115374.0,122505.0,29
Davido,Bandsintown_followers_daily,Q4_2025,net_change,-122735.0,122735.0,0.0,13
Davido,Deezer_fans_daily,Q1_2025,net_change,11845.0,838096.0,849941.0,90
Davido,Deezer_fans_daily,Q1_2026,net_change,7195.0,880881.0,888076.0,90
Davido,Deezer_fans_daily,Q2_2025,net_change,11333.0,850054.0,861387.0,91
Davido,Deezer_fans_daily,Q3_2025,net_change,11117.0,861505.0,872622.0,92
Davido,Deezer_fans_daily,Q4_2025,net_change,8081.0,872705.0,880786.0,92
Davido,Facebook_followers_daily,Q1_2025,net_change,272897.0,10177147.0,10450044.0,56
Davido,Facebook_followers_daily,Q1_2026,net_change,0.0,11000000.0,11000000.0,88
Davido,Facebook_followers_daily,Q2_2025,net_change,-449603.0,10449603.0,10000000.0,76
Davido,Facebook_followers_daily,Q3_2025,net_change,0.0,10000000.0,10000000.0,60
Davido,Facebook_followers_daily,Q4_2025,net_change,1000000.0,10000000.0,11000000.0,87
Davido,Facebook_likes_daily,Q1_2025,net_change,-13475.0,4761900.0,4748425.0,56
Davido,Facebook_likes_daily,Q1_2026,net_change,11324638.0,0.0,11324638.0,88
Davido,Facebook_likes_daily,Q2_2025,net_change,-7590.0,4748122.0,4740532.0,76
Davido,Facebook_likes_daily,Q3_2025,net_change,-4740532.0,4740532.0,0.0,60
Davido,Facebook_likes_daily,Q4_2025,net_change,0.0,0.0,0.0,87
Davido,Facebook_talks_daily,Q1_2025,sum,10781280.0,171843.0,66338.0,56
Davido,Facebook_talks_daily,Q1_2026,sum,24862253.0,337214.0,646992.0,88
Davido,Facebook_talks_daily,Q2_2025,sum,17772458.0,106320.0,239884.0,76
Davido,Facebook_talks_daily,Q3_2025,sum,11667111.0,239884.0,195673.0,60
Davido,Facebook_talks_daily,Q4_2025,sum,59085863.0,197091.0,358511.0,87
Davido,Instagram_followers_daily,Q1_2025,net_change,7784.0,29498201.0,29505985.0,88
Davido,Instagram_followers_daily,Q1_2026,net_change,246222.0,31275863.0,31522085.0,89
Davido,Instagram_followers_daily,Q2_2025,net_change,575322.0,29512168.0,30087490.0,89
Davido,Instagram_followers_daily,Q3_2025,net_change,680814.0,30094668.0,30775482.0,60
Davido,Instagram_followers_daily,Q4_2025,net_change,495928.0,30777702.0,31273630.0,82
Davido,Soundcloud_followers_daily,Q1_2025,net_change,2586.0,110629.0,113215.0,89
Davido,Soundcloud_followers_daily,Q1_2026,net_change,2871.0,122690.0,125561.0,90
Davido,Soundcloud_followers_daily,Q2_2025,net_change,3395.0,113242.0,116637.0,90
Davido,Soundcloud_followers_daily,Q3_2025,net_change,3170.0,116681.0,119851.0,92
Davido,Soundcloud_followers_daily,Q4_2025,net_change,2769.0,119884.0,122653.0,84
Davido,Spotify_followers_daily,Q1_2025,net_change,619016.0,6390607.0,7009623.0,90
Davido,Spotify_followers_daily,Q1_2026,net_change,768151.0,9727808.0,10495959.0,90
Davido,Spotify_followers_daily,Q2_2025,net_change,882144.0,7016915.0,7899059.0,91
Davido,Spotify_followers_daily,Q3_2025,net_change,823527.0,7903672.0,8727199.0,92
Davido,Spotify_followers_daily,Q4_2025,net_change,979930.0,8735648.0,9715578.0,92
Davido,Spotify_monthly_listeners_daily,Q1_2025,net_change,-1477966.0,9421804.0,7943838.0,90
Davido,Spotify_monthly_listeners_daily,Q1_2026,net_change,-278304.0,9457414.0,9179110.0,90
Davido,Spotify_monthly_listeners_daily,Q2_2025,net_change,1870685.0,7971147.0,9841832.0,91
Davido,Spotify_monthly_listeners_daily,Q3_2025,net_change,-1152563.0,9835788.0,8683225.0,92
Davido,Spotify_monthly_listeners_daily,Q4_2025,net_change,780155.0,8660654.0,9440809.0,92
Davido,Spotify_popularity_daily,Q1_2025,last_value,74.0,77.0,74.0,63
Davido,Spotify_popularity_daily,Q1_2026,last_value,74.0,77.0,74.0,78
Davido,Spotify_popularity_daily,Q2_2025,last_value,78.0,74.0,78.0,36
Davido,Spotify_popularity_daily,Q3_2025,last_value,76.0,78.0,76.0,91
Davido,Spotify_popularity_daily,Q4_2025,last_value,76.0,76.0,76.0,79
Davido,TikTok_followers_daily,Q1_2025,net_change,253962.0,7338462.0,7592424.0,90
Davido,TikTok_followers_daily,Q1_2026,net_change,177419.0,9422581.0,9600000.0,90
Davido,TikTok_followers_daily,Q2_2025,net_change,1119104.0,7593940.0,8713044.0,91
Davido,TikTok_followers_daily,Q3_2025,net_change,242865.0,8717391.0,8960256.0,92
Davido,TikTok_followers_daily,Q4_2025,net_change,457817.0,8961538.0,9419355.0,92
Davido,TikTok_likes_daily,Q1_2025,net_change,6683336.0,65066664.0,71750000.0,90
Davido,TikTok_likes_daily,Q1_2026,net_change,7466664.0,109000000.0,116466664.0,90
Davido,TikTok_likes_daily,Q2_2025,net_change,15950000.0,71800000.0,87750000.0,91
Davido,TikTok_likes_daily,Q3_2025,net_change,7250000.0,87800000.0,95050000.0,92
Davido,TikTok_likes_daily,Q4_2025,net_change,13800000.0,95100000.0,108900000.0,92
Davido,Twitter_followers_daily,Q1_2025,net_change,218980.0,16282240.0,16501220.0,77
Davido,Twitter_followers_daily,Q1_2026,net_change,154413.0,16978042.0,17132455.0,81
Davido,Twitter_followers_daily,Q2_2025,net_change,247662.0,16504880.0,16752542.0,74
Davido,Twitter_followers_daily,Q3_2025,net_change,172720.0,16754157.0,16926877.0,72
Davido,Twitter_followers_daily,Q4_2025,net_change,45544.0,16930142.0,16975686.0,91
Davido,Wikipedia_views_daily,Q1_2025,sum,115101.0,1228.0,1311.0,90
Davido,Wikipedia_views_daily,Q1_2026,sum,107267.0,1031.0,877.0,84
Davido,Wikipedia_views_daily,Q2_2025,sum,208968.0,1254.0,1386.0,91
Davido,Wikipedia_views_daily,Q3_2025,sum,184471.0,1130.0,1096.0,92
Davido,Wikipedia_views_daily,Q4_2025,sum,115619.0,1049.0,1118.0,92
Davido,YouTube_artist_daily_views,Q1_2025,sum,99042664.0,1650161.0,1331979.0,78
Davido,YouTube_artist_daily_views,Q1_2026,sum,114174137.0,2232305.0,1474545.0,75
Davido,YouTube_artist_daily_views,Q2_2025,sum,89896319.0,1292100.0,1676620.0,45
Davido,YouTube_artist_daily_views,Q3_2025,sum,82009534.0,1807385.0,1357299.0,45
Davido,YouTube_artist_daily_views,Q4_2025,sum,76478201.0,1348171.0,1745247.0,46
Davido,YouTube_artist_monthly_views,Q1_2025,sum,2924834337.0,46776291.0,33874420.0,78
Davido,YouTube_artist_monthly_views,Q1_2026,sum,1883388356.0,51209360.0,40571681.0,42
Davido,YouTube_artist_monthly_views,Q2_2025,sum,2349326594.0,34412337.0,59134060.0,45
Davido,YouTube_artist_monthly_views,Q3_2025,sum,2378959352.0,59121704.0,44730078.0,45
Davido,YouTube_artist_monthly_views,Q4_2025,sum,2076305497.0,44103905.0,49337610.0,46
Davido,YouTube_channel_views_daily,Q1_2025,sum,167042504400.0,1818606300.0,1890083200.0,90
Davido,YouTube_channel_views_daily,Q1_2026,sum,203719215600.0,2223001600.0,2301515500.0,90
Davido,YouTube_channel_views_daily,Q2_2025,sum,177639619700.0,1891738600.0,2017149000.0,91
Davido,YouTube_channel_views_daily,Q3_2025,sum,190766290500.0,2018924700.0,2126446800.0,92
Davido,YouTube_channel_views_daily,Q4_2025,sum,200049651700.0,2127468500.0,2221975300.0,92
Davido,YouTube_subscribers_daily,Q1_2025,net_change,100714.0,4261429.0,4362143.0,90
Davido,YouTube_subscribers_daily,Q1_2026,net_change,78182.0,4871818.0,4950000.0,90
Davido,YouTube_subscribers_daily,Q2_2025,net_change,223143.0,4362857.0,4586000.0,91
Davido,YouTube_subscribers_daily,Q3_2025,net_change,168667.0,4588000.0,4756667.0,92
Davido,YouTube_subscribers_daily,Q4_2025,net_change,110909.0,4760000.0,4870909.0,92
Dice Ailes,Deezer_fans_daily,Q1_2025,net_change,21.0,3871.0,3892.0,90
Dice Ailes,Deezer_fans_daily,Q1_2026,net_change,22.0,3952.0,3974.0,90
Dice Ailes,Deezer_fans_daily,Q2_2025,net_change,12.0,3892.0,3904.0,90
Dice Ailes,Deezer_fans_daily,Q3_2025,net_change,29.0,3904.0,3933.0,92
Dice Ailes,Deezer_fans_daily,Q4_2025,net_change,19.0,3933.0,3952.0,92
Dice Ailes,Facebook_followers_daily,Q1_2025,net_change,-9464.0,547450.0,537986.0,34
Dice Ailes,Facebook_followers_daily,Q1_2026,net_change,-9000.0,479000.0,470000.0,12
Dice Ailes,Facebook_followers_daily,Q2_2025,net_change,-3933.0,537775.0,533842.0,14
Dice Ailes,Facebook_followers_daily,Q3_2025,net_change,0.0,501000.0,501000.0,1
Dice Ailes,Facebook_likes_daily,Q1_2025,net_change,-9464.0,547450.0,537986.0,34
Dice Ailes,Facebook_likes_daily,Q1_2026,net_change,470881.0,0.0,470881.0,12
Dice Ailes,Facebook_likes_daily,Q2_2025,net_change,-3933.0,537775.0,533842.0,14
Dice Ailes,Facebook_likes_daily,Q3_2025,net_change,0.0,0.0,0.0,1
Dice Ailes,Facebook_talks_daily,Q1_2025,sum,6779.0,170.0,168.0,34
Dice Ailes,Facebook_talks_daily,Q1_2026,sum,2284.0,189.0,188.0,12
Dice Ailes,Facebook_talks_daily,Q2_2025,sum,1915.0,163.0,150.0,14
Dice Ailes,Facebook_talks_daily,Q3_2025,sum,203.0,203.0,203.0,1
Dice Ailes,Instagram_followers_daily,Q1_2025,net_change,-6445.0,945019.0,938574.0,35
Dice Ailes,Instagram_followers_daily,Q1_2026,net_change,-14249.0,845904.0,831655.0,89
Dice Ailes,Instagram_followers_daily,Q2_2025,net_change,18251.0,938574.0,956825.0,39
Dice Ailes,Instagram_followers_daily,Q3_2025,net_change,0.0,920330.0,920330.0,1
Dice Ailes,Instagram_followers_daily,Q4_2025,net_change,-8639.0,854517.0,845878.0,45
Dice Ailes,Soundcloud_followers_daily,Q1_2025,net_change,6.0,4361.0,4367.0,73
Dice Ailes,Soundcloud_followers_daily,Q1_2026,net_change,2.0,4386.0,4388.0,90
Dice Ailes,Soundcloud_followers_daily,Q2_2025,net_change,8.0,4367.0,4375.0,66
Dice Ailes,Soundcloud_followers_daily,Q3_2025,net_change,5.0,4375.0,4380.0,67
Dice Ailes,Soundcloud_followers_daily,Q4_2025,net_change,6.0,4380.0,4386.0,47
Dice Ailes,Spotify_followers_daily,Q1_2025,net_change,8393.0,152599.0,160992.0,90
Dice Ailes,Spotify_followers_daily,Q2_2025,net_change,6570.0,161038.0,167608.0,91
Dice Ailes,Spotify_followers_daily,Q3_2025,net_change,8624.0,167670.0,176294.0,92
Dice Ailes,Spotify_followers_daily,Q4_2025,net_change,10979.0,176419.0,187398.0,92
Dice Ailes,Spotify_monthly_listeners_daily,Q1_2025,net_change,-15820.0,191282.0,175462.0,90
Dice Ailes,Spotify_monthly_listeners_daily,Q2_2025,net_change,173606.0,177437.0,351043.0,91
Dice Ailes,Spotify_monthly_listeners_daily,Q3_2025,net_change,-162074.0,351340.0,189266.0,92
Dice Ailes,Spotify_monthly_listeners_daily,Q4_2025,net_change,538.0,188744.0,189282.0,92
Dice Ailes,Spotify_popularity_daily,Q1_2025,last_value,38.0,40.0,38.0,79
Dice Ailes,Spotify_popularity_daily,Q2_2025,last_value,44.0,38.0,44.0,67
Dice Ailes,Spotify_popularity_daily,Q3_2025,last_value,40.0,44.0,40.0,62
Dice Ailes,Spotify_popularity_daily,Q4_2025,last_value,38.0,40.0,38.0,79
Dice Ailes,Twitter_followers_daily,Q1_2026,net_change,-162.0,26305.0,26143.0,79
Dice Ailes,Twitter_followers_daily,Q2_2025,net_change,0.0,26068.0,26068.0,1
Dice Ailes,Twitter_followers_daily,Q4_2025,net_change,-214.0,26523.0,26309.0,44
Dice Ailes,Wikipedia_views_daily,Q1_2025,sum,2199.0,13.0,16.0,87
Dice Ailes,Wikipedia_views_daily,Q1_2026,sum,1745.0,16.0,18.0,83
Dice Ailes,Wikipedia_views_daily,Q2_2025,sum,3147.0,29.0,26.0,91
Dice Ailes,Wikipedia_views_daily,Q3_2025,sum,1671.0,23.0,16.0,92
Dice Ailes,Wikipedia_views_daily,Q4_2025,sum,1554.0,19.0,12.0,92
Dice Ailes,YouTube_channel_views_daily,Q1_2025,sum,1148558787.0,12595045.0,12939032.0,90
Dice Ailes,YouTube_channel_views_daily,Q1_2026,sum,231959489.0,2448904.0,2691871.0,90
Dice Ailes,YouTube_channel_views_daily,Q2_2025,sum,746706862.0,12943442.0,1981101.0,91
Dice Ailes,YouTube_channel_views_daily,Q3_2025,sum,192797268.0,1983559.0,2221254.0,92
Dice Ailes,YouTube_channel_views_daily,Q4_2025,sum,215498600.0,2223701.0,2447964.0,92
Dice Ailes,YouTube_subscribers_daily,Q1_2025,net_change,314.0,27703.0,28017.0,90
Dice Ailes,YouTube_subscribers_daily,Q1_2026,net_change,0.0,16.0,16.0,90
Dice Ailes,YouTube_subscribers_daily,Q2_2025,net_change,-28004.0,28020.0,16.0,91
Dice Ailes,YouTube_subscribers_daily,Q3_2025,net_change,0.0,16.0,16.0,91
Dice Ailes,YouTube_subscribers_daily,Q4_2025,net_change,0.0,16.0,16.0,89
Dremo,Deezer_fans_daily,Q1_2025,net_change,12.0,10869.0,10881.0,9
Dremo,Deezer_fans_daily,Q1_2026,net_change,19.0,10938.0,10957.0,87
Dremo,Deezer_fans_daily,Q2_2025,net_change,11.0,10882.0,10893.0,8
Dremo,Deezer_fans_daily,Q3_2025,net_change,24.0,10894.0,10918.0,73
Dremo,Deezer_fans_daily,Q4_2025,net_change,20.0,10918.0,10938.0,92
Dremo,Facebook_followers_daily,Q1_2025,net_change,-3573.0,250540.0,246967.0,55
Dremo,Facebook_followers_daily,Q1_2026,net_change,-3000.0,222000.0,219000.0,11
Dremo,Facebook_followers_daily,Q2_2025,net_change,-2749.0,246913.0,244164.0,15
Dremo,Facebook_followers_daily,Q3_2025,net_change,0.0,230000.0,230000.0,1
Dremo,Facebook_likes_daily,Q1_2025,net_change,-3573.0,250540.0,246967.0,55
Dremo,Facebook_likes_daily,Q1_2026,net_change,219618.0,0.0,219618.0,11
Dremo,Facebook_likes_daily,Q2_2025,net_change,-2749.0,246913.0,244164.0,15
Dremo,Facebook_likes_daily,Q3_2025,net_change,0.0,0.0,0.0,1
Dremo,Facebook_talks_daily,Q1_2025,sum,10762.0,272.0,186.0,55
Dremo,Facebook_talks_daily,Q1_2026,sum,2877.0,163.0,92.0,11
Dremo,Facebook_talks_daily,Q2_2025,sum,1880.0,180.0,134.0,15
Dremo,Facebook_talks_daily,Q3_2025,sum,133.0,133.0,133.0,1
Dremo,Instagram_followers_daily,Q1_2025,net_change,-36988.0,1895136.0,1858148.0,64
Dremo,Instagram_followers_daily,Q1_2026,net_change,29366.0,1779670.0,1809036.0,89
Dremo,Instagram_followers_daily,Q2_2025,net_change,-29718.0,1857974.0,1828256.0,68
Dremo,Instagram_followers_daily,Q3_2025,net_change,-15026.0,1813315.0,1798289.0,82
Dremo,Instagram_followers_daily,Q4_2025,net_change,-18207.0,1798081.0,1779874.0,164
Dremo,Soundcloud_followers_daily,Q1_2025,net_change,10.0,4354.0,4364.0,150
Dremo,Soundcloud_followers_daily,Q1_2026,net_change,10.0,4409.0,4419.0,90
Dremo,Soundcloud_followers_daily,Q2_2025,net_change,15.0,4364.0,4379.0,142
Dremo,Soundcloud_followers_daily,Q3_2025,net_change,22.0,4379.0,4401.0,180
Dremo,Soundcloud_followers_daily,Q4_2025,net_change,8.0,4401.0,4409.0,112
Dremo,Spotify_followers_daily,Q1_2025,net_change,5123.0,216858.0,221981.0,180
Dremo,Spotify_followers_daily,Q1_2026,net_change,10354.0,236382.0,246736.0,90
Dremo,Spotify_followers_daily,Q2_2025,net_change,4377.0,221987.0,226364.0,182
Dremo,Spotify_followers_daily,Q3_2025,net_change,5410.0,226419.0,231829.0,184
Dremo,Spotify_followers_daily,Q4_2025,net_change,4431.0,231905.0,236336.0,184
Dremo,Spotify_monthly_listeners_daily,Q1_2025,net_change,21290.0,149450.0,170740.0,180
Dremo,Spotify_monthly_listeners_daily,Q1_2026,net_change,58206.0,205985.0,264191.0,90
Dremo,Spotify_monthly_listeners_daily,Q2_2025,net_change,103616.0,170957.0,274573.0,182
Dremo,Spotify_monthly_listeners_daily,Q3_2025,net_change,-81094.0,276815.0,195721.0,92
Dremo,Spotify_monthly_listeners_daily,Q4_2025,net_change,10465.0,195705.0,206170.0,92
Dremo,Spotify_popularity_daily,Q1_2025,last_value,42.0,42.0,42.0,82
Dremo,Spotify_popularity_daily,Q1_2026,last_value,45.0,44.0,45.0,78
Dremo,Spotify_popularity_daily,Q2_2025,last_value,43.0,42.0,43.0,46
Dremo,Spotify_popularity_daily,Q3_2025,last_value,45.0,47.0,45.0,66
Dremo,Spotify_popularity_daily,Q4_2025,last_value,44.0,45.0,44.0,82
Dremo,Twitter_followers_daily,Q1_2026,net_change,-631.0,1542401.0,1541770.0,78
Dremo,Twitter_followers_daily,Q3_2025,net_change,-4082.0,1554152.0,1550070.0,96
Dremo,Twitter_followers_daily,Q4_2025,net_change,-7443.0,1549961.0,1542518.0,182
Dremo,YouTube_channel_views_daily,Q1_2025,sum,142064433.0,1578219.0,1578768.0,90
Dremo,YouTube_channel_views_daily,Q1_2026,sum,142281815.0,1580652.0,1581112.0,90
Dremo,YouTube_channel_views_daily,Q2_2025,sum,143691437.0,1578771.0,1579325.0,91
Dremo,YouTube_channel_views_daily,Q3_2025,sum,145327391.0,1579331.0,1579983.0,92
Dremo,YouTube_channel_views_daily,Q4_2025,sum,145386818.0,1579992.0,1580650.0,92
Dremo,YouTube_subscribers_daily,Q1_2025,net_change,-17.0,6991.0,6974.0,180
Dremo,YouTube_subscribers_daily,Q1_2026,net_change,-2.0,6922.0,6920.0,90
Dremo,YouTube_subscribers_daily,Q2_2025,net_change,-18.0,6973.0,6955.0,182
Dremo,YouTube_subscribers_daily,Q3_2025,net_change,-14.0,6955.0,6941.0,184
Dremo,YouTube_subscribers_daily,Q4_2025,net_change,-19.0,6941.0,6922.0,184
Duncan Mighty,Deezer_fans_daily,Q1_2025,net_change,22.0,5191.0,5213.0,9
Duncan Mighty,Deezer_fans_daily,Q1_2026,net_change,20.0,5298.0,5318.0,9
Duncan Mighty,Deezer_fans_daily,Q2_2025,net_change,20.0,5215.0,5235.0,9
Duncan Mighty,Deezer_fans_daily,Q3_2025,net_change,25.0,5237.0,5262.0,8
Duncan Mighty,Deezer_fans_daily,Q4_2025,net_change,25.0,5270.0,5295.0,9
Duncan Mighty,Instagram_followers_daily,Q1_2025,net_change,-13887.0,1433823.0,1419936.0,66
Duncan Mighty,Instagram_followers_daily,Q1_2026,net_change,4581.0,1419224.0,1423805.0,7
Duncan Mighty,Instagram_followers_daily,Q2_2025,net_change,-3458.0,1417219.0,1413761.0,62
Duncan Mighty,Instagram_followers_daily,Q3_2025,net_change,0.0,1403312.0,1403312.0,2
Duncan Mighty,Instagram_followers_daily,Q4_2025,net_change,19125.0,1404806.0,1423931.0,14
Duncan Mighty,Spotify_followers_daily,Q1_2025,net_change,16829.0,269275.0,286104.0,180
Duncan Mighty,Spotify_followers_daily,Q1_2026,net_change,18862.0,345138.0,364000.0,90
Duncan Mighty,Spotify_followers_daily,Q2_2025,net_change,18424.0,286171.0,304595.0,182
Duncan Mighty,Spotify_followers_daily,Q3_2025,net_change,22162.0,304806.0,326968.0,184
Duncan Mighty,Spotify_followers_daily,Q4_2025,net_change,17662.0,327206.0,344868.0,184
Duncan Mighty,Spotify_monthly_listeners_daily,Q1_2025,net_change,-57933.0,420755.0,362822.0,180
Duncan Mighty,Spotify_monthly_listeners_daily,Q1_2026,net_change,-1493.0,574165.0,572672.0,90
Duncan Mighty,Spotify_monthly_listeners_daily,Q2_2025,net_change,88922.0,363024.0,451946.0,182
Duncan Mighty,Spotify_monthly_listeners_daily,Q3_2025,net_change,58670.0,452603.0,511273.0,184
Duncan Mighty,Spotify_monthly_listeners_daily,Q4_2025,net_change,60297.0,511761.0,572058.0,92
Duncan Mighty,Spotify_popularity_daily,Q1_2025,last_value,50.0,52.0,50.0,83
Duncan Mighty,Spotify_popularity_daily,Q1_2026,last_value,51.0,52.0,51.0,31
Duncan Mighty,Spotify_popularity_daily,Q2_2025,last_value,51.0,50.0,51.0,49
Duncan Mighty,Spotify_popularity_daily,Q3_2025,last_value,52.0,52.0,52.0,3
Duncan Mighty,Spotify_popularity_daily,Q4_2025,last_value,52.0,49.0,52.0,49
Duncan Mighty,Wikipedia_views_daily,Q1_2025,sum,8838.0,70.0,45.0,180
Duncan Mighty,Wikipedia_views_daily,Q1_2026,sum,3816.0,40.0,41.0,84
Duncan Mighty,Wikipedia_views_daily,Q2_2025,sum,8198.0,32.0,37.0,182
Duncan Mighty,Wikipedia_views_daily,Q3_2025,sum,7264.0,19.0,49.0,184
Duncan Mighty,Wikipedia_views_daily,Q4_2025,sum,9044.0,31.0,56.0,184
Duncan Mighty,YouTube_artist_daily_views,Q1_2025,sum,1939351.0,46850.0,36747.0,50
Duncan Mighty,YouTube_artist_daily_views,Q1_2026,sum,2805829.0,37095.0,38894.0,74
Duncan Mighty,YouTube_artist_daily_views,Q2_2025,sum,1565895.0,34856.0,29573.0,45
Duncan Mighty,YouTube_artist_daily_views,Q3_2025,sum,1602630.0,34484.0,36910.0,44
Duncan Mighty,YouTube_artist_daily_views,Q4_2025,sum,1813367.0,41259.0,47711.0,46
Duncan Mighty,YouTube_artist_monthly_views,Q1_2025,sum,56035276.0,1233143.0,1032818.0,50
Duncan Mighty,YouTube_artist_monthly_views,Q1_2026,sum,43486576.0,1111226.0,1083101.0,41
Duncan Mighty,YouTube_artist_monthly_views,Q2_2025,sum,44223894.0,1029157.0,932157.0,45
Duncan Mighty,YouTube_artist_monthly_views,Q3_2025,sum,43479272.0,920463.0,1081281.0,44
Duncan Mighty,YouTube_artist_monthly_views,Q4_2025,sum,49978974.0,1091190.0,1110652.0,46
Duncan Mighty,YouTube_channel_views_daily,Q1_2025,sum,615532945.0,6724118.0,6945837.0,90
Duncan Mighty,YouTube_channel_views_daily,Q1_2026,sum,698657908.0,7658545.0,7859387.0,90
Duncan Mighty,YouTube_channel_views_daily,Q2_2025,sum,641942427.0,6948504.0,7166752.0,91
Duncan Mighty,YouTube_channel_views_daily,Q3_2025,sum,670207990.0,7169267.0,7402675.0,92
Duncan Mighty,YouTube_channel_views_daily,Q4_2025,sum,692979692.0,7404589.0,7657832.0,92
Duncan Mighty,YouTube_subscribers_daily,Q1_2025,net_change,39.0,2523.0,2562.0,180
Duncan Mighty,YouTube_subscribers_daily,Q1_2026,net_change,6.0,2614.0,2620.0,90
Duncan Mighty,YouTube_subscribers_daily,Q2_2025,net_change,13.0,2562.0,2575.0,182
Duncan Mighty,YouTube_subscribers_daily,Q3_2025,net_change,15.0,2575.0,2590.0,184
Duncan Mighty,YouTube_subscribers_daily,Q4_2025,net_change,24.0,2590.0,2614.0,184
Ebenezer Obey,Spotify_popularity_daily,Q1_2025,last_value,0.0,0.0,0.0,1
Ebenezer Obey,Spotify_popularity_daily,Q2_2025,last_value,0.0,0.0,0.0,1
Ebenezer Obey,Spotify_popularity_daily,Q3_2025,last_value,0.0,0.0,0.0,3
Ebenezer Obey,Spotify_popularity_daily,Q4_2025,last_value,0.0,0.0,0.0,2
Eldee,Deezer_fans_daily,Q1_2025,net_change,1.0,4225.0,4226.0,11
Eldee,Deezer_fans_daily,Q1_2026,net_change,1.0,4235.0,4236.0,9
Eldee,Deezer_fans_daily,Q2_2025,net_change,2.0,4226.0,4228.0,9
Eldee,Deezer_fans_daily,Q3_2025,net_change,5.0,4228.0,4233.0,7
Eldee,Deezer_fans_daily,Q4_2025,net_change,1.0,4234.0,4235.0,8
Eldee,Instagram_followers_daily,Q1_2025,net_change,-3367.0,168844.0,165477.0,74
Eldee,Instagram_followers_daily,Q1_2026,net_change,0.0,162151.0,162151.0,1
Eldee,Instagram_followers_daily,Q2_2025,net_change,-1070.0,164972.0,163902.0,44
Eldee,Instagram_followers_daily,Q3_2025,net_change,0.0,163575.0,163575.0,2
Eldee,Spotify_followers_daily,Q1_2025,net_change,1754.0,49706.0,51460.0,180
Eldee,Spotify_followers_daily,Q1_2026,net_change,1610.0,56830.0,58440.0,90
Eldee,Spotify_followers_daily,Q2_2025,net_change,1773.0,51478.0,53251.0,182
Eldee,Spotify_followers_daily,Q3_2025,net_change,1809.0,53268.0,55077.0,184
Eldee,Spotify_followers_daily,Q4_2025,net_change,1720.0,55090.0,56810.0,184
Eldee,Spotify_monthly_listeners_daily,Q1_2025,net_change,7332.0,50567.0,57899.0,180
Eldee,Spotify_monthly_listeners_daily,Q1_2026,net_change,5068.0,72819.0,77887.0,90
Eldee,Spotify_monthly_listeners_daily,Q2_2025,net_change,-1449.0,57836.0,56387.0,182
Eldee,Spotify_monthly_listeners_daily,Q3_2025,net_change,6436.0,56498.0,62934.0,92
Eldee,Spotify_monthly_listeners_daily,Q4_2025,net_change,9927.0,62829.0,72756.0,184
Eldee,Spotify_popularity_daily,Q1_2025,last_value,31.0,31.0,31.0,66
Eldee,Spotify_popularity_daily,Q1_2026,last_value,29.0,29.0,29.0,1
Eldee,Spotify_popularity_daily,Q2_2025,last_value,31.0,31.0,31.0,45
Eldee,Spotify_popularity_daily,Q3_2025,last_value,32.0,32.0,32.0,3
Eldee,Spotify_popularity_daily,Q4_2025,last_value,31.0,27.0,31.0,4
Eldee,Wikipedia_views_daily,Q1_2025,sum,4544.0,39.0,22.0,180
Eldee,Wikipedia_views_daily,Q1_2026,sum,3054.0,33.0,21.0,82
Eldee,Wikipedia_views_daily,Q2_2025,sum,6672.0,60.0,68.0,182
Eldee,Wikipedia_views_daily,Q3_2025,sum,4814.0,36.0,34.0,184
Eldee,Wikipedia_views_daily,Q4_2025,sum,5168.0,28.0,35.0,182
Falz,Deezer_fans_daily,Q1_2025,net_change,0.0,722.0,722.0,6
Falz,Deezer_fans_daily,Q1_2026,net_change,4.0,732.0,736.0,90
Falz,Deezer_fans_daily,Q2_2025,net_change,0.0,724.0,724.0,2
Falz,Deezer_fans_daily,Q3_2025,net_change,1.0,727.0,728.0,2
Falz,Deezer_fans_daily,Q4_2025,net_change,4.0,728.0,732.0,83
Falz,Facebook_followers_daily,Q1_2025,net_change,-17856.0,2101586.0,2083730.0,56
Falz,Facebook_followers_daily,Q1_2026,net_change,0.0,2100000.0,2100000.0,11
Falz,Facebook_followers_daily,Q2_2025,net_change,-8148.0,2083312.0,2075164.0,14
Falz,Facebook_followers_daily,Q3_2025,net_change,0.0,1900000.0,1900000.0,1
Falz,Facebook_followers_daily,Q4_2025,net_change,0.0,2100000.0,2100000.0,11
Falz,Facebook_likes_daily,Q1_2025,net_change,-17856.0,2101586.0,2083730.0,56
Falz,Facebook_likes_daily,Q1_2026,net_change,2116424.0,0.0,2116424.0,11
Falz,Facebook_likes_daily,Q2_2025,net_change,-8148.0,2083312.0,2075164.0,14
Falz,Facebook_likes_daily,Q3_2025,net_change,0.0,0.0,0.0,1
Falz,Facebook_likes_daily,Q4_2025,net_change,0.0,0.0,0.0,11
Falz,Facebook_talks_daily,Q1_2025,sum,624195.0,22245.0,1462.0,56
Falz,Facebook_talks_daily,Q1_2026,sum,209562.0,15167.0,42003.0,11
Falz,Facebook_talks_daily,Q2_2025,sum,39793.0,1056.0,5683.0,14
Falz,Facebook_talks_daily,Q3_2025,sum,2511.0,2511.0,2511.0,1
Falz,Facebook_talks_daily,Q4_2025,sum,314800.0,36485.0,28950.0,11
Falz,Instagram_followers_daily,Q1_2025,net_change,-106016.0,9266877.0,9160861.0,37
Falz,Instagram_followers_daily,Q1_2026,net_change,-15141.0,9080102.0,9064961.0,10
Falz,Instagram_followers_daily,Q2_2025,net_change,-73385.0,9156542.0,9083157.0,38
Falz,Instagram_followers_daily,Q3_2025,net_change,0.0,9073931.0,9073931.0,1
Falz,Instagram_followers_daily,Q4_2025,net_change,5231.0,9099791.0,9105022.0,3
Falz,Spotify_followers_daily,Q1_2025,net_change,41838.0,1222228.0,1264066.0,90
Falz,Spotify_followers_daily,Q1_2026,net_change,19565.0,1366180.0,1385745.0,90
Falz,Spotify_followers_daily,Q2_2025,net_change,33934.0,1264442.0,1298376.0,91
Falz,Spotify_followers_daily,Q3_2025,net_change,36823.0,1298637.0,1335460.0,92
Falz,Spotify_followers_daily,Q4_2025,net_change,30091.0,1335760.0,1365851.0,92
Falz,Spotify_monthly_listeners_daily,Q1_2025,net_change,-123591.0,722283.0,598692.0,90
Falz,Spotify_monthly_listeners_daily,Q1_2026,net_change,-50684.0,784297.0,733613.0,90
Falz,Spotify_monthly_listeners_daily,Q2_2025,net_change,366151.0,600098.0,966249.0,91
Falz,Spotify_monthly_listeners_daily,Q3_2025,net_change,-213942.0,964731.0,750789.0,92
Falz,Spotify_monthly_listeners_daily,Q4_2025,net_change,34090.0,750857.0,784947.0,92
Falz,Spotify_popularity_daily,Q1_2025,last_value,51.0,53.0,51.0,76
Falz,Spotify_popularity_daily,Q1_2026,last_value,51.0,52.0,51.0,69
Falz,Spotify_popularity_daily,Q2_2025,last_value,57.0,51.0,57.0,45
Falz,Spotify_popularity_daily,Q3_2025,last_value,54.0,57.0,54.0,76
Falz,Spotify_popularity_daily,Q4_2025,last_value,52.0,54.0,52.0,77
Falz,TikTok_followers_daily,Q1_2025,net_change,-6251.0,1040397.0,1034146.0,90
Falz,TikTok_followers_daily,Q1_2026,net_change,0.0,1200000.0,1200000.0,90
Falz,TikTok_followers_daily,Q2_2025,net_change,83016.0,1035366.0,1118382.0,91
Falz,TikTok_followers_daily,Q3_2025,net_change,66911.0,1119118.0,1186029.0,92
Falz,TikTok_followers_daily,Q4_2025,net_change,13235.0,1186765.0,1200000.0,89
Falz,TikTok_likes_daily,Q1_2025,net_change,68461.0,5011539.0,5080000.0,90
Falz,TikTok_likes_daily,Q1_2026,net_change,584516.0,9135484.0,9720000.0,90
Falz,TikTok_likes_daily,Q2_2025,net_change,1076374.0,5080769.0,6157143.0,91
Falz,TikTok_likes_daily,Q3_2025,net_change,1514285.0,6185715.0,7700000.0,92
Falz,TikTok_likes_daily,Q4_2025,net_change,1397453.0,7731579.0,9129032.0,92
Falz,Twitter_followers_daily,Q1_2026,net_change,-873.0,2964037.0,2963164.0,6
Falz,Wikipedia_views_daily,Q1_2025,sum,9879.0,178.0,89.0,90
Falz,Wikipedia_views_daily,Q1_2026,sum,8913.0,181.0,68.0,83
Falz,Wikipedia_views_daily,Q2_2025,sum,12584.0,124.0,114.0,91
Falz,Wikipedia_views_daily,Q3_2025,sum,12958.0,95.0,91.0,90
Falz,Wikipedia_views_daily,Q4_2025,sum,8921.0,74.0,169.0,90
Falz,YouTube_artist_daily_views,Q1_2025,sum,2039165.0,33157.0,41646.0,55
Falz,YouTube_artist_daily_views,Q1_2026,sum,2836801.0,37952.0,41454.0,75
Falz,YouTube_artist_daily_views,Q2_2025,sum,2015095.0,36431.0,44414.0,45
Falz,YouTube_artist_daily_views,Q3_2025,sum,2204884.0,43951.0,39722.0,45
Falz,YouTube_artist_daily_views,Q4_2025,sum,1974368.0,40947.0,39445.0,45
Falz,YouTube_artist_monthly_views,Q1_2025,sum,56981943.0,946937.0,1050371.0,55
Falz,YouTube_artist_monthly_views,Q1_2026,sum,43893810.0,1087322.0,1044144.0,41
Falz,YouTube_artist_monthly_views,Q2_2025,sum,54851462.0,1052685.0,1295042.0,45
Falz,YouTube_artist_monthly_views,Q3_2025,sum,62529753.0,1268588.0,1238367.0,45
Falz,YouTube_artist_monthly_views,Q4_2025,sum,55251519.0,1227702.0,1084412.0,45
Falz,YouTube_channel_views_daily,Q1_2025,sum,10214760536.0,112863100.0,114159144.0,90
Falz,YouTube_channel_views_daily,Q1_2026,sum,10698055232.0,118251440.0,119508560.0,90
Falz,YouTube_channel_views_daily,Q2_2025,sum,10451240250.0,114175400.0,115545976.0,91
Falz,YouTube_channel_views_daily,Q3_2025,sum,10696691370.0,115561250.0,116961030.0,92
Falz,YouTube_channel_views_daily,Q4_2025,sum,10820097840.0,116973700.0,118238344.0,92
Falz,YouTube_subscribers_daily,Q1_2025,net_change,-734.0,363222.0,362488.0,90
Falz,YouTube_subscribers_daily,Q1_2026,net_change,-295.0,360295.0,360000.0,90
Falz,YouTube_subscribers_daily,Q2_2025,net_change,-720.0,362480.0,361760.0,91
Falz,YouTube_subscribers_daily,Q3_2025,net_change,-752.0,361752.0,361000.0,92
Falz,YouTube_subscribers_daily,Q4_2025,net_change,-689.0,360992.0,360303.0,92
Fela Kuti,Bandsintown_followers_daily,Q1_2025,net_change,4968.0,128255.0,133223.0,90
Fela Kuti,Bandsintown_followers_daily,Q2_2025,net_change,-133363.0,133363.0,0.0,32
Fela Kuti,Bandsintown_followers_daily,Q3_2025,net_change,6255.0,139948.0,146203.0,31
Fela Kuti,Bandsintown_followers_daily,Q4_2025,net_change,3771.0,146333.0,150104.0,16
Fela Kuti,Deezer_fans_daily,Q1_2025,net_change,1286.0,191897.0,193183.0,80
Fela Kuti,Deezer_fans_daily,Q1_2026,net_change,2086.0,198886.0,200972.0,90
Fela Kuti,Deezer_fans_daily,Q2_2025,net_change,1105.0,193193.0,194298.0,88
Fela Kuti,Deezer_fans_daily,Q3_2025,net_change,2312.0,194325.0,196637.0,92
Fela Kuti,Deezer_fans_daily,Q4_2025,net_change,2195.0,196662.0,198857.0,92
Fela Kuti,Facebook_followers_daily,Q1_2025,net_change,-7733.0,724015.0,716282.0,56
Fela Kuti,Facebook_followers_daily,Q1_2026,net_change,34000.0,699000.0,733000.0,29
Fela Kuti,Facebook_followers_daily,Q2_2025,net_change,-1982.0,716158.0,714176.0,14
Fela Kuti,Facebook_followers_daily,Q3_2025,net_change,0.0,701000.0,701000.0,1
Fela Kuti,Facebook_followers_daily,Q4_2025,net_change,3000.0,696000.0,699000.0,41
Fela Kuti,Facebook_likes_daily,Q1_2025,net_change,-7733.0,724015.0,716282.0,56
Fela Kuti,Facebook_likes_daily,Q1_2026,net_change,733716.0,0.0,733716.0,29
Fela Kuti,Facebook_likes_daily,Q2_2025,net_change,-1982.0,716158.0,714176.0,14
Fela Kuti,Facebook_likes_daily,Q3_2025,net_change,0.0,0.0,0.0,1
Fela Kuti,Facebook_likes_daily,Q4_2025,net_change,0.0,0.0,0.0,41
Fela Kuti,Facebook_talks_daily,Q1_2025,sum,10490.0,211.0,174.0,56
Fela Kuti,Facebook_talks_daily,Q1_2026,sum,548911.0,1423.0,11850.0,29
Fela Kuti,Facebook_talks_daily,Q2_2025,sum,2218.0,171.0,123.0,14
Fela Kuti,Facebook_talks_daily,Q3_2025,sum,270.0,270.0,270.0,1
Fela Kuti,Facebook_talks_daily,Q4_2025,sum,191624.0,1168.0,1546.0,41
Fela Kuti,Instagram_followers_daily,Q1_2025,net_change,-8219.0,262419.0,254200.0,89
Fela Kuti,Instagram_followers_daily,Q1_2026,net_change,14836.0,274686.0,289522.0,88
Fela Kuti,Instagram_followers_daily,Q2_2025,net_change,-5909.0,254126.0,248217.0,89
Fela Kuti,Instagram_followers_daily,Q3_2025,net_change,-1797.0,248193.0,246396.0,60
Fela Kuti,Instagram_followers_daily,Q4_2025,net_change,28193.0,246355.0,274548.0,82
Fela Kuti,Soundcloud_followers_daily,Q1_2026,net_change,434.0,13825.0,14259.0,90
Fela Kuti,Soundcloud_followers_daily,Q2_2025,net_change,43.0,12907.0,12950.0,5
Fela Kuti,Soundcloud_followers_daily,Q4_2025,net_change,441.0,13377.0,13818.0,52
Fela Kuti,Spotify_followers_daily,Q1_2025,net_change,18468.0,610930.0,629398.0,90
Fela Kuti,Spotify_followers_daily,Q1_2026,net_change,30794.0,693290.0,724084.0,90
Fela Kuti,Spotify_followers_daily,Q2_2025,net_change,19741.0,629603.0,649344.0,91
Fela Kuti,Spotify_followers_daily,Q3_2025,net_change,18837.0,649707.0,668544.0,92
Fela Kuti,Spotify_followers_daily,Q4_2025,net_change,24324.0,668673.0,692997.0,92
Fela Kuti,Spotify_monthly_listeners_daily,Q1_2025,net_change,88287.0,441520.0,529807.0,90
Fela Kuti,Spotify_monthly_listeners_daily,Q1_2026,net_change,18543.0,437983.0,456526.0,90
Fela Kuti,Spotify_monthly_listeners_daily,Q2_2025,net_change,-60212.0,528339.0,468127.0,91
Fela Kuti,Spotify_monthly_listeners_daily,Q3_2025,net_change,-31955.0,469039.0,437084.0,92
Fela Kuti,Spotify_monthly_listeners_daily,Q4_2025,net_change,2479.0,435381.0,437860.0,92
Fela Kuti,Spotify_popularity_daily,Q1_2025,last_value,50.0,50.0,50.0,84
Fela Kuti,Spotify_popularity_daily,Q1_2026,last_value,49.0,50.0,49.0,80
Fela Kuti,Spotify_popularity_daily,Q2_2025,last_value,51.0,50.0,51.0,65
Fela Kuti,Spotify_popularity_daily,Q3_2025,last_value,51.0,51.0,51.0,89
Fela Kuti,Spotify_popularity_daily,Q4_2025,last_value,50.0,51.0,50.0,76
Fela Kuti,TikTok_followers_daily,Q1_2025,net_change,1721.0,23929.0,25650.0,90
Fela Kuti,TikTok_followers_daily,Q1_2026,net_change,13780.0,44520.0,58300.0,90
Fela Kuti,TikTok_followers_daily,Q2_2025,net_change,1332.0,25675.0,27007.0,91
Fela Kuti,TikTok_followers_daily,Q3_2025,net_change,716.0,27013.0,27729.0,92
Fela Kuti,TikTok_followers_daily,Q4_2025,net_change,16657.0,27743.0,44400.0,92
Fela Kuti,TikTok_likes_daily,Q1_2025,net_change,11300.0,103700.0,115000.0,90
Fela Kuti,TikTok_likes_daily,Q1_2026,net_change,188460.0,295040.0,483500.0,90
Fela Kuti,TikTok_likes_daily,Q2_2025,net_change,10600.0,115100.0,125700.0,91
Fela Kuti,TikTok_likes_daily,Q3_2025,net_change,8900.0,125800.0,134700.0,92
Fela Kuti,TikTok_likes_daily,Q4_2025,net_change,159000.0,134800.0,293800.0,92
Fela Kuti,Twitter_followers_daily,Q1_2025,net_change,-697.0,73185.0,72488.0,70
Fela Kuti,Twitter_followers_daily,Q1_2026,net_change,398.0,70917.0,71315.0,72
Fela Kuti,Twitter_followers_daily,Q2_2025,net_change,-477.0,72507.0,72030.0,71
Fela Kuti,Twitter_followers_daily,Q3_2025,net_change,-525.0,72026.0,71501.0,64
Fela Kuti,Twitter_followers_daily,Q4_2025,net_change,-562.0,71496.0,70934.0,88
Fela Kuti,Wikipedia_views_daily,Q1_2025,sum,154398.0,1600.0,1704.0,90
Fela Kuti,Wikipedia_views_daily,Q1_2026,sum,190371.0,1687.0,1314.0,83
Fela Kuti,Wikipedia_views_daily,Q2_2025,sum,166858.0,1618.0,2248.0,91
Fela Kuti,Wikipedia_views_daily,Q3_2025,sum,147131.0,2545.0,1307.0,92
Fela Kuti,Wikipedia_views_daily,Q4_2025,sum,309130.0,1452.0,1745.0,92
Fela Kuti,YouTube_artist_daily_views,Q1_2025,sum,899751.0,17964.0,23423.0,48
Fela Kuti,YouTube_artist_daily_views,Q1_2026,sum,2061893.0,22189.0,23549.0,72
Fela Kuti,YouTube_artist_daily_views,Q2_2025,sum,947248.0,20446.0,21741.0,45
Fela Kuti,YouTube_artist_daily_views,Q3_2025,sum,980768.0,22962.0,20974.0,44
Fela Kuti,YouTube_artist_daily_views,Q4_2025,sum,1095108.0,23498.0,29707.0,46
Fela Kuti,YouTube_artist_monthly_views,Q1_2025,sum,23662009.0,519563.0,551337.0,48
Fela Kuti,YouTube_artist_monthly_views,Q1_2026,sum,33477493.0,628572.0,711263.0,41
Fela Kuti,YouTube_artist_monthly_views,Q2_2025,sum,26158469.0,560881.0,627673.0,45
Fela Kuti,YouTube_artist_monthly_views,Q3_2025,sum,27348343.0,625928.0,626073.0,44
Fela Kuti,YouTube_artist_monthly_views,Q4_2025,sum,30102572.0,630675.0,629707.0,46
Fela Kuti,YouTube_channel_views_daily,Q1_2025,sum,3733570036.0,44267476.0,37783840.0,90
Fela Kuti,YouTube_channel_views_daily,Q1_2026,sum,4189159724.0,45066710.0,47643460.0,90
Fela Kuti,YouTube_channel_views_daily,Q2_2025,sum,3549645208.0,37798580.0,40213224.0,91
Fela Kuti,YouTube_channel_views_daily,Q3_2025,sum,3802683406.0,40247200.0,42527268.0,92
Fela Kuti,YouTube_channel_views_daily,Q4_2025,sum,4032497902.0,42550504.0,45042390.0,92
Fela Kuti,YouTube_subscribers_daily,Q1_2025,net_change,5808.0,227059.0,232867.0,90
Fela Kuti,YouTube_subscribers_daily,Q1_2026,net_change,7812.0,256188.0,264000.0,90
Fela Kuti,YouTube_subscribers_daily,Q2_2025,net_change,7984.0,232933.0,240917.0,91
Fela Kuti,YouTube_subscribers_daily,Q3_2025,net_change,7278.0,241000.0,248278.0,92
Fela Kuti,YouTube_subscribers_daily,Q4_2025,net_change,7792.0,248333.0,256125.0,92
Fireboy DML,Bandsintown_followers_daily,Q1_2025,net_change,3716.0,28172.0,31888.0,90
Fireboy DML,Bandsintown_followers_daily,Q2_2025,net_change,5393.0,31888.0,37281.0,31
Fireboy DML,Bandsintown_followers_daily,Q3_2025,net_change,6022.0,37545.0,43567.0,31
Fireboy DML,Bandsintown_followers_daily,Q4_2025,net_change,2613.0,43723.0,46336.0,15
Fireboy DML,Deezer_fans_daily,Q1_2025,net_change,5624.0,323652.0,329276.0,89
Fireboy DML,Deezer_fans_daily,Q1_2026,net_change,3634.0,344532.0,348166.0,90
Fireboy DML,Deezer_fans_daily,Q2_2025,net_change,5532.0,329322.0,334854.0,89
Fireboy DML,Deezer_fans_daily,Q3_2025,net_change,5400.0,334921.0,340321.0,91
Fireboy DML,Deezer_fans_daily,Q4_2025,net_change,4110.0,340380.0,344490.0,92
Fireboy DML,Facebook_followers_daily,Q3_2025,net_change,0.0,3600000.0,3600000.0,42
Fireboy DML,Facebook_followers_daily,Q4_2025,net_change,-100000.0,3600000.0,3500000.0,54
Fireboy DML,Facebook_likes_daily,Q3_2025,net_change,0.0,0.0,0.0,42
Fireboy DML,Facebook_likes_daily,Q4_2025,net_change,0.0,0.0,0.0,54
Fireboy DML,Facebook_talks_daily,Q3_2025,sum,146290.0,3834.0,2577.0,42
Fireboy DML,Facebook_talks_daily,Q4_2025,sum,179128.0,2542.0,3399.0,54
Fireboy DML,Instagram_followers_daily,Q1_2025,net_change,-101733.0,5178887.0,5077154.0,89
Fireboy DML,Instagram_followers_daily,Q1_2026,net_change,-27398.0,4935626.0,4908228.0,89
Fireboy DML,Instagram_followers_daily,Q2_2025,net_change,-79210.0,5076794.0,4997584.0,89
Fireboy DML,Instagram_followers_daily,Q3_2025,net_change,-65844.0,4996759.0,4930915.0,60
Fireboy DML,Instagram_followers_daily,Q4_2025,net_change,2967.0,4933324.0,4936291.0,82
Fireboy DML,Soundcloud_followers_daily,Q1_2025,net_change,1074.0,38858.0,39932.0,87
Fireboy DML,Soundcloud_followers_daily,Q1_2026,net_change,916.0,42889.0,43805.0,90
Fireboy DML,Soundcloud_followers_daily,Q2_2025,net_change,979.0,39942.0,40921.0,91
Fireboy DML,Soundcloud_followers_daily,Q3_2025,net_change,988.0,40931.0,41919.0,92
Fireboy DML,Soundcloud_followers_daily,Q4_2025,net_change,948.0,41927.0,42875.0,84
Fireboy DML,Spotify_followers_daily,Q1_2025,net_change,370507.0,3531909.0,3902416.0,90
Fireboy DML,Spotify_followers_daily,Q1_2026,net_change,290578.0,4856780.0,5147358.0,90
Fireboy DML,Spotify_followers_daily,Q2_2025,net_change,311222.0,3906336.0,4217558.0,91
Fireboy DML,Spotify_followers_daily,Q3_2025,net_change,311856.0,4220177.0,4532033.0,92
Fireboy DML,Spotify_followers_daily,Q4_2025,net_change,318013.0,4535005.0,4853018.0,92
Fireboy DML,Spotify_monthly_listeners_daily,Q1_2025,net_change,-727114.0,7931817.0,7204703.0,90
Fireboy DML,Spotify_monthly_listeners_daily,Q1_2026,net_change,-218227.0,8428998.0,8210771.0,90
Fireboy DML,Spotify_monthly_listeners_daily,Q2_2025,net_change,861274.0,7239259.0,8100533.0,91
Fireboy DML,Spotify_monthly_listeners_daily,Q3_2025,net_change,1071699.0,8109876.0,9181575.0,92
Fireboy DML,Spotify_monthly_listeners_daily,Q4_2025,net_change,-743004.0,9170508.0,8427504.0,92
Fireboy DML,Spotify_popularity_daily,Q1_2025,last_value,72.0,73.0,72.0,67
Fireboy DML,Spotify_popularity_daily,Q1_2026,last_value,70.0,72.0,70.0,80
Fireboy DML,Spotify_popularity_daily,Q2_2025,last_value,73.0,72.0,73.0,42
Fireboy DML,Spotify_popularity_daily,Q3_2025,last_value,74.0,73.0,74.0,87
Fireboy DML,Spotify_popularity_daily,Q4_2025,last_value,72.0,74.0,72.0,76
Fireboy DML,TikTok_followers_daily,Q1_2025,net_change,46025.0,582575.0,628600.0,90
Fireboy DML,TikTok_followers_daily,Q1_2026,net_change,-9986.0,800486.0,790500.0,90
Fireboy DML,TikTok_followers_daily,Q2_2025,net_change,53700.0,629800.0,683500.0,91
Fireboy DML,TikTok_followers_daily,Q3_2025,net_change,69680.0,683600.0,753280.0,92
Fireboy DML,TikTok_followers_daily,Q4_2025,net_change,46194.0,754320.0,800514.0,92
Fireboy DML,TikTok_likes_daily,Q1_2025,net_change,686029.0,4376471.0,5062500.0,90
Fireboy DML,TikTok_likes_daily,Q1_2026,net_change,60811.0,8239189.0,8300000.0,90
Fireboy DML,TikTok_likes_daily,Q2_2025,net_change,775000.0,5068750.0,5843750.0,91
Fireboy DML,TikTok_likes_daily,Q3_2025,net_change,1416666.0,5850001.0,7266667.0,92
Fireboy DML,TikTok_likes_daily,Q4_2025,net_change,960060.0,7277778.0,8237838.0,92
Fireboy DML,Twitter_followers_daily,Q1_2025,net_change,60495.0,5124770.0,5185265.0,74
Fireboy DML,Twitter_followers_daily,Q1_2026,net_change,-15662.0,5222889.0,5207227.0,80
Fireboy DML,Twitter_followers_daily,Q2_2025,net_change,30091.0,5186253.0,5216344.0,73
Fireboy DML,Twitter_followers_daily,Q3_2025,net_change,7259.0,5216409.0,5223668.0,67
Fireboy DML,Twitter_followers_daily,Q4_2025,net_change,-769.0,5223849.0,5223080.0,90
Fireboy DML,Wikipedia_views_daily,Q1_2025,sum,23239.0,286.0,246.0,90
Fireboy DML,Wikipedia_views_daily,Q1_2026,sum,18516.0,215.0,171.0,81
Fireboy DML,Wikipedia_views_daily,Q2_2025,sum,25443.0,221.0,170.0,91
Fireboy DML,Wikipedia_views_daily,Q3_2025,sum,18806.0,183.0,228.0,92
Fireboy DML,Wikipedia_views_daily,Q4_2025,sum,19226.0,197.0,208.0,92
Fireboy DML,YouTube_artist_daily_views,Q1_2025,sum,50333725.0,608265.0,611508.0,78
Fireboy DML,YouTube_artist_daily_views,Q1_2026,sum,57654528.0,845758.0,712904.0,75
Fireboy DML,YouTube_artist_daily_views,Q2_2025,sum,34927187.0,615396.0,732315.0,45
Fireboy DML,YouTube_artist_daily_views,Q3_2025,sum,36258587.0,798025.0,859748.0,45
Fireboy DML,YouTube_artist_daily_views,Q4_2025,sum,36809565.0,839152.0,823495.0,46
Fireboy DML,YouTube_artist_monthly_views,Q1_2025,sum,1426572936.0,18397214.0,17834410.0,78
Fireboy DML,YouTube_artist_monthly_views,Q1_2026,sum,956019691.0,23226168.0,20736150.0,43
Fireboy DML,YouTube_artist_monthly_views,Q2_2025,sum,948938102.0,17770615.0,21397662.0,45
Fireboy DML,YouTube_artist_monthly_views,Q3_2025,sum,1002704285.0,21473627.0,22229238.0,45
Fireboy DML,YouTube_artist_monthly_views,Q4_2025,sum,1018899115.0,22382718.0,22943067.0,46
Fireboy DML,YouTube_channel_views_daily,Q1_2025,sum,93342730870.0,1016198200.0,1056557440.0,90
Fireboy DML,YouTube_channel_views_daily,Q1_2026,sum,111260313400.0,1214336600.0,1256404000.0,90
Fireboy DML,YouTube_channel_views_daily,Q2_2025,sum,97291007100.0,1056881100.0,1109469700.0,91
Fireboy DML,YouTube_channel_views_daily,Q3_2025,sum,104388195100.0,1110043300.0,1160276400.0,92
Fireboy DML,YouTube_channel_views_daily,Q4_2025,sum,109188222300.0,1160833500.0,1213761200.0,92
Fireboy DML,YouTube_subscribers_daily,Q1_2025,net_change,43809.0,1839048.0,1882857.0,90
Fireboy DML,YouTube_subscribers_daily,Q1_2026,net_change,31364.0,2028636.0,2060000.0,90
Fireboy DML,YouTube_subscribers_daily,Q2_2025,net_change,46167.0,1883333.0,1929500.0,91
Fireboy DML,YouTube_subscribers_daily,Q3_2025,net_change,48500.0,1930000.0,1978500.0,92
Fireboy DML,YouTube_subscribers_daily,Q4_2025,net_change,49182.0,1979000.0,2028182.0,92
Flavour,Deezer_fans_daily,Q1_2025,net_change,469.0,85854.0,86323.0,90
Flavour,Deezer_fans_daily,Q1_2026,net_change,607.0,87988.0,88595.0,90
Flavour,Deezer_fans_daily,Q2_2025,net_change,544.0,86329.0,86873.0,91
Flavour,Deezer_fans_daily,Q3_2025,net_change,548.0,86877.0,87425.0,92
Flavour,Deezer_fans_daily,Q4_2025,net_change,552.0,87430.0,87982.0,92
Flavour,Facebook_followers_daily,Q1_2025,net_change,-55.0,16856.0,16801.0,56
Flavour,Facebook_followers_daily,Q1_2026,net_change,0.0,16000.0,16000.0,26
Flavour,Facebook_followers_daily,Q2_2025,net_change,-16.0,16801.0,16785.0,14
Flavour,Facebook_followers_daily,Q3_2025,net_change,0.0,16000.0,16000.0,1
Flavour,Facebook_followers_daily,Q4_2025,net_change,0.0,16000.0,16000.0,28
Flavour,Facebook_likes_daily,Q1_2025,net_change,-35.0,16457.0,16422.0,56
Flavour,Facebook_likes_daily,Q1_2026,net_change,16612.0,0.0,16612.0,26
Flavour,Facebook_likes_daily,Q2_2025,net_change,-8.0,16422.0,16414.0,14
Flavour,Facebook_likes_daily,Q3_2025,net_change,0.0,0.0,0.0,1
Flavour,Facebook_likes_daily,Q4_2025,net_change,0.0,0.0,0.0,28
Flavour,Facebook_talks_daily,Q1_2025,sum,12.0,0.0,0.0,56
Flavour,Facebook_talks_daily,Q1_2026,sum,35.0,0.0,3.0,26
Flavour,Facebook_talks_daily,Q2_2025,sum,3.0,0.0,0.0,14
Flavour,Facebook_talks_daily,Q3_2025,sum,1.0,1.0,1.0,1
Flavour,Facebook_talks_daily,Q4_2025,sum,14.0,0.0,0.0,28
Flavour,Instagram_followers_daily,Q1_2025,net_change,-28055.0,5166558.0,5138503.0,88
Flavour,Instagram_followers_daily,Q1_2026,net_change,13070.0,5159347.0,5172417.0,89
Flavour,Instagram_followers_daily,Q2_2025,net_change,-16743.0,5138199.0,5121456.0,89
Flavour,Instagram_followers_daily,Q3_2025,net_change,-14104.0,5121918.0,5107814.0,60
Flavour,Instagram_followers_daily,Q4_2025,net_change,52023.0,5107358.0,5159381.0,81
Flavour,Soundcloud_followers_daily,Q1_2026,net_change,81.0,3962.0,4043.0,90
Flavour,Soundcloud_followers_daily,Q2_2025,net_change,20.0,3685.0,3705.0,6
Flavour,Soundcloud_followers_daily,Q4_2025,net_change,83.0,3878.0,3961.0,38
Flavour,Spotify_followers_daily,Q1_2025,net_change,61280.0,814564.0,875844.0,90
Flavour,Spotify_followers_daily,Q1_2026,net_change,52436.0,1074083.0,1126519.0,90
Flavour,Spotify_followers_daily,Q2_2025,net_change,62087.0,876385.0,938472.0,91
Flavour,Spotify_followers_daily,Q3_2025,net_change,67672.0,939049.0,1006721.0,92
Flavour,Spotify_followers_daily,Q4_2025,net_change,65904.0,1007372.0,1073276.0,92
Flavour,Spotify_monthly_listeners_daily,Q1_2025,net_change,-125881.0,970118.0,844237.0,90
Flavour,Spotify_monthly_listeners_daily,Q1_2026,net_change,36679.0,1399326.0,1436005.0,90
Flavour,Spotify_monthly_listeners_daily,Q2_2025,net_change,60226.0,846270.0,906496.0,91
Flavour,Spotify_monthly_listeners_daily,Q3_2025,net_change,14123.0,906093.0,920216.0,92
Flavour,Spotify_monthly_listeners_daily,Q4_2025,net_change,474882.0,919164.0,1394046.0,92
Flavour,Spotify_popularity_daily,Q1_2025,last_value,56.0,58.0,56.0,85
Flavour,Spotify_popularity_daily,Q1_2026,last_value,60.0,62.0,60.0,76
Flavour,Spotify_popularity_daily,Q2_2025,last_value,58.0,56.0,58.0,65
Flavour,Spotify_popularity_daily,Q3_2025,last_value,59.0,58.0,59.0,88
Flavour,Spotify_popularity_daily,Q4_2025,last_value,61.0,59.0,61.0,79
Flavour,TikTok_followers_daily,Q1_2025,net_change,515969.0,1885106.0,2401075.0,90
Flavour,TikTok_followers_daily,Q1_2026,net_change,88889.0,2811111.0,2900000.0,90
Flavour,TikTok_followers_daily,Q2_2025,net_change,96774.0,2402151.0,2498925.0,91
Flavour,TikTok_followers_daily,Q3_2025,net_change,56173.0,2500000.0,2556173.0,92
Flavour,TikTok_followers_daily,Q4_2025,net_change,250618.0,2556790.0,2807408.0,92
Flavour,TikTok_likes_daily,Q1_2025,net_change,2203750.0,9156250.0,11360000.0,90
Flavour,TikTok_likes_daily,Q1_2026,net_change,2411538.0,16738462.0,19150000.0,90
Flavour,TikTok_likes_daily,Q2_2025,net_change,903334.0,11380000.0,12283334.0,91
Flavour,TikTok_likes_daily,Q3_2025,net_change,618604.0,12300000.0,12918604.0,92
Flavour,TikTok_likes_daily,Q4_2025,net_change,3769052.0,12923256.0,16692308.0,92
Flavour,Twitter_followers_daily,Q1_2025,net_change,-2022.0,1425795.0,1423773.0,74
Flavour,Twitter_followers_daily,Q1_2026,net_change,-2283.0,1398857.0,1396574.0,79
Flavour,Twitter_followers_daily,Q2_2025,net_change,-750.0,1423856.0,1423106.0,73
Flavour,Twitter_followers_daily,Q3_2025,net_change,-3901.0,1423094.0,1419193.0,67
Flavour,Twitter_followers_daily,Q4_2025,net_change,-20214.0,1419101.0,1398887.0,88
Flavour,Wikipedia_views_daily,Q1_2025,sum,20035.0,220.0,203.0,90
Flavour,Wikipedia_views_daily,Q1_2026,sum,17451.0,262.0,150.0,84
Flavour,Wikipedia_views_daily,Q2_2025,sum,23914.0,180.0,188.0,91
Flavour,Wikipedia_views_daily,Q3_2025,sum,18618.0,165.0,154.0,92
Flavour,Wikipedia_views_daily,Q4_2025,sum,22197.0,162.0,241.0,92
Flavour,YouTube_channel_views_daily,Q1_2025,sum,126069020800.0,1383048100.0,1414194400.0,90
Flavour,YouTube_channel_views_daily,Q1_2026,sum,137252799200.0,1505352600.0,1541450800.0,90
Flavour,YouTube_channel_views_daily,Q2_2025,sum,130490871300.0,1413784200.0,1451998500.0,91
Flavour,YouTube_channel_views_daily,Q3_2025,sum,133731503600.0,1452362900.0,1451443800.0,92
Flavour,YouTube_channel_views_daily,Q4_2025,sum,135967734500.0,1451928300.0,1504841200.0,92
Flavour,YouTube_subscribers_daily,Q1_2025,net_change,83333.0,3527500.0,3610833.0,90
Flavour,YouTube_subscribers_daily,Q1_2026,net_change,62727.0,3907273.0,3970000.0,90
Flavour,YouTube_subscribers_daily,Q2_2025,net_change,89000.0,3611667.0,3700667.0,91
Flavour,YouTube_subscribers_daily,Q3_2025,net_change,95667.0,3701333.0,3797000.0,92
Flavour,YouTube_subscribers_daily,Q4_2025,net_change,108364.0,3798000.0,3906364.0,92
Flavour N'abania,Deezer_fans_daily,Q1_2025,net_change,0.0,3927.0,3927.0,9
Flavour N'abania,Deezer_fans_daily,Q1_2026,net_change,2.0,3930.0,3932.0,8
Flavour N'abania,Deezer_fans_daily,Q2_2025,net_change,0.0,3927.0,3927.0,8
Flavour N'abania,Deezer_fans_daily,Q3_2025,net_change,1.0,3927.0,3928.0,9
Flavour N'abania,Deezer_fans_daily,Q4_2025,net_change,2.0,3928.0,3930.0,8
Flavour N'abania,Facebook_followers_daily,Q1_2025,net_change,-148.0,27751.0,27603.0,34
Flavour N'abania,Facebook_followers_daily,Q2_2025,net_change,-45.0,27603.0,27558.0,15
Flavour N'abania,Facebook_likes_daily,Q1_2025,net_change,-110.0,27831.0,27721.0,34
Flavour N'abania,Facebook_likes_daily,Q2_2025,net_change,-26.0,27721.0,27695.0,15
Flavour N'abania,Facebook_talks_daily,Q1_2025,sum,23.0,2.0,1.0,34
Flavour N'abania,Facebook_talks_daily,Q2_2025,sum,16.0,1.0,4.0,15
Flavour N'abania,Spotify_followers_daily,Q1_2025,net_change,-8.0,7504.0,7496.0,180
Flavour N'abania,Spotify_followers_daily,Q1_2026,net_change,8.0,7495.0,7503.0,90
Flavour N'abania,Spotify_followers_daily,Q2_2025,net_change,-2.0,7496.0,7494.0,182
Flavour N'abania,Spotify_followers_daily,Q3_2025,net_change,5.0,7494.0,7499.0,184
Flavour N'abania,Spotify_followers_daily,Q4_2025,net_change,-4.0,7499.0,7495.0,184
Flavour N'abania,Spotify_monthly_listeners_daily,Q1_2025,net_change,-1.0,88.0,87.0,180
Flavour N'abania,Spotify_monthly_listeners_daily,Q1_2026,net_change,-24.0,75.0,51.0,90
Flavour N'abania,Spotify_monthly_listeners_daily,Q2_2025,net_change,-5.0,86.0,81.0,182
Flavour N'abania,Spotify_monthly_listeners_daily,Q3_2025,net_change,0.0,81.0,81.0,92
Flavour N'abania,Spotify_monthly_listeners_daily,Q4_2025,net_change,-5.0,81.0,76.0,184
Flavour N'abania,Spotify_popularity_daily,Q1_2025,last_value,2.0,2.0,2.0,21
Flavour N'abania,Spotify_popularity_daily,Q1_2026,last_value,1.0,1.0,1.0,1
Flavour N'abania,Spotify_popularity_daily,Q2_2025,last_value,2.0,2.0,2.0,13
Flavour N'abania,Spotify_popularity_daily,Q3_2025,last_value,2.0,2.0,2.0,3
Flavour N'abania,Spotify_popularity_daily,Q4_2025,last_value,2.0,1.0,2.0,4
Flavour N'abania,Wikipedia_views_daily,Q1_2025,sum,40070.0,220.0,203.0,180
Flavour N'abania,Wikipedia_views_daily,Q1_2026,sum,17451.0,262.0,150.0,84
Flavour N'abania,Wikipedia_views_daily,Q2_2025,sum,47828.0,180.0,188.0,182
Flavour N'abania,Wikipedia_views_daily,Q3_2025,sum,37236.0,165.0,154.0,184
Flavour N'abania,Wikipedia_views_daily,Q4_2025,sum,44394.0,162.0,241.0,184
Flavour N'abania,YouTube_channel_views_daily,Q1_2025,sum,126069020800.0,1383048100.0,1414194400.0,90
Flavour N'abania,YouTube_channel_views_daily,Q1_2026,sum,137252799200.0,1505352600.0,1541450800.0,90
Flavour N'abania,YouTube_channel_views_daily,Q2_2025,sum,130490871300.0,1413784200.0,1451998500.0,91
Flavour N'abania,YouTube_channel_views_daily,Q3_2025,sum,133728492300.0,1452362900.0,1451443800.0,92
Flavour N'abania,YouTube_channel_views_daily,Q4_2025,sum,135967734500.0,1451928300.0,1504841200.0,92
Flavour N'abania,YouTube_subscribers_daily,Q1_2025,net_change,83333.0,3527500.0,3610833.0,180
Flavour N'abania,YouTube_subscribers_daily,Q1_2026,net_change,62727.0,3907273.0,3970000.0,90
Flavour N'abania,YouTube_subscribers_daily,Q2_2025,net_change,89000.0,3611667.0,3700667.0,182
Flavour N'abania,YouTube_subscribers_daily,Q3_2025,net_change,95667.0,3701333.0,3797000.0,184
Flavour N'abania,YouTube_subscribers_daily,Q4_2025,net_change,108364.0,3798000.0,3906364.0,184
HarrySong,Deezer_fans_daily,Q1_2025,net_change,13.0,839.0,852.0,9
HarrySong,Deezer_fans_daily,Q1_2026,net_change,6.0,892.0,898.0,8
HarrySong,Deezer_fans_daily,Q2_2025,net_change,7.0,854.0,861.0,8
HarrySong,Deezer_fans_daily,Q3_2025,net_change,10.0,863.0,873.0,8
HarrySong,Deezer_fans_daily,Q4_2025,net_change,17.0,874.0,891.0,9
HarrySong,Instagram_followers_daily,Q1_2025,net_change,-17249.0,2469065.0,2451816.0,58
HarrySong,Instagram_followers_daily,Q1_2026,net_change,0.0,2330954.0,2330954.0,1
HarrySong,Instagram_followers_daily,Q2_2025,net_change,-69579.0,2450014.0,2380435.0,40
HarrySong,Instagram_followers_daily,Q4_2025,net_change,0.0,2336015.0,2336015.0,2
HarrySong,Spotify_followers_daily,Q1_2025,net_change,2227.0,134598.0,136825.0,180
HarrySong,Spotify_followers_daily,Q1_2026,net_change,3536.0,151122.0,154658.0,90
HarrySong,Spotify_followers_daily,Q2_2025,net_change,3968.0,136837.0,140805.0,182
HarrySong,Spotify_followers_daily,Q3_2025,net_change,5600.0,140858.0,146458.0,184
HarrySong,Spotify_followers_daily,Q4_2025,net_change,4557.0,146520.0,151077.0,184
HarrySong,Spotify_monthly_listeners_daily,Q1_2025,net_change,8083.0,83382.0,91465.0,180
HarrySong,Spotify_monthly_listeners_daily,Q1_2026,net_change,5555.0,113635.0,119190.0,90
HarrySong,Spotify_monthly_listeners_daily,Q2_2025,net_change,11902.0,92957.0,104859.0,182
HarrySong,Spotify_monthly_listeners_daily,Q3_2025,net_change,-8502.0,104619.0,96117.0,184
HarrySong,Spotify_monthly_listeners_daily,Q4_2025,net_change,17433.0,96131.0,113564.0,92
HarrySong,Spotify_popularity_daily,Q1_2025,last_value,33.0,34.0,33.0,79
HarrySong,Spotify_popularity_daily,Q1_2026,last_value,33.0,33.0,33.0,1
HarrySong,Spotify_popularity_daily,Q2_2025,last_value,34.0,34.0,34.0,46
HarrySong,Spotify_popularity_daily,Q3_2025,last_value,35.0,36.0,35.0,3
HarrySong,Spotify_popularity_daily,Q4_2025,last_value,35.0,31.0,35.0,4
HarrySong,Wikipedia_views_daily,Q1_2025,sum,5552.0,20.0,33.0,180
HarrySong,Wikipedia_views_daily,Q1_2026,sum,2394.0,60.0,20.0,83
HarrySong,Wikipedia_views_daily,Q2_2025,sum,4702.0,36.0,18.0,182
HarrySong,Wikipedia_views_daily,Q3_2025,sum,4734.0,11.0,21.0,184
HarrySong,Wikipedia_views_daily,Q4_2025,sum,5220.0,19.0,25.0,184
HarrySong,YouTube_channel_views_daily,Q1_2025,sum,3705978850.0,40742120.0,41608924.0,90
HarrySong,YouTube_channel_views_daily,Q1_2026,sum,4024737128.0,44269876.0,45160176.0,90
HarrySong,YouTube_channel_views_daily,Q2_2025,sum,3828306388.0,41620196.0,42513584.0,91
HarrySong,YouTube_channel_views_daily,Q3_2025,sum,3951535156.0,42522920.0,43393160.0,92
HarrySong,YouTube_channel_views_daily,Q4_2025,sum,4032841194.0,43400210.0,44266720.0,92
HarrySong,YouTube_subscribers_daily,Q1_2025,net_change,-135.0,92513.0,92378.0,180
HarrySong,YouTube_subscribers_daily,Q1_2026,net_change,1167.0,92004.0,93171.0,90
HarrySong,YouTube_subscribers_daily,Q2_2025,net_change,-113.0,92377.0,92264.0,182
HarrySong,YouTube_subscribers_daily,Q3_2025,net_change,-134.0,92263.0,92129.0,184
HarrySong,YouTube_subscribers_daily,Q4_2025,net_change,-123.0,92128.0,92005.0,184
Ice Prince,Deezer_fans_daily,Q1_2025,net_change,96.0,47143.0,47239.0,90
Ice Prince,Deezer_fans_daily,Q1_2026,net_change,85.0,47532.0,47617.0,90
Ice Prince,Deezer_fans_daily,Q2_2025,net_change,74.0,47240.0,47314.0,90
Ice Prince,Deezer_fans_daily,Q3_2025,net_change,115.0,47315.0,47430.0,92
Ice Prince,Facebook_followers_daily,Q1_2025,net_change,-10988.0,2071082.0,2060094.0,56
Ice Prince,Facebook_followers_daily,Q1_2026,net_change,0.0,2000000.0,2000000.0,11
Ice Prince,Facebook_followers_daily,Q2_2025,net_change,-7687.0,2059786.0,2052099.0,14
Ice Prince,Facebook_followers_daily,Q3_2025,net_change,0.0,2000000.0,2000000.0,1
Ice Prince,Facebook_followers_daily,Q4_2025,net_change,0.0,2000000.0,2000000.0,2
Ice Prince,Facebook_likes_daily,Q1_2025,net_change,-10988.0,2071082.0,2060094.0,56
Ice Prince,Facebook_likes_daily,Q1_2026,net_change,2060190.0,0.0,2060190.0,11
Ice Prince,Facebook_likes_daily,Q2_2025,net_change,-7687.0,2059786.0,2052099.0,14
Ice Prince,Facebook_likes_daily,Q3_2025,net_change,0.0,0.0,0.0,1
Ice Prince,Facebook_likes_daily,Q4_2025,net_change,0.0,0.0,0.0,2
Ice Prince,Facebook_talks_daily,Q1_2025,sum,168043.0,10682.0,838.0,56
Ice Prince,Facebook_talks_daily,Q1_2026,sum,240596.0,22840.0,10554.0,11
Ice Prince,Facebook_talks_daily,Q2_2025,sum,12778.0,811.0,898.0,14
Ice Prince,Facebook_talks_daily,Q3_2025,sum,5595.0,5595.0,5595.0,1
Ice Prince,Facebook_talks_daily,Q4_2025,sum,60772.0,27769.0,33003.0,2
Ice Prince,Instagram_followers_daily,Q1_2025,net_change,-29648.0,4392731.0,4363083.0,32
Ice Prince,Instagram_followers_daily,Q1_2026,net_change,-12065.0,4276693.0,4264628.0,54
Ice Prince,Instagram_followers_daily,Q2_2025,net_change,-39862.0,4355611.0,4315749.0,42
Ice Prince,Instagram_followers_daily,Q3_2025,net_change,-18979.0,4313456.0,4294477.0,2
Ice Prince,Instagram_followers_daily,Q4_2025,net_change,9727.0,4278815.0,4288542.0,2
Ice Prince,Soundcloud_followers_daily,Q1_2025,net_change,0.0,10465.0,10465.0,1
Ice Prince,Soundcloud_followers_daily,Q1_2026,net_change,65.0,10677.0,10742.0,89
Ice Prince,Soundcloud_followers_daily,Q2_2025,net_change,2.0,10521.0,10523.0,2
Ice Prince,Soundcloud_followers_daily,Q4_2025,net_change,70.0,10607.0,10677.0,51
Ice Prince,Spotify_followers_daily,Q1_2025,net_change,26675.0,377193.0,403868.0,90
Ice Prince,Spotify_followers_daily,Q1_2026,net_change,24059.0,505230.0,529289.0,90
Ice Prince,Spotify_followers_daily,Q2_2025,net_change,33230.0,404152.0,437382.0,91
Ice Prince,Spotify_followers_daily,Q3_2025,net_change,32222.0,437652.0,469874.0,92
Ice Prince,Spotify_followers_daily,Q4_2025,net_change,34494.0,470287.0,504781.0,92
Ice Prince,Spotify_monthly_listeners_daily,Q1_2025,net_change,2530.0,772878.0,775408.0,90
Ice Prince,Spotify_monthly_listeners_daily,Q1_2026,net_change,14382.0,898945.0,913327.0,90
Ice Prince,Spotify_monthly_listeners_daily,Q2_2025,net_change,70613.0,777974.0,848587.0,91
Ice Prince,Spotify_monthly_listeners_daily,Q3_2025,net_change,-55757.0,848351.0,792594.0,92
Ice Prince,Spotify_monthly_listeners_daily,Q4_2025,net_change,110140.0,791750.0,901890.0,92
Ice Prince,Spotify_popularity_daily,Q1_2025,last_value,52.0,53.0,52.0,85
Ice Prince,Spotify_popularity_daily,Q1_2026,last_value,52.0,54.0,52.0,69
Ice Prince,Spotify_popularity_daily,Q2_2025,last_value,54.0,52.0,54.0,67
Ice Prince,Spotify_popularity_daily,Q3_2025,last_value,54.0,54.0,54.0,78
Ice Prince,Spotify_popularity_daily,Q4_2025,last_value,53.0,54.0,53.0,76
Ice Prince,Twitter_followers_daily,Q1_2026,net_change,-733.0,3047254.0,3046521.0,6
Ice Prince,Wikipedia_views_daily,Q1_2025,sum,7959.0,119.0,87.0,90
Ice Prince,Wikipedia_views_daily,Q1_2026,sum,6398.0,61.0,80.0,83
Ice Prince,Wikipedia_views_daily,Q2_2025,sum,12858.0,91.0,104.0,91
Ice Prince,Wikipedia_views_daily,Q3_2025,sum,8010.0,92.0,90.0,92
Ice Prince,Wikipedia_views_daily,Q4_2025,sum,7877.0,61.0,61.0,92
Ice Prince,YouTube_artist_daily_views,Q1_2025,sum,1829111.0,26930.0,40179.0,56
Ice Prince,YouTube_artist_daily_views,Q1_2026,sum,3508084.0,44599.0,44594.0,75
Ice Prince,YouTube_artist_daily_views,Q2_2025,sum,2212902.0,35480.0,41209.0,45
Ice Prince,YouTube_artist_daily_views,Q3_2025,sum,2143528.0,50737.0,44862.0,45
Ice Prince,YouTube_artist_daily_views,Q4_2025,sum,2174276.0,45838.0,47705.0,45
Ice Prince,YouTube_artist_monthly_views,Q1_2025,sum,49741882.0,886000.0,1005694.0,56
Ice Prince,YouTube_artist_monthly_views,Q1_2026,sum,54154813.0,1348882.0,1292450.0,41
Ice Prince,YouTube_artist_monthly_views,Q2_2025,sum,56264721.0,1016210.0,2020884.0,45
Ice Prince,YouTube_artist_monthly_views,Q3_2025,sum,63424382.0,2037053.0,1306845.0,45
Ice Prince,YouTube_artist_monthly_views,Q4_2025,sum,60389096.0,1306377.0,1348117.0,45
Ice Prince,YouTube_channel_views_daily,Q1_2025,sum,5323174474.0,58007610.0,60325764.0,90
Ice Prince,YouTube_channel_views_daily,Q1_2026,sum,6637282984.0,71904970.0,75181016.0,90
Ice Prince,YouTube_channel_views_daily,Q2_2025,sum,5642037340.0,60341200.0,64326500.0,91
Ice Prince,YouTube_channel_views_daily,Q3_2025,sum,6090667064.0,64362240.0,68291140.0,92
Ice Prince,YouTube_channel_views_daily,Q4_2025,sum,6437968082.0,68320480.0,71863176.0,92
Ice Prince,YouTube_subscribers_daily,Q1_2025,net_change,2908.0,151333.0,154241.0,90
Ice Prince,YouTube_subscribers_daily,Q1_2026,net_change,1800.0,168200.0,170000.0,90
Ice Prince,YouTube_subscribers_daily,Q2_2025,net_change,5088.0,154276.0,159364.0,91
Ice Prince,YouTube_subscribers_daily,Q3_2025,net_change,4841.0,159409.0,164250.0,92
Ice Prince,YouTube_subscribers_daily,Q4_2025,net_change,3889.0,164286.0,168175.0,92
Illbliss,Deezer_fans_daily,Q1_2025,net_change,4.0,341.0,345.0,8
Illbliss,Deezer_fans_daily,Q1_2026,net_change,4.0,368.0,372.0,8
Illbliss,Deezer_fans_daily,Q2_2025,net_change,4.0,346.0,350.0,9
Illbliss,Deezer_fans_daily,Q3_2025,net_change,5.0,351.0,356.0,9
Illbliss,Deezer_fans_daily,Q4_2025,net_change,11.0,357.0,368.0,9
Illbliss,Facebook_followers_daily,Q1_2025,net_change,-57.0,5341.0,5284.0,33
Illbliss,Facebook_followers_daily,Q1_2026,net_change,-100.0,4800.0,4700.0,10
Illbliss,Facebook_followers_daily,Q2_2025,net_change,-18.0,5283.0,5265.0,15
Illbliss,Facebook_followers_daily,Q4_2025,net_change,0.0,4800.0,4800.0,10
Illbliss,Facebook_likes_daily,Q1_2025,net_change,-50.0,5183.0,5133.0,33
Illbliss,Facebook_likes_daily,Q1_2026,net_change,4733.0,0.0,4733.0,10
Illbliss,Facebook_likes_daily,Q2_2025,net_change,-14.0,5131.0,5117.0,15
Illbliss,Facebook_likes_daily,Q4_2025,net_change,0.0,0.0,0.0,10
Illbliss,Facebook_talks_daily,Q1_2025,sum,18.0,1.0,0.0,33
Illbliss,Facebook_talks_daily,Q1_2026,sum,13.0,1.0,3.0,10
Illbliss,Facebook_talks_daily,Q2_2025,sum,8.0,0.0,0.0,15
Illbliss,Facebook_talks_daily,Q4_2025,sum,17.0,0.0,3.0,10
Illbliss,Instagram_followers_daily,Q1_2025,net_change,-4608.0,475633.0,471025.0,54
Illbliss,Instagram_followers_daily,Q1_2026,net_change,0.0,468394.0,468394.0,1
Illbliss,Instagram_followers_daily,Q2_2025,net_change,-5315.0,470916.0,465601.0,68
Illbliss,Instagram_followers_daily,Q4_2025,net_change,-1062.0,467240.0,466178.0,4
Illbliss,Soundcloud_followers_daily,Q1_2025,net_change,3.0,481.0,484.0,166
Illbliss,Soundcloud_followers_daily,Q1_2026,net_change,1.0,483.0,484.0,90
Illbliss,Soundcloud_followers_daily,Q2_2025,net_change,0.0,484.0,484.0,142
Illbliss,Soundcloud_followers_daily,Q3_2025,net_change,0.0,484.0,484.0,132
Illbliss,Soundcloud_followers_daily,Q4_2025,net_change,-1.0,484.0,483.0,68
Illbliss,Spotify_followers_daily,Q1_2025,net_change,3563.0,46225.0,49788.0,180
Illbliss,Spotify_followers_daily,Q1_2026,net_change,1757.0,68553.0,70310.0,90
Illbliss,Spotify_followers_daily,Q2_2025,net_change,3986.0,49912.0,53898.0,182
Illbliss,Spotify_followers_daily,Q3_2025,net_change,10179.0,53898.0,64077.0,184
Illbliss,Spotify_followers_daily,Q4_2025,net_change,4377.0,64150.0,68527.0,184
Illbliss,Spotify_monthly_listeners_daily,Q1_2025,net_change,56687.0,166242.0,222929.0,180
Illbliss,Spotify_monthly_listeners_daily,Q1_2026,net_change,27657.0,194214.0,221871.0,90
Illbliss,Spotify_monthly_listeners_daily,Q2_2025,net_change,-32204.0,223660.0,191456.0,182
Illbliss,Spotify_monthly_listeners_daily,Q3_2025,net_change,-23346.0,191456.0,168110.0,184
Illbliss,Spotify_monthly_listeners_daily,Q4_2025,net_change,26450.0,167663.0,194113.0,184
Illbliss,Spotify_popularity_daily,Q1_2025,last_value,40.0,39.0,40.0,65
Illbliss,Spotify_popularity_daily,Q1_2026,last_value,38.0,38.0,38.0,75
Illbliss,Spotify_popularity_daily,Q2_2025,last_value,39.0,40.0,39.0,45
Illbliss,Spotify_popularity_daily,Q3_2025,last_value,39.0,40.0,39.0,4
Illbliss,Spotify_popularity_daily,Q4_2025,last_value,38.0,34.0,38.0,24
Illbliss,Wikipedia_views_daily,Q1_2025,sum,3694.0,14.0,15.0,180
Illbliss,Wikipedia_views_daily,Q1_2026,sum,1735.0,12.0,24.0,82
Illbliss,Wikipedia_views_daily,Q2_2025,sum,4706.0,32.0,25.0,182
Illbliss,Wikipedia_views_daily,Q3_2025,sum,3524.0,18.0,14.0,158
Illbliss,Wikipedia_views_daily,Q4_2025,sum,3556.0,18.0,17.0,180
Illbliss,YouTube_channel_views_daily,Q1_2025,sum,489255228.0,5183481.0,5684309.0,90
Illbliss,YouTube_channel_views_daily,Q1_2026,sum,597766592.0,6502502.0,6765260.0,90
Illbliss,YouTube_channel_views_daily,Q2_2025,sum,531803265.0,5687511.0,5969745.0,91
Illbliss,YouTube_channel_views_daily,Q3_2025,sum,560477749.0,5973770.0,6232658.0,92
Illbliss,YouTube_channel_views_daily,Q4_2025,sum,585179625.0,6235491.0,6499259.0,92
Illbliss,YouTube_subscribers_daily,Q1_2025,net_change,330.0,11995.0,12325.0,180
Illbliss,YouTube_subscribers_daily,Q1_2026,net_change,118.0,13182.0,13300.0,90
Illbliss,YouTube_subscribers_daily,Q2_2025,net_change,345.0,12329.0,12674.0,182
Illbliss,YouTube_subscribers_daily,Q3_2025,net_change,282.0,12679.0,12961.0,184
Illbliss,YouTube_subscribers_daily,Q4_2025,net_change,215.0,12964.0,13179.0,184
Iyanya,Bandsintown_followers_daily,Q1_2025,net_change,260.0,14361.0,14621.0,180
Iyanya,Bandsintown_followers_daily,Q2_2025,net_change,328.0,14621.0,14949.0,62
Iyanya,Bandsintown_followers_daily,Q3_2025,net_change,398.0,14973.0,15371.0,62
Iyanya,Bandsintown_followers_daily,Q4_2025,net_change,169.0,15383.0,15552.0,30
Iyanya,Deezer_fans_daily,Q1_2026,net_change,0.0,260.0,260.0,9
Iyanya,Facebook_followers_daily,Q1_2025,net_change,-4633.0,673139.0,668506.0,56
Iyanya,Facebook_followers_daily,Q1_2026,net_change,-6000.0,695000.0,689000.0,12
Iyanya,Facebook_followers_daily,Q2_2025,net_change,10637.0,668315.0,678952.0,14
Iyanya,Facebook_followers_daily,Q3_2025,net_change,0.0,679000.0,679000.0,1
Iyanya,Facebook_followers_daily,Q4_2025,net_change,0.0,693000.0,693000.0,5
Iyanya,Facebook_likes_daily,Q1_2025,net_change,-4633.0,673139.0,668506.0,56
Iyanya,Facebook_likes_daily,Q1_2026,net_change,689515.0,0.0,689515.0,12
Iyanya,Facebook_likes_daily,Q2_2025,net_change,10637.0,668315.0,678952.0,14
Iyanya,Facebook_likes_daily,Q3_2025,net_change,0.0,0.0,0.0,1
Iyanya,Facebook_likes_daily,Q4_2025,net_change,0.0,0.0,0.0,5
Iyanya,Facebook_talks_daily,Q1_2025,sum,163662.0,4211.0,4142.0,56
Iyanya,Facebook_talks_daily,Q1_2026,sum,76453.0,12588.0,6850.0,12
Iyanya,Facebook_talks_daily,Q2_2025,sum,146267.0,3054.0,27861.0,14
Iyanya,Facebook_talks_daily,Q3_2025,sum,3072.0,3072.0,3072.0,1
Iyanya,Facebook_talks_daily,Q4_2025,sum,59865.0,15671.0,10122.0,5
Iyanya,Instagram_followers_daily,Q1_2025,net_change,-20794.0,2095411.0,2074617.0,178
Iyanya,Instagram_followers_daily,Q1_2026,net_change,-8778.0,2069866.0,2061088.0,89
Iyanya,Instagram_followers_daily,Q2_2025,net_change,-2071.0,2074760.0,2072689.0,178
Iyanya,Instagram_followers_daily,Q3_2025,net_change,1048.0,2072503.0,2073551.0,120
Iyanya,Instagram_followers_daily,Q4_2025,net_change,-3469.0,2073529.0,2070060.0,164
Iyanya,Soundcloud_followers_daily,Q1_2025,net_change,0.0,866.0,866.0,2
Iyanya,Soundcloud_followers_daily,Q1_2026,net_change,18.0,898.0,916.0,89
Iyanya,Soundcloud_followers_daily,Q2_2025,net_change,2.0,875.0,877.0,10
Iyanya,Soundcloud_followers_daily,Q4_2025,net_change,9.0,889.0,898.0,94
Iyanya,Spotify_followers_daily,Q1_2025,net_change,27545.0,445469.0,473014.0,180
Iyanya,Spotify_followers_daily,Q1_2026,net_change,40718.0,597018.0,637736.0,90
Iyanya,Spotify_followers_daily,Q2_2025,net_change,34024.0,473348.0,507372.0,182
Iyanya,Spotify_followers_daily,Q3_2025,net_change,33874.0,507717.0,541591.0,184
Iyanya,Spotify_followers_daily,Q4_2025,net_change,54471.0,541960.0,596431.0,184
Iyanya,Spotify_monthly_listeners_daily,Q1_2025,net_change,-79492.0,642465.0,562973.0,180
Iyanya,Spotify_monthly_listeners_daily,Q1_2026,net_change,20629.0,607995.0,628624.0,90
Iyanya,Spotify_monthly_listeners_daily,Q2_2025,net_change,13222.0,564187.0,577409.0,182
Iyanya,Spotify_monthly_listeners_daily,Q3_2025,net_change,106511.0,577588.0,684099.0,92
Iyanya,Spotify_monthly_listeners_daily,Q4_2025,net_change,-79685.0,686952.0,607267.0,92
Iyanya,Spotify_popularity_daily,Q1_2025,last_value,49.0,52.0,49.0,85
Iyanya,Spotify_popularity_daily,Q1_2026,last_value,47.0,49.0,47.0,69
Iyanya,Spotify_popularity_daily,Q2_2025,last_value,50.0,49.0,50.0,63
Iyanya,Spotify_popularity_daily,Q3_2025,last_value,52.0,50.0,52.0,82
Iyanya,Spotify_popularity_daily,Q4_2025,last_value,49.0,52.0,49.0,78
Iyanya,TikTok_followers_daily,Q1_2025,net_change,3200.0,437500.0,440700.0,180
Iyanya,TikTok_followers_daily,Q1_2026,net_change,71460.0,486140.0,557600.0,90
Iyanya,TikTok_followers_daily,Q2_2025,net_change,12100.0,441100.0,453200.0,182
Iyanya,TikTok_followers_daily,Q3_2025,net_change,15119.0,453233.0,468352.0,182
Iyanya,TikTok_followers_daily,Q4_2025,net_change,17260.0,468590.0,485850.0,184
Iyanya,TikTok_likes_daily,Q1_2025,net_change,100775.0,1996694.0,2097469.0,180
Iyanya,TikTok_likes_daily,Q1_2026,net_change,977273.0,3422727.0,4400000.0,90
Iyanya,TikTok_likes_daily,Q2_2025,net_change,260944.0,2098734.0,2359678.0,182
Iyanya,TikTok_likes_daily,Q3_2025,net_change,508274.0,2361291.0,2869565.0,184
Iyanya,TikTok_likes_daily,Q4_2025,net_change,533729.0,2875362.0,3409091.0,184
Iyanya,Twitter_followers_daily,Q1_2025,net_change,245.0,1338275.0,1338520.0,138
Iyanya,Twitter_followers_daily,Q1_2026,net_change,-1150.0,1277372.0,1276222.0,79
Iyanya,Twitter_followers_daily,Q2_2025,net_change,2053.0,1338681.0,1340734.0,142
Iyanya,Twitter_followers_daily,Q3_2025,net_change,-974.0,1341025.0,1340051.0,126
Iyanya,Twitter_followers_daily,Q4_2025,net_change,-62316.0,1339720.0,1277404.0,162
Iyanya,Wikipedia_views_daily,Q1_2025,sum,10756.0,59.0,80.0,180
Iyanya,Wikipedia_views_daily,Q1_2026,sum,5078.0,61.0,51.0,83
Iyanya,Wikipedia_views_daily,Q2_2025,sum,20776.0,93.0,71.0,182
Iyanya,Wikipedia_views_daily,Q3_2025,sum,12058.0,60.0,62.0,184
Iyanya,Wikipedia_views_daily,Q4_2025,sum,12348.0,57.0,62.0,184
Iyanya,YouTube_artist_daily_views,Q1_2025,sum,7927448.0,203611.0,205622.0,49
Iyanya,YouTube_artist_daily_views,Q1_2026,sum,10824237.0,153354.0,173815.0,74
Iyanya,YouTube_artist_daily_views,Q2_2025,sum,7773954.0,167953.0,201768.0,44
Iyanya,YouTube_artist_daily_views,Q3_2025,sum,8810700.0,173208.0,215508.0,45
Iyanya,YouTube_artist_daily_views,Q4_2025,sum,9131041.0,235831.0,201318.0,46
Iyanya,YouTube_artist_monthly_views,Q1_2025,sum,229996493.0,5897233.0,4635418.0,49
Iyanya,YouTube_artist_monthly_views,Q1_2026,sum,166040539.0,4570117.0,4171341.0,40
Iyanya,YouTube_artist_monthly_views,Q2_2025,sum,213791811.0,4727410.0,5220786.0,44
Iyanya,YouTube_artist_monthly_views,Q3_2025,sum,235128207.0,5253397.0,6408778.0,45
Iyanya,YouTube_artist_monthly_views,Q4_2025,sum,265959973.0,6515438.0,4564411.0,46
Iyanya,YouTube_channel_views_daily,Q1_2025,sum,26073018660.0,282815700.0,296052540.0,90
Iyanya,YouTube_channel_views_daily,Q1_2026,sum,31669419350.0,346405820.0,358412200.0,90
Iyanya,YouTube_channel_views_daily,Q2_2025,sum,27585104640.0,296201700.0,310519400.0,91
Iyanya,YouTube_channel_views_daily,Q3_2025,sum,29354559240.0,310807700.0,327952800.0,92
Iyanya,YouTube_channel_views_daily,Q4_2025,sum,31092375610.0,328187300.0,346258020.0,92
Iyanya,YouTube_subscribers_daily,Q1_2025,net_change,16286.0,614714.0,631000.0,180
Iyanya,YouTube_subscribers_daily,Q1_2026,net_change,11143.0,694714.0,705857.0,90
Iyanya,YouTube_subscribers_daily,Q2_2025,net_change,20083.0,631167.0,651250.0,182
Iyanya,YouTube_subscribers_daily,Q3_2025,net_change,23167.0,651500.0,674667.0,184
Iyanya,YouTube_subscribers_daily,Q4_2025,net_change,19571.0,675000.0,694571.0,184
Jesse Jagz,Deezer_fans_daily,Q1_2025,net_change,8.0,5388.0,5396.0,90
Jesse Jagz,Deezer_fans_daily,Q1_2026,net_change,6.0,5431.0,5437.0,90
Jesse Jagz,Deezer_fans_daily,Q2_2025,net_change,6.0,5396.0,5402.0,91
Jesse Jagz,Deezer_fans_daily,Q3_2025,net_change,19.0,5402.0,5421.0,92
Jesse Jagz,Deezer_fans_daily,Q4_2025,net_change,10.0,5421.0,5431.0,92
Jesse Jagz,Facebook_followers_daily,Q1_2025,net_change,-660.0,98313.0,97653.0,34
Jesse Jagz,Facebook_followers_daily,Q2_2025,net_change,-388.0,97649.0,97261.0,14
Jesse Jagz,Facebook_likes_daily,Q1_2025,net_change,-660.0,98313.0,97653.0,34
Jesse Jagz,Facebook_likes_daily,Q2_2025,net_change,-388.0,97649.0,97261.0,14
Jesse Jagz,Facebook_talks_daily,Q1_2025,sum,1868.0,85.0,62.0,34
Jesse Jagz,Facebook_talks_daily,Q2_2025,sum,340.0,73.0,17.0,14
Jesse Jagz,Instagram_followers_daily,Q1_2025,net_change,-3412.0,241553.0,238141.0,87
Jesse Jagz,Instagram_followers_daily,Q1_2026,net_change,-2574.0,239742.0,237168.0,89
Jesse Jagz,Instagram_followers_daily,Q2_2025,net_change,-3710.0,238117.0,234407.0,89
Jesse Jagz,Instagram_followers_daily,Q3_2025,net_change,-1511.0,234379.0,232868.0,60
Jesse Jagz,Instagram_followers_daily,Q4_2025,net_change,6939.0,232833.0,239772.0,81
Jesse Jagz,Soundcloud_followers_daily,Q1_2025,net_change,-4.0,5070.0,5066.0,13
Jesse Jagz,Soundcloud_followers_daily,Q1_2026,net_change,1.0,5061.0,5062.0,90
Jesse Jagz,Soundcloud_followers_daily,Q2_2025,net_change,1.0,5061.0,5062.0,20
Jesse Jagz,Soundcloud_followers_daily,Q3_2025,net_change,-1.0,5062.0,5061.0,19
Jesse Jagz,Soundcloud_followers_daily,Q4_2025,net_change,0.0,5061.0,5061.0,79
Jesse Jagz,Spotify_followers_daily,Q1_2025,net_change,533.0,86875.0,87408.0,90
Jesse Jagz,Spotify_followers_daily,Q1_2026,net_change,1681.0,91267.0,92948.0,90
Jesse Jagz,Spotify_followers_daily,Q2_2025,net_change,470.0,87416.0,87886.0,91
Jesse Jagz,Spotify_followers_daily,Q3_2025,net_change,1375.0,87894.0,89269.0,92
Jesse Jagz,Spotify_followers_daily,Q4_2025,net_change,1961.0,89279.0,91240.0,92
Jesse Jagz,Spotify_monthly_listeners_daily,Q1_2025,net_change,4396.0,47708.0,52104.0,90
Jesse Jagz,Spotify_monthly_listeners_daily,Q1_2026,net_change,-41010.0,110893.0,69883.0,90
Jesse Jagz,Spotify_monthly_listeners_daily,Q2_2025,net_change,7325.0,52233.0,59558.0,91
Jesse Jagz,Spotify_monthly_listeners_daily,Q3_2025,net_change,24064.0,59481.0,83545.0,92
Jesse Jagz,Spotify_monthly_listeners_daily,Q4_2025,net_change,27385.0,82920.0,110305.0,92
Jesse Jagz,Spotify_popularity_daily,Q1_2025,last_value,34.0,34.0,34.0,70
Jesse Jagz,Spotify_popularity_daily,Q1_2026,last_value,33.0,38.0,33.0,70
Jesse Jagz,Spotify_popularity_daily,Q2_2025,last_value,35.0,34.0,35.0,62
Jesse Jagz,Spotify_popularity_daily,Q3_2025,last_value,37.0,35.0,37.0,82
Jesse Jagz,Spotify_popularity_daily,Q4_2025,last_value,38.0,37.0,38.0,80
Jesse Jagz,Twitter_followers_daily,Q1_2025,net_change,-1982.0,705070.0,703088.0,75
Jesse Jagz,Twitter_followers_daily,Q1_2026,net_change,644.0,666992.0,667636.0,79
Jesse Jagz,Twitter_followers_daily,Q2_2025,net_change,-3556.0,703131.0,699575.0,73
Jesse Jagz,Twitter_followers_daily,Q3_2025,net_change,-3535.0,699539.0,696004.0,70
Jesse Jagz,Twitter_followers_daily,Q4_2025,net_change,-28943.0,695971.0,667028.0,89
Jesse Jagz,Wikipedia_views_daily,Q1_2025,sum,2908.0,28.0,25.0,90
Jesse Jagz,Wikipedia_views_daily,Q1_2026,sum,2670.0,39.0,35.0,84
Jesse Jagz,Wikipedia_views_daily,Q2_2025,sum,3314.0,30.0,47.0,91
Jesse Jagz,Wikipedia_views_daily,Q3_2025,sum,3775.0,46.0,35.0,92
Jesse Jagz,Wikipedia_views_daily,Q4_2025,sum,5789.0,31.0,36.0,92
Jesse Jagz,YouTube_channel_views_daily,Q1_2025,sum,270940531.0,3028942.0,3054821.0,90
Jesse Jagz,YouTube_channel_views_daily,Q1_2026,sum,330711320.0,3594286.0,3716580.0,90
Jesse Jagz,YouTube_channel_views_daily,Q2_2025,sum,285002861.0,3055600.0,3208628.0,91
Jesse Jagz,YouTube_channel_views_daily,Q3_2025,sum,302245030.0,3211086.0,3367010.0,92
Jesse Jagz,YouTube_channel_views_daily,Q4_2025,sum,319575188.0,3369074.0,3591702.0,92
Jesse Jagz,YouTube_subscribers_daily,Q1_2025,net_change,406.0,14454.0,14860.0,90
Jesse Jagz,YouTube_subscribers_daily,Q1_2026,net_change,189.0,16311.0,16500.0,90
Jesse Jagz,YouTube_subscribers_daily,Q2_2025,net_change,522.0,14865.0,15387.0,91
Jesse Jagz,YouTube_subscribers_daily,Q3_2025,net_change,435.0,15393.0,15828.0,92
Jesse Jagz,YouTube_subscribers_daily,Q4_2025,net_change,475.0,15832.0,16307.0,92
Joeboy,Bandsintown_followers_daily,Q1_2025,net_change,1419.0,21175.0,22594.0,89
Joeboy,Bandsintown_followers_daily,Q2_2025,net_change,2576.0,22699.0,25275.0,28
Joeboy,Bandsintown_followers_daily,Q3_2025,net_change,2513.0,25391.0,27904.0,27
Joeboy,Bandsintown_followers_daily,Q4_2025,net_change,1396.0,27994.0,29390.0,14
Joeboy,Deezer_fans_daily,Q1_2025,net_change,0.0,14.0,14.0,2
Joeboy,Deezer_fans_daily,Q1_2026,net_change,4.0,30.0,34.0,90
Joeboy,Deezer_fans_daily,Q4_2025,net_change,4.0,26.0,30.0,83
Joeboy,Facebook_followers_daily,Q1_2025,net_change,-2817.0,3859124.0,3856307.0,57
Joeboy,Facebook_followers_daily,Q1_2026,net_change,0.0,3600000.0,3600000.0,11
Joeboy,Facebook_followers_daily,Q2_2025,net_change,-57988.0,3857988.0,3800000.0,22
Joeboy,Facebook_followers_daily,Q3_2025,net_change,-200000.0,3800000.0,3600000.0,41
Joeboy,Facebook_followers_daily,Q4_2025,net_change,0.0,3600000.0,3600000.0,50
Joeboy,Facebook_likes_daily,Q1_2025,net_change,-2817.0,3859124.0,3856307.0,57
Joeboy,Facebook_likes_daily,Q1_2026,net_change,3643038.0,0.0,3643038.0,11
Joeboy,Facebook_likes_daily,Q2_2025,net_change,-18390.0,3857988.0,3839598.0,22
Joeboy,Facebook_likes_daily,Q3_2025,net_change,-3839598.0,3839598.0,0.0,41
Joeboy,Facebook_likes_daily,Q4_2025,net_change,0.0,0.0,0.0,50
Joeboy,Facebook_talks_daily,Q1_2025,sum,1091765.0,19650.0,44006.0,57
Joeboy,Facebook_talks_daily,Q1_2026,sum,222461.0,14335.0,10501.0,11
Joeboy,Facebook_talks_daily,Q2_2025,sum,246263.0,49310.0,5920.0,22
Joeboy,Facebook_talks_daily,Q3_2025,sum,149688.0,5920.0,5388.0,41
Joeboy,Facebook_talks_daily,Q4_2025,sum,1505365.0,5802.0,23893.0,50
Joeboy,Instagram_followers_daily,Q1_2025,net_change,-31200.0,2931929.0,2900729.0,88
Joeboy,Instagram_followers_daily,Q1_2026,net_change,731.0,2806971.0,2807702.0,89
Joeboy,Instagram_followers_daily,Q2_2025,net_change,-41400.0,2900965.0,2859565.0,89
Joeboy,Instagram_followers_daily,Q3_2025,net_change,-38474.0,2859176.0,2820702.0,60
Joeboy,Instagram_followers_daily,Q4_2025,net_change,-13252.0,2820437.0,2807185.0,82
Joeboy,Soundcloud_followers_daily,Q1_2025,net_change,524.0,50418.0,50942.0,85
Joeboy,Soundcloud_followers_daily,Q1_2026,net_change,395.0,52416.0,52811.0,90
Joeboy,Soundcloud_followers_daily,Q2_2025,net_change,602.0,50945.0,51547.0,88
Joeboy,Soundcloud_followers_daily,Q3_2025,net_change,457.0,51551.0,52008.0,85
Joeboy,Soundcloud_followers_daily,Q4_2025,net_change,397.0,52011.0,52408.0,84
Joeboy,Spotify_followers_daily,Q1_2025,net_change,214313.0,2463409.0,2677722.0,90
Joeboy,Spotify_followers_daily,Q1_2026,net_change,221058.0,3460002.0,3681060.0,90
Joeboy,Spotify_followers_daily,Q2_2025,net_change,222258.0,2680603.0,2902861.0,91
Joeboy,Spotify_followers_daily,Q3_2025,net_change,223745.0,2904878.0,3128623.0,92
Joeboy,Spotify_followers_daily,Q4_2025,net_change,324949.0,3131453.0,3456402.0,92
Joeboy,Spotify_monthly_listeners_daily,Q1_2025,net_change,435114.0,3394561.0,3829675.0,90
Joeboy,Spotify_monthly_listeners_daily,Q1_2026,net_change,198657.0,3420274.0,3618931.0,90
Joeboy,Spotify_monthly_listeners_daily,Q2_2025,net_change,-430535.0,3871623.0,3441088.0,91
Joeboy,Spotify_monthly_listeners_daily,Q3_2025,net_change,-28852.0,3448537.0,3419685.0,92
Joeboy,Spotify_monthly_listeners_daily,Q4_2025,net_change,-7543.0,3428755.0,3421212.0,92
Joeboy,Spotify_popularity_daily,Q1_2025,last_value,65.0,64.0,65.0,74
Joeboy,Spotify_popularity_daily,Q1_2026,last_value,63.0,64.0,63.0,76
Joeboy,Spotify_popularity_daily,Q2_2025,last_value,65.0,65.0,65.0,51
Joeboy,Spotify_popularity_daily,Q3_2025,last_value,66.0,65.0,66.0,88
Joeboy,Spotify_popularity_daily,Q4_2025,last_value,64.0,66.0,64.0,74
Joeboy,TikTok_followers_daily,Q1_2025,net_change,43247.0,1996753.0,2040000.0,90
Joeboy,TikTok_followers_daily,Q1_2026,net_change,28155.0,2271845.0,2300000.0,90
Joeboy,TikTok_followers_daily,Q2_2025,net_change,42857.0,2040476.0,2083333.0,91
Joeboy,TikTok_followers_daily,Q3_2025,net_change,91190.0,2083810.0,2175000.0,92
Joeboy,TikTok_followers_daily,Q4_2025,net_change,94558.0,2176316.0,2270874.0,92
Joeboy,TikTok_likes_daily,Q1_2025,net_change,1697402.0,11145455.0,12842857.0,90
Joeboy,TikTok_likes_daily,Q1_2026,net_change,4280000.0,19620000.0,23900000.0,90
Joeboy,TikTok_likes_daily,Q2_2025,net_change,1028571.0,12857143.0,13885714.0,91
Joeboy,TikTok_likes_daily,Q3_2025,net_change,1594643.0,13892857.0,15487500.0,92
Joeboy,TikTok_likes_daily,Q4_2025,net_change,4100000.0,15500000.0,19600000.0,92
Joeboy,Twitter_followers_daily,Q1_2025,net_change,9962.0,1402543.0,1412505.0,75
Joeboy,Twitter_followers_daily,Q1_2026,net_change,-1774.0,1421771.0,1419997.0,80
Joeboy,Twitter_followers_daily,Q2_2025,net_change,11184.0,1412739.0,1423923.0,73
Joeboy,Twitter_followers_daily,Q3_2025,net_change,-717.0,1423884.0,1423167.0,69
Joeboy,Twitter_followers_daily,Q4_2025,net_change,-1535.0,1423385.0,1421850.0,91
Joeboy,Wikipedia_views_daily,Q1_2025,sum,9956.0,77.0,220.0,89
Joeboy,Wikipedia_views_daily,Q1_2026,sum,7584.0,88.0,108.0,82
Joeboy,Wikipedia_views_daily,Q2_2025,sum,11003.0,140.0,101.0,91
Joeboy,Wikipedia_views_daily,Q3_2025,sum,8253.0,85.0,156.0,86
Joeboy,Wikipedia_views_daily,Q4_2025,sum,8735.0,128.0,77.0,89
Joeboy,YouTube_channel_views_daily,Q1_2025,sum,37598477660.0,406959100.0,428905860.0,90
Joeboy,YouTube_channel_views_daily,Q1_2026,sum,48514955230.0,522390820.0,553819500.0,90
Joeboy,YouTube_channel_views_daily,Q2_2025,sum,40348935260.0,429195400.0,460498000.0,91
Joeboy,YouTube_channel_views_daily,Q3_2025,sum,43859232100.0,460883620.0,492253980.0,92
Joeboy,YouTube_channel_views_daily,Q4_2025,sum,46646020200.0,492554000.0,521762460.0,92
Joeboy,YouTube_subscribers_daily,Q1_2025,net_change,34516.0,1395484.0,1430000.0,90
Joeboy,YouTube_subscribers_daily,Q1_2026,net_change,50000.0,1560000.0,1610000.0,90
Joeboy,YouTube_subscribers_daily,Q2_2025,net_change,43333.0,1430667.0,1474000.0,91
Joeboy,YouTube_subscribers_daily,Q3_2025,net_change,39500.0,1474500.0,1514000.0,92
Joeboy,YouTube_subscribers_daily,Q4_2025,net_change,42267.0,1514400.0,1556667.0,92
Johnny Drille,Bandsintown_followers_daily,Q1_2025,net_change,324.0,5197.0,5521.0,90
Johnny Drille,Bandsintown_followers_daily,Q2_2025,net_change,511.0,5521.0,6032.0,31
Johnny Drille,Bandsintown_followers_daily,Q3_2025,net_change,562.0,6069.0,6631.0,31
Johnny Drille,Bandsintown_followers_daily,Q4_2025,net_change,808.0,6640.0,7448.0,16
Johnny Drille,Deezer_fans_daily,Q1_2025,net_change,106.0,8849.0,8955.0,90
Johnny Drille,Deezer_fans_daily,Q1_2026,net_change,139.0,9457.0,9596.0,90
Johnny Drille,Deezer_fans_daily,Q2_2025,net_change,167.0,8955.0,9122.0,87
Johnny Drille,Deezer_fans_daily,Q3_2025,net_change,168.0,9124.0,9292.0,92
Johnny Drille,Deezer_fans_daily,Q4_2025,net_change,164.0,9293.0,9457.0,92
Johnny Drille,Facebook_followers_daily,Q1_2025,net_change,104144.0,2384963.0,2489107.0,56
Johnny Drille,Facebook_followers_daily,Q1_2026,net_change,200000.0,2700000.0,2900000.0,14
Johnny Drille,Facebook_followers_daily,Q2_2025,net_change,54407.0,2492318.0,2546725.0,14
Johnny Drille,Facebook_followers_daily,Q3_2025,net_change,0.0,2600000.0,2600000.0,41
Johnny Drille,Facebook_followers_daily,Q4_2025,net_change,100000.0,2600000.0,2700000.0,52
Johnny Drille,Facebook_likes_daily,Q1_2025,net_change,104144.0,2384963.0,2489107.0,56
Johnny Drille,Facebook_likes_daily,Q1_2026,net_change,2932703.0,0.0,2932703.0,14
Johnny Drille,Facebook_likes_daily,Q2_2025,net_change,54407.0,2492318.0,2546725.0,14
Johnny Drille,Facebook_likes_daily,Q3_2025,net_change,0.0,0.0,0.0,41
Johnny Drille,Facebook_likes_daily,Q4_2025,net_change,0.0,0.0,0.0,52
Johnny Drille,Facebook_talks_daily,Q1_2025,sum,3621807.0,45893.0,11238.0,56
Johnny Drille,Facebook_talks_daily,Q1_2026,sum,2317016.0,93905.0,91812.0,14
Johnny Drille,Facebook_talks_daily,Q2_2025,sum,1406216.0,29496.0,52874.0,14
Johnny Drille,Facebook_talks_daily,Q3_2025,sum,3923128.0,168145.0,87789.0,41
Johnny Drille,Facebook_talks_daily,Q4_2025,sum,6184823.0,75837.0,103809.0,52
Johnny Drille,Instagram_followers_daily,Q1_2025,net_change,-11267.0,1559467.0,1548200.0,89
Johnny Drille,Instagram_followers_daily,Q1_2026,net_change,15021.0,1676444.0,1691465.0,89
Johnny Drille,Instagram_followers_daily,Q2_2025,net_change,41554.0,1548053.0,1589607.0,89
Johnny Drille,Instagram_followers_daily,Q3_2025,net_change,32293.0,1589898.0,1622191.0,59
Johnny Drille,Instagram_followers_daily,Q4_2025,net_change,54179.0,1622126.0,1676305.0,81
Johnny Drille,Soundcloud_followers_daily,Q1_2026,net_change,32.0,4085.0,4117.0,88
Johnny Drille,Soundcloud_followers_daily,Q2_2025,net_change,3.0,4060.0,4063.0,3
Johnny Drille,Soundcloud_followers_daily,Q4_2025,net_change,6.0,4079.0,4085.0,16
Johnny Drille,Spotify_followers_daily,Q1_2025,net_change,63773.0,638990.0,702763.0,90
Johnny Drille,Spotify_followers_daily,Q1_2026,net_change,48809.0,858133.0,906942.0,90
Johnny Drille,Spotify_followers_daily,Q2_2025,net_change,42063.0,703296.0,745359.0,91
Johnny Drille,Spotify_followers_daily,Q3_2025,net_change,50340.0,745789.0,796129.0,92
Johnny Drille,Spotify_followers_daily,Q4_2025,net_change,60868.0,796628.0,857496.0,92
Johnny Drille,Spotify_monthly_listeners_daily,Q1_2025,net_change,-225784.0,784192.0,558408.0,90
Johnny Drille,Spotify_monthly_listeners_daily,Q1_2026,net_change,-83888.0,879429.0,795541.0,90
Johnny Drille,Spotify_monthly_listeners_daily,Q2_2025,net_change,631639.0,557886.0,1189525.0,91
Johnny Drille,Spotify_monthly_listeners_daily,Q3_2025,net_change,-229906.0,1185139.0,955233.0,92
Johnny Drille,Spotify_monthly_listeners_daily,Q4_2025,net_change,-60587.0,943651.0,883064.0,92
Johnny Drille,Spotify_popularity_daily,Q1_2025,last_value,52.0,55.0,52.0,85
Johnny Drille,Spotify_popularity_daily,Q1_2026,last_value,53.0,55.0,53.0,75
Johnny Drille,Spotify_popularity_daily,Q2_2025,last_value,59.0,52.0,59.0,65
Johnny Drille,Spotify_popularity_daily,Q3_2025,last_value,57.0,59.0,57.0,88
Johnny Drille,Spotify_popularity_daily,Q4_2025,last_value,55.0,57.0,55.0,80
Johnny Drille,TikTok_followers_daily,Q1_2025,net_change,106382.0,1422785.0,1529167.0,90
Johnny Drille,TikTok_followers_daily,Q1_2026,net_change,0.0,1800000.0,1800000.0,90
Johnny Drille,TikTok_followers_daily,Q2_2025,net_change,94003.0,1530208.0,1624211.0,91
Johnny Drille,TikTok_followers_daily,Q3_2025,net_change,97726.0,1625263.0,1722989.0,92
Johnny Drille,TikTok_followers_daily,Q4_2025,net_change,75862.0,1724138.0,1800000.0,92
Johnny Drille,TikTok_likes_daily,Q1_2025,net_change,1070000.0,12400000.0,13470000.0,90
Johnny Drille,TikTok_likes_daily,Q1_2026,net_change,2018182.0,20881818.0,22900000.0,90
Johnny Drille,TikTok_likes_daily,Q2_2025,net_change,2250000.0,13475000.0,15725000.0,91
Johnny Drille,TikTok_likes_daily,Q3_2025,net_change,1744318.0,15737500.0,17481818.0,91
Johnny Drille,TikTok_likes_daily,Q4_2025,net_change,3381818.0,17490910.0,20872728.0,92
Johnny Drille,Twitter_followers_daily,Q1_2025,net_change,5636.0,530904.0,536540.0,70
Johnny Drille,Twitter_followers_daily,Q1_2026,net_change,1748.0,553404.0,555152.0,79
Johnny Drille,Twitter_followers_daily,Q2_2025,net_change,9534.0,536751.0,546285.0,71
Johnny Drille,Twitter_followers_daily,Q3_2025,net_change,3272.0,546388.0,549660.0,64
Johnny Drille,Twitter_followers_daily,Q4_2025,net_change,3729.0,549684.0,553413.0,90
Johnny Drille,Wikipedia_views_daily,Q1_2025,sum,7422.0,112.0,61.0,90
Johnny Drille,Wikipedia_views_daily,Q1_2026,sum,9795.0,108.0,84.0,83
Johnny Drille,Wikipedia_views_daily,Q2_2025,sum,11473.0,90.0,107.0,91
Johnny Drille,Wikipedia_views_daily,Q3_2025,sum,9226.0,89.0,62.0,92
Johnny Drille,Wikipedia_views_daily,Q4_2025,sum,11007.0,106.0,97.0,92
Johnny Drille,YouTube_channel_views_daily,Q1_2026,sum,22191554750.0,239811650.0,251652800.0,90
Johnny Drille,YouTube_channel_views_daily,Q2_2025,sum,17264627900.0,178756900.0,199207100.0,91
Johnny Drille,YouTube_channel_views_daily,Q3_2025,sum,19323855820.0,199408130.0,221250640.0,92
Johnny Drille,YouTube_channel_views_daily,Q4_2025,sum,21185645800.0,221434940.0,239610560.0,92
Johnny Drille,YouTube_subscribers_daily,Q1_2026,net_change,22500.0,909250.0,931750.0,90
Johnny Drille,YouTube_subscribers_daily,Q2_2025,net_change,59000.0,761000.0,820000.0,91
Johnny Drille,YouTube_subscribers_daily,Q3_2025,net_change,52762.0,820571.0,873333.0,91
Johnny Drille,YouTube_subscribers_daily,Q4_2025,net_change,35333.0,873667.0,909000.0,92
Khaid,Deezer_fans_daily,Q1_2025,net_change,173.0,3443.0,3616.0,90
Khaid,Deezer_fans_daily,Q1_2026,net_change,185.0,4279.0,4464.0,90
Khaid,Deezer_fans_daily,Q2_2025,net_change,290.0,3618.0,3908.0,86
Khaid,Deezer_fans_daily,Q3_2025,net_change,179.0,3912.0,4091.0,92
Khaid,Deezer_fans_daily,Q4_2025,net_change,184.0,4093.0,4277.0,92
Khaid,Facebook_followers_daily,Q1_2025,net_change,36335.0,697726.0,734061.0,56
Khaid,Facebook_followers_daily,Q1_2026,net_change,24000.0,687000.0,711000.0,31
Khaid,Facebook_followers_daily,Q2_2025,net_change,12605.0,737191.0,749796.0,14
Khaid,Facebook_followers_daily,Q3_2025,net_change,-18000.0,644000.0,626000.0,42
Khaid,Facebook_followers_daily,Q4_2025,net_change,51000.0,638000.0,689000.0,67
Khaid,Facebook_likes_daily,Q1_2025,net_change,36335.0,697726.0,734061.0,56
Khaid,Facebook_likes_daily,Q1_2026,net_change,711911.0,0.0,711911.0,31
Khaid,Facebook_likes_daily,Q2_2025,net_change,12605.0,737191.0,749796.0,14
Khaid,Facebook_likes_daily,Q3_2025,net_change,0.0,0.0,0.0,42
Khaid,Facebook_likes_daily,Q4_2025,net_change,0.0,0.0,0.0,67
Khaid,Facebook_talks_daily,Q1_2025,sum,1991396.0,45012.0,128130.0,56
Khaid,Facebook_talks_daily,Q1_2026,sum,1191478.0,26862.0,62695.0,31
Khaid,Facebook_talks_daily,Q2_2025,sum,801967.0,132138.0,23510.0,14
Khaid,Facebook_talks_daily,Q3_2025,sum,233328.0,1269.0,49405.0,42
Khaid,Facebook_talks_daily,Q4_2025,sum,4787852.0,97376.0,32038.0,67
Khaid,Instagram_followers_daily,Q1_2025,net_change,-26489.0,1005303.0,978814.0,176
Khaid,Instagram_followers_daily,Q1_2026,net_change,-10796.0,927139.0,916343.0,89
Khaid,Instagram_followers_daily,Q2_2025,net_change,-22106.0,979031.0,956925.0,176
Khaid,Instagram_followers_daily,Q3_2025,net_change,-36063.0,956367.0,920304.0,120
Khaid,Instagram_followers_daily,Q4_2025,net_change,6194.0,921270.0,927464.0,162
Khaid,Soundcloud_followers_daily,Q1_2026,net_change,91.0,2932.0,3023.0,89
Khaid,Soundcloud_followers_daily,Q2_2025,net_change,31.0,2590.0,2621.0,16
Khaid,Soundcloud_followers_daily,Q3_2025,net_change,0.0,2665.0,2665.0,2
Khaid,Soundcloud_followers_daily,Q4_2025,net_change,110.0,2821.0,2931.0,98
Khaid,Spotify_followers_daily,Q1_2025,net_change,112919.0,1035427.0,1148346.0,180
Khaid,Spotify_followers_daily,Q1_2026,net_change,50900.0,1330018.0,1380918.0,90
Khaid,Spotify_followers_daily,Q2_2025,net_change,93654.0,1148972.0,1242626.0,182
Khaid,Spotify_followers_daily,Q3_2025,net_change,53055.0,1243350.0,1296405.0,184
Khaid,Spotify_followers_daily,Q4_2025,net_change,33026.0,1296593.0,1329619.0,184
Khaid,Spotify_monthly_listeners_daily,Q1_2025,net_change,-191091.0,1162045.0,970954.0,180
Khaid,Spotify_monthly_listeners_daily,Q1_2026,net_change,-209249.0,2681741.0,2472492.0,90
Khaid,Spotify_monthly_listeners_daily,Q2_2025,net_change,408219.0,975976.0,1384195.0,91
Khaid,Spotify_monthly_listeners_daily,Q3_2025,net_change,1656779.0,1389183.0,3045962.0,92
Khaid,Spotify_monthly_listeners_daily,Q4_2025,net_change,-379910.0,3040612.0,2660702.0,184
Khaid,Spotify_popularity_daily,Q1_2025,last_value,55.0,57.0,55.0,86
Khaid,Spotify_popularity_daily,Q1_2026,last_value,59.0,62.0,59.0,82
Khaid,Spotify_popularity_daily,Q2_2025,last_value,57.0,55.0,57.0,66
Khaid,Spotify_popularity_daily,Q3_2025,last_value,65.0,57.0,65.0,84
Khaid,Spotify_popularity_daily,Q4_2025,last_value,61.0,65.0,61.0,78
Khaid,TikTok_followers_daily,Q1_2025,net_change,24383.0,1304384.0,1328767.0,180
Khaid,TikTok_followers_daily,Q1_2026,net_change,-74194.0,1374194.0,1300000.0,90
Khaid,TikTok_followers_daily,Q2_2025,net_change,24658.0,1329041.0,1353699.0,182
Khaid,TikTok_followers_daily,Q3_2025,net_change,24931.0,1353973.0,1378904.0,184
Khaid,TikTok_followers_daily,Q4_2025,net_change,-3371.0,1379178.0,1375807.0,184
Khaid,TikTok_likes_daily,Q1_2025,net_change,1088890.0,18677776.0,19766666.0,180
Khaid,TikTok_likes_daily,Q1_2026,net_change,600000.0,23400000.0,24000000.0,90
Khaid,TikTok_likes_daily,Q2_2025,net_change,1210528.0,19800000.0,21010528.0,182
Khaid,TikTok_likes_daily,Q3_2025,net_change,465462.0,21015788.0,21481250.0,184
Khaid,TikTok_likes_daily,Q4_2025,net_change,1901388.0,21487500.0,23388888.0,184
Khaid,Twitter_followers_daily,Q1_2025,net_change,-390.0,92727.0,92337.0,146
Khaid,Twitter_followers_daily,Q1_2026,net_change,902.0,94651.0,95553.0,80
Khaid,Twitter_followers_daily,Q2_2025,net_change,606.0,92362.0,92968.0,144
Khaid,Twitter_followers_daily,Q3_2025,net_change,-117.0,92936.0,92819.0,134
Khaid,Twitter_followers_daily,Q4_2025,net_change,1799.0,92822.0,94621.0,180
Khaid,Wikipedia_views_daily,Q1_2025,sum,14986.0,93.0,92.0,180
Khaid,Wikipedia_views_daily,Q1_2026,sum,58.0,58.0,58.0,1
Khaid,Wikipedia_views_daily,Q2_2025,sum,13972.0,81.0,64.0,156
Khaid,Wikipedia_views_daily,Q3_2025,sum,15532.0,76.0,85.0,184
Khaid,Wikipedia_views_daily,Q4_2025,sum,14594.0,81.0,53.0,184
Khaid,YouTube_channel_views_daily,Q1_2025,sum,12235290068.0,128963304.0,142774670.0,90
Khaid,YouTube_channel_views_daily,Q1_2026,sum,21356064310.0,224012080.0,249130960.0,90
Khaid,YouTube_channel_views_daily,Q2_2025,sum,14011707890.0,142898610.0,166663140.0,91
Khaid,YouTube_channel_views_daily,Q3_2025,sum,16713966210.0,167016350.0,195528220.0,92
Khaid,YouTube_channel_views_daily,Q4_2025,sum,19198668250.0,195764540.0,223625420.0,92
Khaid,YouTube_subscribers_daily,Q1_2025,net_change,36000.0,474500.0,510500.0,180
Khaid,YouTube_subscribers_daily,Q1_2026,net_change,36167.0,662500.0,698667.0,90
Khaid,YouTube_subscribers_daily,Q2_2025,net_change,50000.0,511000.0,561000.0,182
Khaid,YouTube_subscribers_daily,Q3_2025,net_change,50900.0,561600.0,612500.0,184
Khaid,YouTube_subscribers_daily,Q4_2025,net_change,49000.0,613000.0,662000.0,184
King Sunny Ade,Bandsintown_followers_daily,Q1_2025,net_change,227.0,8389.0,8616.0,89
King Sunny Ade,Bandsintown_followers_daily,Q2_2025,net_change,-8624.0,8624.0,0.0,30
King Sunny Ade,Bandsintown_followers_daily,Q3_2025,net_change,352.0,8954.0,9306.0,27
King Sunny Ade,Bandsintown_followers_daily,Q4_2025,net_change,183.0,9328.0,9511.0,14
King Sunny Ade,Deezer_fans_daily,Q1_2025,net_change,429.0,10790.0,11219.0,8
King Sunny Ade,Deezer_fans_daily,Q1_2026,net_change,523.0,13102.0,13625.0,9
King Sunny Ade,Deezer_fans_daily,Q2_2025,net_change,320.0,11252.0,11572.0,9
King Sunny Ade,Deezer_fans_daily,Q3_2025,net_change,679.0,11678.0,12357.0,8
King Sunny Ade,Deezer_fans_daily,Q4_2025,net_change,586.0,12418.0,13004.0,9
King Sunny Ade,Soundcloud_followers_daily,Q1_2025,net_change,26.0,1504.0,1530.0,83
King Sunny Ade,Soundcloud_followers_daily,Q1_2026,net_change,43.0,1656.0,1699.0,90
King Sunny Ade,Soundcloud_followers_daily,Q2_2025,net_change,33.0,1530.0,1563.0,63
King Sunny Ade,Soundcloud_followers_daily,Q3_2025,net_change,40.0,1569.0,1609.0,88
King Sunny Ade,Soundcloud_followers_daily,Q4_2025,net_change,46.0,1610.0,1656.0,62
King Sunny Ade,Spotify_followers_daily,Q1_2025,net_change,6277.0,97362.0,103639.0,90
King Sunny Ade,Spotify_followers_daily,Q1_2026,net_change,8403.0,128634.0,137037.0,90
King Sunny Ade,Spotify_followers_daily,Q2_2025,net_change,7741.0,103727.0,111468.0,91
King Sunny Ade,Spotify_followers_daily,Q3_2025,net_change,7921.0,111549.0,119470.0,92
King Sunny Ade,Spotify_followers_daily,Q4_2025,net_change,8961.0,119549.0,128510.0,92
King Sunny Ade,Spotify_monthly_listeners_daily,Q1_2025,net_change,-1397.0,91576.0,90179.0,90
King Sunny Ade,Spotify_monthly_listeners_daily,Q1_2026,net_change,-1353.0,146517.0,145164.0,90
King Sunny Ade,Spotify_monthly_listeners_daily,Q2_2025,net_change,28462.0,90808.0,119270.0,91
King Sunny Ade,Spotify_monthly_listeners_daily,Q3_2025,net_change,6962.0,119301.0,126263.0,92
King Sunny Ade,Spotify_monthly_listeners_daily,Q4_2025,net_change,19146.0,126340.0,145486.0,92
King Sunny Ade,Spotify_popularity_daily,Q1_2025,last_value,42.0,44.0,42.0,74
King Sunny Ade,Spotify_popularity_daily,Q1_2026,last_value,44.0,46.0,44.0,80
King Sunny Ade,Spotify_popularity_daily,Q2_2025,last_value,45.0,43.0,45.0,56
King Sunny Ade,Spotify_popularity_daily,Q3_2025,last_value,46.0,45.0,46.0,35
King Sunny Ade,Spotify_popularity_daily,Q4_2025,last_value,45.0,46.0,45.0,74
King Sunny Ade,Wikipedia_views_daily,Q1_2025,sum,13690.0,132.0,133.0,90
King Sunny Ade,Wikipedia_views_daily,Q1_2026,sum,14891.0,155.0,122.0,84
King Sunny Ade,Wikipedia_views_daily,Q2_2025,sum,23924.0,123.0,165.0,91
King Sunny Ade,Wikipedia_views_daily,Q3_2025,sum,18223.0,156.0,227.0,92
King Sunny Ade,Wikipedia_views_daily,Q4_2025,sum,18308.0,203.0,177.0,92
King Sunny Ade,YouTube_channel_views_daily,Q1_2025,sum,944701836.0,9962305.0,11021417.0,90
King Sunny Ade,YouTube_channel_views_daily,Q1_2026,sum,1259160243.0,13407614.0,14466709.0,90
King Sunny Ade,YouTube_channel_views_daily,Q2_2025,sum,1032238639.0,11036087.0,11684621.0,91
King Sunny Ade,YouTube_channel_views_daily,Q3_2025,sum,1120868572.0,11698341.0,12709405.0,92
King Sunny Ade,YouTube_channel_views_daily,Q4_2025,sum,1172805184.0,12722393.0,13402274.0,92
King Sunny Ade,YouTube_subscribers_daily,Q1_2025,net_change,1480.0,21820.0,23300.0,90
King Sunny Ade,YouTube_subscribers_daily,Q1_2026,net_change,655.0,27145.0,27800.0,90
King Sunny Ade,YouTube_subscribers_daily,Q2_2025,net_change,1472.0,23314.0,24786.0,91
King Sunny Ade,YouTube_subscribers_daily,Q3_2025,net_change,1217.0,24800.0,26017.0,92
King Sunny Ade,YouTube_subscribers_daily,Q4_2025,net_change,1103.0,26033.0,27136.0,92
Kizz Daniel,Bandsintown_followers_daily,Q1_2025,net_change,2034.0,33222.0,35256.0,90
Kizz Daniel,Bandsintown_followers_daily,Q2_2025,net_change,3521.0,35256.0,38777.0,31
Kizz Daniel,Bandsintown_followers_daily,Q3_2025,net_change,3859.0,38979.0,42838.0,31
Kizz Daniel,Bandsintown_followers_daily,Q4_2025,net_change,1901.0,42928.0,44829.0,16
Kizz Daniel,Deezer_fans_daily,Q1_2025,net_change,3071.0,222505.0,225576.0,17
Kizz Daniel,Deezer_fans_daily,Q1_2026,net_change,2546.0,236035.0,238581.0,90
Kizz Daniel,Deezer_fans_daily,Q2_2025,net_change,3457.0,225790.0,229247.0,20
Kizz Daniel,Deezer_fans_daily,Q3_2025,net_change,3753.0,229485.0,233238.0,7
Kizz Daniel,Deezer_fans_daily,Q4_2025,net_change,2491.0,233518.0,236009.0,83
Kizz Daniel,Facebook_followers_daily,Q1_2025,net_change,-90326.0,6758984.0,6668658.0,56
Kizz Daniel,Facebook_followers_daily,Q1_2026,net_change,0.0,6500000.0,6500000.0,15
Kizz Daniel,Facebook_followers_daily,Q2_2025,net_change,75003.0,6668762.0,6743765.0,14
Kizz Daniel,Facebook_followers_daily,Q3_2025,net_change,-200000.0,6700000.0,6500000.0,9
Kizz Daniel,Facebook_followers_daily,Q4_2025,net_change,0.0,6500000.0,6500000.0,8
Kizz Daniel,Facebook_likes_daily,Q1_2025,net_change,-90326.0,6758984.0,6668658.0,56
Kizz Daniel,Facebook_likes_daily,Q1_2026,net_change,6552856.0,0.0,6552856.0,15
Kizz Daniel,Facebook_likes_daily,Q2_2025,net_change,75003.0,6668762.0,6743765.0,14
Kizz Daniel,Facebook_likes_daily,Q3_2025,net_change,-6743765.0,6743765.0,0.0,9
Kizz Daniel,Facebook_likes_daily,Q4_2025,net_change,0.0,0.0,0.0,8
Kizz Daniel,Facebook_talks_daily,Q1_2025,sum,563884.0,12082.0,29238.0,56
Kizz Daniel,Facebook_talks_daily,Q1_2026,sum,457829.0,45991.0,19482.0,15
Kizz Daniel,Facebook_talks_daily,Q2_2025,sum,2210441.0,30024.0,27320.0,14
Kizz Daniel,Facebook_talks_daily,Q3_2025,sum,256209.0,27320.0,37649.0,9
Kizz Daniel,Facebook_talks_daily,Q4_2025,sum,1692751.0,220831.0,127774.0,8
Kizz Daniel,Instagram_followers_daily,Q1_2025,net_change,-187407.0,10875073.0,10687666.0,90
Kizz Daniel,Instagram_followers_daily,Q1_2026,net_change,-86158.0,10871006.0,10784848.0,88
Kizz Daniel,Instagram_followers_daily,Q2_2025,net_change,133602.0,10686856.0,10820458.0,89
Kizz Daniel,Instagram_followers_daily,Q3_2025,net_change,47960.0,10823083.0,10871043.0,60
Kizz Daniel,Instagram_followers_daily,Q4_2025,net_change,923.0,10870279.0,10871202.0,81
Kizz Daniel,Soundcloud_followers_daily,Q1_2025,net_change,964.0,38892.0,39856.0,88
Kizz Daniel,Soundcloud_followers_daily,Q1_2026,net_change,641.0,42450.0,43091.0,90
Kizz Daniel,Soundcloud_followers_daily,Q2_2025,net_change,1033.0,39859.0,40892.0,83
Kizz Daniel,Soundcloud_followers_daily,Q3_2025,net_change,851.0,40901.0,41752.0,92
Kizz Daniel,Soundcloud_followers_daily,Q4_2025,net_change,679.0,41760.0,42439.0,85
Kizz Daniel,Spotify_followers_daily,Q1_2025,net_change,359283.0,3836208.0,4195491.0,90
Kizz Daniel,Spotify_followers_daily,Q1_2026,net_change,292433.0,5193760.0,5486193.0,90
Kizz Daniel,Spotify_followers_daily,Q2_2025,net_change,332558.0,4199188.0,4531746.0,91
Kizz Daniel,Spotify_followers_daily,Q3_2025,net_change,321576.0,4534650.0,4856226.0,92
Kizz Daniel,Spotify_followers_daily,Q4_2025,net_change,330503.0,4859277.0,5189780.0,92
Kizz Daniel,Spotify_monthly_listeners_daily,Q1_2025,net_change,-839666.0,4431836.0,3592170.0,90
Kizz Daniel,Spotify_monthly_listeners_daily,Q1_2026,net_change,-289040.0,4464085.0,4175045.0,90
Kizz Daniel,Spotify_monthly_listeners_daily,Q2_2025,net_change,1315173.0,3604353.0,4919526.0,91
Kizz Daniel,Spotify_monthly_listeners_daily,Q3_2025,net_change,-535267.0,4919939.0,4384672.0,92
Kizz Daniel,Spotify_monthly_listeners_daily,Q4_2025,net_change,76523.0,4379489.0,4456012.0,92
Kizz Daniel,Spotify_popularity_daily,Q1_2025,last_value,67.0,71.0,67.0,63
Kizz Daniel,Spotify_popularity_daily,Q1_2026,last_value,67.0,70.0,67.0,75
Kizz Daniel,Spotify_popularity_daily,Q2_2025,last_value,74.0,68.0,74.0,34
Kizz Daniel,Spotify_popularity_daily,Q3_2025,last_value,72.0,74.0,72.0,85
Kizz Daniel,Spotify_popularity_daily,Q4_2025,last_value,70.0,72.0,70.0,77
Kizz Daniel,TikTok_followers_daily,Q1_2025,net_change,-19167.0,5065000.0,5045833.0,90
Kizz Daniel,TikTok_followers_daily,Q1_2026,net_change,-35617.0,5235617.0,5200000.0,90
Kizz Daniel,TikTok_followers_daily,Q2_2025,net_change,274706.0,5050000.0,5324706.0,91
Kizz Daniel,TikTok_followers_daily,Q3_2025,net_change,-26567.0,5325882.0,5299315.0,92
Kizz Daniel,TikTok_followers_daily,Q4_2025,net_change,-62328.0,5298630.0,5236302.0,92
Kizz Daniel,TikTok_likes_daily,Q1_2025,net_change,246428.0,41003572.0,41250000.0,90
Kizz Daniel,TikTok_likes_daily,Q1_2026,net_change,-104920.0,45604920.0,45500000.0,90
Kizz Daniel,TikTok_likes_daily,Q2_2025,net_change,4823748.0,41256252.0,46080000.0,91
Kizz Daniel,TikTok_likes_daily,Q3_2025,net_change,-466668.0,46100000.0,45633332.0,92
Kizz Daniel,TikTok_likes_daily,Q4_2025,net_change,-28844.0,45637040.0,45608196.0,92
Kizz Daniel,Twitter_followers_daily,Q1_2025,net_change,-2664.0,2507893.0,2505229.0,73
Kizz Daniel,Twitter_followers_daily,Q1_2026,net_change,-12859.0,2522050.0,2509191.0,79
Kizz Daniel,Twitter_followers_daily,Q2_2025,net_change,20167.0,2505362.0,2525529.0,72
Kizz Daniel,Twitter_followers_daily,Q3_2025,net_change,9608.0,2525774.0,2535382.0,67
Kizz Daniel,Twitter_followers_daily,Q4_2025,net_change,-13221.0,2535412.0,2522191.0,90
Kizz Daniel,Wikipedia_views_daily,Q1_2025,sum,25678.0,297.0,328.0,90
Kizz Daniel,Wikipedia_views_daily,Q1_2026,sum,20873.0,692.0,181.0,84
Kizz Daniel,Wikipedia_views_daily,Q2_2025,sum,34763.0,444.0,224.0,91
Kizz Daniel,Wikipedia_views_daily,Q3_2025,sum,21845.0,229.0,182.0,92
Kizz Daniel,Wikipedia_views_daily,Q4_2025,sum,22922.0,194.0,1437.0,92
Kizz Daniel,YouTube_artist_daily_views,Q1_2026,sum,56656573.0,1249260.0,738777.0,75
Kizz Daniel,YouTube_artist_daily_views,Q2_2025,sum,43690683.0,759368.0,909067.0,45
Kizz Daniel,YouTube_artist_daily_views,Q3_2025,sum,41629205.0,936144.0,811573.0,45
Kizz Daniel,YouTube_artist_daily_views,Q4_2025,sum,37092198.0,787640.0,892389.0,45
Kizz Daniel,YouTube_artist_monthly_views,Q1_2026,sum,930873716.0,25449727.0,20445178.0,42
Kizz Daniel,YouTube_artist_monthly_views,Q2_2025,sum,1142706120.0,19204898.0,30498532.0,45
Kizz Daniel,YouTube_artist_monthly_views,Q3_2025,sum,1200519638.0,30402785.0,25014191.0,45
Kizz Daniel,YouTube_artist_monthly_views,Q4_2025,sum,1030627825.0,24680377.0,24390791.0,45
Kizz Daniel,YouTube_channel_views_daily,Q1_2025,sum,117762080800.0,1281048300.0,1331911000.0,90
Kizz Daniel,YouTube_channel_views_daily,Q1_2026,sum,137836351400.0,1507147800.0,1552360800.0,90
Kizz Daniel,YouTube_channel_views_daily,Q2_2025,sum,124219393600.0,1332320800.0,1401686300.0,91
Kizz Daniel,YouTube_channel_views_daily,Q3_2025,sum,130479988100.0,1402482400.0,1447153200.0,91
Kizz Daniel,YouTube_channel_views_daily,Q4_2025,sum,135916637200.0,1447865000.0,1506481200.0,92
Kizz Daniel,YouTube_subscribers_daily,Q1_2025,net_change,69231.0,3270000.0,3339231.0,90
Kizz Daniel,YouTube_subscribers_daily,Q1_2026,net_change,44375.0,3595625.0,3640000.0,90
Kizz Daniel,YouTube_subscribers_daily,Q2_2025,net_change,96667.0,3340000.0,3436667.0,91
Kizz Daniel,YouTube_subscribers_daily,Q3_2025,net_change,93889.0,3437778.0,3531667.0,92
Kizz Daniel,YouTube_subscribers_daily,Q4_2025,net_change,62500.0,3532500.0,3595000.0,92
Korede Bello,Bandsintown_followers_daily,Q1_2025,net_change,306.0,20825.0,21131.0,180
Korede Bello,Bandsintown_followers_daily,Q2_2025,net_change,536.0,21163.0,21699.0,62
Korede Bello,Bandsintown_followers_daily,Q3_2025,net_change,0.0,0.0,0.0,62
Korede Bello,Bandsintown_followers_daily,Q4_2025,net_change,251.0,22362.0,22613.0,32
Korede Bello,Deezer_fans_daily,Q1_2025,net_change,98.0,22842.0,22940.0,90
Korede Bello,Deezer_fans_daily,Q1_2026,net_change,116.0,23266.0,23382.0,90
Korede Bello,Deezer_fans_daily,Q2_2025,net_change,79.0,22941.0,23020.0,90
Korede Bello,Deezer_fans_daily,Q3_2025,net_change,109.0,23022.0,23131.0,92
Korede Bello,Deezer_fans_daily,Q4_2025,net_change,132.0,23132.0,23264.0,92
Korede Bello,Facebook_followers_daily,Q1_2025,net_change,-22977.0,2687486.0,2664509.0,56
Korede Bello,Facebook_followers_daily,Q1_2026,net_change,0.0,2600000.0,2600000.0,10
Korede Bello,Facebook_followers_daily,Q2_2025,net_change,-64123.0,2664123.0,2600000.0,16
Korede Bello,Facebook_followers_daily,Q3_2025,net_change,0.0,2600000.0,2600000.0,5
Korede Bello,Facebook_likes_daily,Q1_2025,net_change,-22977.0,2687486.0,2664509.0,56
Korede Bello,Facebook_likes_daily,Q1_2026,net_change,2680699.0,0.0,2680699.0,10
Korede Bello,Facebook_likes_daily,Q2_2025,net_change,-9911.0,2664123.0,2654212.0,16
Korede Bello,Facebook_likes_daily,Q3_2025,net_change,-2654212.0,2654212.0,0.0,5
Korede Bello,Facebook_talks_daily,Q1_2025,sum,50808.0,524.0,693.0,56
Korede Bello,Facebook_talks_daily,Q1_2026,sum,112473.0,8595.0,3112.0,10
Korede Bello,Facebook_talks_daily,Q2_2025,sum,9106.0,638.0,550.0,16
Korede Bello,Facebook_talks_daily,Q3_2025,sum,136127.0,550.0,23514.0,5
Korede Bello,Instagram_followers_daily,Q1_2025,net_change,-40661.0,5133981.0,5093320.0,180
Korede Bello,Instagram_followers_daily,Q1_2026,net_change,-12867.0,5093460.0,5080593.0,88
Korede Bello,Instagram_followers_daily,Q2_2025,net_change,-22290.0,5093149.0,5070859.0,178
Korede Bello,Instagram_followers_daily,Q3_2025,net_change,23888.0,5070583.0,5094471.0,120
Korede Bello,Instagram_followers_daily,Q4_2025,net_change,-1172.0,5094861.0,5093689.0,164
Korede Bello,Soundcloud_followers_daily,Q1_2026,net_change,15.0,7096.0,7111.0,90
Korede Bello,Soundcloud_followers_daily,Q2_2025,net_change,10.0,7020.0,7030.0,6
Korede Bello,Soundcloud_followers_daily,Q4_2025,net_change,27.0,7069.0,7096.0,102
Korede Bello,Spotify_followers_daily,Q1_2025,net_change,1082.0,695384.0,696466.0,180
Korede Bello,Spotify_followers_daily,Q1_2026,net_change,5151.0,705079.0,710230.0,90
Korede Bello,Spotify_followers_daily,Q2_2025,net_change,3263.0,696457.0,699720.0,182
Korede Bello,Spotify_followers_daily,Q3_2025,net_change,2566.0,699740.0,702306.0,184
Korede Bello,Spotify_followers_daily,Q4_2025,net_change,2709.0,702321.0,705030.0,184
Korede Bello,Spotify_monthly_listeners_daily,Q1_2025,net_change,-95958.0,833344.0,737386.0,180
Korede Bello,Spotify_monthly_listeners_daily,Q1_2026,net_change,66738.0,738682.0,805420.0,90
Korede Bello,Spotify_monthly_listeners_daily,Q2_2025,net_change,-25345.0,737733.0,712388.0,91
Korede Bello,Spotify_monthly_listeners_daily,Q3_2025,net_change,-61153.0,707898.0,646745.0,184
Korede Bello,Spotify_monthly_listeners_daily,Q4_2025,net_change,89815.0,648786.0,738601.0,184
Korede Bello,Spotify_popularity_daily,Q1_2025,last_value,51.0,52.0,51.0,85
Korede Bello,Spotify_popularity_daily,Q1_2026,last_value,50.0,50.0,50.0,76
Korede Bello,Spotify_popularity_daily,Q2_2025,last_value,52.0,51.0,52.0,64
Korede Bello,Spotify_popularity_daily,Q3_2025,last_value,51.0,52.0,51.0,87
Korede Bello,Spotify_popularity_daily,Q4_2025,last_value,50.0,51.0,50.0,80
Korede Bello,TikTok_followers_daily,Q1_2025,net_change,30912.0,2378378.0,2409290.0,180
Korede Bello,TikTok_followers_daily,Q1_2026,net_change,143137.0,2656863.0,2800000.0,90
Korede Bello,TikTok_followers_daily,Q2_2025,net_change,49180.0,2409836.0,2459016.0,182
Korede Bello,TikTok_followers_daily,Q3_2025,net_change,61425.0,2459563.0,2520988.0,184
Korede Bello,TikTok_followers_daily,Q4_2025,net_change,132680.0,2522222.0,2654902.0,184
Korede Bello,TikTok_likes_daily,Q1_2025,net_change,426851.0,11125000.0,11551851.0,180
Korede Bello,TikTok_likes_daily,Q1_2026,net_change,3040000.0,15900000.0,18940000.0,90
Korede Bello,TikTok_likes_daily,Q2_2025,net_change,407189.0,11555556.0,11962745.0,182
Korede Bello,TikTok_likes_daily,Q3_2025,net_change,2497794.0,11964706.0,14462500.0,184
Korede Bello,TikTok_likes_daily,Q4_2025,net_change,1405000.0,14475000.0,15880000.0,184
Korede Bello,Twitter_followers_daily,Q1_2025,net_change,-3178.0,805788.0,802610.0,148
Korede Bello,Twitter_followers_daily,Q1_2026,net_change,-1715.0,787308.0,785593.0,80
Korede Bello,Twitter_followers_daily,Q2_2025,net_change,-2545.0,802694.0,800149.0,146
Korede Bello,Twitter_followers_daily,Q3_2025,net_change,-2938.0,800084.0,797146.0,134
Korede Bello,Twitter_followers_daily,Q4_2025,net_change,-9747.0,797090.0,787343.0,182
Korede Bello,Wikipedia_views_daily,Q1_2025,sum,12192.0,56.0,73.0,180
Korede Bello,Wikipedia_views_daily,Q1_2026,sum,6150.0,47.0,60.0,84
Korede Bello,Wikipedia_views_daily,Q2_2025,sum,11142.0,52.0,59.0,182
Korede Bello,Wikipedia_views_daily,Q3_2025,sum,10110.0,50.0,33.0,184
Korede Bello,Wikipedia_views_daily,Q4_2025,sum,9242.0,35.0,55.0,184
Korede Bello,YouTube_artist_daily_views,Q1_2025,sum,3071123.0,62113.0,51287.0,54
Korede Bello,YouTube_artist_daily_views,Q1_2026,sum,3797465.0,51722.0,56549.0,74
Korede Bello,YouTube_artist_daily_views,Q2_2025,sum,2575817.0,49768.0,53798.0,45
Korede Bello,YouTube_artist_daily_views,Q3_2025,sum,2435705.0,58458.0,50582.0,44
Korede Bello,YouTube_artist_daily_views,Q4_2025,sum,2521574.0,54377.0,65278.0,46
Korede Bello,YouTube_artist_monthly_views,Q1_2025,sum,90697999.0,2132210.0,1463773.0,54
Korede Bello,YouTube_artist_monthly_views,Q1_2026,sum,59829929.0,1534926.0,1457609.0,41
Korede Bello,YouTube_artist_monthly_views,Q2_2025,sum,70022236.0,1471612.0,1662065.0,45
Korede Bello,YouTube_artist_monthly_views,Q3_2025,sum,69245912.0,1672361.0,1508591.0,44
Korede Bello,YouTube_artist_monthly_views,Q4_2025,sum,68972015.0,1506444.0,1540367.0,46
Korede Bello,YouTube_channel_views_daily,Q1_2025,sum,4176236504.0,45708972.0,47007040.0,90
Korede Bello,YouTube_channel_views_daily,Q1_2026,sum,4356195546.0,50271710.0,48118510.0,90
Korede Bello,YouTube_channel_views_daily,Q2_2025,sum,4333861612.0,47017536.0,48148588.0,91
Korede Bello,YouTube_channel_views_daily,Q3_2025,sum,4486446164.0,48163896.0,49309890.0,92
Korede Bello,YouTube_channel_views_daily,Q4_2025,sum,4580046524.0,49322190.0,50260012.0,92
Korede Bello,YouTube_subscribers_daily,Q1_2025,net_change,2134.0,277889.0,280023.0,180
Korede Bello,YouTube_subscribers_daily,Q1_2026,net_change,1036.0,285964.0,287000.0,90
Korede Bello,YouTube_subscribers_daily,Q2_2025,net_change,1975.0,280047.0,282022.0,182
Korede Bello,YouTube_subscribers_daily,Q3_2025,net_change,1957.0,282043.0,284000.0,184
Korede Bello,YouTube_subscribers_daily,Q4_2025,net_change,1920.0,284025.0,285945.0,184
LADIPOE,Deezer_fans_daily,Q1_2025,net_change,192.0,71856.0,72048.0,90
LADIPOE,Deezer_fans_daily,Q1_2026,net_change,270.0,72870.0,73140.0,90
LADIPOE,Deezer_fans_daily,Q2_2025,net_change,277.0,72051.0,72328.0,88
LADIPOE,Deezer_fans_daily,Q3_2025,net_change,250.0,72334.0,72584.0,92
LADIPOE,Deezer_fans_daily,Q4_2025,net_change,283.0,72587.0,72870.0,92
LADIPOE,Facebook_followers_daily,Q1_2025,net_change,-6898.0,385321.0,378423.0,56
LADIPOE,Facebook_followers_daily,Q1_2026,net_change,-3000.0,337000.0,334000.0,10
LADIPOE,Facebook_followers_daily,Q2_2025,net_change,-2569.0,378316.0,375747.0,14
LADIPOE,Facebook_followers_daily,Q3_2025,net_change,0.0,353000.0,353000.0,1
LADIPOE,Facebook_followers_daily,Q4_2025,net_change,-1000.0,346000.0,345000.0,7
LADIPOE,Facebook_likes_daily,Q1_2025,net_change,-6898.0,385321.0,378423.0,56
LADIPOE,Facebook_likes_daily,Q1_2026,net_change,334608.0,0.0,334608.0,10
LADIPOE,Facebook_likes_daily,Q2_2025,net_change,-2569.0,378316.0,375747.0,14
LADIPOE,Facebook_likes_daily,Q3_2025,net_change,0.0,0.0,0.0,1
LADIPOE,Facebook_likes_daily,Q4_2025,net_change,0.0,0.0,0.0,7
LADIPOE,Facebook_talks_daily,Q1_2025,sum,32462.0,556.0,820.0,56
LADIPOE,Facebook_talks_daily,Q1_2026,sum,13238.0,474.0,190.0,10
LADIPOE,Facebook_talks_daily,Q2_2025,sum,4154.0,450.0,268.0,14
LADIPOE,Facebook_talks_daily,Q3_2025,sum,353.0,353.0,353.0,1
LADIPOE,Facebook_talks_daily,Q4_2025,sum,1877.0,351.0,234.0,7
LADIPOE,Instagram_followers_daily,Q1_2025,net_change,-22592.0,789270.0,766678.0,88
LADIPOE,Instagram_followers_daily,Q1_2026,net_change,-10074.0,736228.0,726154.0,89
LADIPOE,Instagram_followers_daily,Q2_2025,net_change,-3116.0,766543.0,763427.0,89
LADIPOE,Instagram_followers_daily,Q3_2025,net_change,-15352.0,763234.0,747882.0,60
LADIPOE,Instagram_followers_daily,Q4_2025,net_change,-11422.0,747829.0,736407.0,81
LADIPOE,Soundcloud_followers_daily,Q1_2026,net_change,32.0,7812.0,7844.0,88
LADIPOE,Soundcloud_followers_daily,Q2_2025,net_change,15.0,7694.0,7709.0,4
LADIPOE,Soundcloud_followers_daily,Q4_2025,net_change,27.0,7784.0,7811.0,45
LADIPOE,Spotify_followers_daily,Q1_2025,net_change,40744.0,883778.0,924522.0,90
LADIPOE,Spotify_followers_daily,Q1_2026,net_change,60722.0,1096976.0,1157698.0,90
LADIPOE,Spotify_followers_daily,Q2_2025,net_change,48564.0,924914.0,973478.0,91
LADIPOE,Spotify_followers_daily,Q3_2025,net_change,49633.0,973906.0,1023539.0,92
LADIPOE,Spotify_followers_daily,Q4_2025,net_change,72007.0,1024067.0,1096074.0,92
LADIPOE,Spotify_monthly_listeners_daily,Q1_2025,net_change,-34337.0,1073394.0,1039057.0,90
LADIPOE,Spotify_monthly_listeners_daily,Q1_2026,net_change,6954.0,1199002.0,1205956.0,90
LADIPOE,Spotify_monthly_listeners_daily,Q2_2025,net_change,-22186.0,1039965.0,1017779.0,91
LADIPOE,Spotify_monthly_listeners_daily,Q3_2025,net_change,-57195.0,1019380.0,962185.0,92
LADIPOE,Spotify_monthly_listeners_daily,Q4_2025,net_change,231748.0,965044.0,1196792.0,92
LADIPOE,Spotify_popularity_daily,Q1_2025,last_value,55.0,57.0,55.0,86
LADIPOE,Spotify_popularity_daily,Q1_2026,last_value,54.0,56.0,54.0,74
LADIPOE,Spotify_popularity_daily,Q2_2025,last_value,57.0,55.0,57.0,66
LADIPOE,Spotify_popularity_daily,Q3_2025,last_value,56.0,57.0,56.0,84
LADIPOE,Spotify_popularity_daily,Q4_2025,last_value,56.0,56.0,56.0,80
LADIPOE,TikTok_followers_daily,Q1_2025,net_change,29850.0,130650.0,160500.0,90
LADIPOE,TikTok_followers_daily,Q1_2026,net_change,1085.0,240515.0,241600.0,90
LADIPOE,TikTok_followers_daily,Q2_2025,net_change,50625.0,162275.0,212900.0,91
LADIPOE,TikTok_followers_daily,Q3_2025,net_change,-2280.0,212800.0,210520.0,92
LADIPOE,TikTok_followers_daily,Q4_2025,net_change,30062.0,210500.0,240562.0,92
LADIPOE,TikTok_likes_daily,Q1_2025,net_change,379300.0,247200.0,626500.0,90
LADIPOE,TikTok_likes_daily,Q1_2026,net_change,-62766.0,2962766.0,2900000.0,90
LADIPOE,TikTok_likes_daily,Q2_2025,net_change,957722.0,646200.0,1603922.0,91
LADIPOE,TikTok_likes_daily,Q3_2025,net_change,452451.0,1605882.0,2058333.0,92
LADIPOE,TikTok_likes_daily,Q4_2025,net_change,899291.0,2066667.0,2965958.0,92
LADIPOE,Twitter_followers_daily,Q1_2025,net_change,2945.0,616168.0,619113.0,74
LADIPOE,Twitter_followers_daily,Q1_2026,net_change,-1156.0,625686.0,624530.0,80
LADIPOE,Twitter_followers_daily,Q2_2025,net_change,5176.0,619261.0,624437.0,73
LADIPOE,Twitter_followers_daily,Q3_2025,net_change,1646.0,624521.0,626167.0,67
LADIPOE,Twitter_followers_daily,Q4_2025,net_change,-515.0,626244.0,625729.0,90
LADIPOE,Wikipedia_views_daily,Q1_2025,sum,3882.0,100.0,35.0,90
LADIPOE,Wikipedia_views_daily,Q1_2026,sum,1393.0,24.0,94.0,34
LADIPOE,Wikipedia_views_daily,Q2_2025,sum,4396.0,30.0,28.0,90
LADIPOE,Wikipedia_views_daily,Q3_2025,sum,3510.0,29.0,42.0,92
LADIPOE,Wikipedia_views_daily,Q4_2025,sum,3165.0,37.0,29.0,92
LADIPOE,YouTube_channel_views_daily,Q1_2025,sum,4118474578.0,44910600.0,46827430.0,90
LADIPOE,YouTube_channel_views_daily,Q1_2026,sum,5014675886.0,54556908.0,56707656.0,90
LADIPOE,YouTube_channel_views_daily,Q2_2025,sum,4390615872.0,46855924.0,49535740.0,91
LADIPOE,YouTube_channel_views_daily,Q3_2025,sum,4665862244.0,49574624.0,51854300.0,92
LADIPOE,YouTube_channel_views_daily,Q4_2025,sum,4923645834.0,51876296.0,54536920.0,92
LADIPOE,YouTube_subscribers_daily,Q1_2025,net_change,3956.0,103244.0,107200.0,90
LADIPOE,YouTube_subscribers_daily,Q1_2026,net_change,2436.0,118564.0,121000.0,90
LADIPOE,YouTube_subscribers_daily,Q2_2025,net_change,5077.0,107267.0,112344.0,91
LADIPOE,YouTube_subscribers_daily,Q3_2025,net_change,2525.0,112375.0,114900.0,92
LADIPOE,YouTube_subscribers_daily,Q4_2025,net_change,3620.0,114925.0,118545.0,92
Lady Donli,Bandsintown_followers_daily,Q1_2025,net_change,177.0,1767.0,1944.0,180
Lady Donli,Bandsintown_followers_daily,Q2_2025,net_change,270.0,1944.0,2214.0,58
Lady Donli,Bandsintown_followers_daily,Q3_2025,net_change,214.0,2216.0,2430.0,54
Lady Donli,Bandsintown_followers_daily,Q4_2025,net_change,-2434.0,2434.0,0.0,26
Lady Donli,Deezer_fans_daily,Q1_2025,net_change,32.0,1326.0,1358.0,85
Lady Donli,Deezer_fans_daily,Q1_2026,net_change,59.0,1523.0,1582.0,90
Lady Donli,Deezer_fans_daily,Q2_2025,net_change,20.0,1358.0,1378.0,87
Lady Donli,Deezer_fans_daily,Q3_2025,net_change,75.0,1378.0,1453.0,91
Lady Donli,Deezer_fans_daily,Q4_2025,net_change,68.0,1453.0,1521.0,92
Lady Donli,Facebook_followers_daily,Q1_2025,net_change,-36.0,5162.0,5126.0,34
Lady Donli,Facebook_followers_daily,Q1_2026,net_change,0.0,4600.0,4600.0,11
Lady Donli,Facebook_followers_daily,Q2_2025,net_change,9.0,5128.0,5137.0,14
Lady Donli,Facebook_followers_daily,Q3_2025,net_change,0.0,4800.0,4800.0,1
Lady Donli,Facebook_likes_daily,Q1_2025,net_change,-36.0,5162.0,5126.0,34
Lady Donli,Facebook_likes_daily,Q1_2026,net_change,4612.0,0.0,4612.0,11
Lady Donli,Facebook_likes_daily,Q2_2025,net_change,9.0,5128.0,5137.0,14
Lady Donli,Facebook_likes_daily,Q3_2025,net_change,0.0,0.0,0.0,1
Lady Donli,Facebook_talks_daily,Q1_2025,sum,378.0,3.0,3.0,34
Lady Donli,Facebook_talks_daily,Q1_2026,sum,21.0,4.0,2.0,11
Lady Donli,Facebook_talks_daily,Q2_2025,sum,135.0,6.0,4.0,14
Lady Donli,Facebook_talks_daily,Q3_2025,sum,2.0,2.0,2.0,1
Lady Donli,Instagram_followers_daily,Q1_2025,net_change,-642.0,43799.0,43157.0,156
Lady Donli,Instagram_followers_daily,Q1_2026,net_change,-321.0,40967.0,40646.0,89
Lady Donli,Instagram_followers_daily,Q2_2025,net_change,-964.0,43170.0,42206.0,178
Lady Donli,Instagram_followers_daily,Q3_2025,net_change,-753.0,42195.0,41442.0,120
Lady Donli,Instagram_followers_daily,Q4_2025,net_change,-461.0,41426.0,40965.0,160
Lady Donli,Soundcloud_followers_daily,Q1_2025,net_change,21.0,5328.0,5349.0,174
Lady Donli,Soundcloud_followers_daily,Q1_2026,net_change,15.0,5401.0,5416.0,90
Lady Donli,Soundcloud_followers_daily,Q2_2025,net_change,15.0,5349.0,5364.0,156
Lady Donli,Soundcloud_followers_daily,Q3_2025,net_change,22.0,5365.0,5387.0,180
Lady Donli,Soundcloud_followers_daily,Q4_2025,net_change,12.0,5387.0,5399.0,160
Lady Donli,Spotify_followers_daily,Q1_2025,net_change,714.0,51744.0,52458.0,180
Lady Donli,Spotify_followers_daily,Q1_2026,net_change,605.0,54277.0,54882.0,90
Lady Donli,Spotify_followers_daily,Q2_2025,net_change,768.0,52469.0,53237.0,182
Lady Donli,Spotify_followers_daily,Q3_2025,net_change,592.0,53239.0,53831.0,184
Lady Donli,Spotify_followers_daily,Q4_2025,net_change,433.0,53835.0,54268.0,184
Lady Donli,Spotify_monthly_listeners_daily,Q1_2025,net_change,32737.0,125554.0,158291.0,180
Lady Donli,Spotify_monthly_listeners_daily,Q1_2026,net_change,74265.0,127581.0,201846.0,90
Lady Donli,Spotify_monthly_listeners_daily,Q2_2025,net_change,4545.0,158239.0,162784.0,182
Lady Donli,Spotify_monthly_listeners_daily,Q3_2025,net_change,-29974.0,161793.0,131819.0,184
Lady Donli,Spotify_monthly_listeners_daily,Q4_2025,net_change,-3583.0,131809.0,128226.0,184
Lady Donli,Spotify_popularity_daily,Q1_2025,last_value,39.0,38.0,39.0,66
Lady Donli,Spotify_popularity_daily,Q1_2026,last_value,37.0,36.0,37.0,74
Lady Donli,Spotify_popularity_daily,Q2_2025,last_value,40.0,39.0,40.0,63
Lady Donli,Spotify_popularity_daily,Q3_2025,last_value,38.0,40.0,38.0,78
Lady Donli,Spotify_popularity_daily,Q4_2025,last_value,36.0,38.0,36.0,76
Lady Donli,TikTok_followers_daily,Q1_2025,net_change,-37.0,7765.0,7728.0,180
Lady Donli,TikTok_followers_daily,Q1_2026,net_change,160.0,7620.0,7780.0,90
Lady Donli,TikTok_followers_daily,Q2_2025,net_change,-24.0,7729.0,7705.0,182
Lady Donli,TikTok_followers_daily,Q3_2025,net_change,-49.0,7704.0,7655.0,184
Lady Donli,TikTok_followers_daily,Q4_2025,net_change,-34.0,7655.0,7621.0,184
Lady Donli,TikTok_likes_daily,Q1_2025,net_change,1680.0,200720.0,202400.0,90
Lady Donli,TikTok_likes_daily,Q1_2026,net_change,6733.0,205317.0,212050.0,90
Lady Donli,TikTok_likes_daily,Q2_2025,net_change,1205.0,202450.0,203655.0,182
Lady Donli,TikTok_likes_daily,Q3_2025,net_change,721.0,203660.0,204381.0,184
Lady Donli,TikTok_likes_daily,Q4_2025,net_change,924.0,204384.0,205308.0,184
Lady Donli,Twitter_followers_daily,Q1_2025,net_change,16.0,72578.0,72594.0,14
Lady Donli,Wikipedia_views_daily,Q1_2025,sum,3048.0,14.0,14.0,180
Lady Donli,Wikipedia_views_daily,Q1_2026,sum,1502.0,13.0,19.0,84
Lady Donli,Wikipedia_views_daily,Q2_2025,sum,3478.0,13.0,13.0,182
Lady Donli,Wikipedia_views_daily,Q3_2025,sum,3756.0,23.0,23.0,184
Lady Donli,Wikipedia_views_daily,Q4_2025,sum,3220.0,20.0,21.0,184
Lady Donli,YouTube_channel_views_daily,Q1_2025,sum,144804840.0,1594340.0,1625868.0,90
Lady Donli,YouTube_channel_views_daily,Q1_2026,sum,158031696.0,1742054.0,1762619.0,90
Lady Donli,YouTube_channel_views_daily,Q2_2025,sum,149915872.0,1626252.0,1671583.0,91
Lady Donli,YouTube_channel_views_daily,Q3_2025,sum,155587531.0,1672051.0,1708262.0,92
Lady Donli,YouTube_channel_views_daily,Q4_2025,sum,158778572.0,1708616.0,1741722.0,92
Lady Donli,YouTube_subscribers_daily,Q1_2025,net_change,82.0,6319.0,6401.0,180
Lady Donli,YouTube_subscribers_daily,Q1_2026,net_change,26.0,6594.0,6620.0,90
Lady Donli,YouTube_subscribers_daily,Q2_2025,net_change,97.0,6403.0,6500.0,182
Lady Donli,YouTube_subscribers_daily,Q3_2025,net_change,70.0,6501.0,6571.0,184
Lady Donli,YouTube_subscribers_daily,Q4_2025,net_change,22.0,6571.0,6593.0,184
Lagbaja,Bandsintown_followers_daily,Q1_2025,net_change,10.0,1593.0,1603.0,90
Lagbaja,Bandsintown_followers_daily,Q2_2025,net_change,4.0,1603.0,1607.0,32
Lagbaja,Bandsintown_followers_daily,Q3_2025,net_change,6.0,1607.0,1613.0,30
Lagbaja,Bandsintown_followers_daily,Q4_2025,net_change,-1613.0,1613.0,0.0,17
Lagbaja,Deezer_fans_daily,Q1_2025,net_change,6.0,2862.0,2868.0,9
Lagbaja,Deezer_fans_daily,Q1_2026,net_change,6.0,2887.0,2893.0,8
Lagbaja,Deezer_fans_daily,Q2_2025,net_change,4.0,2868.0,2872.0,8
Lagbaja,Deezer_fans_daily,Q3_2025,net_change,8.0,2872.0,2880.0,8
Lagbaja,Deezer_fans_daily,Q4_2025,net_change,6.0,2880.0,2886.0,9
Lagbaja,Facebook_followers_daily,Q1_2025,net_change,-7282.0,500917.0,493635.0,55
Lagbaja,Facebook_followers_daily,Q2_2025,net_change,-1826.0,493532.0,491706.0,15
Lagbaja,Facebook_likes_daily,Q1_2025,net_change,-7282.0,500917.0,493635.0,55
Lagbaja,Facebook_likes_daily,Q2_2025,net_change,-1826.0,493532.0,491706.0,15
Lagbaja,Facebook_talks_daily,Q1_2025,sum,3850.0,87.0,73.0,55
Lagbaja,Facebook_talks_daily,Q2_2025,sum,845.0,69.0,67.0,15
Lagbaja,Instagram_followers_daily,Q1_2025,net_change,-1134.0,40966.0,39832.0,23
Lagbaja,Instagram_followers_daily,Q1_2026,net_change,0.0,37556.0,37556.0,1
Lagbaja,Instagram_followers_daily,Q2_2025,net_change,-705.0,39815.0,39110.0,34
Lagbaja,Instagram_followers_daily,Q4_2025,net_change,0.0,38012.0,38012.0,1
Lagbaja,Spotify_followers_daily,Q1_2025,net_change,641.0,30769.0,31410.0,90
Lagbaja,Spotify_followers_daily,Q1_2026,net_change,826.0,33883.0,34709.0,90
Lagbaja,Spotify_followers_daily,Q2_2025,net_change,415.0,31415.0,31830.0,91
Lagbaja,Spotify_followers_daily,Q3_2025,net_change,1181.0,31830.0,33011.0,92
Lagbaja,Spotify_followers_daily,Q4_2025,net_change,854.0,33019.0,33873.0,92
Lagbaja,Spotify_monthly_listeners_daily,Q1_2025,net_change,-14201.0,23209.0,9008.0,90
Lagbaja,Spotify_monthly_listeners_daily,Q1_2026,net_change,1150.0,11753.0,12903.0,90
Lagbaja,Spotify_monthly_listeners_daily,Q2_2025,net_change,1138.0,9049.0,10187.0,91
Lagbaja,Spotify_monthly_listeners_daily,Q3_2025,net_change,2589.0,10187.0,12776.0,92
Lagbaja,Spotify_monthly_listeners_daily,Q4_2025,net_change,-1051.0,12790.0,11739.0,92
Lagbaja,Spotify_popularity_daily,Q1_2025,last_value,15.0,23.0,15.0,22
Lagbaja,Spotify_popularity_daily,Q1_2026,last_value,16.0,16.0,16.0,1
Lagbaja,Spotify_popularity_daily,Q2_2025,last_value,16.0,15.0,16.0,14
Lagbaja,Spotify_popularity_daily,Q3_2025,last_value,18.0,18.0,18.0,3
Lagbaja,Spotify_popularity_daily,Q4_2025,last_value,17.0,14.0,17.0,3
Lagbaja,Wikipedia_views_daily,Q1_2025,sum,6904.0,121.0,83.0,90
Lagbaja,Wikipedia_views_daily,Q1_2026,sum,6564.0,54.0,43.0,83
Lagbaja,Wikipedia_views_daily,Q2_2025,sum,6944.0,83.0,61.0,91
Lagbaja,Wikipedia_views_daily,Q3_2025,sum,6757.0,77.0,64.0,92
Lagbaja,Wikipedia_views_daily,Q4_2025,sum,6216.0,63.0,81.0,92
Lagbaja,YouTube_channel_views_daily,Q1_2025,sum,241362973.0,2654022.0,2710640.0,90
Lagbaja,YouTube_channel_views_daily,Q1_2026,sum,261089219.0,2876088.0,2917430.0,90
Lagbaja,YouTube_channel_views_daily,Q2_2025,sum,249155098.0,2711228.0,2765658.0,91
Lagbaja,YouTube_channel_views_daily,Q3_2025,sum,254264765.0,2766268.0,2820936.0,91
Lagbaja,YouTube_channel_views_daily,Q4_2025,sum,262174293.0,2821484.0,2875865.0,92
Lagbaja,YouTube_subscribers_daily,Q1_2025,net_change,98.0,5691.0,5789.0,90
Lagbaja,YouTube_subscribers_daily,Q1_2026,net_change,43.0,6027.0,6070.0,90
Lagbaja,YouTube_subscribers_daily,Q2_2025,net_change,78.0,5790.0,5868.0,91
Lagbaja,YouTube_subscribers_daily,Q3_2025,net_change,90.0,5869.0,5959.0,92
Lagbaja,YouTube_subscribers_daily,Q4_2025,net_change,66.0,5960.0,6026.0,92
Libianca,Bandsintown_followers_daily,Q1_2025,net_change,1693.0,12514.0,14207.0,176
Libianca,Bandsintown_followers_daily,Q2_2025,net_change,2268.0,14325.0,16593.0,56
Libianca,Bandsintown_followers_daily,Q3_2025,net_change,2807.0,16760.0,19567.0,54
Libianca,Bandsintown_followers_daily,Q4_2025,net_change,1502.0,19798.0,21300.0,26
Libianca,Deezer_fans_daily,Q1_2026,net_change,0.0,7.0,7.0,90
Libianca,Deezer_fans_daily,Q4_2025,net_change,1.0,6.0,7.0,83
Libianca,Facebook_followers_daily,Q1_2025,net_change,-1251.0,126549.0,125298.0,56
Libianca,Facebook_followers_daily,Q1_2026,net_change,12000.0,169000.0,181000.0,39
Libianca,Facebook_followers_daily,Q2_2025,net_change,3081.0,125285.0,128366.0,14
Libianca,Facebook_followers_daily,Q3_2025,net_change,14000.0,142000.0,156000.0,42
Libianca,Facebook_followers_daily,Q4_2025,net_change,9000.0,157000.0,166000.0,54
Libianca,Facebook_likes_daily,Q1_2025,net_change,-1251.0,126549.0,125298.0,56
Libianca,Facebook_likes_daily,Q1_2026,net_change,181836.0,0.0,181836.0,39
Libianca,Facebook_likes_daily,Q2_2025,net_change,3081.0,125285.0,128366.0,14
Libianca,Facebook_likes_daily,Q3_2025,net_change,0.0,0.0,0.0,42
Libianca,Facebook_likes_daily,Q4_2025,net_change,0.0,0.0,0.0,54
Libianca,Facebook_talks_daily,Q1_2025,sum,8873.0,292.0,161.0,56
Libianca,Facebook_talks_daily,Q1_2026,sum,626855.0,10248.0,38753.0,39
Libianca,Facebook_talks_daily,Q2_2025,sum,205911.0,155.0,38761.0,14
Libianca,Facebook_talks_daily,Q3_2025,sum,522169.0,15013.0,12171.0,42
Libianca,Facebook_talks_daily,Q4_2025,sum,885639.0,14545.0,4211.0,54
Libianca,Instagram_followers_daily,Q1_2025,net_change,-12731.0,479687.0,466956.0,180
Libianca,Instagram_followers_daily,Q1_2026,net_change,-5334.0,448700.0,443366.0,89
Libianca,Instagram_followers_daily,Q2_2025,net_change,-9499.0,466849.0,457350.0,178
Libianca,Instagram_followers_daily,Q3_2025,net_change,-7503.0,457272.0,449769.0,120
Libianca,Instagram_followers_daily,Q4_2025,net_change,-942.0,449685.0,448743.0,164
Libianca,Soundcloud_followers_daily,Q1_2025,net_change,0.0,13677.0,13677.0,2
Libianca,Soundcloud_followers_daily,Q1_2026,net_change,331.0,15085.0,15416.0,90
Libianca,Soundcloud_followers_daily,Q2_2025,net_change,97.0,14081.0,14178.0,12
Libianca,Soundcloud_followers_daily,Q4_2025,net_change,334.0,14746.0,15080.0,98
Libianca,Spotify_followers_daily,Q1_2025,net_change,14586.0,523385.0,537971.0,180
Libianca,Spotify_followers_daily,Q1_2026,net_change,15454.0,586821.0,602275.0,90
Libianca,Spotify_followers_daily,Q2_2025,net_change,14849.0,538139.0,552988.0,182
Libianca,Spotify_followers_daily,Q3_2025,net_change,14996.0,553152.0,568148.0,184
Libianca,Spotify_followers_daily,Q4_2025,net_change,18281.0,568319.0,586600.0,184
Libianca,Spotify_monthly_listeners_daily,Q1_2025,net_change,-1375760.0,7642769.0,6267009.0,180
Libianca,Spotify_monthly_listeners_daily,Q1_2026,net_change,-300295.0,5059953.0,4759658.0,90
Libianca,Spotify_monthly_listeners_daily,Q2_2025,net_change,360074.0,6286718.0,6646792.0,91
Libianca,Spotify_monthly_listeners_daily,Q3_2025,net_change,-1280594.0,6709800.0,5429206.0,184
Libianca,Spotify_monthly_listeners_daily,Q4_2025,net_change,-367045.0,5425099.0,5058054.0,92
Libianca,Spotify_popularity_daily,Q1_2025,last_value,64.0,66.0,64.0,85
Libianca,Spotify_popularity_daily,Q1_2026,last_value,61.0,63.0,61.0,78
Libianca,Spotify_popularity_daily,Q2_2025,last_value,65.0,64.0,65.0,61
Libianca,Spotify_popularity_daily,Q3_2025,last_value,65.0,66.0,65.0,85
Libianca,Spotify_popularity_daily,Q4_2025,last_value,63.0,65.0,63.0,79
Libianca,TikTok_followers_daily,Q1_2025,net_change,-8900.0,970300.0,961400.0,180
Libianca,TikTok_followers_daily,Q1_2026,net_change,0.0,1000000.0,1000000.0,90
Libianca,TikTok_followers_daily,Q2_2025,net_change,16300.0,961300.0,977600.0,182
Libianca,TikTok_followers_daily,Q3_2025,net_change,87448.0,981100.0,1068548.0,184
Libianca,TikTok_followers_daily,Q4_2025,net_change,-69355.0,1069355.0,1000000.0,178
Libianca,TikTok_likes_daily,Q1_2025,net_change,56153.0,2795146.0,2851299.0,180
Libianca,TikTok_likes_daily,Q1_2026,net_change,245454.0,4454546.0,4700000.0,90
Libianca,TikTok_likes_daily,Q2_2025,net_change,248052.0,2851948.0,3100000.0,182
Libianca,TikTok_likes_daily,Q3_2025,net_change,1013158.0,3150000.0,4163158.0,184
Libianca,TikTok_likes_daily,Q4_2025,net_change,286742.0,4166667.0,4453409.0,184
Libianca,Twitter_followers_daily,Q1_2025,net_change,-197.0,15477.0,15280.0,148
Libianca,Twitter_followers_daily,Q1_2026,net_change,-54.0,15000.0,14946.0,79
Libianca,Twitter_followers_daily,Q2_2025,net_change,-90.0,15280.0,15190.0,146
Libianca,Twitter_followers_daily,Q3_2025,net_change,-91.0,15182.0,15091.0,134
Libianca,Twitter_followers_daily,Q4_2025,net_change,-86.0,15090.0,15004.0,176
Libianca,Wikipedia_views_daily,Q1_2025,sum,19922.0,136.0,134.0,180
Libianca,Wikipedia_views_daily,Q1_2026,sum,6554.0,75.0,81.0,84
Libianca,Wikipedia_views_daily,Q2_2025,sum,18786.0,104.0,104.0,182
Libianca,Wikipedia_views_daily,Q3_2025,sum,17096.0,100.0,90.0,184
Libianca,Wikipedia_views_daily,Q4_2025,sum,15362.0,94.0,72.0,184
Libianca,YouTube_artist_daily_views,Q1_2025,sum,49375783.0,609224.0,674706.0,74
Libianca,YouTube_artist_daily_views,Q1_2026,sum,42102668.0,530913.0,572980.0,75
Libianca,YouTube_artist_daily_views,Q2_2025,sum,29442627.0,615189.0,611506.0,45
Libianca,YouTube_artist_daily_views,Q3_2025,sum,26074218.0,598150.0,560147.0,45
Libianca,YouTube_artist_daily_views,Q4_2025,sum,24449288.0,567234.0,569430.0,45
Libianca,YouTube_artist_monthly_views,Q1_2025,sum,1387180719.0,18789534.0,17413147.0,74
Libianca,YouTube_artist_monthly_views,Q1_2026,sum,668809990.0,15769356.0,15307630.0,42
Libianca,YouTube_artist_monthly_views,Q2_2025,sum,822742009.0,17466253.0,17865737.0,45
Libianca,YouTube_artist_monthly_views,Q3_2025,sum,744198171.0,17802694.0,15407513.0,45
Libianca,YouTube_artist_monthly_views,Q4_2025,sum,674817151.0,15419266.0,15723893.0,45
Libianca,YouTube_channel_views_daily,Q1_2025,sum,53357928140.0,572003900.0,613535600.0,90
Libianca,YouTube_channel_views_daily,Q1_2026,sum,67288628670.0,729599740.0,765558460.0,90
Libianca,YouTube_channel_views_daily,Q2_2025,sum,57802011370.0,614099140.0,656908200.0,91
Libianca,YouTube_channel_views_daily,Q3_2025,sum,62217402690.0,657421900.0,695052700.0,92
Libianca,YouTube_channel_views_daily,Q4_2025,sum,65500836830.0,695425900.0,729259400.0,92
Libianca,YouTube_subscribers_daily,Q1_2025,net_change,37307.0,1122308.0,1159615.0,180
Libianca,YouTube_subscribers_daily,Q1_2026,net_change,19444.0,1260556.0,1280000.0,90
Libianca,YouTube_subscribers_daily,Q2_2025,net_change,33462.0,1160000.0,1193462.0,182
Libianca,YouTube_subscribers_daily,Q3_2025,net_change,36868.0,1193846.0,1230714.0,184
Libianca,YouTube_subscribers_daily,Q4_2025,net_change,29206.0,1231072.0,1260278.0,184
Lil Kesh,Bandsintown_followers_daily,Q1_2025,net_change,217.0,7864.0,8081.0,88
Lil Kesh,Bandsintown_followers_daily,Q2_2025,net_change,336.0,8089.0,8425.0,28
Lil Kesh,Bandsintown_followers_daily,Q3_2025,net_change,351.0,8444.0,8795.0,27
Lil Kesh,Bandsintown_followers_daily,Q4_2025,net_change,-8804.0,8804.0,0.0,13
Lil Kesh,Deezer_fans_daily,Q1_2025,net_change,0.0,2963.0,2963.0,90
Lil Kesh,Deezer_fans_daily,Q1_2026,net_change,-1.0,2963.0,2962.0,90
Lil Kesh,Deezer_fans_daily,Q2_2025,net_change,0.0,2963.0,2963.0,90
Lil Kesh,Deezer_fans_daily,Q3_2025,net_change,0.0,2963.0,2963.0,92
Lil Kesh,Deezer_fans_daily,Q4_2025,net_change,0.0,2963.0,2963.0,92
Lil Kesh,Facebook_followers_daily,Q1_2025,net_change,-1011.0,97308.0,96297.0,56
Lil Kesh,Facebook_followers_daily,Q2_2025,net_change,-486.0,96264.0,95778.0,14
Lil Kesh,Facebook_likes_daily,Q1_2025,net_change,-1011.0,97308.0,96297.0,56
Lil Kesh,Facebook_likes_daily,Q2_2025,net_change,-486.0,96264.0,95778.0,14
Lil Kesh,Facebook_talks_daily,Q1_2025,sum,760.0,14.0,10.0,56
Lil Kesh,Facebook_talks_daily,Q2_2025,sum,150.0,11.0,13.0,14
Lil Kesh,Instagram_followers_daily,Q1_2025,net_change,-57193.0,3792214.0,3735021.0,90
Lil Kesh,Instagram_followers_daily,Q1_2026,net_change,-19820.0,3642339.0,3622519.0,88
Lil Kesh,Instagram_followers_daily,Q2_2025,net_change,-21321.0,3734597.0,3713276.0,89
Lil Kesh,Instagram_followers_daily,Q3_2025,net_change,-53723.0,3712750.0,3659027.0,60
Lil Kesh,Instagram_followers_daily,Q4_2025,net_change,-15558.0,3658319.0,3642761.0,82
Lil Kesh,Spotify_followers_daily,Q1_2025,net_change,45085.0,715702.0,760787.0,90
Lil Kesh,Spotify_followers_daily,Q1_2026,net_change,31485.0,907241.0,938726.0,90
Lil Kesh,Spotify_followers_daily,Q2_2025,net_change,61438.0,761188.0,822626.0,91
Lil Kesh,Spotify_followers_daily,Q3_2025,net_change,43186.0,823143.0,866329.0,92
Lil Kesh,Spotify_followers_daily,Q4_2025,net_change,39935.0,866740.0,906675.0,92
Lil Kesh,Spotify_monthly_listeners_daily,Q1_2025,net_change,-242932.0,948066.0,705134.0,90
Lil Kesh,Spotify_monthly_listeners_daily,Q1_2026,net_change,5261.0,973156.0,978417.0,90
Lil Kesh,Spotify_monthly_listeners_daily,Q2_2025,net_change,146061.0,709346.0,855407.0,91
Lil Kesh,Spotify_monthly_listeners_daily,Q3_2025,net_change,-56084.0,849917.0,793833.0,92
Lil Kesh,Spotify_monthly_listeners_daily,Q4_2025,net_change,184306.0,790920.0,975226.0,92
Lil Kesh,Spotify_popularity_daily,Q1_2025,last_value,53.0,56.0,53.0,86
Lil Kesh,Spotify_popularity_daily,Q1_2026,last_value,54.0,56.0,54.0,72
Lil Kesh,Spotify_popularity_daily,Q2_2025,last_value,56.0,53.0,56.0,65
Lil Kesh,Spotify_popularity_daily,Q3_2025,last_value,55.0,56.0,55.0,86
Lil Kesh,Spotify_popularity_daily,Q4_2025,last_value,56.0,55.0,56.0,79
Lil Kesh,Twitter_followers_daily,Q1_2025,net_change,8396.0,1665760.0,1674156.0,75
Lil Kesh,Twitter_followers_daily,Q1_2026,net_change,-268.0,1683003.0,1682735.0,80
Lil Kesh,Twitter_followers_daily,Q2_2025,net_change,11108.0,1674456.0,1685564.0,73
Lil Kesh,Twitter_followers_daily,Q3_2025,net_change,3226.0,1685590.0,1688816.0,69
Lil Kesh,Twitter_followers_daily,Q4_2025,net_change,-5734.0,1688766.0,1683032.0,91
Lil Kesh,Wikipedia_views_daily,Q1_2025,sum,5357.0,69.0,83.0,90
Lil Kesh,Wikipedia_views_daily,Q1_2026,sum,4132.0,29.0,35.0,83
Lil Kesh,Wikipedia_views_daily,Q2_2025,sum,11335.0,52.0,47.0,91
Lil Kesh,Wikipedia_views_daily,Q3_2025,sum,6108.0,48.0,41.0,92
Lil Kesh,Wikipedia_views_daily,Q4_2025,sum,5395.0,30.0,50.0,92
Lil Kesh,YouTube_artist_daily_views,Q1_2025,sum,4845542.0,94507.0,75615.0,60
Lil Kesh,YouTube_artist_daily_views,Q1_2026,sum,4197730.0,87532.0,70351.0,74
Lil Kesh,YouTube_artist_daily_views,Q2_2025,sum,3698558.0,76564.0,69484.0,45
Lil Kesh,YouTube_artist_daily_views,Q3_2025,sum,3165515.0,73481.0,65795.0,44
Lil Kesh,YouTube_artist_daily_views,Q4_2025,sum,3678531.0,70978.0,106798.0,46
Lil Kesh,YouTube_artist_monthly_views,Q1_2025,sum,137902270.0,2525181.0,1959435.0,60
Lil Kesh,YouTube_artist_monthly_views,Q1_2026,sum,69905172.0,2495807.0,1943359.0,40
Lil Kesh,YouTube_artist_monthly_views,Q2_2025,sum,103271902.0,1991323.0,1987344.0,45
Lil Kesh,YouTube_artist_monthly_views,Q3_2025,sum,89545357.0,2011687.0,1824209.0,44
Lil Kesh,YouTube_artist_monthly_views,Q4_2025,sum,97235557.0,1836206.0,2485472.0,46
Lil Kesh,YouTube_channel_views_daily,Q1_2025,sum,4446228744.0,49123004.0,49693244.0,90
Lil Kesh,YouTube_channel_views_daily,Q1_2026,sum,4663528316.0,51506704.0,52134224.0,90
Lil Kesh,YouTube_channel_views_daily,Q2_2025,sum,4549346164.0,49699740.0,50276370.0,91
Lil Kesh,YouTube_channel_views_daily,Q3_2025,sum,4651470770.0,50283656.0,50831644.0,92
Lil Kesh,YouTube_channel_views_daily,Q4_2025,sum,4706259790.0,50838548.0,51500292.0,92
Lil Kesh,YouTube_subscribers_daily,Q1_2025,net_change,-159.0,88228.0,88069.0,90
Lil Kesh,YouTube_subscribers_daily,Q1_2026,net_change,-60.0,87660.0,87600.0,90
Lil Kesh,YouTube_subscribers_daily,Q2_2025,net_change,-141.0,88067.0,87926.0,91
Lil Kesh,YouTube_subscribers_daily,Q3_2025,net_change,-121.0,87924.0,87803.0,92
Lil Kesh,YouTube_subscribers_daily,Q4_2025,net_change,-139.0,87801.0,87662.0,92
Lojay,Deezer_fans_daily,Q1_2025,net_change,2160.0,45616.0,47776.0,90
Lojay,Deezer_fans_daily,Q1_2026,net_change,617.0,50010.0,50627.0,90
Lojay,Deezer_fans_daily,Q2_2025,net_change,747.0,47781.0,48528.0,90
Lojay,Deezer_fans_daily,Q3_2025,net_change,689.0,48539.0,49228.0,92
Lojay,Deezer_fans_daily,Q4_2025,net_change,775.0,49233.0,50008.0,92
Lojay,Instagram_followers_daily,Q1_2025,net_change,-4657.0,404129.0,399472.0,89
Lojay,Instagram_followers_daily,Q1_2026,net_change,-3404.0,389852.0,386448.0,88
Lojay,Instagram_followers_daily,Q2_2025,net_change,-7516.0,399394.0,391878.0,89
Lojay,Instagram_followers_daily,Q3_2025,net_change,-2271.0,391790.0,389519.0,60
Lojay,Instagram_followers_daily,Q4_2025,net_change,437.0,389482.0,389919.0,80
Lojay,Soundcloud_followers_daily,Q1_2026,net_change,303.0,12249.0,12552.0,90
Lojay,Soundcloud_followers_daily,Q2_2025,net_change,65.0,11408.0,11473.0,3
Lojay,Soundcloud_followers_daily,Q4_2025,net_change,259.0,11986.0,12245.0,17
Lojay,Spotify_followers_daily,Q1_2025,net_change,77141.0,573411.0,650552.0,90
Lojay,Spotify_followers_daily,Q1_2026,net_change,89238.0,912716.0,1001954.0,90
Lojay,Spotify_followers_daily,Q2_2025,net_change,82661.0,651416.0,734077.0,91
Lojay,Spotify_followers_daily,Q3_2025,net_change,72163.0,734922.0,807085.0,92
Lojay,Spotify_followers_daily,Q4_2025,net_change,103322.0,807983.0,911305.0,92
Lojay,Spotify_monthly_listeners_daily,Q1_2025,net_change,-576228.0,4580938.0,4004710.0,90
Lojay,Spotify_monthly_listeners_daily,Q1_2026,net_change,-655267.0,4367688.0,3712421.0,90
Lojay,Spotify_monthly_listeners_daily,Q2_2025,net_change,529488.0,4007517.0,4537005.0,91
Lojay,Spotify_monthly_listeners_daily,Q3_2025,net_change,-62017.0,4531635.0,4469618.0,92
Lojay,Spotify_monthly_listeners_daily,Q4_2025,net_change,-108278.0,4476693.0,4368415.0,92
Lojay,Spotify_popularity_daily,Q1_2025,last_value,63.0,65.0,63.0,84
Lojay,Spotify_popularity_daily,Q1_2026,last_value,60.0,63.0,60.0,63
Lojay,Spotify_popularity_daily,Q2_2025,last_value,65.0,63.0,65.0,63
Lojay,Spotify_popularity_daily,Q3_2025,last_value,65.0,65.0,65.0,86
Lojay,Spotify_popularity_daily,Q4_2025,last_value,63.0,65.0,63.0,78
Lojay,TikTok_followers_daily,Q1_2025,net_change,4220.0,164780.0,169000.0,90
Lojay,TikTok_followers_daily,Q1_2026,net_change,-507.0,187330.0,186823.0,90
Lojay,TikTok_followers_daily,Q2_2025,net_change,8475.0,169025.0,177500.0,91
Lojay,TikTok_followers_daily,Q3_2025,net_change,5829.0,177550.0,183379.0,92
Lojay,TikTok_followers_daily,Q4_2025,net_change,3949.0,183386.0,187335.0,92
Lojay,TikTok_likes_daily,Q1_2025,net_change,243194.0,1528235.0,1771429.0,90
Lojay,TikTok_likes_daily,Q1_2026,net_change,0.0,2900000.0,2900000.0,90
Lojay,TikTok_likes_daily,Q2_2025,net_change,650714.0,1774286.0,2425000.0,91
Lojay,TikTok_likes_daily,Q3_2025,net_change,279994.0,2426786.0,2706780.0,92
Lojay,TikTok_likes_daily,Q4_2025,net_change,188135.0,2711865.0,2900000.0,89
Lojay,YouTube_channel_views_daily,Q1_2025,sum,22198762830.0,238119280.0,255565010.0,90
Lojay,YouTube_channel_views_daily,Q1_2026,sum,28760739340.0,312501020.0,325522180.0,90
Lojay,YouTube_channel_views_daily,Q2_2025,sum,24194368590.0,255858580.0,275856480.0,91
Lojay,YouTube_channel_views_daily,Q3_2025,sum,26262140300.0,276018700.0,294226050.0,92
Lojay,YouTube_channel_views_daily,Q4_2025,sum,28017762620.0,294395650.0,312347330.0,92
Lojay,YouTube_subscribers_daily,Q1_2025,net_change,14800.0,338200.0,353000.0,90
Lojay,YouTube_subscribers_daily,Q1_2026,net_change,6355.0,391583.0,397938.0,90
Lojay,YouTube_subscribers_daily,Q2_2025,net_change,14166.0,353167.0,367333.0,91
Lojay,YouTube_subscribers_daily,Q3_2025,net_change,13000.0,367444.0,380444.0,92
Lojay,YouTube_subscribers_daily,Q4_2025,net_change,10944.0,380556.0,391500.0,92
Lyta,Instagram_followers_daily,Q1_2025,net_change,-68262.0,2058716.0,1990454.0,176
Lyta,Instagram_followers_daily,Q1_2026,net_change,-5515.0,1880735.0,1875220.0,88
Lyta,Instagram_followers_daily,Q2_2025,net_change,-56135.0,1990237.0,1934102.0,178
Lyta,Instagram_followers_daily,Q3_2025,net_change,-36469.0,1933976.0,1897507.0,120
Lyta,Instagram_followers_daily,Q4_2025,net_change,-16242.0,1896976.0,1880734.0,162
Lyta,Soundcloud_followers_daily,Q1_2025,net_change,0.0,4535.0,4535.0,2
Lyta,Soundcloud_followers_daily,Q1_2026,net_change,6.0,4585.0,4591.0,88
Lyta,Soundcloud_followers_daily,Q2_2025,net_change,0.0,4551.0,4551.0,6
Lyta,Soundcloud_followers_daily,Q4_2025,net_change,11.0,4574.0,4585.0,76
Lyta,Spotify_followers_daily,Q1_2025,net_change,13434.0,347154.0,360588.0,180
Lyta,Spotify_followers_daily,Q1_2026,net_change,25608.0,408961.0,434569.0,90
Lyta,Spotify_followers_daily,Q2_2025,net_change,13639.0,360718.0,374357.0,182
Lyta,Spotify_followers_daily,Q3_2025,net_change,13499.0,374465.0,387964.0,184
Lyta,Spotify_followers_daily,Q4_2025,net_change,20566.0,388165.0,408731.0,184
Lyta,Spotify_monthly_listeners_daily,Q1_2025,net_change,23232.0,251526.0,274758.0,180
Lyta,Spotify_monthly_listeners_daily,Q1_2026,net_change,102914.0,415115.0,518029.0,90
Lyta,Spotify_monthly_listeners_daily,Q2_2025,net_change,67716.0,275663.0,343379.0,182
Lyta,Spotify_monthly_listeners_daily,Q3_2025,net_change,20774.0,343749.0,364523.0,184
Lyta,Spotify_monthly_listeners_daily,Q4_2025,net_change,51063.0,364042.0,415105.0,92
Lyta,Spotify_popularity_daily,Q1_2025,last_value,43.0,44.0,43.0,85
Lyta,Spotify_popularity_daily,Q1_2026,last_value,47.0,47.0,47.0,61
Lyta,Spotify_popularity_daily,Q2_2025,last_value,45.0,43.0,45.0,63
Lyta,Spotify_popularity_daily,Q3_2025,last_value,46.0,45.0,46.0,75
Lyta,Spotify_popularity_daily,Q4_2025,last_value,46.0,46.0,46.0,78
Lyta,TikTok_followers_daily,Q1_2025,net_change,25.0,194275.0,194300.0,180
Lyta,TikTok_followers_daily,Q1_2026,net_change,35618.0,230582.0,266200.0,90
Lyta,TikTok_followers_daily,Q2_2025,net_change,16683.0,194950.0,211633.0,182
Lyta,TikTok_followers_daily,Q3_2025,net_change,8714.0,211617.0,220331.0,184
Lyta,TikTok_followers_daily,Q4_2025,net_change,9919.0,220436.0,230355.0,184
Lyta,TikTok_likes_daily,Q1_2025,net_change,148110.0,1518557.0,1666667.0,180
Lyta,TikTok_likes_daily,Q1_2026,net_change,1053333.0,2846667.0,3900000.0,90
Lyta,TikTok_likes_daily,Q2_2025,net_change,381117.0,1673333.0,2054450.0,182
Lyta,TikTok_likes_daily,Q3_2025,net_change,381152.0,2058639.0,2439791.0,184
Lyta,TikTok_likes_daily,Q4_2025,net_change,396021.0,2443979.0,2840000.0,184
Lyta,Twitter_followers_daily,Q1_2025,net_change,-1018.0,156711.0,155693.0,146
Lyta,Twitter_followers_daily,Q1_2026,net_change,-626.0,153135.0,152509.0,79
Lyta,Twitter_followers_daily,Q2_2025,net_change,-682.0,155722.0,155040.0,144
Lyta,Twitter_followers_daily,Q3_2025,net_change,-897.0,155013.0,154116.0,134
Lyta,Twitter_followers_daily,Q4_2025,net_change,-948.0,154103.0,153155.0,180
Lyta,YouTube_channel_views_daily,Q1_2025,sum,1071645661.0,11831687.0,11989330.0,90
Lyta,YouTube_channel_views_daily,Q1_2026,sum,1139967295.0,12560034.0,12742538.0,90
Lyta,YouTube_channel_views_daily,Q2_2025,sum,1099204813.0,11991329.0,12167053.0,91
Lyta,YouTube_channel_views_daily,Q3_2025,sum,1128209386.0,12169408.0,12365389.0,92
Lyta,YouTube_channel_views_daily,Q4_2025,sum,1146696368.0,12367390.0,12559000.0,92
Lyta,YouTube_subscribers_daily,Q1_2025,net_change,474.0,90988.0,91462.0,180
Lyta,YouTube_subscribers_daily,Q1_2026,net_change,347.0,93453.0,93800.0,90
Lyta,YouTube_subscribers_daily,Q2_2025,net_change,658.0,91469.0,92127.0,182
Lyta,YouTube_subscribers_daily,Q3_2025,net_change,724.0,92133.0,92857.0,184
Lyta,YouTube_subscribers_daily,Q4_2025,net_change,576.0,92871.0,93447.0,184
M.I. Abaga,Deezer_fans_daily,Q1_2025,net_change,0.0,2098.0,2098.0,5
M.I. Abaga,Deezer_fans_daily,Q1_2026,net_change,0.0,2099.0,2099.0,90
M.I. Abaga,Deezer_fans_daily,Q2_2025,net_change,0.0,2098.0,2098.0,8
M.I. Abaga,Deezer_fans_daily,Q3_2025,net_change,1.0,2098.0,2099.0,10
M.I. Abaga,Deezer_fans_daily,Q4_2025,net_change,0.0,2099.0,2099.0,83
M.I. Abaga,Facebook_followers_daily,Q1_2025,net_change,1481.0,843004.0,844485.0,56
M.I. Abaga,Facebook_followers_daily,Q1_2026,net_change,-11000.0,826000.0,815000.0,12
M.I. Abaga,Facebook_followers_daily,Q2_2025,net_change,-773.0,844845.0,844072.0,14
M.I. Abaga,Facebook_followers_daily,Q3_2025,net_change,0.0,840000.0,840000.0,1
M.I. Abaga,Facebook_followers_daily,Q4_2025,net_change,-3000.0,829000.0,826000.0,19
M.I. Abaga,Facebook_likes_daily,Q1_2025,net_change,1481.0,843004.0,844485.0,56
M.I. Abaga,Facebook_likes_daily,Q1_2026,net_change,815825.0,0.0,815825.0,12
M.I. Abaga,Facebook_likes_daily,Q2_2025,net_change,-773.0,844845.0,844072.0,14
M.I. Abaga,Facebook_likes_daily,Q3_2025,net_change,0.0,0.0,0.0,1
M.I. Abaga,Facebook_likes_daily,Q4_2025,net_change,0.0,0.0,0.0,19
M.I. Abaga,Facebook_talks_daily,Q1_2025,sum,386722.0,19810.0,12839.0,56
M.I. Abaga,Facebook_talks_daily,Q1_2026,sum,17295.0,2171.0,664.0,12
M.I. Abaga,Facebook_talks_daily,Q2_2025,sum,98482.0,13537.0,4469.0,14
M.I. Abaga,Facebook_talks_daily,Q3_2025,sum,2946.0,2946.0,2946.0,1
M.I. Abaga,Facebook_talks_daily,Q4_2025,sum,33008.0,1522.0,2213.0,19
M.I. Abaga,Instagram_followers_daily,Q1_2025,net_change,-13280.0,1383616.0,1370336.0,176
M.I. Abaga,Instagram_followers_daily,Q1_2026,net_change,-6420.0,1351122.0,1344702.0,89
M.I. Abaga,Instagram_followers_daily,Q2_2025,net_change,-9907.0,1370222.0,1360315.0,178
M.I. Abaga,Instagram_followers_daily,Q3_2025,net_change,-9056.0,1360321.0,1351265.0,120
M.I. Abaga,Instagram_followers_daily,Q4_2025,net_change,213.0,1351076.0,1351289.0,164
M.I. Abaga,Spotify_followers_daily,Q1_2025,net_change,4697.0,270376.0,275073.0,180
M.I. Abaga,Spotify_followers_daily,Q1_2026,net_change,4902.0,290217.0,295119.0,90
M.I. Abaga,Spotify_followers_daily,Q2_2025,net_change,5369.0,275100.0,280469.0,182
M.I. Abaga,Spotify_followers_daily,Q3_2025,net_change,4380.0,280503.0,284883.0,184
M.I. Abaga,Spotify_followers_daily,Q4_2025,net_change,5230.0,284929.0,290159.0,184
M.I. Abaga,Spotify_monthly_listeners_daily,Q1_2025,net_change,14847.0,219802.0,234649.0,180
M.I. Abaga,Spotify_monthly_listeners_daily,Q1_2026,net_change,17156.0,245229.0,262385.0,90
M.I. Abaga,Spotify_monthly_listeners_daily,Q2_2025,net_change,3891.0,235471.0,239362.0,91
M.I. Abaga,Spotify_monthly_listeners_daily,Q3_2025,net_change,29283.0,239415.0,268698.0,184
M.I. Abaga,Spotify_monthly_listeners_daily,Q4_2025,net_change,-22291.0,267743.0,245452.0,184
M.I. Abaga,Spotify_popularity_daily,Q1_2025,last_value,46.0,46.0,46.0,84
M.I. Abaga,Spotify_popularity_daily,Q1_2026,last_value,45.0,46.0,45.0,73
M.I. Abaga,Spotify_popularity_daily,Q2_2025,last_value,48.0,46.0,48.0,65
M.I. Abaga,Spotify_popularity_daily,Q3_2025,last_value,48.0,48.0,48.0,82
M.I. Abaga,Spotify_popularity_daily,Q4_2025,last_value,46.0,48.0,46.0,79
M.I. Abaga,TikTok_followers_daily,Q1_2025,net_change,-113.0,10721.0,10608.0,180
M.I. Abaga,TikTok_followers_daily,Q1_2026,net_change,-60.0,10360.0,10300.0,90
M.I. Abaga,TikTok_followers_daily,Q2_2025,net_change,-116.0,10607.0,10491.0,182
M.I. Abaga,TikTok_followers_daily,Q3_2025,net_change,-55.0,10490.0,10435.0,184
M.I. Abaga,TikTok_followers_daily,Q4_2025,net_change,-74.0,10435.0,10361.0,184
M.I. Abaga,TikTok_likes_daily,Q1_2025,net_change,116.0,57509.0,57625.0,180
M.I. Abaga,TikTok_likes_daily,Q1_2026,net_change,83.0,58417.0,58500.0,90
M.I. Abaga,TikTok_likes_daily,Q2_2025,net_change,273.0,57627.0,57900.0,91
M.I. Abaga,TikTok_likes_daily,Q3_2025,net_change,242.0,57903.0,58145.0,184
M.I. Abaga,TikTok_likes_daily,Q4_2025,net_change,268.0,58148.0,58416.0,184
M.I. Abaga,Twitter_followers_daily,Q1_2025,net_change,-3873.0,1993490.0,1989617.0,142
M.I. Abaga,Twitter_followers_daily,Q1_2026,net_change,-2718.0,1897063.0,1894345.0,79
M.I. Abaga,Twitter_followers_daily,Q2_2025,net_change,-5382.0,1989735.0,1984353.0,142
M.I. Abaga,Twitter_followers_daily,Q3_2025,net_change,-7802.0,1984298.0,1976496.0,128
M.I. Abaga,Twitter_followers_daily,Q4_2025,net_change,-79248.0,1976376.0,1897128.0,176
M.I. Abaga,Wikipedia_views_daily,Q1_2025,sum,8808.0,22.0,78.0,180
M.I. Abaga,Wikipedia_views_daily,Q1_2026,sum,8306.0,161.0,78.0,84
M.I. Abaga,Wikipedia_views_daily,Q2_2025,sum,103798.0,81.0,61.0,182
M.I. Abaga,Wikipedia_views_daily,Q3_2025,sum,9050.0,49.0,52.0,184
M.I. Abaga,Wikipedia_views_daily,Q4_2025,sum,14516.0,58.0,134.0,184
M.I. Abaga,YouTube_channel_views_daily,Q1_2025,sum,2195058482.0,23798660.0,24967290.0,90
M.I. Abaga,YouTube_channel_views_daily,Q1_2026,sum,2337304182.0,25398472.0,26499008.0,90
M.I. Abaga,YouTube_channel_views_daily,Q2_2025,sum,2272613386.0,24984026.0,25203384.0,91
M.I. Abaga,YouTube_channel_views_daily,Q3_2025,sum,2194362988.0,25033230.0,24337228.0,92
M.I. Abaga,YouTube_channel_views_daily,Q4_2025,sum,2288078836.0,24348366.0,25386140.0,92
M.I. Abaga,YouTube_subscribers_daily,Q1_2025,net_change,1403.0,99520.0,100923.0,180
M.I. Abaga,YouTube_subscribers_daily,Q1_2026,net_change,492.0,104508.0,105000.0,90
M.I. Abaga,YouTube_subscribers_daily,Q2_2025,net_change,1386.0,100942.0,102328.0,182
M.I. Abaga,YouTube_subscribers_daily,Q3_2025,net_change,1318.0,102344.0,103662.0,184
M.I. Abaga,YouTube_subscribers_daily,Q4_2025,net_change,825.0,103675.0,104500.0,184
Magixx,Bandsintown_followers_daily,Q1_2025,net_change,325.0,1876.0,2201.0,90
Magixx,Bandsintown_followers_daily,Q2_2025,net_change,-2220.0,2220.0,0.0,32
Magixx,Bandsintown_followers_daily,Q3_2025,net_change,-2743.0,2743.0,0.0,31
Magixx,Bandsintown_followers_daily,Q4_2025,net_change,237.0,3266.0,3503.0,16
Magixx,Deezer_fans_daily,Q1_2025,net_change,214.0,3365.0,3579.0,90
Magixx,Deezer_fans_daily,Q1_2026,net_change,213.0,4326.0,4539.0,90
Magixx,Deezer_fans_daily,Q2_2025,net_change,216.0,3580.0,3796.0,89
Magixx,Deezer_fans_daily,Q3_2025,net_change,273.0,3798.0,4071.0,92
Magixx,Deezer_fans_daily,Q4_2025,net_change,252.0,4074.0,4326.0,92
Magixx,Facebook_followers_daily,Q1_2025,net_change,-3046.0,109781.0,106735.0,57
Magixx,Facebook_followers_daily,Q1_2026,net_change,-1000.0,89000.0,88000.0,22
Magixx,Facebook_followers_daily,Q2_2025,net_change,-1715.0,106715.0,105000.0,17
Magixx,Facebook_followers_daily,Q3_2025,net_change,-2000.0,95000.0,93000.0,42
Magixx,Facebook_followers_daily,Q4_2025,net_change,-2000.0,93000.0,91000.0,54
Magixx,Facebook_likes_daily,Q1_2025,net_change,-3046.0,109781.0,106735.0,57
Magixx,Facebook_likes_daily,Q1_2026,net_change,88232.0,0.0,88232.0,22
Magixx,Facebook_likes_daily,Q2_2025,net_change,-1217.0,106715.0,105498.0,17
Magixx,Facebook_likes_daily,Q3_2025,net_change,0.0,0.0,0.0,42
Magixx,Facebook_likes_daily,Q4_2025,net_change,0.0,0.0,0.0,54
Magixx,Facebook_talks_daily,Q1_2025,sum,39084.0,552.0,236.0,57
Magixx,Facebook_talks_daily,Q1_2026,sum,8850.0,282.0,134.0,22
Magixx,Facebook_talks_daily,Q2_2025,sum,3497.0,260.0,173.0,17
Magixx,Facebook_talks_daily,Q3_2025,sum,39510.0,211.0,151.0,42
Magixx,Facebook_talks_daily,Q4_2025,sum,10918.0,153.0,293.0,54
Magixx,Instagram_followers_daily,Q1_2025,net_change,3301.0,834248.0,837549.0,86
Magixx,Instagram_followers_daily,Q1_2026,net_change,3722.0,831040.0,834762.0,89
Magixx,Instagram_followers_daily,Q2_2025,net_change,-15424.0,838126.0,822702.0,89
Magixx,Instagram_followers_daily,Q3_2025,net_change,479.0,822377.0,822856.0,60
Magixx,Instagram_followers_daily,Q4_2025,net_change,8145.0,822743.0,830888.0,82
Magixx,Soundcloud_followers_daily,Q1_2025,net_change,0.0,2070.0,2070.0,1
Magixx,Soundcloud_followers_daily,Q1_2026,net_change,30.0,2492.0,2522.0,90
Magixx,Soundcloud_followers_daily,Q2_2025,net_change,21.0,2251.0,2272.0,3
Magixx,Soundcloud_followers_daily,Q4_2025,net_change,57.0,2437.0,2494.0,18
Magixx,Spotify_followers_daily,Q1_2025,net_change,60883.0,635106.0,695989.0,90
Magixx,Spotify_followers_daily,Q1_2026,net_change,55738.0,871073.0,926811.0,90
Magixx,Spotify_followers_daily,Q2_2025,net_change,58549.0,696282.0,754831.0,91
Magixx,Spotify_followers_daily,Q3_2025,net_change,51420.0,755410.0,806830.0,92
Magixx,Spotify_followers_daily,Q4_2025,net_change,62894.0,807470.0,870364.0,92
Magixx,Spotify_monthly_listeners_daily,Q1_2025,net_change,-11177.0,1265507.0,1254330.0,90
Magixx,Spotify_monthly_listeners_daily,Q1_2026,net_change,-52201.0,1385305.0,1333104.0,90
Magixx,Spotify_monthly_listeners_daily,Q2_2025,net_change,-163405.0,1251494.0,1088089.0,91
Magixx,Spotify_monthly_listeners_daily,Q3_2025,net_change,352768.0,1087745.0,1440513.0,92
Magixx,Spotify_monthly_listeners_daily,Q4_2025,net_change,-52377.0,1438070.0,1385693.0,92
Magixx,Spotify_popularity_daily,Q1_2025,last_value,59.0,59.0,59.0,86
Magixx,Spotify_popularity_daily,Q1_2026,last_value,57.0,59.0,57.0,79
Magixx,Spotify_popularity_daily,Q2_2025,last_value,59.0,59.0,59.0,68
Magixx,Spotify_popularity_daily,Q3_2025,last_value,60.0,59.0,60.0,85
Magixx,Spotify_popularity_daily,Q4_2025,last_value,58.0,60.0,58.0,82
Magixx,TikTok_followers_daily,Q1_2025,net_change,33967.0,264300.0,298267.0,90
Magixx,TikTok_followers_daily,Q1_2026,net_change,-3093.0,312893.0,309800.0,90
Magixx,TikTok_followers_daily,Q2_2025,net_change,3167.0,298333.0,301500.0,91
Magixx,TikTok_followers_daily,Q3_2025,net_change,18360.0,301400.0,319760.0,92
Magixx,TikTok_followers_daily,Q4_2025,net_change,-6786.0,319700.0,312914.0,92
Magixx,TikTok_likes_daily,Q1_2025,net_change,523548.0,1320896.0,1844444.0,90
Magixx,TikTok_likes_daily,Q1_2026,net_change,-756962.0,3256962.0,2500000.0,90
Magixx,TikTok_likes_daily,Q2_2025,net_change,103065.0,1855556.0,1958621.0,91
Magixx,TikTok_likes_daily,Q3_2025,net_change,2636494.0,1955173.0,4591667.0,92
Magixx,TikTok_likes_daily,Q4_2025,net_change,-1344304.0,4600000.0,3255696.0,92
Magixx,Twitter_followers_daily,Q1_2025,net_change,5260.0,52862.0,58122.0,74
Magixx,Twitter_followers_daily,Q1_2026,net_change,1043.0,66812.0,67855.0,80
Magixx,Twitter_followers_daily,Q2_2025,net_change,3560.0,58209.0,61769.0,73
Magixx,Twitter_followers_daily,Q3_2025,net_change,3780.0,61771.0,65551.0,67
Magixx,Twitter_followers_daily,Q4_2025,net_change,1295.0,65529.0,66824.0,91
Magixx,Wikipedia_views_daily,Q1_2025,sum,4537.0,42.0,47.0,90
Magixx,Wikipedia_views_daily,Q1_2026,sum,2606.0,16.0,24.0,84
Magixx,Wikipedia_views_daily,Q2_2025,sum,3749.0,36.0,23.0,91
Magixx,Wikipedia_views_daily,Q3_2025,sum,3326.0,26.0,42.0,92
Magixx,Wikipedia_views_daily,Q4_2025,sum,2953.0,35.0,24.0,91
Magixx,YouTube_channel_views_daily,Q1_2025,sum,7864964672.0,83176280.0,93140200.0,90
Magixx,YouTube_channel_views_daily,Q1_2026,sum,11423173870.0,122208730.0,131759230.0,90
Magixx,YouTube_channel_views_daily,Q2_2025,sum,8940507108.0,93059890.0,103109430.0,91
Magixx,YouTube_channel_views_daily,Q3_2025,sum,9955622646.0,103203500.0,113079350.0,92
Magixx,YouTube_channel_views_daily,Q4_2025,sum,10824656458.0,113192610.0,122110030.0,92
Magixx,YouTube_subscribers_daily,Q1_2025,net_change,22667.0,221083.0,243750.0,90
Magixx,YouTube_subscribers_daily,Q1_2026,net_change,9500.0,283500.0,293000.0,90
Magixx,YouTube_subscribers_daily,Q2_2025,net_change,14000.0,244000.0,258000.0,91
Magixx,YouTube_subscribers_daily,Q3_2025,net_change,14533.0,258167.0,272700.0,92
Magixx,YouTube_subscribers_daily,Q4_2025,net_change,10600.0,272800.0,283400.0,92
Maleek Berry,Bandsintown_followers_daily,Q1_2025,net_change,785.0,32307.0,33092.0,178
Maleek Berry,Bandsintown_followers_daily,Q2_2025,net_change,1298.0,33212.0,34510.0,58
Maleek Berry,Bandsintown_followers_daily,Q3_2025,net_change,1257.0,34537.0,35794.0,52
Maleek Berry,Bandsintown_followers_daily,Q4_2025,net_change,-35831.0,35831.0,0.0,26
Maleek Berry,Deezer_fans_daily,Q1_2026,net_change,-1.0,5.0,4.0,90
Maleek Berry,Deezer_fans_daily,Q4_2025,net_change,1.0,4.0,5.0,83
Maleek Berry,Facebook_followers_daily,Q1_2025,net_change,-16777.0,1084744.0,1067967.0,56
Maleek Berry,Facebook_followers_daily,Q1_2026,net_change,-9000.0,1000000.0,991000.0,40
Maleek Berry,Facebook_followers_daily,Q2_2025,net_change,-67721.0,1067721.0,1000000.0,28
Maleek Berry,Facebook_followers_daily,Q3_2025,net_change,0.0,1000000.0,1000000.0,6
Maleek Berry,Facebook_followers_daily,Q4_2025,net_change,0.0,1000000.0,1000000.0,21
Maleek Berry,Facebook_likes_daily,Q1_2025,net_change,-16777.0,1084744.0,1067967.0,56
Maleek Berry,Facebook_likes_daily,Q1_2026,net_change,991980.0,0.0,991980.0,40
Maleek Berry,Facebook_likes_daily,Q2_2025,net_change,-9469.0,1067721.0,1058252.0,28
Maleek Berry,Facebook_likes_daily,Q3_2025,net_change,-1058252.0,1058252.0,0.0,6
Maleek Berry,Facebook_likes_daily,Q4_2025,net_change,0.0,0.0,0.0,21
Maleek Berry,Facebook_talks_daily,Q1_2025,sum,22034.0,347.0,362.0,56
Maleek Berry,Facebook_talks_daily,Q1_2026,sum,42631.0,1276.0,527.0,40
Maleek Berry,Facebook_talks_daily,Q2_2025,sum,8731.0,362.0,303.0,28
Maleek Berry,Facebook_talks_daily,Q3_2025,sum,3862.0,303.0,2347.0,6
Maleek Berry,Facebook_talks_daily,Q4_2025,sum,78538.0,2897.0,2045.0,21
Maleek Berry,Instagram_followers_daily,Q1_2025,net_change,-15451.0,1105867.0,1090416.0,178
Maleek Berry,Instagram_followers_daily,Q1_2026,net_change,-8351.0,1067603.0,1059252.0,89
Maleek Berry,Instagram_followers_daily,Q2_2025,net_change,-6934.0,1090366.0,1083432.0,178
Maleek Berry,Instagram_followers_daily,Q3_2025,net_change,-9827.0,1083345.0,1073518.0,118
Maleek Berry,Instagram_followers_daily,Q4_2025,net_change,-5583.0,1073342.0,1067759.0,164
Maleek Berry,Soundcloud_followers_daily,Q1_2025,net_change,16.0,52666.0,52682.0,24
Maleek Berry,Soundcloud_followers_daily,Q1_2026,net_change,217.0,53368.0,53585.0,90
Maleek Berry,Soundcloud_followers_daily,Q2_2025,net_change,278.0,52686.0,52964.0,166
Maleek Berry,Soundcloud_followers_daily,Q3_2025,net_change,209.0,52967.0,53176.0,166
Maleek Berry,Soundcloud_followers_daily,Q4_2025,net_change,187.0,53179.0,53366.0,162
Maleek Berry,Spotify_followers_daily,Q1_2025,net_change,3363.0,632267.0,635630.0,180
Maleek Berry,Spotify_followers_daily,Q1_2026,net_change,5241.0,653504.0,658745.0,90
Maleek Berry,Spotify_followers_daily,Q2_2025,net_change,7303.0,635678.0,642981.0,182
Maleek Berry,Spotify_followers_daily,Q3_2025,net_change,4471.0,643021.0,647492.0,184
Maleek Berry,Spotify_followers_daily,Q4_2025,net_change,5920.0,647521.0,653441.0,184
Maleek Berry,Spotify_monthly_listeners_daily,Q1_2025,net_change,-103140.0,1454745.0,1351605.0,180
Maleek Berry,Spotify_monthly_listeners_daily,Q1_2026,net_change,95136.0,1183796.0,1278932.0,90
Maleek Berry,Spotify_monthly_listeners_daily,Q2_2025,net_change,125950.0,1357727.0,1483677.0,182
Maleek Berry,Spotify_monthly_listeners_daily,Q3_2025,net_change,-249393.0,1474099.0,1224706.0,184
Maleek Berry,Spotify_monthly_listeners_daily,Q4_2025,net_change,-46490.0,1231391.0,1184901.0,184
Maleek Berry,Spotify_popularity_daily,Q1_2025,last_value,56.0,58.0,56.0,85
Maleek Berry,Spotify_popularity_daily,Q1_2026,last_value,54.0,55.0,54.0,75
Maleek Berry,Spotify_popularity_daily,Q2_2025,last_value,59.0,56.0,59.0,71
Maleek Berry,Spotify_popularity_daily,Q3_2025,last_value,57.0,59.0,57.0,89
Maleek Berry,Spotify_popularity_daily,Q4_2025,last_value,55.0,57.0,55.0,79
Maleek Berry,TikTok_followers_daily,Q1_2025,net_change,445.0,65917.0,66362.0,180
Maleek Berry,TikTok_followers_daily,Q1_2026,net_change,-273.0,81986.0,81713.0,90
Maleek Berry,TikTok_followers_daily,Q2_2025,net_change,7002.0,66365.0,73367.0,182
Maleek Berry,TikTok_followers_daily,Q3_2025,net_change,8067.0,73400.0,81467.0,182
Maleek Berry,TikTok_followers_daily,Q4_2025,net_change,489.0,81500.0,81989.0,184
Maleek Berry,TikTok_likes_daily,Q1_2025,net_change,3025.0,248850.0,251875.0,180
Maleek Berry,TikTok_likes_daily,Q1_2026,net_change,5433.0,685200.0,690633.0,90
Maleek Berry,TikTok_likes_daily,Q2_2025,net_change,88100.0,251900.0,340000.0,182
Maleek Berry,TikTok_likes_daily,Q3_2025,net_change,314700.0,340400.0,655100.0,182
Maleek Berry,TikTok_likes_daily,Q4_2025,net_change,29050.0,656000.0,685050.0,184
Maleek Berry,Twitter_followers_daily,Q1_2025,net_change,-1637.0,488411.0,486774.0,148
Maleek Berry,Twitter_followers_daily,Q1_2026,net_change,-1697.0,478412.0,476715.0,79
Maleek Berry,Twitter_followers_daily,Q2_2025,net_change,-420.0,486765.0,486345.0,144
Maleek Berry,Twitter_followers_daily,Q3_2025,net_change,-859.0,486317.0,485458.0,134
Maleek Berry,Twitter_followers_daily,Q4_2025,net_change,-6982.0,485417.0,478435.0,176
Maleek Berry,Wikipedia_views_daily,Q1_2025,sum,7386.0,46.0,37.0,180
Maleek Berry,Wikipedia_views_daily,Q1_2026,sum,3504.0,36.0,33.0,84
Maleek Berry,Wikipedia_views_daily,Q2_2025,sum,11042.0,50.0,42.0,180
Maleek Berry,Wikipedia_views_daily,Q3_2025,sum,7180.0,38.0,29.0,172
Maleek Berry,Wikipedia_views_daily,Q4_2025,sum,6812.0,28.0,47.0,184
Maleek Berry,YouTube_artist_daily_views,Q1_2025,sum,3824073.0,61931.0,57807.0,61
Maleek Berry,YouTube_artist_daily_views,Q1_2026,sum,4101027.0,53416.0,57005.0,74
Maleek Berry,YouTube_artist_daily_views,Q2_2025,sum,3530072.0,59720.0,205977.0,45
Maleek Berry,YouTube_artist_daily_views,Q3_2025,sum,3016785.0,207128.0,56936.0,44
Maleek Berry,YouTube_artist_daily_views,Q4_2025,sum,2566334.0,57015.0,68859.0,45
Maleek Berry,YouTube_artist_monthly_views,Q1_2025,sum,110330906.0,1934194.0,1690473.0,61
Maleek Berry,YouTube_artist_monthly_views,Q1_2026,sum,63717300.0,1548614.0,1557358.0,41
Maleek Berry,YouTube_artist_monthly_views,Q2_2025,sum,84653958.0,1698398.0,2941715.0,45
Maleek Berry,YouTube_artist_monthly_views,Q3_2025,sum,99756717.0,3401250.0,1720874.0,44
Maleek Berry,YouTube_artist_monthly_views,Q4_2025,sum,71716191.0,1704098.0,1566322.0,45
Maleek Berry,YouTube_channel_views_daily,Q1_2025,sum,29935669200.0,329888420.0,335370780.0,90
Maleek Berry,YouTube_channel_views_daily,Q1_2026,sum,31909893340.0,352623650.0,356807800.0,90
Maleek Berry,YouTube_channel_views_daily,Q2_2025,sum,30767080060.0,335424580.0,341866000.0,91
Maleek Berry,YouTube_channel_views_daily,Q3_2025,sum,31698820380.0,341976930.0,347185280.0,92
Maleek Berry,YouTube_channel_views_daily,Q4_2025,sum,32197846020.0,347248400.0,352567460.0,92
Maleek Berry,YouTube_subscribers_daily,Q1_2025,net_change,4456.0,608944.0,613400.0,180
Maleek Berry,YouTube_subscribers_daily,Q1_2026,net_change,1225.0,633775.0,635000.0,90
Maleek Berry,YouTube_subscribers_daily,Q2_2025,net_change,7287.0,613440.0,620727.0,182
Maleek Berry,YouTube_subscribers_daily,Q3_2025,net_change,9682.0,620818.0,630500.0,184
Maleek Berry,YouTube_subscribers_daily,Q4_2025,net_change,3200.0,630550.0,633750.0,184
Mannywellz,Bandsintown_followers_daily,Q1_2025,net_change,752.0,6686.0,7438.0,176
Mannywellz,Bandsintown_followers_daily,Q2_2025,net_change,-7466.0,7466.0,0.0,56
Mannywellz,Bandsintown_followers_daily,Q3_2025,net_change,1034.0,8319.0,9353.0,54
Mannywellz,Bandsintown_followers_daily,Q4_2025,net_change,465.0,9379.0,9844.0,26
Mannywellz,Deezer_fans_daily,Q1_2025,net_change,88.0,1392.0,1480.0,90
Mannywellz,Deezer_fans_daily,Q1_2026,net_change,121.0,1804.0,1925.0,90
Mannywellz,Deezer_fans_daily,Q2_2025,net_change,71.0,1483.0,1554.0,90
Mannywellz,Deezer_fans_daily,Q3_2025,net_change,113.0,1555.0,1668.0,92
Mannywellz,Deezer_fans_daily,Q4_2025,net_change,135.0,1668.0,1803.0,92
Mannywellz,Facebook_followers_daily,Q1_2025,net_change,24959.0,58052.0,83011.0,34
Mannywellz,Facebook_followers_daily,Q1_2026,net_change,15000.0,147000.0,162000.0,21
Mannywellz,Facebook_followers_daily,Q2_2025,net_change,1402.0,82960.0,84362.0,15
Mannywellz,Facebook_followers_daily,Q3_2025,net_change,-1000.0,93000.0,92000.0,5
Mannywellz,Facebook_likes_daily,Q1_2025,net_change,24959.0,58052.0,83011.0,34
Mannywellz,Facebook_likes_daily,Q1_2026,net_change,162871.0,0.0,162871.0,21
Mannywellz,Facebook_likes_daily,Q2_2025,net_change,1402.0,82960.0,84362.0,15
Mannywellz,Facebook_likes_daily,Q3_2025,net_change,0.0,0.0,0.0,5
Mannywellz,Facebook_talks_daily,Q1_2025,sum,446195.0,3934.0,2373.0,34
Mannywellz,Facebook_talks_daily,Q1_2026,sum,254925.0,2600.0,15452.0,21
Mannywellz,Facebook_talks_daily,Q2_2025,sum,42899.0,1768.0,3690.0,15
Mannywellz,Facebook_talks_daily,Q3_2025,sum,16785.0,5558.0,7015.0,5
Mannywellz,Instagram_followers_daily,Q1_2025,net_change,35171.0,382868.0,418039.0,180
Mannywellz,Instagram_followers_daily,Q1_2026,net_change,925.0,434304.0,435229.0,89
Mannywellz,Instagram_followers_daily,Q2_2025,net_change,5679.0,418247.0,423926.0,178
Mannywellz,Instagram_followers_daily,Q3_2025,net_change,8014.0,423990.0,432004.0,120
Mannywellz,Instagram_followers_daily,Q4_2025,net_change,2175.0,432235.0,434410.0,164
Mannywellz,Soundcloud_followers_daily,Q1_2026,net_change,148.0,33364.0,33512.0,88
Mannywellz,Soundcloud_followers_daily,Q2_2025,net_change,45.0,33009.0,33054.0,38
Mannywellz,Soundcloud_followers_daily,Q3_2025,net_change,118.0,33053.0,33171.0,28
Mannywellz,Soundcloud_followers_daily,Q4_2025,net_change,141.0,33222.0,33363.0,42
Mannywellz,Spotify_followers_daily,Q1_2025,net_change,8157.0,80317.0,88474.0,180
Mannywellz,Spotify_followers_daily,Q1_2026,net_change,5717.0,105995.0,111712.0,90
Mannywellz,Spotify_followers_daily,Q2_2025,net_change,3534.0,88532.0,92066.0,182
Mannywellz,Spotify_followers_daily,Q3_2025,net_change,5775.0,92108.0,97883.0,184
Mannywellz,Spotify_followers_daily,Q4_2025,net_change,7895.0,98049.0,105944.0,184
Mannywellz,Spotify_monthly_listeners_daily,Q1_2025,net_change,-25971.0,355229.0,329258.0,180
Mannywellz,Spotify_monthly_listeners_daily,Q1_2026,net_change,284655.0,267654.0,552309.0,90
Mannywellz,Spotify_monthly_listeners_daily,Q2_2025,net_change,-60318.0,327614.0,267296.0,91
Mannywellz,Spotify_monthly_listeners_daily,Q3_2025,net_change,15793.0,267004.0,282797.0,184
Mannywellz,Spotify_monthly_listeners_daily,Q4_2025,net_change,-14212.0,283653.0,269441.0,92
Mannywellz,Spotify_popularity_daily,Q1_2025,last_value,47.0,48.0,47.0,74
Mannywellz,Spotify_popularity_daily,Q1_2026,last_value,47.0,45.0,47.0,81
Mannywellz,Spotify_popularity_daily,Q2_2025,last_value,46.0,47.0,46.0,67
Mannywellz,Spotify_popularity_daily,Q3_2025,last_value,48.0,46.0,48.0,87
Mannywellz,Spotify_popularity_daily,Q4_2025,last_value,45.0,48.0,45.0,81
Mannywellz,TikTok_followers_daily,Q1_2025,net_change,45700.0,497300.0,543000.0,180
Mannywellz,TikTok_followers_daily,Q1_2026,net_change,-3200.0,544900.0,541700.0,90
Mannywellz,TikTok_followers_daily,Q2_2025,net_change,-4175.0,542975.0,538800.0,182
Mannywellz,TikTok_followers_daily,Q3_2025,net_change,6900.0,538700.0,545600.0,184
Mannywellz,TikTok_followers_daily,Q4_2025,net_change,-880.0,545900.0,545020.0,184
Mannywellz,TikTok_likes_daily,Q1_2025,net_change,1444553.0,11357142.0,12801695.0,180
Mannywellz,TikTok_likes_daily,Q1_2026,net_change,462857.0,14437143.0,14900000.0,90
Mannywellz,TikTok_likes_daily,Q2_2025,net_change,235072.0,12803390.0,13038462.0,182
Mannywellz,TikTok_likes_daily,Q3_2025,net_change,857692.0,13042308.0,13900000.0,184
Mannywellz,TikTok_likes_daily,Q4_2025,net_change,515715.0,13919999.0,14435714.0,184
Mannywellz,Twitter_followers_daily,Q1_2025,net_change,-48.0,11101.0,11053.0,148
Mannywellz,Twitter_followers_daily,Q1_2026,net_change,-81.0,10780.0,10699.0,80
Mannywellz,Twitter_followers_daily,Q2_2025,net_change,-128.0,11043.0,10915.0,146
Mannywellz,Twitter_followers_daily,Q3_2025,net_change,-7.0,10913.0,10906.0,134
Mannywellz,Twitter_followers_daily,Q4_2025,net_change,-207.0,10989.0,10782.0,180
Mannywellz,YouTube_channel_views_daily,Q1_2025,sum,1890983616.0,20198470.0,21936356.0,90
Mannywellz,YouTube_channel_views_daily,Q1_2026,sum,1995156574.0,21425570.0,23567652.0,90
Mannywellz,YouTube_channel_views_daily,Q2_2025,sum,2060736282.0,21954676.0,23329296.0,91
Mannywellz,YouTube_channel_views_daily,Q3_2025,sum,2202525100.0,23340954.0,24623658.0,92
Mannywellz,YouTube_channel_views_daily,Q4_2025,sum,2080632456.0,24639308.0,21414966.0,92
Mannywellz,YouTube_subscribers_daily,Q1_2025,net_change,4083.0,46950.0,51033.0,180
Mannywellz,YouTube_subscribers_daily,Q1_2026,net_change,2245.0,58255.0,60500.0,90
Mannywellz,YouTube_subscribers_daily,Q2_2025,net_change,2090.0,51050.0,53140.0,182
Mannywellz,YouTube_subscribers_daily,Q3_2025,net_change,2104.0,53160.0,55264.0,184
Mannywellz,YouTube_subscribers_daily,Q4_2025,net_change,2945.0,55300.0,58245.0,184
Mayorkun,Deezer_fans_daily,Q1_2025,net_change,817.0,143271.0,144088.0,90
Mayorkun,Deezer_fans_daily,Q2_2025,net_change,511.0,144094.0,144605.0,89
Mayorkun,Deezer_fans_daily,Q3_2025,net_change,411.0,144610.0,145021.0,92
Mayorkun,Deezer_fans_daily,Q4_2025,net_change,33.0,145023.0,145056.0,10
Mayorkun,Facebook_followers_daily,Q1_2025,net_change,-53203.0,3377232.0,3324029.0,56
Mayorkun,Facebook_followers_daily,Q1_2026,net_change,0.0,3000000.0,3000000.0,11
Mayorkun,Facebook_followers_daily,Q2_2025,net_change,-23614.0,3323614.0,3300000.0,20
Mayorkun,Facebook_followers_daily,Q3_2025,net_change,0.0,3100000.0,3100000.0,42
Mayorkun,Facebook_followers_daily,Q4_2025,net_change,-100000.0,3100000.0,3000000.0,48
Mayorkun,Facebook_likes_daily,Q1_2025,net_change,-53203.0,3377232.0,3324029.0,56
Mayorkun,Facebook_likes_daily,Q1_2026,net_change,3011780.0,0.0,3011780.0,11
Mayorkun,Facebook_likes_daily,Q2_2025,net_change,-10521.0,3323614.0,3313093.0,20
Mayorkun,Facebook_likes_daily,Q3_2025,net_change,0.0,0.0,0.0,42
Mayorkun,Facebook_likes_daily,Q4_2025,net_change,0.0,0.0,0.0,48
Mayorkun,Facebook_talks_daily,Q1_2025,sum,233573.0,8155.0,2685.0,56
Mayorkun,Facebook_talks_daily,Q1_2026,sum,13272.0,1030.0,749.0,11
Mayorkun,Facebook_talks_daily,Q2_2025,sum,309460.0,3589.0,1985.0,20
Mayorkun,Facebook_talks_daily,Q3_2025,sum,86880.0,2055.0,2411.0,42
Mayorkun,Facebook_talks_daily,Q4_2025,sum,85554.0,1768.0,1568.0,48
Mayorkun,Instagram_followers_daily,Q1_2025,net_change,-100861.0,5854235.0,5753374.0,88
Mayorkun,Instagram_followers_daily,Q1_2026,net_change,-49893.0,5576996.0,5527103.0,88
Mayorkun,Instagram_followers_daily,Q2_2025,net_change,-41152.0,5753464.0,5712312.0,89
Mayorkun,Instagram_followers_daily,Q3_2025,net_change,-62340.0,5712421.0,5650081.0,60
Mayorkun,Instagram_followers_daily,Q4_2025,net_change,-71463.0,5649105.0,5577642.0,80
Mayorkun,Soundcloud_followers_daily,Q1_2025,net_change,60.0,7080.0,7140.0,61
Mayorkun,Soundcloud_followers_daily,Q1_2026,net_change,43.0,7318.0,7361.0,90
Mayorkun,Soundcloud_followers_daily,Q2_2025,net_change,76.0,7140.0,7216.0,74
Mayorkun,Soundcloud_followers_daily,Q3_2025,net_change,59.0,7216.0,7275.0,80
Mayorkun,Soundcloud_followers_daily,Q4_2025,net_change,40.0,7278.0,7318.0,83
Mayorkun,Spotify_followers_daily,Q1_2025,net_change,106258.0,1612735.0,1718993.0,90
Mayorkun,Spotify_followers_daily,Q1_2026,net_change,79867.0,1990472.0,2070339.0,90
Mayorkun,Spotify_followers_daily,Q2_2025,net_change,90063.0,1720012.0,1810075.0,91
Mayorkun,Spotify_followers_daily,Q3_2025,net_change,67561.0,1810592.0,1878153.0,92
Mayorkun,Spotify_followers_daily,Q4_2025,net_change,110244.0,1878983.0,1989227.0,92
Mayorkun,Spotify_monthly_listeners_daily,Q1_2025,net_change,-281531.0,1486653.0,1205122.0,90
Mayorkun,Spotify_monthly_listeners_daily,Q1_2026,net_change,56996.0,1286282.0,1343278.0,90
Mayorkun,Spotify_monthly_listeners_daily,Q2_2025,net_change,581966.0,1207459.0,1789425.0,91
Mayorkun,Spotify_monthly_listeners_daily,Q3_2025,net_change,-473290.0,1798769.0,1325479.0,92
Mayorkun,Spotify_monthly_listeners_daily,Q4_2025,net_change,-36400.0,1324795.0,1288395.0,92
Mayorkun,Spotify_popularity_daily,Q1_2025,last_value,56.0,58.0,56.0,77
Mayorkun,Spotify_popularity_daily,Q1_2026,last_value,56.0,58.0,56.0,77
Mayorkun,Spotify_popularity_daily,Q2_2025,last_value,62.0,56.0,62.0,45
Mayorkun,Spotify_popularity_daily,Q3_2025,last_value,58.0,62.0,58.0,86
Mayorkun,Spotify_popularity_daily,Q4_2025,last_value,57.0,58.0,57.0,84
Mayorkun,TikTok_followers_daily,Q1_2025,net_change,0.0,1600000.0,1600000.0,90
Mayorkun,TikTok_followers_daily,Q1_2026,net_change,0.0,1600000.0,1600000.0,90
Mayorkun,TikTok_followers_daily,Q2_2025,net_change,0.0,1600000.0,1600000.0,91
Mayorkun,TikTok_followers_daily,Q3_2025,net_change,0.0,1600000.0,1600000.0,91
Mayorkun,TikTok_followers_daily,Q4_2025,net_change,0.0,1600000.0,1600000.0,89
Mayorkun,TikTok_likes_daily,Q1_2025,net_change,147787.0,8385000.0,8532787.0,90
Mayorkun,TikTok_likes_daily,Q1_2026,net_change,193750.0,9106250.0,9300000.0,90
Mayorkun,TikTok_likes_daily,Q2_2025,net_change,232241.0,8534426.0,8766667.0,91
Mayorkun,TikTok_likes_daily,Q3_2025,net_change,105960.0,8772222.0,8878182.0,92
Mayorkun,TikTok_likes_daily,Q4_2025,net_change,220909.0,8879091.0,9100000.0,92
Mayorkun,Twitter_followers_daily,Q1_2025,net_change,-123.0,3178086.0,3177963.0,73
Mayorkun,Twitter_followers_daily,Q1_2026,net_change,-13043.0,3152704.0,3139661.0,80
Mayorkun,Twitter_followers_daily,Q2_2025,net_change,5531.0,3178505.0,3184036.0,72
Mayorkun,Twitter_followers_daily,Q3_2025,net_change,-10712.0,3183834.0,3173122.0,67
Mayorkun,Twitter_followers_daily,Q4_2025,net_change,-19960.0,3172878.0,3152918.0,90
Mayorkun,Wikipedia_views_daily,Q1_2025,sum,5043.0,54.0,64.0,90
Mayorkun,Wikipedia_views_daily,Q1_2026,sum,4326.0,30.0,45.0,84
Mayorkun,Wikipedia_views_daily,Q2_2025,sum,6949.0,79.0,39.0,91
Mayorkun,Wikipedia_views_daily,Q3_2025,sum,4420.0,35.0,40.0,92
Mayorkun,Wikipedia_views_daily,Q4_2025,sum,4156.0,54.0,29.0,92
Mayorkun,YouTube_channel_views_daily,Q1_2025,sum,7881466082.0,86780040.0,86351730.0,90
Mayorkun,YouTube_channel_views_daily,Q1_2026,sum,8755944540.0,96164640.0,98362390.0,90
Mayorkun,YouTube_channel_views_daily,Q2_2025,sum,7998920676.0,86297740.0,90245336.0,91
Mayorkun,YouTube_channel_views_daily,Q3_2025,sum,8456680652.0,90282190.0,93575160.0,92
Mayorkun,YouTube_channel_views_daily,Q4_2025,sum,8730102972.0,93604080.0,96137944.0,92
Mayorkun,YouTube_subscribers_daily,Q1_2025,net_change,2475.0,261559.0,264034.0,90
Mayorkun,YouTube_subscribers_daily,Q1_2026,net_change,900.0,275100.0,276000.0,90
Mayorkun,YouTube_subscribers_daily,Q2_2025,net_change,5931.0,264069.0,270000.0,91
Mayorkun,YouTube_subscribers_daily,Q3_2025,net_change,2977.0,270023.0,273000.0,92
Mayorkun,YouTube_subscribers_daily,Q4_2025,net_change,2061.0,273022.0,275083.0,92
Mohbad,Deezer_fans_daily,Q1_2025,net_change,616.0,47278.0,47894.0,90
Mohbad,Deezer_fans_daily,Q1_2026,net_change,316.0,49180.0,49496.0,90
Mohbad,Deezer_fans_daily,Q2_2025,net_change,480.0,47898.0,48378.0,87
Mohbad,Deezer_fans_daily,Q3_2025,net_change,464.0,48384.0,48848.0,91
Mohbad,Deezer_fans_daily,Q4_2025,net_change,327.0,48849.0,49176.0,92
Mohbad,Instagram_followers_daily,Q1_2025,net_change,-89875.0,1849022.0,1759147.0,88
Mohbad,Instagram_followers_daily,Q1_2026,net_change,-28123.0,1590698.0,1562575.0,89
Mohbad,Instagram_followers_daily,Q2_2025,net_change,-81571.0,1758506.0,1676935.0,89
Mohbad,Instagram_followers_daily,Q3_2025,net_change,-50692.0,1676350.0,1625658.0,60
Mohbad,Instagram_followers_daily,Q4_2025,net_change,-34010.0,1625026.0,1591016.0,81
Mohbad,Soundcloud_followers_daily,Q1_2025,net_change,128.0,3370.0,3498.0,66
Mohbad,Soundcloud_followers_daily,Q1_2026,net_change,47.0,3817.0,3864.0,90
Mohbad,Soundcloud_followers_daily,Q2_2025,net_change,121.0,3500.0,3621.0,78
Mohbad,Soundcloud_followers_daily,Q3_2025,net_change,118.0,3622.0,3740.0,86
Mohbad,Soundcloud_followers_daily,Q4_2025,net_change,72.0,3743.0,3815.0,83
Mohbad,Spotify_followers_daily,Q1_2025,net_change,163220.0,1639168.0,1802388.0,90
Mohbad,Spotify_followers_daily,Q1_2026,net_change,52816.0,2240969.0,2293785.0,90
Mohbad,Spotify_followers_daily,Q2_2025,net_change,172276.0,1803755.0,1976031.0,91
Mohbad,Spotify_followers_daily,Q3_2025,net_change,168874.0,1977374.0,2146248.0,92
Mohbad,Spotify_followers_daily,Q4_2025,net_change,92596.0,2147862.0,2240458.0,92
Mohbad,Spotify_monthly_listeners_daily,Q1_2025,net_change,-41246.0,1373517.0,1332271.0,90
Mohbad,Spotify_monthly_listeners_daily,Q1_2026,net_change,-15791.0,1493468.0,1477677.0,90
Mohbad,Spotify_monthly_listeners_daily,Q2_2025,net_change,208512.0,1333284.0,1541796.0,91
Mohbad,Spotify_monthly_listeners_daily,Q3_2025,net_change,-49845.0,1542612.0,1492767.0,92
Mohbad,Spotify_monthly_listeners_daily,Q4_2025,net_change,-5232.0,1492838.0,1487606.0,92
Mohbad,Spotify_popularity_daily,Q1_2025,last_value,59.0,61.0,59.0,75
Mohbad,Spotify_popularity_daily,Q1_2026,last_value,59.0,61.0,59.0,64
Mohbad,Spotify_popularity_daily,Q2_2025,last_value,62.0,60.0,62.0,44
Mohbad,Spotify_popularity_daily,Q3_2025,last_value,63.0,62.0,63.0,84
Mohbad,Spotify_popularity_daily,Q4_2025,last_value,61.0,63.0,61.0,78
Mohbad,TikTok_followers_daily,Q1_2025,net_change,11210.0,456890.0,468100.0,90
Mohbad,TikTok_followers_daily,Q1_2026,net_change,2537.0,479463.0,482000.0,90
Mohbad,TikTok_followers_daily,Q2_2025,net_change,2500.0,468200.0,470700.0,91
Mohbad,TikTok_followers_daily,Q3_2025,net_change,10100.0,470950.0,481050.0,92
Mohbad,TikTok_followers_daily,Q4_2025,net_change,-1605.0,481063.0,479458.0,92
Mohbad,TikTok_likes_daily,Q1_2025,net_change,254217.0,2881721.0,3135938.0,90
Mohbad,TikTok_likes_daily,Q1_2026,net_change,107292.0,3692708.0,3800000.0,90
Mohbad,TikTok_likes_daily,Q2_2025,net_change,186030.0,3137500.0,3323530.0,91
Mohbad,TikTok_likes_daily,Q3_2025,net_change,262588.0,3329412.0,3592000.0,92
Mohbad,TikTok_likes_daily,Q4_2025,net_change,97667.0,3594000.0,3691667.0,92
Mohbad,Twitter_followers_daily,Q1_2025,net_change,-5761.0,487829.0,482068.0,74
Mohbad,Twitter_followers_daily,Q1_2026,net_change,-4369.0,467303.0,462934.0,72
Mohbad,Twitter_followers_daily,Q2_2025,net_change,-4418.0,482139.0,477721.0,73
Mohbad,Twitter_followers_daily,Q3_2025,net_change,-4649.0,477634.0,472985.0,67
Mohbad,Twitter_followers_daily,Q4_2025,net_change,-5547.0,472913.0,467366.0,90
Mohbad,Wikipedia_views_daily,Q1_2025,sum,37068.0,388.0,295.0,90
Mohbad,Wikipedia_views_daily,Q1_2026,sum,19445.0,228.0,175.0,84
Mohbad,Wikipedia_views_daily,Q2_2025,sum,34743.0,263.0,493.0,91
Mohbad,Wikipedia_views_daily,Q3_2025,sum,38980.0,383.0,255.0,92
Mohbad,Wikipedia_views_daily,Q4_2025,sum,23161.0,220.0,198.0,92
Mohbad,YouTube_channel_views_daily,Q1_2025,sum,4362658368.0,46881068.0,49399660.0,90
Mohbad,YouTube_channel_views_daily,Q1_2026,sum,5468632052.0,59332976.0,62235420.0,90
Mohbad,YouTube_channel_views_daily,Q2_2025,sum,4659629034.0,49445264.0,52812200.0,91
Mohbad,YouTube_channel_views_daily,Q3_2025,sum,5023930400.0,52847600.0,56352812.0,92
Mohbad,YouTube_channel_views_daily,Q4_2025,sum,5320940502.0,56392490.0,59300004.0,92
Mohbad,YouTube_subscribers_daily,Q1_2025,net_change,2221.0,58050.0,60271.0,90
Mohbad,YouTube_subscribers_daily,Q1_2026,net_change,1775.0,67425.0,69200.0,90
Mohbad,YouTube_subscribers_daily,Q2_2025,net_change,2094.0,60286.0,62380.0,91
Mohbad,YouTube_subscribers_daily,Q3_2025,net_change,2950.0,62400.0,65350.0,92
Mohbad,YouTube_subscribers_daily,Q4_2025,net_change,2025.0,65375.0,67400.0,92
Mr Eazi,Bandsintown_followers_daily,Q1_2025,net_change,1022.0,44542.0,45564.0,88
Mr Eazi,Bandsintown_followers_daily,Q2_2025,net_change,1459.0,45702.0,47161.0,29
Mr Eazi,Bandsintown_followers_daily,Q3_2025,net_change,1724.0,47274.0,48998.0,27
Mr Eazi,Bandsintown_followers_daily,Q4_2025,net_change,815.0,49052.0,49867.0,13
Mr Eazi,Deezer_fans_daily,Q1_2025,net_change,2003.0,335391.0,337394.0,90
Mr Eazi,Deezer_fans_daily,Q1_2026,net_change,2326.0,344670.0,346996.0,90
Mr Eazi,Deezer_fans_daily,Q2_2025,net_change,2175.0,337417.0,339592.0,90
Mr Eazi,Deezer_fans_daily,Q3_2025,net_change,2558.0,339610.0,342168.0,92
Mr Eazi,Deezer_fans_daily,Q4_2025,net_change,2451.0,342194.0,344645.0,92
Mr Eazi,Facebook_followers_daily,Q1_2025,net_change,-19969.0,2026717.0,2006748.0,56
Mr Eazi,Facebook_followers_daily,Q1_2026,net_change,0.0,2000000.0,2000000.0,15
Mr Eazi,Facebook_followers_daily,Q2_2025,net_change,-106446.0,2006446.0,1900000.0,18
Mr Eazi,Facebook_followers_daily,Q3_2025,net_change,100000.0,1900000.0,2000000.0,28
Mr Eazi,Facebook_followers_daily,Q4_2025,net_change,0.0,2000000.0,2000000.0,49
Mr Eazi,Facebook_likes_daily,Q1_2025,net_change,-19969.0,2026717.0,2006748.0,56
Mr Eazi,Facebook_likes_daily,Q1_2026,net_change,2072996.0,0.0,2072996.0,15
Mr Eazi,Facebook_likes_daily,Q2_2025,net_change,-9380.0,2006446.0,1997066.0,18
Mr Eazi,Facebook_likes_daily,Q3_2025,net_change,0.0,0.0,0.0,28
Mr Eazi,Facebook_likes_daily,Q4_2025,net_change,0.0,0.0,0.0,49
Mr Eazi,Facebook_talks_daily,Q1_2025,sum,81222.0,1000.0,738.0,56
Mr Eazi,Facebook_talks_daily,Q1_2026,sum,134835.0,20221.0,3178.0,15
Mr Eazi,Facebook_talks_daily,Q2_2025,sum,12258.0,792.0,714.0,18
Mr Eazi,Facebook_talks_daily,Q3_2025,sum,555634.0,1865.0,66075.0,28
Mr Eazi,Facebook_talks_daily,Q4_2025,sum,2604483.0,26838.0,38987.0,49
Mr Eazi,Instagram_followers_daily,Q1_2025,net_change,-49493.0,4558340.0,4508847.0,89
Mr Eazi,Instagram_followers_daily,Q1_2026,net_change,39776.0,4698073.0,4737849.0,89
Mr Eazi,Instagram_followers_daily,Q2_2025,net_change,-48405.0,4508458.0,4460053.0,89
Mr Eazi,Instagram_followers_daily,Q3_2025,net_change,238641.0,4459540.0,4698181.0,60
Mr Eazi,Instagram_followers_daily,Q4_2025,net_change,-146.0,4698282.0,4698136.0,82
Mr Eazi,Soundcloud_followers_daily,Q1_2025,net_change,178.0,40033.0,40211.0,57
Mr Eazi,Soundcloud_followers_daily,Q1_2026,net_change,169.0,40821.0,40990.0,90
Mr Eazi,Soundcloud_followers_daily,Q2_2025,net_change,184.0,40211.0,40395.0,88
Mr Eazi,Soundcloud_followers_daily,Q3_2025,net_change,208.0,40393.0,40601.0,86
Mr Eazi,Soundcloud_followers_daily,Q4_2025,net_change,211.0,40607.0,40818.0,88
Mr Eazi,Spotify_followers_daily,Q1_2025,net_change,3162.0,1552142.0,1555304.0,90
Mr Eazi,Spotify_followers_daily,Q1_2026,net_change,12954.0,1606045.0,1618999.0,90
Mr Eazi,Spotify_followers_daily,Q2_2025,net_change,7067.0,1555336.0,1562403.0,91
Mr Eazi,Spotify_followers_daily,Q3_2025,net_change,17614.0,1562475.0,1580089.0,92
Mr Eazi,Spotify_followers_daily,Q4_2025,net_change,25485.0,1580380.0,1605865.0,92
Mr Eazi,Spotify_monthly_listeners_daily,Q1_2025,net_change,372994.0,3280269.0,3653263.0,90
Mr Eazi,Spotify_monthly_listeners_daily,Q1_2026,net_change,748444.0,4615783.0,5364227.0,90
Mr Eazi,Spotify_monthly_listeners_daily,Q2_2025,net_change,432886.0,3655123.0,4088009.0,91
Mr Eazi,Spotify_monthly_listeners_daily,Q3_2025,net_change,537544.0,4092553.0,4630097.0,92
Mr Eazi,Spotify_monthly_listeners_daily,Q4_2025,net_change,-55802.0,4642820.0,4587018.0,92
Mr Eazi,Spotify_popularity_daily,Q1_2025,last_value,62.0,62.0,62.0,79
Mr Eazi,Spotify_popularity_daily,Q1_2026,last_value,63.0,63.0,63.0,79
Mr Eazi,Spotify_popularity_daily,Q2_2025,last_value,64.0,62.0,64.0,49
Mr Eazi,Spotify_popularity_daily,Q3_2025,last_value,65.0,64.0,65.0,89
Mr Eazi,Spotify_popularity_daily,Q4_2025,last_value,63.0,65.0,63.0,78
Mr Eazi,TikTok_followers_daily,Q1_2025,net_change,-2100.0,652100.0,650000.0,90
Mr Eazi,TikTok_followers_daily,Q1_2026,net_change,0.0,1400000.0,1400000.0,90
Mr Eazi,TikTok_followers_daily,Q2_2025,net_change,70800.0,649900.0,720700.0,91
Mr Eazi,TikTok_followers_daily,Q3_2025,net_change,591400.0,721100.0,1312500.0,92
Mr Eazi,TikTok_followers_daily,Q4_2025,net_change,84375.0,1315625.0,1400000.0,89
Mr Eazi,TikTok_likes_daily,Q1_2025,net_change,49720.0,3120671.0,3170391.0,90
Mr Eazi,TikTok_likes_daily,Q1_2026,net_change,2356410.0,24676924.0,27033334.0,90
Mr Eazi,TikTok_likes_daily,Q2_2025,net_change,1189050.0,3170950.0,4360000.0,91
Mr Eazi,TikTok_likes_daily,Q3_2025,net_change,12720000.0,4380000.0,17100000.0,91
Mr Eazi,TikTok_likes_daily,Q4_2025,net_change,7269230.0,17400000.0,24669230.0,92
Mr Eazi,Twitter_followers_daily,Q1_2025,net_change,6344.0,3096020.0,3102364.0,75
Mr Eazi,Twitter_followers_daily,Q1_2026,net_change,5883.0,3144652.0,3150535.0,80
Mr Eazi,Twitter_followers_daily,Q2_2025,net_change,6518.0,3102521.0,3109039.0,73
Mr Eazi,Twitter_followers_daily,Q3_2025,net_change,34468.0,3109117.0,3143585.0,69
Mr Eazi,Twitter_followers_daily,Q4_2025,net_change,1048.0,3143590.0,3144638.0,91
Mr Eazi,Wikipedia_views_daily,Q1_2025,sum,18171.0,241.0,160.0,90
Mr Eazi,Wikipedia_views_daily,Q1_2026,sum,20106.0,323.0,187.0,84
Mr Eazi,Wikipedia_views_daily,Q2_2025,sum,17951.0,123.0,207.0,91
Mr Eazi,Wikipedia_views_daily,Q3_2025,sum,158863.0,200.0,524.0,92
Mr Eazi,Wikipedia_views_daily,Q4_2025,sum,26739.0,526.0,283.0,92
Mr Eazi,YouTube_artist_daily_views,Q1_2025,sum,9595749.0,123628.0,151000.0,71
Mr Eazi,YouTube_artist_daily_views,Q1_2026,sum,12305544.0,139841.0,147025.0,75
Mr Eazi,YouTube_artist_daily_views,Q2_2025,sum,6768665.0,132917.0,157330.0,45
Mr Eazi,YouTube_artist_daily_views,Q3_2025,sum,10496033.0,169278.0,199736.0,45
Mr Eazi,YouTube_artist_daily_views,Q4_2025,sum,9428019.0,200242.0,146688.0,45
Mr Eazi,YouTube_artist_monthly_views,Q1_2025,sum,269670231.0,3828660.0,3709629.0,71
Mr Eazi,YouTube_artist_monthly_views,Q1_2026,sum,200860121.0,6644652.0,4224531.0,42
Mr Eazi,YouTube_artist_monthly_views,Q2_2025,sum,186062028.0,3742138.0,4195246.0,45
Mr Eazi,YouTube_artist_monthly_views,Q3_2025,sum,265990386.0,4174625.0,7384871.0,45
Mr Eazi,YouTube_artist_monthly_views,Q4_2025,sum,276982159.0,7481825.0,6879246.0,45
Mr Eazi,YouTube_channel_views_daily,Q1_2025,sum,49333408270.0,544084300.0,552343040.0,90
Mr Eazi,YouTube_channel_views_daily,Q1_2026,sum,54411692000.0,599490940.0,609857150.0,90
Mr Eazi,YouTube_channel_views_daily,Q2_2025,sum,50731860230.0,552453600.0,562679900.0,91
Mr Eazi,YouTube_channel_views_daily,Q3_2025,sum,52494877740.0,562797100.0,581170300.0,92
Mr Eazi,YouTube_channel_views_daily,Q4_2025,sum,54258983100.0,581375100.0,599368960.0,92
Mr Eazi,YouTube_subscribers_daily,Q1_2025,net_change,9517.0,1255275.0,1264792.0,90
Mr Eazi,YouTube_subscribers_daily,Q1_2026,net_change,6442.0,1323558.0,1330000.0,90
Mr Eazi,YouTube_subscribers_daily,Q2_2025,net_change,11612.0,1264896.0,1276508.0,91
Mr Eazi,YouTube_subscribers_daily,Q3_2025,net_change,32083.0,1276667.0,1308750.0,92
Mr Eazi,YouTube_subscribers_daily,Q4_2025,net_change,14087.0,1309375.0,1323462.0,92
Mr Real,Deezer_fans_daily,Q1_2025,net_change,2.0,81.0,83.0,8
Mr Real,Deezer_fans_daily,Q1_2026,net_change,6.0,99.0,105.0,9
Mr Real,Deezer_fans_daily,Q2_2025,net_change,6.0,83.0,89.0,9
Mr Real,Deezer_fans_daily,Q3_2025,net_change,3.0,89.0,92.0,8
Mr Real,Deezer_fans_daily,Q4_2025,net_change,2.0,96.0,98.0,8
Mr Real,Facebook_followers_daily,Q1_2025,net_change,-7.0,609.0,602.0,34
Mr Real,Facebook_followers_daily,Q1_2026,net_change,0.0,580.0,580.0,5
Mr Real,Facebook_followers_daily,Q2_2025,net_change,-2.0,602.0,600.0,15
Mr Real,Facebook_likes_daily,Q1_2025,net_change,-7.0,609.0,602.0,34
Mr Real,Facebook_likes_daily,Q1_2026,net_change,0.0,0.0,0.0,5
Mr Real,Facebook_likes_daily,Q2_2025,net_change,-2.0,602.0,600.0,15
Mr Real,Facebook_talks_daily,Q1_2025,sum,4.0,0.0,0.0,34
Mr Real,Facebook_talks_daily,Q1_2026,sum,1.0,0.0,0.0,5
Mr Real,Facebook_talks_daily,Q2_2025,sum,0.0,0.0,0.0,15
Mr Real,Instagram_followers_daily,Q1_2025,net_change,-12309.0,709786.0,697477.0,68
Mr Real,Instagram_followers_daily,Q1_2026,net_change,0.0,692682.0,692682.0,1
Mr Real,Instagram_followers_daily,Q2_2025,net_change,-12400.0,697335.0,684935.0,58
Mr Real,Instagram_followers_daily,Q4_2025,net_change,0.0,679777.0,679777.0,2
Mr Real,Spotify_followers_daily,Q1_2025,net_change,529.0,17687.0,18216.0,180
Mr Real,Spotify_followers_daily,Q1_2026,net_change,694.0,20571.0,21265.0,90
Mr Real,Spotify_followers_daily,Q2_2025,net_change,476.0,18219.0,18695.0,182
Mr Real,Spotify_followers_daily,Q3_2025,net_change,666.0,18695.0,19361.0,184
Mr Real,Spotify_followers_daily,Q4_2025,net_change,1181.0,19369.0,20550.0,184
Mr Real,Spotify_monthly_listeners_daily,Q1_2025,net_change,7582.0,36212.0,43794.0,180
Mr Real,Spotify_monthly_listeners_daily,Q1_2026,net_change,5973.0,51899.0,57872.0,90
Mr Real,Spotify_monthly_listeners_daily,Q2_2025,net_change,1535.0,43978.0,45513.0,182
Mr Real,Spotify_monthly_listeners_daily,Q3_2025,net_change,-1656.0,45513.0,43857.0,184
Mr Real,Spotify_monthly_listeners_daily,Q4_2025,net_change,7908.0,43875.0,51783.0,184
Mr Real,Spotify_popularity_daily,Q1_2025,last_value,27.0,28.0,27.0,23
Mr Real,Spotify_popularity_daily,Q1_2026,last_value,26.0,28.0,26.0,22
Mr Real,Spotify_popularity_daily,Q2_2025,last_value,27.0,27.0,27.0,15
Mr Real,Spotify_popularity_daily,Q3_2025,last_value,28.0,29.0,28.0,3
Mr Real,Spotify_popularity_daily,Q4_2025,last_value,27.0,24.0,27.0,3
Mr Real,Wikipedia_views_daily,Q1_2025,sum,1672.0,6.0,12.0,180
Mr Real,Wikipedia_views_daily,Q1_2026,sum,46.0,10.0,5.0,4
Mr Real,Wikipedia_views_daily,Q2_2025,sum,2320.0,15.0,5.0,180
Mr Real,Wikipedia_views_daily,Q3_2025,sum,1766.0,14.0,37.0,174
Mr Real,Wikipedia_views_daily,Q4_2025,sum,3402.0,44.0,18.0,184
Mr Real,YouTube_channel_views_daily,Q1_2026,sum,872173131.0,15301283.0,15301283.0,57
Mr Real,YouTube_subscribers_daily,Q1_2026,net_change,0.0,42400.0,42400.0,57
Naeto C,Deezer_fans_daily,Q1_2025,net_change,2.0,12989.0,12991.0,8
Naeto C,Deezer_fans_daily,Q1_2026,net_change,11.0,13021.0,13032.0,9
Naeto C,Deezer_fans_daily,Q2_2025,net_change,4.0,12991.0,12995.0,9
Naeto C,Deezer_fans_daily,Q3_2025,net_change,16.0,12997.0,13013.0,8
Naeto C,Deezer_fans_daily,Q4_2025,net_change,7.0,13013.0,13020.0,8
Naeto C,Facebook_followers_daily,Q1_2025,net_change,-4273.0,463639.0,459366.0,34
Naeto C,Facebook_followers_daily,Q2_2025,net_change,-1427.0,459303.0,457876.0,15
Naeto C,Facebook_likes_daily,Q1_2025,net_change,-4273.0,463639.0,459366.0,34
Naeto C,Facebook_likes_daily,Q2_2025,net_change,-1427.0,459303.0,457876.0,15
Naeto C,Facebook_talks_daily,Q1_2025,sum,2363.0,122.0,64.0,34
Naeto C,Facebook_talks_daily,Q2_2025,sum,847.0,62.0,65.0,15
Naeto C,Instagram_followers_daily,Q1_2025,net_change,-1463.0,196633.0,195170.0,74
Naeto C,Instagram_followers_daily,Q1_2026,net_change,0.0,189812.0,189812.0,1
Naeto C,Instagram_followers_daily,Q2_2025,net_change,-1577.0,194728.0,193151.0,56
Naeto C,Instagram_followers_daily,Q4_2025,net_change,0.0,188955.0,188955.0,2
Naeto C,Soundcloud_followers_daily,Q1_2025,net_change,0.0,437.0,437.0,114
Naeto C,Soundcloud_followers_daily,Q1_2026,net_change,-1.0,438.0,437.0,90
Naeto C,Soundcloud_followers_daily,Q2_2025,net_change,1.0,437.0,438.0,152
Naeto C,Soundcloud_followers_daily,Q3_2025,net_change,0.0,438.0,438.0,180
Naeto C,Soundcloud_followers_daily,Q4_2025,net_change,0.0,438.0,438.0,118
Naeto C,Spotify_followers_daily,Q1_2025,net_change,2327.0,124567.0,126894.0,180
Naeto C,Spotify_followers_daily,Q1_2026,net_change,920.0,135051.0,135971.0,90
Naeto C,Spotify_followers_daily,Q2_2025,net_change,3003.0,126922.0,129925.0,182
Naeto C,Spotify_followers_daily,Q3_2025,net_change,2797.0,129957.0,132754.0,184
Naeto C,Spotify_followers_daily,Q4_2025,net_change,2248.0,132776.0,135024.0,184
Naeto C,Spotify_monthly_listeners_daily,Q1_2025,net_change,19461.0,53966.0,73427.0,90
Naeto C,Spotify_monthly_listeners_daily,Q1_2026,net_change,-3942.0,109538.0,105596.0,90
Naeto C,Spotify_monthly_listeners_daily,Q2_2025,net_change,11221.0,73815.0,85036.0,182
Naeto C,Spotify_monthly_listeners_daily,Q3_2025,net_change,15459.0,85202.0,100661.0,184
Naeto C,Spotify_monthly_listeners_daily,Q4_2025,net_change,8824.0,100830.0,109654.0,92
Naeto C,Spotify_popularity_daily,Q1_2025,last_value,34.0,32.0,34.0,79
Naeto C,Spotify_popularity_daily,Q1_2026,last_value,37.0,37.0,37.0,1
Naeto C,Spotify_popularity_daily,Q2_2025,last_value,34.0,34.0,34.0,45
Naeto C,Spotify_popularity_daily,Q3_2025,last_value,37.0,36.0,37.0,4
Naeto C,Spotify_popularity_daily,Q4_2025,last_value,36.0,34.0,36.0,4
Naeto C,Wikipedia_views_daily,Q1_2025,sum,6816.0,39.0,31.0,180
Naeto C,Wikipedia_views_daily,Q1_2026,sum,5222.0,40.0,64.0,81
Naeto C,Wikipedia_views_daily,Q2_2025,sum,11950.0,34.0,54.0,170
Naeto C,Wikipedia_views_daily,Q3_2025,sum,8544.0,31.0,55.0,170
Naeto C,Wikipedia_views_daily,Q4_2025,sum,8808.0,63.0,39.0,180
Naira Marley,Deezer_fans_daily,Q1_2025,net_change,478.0,150028.0,150506.0,89
Naira Marley,Deezer_fans_daily,Q1_2026,net_change,409.0,151580.0,151989.0,90
Naira Marley,Deezer_fans_daily,Q2_2025,net_change,398.0,150509.0,150907.0,90
Naira Marley,Deezer_fans_daily,Q3_2025,net_change,390.0,150911.0,151301.0,92
Naira Marley,Deezer_fans_daily,Q4_2025,net_change,274.0,151304.0,151578.0,92
Naira Marley,Facebook_followers_daily,Q1_2025,net_change,-8860.0,635122.0,626262.0,56
Naira Marley,Facebook_followers_daily,Q1_2026,net_change,-6000.0,567000.0,561000.0,12
Naira Marley,Facebook_followers_daily,Q2_2025,net_change,-5978.0,626330.0,620352.0,14
Naira Marley,Facebook_followers_daily,Q3_2025,net_change,0.0,586000.0,586000.0,1
Naira Marley,Facebook_likes_daily,Q1_2025,net_change,-8860.0,635122.0,626262.0,56
Naira Marley,Facebook_likes_daily,Q1_2026,net_change,561164.0,0.0,561164.0,12
Naira Marley,Facebook_likes_daily,Q2_2025,net_change,-5978.0,626330.0,620352.0,14
Naira Marley,Facebook_likes_daily,Q3_2025,net_change,0.0,0.0,0.0,1
Naira Marley,Facebook_talks_daily,Q1_2025,sum,79145.0,1000.0,3948.0,56
Naira Marley,Facebook_talks_daily,Q1_2026,sum,11945.0,1378.0,944.0,12
Naira Marley,Facebook_talks_daily,Q2_2025,sum,30724.0,5343.0,1122.0,14
Naira Marley,Facebook_talks_daily,Q3_2025,sum,1164.0,1164.0,1164.0,1
Naira Marley,Instagram_followers_daily,Q1_2025,net_change,-134880.0,6694180.0,6559300.0,89
Naira Marley,Instagram_followers_daily,Q1_2026,net_change,-46550.0,6411526.0,6364976.0,89
Naira Marley,Instagram_followers_daily,Q2_2025,net_change,-122778.0,6558730.0,6435952.0,89
Naira Marley,Instagram_followers_daily,Q3_2025,net_change,32929.0,6435747.0,6468676.0,60
Naira Marley,Instagram_followers_daily,Q4_2025,net_change,-57471.0,6467680.0,6410209.0,82
Naira Marley,Soundcloud_followers_daily,Q1_2025,net_change,89.0,23305.0,23394.0,4
Naira Marley,Soundcloud_followers_daily,Q1_2026,net_change,177.0,23970.0,24147.0,90
Naira Marley,Soundcloud_followers_daily,Q2_2025,net_change,175.0,23441.0,23616.0,12
Naira Marley,Soundcloud_followers_daily,Q3_2025,net_change,168.0,23625.0,23793.0,6
Naira Marley,Soundcloud_followers_daily,Q4_2025,net_change,163.0,23803.0,23966.0,62
Naira Marley,Spotify_followers_daily,Q1_2025,net_change,141354.0,1114410.0,1255764.0,90
Naira Marley,Spotify_followers_daily,Q1_2026,net_change,84361.0,1537181.0,1621542.0,90
Naira Marley,Spotify_followers_daily,Q2_2025,net_change,111640.0,1257315.0,1368955.0,91
Naira Marley,Spotify_followers_daily,Q3_2025,net_change,104578.0,1370126.0,1474704.0,92
Naira Marley,Spotify_followers_daily,Q4_2025,net_change,60237.0,1475946.0,1536183.0,92
Naira Marley,Spotify_monthly_listeners_daily,Q1_2025,net_change,145051.0,1424833.0,1569884.0,90
Naira Marley,Spotify_monthly_listeners_daily,Q1_2026,net_change,36931.0,1623337.0,1660268.0,90
Naira Marley,Spotify_monthly_listeners_daily,Q2_2025,net_change,-103929.0,1572136.0,1468207.0,91
Naira Marley,Spotify_monthly_listeners_daily,Q3_2025,net_change,150680.0,1466983.0,1617663.0,92
Naira Marley,Spotify_monthly_listeners_daily,Q4_2025,net_change,-5425.0,1614580.0,1609155.0,92
Naira Marley,Spotify_popularity_daily,Q1_2025,last_value,61.0,62.0,61.0,85
Naira Marley,Spotify_popularity_daily,Q1_2026,last_value,59.0,61.0,59.0,77
Naira Marley,Spotify_popularity_daily,Q2_2025,last_value,61.0,61.0,61.0,47
Naira Marley,Spotify_popularity_daily,Q3_2025,last_value,62.0,61.0,62.0,88
Naira Marley,Spotify_popularity_daily,Q4_2025,last_value,59.0,62.0,59.0,76
Naira Marley,TikTok_followers_daily,Q1_2025,net_change,141570.0,2486000.0,2627570.0,90
Naira Marley,TikTok_followers_daily,Q1_2026,net_change,108411.0,2791589.0,2900000.0,90
Naira Marley,TikTok_followers_daily,Q2_2025,net_change,42056.0,2628038.0,2670094.0,91
Naira Marley,TikTok_followers_daily,Q3_2025,net_change,34112.0,2670561.0,2704673.0,92
Naira Marley,TikTok_followers_daily,Q4_2025,net_change,85046.0,2705608.0,2790654.0,92
Naira Marley,TikTok_likes_daily,Q1_2025,net_change,2622728.0,17250000.0,19872728.0,90
Naira Marley,TikTok_likes_daily,Q1_2026,net_change,1787500.0,25212500.0,27000000.0,90
Naira Marley,TikTok_likes_daily,Q2_2025,net_change,1710228.0,19877272.0,21587500.0,91
Naira Marley,TikTok_likes_daily,Q3_2025,net_change,2064706.0,21600000.0,23664706.0,92
Naira Marley,TikTok_likes_daily,Q4_2025,net_change,1454412.0,23670588.0,25125000.0,92
Naira Marley,Twitter_followers_daily,Q1_2025,net_change,78377.0,5199487.0,5277864.0,74
Naira Marley,Twitter_followers_daily,Q1_2026,net_change,16428.0,5353526.0,5369954.0,80
Naira Marley,Twitter_followers_daily,Q2_2025,net_change,37540.0,5279384.0,5316924.0,73
Naira Marley,Twitter_followers_daily,Q3_2025,net_change,29551.0,5317053.0,5346604.0,67
Naira Marley,Twitter_followers_daily,Q4_2025,net_change,6810.0,5346570.0,5353380.0,91
Naira Marley,Wikipedia_views_daily,Q1_2025,sum,22176.0,207.0,238.0,90
Naira Marley,Wikipedia_views_daily,Q1_2026,sum,17568.0,165.0,137.0,84
Naira Marley,Wikipedia_views_daily,Q2_2025,sum,23116.0,211.0,171.0,89
Naira Marley,Wikipedia_views_daily,Q3_2025,sum,24621.0,161.0,199.0,92
Naira Marley,Wikipedia_views_daily,Q4_2025,sum,14405.0,169.0,210.0,90
Naira Marley,YouTube_channel_views_daily,Q1_2025,sum,28146693310.0,304883400.0,320053280.0,90
Naira Marley,YouTube_channel_views_daily,Q1_2026,sum,33076583350.0,360140220.0,372096130.0,90
Naira Marley,YouTube_channel_views_daily,Q2_2025,sum,29778377750.0,320268100.0,334396540.0,91
Naira Marley,YouTube_channel_views_daily,Q3_2025,sum,31312460140.0,334530200.0,347141760.0,92
Naira Marley,YouTube_channel_views_daily,Q4_2025,sum,32507332000.0,347282620.0,359915680.0,92
Naira Marley,YouTube_subscribers_daily,Q1_2025,net_change,33247.0,1118182.0,1151429.0,90
Naira Marley,YouTube_subscribers_daily,Q1_2026,net_change,25385.0,1244615.0,1270000.0,90
Naira Marley,YouTube_subscribers_daily,Q2_2025,net_change,24669.0,1151714.0,1176383.0,91
Naira Marley,YouTube_subscribers_daily,Q3_2025,net_change,43648.0,1176596.0,1220244.0,92
Naira Marley,YouTube_subscribers_daily,Q4_2025,net_change,23358.0,1220488.0,1243846.0,92
Niniola,Deezer_fans_daily,Q1_2025,net_change,58.0,8659.0,8717.0,89
Niniola,Deezer_fans_daily,Q1_2026,net_change,70.0,8960.0,9030.0,90
Niniola,Deezer_fans_daily,Q2_2025,net_change,58.0,8717.0,8775.0,90
Niniola,Deezer_fans_daily,Q3_2025,net_change,83.0,8775.0,8858.0,92
Niniola,Deezer_fans_daily,Q4_2025,net_change,100.0,8859.0,8959.0,92
Niniola,Facebook_followers_daily,Q1_2025,net_change,-20406.0,1245244.0,1224838.0,56
Niniola,Facebook_followers_daily,Q1_2026,net_change,0.0,1100000.0,1100000.0,11
Niniola,Facebook_followers_daily,Q2_2025,net_change,-5134.0,1224563.0,1219429.0,14
Niniola,Facebook_followers_daily,Q3_2025,net_change,0.0,1100000.0,1100000.0,1
Niniola,Facebook_likes_daily,Q1_2025,net_change,-20406.0,1245244.0,1224838.0,56
Niniola,Facebook_likes_daily,Q1_2026,net_change,1158099.0,0.0,1158099.0,11
Niniola,Facebook_likes_daily,Q2_2025,net_change,-5134.0,1224563.0,1219429.0,14
Niniola,Facebook_likes_daily,Q3_2025,net_change,0.0,0.0,0.0,1
Niniola,Facebook_talks_daily,Q1_2025,sum,21658.0,373.0,337.0,56
Niniola,Facebook_talks_daily,Q1_2026,sum,4264.0,2231.0,217.0,11
Niniola,Facebook_talks_daily,Q2_2025,sum,2953.0,302.0,159.0,14
Niniola,Facebook_talks_daily,Q3_2025,sum,1406.0,1406.0,1406.0,1
Niniola,Instagram_followers_daily,Q1_2025,net_change,-8164.0,1260936.0,1252772.0,88
Niniola,Instagram_followers_daily,Q1_2026,net_change,-14551.0,1268703.0,1254152.0,89
Niniola,Instagram_followers_daily,Q2_2025,net_change,38355.0,1252611.0,1290966.0,89
Niniola,Instagram_followers_daily,Q3_2025,net_change,-16697.0,1291821.0,1275124.0,60
Niniola,Instagram_followers_daily,Q4_2025,net_change,-6140.0,1274912.0,1268772.0,81
Niniola,Soundcloud_followers_daily,Q1_2025,net_change,0.0,6279.0,6279.0,1
Niniola,Soundcloud_followers_daily,Q1_2026,net_change,5.0,6324.0,6329.0,87
Niniola,Soundcloud_followers_daily,Q2_2025,net_change,0.0,6296.0,6296.0,4
Niniola,Soundcloud_followers_daily,Q4_2025,net_change,7.0,6316.0,6323.0,37
Niniola,Spotify_followers_daily,Q1_2025,net_change,-60.0,389841.0,389781.0,90
Niniola,Spotify_followers_daily,Q1_2026,net_change,1024.0,396424.0,397448.0,90
Niniola,Spotify_followers_daily,Q2_2025,net_change,5102.0,389772.0,394874.0,91
Niniola,Spotify_followers_daily,Q3_2025,net_change,854.0,394878.0,395732.0,92
Niniola,Spotify_followers_daily,Q4_2025,net_change,678.0,395733.0,396411.0,92
Niniola,Spotify_monthly_listeners_daily,Q1_2025,net_change,-33598.0,234333.0,200735.0,90
Niniola,Spotify_monthly_listeners_daily,Q1_2026,net_change,-60479.0,273262.0,212783.0,90
Niniola,Spotify_monthly_listeners_daily,Q2_2025,net_change,119956.0,200620.0,320576.0,91
Niniola,Spotify_monthly_listeners_daily,Q3_2025,net_change,-10717.0,319345.0,308628.0,92
Niniola,Spotify_monthly_listeners_daily,Q4_2025,net_change,-35252.0,307901.0,272649.0,92
Niniola,Spotify_popularity_daily,Q1_2025,last_value,41.0,43.0,41.0,85
Niniola,Spotify_popularity_daily,Q1_2026,last_value,40.0,43.0,40.0,72
Niniola,Spotify_popularity_daily,Q2_2025,last_value,47.0,41.0,47.0,65
Niniola,Spotify_popularity_daily,Q3_2025,last_value,45.0,47.0,45.0,76
Niniola,Spotify_popularity_daily,Q4_2025,last_value,42.0,45.0,42.0,79
Niniola,Twitter_followers_daily,Q1_2025,net_change,-844.0,303553.0,302709.0,69
Niniola,Twitter_followers_daily,Q1_2026,net_change,-984.0,299824.0,298840.0,79
Niniola,Twitter_followers_daily,Q2_2025,net_change,232.0,302770.0,303002.0,66
Niniola,Twitter_followers_daily,Q4_2025,net_change,-1950.0,301809.0,299859.0,81
Niniola,Wikipedia_views_daily,Q1_2025,sum,7451.0,64.0,65.0,90
Niniola,Wikipedia_views_daily,Q1_2026,sum,5024.0,58.0,40.0,84
Niniola,Wikipedia_views_daily,Q2_2025,sum,9058.0,77.0,74.0,89
Niniola,Wikipedia_views_daily,Q3_2025,sum,5864.0,53.0,50.0,89
Niniola,Wikipedia_views_daily,Q4_2025,sum,8287.0,50.0,55.0,86
Niniola,YouTube_channel_views_daily,Q1_2025,sum,7723732436.0,85426130.0,85180040.0,90
Niniola,YouTube_channel_views_daily,Q1_2026,sum,8618591624.0,94843160.0,96478460.0,90
Niniola,YouTube_channel_views_daily,Q2_2025,sum,7858788992.0,85192430.0,87493830.0,91
Niniola,YouTube_channel_views_daily,Q3_2025,sum,8230526484.0,87512710.0,91855530.0,92
Niniola,YouTube_channel_views_daily,Q4_2025,sum,8610923956.0,91898856.0,94817630.0,92
Niniola,YouTube_subscribers_daily,Q1_2025,net_change,1096.0,118927.0,120023.0,90
Niniola,YouTube_subscribers_daily,Q1_2026,net_change,0.0,126000.0,126000.0,90
Niniola,YouTube_subscribers_daily,Q2_2025,net_change,2173.0,120047.0,122220.0,91
Niniola,YouTube_subscribers_daily,Q3_2025,net_change,2352.0,122237.0,124589.0,92
Niniola,YouTube_subscribers_daily,Q4_2025,net_change,1393.0,124607.0,126000.0,92
Nonso Amadi,Bandsintown_followers_daily,Q1_2025,net_change,264.0,5113.0,5377.0,180
Nonso Amadi,Bandsintown_followers_daily,Q2_2025,net_change,443.0,5400.0,5843.0,62
Nonso Amadi,Bandsintown_followers_daily,Q3_2025,net_change,488.0,5873.0,6361.0,62
Nonso Amadi,Bandsintown_followers_daily,Q4_2025,net_change,241.0,6374.0,6615.0,32
Nonso Amadi,Deezer_fans_daily,Q1_2025,net_change,0.0,6.0,6.0,84
Nonso Amadi,Deezer_fans_daily,Q1_2026,net_change,0.0,6.0,6.0,90
Nonso Amadi,Deezer_fans_daily,Q2_2025,net_change,0.0,6.0,6.0,85
Nonso Amadi,Deezer_fans_daily,Q3_2025,net_change,0.0,6.0,6.0,91
Nonso Amadi,Deezer_fans_daily,Q4_2025,net_change,0.0,6.0,6.0,92
Nonso Amadi,Facebook_followers_daily,Q1_2025,net_change,-5023.0,164958.0,159935.0,51
Nonso Amadi,Facebook_followers_daily,Q1_2026,net_change,-3000.0,140000.0,137000.0,40
Nonso Amadi,Facebook_followers_daily,Q2_2025,net_change,-1867.0,159867.0,158000.0,19
Nonso Amadi,Facebook_followers_daily,Q3_2025,net_change,-13000.0,158000.0,145000.0,45
Nonso Amadi,Facebook_followers_daily,Q4_2025,net_change,-4000.0,145000.0,141000.0,74
Nonso Amadi,Facebook_likes_daily,Q1_2025,net_change,-5023.0,164958.0,159935.0,51
Nonso Amadi,Facebook_likes_daily,Q1_2026,net_change,137586.0,0.0,137586.0,40
Nonso Amadi,Facebook_likes_daily,Q2_2025,net_change,-1374.0,159867.0,158493.0,19
Nonso Amadi,Facebook_likes_daily,Q3_2025,net_change,-158493.0,158493.0,0.0,45
Nonso Amadi,Facebook_likes_daily,Q4_2025,net_change,0.0,0.0,0.0,74
Nonso Amadi,Facebook_talks_daily,Q1_2025,sum,4197.0,92.0,59.0,51
Nonso Amadi,Facebook_talks_daily,Q1_2026,sum,3810.0,82.0,38.0,40
Nonso Amadi,Facebook_talks_daily,Q2_2025,sum,830.0,67.0,45.0,19
Nonso Amadi,Facebook_talks_daily,Q3_2025,sum,180803.0,45.0,257.0,45
Nonso Amadi,Facebook_talks_daily,Q4_2025,sum,107144.0,435.0,237.0,74
Nonso Amadi,Instagram_followers_daily,Q1_2025,net_change,-3213.0,126955.0,123742.0,176
Nonso Amadi,Instagram_followers_daily,Q1_2026,net_change,-1440.0,118523.0,117083.0,89
Nonso Amadi,Instagram_followers_daily,Q2_2025,net_change,-2943.0,123728.0,120785.0,178
Nonso Amadi,Instagram_followers_daily,Q3_2025,net_change,-1394.0,120751.0,119357.0,120
Nonso Amadi,Instagram_followers_daily,Q4_2025,net_change,-788.0,119359.0,118571.0,164
Nonso Amadi,Soundcloud_followers_daily,Q1_2025,net_change,20.0,13628.0,13648.0,154
Nonso Amadi,Soundcloud_followers_daily,Q1_2026,net_change,18.0,13755.0,13773.0,89
Nonso Amadi,Soundcloud_followers_daily,Q2_2025,net_change,21.0,13647.0,13668.0,178
Nonso Amadi,Soundcloud_followers_daily,Q3_2025,net_change,40.0,13668.0,13708.0,184
Nonso Amadi,Soundcloud_followers_daily,Q4_2025,net_change,44.0,13711.0,13755.0,132
Nonso Amadi,Spotify_followers_daily,Q1_2025,net_change,1515.0,220224.0,221739.0,180
Nonso Amadi,Spotify_followers_daily,Q1_2026,net_change,2852.0,227826.0,230678.0,90
Nonso Amadi,Spotify_followers_daily,Q2_2025,net_change,1161.0,221742.0,222903.0,182
Nonso Amadi,Spotify_followers_daily,Q3_2025,net_change,1528.0,222904.0,224432.0,184
Nonso Amadi,Spotify_followers_daily,Q4_2025,net_change,3319.0,224474.0,227793.0,184
Nonso Amadi,Spotify_monthly_listeners_daily,Q1_2025,net_change,-32423.0,400869.0,368446.0,180
Nonso Amadi,Spotify_monthly_listeners_daily,Q1_2026,net_change,32530.0,489985.0,522515.0,90
Nonso Amadi,Spotify_monthly_listeners_daily,Q2_2025,net_change,-12692.0,368219.0,355527.0,91
Nonso Amadi,Spotify_monthly_listeners_daily,Q3_2025,net_change,169175.0,355996.0,525171.0,184
Nonso Amadi,Spotify_monthly_listeners_daily,Q4_2025,net_change,-34288.0,528090.0,493802.0,184
Nonso Amadi,Spotify_popularity_daily,Q1_2025,last_value,48.0,51.0,48.0,85
Nonso Amadi,Spotify_popularity_daily,Q1_2026,last_value,47.0,49.0,47.0,78
Nonso Amadi,Spotify_popularity_daily,Q2_2025,last_value,49.0,48.0,49.0,68
Nonso Amadi,Spotify_popularity_daily,Q3_2025,last_value,50.0,49.0,50.0,90
Nonso Amadi,Spotify_popularity_daily,Q4_2025,last_value,49.0,50.0,49.0,80
Nonso Amadi,TikTok_followers_daily,Q1_2025,net_change,-4.0,24357.0,24353.0,180
Nonso Amadi,TikTok_followers_daily,Q1_2026,net_change,6629.0,51500.0,58129.0,90
Nonso Amadi,TikTok_followers_daily,Q2_2025,net_change,77.0,24352.0,24429.0,182
Nonso Amadi,TikTok_followers_daily,Q3_2025,net_change,17544.0,24436.0,41980.0,184
Nonso Amadi,TikTok_followers_daily,Q4_2025,net_change,9189.0,42320.0,51509.0,184
Nonso Amadi,TikTok_likes_daily,Q1_2025,net_change,1063.0,575950.0,577013.0,180
Nonso Amadi,TikTok_likes_daily,Q1_2026,net_change,163265.0,2536735.0,2700000.0,90
Nonso Amadi,TikTok_likes_daily,Q2_2025,net_change,735.0,577025.0,577760.0,182
Nonso Amadi,TikTok_likes_daily,Q3_2025,net_change,1397230.0,577770.0,1975000.0,184
Nonso Amadi,TikTok_likes_daily,Q4_2025,net_change,523214.0,2012500.0,2535714.0,184
Nonso Amadi,Twitter_followers_daily,Q1_2025,net_change,1181.0,50120.0,51301.0,150
Nonso Amadi,Twitter_followers_daily,Q1_2026,net_change,-356.0,51599.0,51243.0,80
Nonso Amadi,Twitter_followers_daily,Q2_2025,net_change,191.0,51328.0,51519.0,146
Nonso Amadi,Twitter_followers_daily,Q3_2025,net_change,-356.0,51510.0,51154.0,140
Nonso Amadi,Twitter_followers_daily,Q4_2025,net_change,457.0,51149.0,51606.0,182
Nonso Amadi,Wikipedia_views_daily,Q1_2025,sum,4324.0,15.0,24.0,174
Nonso Amadi,Wikipedia_views_daily,Q1_2026,sum,4492.0,52.0,28.0,83
Nonso Amadi,Wikipedia_views_daily,Q2_2025,sum,6024.0,23.0,22.0,182
Nonso Amadi,Wikipedia_views_daily,Q3_2025,sum,6904.0,26.0,30.0,184
Nonso Amadi,Wikipedia_views_daily,Q4_2025,sum,8702.0,55.0,34.0,184
Nonso Amadi,YouTube_channel_views_daily,Q1_2025,sum,4764848814.0,52189816.0,53769836.0,90
Nonso Amadi,YouTube_channel_views_daily,Q1_2026,sum,5751659522.0,62542456.0,65299220.0,90
Nonso Amadi,YouTube_channel_views_daily,Q2_2025,sum,4973484682.0,53775920.0,55521680.0,91
Nonso Amadi,YouTube_channel_views_daily,Q3_2025,sum,5219825230.0,55533308.0,58844868.0,92
Nonso Amadi,YouTube_channel_views_daily,Q4_2025,sum,5597294742.0,58963084.0,62513148.0,92
Nonso Amadi,YouTube_subscribers_daily,Q1_2025,net_change,1574.0,135200.0,136774.0,180
Nonso Amadi,YouTube_subscribers_daily,Q1_2026,net_change,0.0,169000.0,169000.0,90
Nonso Amadi,YouTube_subscribers_daily,Q2_2025,net_change,2256.0,136792.0,139048.0,182
Nonso Amadi,YouTube_subscribers_daily,Q3_2025,net_change,28549.0,139095.0,167644.0,184
Nonso Amadi,YouTube_subscribers_daily,Q4_2025,net_change,1339.0,167661.0,169000.0,184
ODUMODUBLVCK,Bandsintown_followers_daily,Q1_2025,net_change,754.0,3679.0,4433.0,180
ODUMODUBLVCK,Bandsintown_followers_daily,Q2_2025,net_change,1386.0,4433.0,5819.0,62
ODUMODUBLVCK,Bandsintown_followers_daily,Q3_2025,net_change,1870.0,5875.0,7745.0,56
ODUMODUBLVCK,Bandsintown_followers_daily,Q4_2025,net_change,768.0,7831.0,8599.0,28
ODUMODUBLVCK,Deezer_fans_daily,Q1_2025,net_change,1316.0,7456.0,8772.0,88
ODUMODUBLVCK,Deezer_fans_daily,Q1_2026,net_change,1113.0,13013.0,14126.0,90
ODUMODUBLVCK,Deezer_fans_daily,Q2_2025,net_change,1486.0,8776.0,10262.0,89
ODUMODUBLVCK,Deezer_fans_daily,Q3_2025,net_change,1415.0,10276.0,11691.0,91
ODUMODUBLVCK,Deezer_fans_daily,Q4_2025,net_change,1289.0,11715.0,13004.0,92
ODUMODUBLVCK,Instagram_followers_daily,Q1_2025,net_change,-72322.0,1680233.0,1607911.0,178
ODUMODUBLVCK,Instagram_followers_daily,Q1_2026,net_change,36349.0,1934378.0,1970727.0,89
ODUMODUBLVCK,Instagram_followers_daily,Q2_2025,net_change,134601.0,1609803.0,1744404.0,178
ODUMODUBLVCK,Instagram_followers_daily,Q3_2025,net_change,104305.0,1746364.0,1850669.0,120
ODUMODUBLVCK,Instagram_followers_daily,Q4_2025,net_change,82740.0,1851399.0,1934139.0,162
ODUMODUBLVCK,Soundcloud_followers_daily,Q1_2025,net_change,416.0,3969.0,4385.0,146
ODUMODUBLVCK,Soundcloud_followers_daily,Q1_2026,net_change,387.0,5731.0,6118.0,90
ODUMODUBLVCK,Soundcloud_followers_daily,Q2_2025,net_change,483.0,4389.0,4872.0,158
ODUMODUBLVCK,Soundcloud_followers_daily,Q3_2025,net_change,379.0,4876.0,5255.0,172
ODUMODUBLVCK,Soundcloud_followers_daily,Q4_2025,net_change,460.0,5263.0,5723.0,170
ODUMODUBLVCK,Spotify_followers_daily,Q1_2025,net_change,290982.0,1788848.0,2079830.0,180
ODUMODUBLVCK,Spotify_followers_daily,Q1_2026,net_change,417347.0,3250001.0,3667348.0,90
ODUMODUBLVCK,Spotify_followers_daily,Q2_2025,net_change,335427.0,2082702.0,2418129.0,182
ODUMODUBLVCK,Spotify_followers_daily,Q3_2025,net_change,362245.0,2420815.0,2783060.0,184
ODUMODUBLVCK,Spotify_followers_daily,Q4_2025,net_change,457880.0,2787054.0,3244934.0,184
ODUMODUBLVCK,Spotify_monthly_listeners_daily,Q1_2025,net_change,-882440.0,4171103.0,3288663.0,180
ODUMODUBLVCK,Spotify_monthly_listeners_daily,Q1_2026,net_change,-266203.0,3951312.0,3685109.0,90
ODUMODUBLVCK,Spotify_monthly_listeners_daily,Q2_2025,net_change,360815.0,3299168.0,3659983.0,182
ODUMODUBLVCK,Spotify_monthly_listeners_daily,Q3_2025,net_change,-229254.0,3655134.0,3425880.0,184
ODUMODUBLVCK,Spotify_monthly_listeners_daily,Q4_2025,net_change,536995.0,3430556.0,3967551.0,184
ODUMODUBLVCK,Spotify_popularity_daily,Q1_2025,last_value,71.0,73.0,71.0,76
ODUMODUBLVCK,Spotify_popularity_daily,Q1_2026,last_value,71.0,73.0,71.0,84
ODUMODUBLVCK,Spotify_popularity_daily,Q2_2025,last_value,74.0,71.0,74.0,46
ODUMODUBLVCK,Spotify_popularity_daily,Q3_2025,last_value,73.0,74.0,73.0,91
ODUMODUBLVCK,Spotify_popularity_daily,Q4_2025,last_value,73.0,73.0,73.0,80
ODUMODUBLVCK,TikTok_followers_daily,Q1_2025,net_change,3975.0,55250.0,59225.0,180
ODUMODUBLVCK,TikTok_followers_daily,Q1_2026,net_change,84400.0,194300.0,278700.0,90
ODUMODUBLVCK,TikTok_followers_daily,Q2_2025,net_change,-1246.0,59213.0,57967.0,182
ODUMODUBLVCK,TikTok_followers_daily,Q3_2025,net_change,54967.0,57933.0,112900.0,182
ODUMODUBLVCK,TikTok_followers_daily,Q4_2025,net_change,79950.0,113900.0,193850.0,184
ODUMODUBLVCK,TikTok_likes_daily,Q1_2025,net_change,12067.0,188600.0,200667.0,180
ODUMODUBLVCK,TikTok_likes_daily,Q1_2026,net_change,2700001.0,3633333.0,6333334.0,90
ODUMODUBLVCK,TikTok_likes_daily,Q2_2025,net_change,-196742.0,200700.0,3958.0,182
ODUMODUBLVCK,TikTok_likes_daily,Q3_2025,net_change,1129493.0,3840.0,1133333.0,180
ODUMODUBLVCK,TikTok_likes_daily,Q4_2025,net_change,2466667.0,1150000.0,3616667.0,184
ODUMODUBLVCK,Twitter_followers_daily,Q1_2025,net_change,14985.0,309863.0,324848.0,148
ODUMODUBLVCK,Twitter_followers_daily,Q1_2026,net_change,-12497.0,635569.0,623072.0,81
ODUMODUBLVCK,Twitter_followers_daily,Q2_2025,net_change,55421.0,325595.0,381016.0,146
ODUMODUBLVCK,Twitter_followers_daily,Q3_2025,net_change,297869.0,381905.0,679774.0,134
ODUMODUBLVCK,Twitter_followers_daily,Q4_2025,net_change,-35676.0,671635.0,635959.0,182
ODUMODUBLVCK,Wikipedia_views_daily,Q1_2025,sum,4866.0,405.0,483.0,12
ODUMODUBLVCK,Wikipedia_views_daily,Q2_2025,sum,7176.0,758.0,535.0,12
ODUMODUBLVCK,YouTube_channel_views_daily,Q1_2025,sum,9188875134.0,95501950.0,109035200.0,90
ODUMODUBLVCK,YouTube_channel_views_daily,Q1_2026,sum,17179266750.0,180922130.0,200622960.0,90
ODUMODUBLVCK,YouTube_channel_views_daily,Q2_2025,sum,10885874146.0,109106700.0,128892216.0,91
ODUMODUBLVCK,YouTube_channel_views_daily,Q3_2025,sum,12663528474.0,129158510.0,149252340.0,91
ODUMODUBLVCK,YouTube_channel_views_daily,Q4_2025,sum,15363507840.0,149504860.0,180490580.0,92
ODUMODUBLVCK,YouTube_subscribers_daily,Q1_2025,net_change,16500.0,185167.0,201667.0,180
ODUMODUBLVCK,YouTube_subscribers_daily,Q1_2026,net_change,13404.0,279429.0,292833.0,90
ODUMODUBLVCK,YouTube_subscribers_daily,Q2_2025,net_change,21167.0,201833.0,223000.0,182
ODUMODUBLVCK,YouTube_subscribers_daily,Q3_2025,net_change,23000.0,224000.0,247000.0,182
ODUMODUBLVCK,YouTube_subscribers_daily,Q4_2025,net_change,31786.0,247500.0,279286.0,184
Odunsi,Spotify_popularity_daily,Q1_2025,last_value,4.0,5.0,4.0,3
Odunsi,Spotify_popularity_daily,Q1_2026,last_value,4.0,4.0,4.0,1
Odunsi,Spotify_popularity_daily,Q2_2025,last_value,5.0,5.0,5.0,2
Odunsi,Spotify_popularity_daily,Q3_2025,last_value,5.0,5.0,5.0,2
Odunsi,Spotify_popularity_daily,Q4_2025,last_value,3.0,5.0,3.0,3
Odunsi (The Engine),Bandsintown_followers_daily,Q1_2025,net_change,362.0,6208.0,6570.0,176
Odunsi (The Engine),Bandsintown_followers_daily,Q2_2025,net_change,492.0,6604.0,7096.0,56
Odunsi (The Engine),Bandsintown_followers_daily,Q3_2025,net_change,551.0,7131.0,7682.0,54
Odunsi (The Engine),Bandsintown_followers_daily,Q4_2025,net_change,321.0,7715.0,8036.0,28
Odunsi (The Engine),Deezer_fans_daily,Q1_2025,net_change,29.0,5461.0,5490.0,90
Odunsi (The Engine),Deezer_fans_daily,Q1_2026,net_change,37.0,5553.0,5590.0,90
Odunsi (The Engine),Deezer_fans_daily,Q2_2025,net_change,13.0,5491.0,5504.0,90
Odunsi (The Engine),Deezer_fans_daily,Q3_2025,net_change,21.0,5504.0,5525.0,92
Odunsi (The Engine),Deezer_fans_daily,Q4_2025,net_change,28.0,5525.0,5553.0,92
Odunsi (The Engine),Facebook_followers_daily,Q1_2025,net_change,-58.0,3888.0,3830.0,53
Odunsi (The Engine),Facebook_followers_daily,Q1_2026,net_change,0.0,3400.0,3400.0,11
Odunsi (The Engine),Facebook_followers_daily,Q2_2025,net_change,-28.0,3829.0,3801.0,14
Odunsi (The Engine),Facebook_followers_daily,Q3_2025,net_change,0.0,3600.0,3600.0,1
Odunsi (The Engine),Facebook_followers_daily,Q4_2025,net_change,0.0,3500.0,3500.0,6
Odunsi (The Engine),Facebook_likes_daily,Q1_2025,net_change,-58.0,3888.0,3830.0,53
Odunsi (The Engine),Facebook_likes_daily,Q1_2026,net_change,3451.0,0.0,3451.0,11
Odunsi (The Engine),Facebook_likes_daily,Q2_2025,net_change,-28.0,3829.0,3801.0,14
Odunsi (The Engine),Facebook_likes_daily,Q3_2025,net_change,0.0,0.0,0.0,1
Odunsi (The Engine),Facebook_likes_daily,Q4_2025,net_change,0.0,0.0,0.0,6
Odunsi (The Engine),Facebook_talks_daily,Q1_2025,sum,960.0,5.0,2.0,53
Odunsi (The Engine),Facebook_talks_daily,Q1_2026,sum,238.0,7.0,25.0,11
Odunsi (The Engine),Facebook_talks_daily,Q2_2025,sum,95.0,1.0,2.0,14
Odunsi (The Engine),Facebook_talks_daily,Q3_2025,sum,5.0,5.0,5.0,1
Odunsi (The Engine),Facebook_talks_daily,Q4_2025,sum,120.0,29.0,5.0,6
Odunsi (The Engine),Instagram_followers_daily,Q1_2025,net_change,-337.0,73143.0,72806.0,176
Odunsi (The Engine),Instagram_followers_daily,Q1_2026,net_change,925.0,71607.0,72532.0,89
Odunsi (The Engine),Instagram_followers_daily,Q2_2025,net_change,-1385.0,72824.0,71439.0,178
Odunsi (The Engine),Instagram_followers_daily,Q3_2025,net_change,-447.0,71446.0,70999.0,120
Odunsi (The Engine),Instagram_followers_daily,Q4_2025,net_change,646.0,70979.0,71625.0,164
Odunsi (The Engine),Spotify_followers_daily,Q1_2025,net_change,1457.0,133384.0,134841.0,180
Odunsi (The Engine),Spotify_followers_daily,Q1_2026,net_change,1636.0,138182.0,139818.0,90
Odunsi (The Engine),Spotify_followers_daily,Q2_2025,net_change,1213.0,134847.0,136060.0,182
Odunsi (The Engine),Spotify_followers_daily,Q3_2025,net_change,529.0,136056.0,136585.0,184
Odunsi (The Engine),Spotify_followers_daily,Q4_2025,net_change,1572.0,136587.0,138159.0,184
Odunsi (The Engine),Spotify_monthly_listeners_daily,Q1_2025,net_change,-41710.0,334615.0,292905.0,180
Odunsi (The Engine),Spotify_monthly_listeners_daily,Q1_2026,net_change,-73527.0,288159.0,214632.0,90
Odunsi (The Engine),Spotify_monthly_listeners_daily,Q2_2025,net_change,8355.0,292587.0,300942.0,182
Odunsi (The Engine),Spotify_monthly_listeners_daily,Q3_2025,net_change,-10782.0,301759.0,290977.0,184
Odunsi (The Engine),Spotify_monthly_listeners_daily,Q4_2025,net_change,-3078.0,292105.0,289027.0,92
Odunsi (The Engine),Spotify_popularity_daily,Q1_2025,last_value,46.0,48.0,46.0,78
Odunsi (The Engine),Spotify_popularity_daily,Q1_2026,last_value,42.0,45.0,42.0,75
Odunsi (The Engine),Spotify_popularity_daily,Q2_2025,last_value,47.0,46.0,47.0,62
Odunsi (The Engine),Spotify_popularity_daily,Q3_2025,last_value,46.0,47.0,46.0,81
Odunsi (The Engine),Spotify_popularity_daily,Q4_2025,last_value,45.0,46.0,45.0,82
Odunsi (The Engine),Twitter_followers_daily,Q1_2025,net_change,330.0,116272.0,116602.0,152
Odunsi (The Engine),Twitter_followers_daily,Q1_2026,net_change,-60.0,116750.0,116690.0,81
Odunsi (The Engine),Twitter_followers_daily,Q2_2025,net_change,-41.0,116607.0,116566.0,148
Odunsi (The Engine),Twitter_followers_daily,Q3_2025,net_change,270.0,116562.0,116832.0,144
Odunsi (The Engine),Twitter_followers_daily,Q4_2025,net_change,-77.0,116827.0,116750.0,182
Odunsi (The Engine),YouTube_channel_views_daily,Q1_2025,sum,1292574478.0,14157717.0,14562876.0,90
Odunsi (The Engine),YouTube_channel_views_daily,Q1_2026,sum,1449822972.0,15893585.0,16300016.0,90
Odunsi (The Engine),YouTube_channel_views_daily,Q2_2025,sum,1345570423.0,14567744.0,15015342.0,91
Odunsi (The Engine),YouTube_channel_views_daily,Q3_2025,sum,1399617128.0,15018767.0,15432901.0,92
Odunsi (The Engine),YouTube_channel_views_daily,Q4_2025,sum,1440850761.0,15437272.0,15888742.0,92
Odunsi (The Engine),YouTube_subscribers_daily,Q1_2025,net_change,586.0,36756.0,37342.0,180
Odunsi (The Engine),YouTube_subscribers_daily,Q1_2026,net_change,275.0,38625.0,38900.0,90
Odunsi (The Engine),YouTube_subscribers_daily,Q2_2025,net_change,533.0,37350.0,37883.0,182
Odunsi (The Engine),YouTube_subscribers_daily,Q3_2025,net_change,352.0,37889.0,38241.0,184
Odunsi (The Engine),YouTube_subscribers_daily,Q4_2025,net_change,377.0,38245.0,38622.0,184
Olakira,Deezer_fans_daily,Q1_2025,net_change,41.0,24385.0,24426.0,12
Olakira,Deezer_fans_daily,Q1_2026,net_change,40.0,24557.0,24597.0,8
Olakira,Deezer_fans_daily,Q2_2025,net_change,37.0,24428.0,24465.0,8
Olakira,Deezer_fans_daily,Q3_2025,net_change,23.0,24469.0,24492.0,8
Olakira,Deezer_fans_daily,Q4_2025,net_change,53.0,24499.0,24552.0,9
Olakira,Facebook_followers_daily,Q1_2025,net_change,-361.0,46964.0,46603.0,55
Olakira,Facebook_followers_daily,Q1_2026,net_change,0.0,44000.0,44000.0,2
Olakira,Facebook_followers_daily,Q2_2025,net_change,-91.0,46603.0,46512.0,15
Olakira,Facebook_followers_daily,Q3_2025,net_change,0.0,45000.0,45000.0,9
Olakira,Facebook_followers_daily,Q4_2025,net_change,0.0,45000.0,45000.0,32
Olakira,Facebook_likes_daily,Q1_2025,net_change,-220.0,39672.0,39452.0,55
Olakira,Facebook_likes_daily,Q1_2026,net_change,0.0,0.0,0.0,2
Olakira,Facebook_likes_daily,Q2_2025,net_change,-57.0,39449.0,39392.0,15
Olakira,Facebook_likes_daily,Q3_2025,net_change,0.0,0.0,0.0,9
Olakira,Facebook_likes_daily,Q4_2025,net_change,0.0,0.0,0.0,32
Olakira,Facebook_talks_daily,Q1_2025,sum,212.0,4.0,3.0,55
Olakira,Facebook_talks_daily,Q1_2026,sum,14.0,7.0,7.0,2
Olakira,Facebook_talks_daily,Q2_2025,sum,70.0,2.0,5.0,15
Olakira,Facebook_talks_daily,Q3_2025,sum,134.0,9.0,10.0,9
Olakira,Facebook_talks_daily,Q4_2025,sum,248.0,7.0,8.0,32
Olakira,Instagram_followers_daily,Q1_2025,net_change,-3128.0,481649.0,478521.0,74
Olakira,Instagram_followers_daily,Q1_2026,net_change,-721.0,467391.0,466670.0,3
Olakira,Instagram_followers_daily,Q2_2025,net_change,-4054.0,478402.0,474348.0,54
Olakira,Instagram_followers_daily,Q3_2025,net_change,402.0,471842.0,472244.0,4
Olakira,Instagram_followers_daily,Q4_2025,net_change,-219.0,470494.0,470275.0,4
Olakira,Spotify_followers_daily,Q1_2025,net_change,1472.0,30712.0,32184.0,180
Olakira,Spotify_followers_daily,Q1_2026,net_change,1020.0,36285.0,37305.0,90
Olakira,Spotify_followers_daily,Q2_2025,net_change,1391.0,32198.0,33589.0,182
Olakira,Spotify_followers_daily,Q3_2025,net_change,1325.0,33604.0,34929.0,184
Olakira,Spotify_followers_daily,Q4_2025,net_change,1323.0,34946.0,36269.0,184
Olakira,Spotify_monthly_listeners_daily,Q1_2025,net_change,-32472.0,304216.0,271744.0,180
Olakira,Spotify_monthly_listeners_daily,Q1_2026,net_change,-17395.0,369144.0,351749.0,90
Olakira,Spotify_monthly_listeners_daily,Q2_2025,net_change,60604.0,271411.0,332015.0,182
Olakira,Spotify_monthly_listeners_daily,Q3_2025,net_change,2842.0,332029.0,334871.0,92
Olakira,Spotify_monthly_listeners_daily,Q4_2025,net_change,34442.0,334348.0,368790.0,92
Olakira,Spotify_popularity_daily,Q1_2025,last_value,40.0,42.0,40.0,24
Olakira,Spotify_popularity_daily,Q1_2026,last_value,40.0,42.0,40.0,9
Olakira,Spotify_popularity_daily,Q2_2025,last_value,42.0,41.0,42.0,15
Olakira,Spotify_popularity_daily,Q3_2025,last_value,43.0,43.0,43.0,13
Olakira,Spotify_popularity_daily,Q4_2025,last_value,42.0,43.0,42.0,37
Olakira,TikTok_followers_daily,Q1_2025,net_change,1269.0,88400.0,89669.0,180
Olakira,TikTok_followers_daily,Q1_2026,net_change,567.0,91233.0,91800.0,90
Olakira,TikTok_followers_daily,Q2_2025,net_change,803.0,89677.0,90480.0,182
Olakira,TikTok_followers_daily,Q3_2025,net_change,281.0,90490.0,90771.0,92
Olakira,TikTok_followers_daily,Q4_2025,net_change,453.0,90772.0,91225.0,184
Olakira,TikTok_likes_daily,Q1_2025,net_change,899.0,99556.0,100455.0,180
Olakira,TikTok_likes_daily,Q1_2026,net_change,-384.0,80374.0,79990.0,90
Olakira,TikTok_likes_daily,Q2_2025,net_change,1178.0,100460.0,101638.0,182
Olakira,TikTok_likes_daily,Q3_2025,net_change,-6417.0,101643.0,95226.0,184
Olakira,TikTok_likes_daily,Q4_2025,net_change,-14851.0,95239.0,80388.0,184
Olakira,YouTube_channel_views_daily,Q1_2025,sum,26466363160.0,289079970.0,299836260.0,90
Olakira,YouTube_channel_views_daily,Q1_2026,sum,30707142030.0,336720900.0,345091170.0,90
Olakira,YouTube_channel_views_daily,Q2_2025,sum,27931113760.0,299989500.0,313564600.0,91
Olakira,YouTube_channel_views_daily,Q3_2025,sum,29411318580.0,313687740.0,325949860.0,92
Olakira,YouTube_channel_views_daily,Q4_2025,sum,30469088950.0,326067300.0,336590370.0,92
Olakira,YouTube_subscribers_daily,Q1_2025,net_change,8857.0,633143.0,642000.0,180
Olakira,YouTube_subscribers_daily,Q1_2026,net_change,3812.0,669188.0,673000.0,90
Olakira,YouTube_subscribers_daily,Q2_2025,net_change,10458.0,642167.0,652625.0,182
Olakira,YouTube_subscribers_daily,Q3_2025,net_change,9333.0,652750.0,662083.0,184
Olakira,YouTube_subscribers_daily,Q4_2025,net_change,6958.0,662167.0,669125.0,184
Olamide,Bandsintown_followers_daily,Q1_2025,net_change,1597.0,42228.0,43825.0,90
Olamide,Bandsintown_followers_daily,Q2_2025,net_change,2697.0,43825.0,46522.0,31
Olamide,Bandsintown_followers_daily,Q3_2025,net_change,3193.0,46685.0,49878.0,31
Olamide,Bandsintown_followers_daily,Q4_2025,net_change,1521.0,49952.0,51473.0,15
Olamide,Deezer_fans_daily,Q1_2025,net_change,0.0,34.0,34.0,24
Olamide,Deezer_fans_daily,Q1_2026,net_change,0.0,34.0,34.0,90
Olamide,Deezer_fans_daily,Q2_2025,net_change,0.0,34.0,34.0,16
Olamide,Deezer_fans_daily,Q3_2025,net_change,0.0,34.0,34.0,28
Olamide,Deezer_fans_daily,Q4_2025,net_change,0.0,34.0,34.0,83
Olamide,Facebook_followers_daily,Q1_2025,net_change,5722.0,3138154.0,3143876.0,57
Olamide,Facebook_followers_daily,Q1_2026,net_change,0.0,3200000.0,3200000.0,12
Olamide,Facebook_followers_daily,Q2_2025,net_change,-21835.0,3144052.0,3122217.0,14
Olamide,Facebook_followers_daily,Q3_2025,net_change,0.0,3000000.0,3000000.0,1
Olamide,Facebook_followers_daily,Q4_2025,net_change,0.0,3100000.0,3100000.0,17
Olamide,Facebook_likes_daily,Q1_2025,net_change,5722.0,3138154.0,3143876.0,57
Olamide,Facebook_likes_daily,Q1_2026,net_change,3248708.0,0.0,3248708.0,12
Olamide,Facebook_likes_daily,Q2_2025,net_change,-21835.0,3144052.0,3122217.0,14
Olamide,Facebook_likes_daily,Q3_2025,net_change,0.0,0.0,0.0,1
Olamide,Facebook_likes_daily,Q4_2025,net_change,0.0,0.0,0.0,17
Olamide,Facebook_talks_daily,Q1_2025,sum,889152.0,5162.0,7164.0,57
Olamide,Facebook_talks_daily,Q1_2026,sum,558101.0,98410.0,15026.0,12
Olamide,Facebook_talks_daily,Q2_2025,sum,93538.0,7414.0,6101.0,14
Olamide,Facebook_talks_daily,Q3_2025,sum,7311.0,7311.0,7311.0,1
Olamide,Facebook_talks_daily,Q4_2025,sum,1461155.0,199277.0,32526.0,17
Olamide,Instagram_followers_daily,Q1_2025,net_change,-73927.0,11211123.0,11137196.0,90
Olamide,Instagram_followers_daily,Q1_2026,net_change,-16441.0,11481713.0,11465272.0,89
Olamide,Instagram_followers_daily,Q2_2025,net_change,103947.0,11137377.0,11241324.0,88
Olamide,Instagram_followers_daily,Q3_2025,net_change,187274.0,11244246.0,11431520.0,60
Olamide,Instagram_followers_daily,Q4_2025,net_change,49932.0,11430948.0,11480880.0,82
Olamide,Soundcloud_followers_daily,Q1_2025,net_change,618.0,22049.0,22667.0,86
Olamide,Soundcloud_followers_daily,Q1_2026,net_change,751.0,25185.0,25936.0,90
Olamide,Soundcloud_followers_daily,Q2_2025,net_change,896.0,22674.0,23570.0,83
Olamide,Soundcloud_followers_daily,Q3_2025,net_change,856.0,23601.0,24457.0,90
Olamide,Soundcloud_followers_daily,Q4_2025,net_change,708.0,24470.0,25178.0,88
Olamide,Spotify_followers_daily,Q1_2025,net_change,254514.0,3101604.0,3356118.0,90
Olamide,Spotify_followers_daily,Q1_2026,net_change,321229.0,4560852.0,4882081.0,90
Olamide,Spotify_followers_daily,Q2_2025,net_change,348488.0,3358891.0,3707379.0,91
Olamide,Spotify_followers_daily,Q3_2025,net_change,404585.0,3711013.0,4115598.0,92
Olamide,Spotify_followers_daily,Q4_2025,net_change,437290.0,4118884.0,4556174.0,92
Olamide,Spotify_monthly_listeners_daily,Q1_2025,net_change,-383913.0,4164644.0,3780731.0,90
Olamide,Spotify_monthly_listeners_daily,Q1_2026,net_change,78575.0,4241669.0,4320244.0,90
Olamide,Spotify_monthly_listeners_daily,Q2_2025,net_change,1964604.0,3810738.0,5775342.0,91
Olamide,Spotify_monthly_listeners_daily,Q3_2025,net_change,-1568271.0,5805624.0,4237353.0,92
Olamide,Spotify_monthly_listeners_daily,Q4_2025,net_change,14100.0,4225531.0,4239631.0,92
Olamide,Spotify_popularity_daily,Q1_2025,last_value,68.0,70.0,68.0,65
Olamide,Spotify_popularity_daily,Q1_2026,last_value,69.0,71.0,69.0,74
Olamide,Spotify_popularity_daily,Q2_2025,last_value,77.0,68.0,77.0,35
Olamide,Spotify_popularity_daily,Q3_2025,last_value,73.0,77.0,73.0,86
Olamide,Spotify_popularity_daily,Q4_2025,last_value,71.0,73.0,71.0,80
Olamide,TikTok_followers_daily,Q1_2025,net_change,50283.0,2216384.0,2266667.0,90
Olamide,TikTok_followers_daily,Q1_2026,net_change,0.0,2800000.0,2800000.0,90
Olamide,TikTok_followers_daily,Q2_2025,net_change,250950.0,2267232.0,2518182.0,91
Olamide,TikTok_followers_daily,Q3_2025,net_change,220837.0,2522727.0,2743564.0,92
Olamide,TikTok_followers_daily,Q4_2025,net_change,55445.0,2744555.0,2800000.0,89
Olamide,TikTok_likes_daily,Q1_2025,net_change,380518.0,12528572.0,12909090.0,90
Olamide,TikTok_likes_daily,Q1_2026,net_change,266666.0,28433334.0,28700000.0,90
Olamide,TikTok_likes_daily,Q2_2025,net_change,6686364.0,12913636.0,19600000.0,91
Olamide,TikTok_likes_daily,Q3_2025,net_change,6850000.0,19750000.0,26600000.0,92
Olamide,TikTok_likes_daily,Q4_2025,net_change,1727778.0,26700000.0,28427778.0,92
Olamide,Twitter_followers_daily,Q1_2025,net_change,49843.0,7033048.0,7082891.0,71
Olamide,Twitter_followers_daily,Q1_2026,net_change,21758.0,7092750.0,7114508.0,79
Olamide,Twitter_followers_daily,Q2_2025,net_change,61350.0,7084019.0,7145369.0,71
Olamide,Twitter_followers_daily,Q3_2025,net_change,19414.0,7146149.0,7165563.0,64
Olamide,Twitter_followers_daily,Q4_2025,net_change,-72486.0,7165326.0,7092840.0,90
Olamide,Wikipedia_views_daily,Q1_2025,sum,31601.0,353.0,351.0,90
Olamide,Wikipedia_views_daily,Q1_2026,sum,30445.0,402.0,195.0,84
Olamide,Wikipedia_views_daily,Q2_2025,sum,53265.0,361.0,450.0,91
Olamide,Wikipedia_views_daily,Q3_2025,sum,32912.0,451.0,278.0,92
Olamide,Wikipedia_views_daily,Q4_2025,sum,37647.0,233.0,326.0,90
Olamide,YouTube_artist_daily_views,Q1_2025,sum,14910693.0,239538.0,209067.0,77
Olamide,YouTube_artist_daily_views,Q1_2026,sum,20914959.0,300413.0,267350.0,74
Olamide,YouTube_artist_daily_views,Q2_2025,sum,17411083.0,185858.0,517796.0,45
Olamide,YouTube_artist_daily_views,Q3_2025,sum,19605696.0,511612.0,643770.0,45
Olamide,YouTube_artist_daily_views,Q4_2025,sum,14199686.0,432186.0,361607.0,45
Olamide,YouTube_artist_monthly_views,Q1_2025,sum,447519055.0,8364958.0,4962330.0,77
Olamide,YouTube_artist_monthly_views,Q1_2026,sum,344113634.0,8613099.0,7694440.0,42
Olamide,YouTube_artist_monthly_views,Q2_2025,sum,405537853.0,5031924.0,17309123.0,45
Olamide,YouTube_artist_monthly_views,Q3_2025,sum,590725941.0,17855132.0,12709651.0,45
Olamide,YouTube_artist_monthly_views,Q4_2025,sum,434596330.0,12953064.0,8633752.0,45
Olamide,YouTube_channel_views_daily,Q1_2025,sum,45517971190.0,498925280.0,511664030.0,90
Olamide,YouTube_channel_views_daily,Q1_2026,sum,55228514940.0,603515700.0,622895700.0,90
Olamide,YouTube_channel_views_daily,Q2_2025,sum,47710884970.0,511829950.0,543113200.0,91
Olamide,YouTube_channel_views_daily,Q3_2025,sum,51457231150.0,543424900.0,577509600.0,92
Olamide,YouTube_channel_views_daily,Q4_2025,sum,54342994640.0,577902850.0,603257900.0,92
Olamide,YouTube_subscribers_daily,Q1_2025,net_change,17502.0,1232128.0,1249630.0,90
Olamide,YouTube_subscribers_daily,Q1_2026,net_change,7544.0,1402456.0,1410000.0,90
Olamide,YouTube_subscribers_daily,Q2_2025,net_change,72458.0,1249815.0,1322273.0,91
Olamide,YouTube_subscribers_daily,Q3_2025,net_change,48662.0,1322727.0,1371389.0,92
Olamide,YouTube_subscribers_daily,Q4_2025,net_change,30614.0,1371667.0,1402281.0,92
Olu Maintain,Deezer_fans_daily,Q1_2025,net_change,4.0,442.0,446.0,8
Olu Maintain,Deezer_fans_daily,Q1_2026,net_change,5.0,471.0,476.0,8
Olu Maintain,Deezer_fans_daily,Q2_2025,net_change,5.0,446.0,451.0,8
Olu Maintain,Deezer_fans_daily,Q3_2025,net_change,5.0,452.0,457.0,8
Olu Maintain,Deezer_fans_daily,Q4_2025,net_change,10.0,459.0,469.0,9
Olu Maintain,Instagram_followers_daily,Q1_2025,net_change,-2338.0,171326.0,168988.0,60
Olu Maintain,Instagram_followers_daily,Q2_2025,net_change,-1791.0,169047.0,167256.0,56
Olu Maintain,Instagram_followers_daily,Q4_2025,net_change,0.0,167001.0,167001.0,2
Olu Maintain,Spotify_followers_daily,Q1_2025,net_change,3560.0,79655.0,83215.0,180
Olu Maintain,Spotify_followers_daily,Q1_2026,net_change,939.0,94500.0,95439.0,90
Olu Maintain,Spotify_followers_daily,Q2_2025,net_change,2252.0,83259.0,85511.0,182
Olu Maintain,Spotify_followers_daily,Q3_2025,net_change,5801.0,85511.0,91312.0,184
Olu Maintain,Spotify_followers_daily,Q4_2025,net_change,3120.0,91352.0,94472.0,184
Olu Maintain,Spotify_monthly_listeners_daily,Q1_2025,net_change,-4407.0,84807.0,80400.0,180
Olu Maintain,Spotify_monthly_listeners_daily,Q1_2026,net_change,4418.0,104101.0,108519.0,90
Olu Maintain,Spotify_monthly_listeners_daily,Q2_2025,net_change,3148.0,80557.0,83705.0,182
Olu Maintain,Spotify_monthly_listeners_daily,Q3_2025,net_change,16716.0,83705.0,100421.0,184
Olu Maintain,Spotify_monthly_listeners_daily,Q4_2025,net_change,3522.0,100449.0,103971.0,184
Olu Maintain,Spotify_popularity_daily,Q1_2025,last_value,31.0,32.0,31.0,68
Olu Maintain,Spotify_popularity_daily,Q1_2026,last_value,36.0,36.0,36.0,1
Olu Maintain,Spotify_popularity_daily,Q2_2025,last_value,33.0,31.0,33.0,46
Olu Maintain,Spotify_popularity_daily,Q3_2025,last_value,35.0,35.0,35.0,3
Olu Maintain,Spotify_popularity_daily,Q4_2025,last_value,34.0,31.0,34.0,4
Olu Maintain,Wikipedia_views_daily,Q1_2025,sum,4868.0,23.0,28.0,174
Olu Maintain,Wikipedia_views_daily,Q1_2026,sum,2879.0,25.0,30.0,83
Olu Maintain,Wikipedia_views_daily,Q2_2025,sum,5364.0,43.0,19.0,182
Olu Maintain,Wikipedia_views_daily,Q3_2025,sum,5716.0,25.0,22.0,184
Olu Maintain,Wikipedia_views_daily,Q4_2025,sum,5254.0,29.0,22.0,184
Omah Lay,Bandsintown_followers_daily,Q1_2025,net_change,5172.0,33234.0,38406.0,90
Omah Lay,Bandsintown_followers_daily,Q2_2025,net_change,7663.0,38463.0,46126.0,31
Omah Lay,Bandsintown_followers_daily,Q3_2025,net_change,8331.0,46501.0,54832.0,29
Omah Lay,Bandsintown_followers_daily,Q4_2025,net_change,-55151.0,55151.0,0.0,13
Omah Lay,Deezer_fans_daily,Q1_2025,net_change,9738.0,291369.0,301107.0,90
Omah Lay,Deezer_fans_daily,Q1_2026,net_change,7320.0,330970.0,338290.0,90
Omah Lay,Deezer_fans_daily,Q2_2025,net_change,10240.0,301197.0,311437.0,88
Omah Lay,Deezer_fans_daily,Q3_2025,net_change,11050.0,311557.0,322607.0,91
Omah Lay,Deezer_fans_daily,Q4_2025,net_change,8192.0,322692.0,330884.0,92
Omah Lay,Facebook_followers_daily,Q1_2025,net_change,-6208.0,2630051.0,2623843.0,12
Omah Lay,Facebook_followers_daily,Q1_2026,net_change,-100000.0,2400000.0,2300000.0,68
Omah Lay,Facebook_followers_daily,Q2_2025,net_change,-23470.0,2623470.0,2600000.0,79
Omah Lay,Facebook_followers_daily,Q3_2025,net_change,-200000.0,2600000.0,2400000.0,60
Omah Lay,Facebook_followers_daily,Q4_2025,net_change,0.0,2400000.0,2400000.0,88
Omah Lay,Facebook_likes_daily,Q1_2025,net_change,-6208.0,2630051.0,2623843.0,12
Omah Lay,Facebook_likes_daily,Q1_2026,net_change,2378197.0,0.0,2378197.0,68
Omah Lay,Facebook_likes_daily,Q2_2025,net_change,-15391.0,2623470.0,2608079.0,79
Omah Lay,Facebook_likes_daily,Q3_2025,net_change,-2608079.0,2608079.0,0.0,60
Omah Lay,Facebook_likes_daily,Q4_2025,net_change,0.0,0.0,0.0,88
Omah Lay,Facebook_talks_daily,Q1_2025,sum,42856.0,4120.0,3654.0,12
Omah Lay,Facebook_talks_daily,Q1_2026,sum,357097.0,4459.0,4156.0,68
Omah Lay,Facebook_talks_daily,Q2_2025,sum,321427.0,3714.0,4275.0,79
Omah Lay,Facebook_talks_daily,Q3_2025,sum,242061.0,4275.0,3067.0,60
Omah Lay,Facebook_talks_daily,Q4_2025,sum,536498.0,2768.0,4263.0,88
Omah Lay,Instagram_followers_daily,Q1_2025,net_change,-137108.0,5035256.0,4898148.0,89
Omah Lay,Instagram_followers_daily,Q1_2026,net_change,149644.0,4838970.0,4988614.0,89
Omah Lay,Instagram_followers_daily,Q2_2025,net_change,-52785.0,4897353.0,4844568.0,88
Omah Lay,Instagram_followers_daily,Q3_2025,net_change,-21687.0,4843886.0,4822199.0,60
Omah Lay,Instagram_followers_daily,Q4_2025,net_change,14346.0,4821233.0,4835579.0,82
Omah Lay,Soundcloud_followers_daily,Q1_2025,net_change,1976.0,49132.0,51108.0,88
Omah Lay,Soundcloud_followers_daily,Q1_2026,net_change,1700.0,56699.0,58399.0,90
Omah Lay,Soundcloud_followers_daily,Q2_2025,net_change,2010.0,51127.0,53137.0,87
Omah Lay,Soundcloud_followers_daily,Q3_2025,net_change,1810.0,53158.0,54968.0,92
Omah Lay,Soundcloud_followers_daily,Q4_2025,net_change,1694.0,54989.0,56683.0,84
Omah Lay,Spotify_followers_daily,Q1_2025,net_change,439750.0,3820627.0,4260377.0,90
Omah Lay,Spotify_followers_daily,Q1_2026,net_change,595915.0,5994297.0,6590212.0,90
Omah Lay,Spotify_followers_daily,Q2_2025,net_change,550723.0,4265271.0,4815994.0,91
Omah Lay,Spotify_followers_daily,Q3_2025,net_change,541733.0,4820701.0,5362434.0,92
Omah Lay,Spotify_followers_daily,Q4_2025,net_change,619293.0,5367840.0,5987133.0,92
Omah Lay,Spotify_monthly_listeners_daily,Q1_2025,net_change,-487669.0,9624299.0,9136630.0,90
Omah Lay,Spotify_monthly_listeners_daily,Q1_2026,net_change,397605.0,10919378.0,11316983.0,90
Omah Lay,Spotify_monthly_listeners_daily,Q2_2025,net_change,2433628.0,9159195.0,11592823.0,91
Omah Lay,Spotify_monthly_listeners_daily,Q3_2025,net_change,-1169998.0,11592510.0,10422512.0,92
Omah Lay,Spotify_monthly_listeners_daily,Q4_2025,net_change,496847.0,10417350.0,10914197.0,92
Omah Lay,Spotify_popularity_daily,Q1_2025,last_value,74.0,76.0,74.0,63
Omah Lay,Spotify_popularity_daily,Q1_2026,last_value,76.0,76.0,76.0,84
Omah Lay,Spotify_popularity_daily,Q2_2025,last_value,78.0,75.0,78.0,39
Omah Lay,Spotify_popularity_daily,Q3_2025,last_value,77.0,78.0,77.0,91
Omah Lay,Spotify_popularity_daily,Q4_2025,last_value,76.0,77.0,76.0,83
Omah Lay,TikTok_followers_daily,Q1_2025,net_change,39910.0,2632287.0,2672197.0,90
Omah Lay,TikTok_followers_daily,Q1_2026,net_change,47059.0,2752941.0,2800000.0,90
Omah Lay,TikTok_followers_daily,Q2_2025,net_change,-57940.0,2672646.0,2614706.0,91
Omah Lay,TikTok_followers_daily,Q3_2025,net_change,49211.0,2611765.0,2660976.0,92
Omah Lay,TikTok_followers_daily,Q4_2025,net_change,89976.0,2661789.0,2751765.0,92
Omah Lay,TikTok_likes_daily,Q1_2025,net_change,285822.0,13753572.0,14039394.0,90
Omah Lay,TikTok_likes_daily,Q1_2026,net_change,1038462.0,8761538.0,9800000.0,90
Omah Lay,TikTok_likes_daily,Q2_2025,net_change,-6920726.0,14042424.0,7121698.0,91
Omah Lay,TikTok_likes_daily,Q3_2025,net_change,108937.0,7122642.0,7231579.0,92
Omah Lay,TikTok_likes_daily,Q4_2025,net_change,1522604.0,7235088.0,8757692.0,92
Omah Lay,Twitter_followers_daily,Q1_2025,net_change,-5357.0,2646381.0,2641024.0,70
Omah Lay,Twitter_followers_daily,Q1_2026,net_change,1440.0,2713274.0,2714714.0,7
Omah Lay,Twitter_followers_daily,Q2_2025,net_change,26873.0,2641683.0,2668556.0,71
Omah Lay,Twitter_followers_daily,Q3_2025,net_change,11758.0,2668631.0,2680389.0,64
Omah Lay,Twitter_followers_daily,Q4_2025,net_change,-242.0,2680327.0,2680085.0,8
Omah Lay,Wikipedia_views_daily,Q1_2025,sum,38898.0,431.0,362.0,90
Omah Lay,Wikipedia_views_daily,Q1_2026,sum,70225.0,532.0,1105.0,82
Omah Lay,Wikipedia_views_daily,Q2_2025,sum,63963.0,488.0,484.0,88
Omah Lay,Wikipedia_views_daily,Q3_2025,sum,51275.0,467.0,492.0,85
Omah Lay,Wikipedia_views_daily,Q4_2025,sum,47329.0,428.0,514.0,86
Omah Lay,YouTube_channel_views_daily,Q1_2025,sum,92572956060.0,994202600.0,1066120700.0,90
Omah Lay,YouTube_channel_views_daily,Q1_2026,sum,121090135200.0,1305661400.0,1376719500.0,90
Omah Lay,YouTube_channel_views_daily,Q2_2025,sum,100766062800.0,1067138300.0,1146944400.0,91
Omah Lay,YouTube_channel_views_daily,Q3_2025,sum,109479667800.0,1148098600.0,1227131300.0,92
Omah Lay,YouTube_channel_views_daily,Q4_2025,sum,116390926500.0,1227949600.0,1304729200.0,92
Omah Lay,YouTube_subscribers_daily,Q1_2025,net_change,87083.0,2216250.0,2303333.0,90
Omah Lay,YouTube_subscribers_daily,Q1_2026,net_change,73636.0,2606364.0,2680000.0,90
Omah Lay,YouTube_subscribers_daily,Q2_2025,net_change,97222.0,2304445.0,2401667.0,91
Omah Lay,YouTube_subscribers_daily,Q3_2025,net_change,104667.0,2403333.0,2508000.0,92
Omah Lay,YouTube_subscribers_daily,Q4_2025,net_change,96455.0,2509000.0,2605455.0,92
Oritsefemi,Spotify_popularity_daily,Q1_2025,last_value,0.0,0.0,0.0,2
Oritsefemi,Spotify_popularity_daily,Q1_2026,last_value,0.0,0.0,0.0,1
Oritsefemi,Spotify_popularity_daily,Q2_2025,last_value,0.0,0.0,0.0,1
Oritsefemi,Spotify_popularity_daily,Q3_2025,last_value,0.0,0.0,0.0,3
Oritsefemi,Spotify_popularity_daily,Q4_2025,last_value,0.0,0.0,0.0,2
Oxlade,Bandsintown_followers_daily,Q1_2025,net_change,1550.0,12173.0,13723.0,90
Oxlade,Bandsintown_followers_daily,Q2_2025,net_change,2033.0,13723.0,15756.0,31
Oxlade,Bandsintown_followers_daily,Q3_2025,net_change,2152.0,15860.0,18012.0,31
Oxlade,Bandsintown_followers_daily,Q4_2025,net_change,972.0,18094.0,19066.0,15
Oxlade,Deezer_fans_daily,Q1_2025,net_change,3166.0,94748.0,97914.0,85
Oxlade,Deezer_fans_daily,Q1_2026,net_change,0.0,108742.0,108742.0,1
Oxlade,Deezer_fans_daily,Q2_2025,net_change,3538.0,97949.0,101487.0,87
Oxlade,Deezer_fans_daily,Q3_2025,net_change,3233.0,101526.0,104759.0,92
Oxlade,Deezer_fans_daily,Q4_2025,net_change,976.0,104779.0,105755.0,13
Oxlade,Facebook_followers_daily,Q1_2025,net_change,14617.0,361188.0,375805.0,56
Oxlade,Facebook_followers_daily,Q1_2026,net_change,43000.0,363000.0,406000.0,40
Oxlade,Facebook_followers_daily,Q2_2025,net_change,4108.0,375880.0,379988.0,14
Oxlade,Facebook_followers_daily,Q3_2025,net_change,-8000.0,367000.0,359000.0,40
Oxlade,Facebook_followers_daily,Q4_2025,net_change,4000.0,359000.0,363000.0,85
Oxlade,Facebook_likes_daily,Q1_2025,net_change,14617.0,361188.0,375805.0,56
Oxlade,Facebook_likes_daily,Q1_2026,net_change,406804.0,0.0,406804.0,40
Oxlade,Facebook_likes_daily,Q2_2025,net_change,4108.0,375880.0,379988.0,14
Oxlade,Facebook_likes_daily,Q3_2025,net_change,0.0,0.0,0.0,40
Oxlade,Facebook_likes_daily,Q4_2025,net_change,0.0,0.0,0.0,85
Oxlade,Facebook_talks_daily,Q1_2025,sum,345513.0,1388.0,7811.0,56
Oxlade,Facebook_talks_daily,Q1_2026,sum,960986.0,12794.0,3534.0,40
Oxlade,Facebook_talks_daily,Q2_2025,sum,158407.0,6932.0,16014.0,14
Oxlade,Facebook_talks_daily,Q3_2025,sum,51209.0,2071.0,847.0,40
Oxlade,Facebook_talks_daily,Q4_2025,sum,529161.0,804.0,20672.0,85
Oxlade,Instagram_followers_daily,Q1_2025,net_change,-12225.0,1766013.0,1753788.0,88
Oxlade,Instagram_followers_daily,Q1_2026,net_change,22836.0,1788602.0,1811438.0,89
Oxlade,Instagram_followers_daily,Q2_2025,net_change,180857.0,1753764.0,1934621.0,89
Oxlade,Instagram_followers_daily,Q3_2025,net_change,-107270.0,1933826.0,1826556.0,60
Oxlade,Instagram_followers_daily,Q4_2025,net_change,-36867.0,1825804.0,1788937.0,82
Oxlade,Soundcloud_followers_daily,Q1_2025,net_change,307.0,20292.0,20599.0,7
Oxlade,Soundcloud_followers_daily,Q1_2026,net_change,453.0,22181.0,22634.0,90
Oxlade,Soundcloud_followers_daily,Q2_2025,net_change,589.0,20683.0,21272.0,24
Oxlade,Soundcloud_followers_daily,Q3_2025,net_change,464.0,21273.0,21737.0,18
Oxlade,Soundcloud_followers_daily,Q4_2025,net_change,419.0,21759.0,22178.0,65
Oxlade,Spotify_followers_daily,Q1_2025,net_change,125302.0,1186480.0,1311782.0,90
Oxlade,Spotify_followers_daily,Q1_2026,net_change,67666.0,1573250.0,1640916.0,90
Oxlade,Spotify_followers_daily,Q2_2025,net_change,109512.0,1313002.0,1422514.0,91
Oxlade,Spotify_followers_daily,Q3_2025,net_change,89654.0,1423508.0,1513162.0,92
Oxlade,Spotify_followers_daily,Q4_2025,net_change,58517.0,1513895.0,1572412.0,92
Oxlade,Spotify_monthly_listeners_daily,Q1_2025,net_change,-445852.0,4826362.0,4380510.0,90
Oxlade,Spotify_monthly_listeners_daily,Q1_2026,net_change,263723.0,4219044.0,4482767.0,90
Oxlade,Spotify_monthly_listeners_daily,Q2_2025,net_change,426549.0,4397874.0,4824423.0,91
Oxlade,Spotify_monthly_listeners_daily,Q3_2025,net_change,-362004.0,4829655.0,4467651.0,92
Oxlade,Spotify_monthly_listeners_daily,Q4_2025,net_change,-231900.0,4452766.0,4220866.0,92
Oxlade,Spotify_popularity_daily,Q1_2025,last_value,65.0,67.0,65.0,80
Oxlade,Spotify_popularity_daily,Q1_2026,last_value,62.0,63.0,62.0,79
Oxlade,Spotify_popularity_daily,Q2_2025,last_value,66.0,65.0,66.0,59
Oxlade,Spotify_popularity_daily,Q3_2025,last_value,65.0,66.0,65.0,86
Oxlade,Spotify_popularity_daily,Q4_2025,last_value,63.0,65.0,63.0,79
Oxlade,TikTok_followers_daily,Q1_2025,net_change,23529.0,1676471.0,1700000.0,90
Oxlade,TikTok_followers_daily,Q1_2026,net_change,0.0,1700000.0,1700000.0,90
Oxlade,TikTok_followers_daily,Q2_2025,net_change,0.0,1700000.0,1700000.0,91
Oxlade,TikTok_followers_daily,Q3_2025,net_change,0.0,1700000.0,1700000.0,91
Oxlade,TikTok_followers_daily,Q4_2025,net_change,0.0,1700000.0,1700000.0,89
Oxlade,TikTok_likes_daily,Q1_2025,net_change,3305000.0,22520000.0,25825000.0,90
Oxlade,TikTok_likes_daily,Q1_2026,net_change,1871428.0,29000000.0,30871428.0,90
Oxlade,TikTok_likes_daily,Q2_2025,net_change,1392858.0,25850000.0,27242858.0,91
Oxlade,TikTok_likes_daily,Q3_2025,net_change,570130.0,27257144.0,27827274.0,92
Oxlade,TikTok_likes_daily,Q4_2025,net_change,869696.0,27830304.0,28700000.0,92
Oxlade,Twitter_followers_daily,Q1_2025,net_change,5950.0,1055467.0,1061417.0,72
Oxlade,Twitter_followers_daily,Q1_2026,net_change,-1549.0,1067500.0,1065951.0,72
Oxlade,Twitter_followers_daily,Q2_2025,net_change,5722.0,1061675.0,1067397.0,72
Oxlade,Twitter_followers_daily,Q3_2025,net_change,1260.0,1067440.0,1068700.0,66
Oxlade,Twitter_followers_daily,Q4_2025,net_change,-1130.0,1068673.0,1067543.0,88
Oxlade,Wikipedia_views_daily,Q1_2025,sum,7412.0,86.0,112.0,90
Oxlade,Wikipedia_views_daily,Q1_2026,sum,5660.0,100.0,58.0,83
Oxlade,Wikipedia_views_daily,Q2_2025,sum,7575.0,83.0,77.0,91
Oxlade,Wikipedia_views_daily,Q3_2025,sum,5788.0,50.0,52.0,92
Oxlade,Wikipedia_views_daily,Q4_2025,sum,6527.0,41.0,100.0,92
Oxlade,YouTube_artist_daily_views,Q1_2025,sum,43857280.0,511096.0,647691.0,74
Oxlade,YouTube_artist_daily_views,Q1_2026,sum,32035975.0,389385.0,427246.0,75
Oxlade,YouTube_artist_daily_views,Q2_2025,sum,24935297.0,569420.0,470131.0,45
Oxlade,YouTube_artist_daily_views,Q3_2025,sum,20026253.0,490332.0,376254.0,45
Oxlade,YouTube_artist_daily_views,Q4_2025,sum,18136549.0,390171.0,400622.0,45
Oxlade,YouTube_artist_monthly_views,Q1_2025,sum,1227409805.0,16053544.0,15223803.0,74
Oxlade,YouTube_artist_monthly_views,Q1_2026,sum,498781138.0,11390613.0,12145806.0,42
Oxlade,YouTube_artist_monthly_views,Q2_2025,sum,708294953.0,15461211.0,14724561.0,45
Oxlade,YouTube_artist_monthly_views,Q3_2025,sum,581836773.0,14674112.0,11548025.0,45
Oxlade,YouTube_artist_monthly_views,Q4_2025,sum,505705313.0,11499114.0,11293230.0,45
Oxlade,YouTube_channel_views_daily,Q1_2025,sum,27707707750.0,298861660.0,312372130.0,90
Oxlade,YouTube_channel_views_daily,Q1_2026,sum,34473750850.0,374501570.0,390753950.0,90
Oxlade,YouTube_channel_views_daily,Q2_2025,sum,29585072210.0,312731620.0,338010370.0,91
Oxlade,YouTube_channel_views_daily,Q3_2025,sum,32045470030.0,338290940.0,357920200.0,92
Oxlade,YouTube_channel_views_daily,Q4_2025,sum,33676250980.0,358101150.0,374285250.0,92
Oxlade,YouTube_subscribers_daily,Q1_2025,net_change,24667.0,621333.0,646000.0,90
Oxlade,YouTube_subscribers_daily,Q1_2026,net_change,9364.0,693636.0,703000.0,90
Oxlade,YouTube_subscribers_daily,Q2_2025,net_change,22250.0,647000.0,669250.0,91
Oxlade,YouTube_subscribers_daily,Q3_2025,net_change,14375.0,669500.0,683875.0,92
Oxlade,YouTube_subscribers_daily,Q4_2025,net_change,9545.0,684000.0,693545.0,92
P-Square,Bandsintown_followers_daily,Q1_2025,net_change,676.0,35631.0,36307.0,180
P-Square,Bandsintown_followers_daily,Q2_2025,net_change,-36314.0,36314.0,0.0,82
P-Square,Bandsintown_followers_daily,Q3_2025,net_change,858.0,37168.0,38026.0,72
P-Square,Bandsintown_followers_daily,Q4_2025,net_change,585.0,38091.0,38676.0,54
P-Square,Deezer_fans_daily,Q1_2025,net_change,649.0,205341.0,205990.0,7
P-Square,Deezer_fans_daily,Q1_2026,net_change,1068.0,209018.0,210086.0,8
P-Square,Deezer_fans_daily,Q2_2025,net_change,854.0,206094.0,206948.0,9
P-Square,Deezer_fans_daily,Q3_2025,net_change,869.0,207062.0,207931.0,8
P-Square,Deezer_fans_daily,Q4_2025,net_change,821.0,208056.0,208877.0,8
P-Square,Facebook_followers_daily,Q1_2025,net_change,-24533.0,7058044.0,7033511.0,56
P-Square,Facebook_followers_daily,Q1_2026,net_change,0.0,6800000.0,6800000.0,10
P-Square,Facebook_followers_daily,Q2_2025,net_change,-12594.0,7032814.0,7020220.0,14
P-Square,Facebook_followers_daily,Q3_2025,net_change,0.0,6900000.0,6900000.0,2
P-Square,Facebook_followers_daily,Q4_2025,net_change,0.0,6800000.0,6800000.0,1
P-Square,Facebook_likes_daily,Q1_2025,net_change,-24533.0,7058044.0,7033511.0,56
P-Square,Facebook_likes_daily,Q1_2026,net_change,6840402.0,0.0,6840402.0,10
P-Square,Facebook_likes_daily,Q2_2025,net_change,-12594.0,7032814.0,7020220.0,14
P-Square,Facebook_likes_daily,Q3_2025,net_change,0.0,0.0,0.0,2
P-Square,Facebook_likes_daily,Q4_2025,net_change,0.0,0.0,0.0,1
P-Square,Facebook_talks_daily,Q1_2025,sum,62426.0,1136.0,1093.0,56
P-Square,Facebook_talks_daily,Q1_2026,sum,15964.0,1019.0,1069.0,10
P-Square,Facebook_talks_daily,Q2_2025,sum,13486.0,943.0,1051.0,14
P-Square,Facebook_talks_daily,Q3_2025,sum,91941.0,90513.0,1428.0,2
P-Square,Facebook_talks_daily,Q4_2025,sum,1514.0,1514.0,1514.0,1
P-Square,Instagram_followers_daily,Q1_2025,net_change,-72974.0,12338365.0,12265391.0,162
P-Square,Instagram_followers_daily,Q1_2026,net_change,-8122.0,12397092.0,12388970.0,89
P-Square,Instagram_followers_daily,Q2_2025,net_change,7509.0,12264965.0,12272474.0,178
P-Square,Instagram_followers_daily,Q3_2025,net_change,-10267.0,12273130.0,12262863.0,118
P-Square,Instagram_followers_daily,Q4_2025,net_change,132962.0,12262354.0,12395316.0,164
P-Square,Soundcloud_followers_daily,Q1_2026,net_change,210.0,10405.0,10615.0,88
P-Square,Soundcloud_followers_daily,Q2_2025,net_change,31.0,9785.0,9816.0,4
P-Square,Soundcloud_followers_daily,Q4_2025,net_change,236.0,10167.0,10403.0,58
P-Square,Spotify_followers_daily,Q1_2025,net_change,63590.0,777086.0,840676.0,180
P-Square,Spotify_followers_daily,Q1_2026,net_change,46691.0,1026540.0,1073231.0,90
P-Square,Spotify_followers_daily,Q2_2025,net_change,59433.0,841063.0,900496.0,182
P-Square,Spotify_followers_daily,Q3_2025,net_change,71939.0,901281.0,973220.0,184
P-Square,Spotify_followers_daily,Q4_2025,net_change,51402.0,974484.0,1025886.0,184
P-Square,Spotify_monthly_listeners_daily,Q1_2025,net_change,-10763.0,1290089.0,1279326.0,180
P-Square,Spotify_monthly_listeners_daily,Q1_2026,net_change,215558.0,2642587.0,2858145.0,90
P-Square,Spotify_monthly_listeners_daily,Q2_2025,net_change,277386.0,1281336.0,1558722.0,182
P-Square,Spotify_monthly_listeners_daily,Q3_2025,net_change,529220.0,1559554.0,2088774.0,184
P-Square,Spotify_monthly_listeners_daily,Q4_2025,net_change,557748.0,2076552.0,2634300.0,92
P-Square,Spotify_popularity_daily,Q1_2025,last_value,59.0,59.0,59.0,85
P-Square,Spotify_popularity_daily,Q1_2026,last_value,62.0,63.0,62.0,72
P-Square,Spotify_popularity_daily,Q2_2025,last_value,61.0,59.0,61.0,63
P-Square,Spotify_popularity_daily,Q3_2025,last_value,63.0,61.0,63.0,85
P-Square,Spotify_popularity_daily,Q4_2025,last_value,63.0,63.0,63.0,83
P-Square,Twitter_followers_daily,Q1_2026,net_change,-2.0,18961.0,18959.0,7
P-Square,Wikipedia_views_daily,Q1_2025,sum,47420.0,254.0,228.0,178
P-Square,Wikipedia_views_daily,Q1_2026,sum,20369.0,203.0,148.0,84
P-Square,Wikipedia_views_daily,Q2_2025,sum,59168.0,207.0,266.0,182
P-Square,Wikipedia_views_daily,Q3_2025,sum,48750.0,242.0,221.0,184
P-Square,Wikipedia_views_daily,Q4_2025,sum,43724.0,194.0,211.0,184
P-Square,YouTube_artist_daily_views,Q1_2025,sum,28680301.0,575548.0,450028.0,63
P-Square,YouTube_artist_daily_views,Q1_2026,sum,38263292.0,505359.0,541687.0,74
P-Square,YouTube_artist_daily_views,Q2_2025,sum,20883639.0,447348.0,428694.0,45
P-Square,YouTube_artist_daily_views,Q3_2025,sum,22564485.0,481374.0,456555.0,44
P-Square,YouTube_artist_daily_views,Q4_2025,sum,23183443.0,495125.0,736776.0,45
P-Square,YouTube_artist_monthly_views,Q1_2025,sum,825087023.0,14268567.0,11509607.0,63
P-Square,YouTube_artist_monthly_views,Q1_2026,sum,606325362.0,14523606.0,14740687.0,42
P-Square,YouTube_artist_monthly_views,Q2_2025,sum,573735619.0,11663729.0,13120591.0,45
P-Square,YouTube_artist_monthly_views,Q3_2025,sum,624301414.0,13169791.0,13762517.0,44
P-Square,YouTube_artist_monthly_views,Q4_2025,sum,632102562.0,13743651.0,14400669.0,45
P-Square,YouTube_channel_views_daily,Q1_2025,sum,118328196900.0,1295882000.0,1331996000.0,90
P-Square,YouTube_channel_views_daily,Q1_2026,sum,133470880300.0,1462558000.0,1500842000.0,90
P-Square,YouTube_channel_views_daily,Q2_2025,sum,123106276600.0,1332316700.0,1373025500.0,91
P-Square,YouTube_channel_views_daily,Q3_2025,sum,128276960000.0,1373482200.0,1417813000.0,92
P-Square,YouTube_channel_views_daily,Q4_2025,sum,132492683200.0,1418286800.0,1462066800.0,92
P-Square,YouTube_subscribers_daily,Q1_2025,net_change,59362.0,2624167.0,2683529.0,180
P-Square,YouTube_subscribers_daily,Q1_2026,net_change,56667.0,2913333.0,2970000.0,90
P-Square,YouTube_subscribers_daily,Q2_2025,net_change,74216.0,2684118.0,2758334.0,182
P-Square,YouTube_subscribers_daily,Q3_2025,net_change,81666.0,2759167.0,2840833.0,184
P-Square,YouTube_subscribers_daily,Q4_2025,net_change,71000.0,2841667.0,2912667.0,184
Patoranking,Bandsintown_followers_daily,Q1_2025,net_change,653.0,27717.0,28370.0,90
Patoranking,Bandsintown_followers_daily,Q2_2025,net_change,942.0,28370.0,29312.0,32
Patoranking,Bandsintown_followers_daily,Q3_2025,net_change,899.0,29363.0,30262.0,31
Patoranking,Bandsintown_followers_daily,Q4_2025,net_change,1330.0,30282.0,31612.0,16
Patoranking,Deezer_fans_daily,Q1_2025,net_change,1354.0,184683.0,186037.0,89
Patoranking,Deezer_fans_daily,Q1_2026,net_change,554.0,189370.0,189924.0,72
Patoranking,Deezer_fans_daily,Q2_2025,net_change,1279.0,186045.0,187324.0,90
Patoranking,Deezer_fans_daily,Q3_2025,net_change,1174.0,187332.0,188506.0,92
Patoranking,Deezer_fans_daily,Q4_2025,net_change,75.0,188511.0,188586.0,9
Patoranking,Facebook_followers_daily,Q1_2025,net_change,-23593.0,5758517.0,5734924.0,56
Patoranking,Facebook_followers_daily,Q1_2026,net_change,100000.0,5600000.0,5700000.0,11
Patoranking,Facebook_followers_daily,Q2_2025,net_change,-26341.0,5734381.0,5708040.0,14
Patoranking,Facebook_followers_daily,Q3_2025,net_change,0.0,5500000.0,5500000.0,1
Patoranking,Facebook_followers_daily,Q4_2025,net_change,0.0,5600000.0,5600000.0,11
Patoranking,Facebook_likes_daily,Q1_2025,net_change,-23593.0,5758517.0,5734924.0,56
Patoranking,Facebook_likes_daily,Q1_2026,net_change,5771329.0,0.0,5771329.0,11
Patoranking,Facebook_likes_daily,Q2_2025,net_change,-26341.0,5734381.0,5708040.0,14
Patoranking,Facebook_likes_daily,Q3_2025,net_change,0.0,0.0,0.0,1
Patoranking,Facebook_likes_daily,Q4_2025,net_change,0.0,0.0,0.0,11
Patoranking,Facebook_talks_daily,Q1_2025,sum,724553.0,4082.0,3423.0,56
Patoranking,Facebook_talks_daily,Q1_2026,sum,1103258.0,49432.0,128503.0,11
Patoranking,Facebook_talks_daily,Q2_2025,sum,45451.0,3391.0,2591.0,14
Patoranking,Facebook_talks_daily,Q3_2025,sum,3340.0,3340.0,3340.0,1
Patoranking,Facebook_talks_daily,Q4_2025,sum,682593.0,52691.0,76766.0,11
Patoranking,Instagram_followers_daily,Q1_2025,net_change,-84424.0,9126417.0,9041993.0,88
Patoranking,Instagram_followers_daily,Q1_2026,net_change,-7938.0,8967157.0,8959219.0,89
Patoranking,Instagram_followers_daily,Q2_2025,net_change,-50207.0,9041543.0,8991336.0,89
Patoranking,Instagram_followers_daily,Q3_2025,net_change,-14043.0,8991065.0,8977022.0,60
Patoranking,Instagram_followers_daily,Q4_2025,net_change,-8732.0,8976313.0,8967581.0,80
Patoranking,Soundcloud_followers_daily,Q1_2025,net_change,150.0,11995.0,12145.0,70
Patoranking,Soundcloud_followers_daily,Q1_2026,net_change,96.0,12551.0,12647.0,90
Patoranking,Soundcloud_followers_daily,Q2_2025,net_change,162.0,12145.0,12307.0,75
Patoranking,Soundcloud_followers_daily,Q3_2025,net_change,126.0,12308.0,12434.0,84
Patoranking,Soundcloud_followers_daily,Q4_2025,net_change,112.0,12438.0,12550.0,85
Patoranking,Spotify_followers_daily,Q1_2025,net_change,60389.0,1766570.0,1826959.0,90
Patoranking,Spotify_followers_daily,Q1_2026,net_change,53446.0,2025572.0,2079018.0,90
Patoranking,Spotify_followers_daily,Q2_2025,net_change,61708.0,1827470.0,1889178.0,91
Patoranking,Spotify_followers_daily,Q3_2025,net_change,52910.0,1889730.0,1942640.0,92
Patoranking,Spotify_followers_daily,Q4_2025,net_change,81446.0,1943210.0,2024656.0,92
Patoranking,Spotify_monthly_listeners_daily,Q1_2025,net_change,-103618.0,1497741.0,1394123.0,90
Patoranking,Spotify_monthly_listeners_daily,Q1_2026,net_change,31651.0,1805547.0,1837198.0,90
Patoranking,Spotify_monthly_listeners_daily,Q2_2025,net_change,152548.0,1394260.0,1546808.0,91
Patoranking,Spotify_monthly_listeners_daily,Q3_2025,net_change,-51424.0,1546208.0,1494784.0,92
Patoranking,Spotify_monthly_listeners_daily,Q4_2025,net_change,299522.0,1494864.0,1794386.0,92
Patoranking,Spotify_popularity_daily,Q1_2025,last_value,58.0,59.0,58.0,75
Patoranking,Spotify_popularity_daily,Q1_2026,last_value,58.0,60.0,58.0,76
Patoranking,Spotify_popularity_daily,Q2_2025,last_value,59.0,58.0,59.0,46
Patoranking,Spotify_popularity_daily,Q3_2025,last_value,60.0,60.0,60.0,84
Patoranking,Spotify_popularity_daily,Q4_2025,last_value,59.0,60.0,59.0,79
Patoranking,TikTok_followers_daily,Q1_2025,net_change,36912.0,982600.0,1019512.0,90
Patoranking,TikTok_followers_daily,Q1_2026,net_change,0.0,1100000.0,1100000.0,90
Patoranking,TikTok_followers_daily,Q2_2025,net_change,79268.0,1020732.0,1100000.0,91
Patoranking,TikTok_followers_daily,Q3_2025,net_change,0.0,1100000.0,1100000.0,90
Patoranking,TikTok_followers_daily,Q4_2025,net_change,0.0,1100000.0,1100000.0,89
Patoranking,TikTok_likes_daily,Q1_2025,net_change,338327.0,3273438.0,3611765.0,90
Patoranking,TikTok_likes_daily,Q1_2026,net_change,430769.0,4969231.0,5400000.0,90
Patoranking,TikTok_likes_daily,Q2_2025,net_change,586765.0,3613235.0,4200000.0,91
Patoranking,TikTok_likes_daily,Q3_2025,net_change,94792.0,4201042.0,4295834.0,92
Patoranking,TikTok_likes_daily,Q4_2025,net_change,668510.0,4296875.0,4965385.0,92
Patoranking,Twitter_followers_daily,Q1_2025,net_change,-4722.0,4072035.0,4067313.0,74
Patoranking,Twitter_followers_daily,Q1_2026,net_change,-3957.0,4031315.0,4027358.0,81
Patoranking,Twitter_followers_daily,Q2_2025,net_change,-833.0,4067549.0,4066716.0,73
Patoranking,Twitter_followers_daily,Q3_2025,net_change,-8241.0,4066575.0,4058334.0,69
Patoranking,Twitter_followers_daily,Q4_2025,net_change,-26626.0,4058088.0,4031462.0,67
Patoranking,Wikipedia_views_daily,Q1_2025,sum,10134.0,138.0,104.0,90
Patoranking,Wikipedia_views_daily,Q1_2026,sum,8728.0,99.0,98.0,80
Patoranking,Wikipedia_views_daily,Q2_2025,sum,11905.0,113.0,111.0,90
Patoranking,Wikipedia_views_daily,Q3_2025,sum,10088.0,98.0,81.0,92
Patoranking,Wikipedia_views_daily,Q4_2025,sum,9756.0,80.0,89.0,91
Patoranking,YouTube_artist_daily_views,Q1_2025,sum,15595300.0,321966.0,270581.0,61
Patoranking,YouTube_artist_daily_views,Q1_2026,sum,18008118.0,231124.0,255759.0,74
Patoranking,YouTube_artist_daily_views,Q2_2025,sum,11632083.0,252947.0,248835.0,45
Patoranking,YouTube_artist_daily_views,Q3_2025,sum,10998182.0,269292.0,222295.0,44
Patoranking,YouTube_artist_daily_views,Q4_2025,sum,11880695.0,227592.0,303328.0,45
Patoranking,YouTube_artist_monthly_views,Q1_2025,sum,450716892.0,8303985.0,6952192.0,61
Patoranking,YouTube_artist_monthly_views,Q1_2026,sum,257796225.0,6470933.0,8097360.0,41
Patoranking,YouTube_artist_monthly_views,Q2_2025,sum,324277859.0,7036670.0,7248348.0,45
Patoranking,YouTube_artist_monthly_views,Q3_2025,sum,309876110.0,7303329.0,6741798.0,44
Patoranking,YouTube_artist_monthly_views,Q4_2025,sum,331783206.0,6720169.0,6468854.0,45
Patoranking,YouTube_channel_views_daily,Q1_2025,sum,59825624310.0,654462850.0,674163400.0,90
Patoranking,YouTube_channel_views_daily,Q1_2026,sum,67374326350.0,740033000.0,756247040.0,90
Patoranking,YouTube_channel_views_daily,Q2_2025,sum,62354871070.0,674390140.0,695945100.0,91
Patoranking,YouTube_channel_views_daily,Q3_2025,sum,65018257650.0,696185540.0,716863800.0,92
Patoranking,YouTube_channel_views_daily,Q4_2025,sum,67061056910.0,717095900.0,739838100.0,92
Patoranking,YouTube_subscribers_daily,Q1_2025,net_change,29238.0,1700286.0,1729524.0,90
Patoranking,YouTube_subscribers_daily,Q1_2026,net_change,28182.0,1821818.0,1850000.0,90
Patoranking,YouTube_subscribers_daily,Q2_2025,net_change,26579.0,1730000.0,1756579.0,91
Patoranking,YouTube_subscribers_daily,Q3_2025,net_change,29287.0,1756842.0,1786129.0,92
Patoranking,YouTube_subscribers_daily,Q4_2025,net_change,35063.0,1786452.0,1821515.0,92
Peruzzi,Deezer_fans_daily,Q1_2025,net_change,38.0,41432.0,41470.0,90
Peruzzi,Deezer_fans_daily,Q1_2026,net_change,49.0,41618.0,41667.0,90
Peruzzi,Deezer_fans_daily,Q2_2025,net_change,31.0,41470.0,41501.0,90
Peruzzi,Deezer_fans_daily,Q3_2025,net_change,44.0,41501.0,41545.0,92
Peruzzi,Deezer_fans_daily,Q4_2025,net_change,72.0,41546.0,41618.0,92
Peruzzi,Instagram_followers_daily,Q1_2025,net_change,-51649.0,2224787.0,2173138.0,89
Peruzzi,Instagram_followers_daily,Q1_2026,net_change,-21870.0,2084351.0,2062481.0,89
Peruzzi,Instagram_followers_daily,Q2_2025,net_change,-48764.0,2172850.0,2124086.0,89
Peruzzi,Instagram_followers_daily,Q3_2025,net_change,-22885.0,2123712.0,2100827.0,60
Peruzzi,Instagram_followers_daily,Q4_2025,net_change,-16140.0,2100803.0,2084663.0,82
Peruzzi,Spotify_followers_daily,Q1_2025,net_change,26409.0,551317.0,577726.0,90
Peruzzi,Spotify_followers_daily,Q1_2026,net_change,27364.0,666243.0,693607.0,90
Peruzzi,Spotify_followers_daily,Q2_2025,net_change,29287.0,577960.0,607247.0,91
Peruzzi,Spotify_followers_daily,Q3_2025,net_change,31770.0,607479.0,639249.0,92
Peruzzi,Spotify_followers_daily,Q4_2025,net_change,26388.0,639668.0,666056.0,92
Peruzzi,Spotify_monthly_listeners_daily,Q1_2025,net_change,-245259.0,599278.0,354019.0,90
Peruzzi,Spotify_monthly_listeners_daily,Q1_2026,net_change,8269.0,556310.0,564579.0,90
Peruzzi,Spotify_monthly_listeners_daily,Q2_2025,net_change,102797.0,354814.0,457611.0,91
Peruzzi,Spotify_monthly_listeners_daily,Q3_2025,net_change,47183.0,458637.0,505820.0,92
Peruzzi,Spotify_monthly_listeners_daily,Q4_2025,net_change,43037.0,514140.0,557177.0,92
Peruzzi,Spotify_popularity_daily,Q1_2025,last_value,50.0,52.0,50.0,85
Peruzzi,Spotify_popularity_daily,Q1_2026,last_value,50.0,52.0,50.0,75
Peruzzi,Spotify_popularity_daily,Q2_2025,last_value,51.0,50.0,51.0,63
Peruzzi,Spotify_popularity_daily,Q3_2025,last_value,52.0,51.0,52.0,82
Peruzzi,Spotify_popularity_daily,Q4_2025,last_value,52.0,52.0,52.0,77
Peruzzi,Twitter_followers_daily,Q1_2025,net_change,-7441.0,1563312.0,1555871.0,74
Peruzzi,Twitter_followers_daily,Q1_2026,net_change,-3078.0,1539961.0,1536883.0,81
Peruzzi,Twitter_followers_daily,Q2_2025,net_change,-5193.0,1555984.0,1550791.0,73
Peruzzi,Twitter_followers_daily,Q3_2025,net_change,-6732.0,1550654.0,1543922.0,67
Peruzzi,Twitter_followers_daily,Q4_2025,net_change,-3764.0,1543813.0,1540049.0,91
Peruzzi,Wikipedia_views_daily,Q1_2025,sum,3526.0,41.0,29.0,90
Peruzzi,Wikipedia_views_daily,Q1_2026,sum,831.0,19.0,31.0,34
Peruzzi,Wikipedia_views_daily,Q2_2025,sum,3733.0,42.0,39.0,91
Peruzzi,Wikipedia_views_daily,Q3_2025,sum,3625.0,40.0,52.0,92
Peruzzi,Wikipedia_views_daily,Q4_2025,sum,3690.0,49.0,29.0,92
Peruzzi,YouTube_channel_views_daily,Q1_2025,sum,1436096956.0,15402277.0,16758187.0,90
Peruzzi,YouTube_channel_views_daily,Q1_2026,sum,1807352466.0,19748132.0,20394026.0,90
Peruzzi,YouTube_channel_views_daily,Q2_2025,sum,1562840803.0,16766317.0,17517756.0,91
Peruzzi,YouTube_channel_views_daily,Q3_2025,sum,1643461406.0,17525686.0,18249010.0,92
Peruzzi,YouTube_channel_views_daily,Q4_2025,sum,1763420736.0,18260614.0,19739180.0,92
Peruzzi,YouTube_subscribers_daily,Q1_2025,net_change,997.0,25225.0,26222.0,90
Peruzzi,YouTube_subscribers_daily,Q1_2026,net_change,524.0,29440.0,29964.0,90
Peruzzi,YouTube_subscribers_daily,Q2_2025,net_change,1109.0,26226.0,27335.0,91
Peruzzi,YouTube_subscribers_daily,Q3_2025,net_change,561.0,27339.0,27900.0,92
Peruzzi,YouTube_subscribers_daily,Q4_2025,net_change,1486.0,27950.0,29436.0,92
Pheelz,Bandsintown_followers_daily,Q1_2025,net_change,422.0,3146.0,3568.0,180
Pheelz,Bandsintown_followers_daily,Q2_2025,net_change,659.0,3602.0,4261.0,62
Pheelz,Bandsintown_followers_daily,Q3_2025,net_change,661.0,4277.0,4938.0,62
Pheelz,Bandsintown_followers_daily,Q4_2025,net_change,-4960.0,4960.0,0.0,32
Pheelz,Deezer_fans_daily,Q1_2025,net_change,903.0,27053.0,27956.0,84
Pheelz,Deezer_fans_daily,Q1_2026,net_change,562.0,30354.0,30916.0,90
Pheelz,Deezer_fans_daily,Q2_2025,net_change,835.0,27964.0,28799.0,84
Pheelz,Deezer_fans_daily,Q3_2025,net_change,819.0,28807.0,29626.0,91
Pheelz,Deezer_fans_daily,Q4_2025,net_change,715.0,29635.0,30350.0,92
Pheelz,Facebook_followers_daily,Q1_2025,net_change,12413.0,211781.0,224194.0,56
Pheelz,Facebook_followers_daily,Q1_2026,net_change,-4000.0,185000.0,181000.0,11
Pheelz,Facebook_followers_daily,Q2_2025,net_change,-3094.0,224094.0,221000.0,15
Pheelz,Facebook_followers_daily,Q3_2025,net_change,-4000.0,195000.0,191000.0,41
Pheelz,Facebook_followers_daily,Q4_2025,net_change,-3000.0,191000.0,188000.0,52
Pheelz,Facebook_likes_daily,Q1_2025,net_change,-623.0,37793.0,37170.0,56
Pheelz,Facebook_likes_daily,Q1_2026,net_change,181583.0,0.0,181583.0,11
Pheelz,Facebook_likes_daily,Q2_2025,net_change,-226.0,37151.0,36925.0,15
Pheelz,Facebook_likes_daily,Q3_2025,net_change,-34000.0,34000.0,0.0,41
Pheelz,Facebook_likes_daily,Q4_2025,net_change,0.0,0.0,0.0,52
Pheelz,Facebook_talks_daily,Q1_2025,sum,327123.0,6760.0,1069.0,56
Pheelz,Facebook_talks_daily,Q1_2026,sum,8011.0,2416.0,225.0,11
Pheelz,Facebook_talks_daily,Q2_2025,sum,11117.0,632.0,154.0,15
Pheelz,Facebook_talks_daily,Q3_2025,sum,174909.0,64.0,1637.0,41
Pheelz,Facebook_talks_daily,Q4_2025,sum,519560.0,1714.0,5380.0,52
Pheelz,Instagram_followers_daily,Q1_2025,net_change,-12794.0,655621.0,642827.0,180
Pheelz,Instagram_followers_daily,Q1_2026,net_change,-9457.0,622920.0,613463.0,89
Pheelz,Instagram_followers_daily,Q2_2025,net_change,-7629.0,642968.0,635339.0,178
Pheelz,Instagram_followers_daily,Q3_2025,net_change,-8514.0,635226.0,626712.0,120
Pheelz,Instagram_followers_daily,Q4_2025,net_change,-3553.0,626597.0,623044.0,162
Pheelz,Soundcloud_followers_daily,Q1_2026,net_change,236.0,12436.0,12672.0,90
Pheelz,Soundcloud_followers_daily,Q2_2025,net_change,56.0,11843.0,11899.0,8
Pheelz,Soundcloud_followers_daily,Q4_2025,net_change,169.0,12265.0,12434.0,38
Pheelz,Spotify_followers_daily,Q1_2025,net_change,70855.0,599202.0,670057.0,180
Pheelz,Spotify_followers_daily,Q1_2026,net_change,44044.0,831517.0,875561.0,90
Pheelz,Spotify_followers_daily,Q2_2025,net_change,51984.0,670736.0,722720.0,182
Pheelz,Spotify_followers_daily,Q3_2025,net_change,52161.0,723243.0,775404.0,184
Pheelz,Spotify_followers_daily,Q4_2025,net_change,55011.0,775981.0,830992.0,184
Pheelz,Spotify_monthly_listeners_daily,Q1_2025,net_change,-427272.0,2553371.0,2126099.0,90
Pheelz,Spotify_monthly_listeners_daily,Q1_2026,net_change,-216772.0,2376693.0,2159921.0,90
Pheelz,Spotify_monthly_listeners_daily,Q2_2025,net_change,244497.0,2125307.0,2369804.0,182
Pheelz,Spotify_monthly_listeners_daily,Q3_2025,net_change,144919.0,2376575.0,2521494.0,92
Pheelz,Spotify_monthly_listeners_daily,Q4_2025,net_change,-150164.0,2526101.0,2375937.0,92
Pheelz,Spotify_popularity_daily,Q1_2025,last_value,58.0,61.0,58.0,85
Pheelz,Spotify_popularity_daily,Q1_2026,last_value,56.0,59.0,56.0,73
Pheelz,Spotify_popularity_daily,Q2_2025,last_value,59.0,58.0,59.0,63
Pheelz,Spotify_popularity_daily,Q3_2025,last_value,61.0,59.0,61.0,90
Pheelz,Spotify_popularity_daily,Q4_2025,last_value,59.0,62.0,59.0,80
Pheelz,TikTok_followers_daily,Q1_2025,net_change,17200.0,571500.0,588700.0,180
Pheelz,TikTok_followers_daily,Q1_2026,net_change,-2950.0,615050.0,612100.0,90
Pheelz,TikTok_followers_daily,Q2_2025,net_change,7533.0,588667.0,596200.0,182
Pheelz,TikTok_followers_daily,Q3_2025,net_change,10190.0,596150.0,606340.0,184
Pheelz,TikTok_followers_daily,Q4_2025,net_change,8160.0,606960.0,615120.0,184
Pheelz,TikTok_likes_daily,Q1_2025,net_change,482895.0,6475000.0,6957895.0,180
Pheelz,TikTok_likes_daily,Q1_2026,net_change,392683.0,9007317.0,9400000.0,90
Pheelz,TikTok_likes_daily,Q2_2025,net_change,391842.0,6963158.0,7355000.0,182
Pheelz,TikTok_likes_daily,Q3_2025,net_change,900476.0,7356667.0,8257143.0,184
Pheelz,TikTok_likes_daily,Q4_2025,net_change,733449.0,8271429.0,9004878.0,184
Pheelz,Twitter_followers_daily,Q1_2025,net_change,3117.0,435353.0,438470.0,148
Pheelz,Twitter_followers_daily,Q1_2026,net_change,-206.0,447427.0,447221.0,80
Pheelz,Twitter_followers_daily,Q2_2025,net_change,4086.0,438605.0,442691.0,146
Pheelz,Twitter_followers_daily,Q3_2025,net_change,2705.0,442770.0,445475.0,134
Pheelz,Twitter_followers_daily,Q4_2025,net_change,1954.0,445476.0,447430.0,180
Pheelz,Wikipedia_views_daily,Q1_2025,sum,11620.0,67.0,50.0,180
Pheelz,Wikipedia_views_daily,Q1_2026,sum,4700.0,40.0,43.0,84
Pheelz,Wikipedia_views_daily,Q2_2025,sum,10420.0,66.0,56.0,182
Pheelz,Wikipedia_views_daily,Q3_2025,sum,9488.0,52.0,68.0,184
Pheelz,Wikipedia_views_daily,Q4_2025,sum,10288.0,52.0,35.0,184
Pheelz,YouTube_channel_views_daily,Q1_2025,sum,20935747630.0,228580750.0,236758620.0,90
Pheelz,YouTube_channel_views_daily,Q1_2026,sum,23858418010.0,262044910.0,267781000.0,90
Pheelz,YouTube_channel_views_daily,Q2_2025,sum,22006099160.0,236898110.0,245738540.0,91
Pheelz,YouTube_channel_views_daily,Q3_2025,sum,23034261190.0,245816110.0,255232900.0,92
Pheelz,YouTube_channel_views_daily,Q4_2025,sum,23813869580.0,255325140.0,261974600.0,92
Pheelz,YouTube_subscribers_daily,Q1_2025,net_change,6006.0,359923.0,365929.0,180
Pheelz,YouTube_subscribers_daily,Q1_2026,net_change,3944.0,389056.0,393000.0,90
Pheelz,YouTube_subscribers_daily,Q2_2025,net_change,7045.0,366000.0,373045.0,182
Pheelz,YouTube_subscribers_daily,Q3_2025,net_change,7576.0,373091.0,380667.0,184
Pheelz,YouTube_subscribers_daily,Q4_2025,net_change,8000.0,381000.0,389000.0,184
Phyno,Bandsintown_followers_daily,Q1_2025,net_change,266.0,7833.0,8099.0,90
Phyno,Bandsintown_followers_daily,Q2_2025,net_change,378.0,8099.0,8477.0,31
Phyno,Bandsintown_followers_daily,Q3_2025,net_change,415.0,8505.0,8920.0,31
Phyno,Bandsintown_followers_daily,Q4_2025,net_change,274.0,8929.0,9203.0,16
Phyno,Deezer_fans_daily,Q1_2025,net_change,0.0,41.0,41.0,5
Phyno,Deezer_fans_daily,Q1_2026,net_change,0.0,41.0,41.0,90
Phyno,Deezer_fans_daily,Q2_2025,net_change,0.0,41.0,41.0,1
Phyno,Deezer_fans_daily,Q3_2025,net_change,0.0,41.0,41.0,5
Phyno,Deezer_fans_daily,Q4_2025,net_change,0.0,41.0,41.0,83
Phyno,Facebook_followers_daily,Q1_2025,net_change,-40293.0,3663465.0,3623172.0,56
Phyno,Facebook_followers_daily,Q1_2026,net_change,0.0,3400000.0,3400000.0,10
Phyno,Facebook_followers_daily,Q2_2025,net_change,-13083.0,3623139.0,3610056.0,14
Phyno,Facebook_followers_daily,Q3_2025,net_change,0.0,3500000.0,3500000.0,1
Phyno,Facebook_followers_daily,Q4_2025,net_change,0.0,3400000.0,3400000.0,4
Phyno,Facebook_likes_daily,Q1_2025,net_change,-40293.0,3663465.0,3623172.0,56
Phyno,Facebook_likes_daily,Q1_2026,net_change,3462474.0,0.0,3462474.0,10
Phyno,Facebook_likes_daily,Q2_2025,net_change,-13083.0,3623139.0,3610056.0,14
Phyno,Facebook_likes_daily,Q3_2025,net_change,0.0,0.0,0.0,1
Phyno,Facebook_likes_daily,Q4_2025,net_change,0.0,0.0,0.0,4
Phyno,Facebook_talks_daily,Q1_2025,sum,585812.0,7633.0,6343.0,56
Phyno,Facebook_talks_daily,Q1_2026,sum,353920.0,44430.0,8648.0,10
Phyno,Facebook_talks_daily,Q2_2025,sum,215418.0,6569.0,43020.0,14
Phyno,Facebook_talks_daily,Q3_2025,sum,13969.0,13969.0,13969.0,1
Phyno,Facebook_talks_daily,Q4_2025,sum,106030.0,21616.0,41768.0,4
Phyno,Instagram_followers_daily,Q1_2025,net_change,-91436.0,8338895.0,8247459.0,90
Phyno,Instagram_followers_daily,Q1_2026,net_change,-23606.0,8160697.0,8137091.0,89
Phyno,Instagram_followers_daily,Q2_2025,net_change,537.0,8246580.0,8247117.0,89
Phyno,Instagram_followers_daily,Q3_2025,net_change,-69696.0,8246585.0,8176889.0,60
Phyno,Instagram_followers_daily,Q4_2025,net_change,-14605.0,8175926.0,8161321.0,82
Phyno,Soundcloud_followers_daily,Q1_2026,net_change,88.0,7247.0,7335.0,89
Phyno,Soundcloud_followers_daily,Q2_2025,net_change,22.0,7022.0,7044.0,7
Phyno,Soundcloud_followers_daily,Q4_2025,net_change,65.0,7178.0,7243.0,54
Phyno,Spotify_followers_daily,Q1_2025,net_change,140631.0,944171.0,1084802.0,90
Phyno,Spotify_followers_daily,Q1_2026,net_change,185009.0,1448093.0,1633102.0,90
Phyno,Spotify_followers_daily,Q2_2025,net_change,124906.0,1087004.0,1211910.0,91
Phyno,Spotify_followers_daily,Q3_2025,net_change,121341.0,1212961.0,1334302.0,92
Phyno,Spotify_followers_daily,Q4_2025,net_change,111188.0,1335405.0,1446593.0,92
Phyno,Spotify_monthly_listeners_daily,Q1_2025,net_change,29895.0,1236584.0,1266479.0,90
Phyno,Spotify_monthly_listeners_daily,Q1_2026,net_change,137770.0,1591792.0,1729562.0,90
Phyno,Spotify_monthly_listeners_daily,Q2_2025,net_change,87985.0,1264761.0,1352746.0,91
Phyno,Spotify_monthly_listeners_daily,Q3_2025,net_change,-40308.0,1351515.0,1311207.0,92
Phyno,Spotify_monthly_listeners_daily,Q4_2025,net_change,280738.0,1308005.0,1588743.0,92
Phyno,Spotify_popularity_daily,Q1_2025,last_value,60.0,61.0,60.0,85
Phyno,Spotify_popularity_daily,Q1_2026,last_value,63.0,64.0,63.0,76
Phyno,Spotify_popularity_daily,Q2_2025,last_value,62.0,60.0,62.0,65
Phyno,Spotify_popularity_daily,Q3_2025,last_value,63.0,62.0,63.0,88
Phyno,Spotify_popularity_daily,Q4_2025,last_value,63.0,62.0,63.0,79
Phyno,TikTok_followers_daily,Q1_2025,net_change,14200.0,141300.0,155500.0,90
Phyno,TikTok_followers_daily,Q1_2026,net_change,0.0,238100.0,238100.0,75
Phyno,TikTok_followers_daily,Q2_2025,net_change,26900.0,155800.0,182700.0,91
Phyno,TikTok_followers_daily,Q3_2025,net_change,54000.0,184100.0,238100.0,90
Phyno,TikTok_followers_daily,Q4_2025,net_change,0.0,238100.0,238100.0,89
Phyno,TikTok_likes_daily,Q1_2025,net_change,193738.0,1517073.0,1710811.0,90
Phyno,TikTok_likes_daily,Q1_2026,net_change,0.0,2900000.0,2900000.0,75
Phyno,TikTok_likes_daily,Q2_2025,net_change,486486.0,1713514.0,2200000.0,91
Phyno,TikTok_likes_daily,Q3_2025,net_change,680000.0,2220000.0,2900000.0,90
Phyno,TikTok_likes_daily,Q4_2025,net_change,0.0,2900000.0,2900000.0,89
Phyno,Twitter_followers_daily,Q1_2025,net_change,-1389.0,2487661.0,2486272.0,74
Phyno,Twitter_followers_daily,Q1_2026,net_change,-2110.0,2451491.0,2449381.0,80
Phyno,Twitter_followers_daily,Q2_2025,net_change,-1528.0,2486422.0,2484894.0,73
Phyno,Twitter_followers_daily,Q3_2025,net_change,-6117.0,2484933.0,2478816.0,69
Phyno,Twitter_followers_daily,Q4_2025,net_change,-27147.0,2478670.0,2451523.0,91
Phyno,Wikipedia_views_daily,Q1_2025,sum,12103.0,135.0,118.0,90
Phyno,Wikipedia_views_daily,Q1_2026,sum,12053.0,147.0,72.0,83
Phyno,Wikipedia_views_daily,Q2_2025,sum,16319.0,164.0,132.0,91
Phyno,Wikipedia_views_daily,Q3_2025,sum,12958.0,115.0,125.0,90
Phyno,Wikipedia_views_daily,Q4_2025,sum,12707.0,107.0,126.0,88
Phyno,YouTube_artist_daily_views,Q1_2025,sum,10681483.0,205530.0,175578.0,65
Phyno,YouTube_artist_daily_views,Q1_2026,sum,14667329.0,233045.0,192011.0,75
Phyno,YouTube_artist_daily_views,Q2_2025,sum,10851734.0,150775.0,184408.0,45
Phyno,YouTube_artist_daily_views,Q3_2025,sum,8728656.0,194953.0,161766.0,45
Phyno,YouTube_artist_daily_views,Q4_2025,sum,8968873.0,166237.0,202681.0,45
Phyno,YouTube_artist_monthly_views,Q1_2025,sum,306280421.0,5154365.0,4197671.0,65
Phyno,YouTube_artist_monthly_views,Q1_2026,sum,234441927.0,6984722.0,5503636.0,42
Phyno,YouTube_artist_monthly_views,Q2_2025,sum,288351895.0,4232330.0,5718397.0,45
Phyno,YouTube_artist_monthly_views,Q3_2025,sum,247834996.0,5690476.0,5119862.0,45
Phyno,YouTube_artist_monthly_views,Q4_2025,sum,241432512.0,5090719.0,6869174.0,45
Phyno,YouTube_channel_views_daily,Q1_2025,sum,24431611990.0,265485700.0,275312800.0,90
Phyno,YouTube_channel_views_daily,Q1_2026,sum,28697932280.0,312495460.0,324573950.0,90
Phyno,YouTube_channel_views_daily,Q2_2025,sum,25530185560.0,275276450.0,286294240.0,91
Phyno,YouTube_channel_views_daily,Q3_2025,sum,26855568810.0,286499100.0,297897700.0,92
Phyno,YouTube_channel_views_daily,Q4_2025,sum,27939769410.0,298012100.0,312332260.0,92
Phyno,YouTube_subscribers_daily,Q1_2025,net_change,14151.0,607143.0,621294.0,90
Phyno,YouTube_subscribers_daily,Q1_2026,net_change,11000.0,659667.0,670667.0,90
Phyno,YouTube_subscribers_daily,Q2_2025,net_change,12255.0,621412.0,633667.0,91
Phyno,YouTube_subscribers_daily,Q3_2025,net_change,13079.0,633778.0,646857.0,92
Phyno,YouTube_subscribers_daily,Q4_2025,net_change,12556.0,647000.0,659556.0,92
Portable,Deezer_fans_daily,Q1_2025,net_change,5.0,629.0,634.0,10
Portable,Deezer_fans_daily,Q1_2026,net_change,1.0,664.0,665.0,9
Portable,Deezer_fans_daily,Q2_2025,net_change,4.0,634.0,638.0,8
Portable,Deezer_fans_daily,Q3_2025,net_change,13.0,640.0,653.0,8
Portable,Deezer_fans_daily,Q4_2025,net_change,8.0,654.0,662.0,10
Portable,Instagram_followers_daily,Q1_2025,net_change,-72004.0,2575254.0,2503250.0,31
Portable,Instagram_followers_daily,Q1_2026,net_change,-3154.0,2473183.0,2470029.0,5
Portable,Instagram_followers_daily,Q2_2025,net_change,-19639.0,2502262.0,2482623.0,31
Portable,Instagram_followers_daily,Q3_2025,net_change,0.0,2502277.0,2502277.0,1
Portable,Instagram_followers_daily,Q4_2025,net_change,0.0,2470723.0,2470723.0,1
Portable,Spotify_followers_daily,Q1_2025,net_change,5606.0,420256.0,425862.0,90
Portable,Spotify_followers_daily,Q1_2026,net_change,12355.0,464308.0,476663.0,90
Portable,Spotify_followers_daily,Q2_2025,net_change,8709.0,425913.0,434622.0,91
Portable,Spotify_followers_daily,Q3_2025,net_change,12832.0,434745.0,447577.0,92
Portable,Spotify_followers_daily,Q4_2025,net_change,16432.0,447736.0,464168.0,92
Portable,Spotify_monthly_listeners_daily,Q1_2025,net_change,-103637.0,423332.0,319695.0,90
Portable,Spotify_monthly_listeners_daily,Q1_2026,net_change,8758.0,438422.0,447180.0,90
Portable,Spotify_monthly_listeners_daily,Q2_2025,net_change,237985.0,320423.0,558408.0,91
Portable,Spotify_monthly_listeners_daily,Q3_2025,net_change,-67493.0,557820.0,490327.0,92
Portable,Spotify_monthly_listeners_daily,Q4_2025,net_change,-50968.0,489673.0,438705.0,92
Portable,Spotify_popularity_daily,Q1_2025,last_value,45.0,48.0,45.0,85
Portable,Spotify_popularity_daily,Q1_2026,last_value,47.0,48.0,47.0,34
Portable,Spotify_popularity_daily,Q2_2025,last_value,50.0,45.0,50.0,56
Portable,Spotify_popularity_daily,Q3_2025,last_value,50.0,51.0,50.0,42
Portable,Spotify_popularity_daily,Q4_2025,last_value,48.0,46.0,48.0,8
Portable,YouTube_channel_views_daily,Q1_2025,sum,3857796668.0,41973292.0,43682064.0,90
Portable,YouTube_channel_views_daily,Q1_2026,sum,4662750228.0,50551896.0,52997732.0,90
Portable,YouTube_channel_views_daily,Q2_2025,sum,4066579186.0,43703380.0,45585516.0,91
Portable,YouTube_channel_views_daily,Q3_2025,sum,4224637596.0,45606470.0,47353828.0,91
Portable,YouTube_channel_views_daily,Q4_2025,sum,4510349676.0,47359776.0,50524840.0,92
Portable,YouTube_subscribers_daily,Q1_2025,net_change,5059.0,243846.0,248905.0,90
Portable,YouTube_subscribers_daily,Q1_2026,net_change,4929.0,276071.0,281000.0,90
Portable,YouTube_subscribers_daily,Q2_2025,net_change,7515.0,248952.0,256467.0,91
Portable,YouTube_subscribers_daily,Q3_2025,net_change,6911.0,256533.0,263444.0,92
Portable,YouTube_subscribers_daily,Q4_2025,net_change,12444.0,263556.0,276000.0,92
Praiz,Deezer_fans_daily,Q1_2025,net_change,12.0,1577.0,1589.0,8
Praiz,Deezer_fans_daily,Q1_2026,net_change,15.0,1637.0,1652.0,8
Praiz,Deezer_fans_daily,Q2_2025,net_change,8.0,1589.0,1597.0,9
Praiz,Deezer_fans_daily,Q3_2025,net_change,14.0,1600.0,1614.0,8
Praiz,Deezer_fans_daily,Q4_2025,net_change,22.0,1615.0,1637.0,8
Praiz,Facebook_followers_daily,Q1_2025,net_change,-964.0,83934.0,82970.0,55
Praiz,Facebook_followers_daily,Q2_2025,net_change,-272.0,82945.0,82673.0,15
Praiz,Facebook_likes_daily,Q1_2025,net_change,-964.0,83934.0,82970.0,55
Praiz,Facebook_likes_daily,Q2_2025,net_change,-272.0,82945.0,82673.0,15
Praiz,Facebook_talks_daily,Q1_2025,sum,117.0,0.0,2.0,55
Praiz,Facebook_talks_daily,Q2_2025,sum,33.0,2.0,2.0,15
Praiz,Instagram_followers_daily,Q1_2025,net_change,-3326.0,411088.0,407762.0,56
Praiz,Instagram_followers_daily,Q1_2026,net_change,0.0,395177.0,395177.0,1
Praiz,Instagram_followers_daily,Q2_2025,net_change,-2943.0,407370.0,404427.0,64
Praiz,Instagram_followers_daily,Q3_2025,net_change,0.0,399998.0,399998.0,2
Praiz,Instagram_followers_daily,Q4_2025,net_change,0.0,397744.0,397744.0,2
Praiz,Soundcloud_followers_daily,Q1_2025,net_change,0.0,408.0,408.0,4
Praiz,Soundcloud_followers_daily,Q1_2026,net_change,2.0,416.0,418.0,88
Praiz,Soundcloud_followers_daily,Q2_2025,net_change,-1.0,410.0,409.0,22
Praiz,Soundcloud_followers_daily,Q3_2025,net_change,0.0,409.0,409.0,2
Praiz,Soundcloud_followers_daily,Q4_2025,net_change,3.0,413.0,416.0,84
Praiz,Spotify_followers_daily,Q1_2025,net_change,928.0,27626.0,28554.0,180
Praiz,Spotify_followers_daily,Q1_2026,net_change,698.0,30316.0,31014.0,90
Praiz,Spotify_followers_daily,Q2_2025,net_change,539.0,28563.0,29102.0,182
Praiz,Spotify_followers_daily,Q3_2025,net_change,501.0,29107.0,29608.0,184
Praiz,Spotify_followers_daily,Q4_2025,net_change,692.0,29615.0,30307.0,184
Praiz,Spotify_monthly_listeners_daily,Q1_2025,net_change,-45864.0,260520.0,214656.0,180
Praiz,Spotify_monthly_listeners_daily,Q1_2026,net_change,825.0,246856.0,247681.0,90
Praiz,Spotify_monthly_listeners_daily,Q2_2025,net_change,7632.0,214343.0,221975.0,182
Praiz,Spotify_monthly_listeners_daily,Q3_2025,net_change,20898.0,222168.0,243066.0,184
Praiz,Spotify_monthly_listeners_daily,Q4_2025,net_change,3600.0,242709.0,246309.0,184
Praiz,Spotify_popularity_daily,Q1_2025,last_value,41.0,42.0,41.0,23
Praiz,Spotify_popularity_daily,Q1_2026,last_value,39.0,38.0,39.0,18
Praiz,Spotify_popularity_daily,Q2_2025,last_value,40.0,41.0,40.0,13
Praiz,Spotify_popularity_daily,Q3_2025,last_value,43.0,41.0,43.0,3
Praiz,Spotify_popularity_daily,Q4_2025,last_value,40.0,38.0,40.0,13
Praiz,TikTok_followers_daily,Q1_2025,net_change,-6.0,741.0,735.0,180
Praiz,TikTok_followers_daily,Q1_2026,net_change,-12.0,718.0,706.0,90
Praiz,TikTok_followers_daily,Q2_2025,net_change,-4.0,735.0,731.0,182
Praiz,TikTok_followers_daily,Q3_2025,net_change,-4.0,731.0,727.0,182
Praiz,TikTok_followers_daily,Q4_2025,net_change,-9.0,727.0,718.0,184
Praiz,TikTok_likes_daily,Q1_2025,net_change,0.0,937.0,937.0,180
Praiz,TikTok_likes_daily,Q1_2026,net_change,4.0,942.0,946.0,90
Praiz,TikTok_likes_daily,Q2_2025,net_change,0.0,937.0,937.0,182
Praiz,TikTok_likes_daily,Q3_2025,net_change,0.0,937.0,937.0,182
Praiz,TikTok_likes_daily,Q4_2025,net_change,5.0,937.0,942.0,184
Praiz,Wikipedia_views_daily,Q1_2025,sum,3896.0,14.0,17.0,180
Praiz,Wikipedia_views_daily,Q1_2026,sum,1479.0,16.0,18.0,84
Praiz,Wikipedia_views_daily,Q2_2025,sum,4046.0,37.0,4.0,182
Praiz,Wikipedia_views_daily,Q3_2025,sum,3454.0,20.0,24.0,184
Praiz,Wikipedia_views_daily,Q4_2025,sum,3152.0,20.0,14.0,184
Prettyboy D-O,Deezer_fans_daily,Q1_2025,net_change,1.0,1489.0,1490.0,89
Prettyboy D-O,Deezer_fans_daily,Q1_2026,net_change,7.0,1495.0,1502.0,90
Prettyboy D-O,Deezer_fans_daily,Q2_2025,net_change,0.0,1490.0,1490.0,87
Prettyboy D-O,Deezer_fans_daily,Q3_2025,net_change,2.0,1490.0,1492.0,91
Prettyboy D-O,Deezer_fans_daily,Q4_2025,net_change,3.0,1492.0,1495.0,92
Prettyboy D-O,Instagram_followers_daily,Q1_2025,net_change,-2461.0,99809.0,97348.0,176
Prettyboy D-O,Instagram_followers_daily,Q1_2026,net_change,-746.0,92641.0,91895.0,89
Prettyboy D-O,Instagram_followers_daily,Q2_2025,net_change,-2356.0,97406.0,95050.0,178
Prettyboy D-O,Instagram_followers_daily,Q3_2025,net_change,-1294.0,95023.0,93729.0,120
Prettyboy D-O,Instagram_followers_daily,Q4_2025,net_change,-1063.0,93713.0,92650.0,164
Prettyboy D-O,Spotify_followers_daily,Q1_2025,net_change,705.0,63199.0,63904.0,180
Prettyboy D-O,Spotify_followers_daily,Q1_2026,net_change,2528.0,66666.0,69194.0,90
Prettyboy D-O,Spotify_followers_daily,Q2_2025,net_change,585.0,63968.0,64553.0,182
Prettyboy D-O,Spotify_followers_daily,Q3_2025,net_change,516.0,64552.0,65068.0,184
Prettyboy D-O,Spotify_followers_daily,Q4_2025,net_change,1587.0,65069.0,66656.0,184
Prettyboy D-O,Spotify_monthly_listeners_daily,Q1_2025,net_change,7429.0,70091.0,77520.0,90
Prettyboy D-O,Spotify_monthly_listeners_daily,Q1_2026,net_change,-11016.0,107219.0,96203.0,90
Prettyboy D-O,Spotify_monthly_listeners_daily,Q2_2025,net_change,17823.0,77267.0,95090.0,91
Prettyboy D-O,Spotify_monthly_listeners_daily,Q3_2025,net_change,-25652.0,94804.0,69152.0,184
Prettyboy D-O,Spotify_monthly_listeners_daily,Q4_2025,net_change,38643.0,69167.0,107810.0,184
Prettyboy D-O,Spotify_popularity_daily,Q1_2025,last_value,37.0,36.0,37.0,67
Prettyboy D-O,Spotify_popularity_daily,Q1_2026,last_value,35.0,38.0,35.0,71
Prettyboy D-O,Spotify_popularity_daily,Q2_2025,last_value,39.0,38.0,39.0,56
Prettyboy D-O,Spotify_popularity_daily,Q3_2025,last_value,37.0,39.0,37.0,83
Prettyboy D-O,Spotify_popularity_daily,Q4_2025,last_value,39.0,37.0,39.0,79
Prettyboy D-O,TikTok_followers_daily,Q1_2025,net_change,-90.0,6467.0,6377.0,180
Prettyboy D-O,TikTok_followers_daily,Q1_2026,net_change,27.0,6459.0,6486.0,90
Prettyboy D-O,TikTok_followers_daily,Q2_2025,net_change,-86.0,6375.0,6289.0,182
Prettyboy D-O,TikTok_followers_daily,Q3_2025,net_change,130.0,6288.0,6418.0,184
Prettyboy D-O,TikTok_followers_daily,Q4_2025,net_change,40.0,6418.0,6458.0,184
Prettyboy D-O,TikTok_likes_daily,Q1_2025,net_change,685.0,116026.0,116711.0,180
Prettyboy D-O,TikTok_likes_daily,Q1_2026,net_change,11117.0,129883.0,141000.0,90
Prettyboy D-O,TikTok_likes_daily,Q2_2025,net_change,1267.0,116733.0,118000.0,182
Prettyboy D-O,TikTok_likes_daily,Q3_2025,net_change,4458.0,118033.0,122491.0,184
Prettyboy D-O,TikTok_likes_daily,Q4_2025,net_change,7172.0,122566.0,129738.0,184
Prettyboy D-O,Twitter_followers_daily,Q1_2025,net_change,1339.0,51132.0,52471.0,140
Prettyboy D-O,Twitter_followers_daily,Q1_2026,net_change,651.0,57641.0,58292.0,72
Prettyboy D-O,Twitter_followers_daily,Q2_2025,net_change,2292.0,52512.0,54804.0,142
Prettyboy D-O,Twitter_followers_daily,Q3_2025,net_change,1608.0,54866.0,56474.0,128
Prettyboy D-O,Twitter_followers_daily,Q4_2025,net_change,1165.0,56490.0,57655.0,176
Prettyboy D-O,YouTube_channel_views_daily,Q1_2025,sum,381564935.0,4210202.0,4270970.0,90
Prettyboy D-O,YouTube_channel_views_daily,Q1_2026,sum,415360977.0,4572965.0,4630114.0,90
Prettyboy D-O,YouTube_channel_views_daily,Q2_2025,sum,392898419.0,4272015.0,4360948.0,91
Prettyboy D-O,YouTube_channel_views_daily,Q3_2025,sum,405570324.0,4361926.0,4458156.0,92
Prettyboy D-O,YouTube_channel_views_daily,Q4_2025,sum,415392981.0,4459310.0,4571762.0,92
Prettyboy D-O,YouTube_subscribers_daily,Q1_2025,net_change,99.0,9119.0,9218.0,180
Prettyboy D-O,YouTube_subscribers_daily,Q1_2026,net_change,100.0,9570.0,9670.0,90
Prettyboy D-O,YouTube_subscribers_daily,Q2_2025,net_change,161.0,9220.0,9381.0,182
Prettyboy D-O,YouTube_subscribers_daily,Q3_2025,net_change,99.0,9382.0,9481.0,184
Prettyboy D-O,YouTube_subscribers_daily,Q4_2025,net_change,87.0,9482.0,9569.0,184
Qing Madi,Deezer_fans_daily,Q1_2025,net_change,304.0,1323.0,1627.0,90
Qing Madi,Deezer_fans_daily,Q1_2026,net_change,244.0,2453.0,2697.0,90
Qing Madi,Deezer_fans_daily,Q2_2025,net_change,250.0,1628.0,1878.0,87
Qing Madi,Deezer_fans_daily,Q3_2025,net_change,272.0,1883.0,2155.0,92
Qing Madi,Deezer_fans_daily,Q4_2025,net_change,291.0,2159.0,2450.0,92
Qing Madi,Facebook_followers_daily,Q1_2025,net_change,10719.0,208268.0,218987.0,56
Qing Madi,Facebook_followers_daily,Q1_2026,net_change,-5000.0,192000.0,187000.0,18
Qing Madi,Facebook_followers_daily,Q2_2025,net_change,1466.0,219534.0,221000.0,17
Qing Madi,Facebook_followers_daily,Q3_2025,net_change,-17000.0,221000.0,204000.0,43
Qing Madi,Facebook_followers_daily,Q4_2025,net_change,-9000.0,203000.0,194000.0,73
Qing Madi,Facebook_likes_daily,Q1_2025,net_change,10719.0,208268.0,218987.0,56
Qing Madi,Facebook_likes_daily,Q1_2026,net_change,187517.0,0.0,187517.0,18
Qing Madi,Facebook_likes_daily,Q2_2025,net_change,1535.0,219534.0,221069.0,17
Qing Madi,Facebook_likes_daily,Q3_2025,net_change,-221069.0,221069.0,0.0,43
Qing Madi,Facebook_likes_daily,Q4_2025,net_change,0.0,0.0,0.0,73
Qing Madi,Facebook_talks_daily,Q1_2025,sum,1291003.0,19016.0,15893.0,56
Qing Madi,Facebook_talks_daily,Q1_2026,sum,13006.0,883.0,813.0,18
Qing Madi,Facebook_talks_daily,Q2_2025,sum,213285.0,19174.0,19937.0,17
Qing Madi,Facebook_talks_daily,Q3_2025,sum,44329.0,19937.0,449.0,43
Qing Madi,Facebook_talks_daily,Q4_2025,sum,71280.0,446.0,1038.0,73
Qing Madi,Instagram_followers_daily,Q1_2025,net_change,16432.0,523246.0,539678.0,176
Qing Madi,Instagram_followers_daily,Q1_2026,net_change,4167.0,591224.0,595391.0,88
Qing Madi,Instagram_followers_daily,Q2_2025,net_change,-9378.0,540973.0,531595.0,178
Qing Madi,Instagram_followers_daily,Q3_2025,net_change,26816.0,531518.0,558334.0,120
Qing Madi,Instagram_followers_daily,Q4_2025,net_change,32676.0,558639.0,591315.0,164
Qing Madi,Soundcloud_followers_daily,Q1_2025,net_change,105.0,973.0,1078.0,4
Qing Madi,Soundcloud_followers_daily,Q1_2026,net_change,129.0,1425.0,1554.0,90
Qing Madi,Soundcloud_followers_daily,Q2_2025,net_change,19.0,1161.0,1180.0,6
Qing Madi,Soundcloud_followers_daily,Q4_2025,net_change,104.0,1320.0,1424.0,44
Qing Madi,Spotify_followers_daily,Q1_2025,net_change,78421.0,522130.0,600551.0,180
Qing Madi,Spotify_followers_daily,Q1_2026,net_change,45519.0,772569.0,818088.0,90
Qing Madi,Spotify_followers_daily,Q2_2025,net_change,73547.0,601411.0,674958.0,182
Qing Madi,Spotify_followers_daily,Q3_2025,net_change,39195.0,675274.0,714469.0,184
Qing Madi,Spotify_followers_daily,Q4_2025,net_change,56849.0,714978.0,771827.0,184
Qing Madi,Spotify_monthly_listeners_daily,Q1_2025,net_change,-412890.0,1899476.0,1486586.0,180
Qing Madi,Spotify_monthly_listeners_daily,Q1_2026,net_change,13356.0,1742280.0,1755636.0,90
Qing Madi,Spotify_monthly_listeners_daily,Q2_2025,net_change,300136.0,1490006.0,1790142.0,182
Qing Madi,Spotify_monthly_listeners_daily,Q3_2025,net_change,-7516.0,1801600.0,1794084.0,184
Qing Madi,Spotify_monthly_listeners_daily,Q4_2025,net_change,-51511.0,1799749.0,1748238.0,184
Qing Madi,Spotify_popularity_daily,Q1_2025,last_value,59.0,61.0,59.0,85
Qing Madi,Spotify_popularity_daily,Q1_2026,last_value,58.0,60.0,58.0,79
Qing Madi,Spotify_popularity_daily,Q2_2025,last_value,62.0,59.0,62.0,72
Qing Madi,Spotify_popularity_daily,Q3_2025,last_value,61.0,62.0,61.0,88
Qing Madi,Spotify_popularity_daily,Q4_2025,last_value,60.0,61.0,60.0,76
Qing Madi,TikTok_followers_daily,Q1_2025,net_change,40746.0,1190833.0,1231579.0,180
Qing Madi,TikTok_followers_daily,Q1_2026,net_change,47619.0,1452381.0,1500000.0,90
Qing Madi,TikTok_followers_daily,Q2_2025,net_change,36437.0,1231984.0,1268421.0,182
Qing Madi,TikTok_followers_daily,Q3_2025,net_change,58097.0,1268826.0,1326923.0,184
Qing Madi,TikTok_followers_daily,Q4_2025,net_change,122583.0,1328846.0,1451429.0,184
Qing Madi,TikTok_likes_daily,Q1_2025,net_change,2773076.0,34450000.0,37223076.0,180
Qing Madi,TikTok_likes_daily,Q1_2026,net_change,4910000.0,55650000.0,60560000.0,90
Qing Madi,TikTok_likes_daily,Q2_2025,net_change,821860.0,37230770.0,38052630.0,182
Qing Madi,TikTok_likes_daily,Q3_2025,net_change,7082108.0,38057892.0,45140000.0,182
Qing Madi,TikTok_likes_daily,Q4_2025,net_change,10327500.0,45260000.0,55587500.0,184
Qing Madi,Twitter_followers_daily,Q1_2025,net_change,1814.0,34633.0,36447.0,146
Qing Madi,Twitter_followers_daily,Q1_2026,net_change,-320.0,36264.0,35944.0,81
Qing Madi,Twitter_followers_daily,Q2_2025,net_change,-112.0,36434.0,36322.0,144
Qing Madi,Twitter_followers_daily,Q3_2025,net_change,-219.0,36345.0,36126.0,132
Qing Madi,Twitter_followers_daily,Q4_2025,net_change,128.0,36148.0,36276.0,182
Qing Madi,Wikipedia_views_daily,Q1_2025,sum,35708.0,216.0,150.0,180
Qing Madi,Wikipedia_views_daily,Q1_2026,sum,723.0,153.0,195.0,4
Qing Madi,Wikipedia_views_daily,Q2_2025,sum,33320.0,132.0,145.0,182
Qing Madi,Wikipedia_views_daily,Q3_2025,sum,31690.0,325.0,201.0,184
Qing Madi,Wikipedia_views_daily,Q4_2025,sum,42186.0,209.0,190.0,184
Qing Madi,YouTube_channel_views_daily,Q1_2025,sum,8715398424.0,88991690.0,104165730.0,90
Qing Madi,YouTube_channel_views_daily,Q1_2026,sum,14167141030.0,149748750.0,164634030.0,90
Qing Madi,YouTube_channel_views_daily,Q2_2025,sum,10199942154.0,104222900.0,118699910.0,91
Qing Madi,YouTube_channel_views_daily,Q3_2025,sum,11622232260.0,118881060.0,133750650.0,92
Qing Madi,YouTube_channel_views_daily,Q4_2025,sum,12999938754.0,133905530.0,149559340.0,92
Qing Madi,YouTube_subscribers_daily,Q1_2025,net_change,28417.0,244333.0,272750.0,180
Qing Madi,YouTube_subscribers_daily,Q1_2026,net_change,17250.0,340750.0,358000.0,90
Qing Madi,YouTube_subscribers_daily,Q2_2025,net_change,20286.0,273000.0,293286.0,182
Qing Madi,YouTube_subscribers_daily,Q3_2025,net_change,23071.0,293429.0,316500.0,182
Qing Madi,YouTube_subscribers_daily,Q4_2025,net_change,23750.0,316750.0,340500.0,184
Reekado Banks,Bandsintown_followers_daily,Q1_2025,net_change,280.0,13277.0,13557.0,176
Reekado Banks,Bandsintown_followers_daily,Q2_2025,net_change,457.0,13579.0,14036.0,56
Reekado Banks,Bandsintown_followers_daily,Q3_2025,net_change,514.0,14074.0,14588.0,52
Reekado Banks,Bandsintown_followers_daily,Q4_2025,net_change,14853.0,0.0,14853.0,28
Reekado Banks,Deezer_fans_daily,Q1_2026,net_change,1.0,2.0,3.0,90
Reekado Banks,Deezer_fans_daily,Q4_2025,net_change,0.0,2.0,2.0,83
Reekado Banks,Facebook_followers_daily,Q1_2025,net_change,-33343.0,2480577.0,2447234.0,56
Reekado Banks,Facebook_followers_daily,Q1_2026,net_change,0.0,2200000.0,2200000.0,16
Reekado Banks,Facebook_followers_daily,Q2_2025,net_change,-12389.0,2446760.0,2434371.0,14
Reekado Banks,Facebook_followers_daily,Q3_2025,net_change,0.0,2300000.0,2300000.0,1
Reekado Banks,Facebook_followers_daily,Q4_2025,net_change,0.0,2300000.0,2300000.0,13
Reekado Banks,Facebook_likes_daily,Q1_2025,net_change,-33343.0,2480577.0,2447234.0,56
Reekado Banks,Facebook_likes_daily,Q1_2026,net_change,2272540.0,0.0,2272540.0,16
Reekado Banks,Facebook_likes_daily,Q2_2025,net_change,-12389.0,2446760.0,2434371.0,14
Reekado Banks,Facebook_likes_daily,Q3_2025,net_change,0.0,0.0,0.0,1
Reekado Banks,Facebook_likes_daily,Q4_2025,net_change,0.0,0.0,0.0,13
Reekado Banks,Facebook_talks_daily,Q1_2025,sum,82181.0,1056.0,781.0,56
Reekado Banks,Facebook_talks_daily,Q1_2026,sum,13522.0,673.0,822.0,16
Reekado Banks,Facebook_talks_daily,Q2_2025,sum,10257.0,704.0,772.0,14
Reekado Banks,Facebook_talks_daily,Q3_2025,sum,1739.0,1739.0,1739.0,1
Reekado Banks,Facebook_talks_daily,Q4_2025,sum,16371.0,2064.0,1000.0,13
Reekado Banks,Instagram_followers_daily,Q1_2025,net_change,-67331.0,6497647.0,6430316.0,178
Reekado Banks,Instagram_followers_daily,Q1_2026,net_change,-11098.0,6343889.0,6332791.0,89
Reekado Banks,Instagram_followers_daily,Q2_2025,net_change,-65307.0,6430091.0,6364784.0,178
Reekado Banks,Instagram_followers_daily,Q3_2025,net_change,7906.0,6364722.0,6372628.0,120
Reekado Banks,Instagram_followers_daily,Q4_2025,net_change,-27477.0,6371827.0,6344350.0,164
Reekado Banks,Soundcloud_followers_daily,Q1_2026,net_change,60.0,7597.0,7657.0,87
Reekado Banks,Soundcloud_followers_daily,Q2_2025,net_change,12.0,7410.0,7422.0,12
Reekado Banks,Soundcloud_followers_daily,Q4_2025,net_change,61.0,7536.0,7597.0,88
Reekado Banks,Spotify_followers_daily,Q1_2025,net_change,47232.0,876697.0,923929.0,180
Reekado Banks,Spotify_followers_daily,Q1_2026,net_change,48683.0,1093786.0,1142469.0,90
Reekado Banks,Spotify_followers_daily,Q2_2025,net_change,48701.0,924342.0,973043.0,182
Reekado Banks,Spotify_followers_daily,Q3_2025,net_change,49404.0,973501.0,1022905.0,184
Reekado Banks,Spotify_followers_daily,Q4_2025,net_change,69470.0,1023525.0,1092995.0,184
Reekado Banks,Spotify_monthly_listeners_daily,Q1_2025,net_change,-39035.0,762158.0,723123.0,90
Reekado Banks,Spotify_monthly_listeners_daily,Q1_2026,net_change,121188.0,948162.0,1069350.0,90
Reekado Banks,Spotify_monthly_listeners_daily,Q2_2025,net_change,114543.0,726933.0,841476.0,182
Reekado Banks,Spotify_monthly_listeners_daily,Q3_2025,net_change,86560.0,840272.0,926832.0,184
Reekado Banks,Spotify_monthly_listeners_daily,Q4_2025,net_change,16949.0,927999.0,944948.0,92
Reekado Banks,Spotify_popularity_daily,Q1_2025,last_value,54.0,55.0,54.0,87
Reekado Banks,Spotify_popularity_daily,Q1_2026,last_value,55.0,56.0,55.0,70
Reekado Banks,Spotify_popularity_daily,Q2_2025,last_value,56.0,54.0,56.0,71
Reekado Banks,Spotify_popularity_daily,Q3_2025,last_value,57.0,56.0,57.0,86
Reekado Banks,Spotify_popularity_daily,Q4_2025,last_value,55.0,57.0,55.0,81
Reekado Banks,TikTok_followers_daily,Q1_2025,net_change,2900.0,138300.0,141200.0,180
Reekado Banks,TikTok_followers_daily,Q1_2026,net_change,759.0,171241.0,172000.0,90
Reekado Banks,TikTok_followers_daily,Q2_2025,net_change,3675.0,141225.0,144900.0,182
Reekado Banks,TikTok_followers_daily,Q3_2025,net_change,24439.0,144917.0,169356.0,184
Reekado Banks,TikTok_followers_daily,Q4_2025,net_change,1830.0,169402.0,171232.0,184
Reekado Banks,TikTok_likes_daily,Q1_2025,net_change,-122800.0,777300.0,654500.0,90
Reekado Banks,TikTok_likes_daily,Q1_2026,net_change,58170.0,1241830.0,1300000.0,90
Reekado Banks,TikTok_likes_daily,Q2_2025,net_change,67650.0,654750.0,722400.0,182
Reekado Banks,TikTok_likes_daily,Q3_2025,net_change,414224.0,722733.0,1136957.0,184
Reekado Banks,TikTok_likes_daily,Q4_2025,net_change,102046.0,1139131.0,1241177.0,184
Reekado Banks,Twitter_followers_daily,Q1_2025,net_change,-302.0,2188263.0,2187961.0,146
Reekado Banks,Twitter_followers_daily,Q1_2026,net_change,-2193.0,2182643.0,2180450.0,79
Reekado Banks,Twitter_followers_daily,Q2_2025,net_change,4069.0,2188172.0,2192241.0,144
Reekado Banks,Twitter_followers_daily,Q3_2025,net_change,261.0,2192243.0,2192504.0,132
Reekado Banks,Twitter_followers_daily,Q4_2025,net_change,-9673.0,2192405.0,2182732.0,180
Reekado Banks,Wikipedia_views_daily,Q1_2025,sum,10580.0,43.0,44.0,180
Reekado Banks,Wikipedia_views_daily,Q1_2026,sum,4292.0,38.0,47.0,84
Reekado Banks,Wikipedia_views_daily,Q2_2025,sum,11886.0,46.0,53.0,182
Reekado Banks,Wikipedia_views_daily,Q3_2025,sum,11888.0,169.0,33.0,184
Reekado Banks,Wikipedia_views_daily,Q4_2025,sum,7942.0,30.0,43.0,176
Reekado Banks,YouTube_artist_daily_views,Q1_2025,sum,4556191.0,82578.0,79026.0,60
Reekado Banks,YouTube_artist_daily_views,Q1_2026,sum,5829891.0,84970.0,80699.0,74
Reekado Banks,YouTube_artist_daily_views,Q2_2025,sum,3865105.0,73221.0,73219.0,45
Reekado Banks,YouTube_artist_daily_views,Q3_2025,sum,4311682.0,82860.0,78289.0,44
Reekado Banks,YouTube_artist_daily_views,Q4_2025,sum,3810449.0,84296.0,101585.0,46
Reekado Banks,YouTube_artist_monthly_views,Q1_2025,sum,129769853.0,2403945.0,2054767.0,60
Reekado Banks,YouTube_artist_monthly_views,Q1_2026,sum,92058276.0,2321661.0,2187834.0,41
Reekado Banks,YouTube_artist_monthly_views,Q2_2025,sum,107405150.0,2028585.0,2226712.0,45
Reekado Banks,YouTube_artist_monthly_views,Q3_2025,sum,118334907.0,2236466.0,2670684.0,44
Reekado Banks,YouTube_artist_monthly_views,Q4_2025,sum,105922877.0,2659254.0,2313378.0,46
Reekado Banks,YouTube_channel_views_daily,Q1_2025,sum,17936208430.0,196178100.0,202105970.0,90
Reekado Banks,YouTube_channel_views_daily,Q1_2026,sum,19913545030.0,224583340.0,221266600.0,90
Reekado Banks,YouTube_channel_views_daily,Q2_2025,sum,18709141200.0,202157940.0,209064030.0,91
Reekado Banks,YouTube_channel_views_daily,Q3_2025,sum,19622460090.0,209133600.0,217633200.0,92
Reekado Banks,YouTube_channel_views_daily,Q4_2025,sum,20341547410.0,217711410.0,224503500.0,92
Reekado Banks,YouTube_subscribers_daily,Q1_2025,net_change,6686.0,486083.0,492769.0,180
Reekado Banks,YouTube_subscribers_daily,Q1_2026,net_change,4529.0,523471.0,528000.0,90
Reekado Banks,YouTube_subscribers_daily,Q2_2025,net_change,9972.0,492846.0,502818.0,182
Reekado Banks,YouTube_subscribers_daily,Q3_2025,net_change,14191.0,502909.0,517100.0,184
Reekado Banks,YouTube_subscribers_daily,Q4_2025,net_change,6212.0,517200.0,523412.0,184
Rema,Bandsintown_followers_daily,Q1_2025,net_change,9755.0,68719.0,78474.0,88
Rema,Bandsintown_followers_daily,Q2_2025,net_change,12887.0,78984.0,91871.0,32
Rema,Bandsintown_followers_daily,Q3_2025,net_change,14469.0,92622.0,107091.0,28
Rema,Bandsintown_followers_daily,Q4_2025,net_change,6400.0,107614.0,114014.0,13
Rema,Deezer_fans_daily,Q1_2025,net_change,15933.0,474189.0,490122.0,90
Rema,Deezer_fans_daily,Q1_2026,net_change,5877.0,538736.0,544613.0,6
Rema,Deezer_fans_daily,Q2_2025,net_change,15799.0,490268.0,506067.0,90
Rema,Deezer_fans_daily,Q3_2025,net_change,15862.0,506250.0,522112.0,92
Rema,Deezer_fans_daily,Q4_2025,net_change,11783.0,522237.0,534020.0,44
Rema,Facebook_followers_daily,Q1_2025,net_change,-2437.0,531743.0,529306.0,57
Rema,Facebook_followers_daily,Q1_2026,net_change,-4000.0,473000.0,469000.0,85
Rema,Facebook_followers_daily,Q2_2025,net_change,-4149.0,529149.0,525000.0,78
Rema,Facebook_followers_daily,Q3_2025,net_change,-39000.0,525000.0,486000.0,61
Rema,Facebook_followers_daily,Q4_2025,net_change,-12000.0,485000.0,473000.0,87
Rema,Facebook_likes_daily,Q1_2025,net_change,-2437.0,531743.0,529306.0,57
Rema,Facebook_likes_daily,Q1_2026,net_change,469069.0,0.0,469069.0,85
Rema,Facebook_likes_daily,Q2_2025,net_change,-3866.0,529149.0,525283.0,78
Rema,Facebook_likes_daily,Q3_2025,net_change,-525283.0,525283.0,0.0,61
Rema,Facebook_likes_daily,Q4_2025,net_change,0.0,0.0,0.0,87
Rema,Facebook_talks_daily,Q1_2025,sum,189309.0,1366.0,956.0,57
Rema,Facebook_talks_daily,Q1_2026,sum,265465.0,6470.0,2881.0,85
Rema,Facebook_talks_daily,Q2_2025,sum,577181.0,829.0,7448.0,78
Rema,Facebook_talks_daily,Q3_2025,sum,192978.0,7448.0,531.0,61
Rema,Facebook_talks_daily,Q4_2025,sum,111250.0,479.0,2898.0,87
Rema,Instagram_followers_daily,Q1_2025,net_change,27711.0,6706376.0,6734087.0,89
Rema,Instagram_followers_daily,Q1_2026,net_change,34837.0,7327762.0,7362599.0,89
Rema,Instagram_followers_daily,Q2_2025,net_change,218842.0,6735708.0,6954550.0,89
Rema,Instagram_followers_daily,Q3_2025,net_change,185204.0,6959566.0,7144770.0,60
Rema,Instagram_followers_daily,Q4_2025,net_change,182662.0,7143874.0,7326536.0,81
Rema,Soundcloud_followers_daily,Q1_2025,net_change,2999.0,81706.0,84705.0,89
Rema,Soundcloud_followers_daily,Q1_2026,net_change,2813.0,93278.0,96091.0,90
Rema,Soundcloud_followers_daily,Q2_2025,net_change,3165.0,84751.0,87916.0,91
Rema,Soundcloud_followers_daily,Q3_2025,net_change,2627.0,87957.0,90584.0,92
Rema,Soundcloud_followers_daily,Q4_2025,net_change,2640.0,90611.0,93251.0,88
Rema,Spotify_followers_daily,Q1_2025,net_change,714850.0,6159971.0,6874821.0,90
Rema,Spotify_followers_daily,Q1_2026,net_change,908110.0,9385723.0,10293833.0,90
Rema,Spotify_followers_daily,Q2_2025,net_change,720557.0,6882655.0,7603212.0,91
Rema,Spotify_followers_daily,Q3_2025,net_change,747811.0,7609749.0,8357560.0,92
Rema,Spotify_followers_daily,Q4_2025,net_change,1007950.0,8365273.0,9373223.0,92
Rema,Spotify_monthly_listeners_daily,Q1_2025,net_change,-15932.0,20804144.0,20788212.0,90
Rema,Spotify_monthly_listeners_daily,Q1_2026,net_change,5080608.0,19573708.0,24654316.0,90
Rema,Spotify_monthly_listeners_daily,Q2_2025,net_change,537816.0,20824924.0,21362740.0,91
Rema,Spotify_monthly_listeners_daily,Q3_2025,net_change,-1402970.0,21420658.0,20017688.0,92
Rema,Spotify_monthly_listeners_daily,Q4_2025,net_change,-594640.0,20013982.0,19419342.0,92
Rema,Spotify_popularity_daily,Q1_2025,last_value,78.0,79.0,78.0,80
Rema,Spotify_popularity_daily,Q1_2026,last_value,78.0,79.0,78.0,53
Rema,Spotify_popularity_daily,Q2_2025,last_value,80.0,78.0,80.0,74
Rema,Spotify_popularity_daily,Q3_2025,last_value,80.0,80.0,80.0,61
Rema,Spotify_popularity_daily,Q4_2025,last_value,78.0,80.0,78.0,43
Rema,TikTok_followers_daily,Q1_2025,net_change,301304.0,6702400.0,7003704.0,90
Rema,TikTok_followers_daily,Q1_2026,net_change,0.0,7800000.0,7800000.0,90
Rema,TikTok_followers_daily,Q2_2025,net_change,152840.0,7004938.0,7157778.0,91
Rema,TikTok_followers_daily,Q3_2025,net_change,477777.0,7162223.0,7640000.0,92
Rema,TikTok_followers_daily,Q4_2025,net_change,158000.0,7642000.0,7800000.0,89
Rema,TikTok_likes_daily,Q1_2025,net_change,4075000.0,49325000.0,53400000.0,90
Rema,TikTok_likes_daily,Q1_2026,net_change,600000.0,72700000.0,73300000.0,90
Rema,TikTok_likes_daily,Q2_2025,net_change,3733332.0,53366668.0,57100000.0,91
Rema,TikTok_likes_daily,Q3_2025,net_change,10450000.0,57200000.0,67650000.0,92
Rema,TikTok_likes_daily,Q4_2025,net_change,4975000.0,67700000.0,72675000.0,92
Rema,Twitter_followers_daily,Q1_2025,net_change,104967.0,5751368.0,5856335.0,76
Rema,Twitter_followers_daily,Q1_2026,net_change,-13277.0,6011450.0,5998173.0,80
Rema,Twitter_followers_daily,Q2_2025,net_change,74492.0,5857990.0,5932482.0,74
Rema,Twitter_followers_daily,Q3_2025,net_change,48966.0,5933455.0,5982421.0,69
Rema,Twitter_followers_daily,Q4_2025,net_change,28859.0,5982597.0,6011456.0,91
Rema,Wikipedia_views_daily,Q1_2025,sum,133022.0,1855.0,1438.0,89
Rema,Wikipedia_views_daily,Q1_2026,sum,94004.0,1273.0,811.0,83
Rema,Wikipedia_views_daily,Q2_2025,sum,168465.0,1197.0,1332.0,90
Rema,Wikipedia_views_daily,Q3_2025,sum,121636.0,1305.0,1255.0,84
Rema,Wikipedia_views_daily,Q4_2025,sum,120794.0,1295.0,1189.0,89
Rema,YouTube_artist_daily_views,Q1_2025,sum,197745110.0,2693426.0,2627474.0,79
Rema,YouTube_artist_daily_views,Q1_2026,sum,167276768.0,2509932.0,2187151.0,74
Rema,YouTube_artist_daily_views,Q2_2025,sum,109363253.0,2423429.0,2409315.0,45
Rema,YouTube_artist_daily_views,Q3_2025,sum,106324961.0,2461609.0,1876624.0,45
Rema,YouTube_artist_daily_views,Q4_2025,sum,110855684.0,2003486.0,3629862.0,45
Rema,YouTube_artist_monthly_views,Q1_2025,sum,5651005801.0,73546993.0,64440968.0,79
Rema,YouTube_artist_monthly_views,Q1_2026,sum,2742782232.0,69689071.0,62929161.0,42
Rema,YouTube_artist_monthly_views,Q2_2025,sum,3000617900.0,64881599.0,69986153.0,45
Rema,YouTube_artist_monthly_views,Q3_2025,sum,3047785398.0,70065519.0,63545119.0,45
Rema,YouTube_artist_monthly_views,Q4_2025,sum,2954551190.0,61565874.0,69605864.0,45
Rema,YouTube_channel_views_daily,Q1_2025,sum,176081594200.0,1899000700.0,2010194200.0,90
Rema,YouTube_channel_views_daily,Q1_2026,sum,215867774000.0,2352397300.0,2435805000.0,90
Rema,YouTube_channel_views_daily,Q2_2025,sum,187834246000.0,2011169000.0,2122248800.0,91
Rema,YouTube_channel_views_daily,Q3_2025,sum,200851379300.0,2123500900.0,2242283500.0,92
Rema,YouTube_channel_views_daily,Q4_2025,sum,211543897200.0,2243418400.0,2351218400.0,92
Rema,YouTube_subscribers_daily,Q1_2025,net_change,181429.0,4622857.0,4804286.0,90
Rema,YouTube_subscribers_daily,Q1_2026,net_change,91428.0,5318572.0,5410000.0,90
Rema,YouTube_subscribers_daily,Q2_2025,net_change,157619.0,4805715.0,4963334.0,91
Rema,YouTube_subscribers_daily,Q3_2025,net_change,187333.0,4966667.0,5154000.0,92
Rema,YouTube_subscribers_daily,Q4_2025,net_change,161143.0,5156000.0,5317143.0,92
Reminisce,Deezer_fans_daily,Q1_2025,net_change,29.0,12256.0,12285.0,90
Reminisce,Deezer_fans_daily,Q1_2026,net_change,29.0,12377.0,12406.0,90
Reminisce,Deezer_fans_daily,Q2_2025,net_change,27.0,12285.0,12312.0,90
Reminisce,Deezer_fans_daily,Q3_2025,net_change,27.0,12312.0,12339.0,92
Reminisce,Deezer_fans_daily,Q4_2025,net_change,38.0,12339.0,12377.0,92
Reminisce,Facebook_followers_daily,Q1_2025,net_change,292.0,18992.0,19284.0,56
Reminisce,Facebook_followers_daily,Q1_2026,net_change,1000.0,20000.0,21000.0,12
Reminisce,Facebook_followers_daily,Q2_2025,net_change,2.0,19284.0,19286.0,14
Reminisce,Facebook_followers_daily,Q3_2025,net_change,0.0,19000.0,19000.0,1
Reminisce,Facebook_followers_daily,Q4_2025,net_change,0.0,19000.0,19000.0,1
Reminisce,Facebook_likes_daily,Q1_2025,net_change,196.0,17462.0,17658.0,56
Reminisce,Facebook_likes_daily,Q1_2026,net_change,21009.0,0.0,21009.0,12
Reminisce,Facebook_likes_daily,Q2_2025,net_change,-3.0,17657.0,17654.0,14
Reminisce,Facebook_likes_daily,Q3_2025,net_change,0.0,0.0,0.0,1
Reminisce,Facebook_likes_daily,Q4_2025,net_change,0.0,0.0,0.0,1
Reminisce,Facebook_talks_daily,Q1_2025,sum,12864.0,136.0,246.0,56
Reminisce,Facebook_talks_daily,Q1_2026,sum,6555.0,388.0,792.0,12
Reminisce,Facebook_talks_daily,Q2_2025,sum,444.0,152.0,4.0,14
Reminisce,Facebook_talks_daily,Q3_2025,sum,738.0,738.0,738.0,1
Reminisce,Facebook_talks_daily,Q4_2025,sum,682.0,682.0,682.0,1
Reminisce,Instagram_followers_daily,Q1_2025,net_change,-28407.0,2194481.0,2166074.0,78
Reminisce,Instagram_followers_daily,Q1_2026,net_change,-11492.0,2075825.0,2064333.0,8
Reminisce,Instagram_followers_daily,Q2_2025,net_change,-40328.0,2165773.0,2125445.0,84
Reminisce,Instagram_followers_daily,Q3_2025,net_change,-4466.0,2124965.0,2120499.0,14
Reminisce,Instagram_followers_daily,Q4_2025,net_change,-9286.0,2086775.0,2077489.0,12
Reminisce,Spotify_followers_daily,Q1_2025,net_change,12574.0,267517.0,280091.0,180
Reminisce,Spotify_followers_daily,Q1_2026,net_change,9038.0,310901.0,319939.0,90
Reminisce,Spotify_followers_daily,Q2_2025,net_change,11162.0,280161.0,291323.0,182
Reminisce,Spotify_followers_daily,Q3_2025,net_change,8840.0,291384.0,300224.0,184
Reminisce,Spotify_followers_daily,Q4_2025,net_change,10446.0,300319.0,310765.0,184
Reminisce,Spotify_monthly_listeners_daily,Q1_2025,net_change,-5986.0,284091.0,278105.0,180
Reminisce,Spotify_monthly_listeners_daily,Q1_2026,net_change,19206.0,433530.0,452736.0,90
Reminisce,Spotify_monthly_listeners_daily,Q2_2025,net_change,77901.0,279352.0,357253.0,182
Reminisce,Spotify_monthly_listeners_daily,Q3_2025,net_change,10527.0,356194.0,366721.0,92
Reminisce,Spotify_monthly_listeners_daily,Q4_2025,net_change,70870.0,362002.0,432872.0,184
Reminisce,Spotify_popularity_daily,Q1_2025,last_value,44.0,45.0,44.0,83
Reminisce,Spotify_popularity_daily,Q1_2026,last_value,45.0,47.0,45.0,75
Reminisce,Spotify_popularity_daily,Q2_2025,last_value,46.0,44.0,46.0,64
Reminisce,Spotify_popularity_daily,Q3_2025,last_value,46.0,46.0,46.0,78
Reminisce,Spotify_popularity_daily,Q4_2025,last_value,47.0,46.0,47.0,79
Reminisce,Wikipedia_views_daily,Q1_2025,sum,4854.0,18.0,31.0,180
Reminisce,Wikipedia_views_daily,Q1_2026,sum,2454.0,18.0,24.0,84
Reminisce,Wikipedia_views_daily,Q2_2025,sum,4992.0,26.0,37.0,182
Reminisce,Wikipedia_views_daily,Q3_2025,sum,4180.0,48.0,33.0,156
Reminisce,Wikipedia_views_daily,Q4_2025,sum,5218.0,42.0,27.0,184
Reminisce,YouTube_channel_views_daily,Q1_2025,sum,2603600404.0,28849528.0,28917524.0,90
Reminisce,YouTube_channel_views_daily,Q1_2026,sum,2873941818.0,31469564.0,32333860.0,90
Reminisce,YouTube_channel_views_daily,Q2_2025,sum,2661148980.0,28924450.0,29561262.0,91
Reminisce,YouTube_channel_views_daily,Q3_2025,sum,2754199188.0,29567154.0,30453362.0,92
Reminisce,YouTube_channel_views_daily,Q4_2025,sum,2848580016.0,30464460.0,31457848.0,92
Reminisce,YouTube_subscribers_daily,Q1_2025,net_change,820.0,75591.0,76411.0,180
Reminisce,YouTube_subscribers_daily,Q1_2026,net_change,588.0,79012.0,79600.0,90
Reminisce,YouTube_subscribers_daily,Q2_2025,net_change,928.0,76422.0,77350.0,182
Reminisce,YouTube_subscribers_daily,Q3_2025,net_change,946.0,77363.0,78309.0,184
Reminisce,YouTube_subscribers_daily,Q4_2025,net_change,688.0,78318.0,79006.0,184
Ric Hassani,Bandsintown_followers_daily,Q1_2025,net_change,353.0,3530.0,3883.0,178
Ric Hassani,Bandsintown_followers_daily,Q2_2025,net_change,533.0,3904.0,4437.0,58
Ric Hassani,Bandsintown_followers_daily,Q3_2025,net_change,514.0,4446.0,4960.0,52
Ric Hassani,Bandsintown_followers_daily,Q4_2025,net_change,247.0,4979.0,5226.0,26
Ric Hassani,Deezer_fans_daily,Q1_2025,net_change,121.0,8253.0,8374.0,87
Ric Hassani,Deezer_fans_daily,Q1_2026,net_change,123.0,8753.0,8876.0,90
Ric Hassani,Deezer_fans_daily,Q2_2025,net_change,126.0,8374.0,8500.0,87
Ric Hassani,Deezer_fans_daily,Q3_2025,net_change,136.0,8500.0,8636.0,92
Ric Hassani,Deezer_fans_daily,Q4_2025,net_change,114.0,8638.0,8752.0,92
Ric Hassani,Facebook_followers_daily,Q1_2025,net_change,-1471.0,266465.0,264994.0,35
Ric Hassani,Facebook_followers_daily,Q1_2026,net_change,13000.0,330000.0,343000.0,11
Ric Hassani,Facebook_followers_daily,Q2_2025,net_change,949.0,265088.0,266037.0,14
Ric Hassani,Facebook_followers_daily,Q3_2025,net_change,27000.0,285000.0,312000.0,10
Ric Hassani,Facebook_followers_daily,Q4_2025,net_change,7000.0,315000.0,322000.0,4
Ric Hassani,Facebook_likes_daily,Q1_2025,net_change,-1471.0,266465.0,264994.0,35
Ric Hassani,Facebook_likes_daily,Q1_2026,net_change,343216.0,0.0,343216.0,11
Ric Hassani,Facebook_likes_daily,Q2_2025,net_change,949.0,265088.0,266037.0,14
Ric Hassani,Facebook_likes_daily,Q3_2025,net_change,0.0,0.0,0.0,10
Ric Hassani,Facebook_likes_daily,Q4_2025,net_change,0.0,0.0,0.0,4
Ric Hassani,Facebook_talks_daily,Q1_2025,sum,197892.0,14315.0,24795.0,35
Ric Hassani,Facebook_talks_daily,Q1_2026,sum,585004.0,88758.0,35258.0,11
Ric Hassani,Facebook_talks_daily,Q2_2025,sum,136463.0,15748.0,4902.0,14
Ric Hassani,Facebook_talks_daily,Q3_2025,sum,301913.0,1700.0,66182.0,10
Ric Hassani,Facebook_talks_daily,Q4_2025,sum,304973.0,48253.0,108811.0,4
Ric Hassani,Instagram_followers_daily,Q1_2025,net_change,7904.0,973264.0,981168.0,180
Ric Hassani,Instagram_followers_daily,Q1_2026,net_change,-4217.0,918113.0,913896.0,89
Ric Hassani,Instagram_followers_daily,Q2_2025,net_change,-36736.0,981068.0,944332.0,178
Ric Hassani,Instagram_followers_daily,Q3_2025,net_change,-11603.0,944344.0,932741.0,120
Ric Hassani,Instagram_followers_daily,Q4_2025,net_change,-14396.0,932539.0,918143.0,164
Ric Hassani,Soundcloud_followers_daily,Q1_2025,net_change,154.0,10240.0,10394.0,146
Ric Hassani,Soundcloud_followers_daily,Q1_2026,net_change,179.0,10839.0,11018.0,89
Ric Hassani,Soundcloud_followers_daily,Q2_2025,net_change,155.0,10396.0,10551.0,146
Ric Hassani,Soundcloud_followers_daily,Q3_2025,net_change,158.0,10550.0,10708.0,152
Ric Hassani,Soundcloud_followers_daily,Q4_2025,net_change,127.0,10710.0,10837.0,78
Ric Hassani,Spotify_followers_daily,Q1_2025,net_change,3134.0,163685.0,166819.0,180
Ric Hassani,Spotify_followers_daily,Q1_2026,net_change,3604.0,177606.0,181210.0,90
Ric Hassani,Spotify_followers_daily,Q2_2025,net_change,4062.0,166851.0,170913.0,182
Ric Hassani,Spotify_followers_daily,Q3_2025,net_change,3176.0,170950.0,174126.0,184
Ric Hassani,Spotify_followers_daily,Q4_2025,net_change,3369.0,174197.0,177566.0,184
Ric Hassani,Spotify_monthly_listeners_daily,Q1_2025,net_change,-256417.0,729429.0,473012.0,180
Ric Hassani,Spotify_monthly_listeners_daily,Q1_2026,net_change,37038.0,501037.0,538075.0,90
Ric Hassani,Spotify_monthly_listeners_daily,Q2_2025,net_change,118786.0,472643.0,591429.0,91
Ric Hassani,Spotify_monthly_listeners_daily,Q3_2025,net_change,-21983.0,592813.0,570830.0,184
Ric Hassani,Spotify_monthly_listeners_daily,Q4_2025,net_change,-67705.0,569525.0,501820.0,92
Ric Hassani,Spotify_popularity_daily,Q1_2025,last_value,50.0,54.0,50.0,81
Ric Hassani,Spotify_popularity_daily,Q1_2026,last_value,49.0,51.0,49.0,78
Ric Hassani,Spotify_popularity_daily,Q2_2025,last_value,53.0,50.0,53.0,67
Ric Hassani,Spotify_popularity_daily,Q3_2025,last_value,53.0,53.0,53.0,86
Ric Hassani,Spotify_popularity_daily,Q4_2025,last_value,51.0,53.0,51.0,77
Ric Hassani,TikTok_followers_daily,Q1_2025,net_change,4375.0,28300.0,32675.0,180
Ric Hassani,TikTok_followers_daily,Q1_2026,net_change,1170.0,53915.0,55085.0,90
Ric Hassani,TikTok_followers_daily,Q2_2025,net_change,11900.0,32700.0,44600.0,182
Ric Hassani,TikTok_followers_daily,Q3_2025,net_change,5100.0,44800.0,49900.0,184
Ric Hassani,TikTok_followers_daily,Q4_2025,net_change,3985.0,49925.0,53910.0,184
Ric Hassani,TikTok_likes_daily,Q1_2025,net_change,26750.0,150300.0,177050.0,180
Ric Hassani,TikTok_likes_daily,Q1_2026,net_change,20460.0,383540.0,404000.0,90
Ric Hassani,TikTok_likes_daily,Q2_2025,net_change,75400.0,177100.0,252500.0,91
Ric Hassani,TikTok_likes_daily,Q3_2025,net_change,75600.0,255100.0,330700.0,184
Ric Hassani,TikTok_likes_daily,Q4_2025,net_change,52370.0,331050.0,383420.0,184
Ric Hassani,Twitter_followers_daily,Q1_2025,net_change,-631.0,171321.0,170690.0,146
Ric Hassani,Twitter_followers_daily,Q1_2026,net_change,-44.0,170157.0,170113.0,7
Ric Hassani,Twitter_followers_daily,Q2_2025,net_change,1116.0,170725.0,171841.0,144
Ric Hassani,Twitter_followers_daily,Q3_2025,net_change,-320.0,171851.0,171531.0,134
Ric Hassani,Twitter_followers_daily,Q4_2025,net_change,-968.0,171525.0,170557.0,88
Ric Hassani,YouTube_artist_daily_views,Q1_2025,sum,5202918.0,77513.0,107766.0,57
Ric Hassani,YouTube_artist_daily_views,Q1_2026,sum,6642547.0,71210.0,83623.0,75
Ric Hassani,YouTube_artist_daily_views,Q2_2025,sum,4896570.0,89396.0,105699.0,45
Ric Hassani,YouTube_artist_daily_views,Q3_2025,sum,4263143.0,107387.0,83549.0,45
Ric Hassani,YouTube_artist_daily_views,Q4_2025,sum,3873608.0,87061.0,85022.0,45
Ric Hassani,YouTube_artist_monthly_views,Q1_2025,sum,144880544.0,2702605.0,2858539.0,57
Ric Hassani,YouTube_artist_monthly_views,Q1_2026,sum,103941815.0,2390779.0,2425216.0,42
Ric Hassani,YouTube_artist_monthly_views,Q2_2025,sum,131204435.0,2830988.0,3553388.0,45
Ric Hassani,YouTube_artist_monthly_views,Q3_2025,sum,126366416.0,3559924.0,2543457.0,45
Ric Hassani,YouTube_artist_monthly_views,Q4_2025,sum,108800930.0,2539666.0,2394706.0,45
Ric Hassani,YouTube_channel_views_daily,Q1_2025,sum,22580941700.0,246854980.0,254560300.0,90
Ric Hassani,YouTube_channel_views_daily,Q1_2026,sum,25523706810.0,280204320.0,286729900.0,90
Ric Hassani,YouTube_channel_views_daily,Q2_2025,sum,23559850860.0,254645970.0,263368460.0,91
Ric Hassani,YouTube_channel_views_daily,Q3_2025,sum,24654991900.0,263462340.0,272586880.0,92
Ric Hassani,YouTube_channel_views_daily,Q4_2025,sum,25430910000.0,272674530.0,280125820.0,92
Ric Hassani,YouTube_subscribers_daily,Q1_2025,net_change,11555.0,694900.0,706455.0,180
Ric Hassani,YouTube_subscribers_daily,Q1_2026,net_change,6000.0,740000.0,746000.0,90
Ric Hassani,YouTube_subscribers_daily,Q2_2025,net_change,14288.0,706545.0,720833.0,182
Ric Hassani,YouTube_subscribers_daily,Q3_2025,net_change,10667.0,721000.0,731667.0,184
Ric Hassani,YouTube_subscribers_daily,Q4_2025,net_change,8155.0,731778.0,739933.0,184
Rude Boy,Facebook_followers_daily,Q1_2025,net_change,-104.0,10714.0,10610.0,55
Rude Boy,Facebook_followers_daily,Q1_2026,net_change,0.0,10000.0,10000.0,8
Rude Boy,Facebook_followers_daily,Q2_2025,net_change,-17.0,10610.0,10593.0,15
Rude Boy,Facebook_followers_daily,Q3_2025,net_change,0.0,10000.0,10000.0,42
Rude Boy,Facebook_followers_daily,Q4_2025,net_change,0.0,10000.0,10000.0,49
Rude Boy,Facebook_likes_daily,Q1_2025,net_change,-60.0,9647.0,9587.0,55
Rude Boy,Facebook_likes_daily,Q1_2026,net_change,10426.0,0.0,10426.0,8
Rude Boy,Facebook_likes_daily,Q2_2025,net_change,-7.0,9587.0,9580.0,15
Rude Boy,Facebook_likes_daily,Q3_2025,net_change,-9500.0,9500.0,0.0,42
Rude Boy,Facebook_likes_daily,Q4_2025,net_change,0.0,0.0,0.0,49
Rude Boy,Facebook_talks_daily,Q1_2025,sum,1160.0,5.0,3.0,55
Rude Boy,Facebook_talks_daily,Q1_2026,sum,11.0,1.0,0.0,8
Rude Boy,Facebook_talks_daily,Q2_2025,sum,78.0,4.0,31.0,15
Rude Boy,Facebook_talks_daily,Q3_2025,sum,2601.0,0.0,65.0,42
Rude Boy,Facebook_talks_daily,Q4_2025,sum,1582.0,65.0,12.0,49
Rude Boy,Instagram_followers_daily,Q1_2025,net_change,-87.0,9140.0,9053.0,26
Rude Boy,Instagram_followers_daily,Q1_2026,net_change,-36.0,8896.0,8860.0,2
Rude Boy,Instagram_followers_daily,Q2_2025,net_change,-23.0,9051.0,9028.0,28
Rude Boy,Instagram_followers_daily,Q3_2025,net_change,0.0,8994.0,8994.0,1
Rude Boy,Instagram_followers_daily,Q4_2025,net_change,-19.0,8966.0,8947.0,2
Rude Boy,Soundcloud_followers_daily,Q1_2025,net_change,27.0,4110.0,4137.0,82
Rude Boy,Soundcloud_followers_daily,Q1_2026,net_change,34.0,4221.0,4255.0,88
Rude Boy,Soundcloud_followers_daily,Q2_2025,net_change,30.0,4137.0,4167.0,74
Rude Boy,Soundcloud_followers_daily,Q3_2025,net_change,27.0,4169.0,4196.0,89
Rude Boy,Soundcloud_followers_daily,Q4_2025,net_change,24.0,4196.0,4220.0,82
Rude Boy,Spotify_followers_daily,Q1_2025,net_change,660.0,10903.0,11563.0,90
Rude Boy,Spotify_followers_daily,Q1_2026,net_change,640.0,13588.0,14228.0,90
Rude Boy,Spotify_followers_daily,Q2_2025,net_change,494.0,11572.0,12066.0,91
Rude Boy,Spotify_followers_daily,Q3_2025,net_change,1008.0,12066.0,13074.0,92
Rude Boy,Spotify_followers_daily,Q4_2025,net_change,508.0,13074.0,13582.0,92
Rude Boy,Spotify_monthly_listeners_daily,Q1_2025,net_change,16024.0,214521.0,230545.0,90
Rude Boy,Spotify_monthly_listeners_daily,Q1_2026,net_change,-11811.0,238315.0,226504.0,90
Rude Boy,Spotify_monthly_listeners_daily,Q2_2025,net_change,41897.0,232041.0,273938.0,91
Rude Boy,Spotify_monthly_listeners_daily,Q3_2025,net_change,-6857.0,273938.0,267081.0,92
Rude Boy,Spotify_monthly_listeners_daily,Q4_2025,net_change,-27847.0,267184.0,239337.0,92
Rude Boy,Spotify_popularity_daily,Q1_2025,last_value,42.0,42.0,42.0,23
Rude Boy,Spotify_popularity_daily,Q1_2026,last_value,41.0,42.0,41.0,55
Rude Boy,Spotify_popularity_daily,Q2_2025,last_value,43.0,42.0,43.0,13
Rude Boy,Spotify_popularity_daily,Q3_2025,last_value,44.0,44.0,44.0,78
Rude Boy,Spotify_popularity_daily,Q4_2025,last_value,42.0,44.0,42.0,78
Ruger,Bandsintown_followers_daily,Q1_2025,net_change,2179.0,11636.0,13815.0,90
Ruger,Bandsintown_followers_daily,Q2_2025,net_change,3362.0,13815.0,17177.0,31
Ruger,Bandsintown_followers_daily,Q3_2025,net_change,3600.0,17300.0,20900.0,32
Ruger,Bandsintown_followers_daily,Q4_2025,net_change,1663.0,20975.0,22638.0,15
Ruger,Deezer_fans_daily,Q1_2025,net_change,4791.0,108644.0,113435.0,90
Ruger,Deezer_fans_daily,Q1_2026,net_change,3141.0,127004.0,130145.0,90
Ruger,Deezer_fans_daily,Q2_2025,net_change,5147.0,113486.0,118633.0,91
Ruger,Deezer_fans_daily,Q3_2025,net_change,4815.0,118698.0,123513.0,92
Ruger,Deezer_fans_daily,Q4_2025,net_change,3428.0,123538.0,126966.0,92
Ruger,Facebook_followers_daily,Q1_2025,net_change,-15071.0,929921.0,914850.0,56
Ruger,Facebook_followers_daily,Q2_2025,net_change,-6521.0,914521.0,908000.0,18
Ruger,Facebook_likes_daily,Q1_2025,net_change,-15071.0,929921.0,914850.0,56
Ruger,Facebook_likes_daily,Q2_2025,net_change,-6003.0,914521.0,908518.0,18
Ruger,Facebook_talks_daily,Q1_2025,sum,315498.0,19023.0,233.0,56
Ruger,Facebook_talks_daily,Q2_2025,sum,6915.0,219.0,785.0,18
Ruger,Instagram_followers_daily,Q1_2025,net_change,123.0,2544080.0,2544203.0,90
Ruger,Instagram_followers_daily,Q1_2026,net_change,28245.0,2657259.0,2685504.0,89
Ruger,Instagram_followers_daily,Q2_2025,net_change,56101.0,2546795.0,2602896.0,89
Ruger,Instagram_followers_daily,Q3_2025,net_change,-29301.0,2603732.0,2574431.0,61
Ruger,Instagram_followers_daily,Q4_2025,net_change,82626.0,2574075.0,2656701.0,81
Ruger,Soundcloud_followers_daily,Q1_2025,net_change,716.0,9932.0,10648.0,86
Ruger,Soundcloud_followers_daily,Q1_2026,net_change,828.0,12769.0,13597.0,90
Ruger,Soundcloud_followers_daily,Q2_2025,net_change,745.0,10662.0,11407.0,89
Ruger,Soundcloud_followers_daily,Q3_2025,net_change,586.0,11412.0,11998.0,92
Ruger,Soundcloud_followers_daily,Q4_2025,net_change,755.0,12006.0,12761.0,84
Ruger,Spotify_followers_daily,Q1_2025,net_change,364388.0,3504590.0,3868978.0,90
Ruger,Spotify_followers_daily,Q1_2026,net_change,374932.0,5248736.0,5623668.0,90
Ruger,Spotify_followers_daily,Q2_2025,net_change,496310.0,3871562.0,4367872.0,91
Ruger,Spotify_followers_daily,Q3_2025,net_change,448460.0,4372287.0,4820747.0,92
Ruger,Spotify_followers_daily,Q4_2025,net_change,418655.0,4824958.0,5243613.0,92
Ruger,Spotify_monthly_listeners_daily,Q1_2025,net_change,-212135.0,4526756.0,4314621.0,90
Ruger,Spotify_monthly_listeners_daily,Q1_2026,net_change,26496.0,4608188.0,4634684.0,90
Ruger,Spotify_monthly_listeners_daily,Q2_2025,net_change,209105.0,4334228.0,4543333.0,91
Ruger,Spotify_monthly_listeners_daily,Q3_2025,net_change,-299869.0,4574028.0,4274159.0,92
Ruger,Spotify_monthly_listeners_daily,Q4_2025,net_change,344701.0,4277046.0,4621747.0,92
Ruger,Spotify_popularity_daily,Q1_2025,last_value,69.0,70.0,69.0,83
Ruger,Spotify_popularity_daily,Q1_2026,last_value,67.0,69.0,67.0,78
Ruger,Spotify_popularity_daily,Q2_2025,last_value,71.0,70.0,71.0,51
Ruger,Spotify_popularity_daily,Q3_2025,last_value,70.0,71.0,70.0,85
Ruger,Spotify_popularity_daily,Q4_2025,last_value,69.0,70.0,69.0,78
Ruger,TikTok_followers_daily,Q1_2025,net_change,106782.0,2184616.0,2291398.0,90
Ruger,TikTok_followers_daily,Q1_2026,net_change,0.0,2500000.0,2500000.0,90
Ruger,TikTok_followers_daily,Q2_2025,net_change,185989.0,2292473.0,2478462.0,91
Ruger,TikTok_followers_daily,Q3_2025,net_change,20000.0,2480000.0,2500000.0,91
Ruger,TikTok_followers_daily,Q4_2025,net_change,0.0,2500000.0,2500000.0,89
Ruger,TikTok_likes_daily,Q1_2025,net_change,1650000.0,11850000.0,13500000.0,90
Ruger,TikTok_likes_daily,Q1_2026,net_change,812500.0,17437500.0,18250000.0,90
Ruger,TikTok_likes_daily,Q2_2025,net_change,2588889.0,13533333.0,16122222.0,91
Ruger,TikTok_likes_daily,Q3_2025,net_change,454166.0,16133334.0,16587500.0,92
Ruger,TikTok_likes_daily,Q4_2025,net_change,840625.0,16590625.0,17431250.0,92
Ruger,Twitter_followers_daily,Q1_2025,net_change,9409.0,768827.0,778236.0,25
Ruger,Twitter_followers_daily,Q3_2025,net_change,689.0,791556.0,792245.0,2
Ruger,Wikipedia_views_daily,Q1_2025,sum,24287.0,313.0,433.0,90
Ruger,Wikipedia_views_daily,Q1_2026,sum,14426.0,220.0,152.0,83
Ruger,Wikipedia_views_daily,Q2_2025,sum,25411.0,358.0,226.0,91
Ruger,Wikipedia_views_daily,Q3_2025,sum,17655.0,146.0,216.0,92
Ruger,Wikipedia_views_daily,Q4_2025,sum,18084.0,142.0,215.0,92
Ruger,YouTube_artist_daily_views,Q1_2025,sum,57351988.0,879165.0,1050829.0,77
Ruger,YouTube_artist_daily_views,Q1_2026,sum,56477564.0,825016.0,776089.0,74
Ruger,YouTube_artist_daily_views,Q2_2025,sum,36284896.0,847879.0,738065.0,45
Ruger,YouTube_artist_daily_views,Q3_2025,sum,35041154.0,746361.0,643164.0,45
Ruger,YouTube_artist_daily_views,Q4_2025,sum,33825733.0,660809.0,1030514.0,45
Ruger,YouTube_artist_monthly_views,Q1_2025,sum,1642047099.0,24074220.0,19740315.0,77
Ruger,YouTube_artist_monthly_views,Q1_2026,sum,910538374.0,22632891.0,21500171.0,42
Ruger,YouTube_artist_monthly_views,Q2_2025,sum,1004795071.0,19220541.0,21884715.0,45
Ruger,YouTube_artist_monthly_views,Q3_2025,sum,989968477.0,21947996.0,20740423.0,45
Ruger,YouTube_artist_monthly_views,Q4_2025,sum,919086985.0,20543147.0,22485527.0,45
Ruger,YouTube_channel_views_daily,Q1_2025,sum,56964613150.0,606856450.0,658600200.0,90
Ruger,YouTube_channel_views_daily,Q1_2026,sum,78005423040.0,838115200.0,887824300.0,90
Ruger,YouTube_channel_views_daily,Q2_2025,sum,62823586150.0,657564350.0,720000500.0,91
Ruger,YouTube_channel_views_daily,Q3_2025,sum,69081857520.0,720566300.0,780958500.0,92
Ruger,YouTube_channel_views_daily,Q4_2025,sum,74412271030.0,781559230.0,837281860.0,92
Ruger,YouTube_subscribers_daily,Q1_2025,net_change,115500.0,1782000.0,1897500.0,90
Ruger,YouTube_subscribers_daily,Q1_2026,net_change,70000.0,2190000.0,2260000.0,90
Ruger,YouTube_subscribers_daily,Q2_2025,net_change,108000.0,1900000.0,2008000.0,91
Ruger,YouTube_subscribers_daily,Q3_2025,net_change,98273.0,2009000.0,2107273.0,92
Ruger,YouTube_subscribers_daily,Q4_2025,net_change,80909.0,2108182.0,2189091.0,92
Sarz,Deezer_fans_daily,Q1_2025,net_change,1549.0,58036.0,59585.0,90
Sarz,Deezer_fans_daily,Q1_2026,net_change,639.0,60900.0,61539.0,90
Sarz,Deezer_fans_daily,Q2_2025,net_change,249.0,59586.0,59835.0,90
Sarz,Deezer_fans_daily,Q3_2025,net_change,304.0,59837.0,60141.0,92
Sarz,Deezer_fans_daily,Q4_2025,net_change,742.0,60148.0,60890.0,92
Sarz,Facebook_followers_daily,Q1_2025,net_change,-5832.0,241392.0,235560.0,56
Sarz,Facebook_followers_daily,Q1_2026,net_change,2000.0,229000.0,231000.0,16
Sarz,Facebook_followers_daily,Q2_2025,net_change,-1473.0,235473.0,234000.0,15
Sarz,Facebook_followers_daily,Q3_2025,net_change,-4000.0,222000.0,218000.0,41
Sarz,Facebook_followers_daily,Q4_2025,net_change,11000.0,218000.0,229000.0,84
Sarz,Facebook_likes_daily,Q1_2025,net_change,-5832.0,241392.0,235560.0,56
Sarz,Facebook_likes_daily,Q1_2026,net_change,231860.0,0.0,231860.0,16
Sarz,Facebook_likes_daily,Q2_2025,net_change,-1392.0,235473.0,234081.0,15
Sarz,Facebook_likes_daily,Q3_2025,net_change,0.0,0.0,0.0,41
Sarz,Facebook_likes_daily,Q4_2025,net_change,0.0,0.0,0.0,84
Sarz,Facebook_talks_daily,Q1_2025,sum,4018.0,106.0,70.0,56
Sarz,Facebook_talks_daily,Q1_2026,sum,81070.0,6346.0,219.0,16
Sarz,Facebook_talks_daily,Q2_2025,sum,643.0,68.0,47.0,15
Sarz,Facebook_talks_daily,Q3_2025,sum,3590.0,88.0,179.0,41
Sarz,Facebook_talks_daily,Q4_2025,sum,595887.0,200.0,6357.0,84
Sarz,Instagram_followers_daily,Q1_2025,net_change,-11301.0,465122.0,453821.0,178
Sarz,Instagram_followers_daily,Q1_2026,net_change,-3772.0,487377.0,483605.0,89
Sarz,Instagram_followers_daily,Q2_2025,net_change,-10465.0,453754.0,443289.0,178
Sarz,Instagram_followers_daily,Q3_2025,net_change,28228.0,443199.0,471427.0,120
Sarz,Instagram_followers_daily,Q4_2025,net_change,14128.0,473386.0,487514.0,162
Sarz,Soundcloud_followers_daily,Q1_2025,net_change,0.0,9644.0,9644.0,2
Sarz,Soundcloud_followers_daily,Q1_2026,net_change,168.0,10211.0,10379.0,90
Sarz,Soundcloud_followers_daily,Q2_2025,net_change,-1.0,9762.0,9761.0,4
Sarz,Soundcloud_followers_daily,Q4_2025,net_change,207.0,10003.0,10210.0,92
Sarz,Spotify_followers_daily,Q1_2025,net_change,71846.0,402061.0,473907.0,180
Sarz,Spotify_followers_daily,Q1_2026,net_change,83573.0,682590.0,766163.0,90
Sarz,Spotify_followers_daily,Q2_2025,net_change,72518.0,474633.0,547151.0,182
Sarz,Spotify_followers_daily,Q3_2025,net_change,70325.0,547923.0,618248.0,184
Sarz,Spotify_followers_daily,Q4_2025,net_change,62135.0,619362.0,681497.0,184
Sarz,Spotify_monthly_listeners_daily,Q1_2025,net_change,-1211279.0,4593942.0,3382663.0,180
Sarz,Spotify_monthly_listeners_daily,Q1_2026,net_change,-343413.0,4878906.0,4535493.0,90
Sarz,Spotify_monthly_listeners_daily,Q2_2025,net_change,437058.0,3387359.0,3824417.0,91
Sarz,Spotify_monthly_listeners_daily,Q3_2025,net_change,90460.0,3822516.0,3912976.0,92
Sarz,Spotify_monthly_listeners_daily,Q4_2025,net_change,887497.0,3989645.0,4877142.0,92
Sarz,Spotify_popularity_daily,Q1_2025,last_value,61.0,64.0,61.0,86
Sarz,Spotify_popularity_daily,Q1_2026,last_value,63.0,66.0,63.0,37
Sarz,Spotify_popularity_daily,Q2_2025,last_value,63.0,61.0,63.0,66
Sarz,Spotify_popularity_daily,Q3_2025,last_value,66.0,63.0,66.0,90
Sarz,Spotify_popularity_daily,Q4_2025,last_value,66.0,67.0,66.0,78
Sarz,TikTok_followers_daily,Q1_2025,net_change,333.0,132767.0,133100.0,180
Sarz,TikTok_followers_daily,Q1_2026,net_change,-1647.0,165661.0,164014.0,90
Sarz,TikTok_followers_daily,Q2_2025,net_change,-231.0,133088.0,132857.0,182
Sarz,TikTok_followers_daily,Q3_2025,net_change,15852.0,132862.0,148714.0,184
Sarz,TikTok_followers_daily,Q4_2025,net_change,15024.0,150643.0,165667.0,184
Sarz,TikTok_likes_daily,Q1_2025,net_change,12500.0,441300.0,453800.0,180
Sarz,TikTok_likes_daily,Q1_2026,net_change,36486.0,1263514.0,1300000.0,90
Sarz,TikTok_likes_daily,Q2_2025,net_change,3025.0,453825.0,456850.0,182
Sarz,TikTok_likes_daily,Q3_2025,net_change,252314.0,456900.0,709214.0,184
Sarz,TikTok_likes_daily,Q4_2025,net_change,520619.0,741543.0,1262162.0,184
Sarz,Twitter_followers_daily,Q1_2025,net_change,-2288.0,668546.0,666258.0,150
Sarz,Twitter_followers_daily,Q1_2026,net_change,-890.0,658855.0,657965.0,28
Sarz,Twitter_followers_daily,Q2_2025,net_change,-2761.0,666331.0,663570.0,148
Sarz,Twitter_followers_daily,Q3_2025,net_change,1199.0,663557.0,664756.0,144
Sarz,Twitter_followers_daily,Q4_2025,net_change,345.0,665127.0,665472.0,16
Sarz,Wikipedia_views_daily,Q1_2025,sum,8892.0,52.0,41.0,180
Sarz,Wikipedia_views_daily,Q1_2026,sum,5493.0,88.0,63.0,81
Sarz,Wikipedia_views_daily,Q2_2025,sum,8730.0,44.0,45.0,180
Sarz,Wikipedia_views_daily,Q3_2025,sum,10810.0,44.0,257.0,184
Sarz,Wikipedia_views_daily,Q4_2025,sum,17356.0,255.0,47.0,178
Sarz,YouTube_channel_views_daily,Q1_2025,sum,4547189960.0,48724380.0,51992212.0,90
Sarz,YouTube_channel_views_daily,Q1_2026,sum,6647420016.0,70963720.0,76250640.0,90
Sarz,YouTube_channel_views_daily,Q2_2025,sum,4875757140.0,52012444.0,54968110.0,91
Sarz,YouTube_channel_views_daily,Q3_2025,sum,5178507206.0,54991140.0,58369120.0,92
Sarz,YouTube_channel_views_daily,Q4_2025,sum,6034437410.0,58647750.0,70880504.0,92
Sarz,YouTube_subscribers_daily,Q1_2025,net_change,3300.0,90800.0,94100.0,180
Sarz,YouTube_subscribers_daily,Q1_2026,net_change,3412.0,128588.0,132000.0,90
Sarz,YouTube_subscribers_daily,Q2_2025,net_change,2396.0,94133.0,96529.0,182
Sarz,YouTube_subscribers_daily,Q3_2025,net_change,4443.0,96557.0,101000.0,184
Sarz,YouTube_subscribers_daily,Q4_2025,net_change,26529.0,102000.0,128529.0,184
Sauce Kid,Deezer_fans_daily,Q1_2025,net_change,1.0,117.0,118.0,8
Sauce Kid,Deezer_fans_daily,Q1_2026,net_change,3.0,120.0,123.0,9
Sauce Kid,Deezer_fans_daily,Q2_2025,net_change,0.0,118.0,118.0,9
Sauce Kid,Deezer_fans_daily,Q3_2025,net_change,1.0,118.0,119.0,8
Sauce Kid,Deezer_fans_daily,Q4_2025,net_change,1.0,119.0,120.0,8
Sauce Kid,Facebook_followers_daily,Q1_2025,net_change,-3.0,987.0,984.0,55
Sauce Kid,Facebook_followers_daily,Q2_2025,net_change,-2.0,984.0,982.0,15
Sauce Kid,Facebook_likes_daily,Q1_2025,net_change,-3.0,987.0,984.0,55
Sauce Kid,Facebook_likes_daily,Q2_2025,net_change,-2.0,984.0,982.0,15
Sauce Kid,Facebook_talks_daily,Q1_2025,sum,7.0,0.0,0.0,55
Sauce Kid,Facebook_talks_daily,Q2_2025,sum,0.0,0.0,0.0,15
Sauce Kid,Spotify_followers_daily,Q1_2025,net_change,101.0,27645.0,27746.0,180
Sauce Kid,Spotify_followers_daily,Q1_2026,net_change,47.0,28080.0,28127.0,90
Sauce Kid,Spotify_followers_daily,Q2_2025,net_change,89.0,27748.0,27837.0,182
Sauce Kid,Spotify_followers_daily,Q3_2025,net_change,188.0,27837.0,28025.0,184
Sauce Kid,Spotify_followers_daily,Q4_2025,net_change,54.0,28025.0,28079.0,184
Sauce Kid,Spotify_monthly_listeners_daily,Q1_2025,net_change,1558.0,4709.0,6267.0,180
Sauce Kid,Spotify_monthly_listeners_daily,Q1_2026,net_change,-36.0,6159.0,6123.0,90
Sauce Kid,Spotify_monthly_listeners_daily,Q2_2025,net_change,-625.0,6274.0,5649.0,182
Sauce Kid,Spotify_monthly_listeners_daily,Q3_2025,net_change,799.0,5649.0,6448.0,184
Sauce Kid,Spotify_monthly_listeners_daily,Q4_2025,net_change,-280.0,6440.0,6160.0,184
Sauce Kid,Spotify_popularity_daily,Q1_2025,last_value,14.0,14.0,14.0,23
Sauce Kid,Spotify_popularity_daily,Q1_2026,last_value,14.0,14.0,14.0,1
Sauce Kid,Spotify_popularity_daily,Q2_2025,last_value,14.0,14.0,14.0,13
Sauce Kid,Spotify_popularity_daily,Q3_2025,last_value,16.0,16.0,16.0,3
Sauce Kid,Spotify_popularity_daily,Q4_2025,last_value,14.0,12.0,14.0,3
Sauce Kid,YouTube_channel_views_daily,Q1_2025,sum,48304456.0,536791.0,536604.0,90
Sauce Kid,YouTube_channel_views_daily,Q1_2026,sum,48774814.0,541202.0,542667.0,90
Sauce Kid,YouTube_channel_views_daily,Q2_2025,sum,48897877.0,536602.0,538095.0,91
Sauce Kid,YouTube_channel_views_daily,Q3_2025,sum,49576594.0,538112.0,539640.0,92
Sauce Kid,YouTube_channel_views_daily,Q4_2025,sum,49718762.0,539657.0,541186.0,92
Sauce Kid,YouTube_subscribers_daily,Q1_2025,net_change,-7.0,1869.0,1862.0,180
Sauce Kid,YouTube_subscribers_daily,Q1_2026,net_change,0.0,1870.0,1870.0,90
Sauce Kid,YouTube_subscribers_daily,Q2_2025,net_change,5.0,1862.0,1867.0,182
Sauce Kid,YouTube_subscribers_daily,Q3_2025,net_change,-1.0,1867.0,1866.0,184
Sauce Kid,YouTube_subscribers_daily,Q4_2025,net_change,4.0,1866.0,1870.0,184
Sean Tizzle,Deezer_fans_daily,Q1_2025,net_change,11.0,4757.0,4768.0,8
Sean Tizzle,Deezer_fans_daily,Q1_2026,net_change,8.0,4801.0,4809.0,8
Sean Tizzle,Deezer_fans_daily,Q2_2025,net_change,8.0,4770.0,4778.0,9
Sean Tizzle,Deezer_fans_daily,Q3_2025,net_change,2.0,4781.0,4783.0,8
Sean Tizzle,Deezer_fans_daily,Q4_2025,net_change,16.0,4785.0,4801.0,8
Sean Tizzle,Instagram_followers_daily,Q1_2025,net_change,-16013.0,1199578.0,1183565.0,68
Sean Tizzle,Instagram_followers_daily,Q1_2026,net_change,-3039.0,1152415.0,1149376.0,27
Sean Tizzle,Instagram_followers_daily,Q2_2025,net_change,-15377.0,1182623.0,1167246.0,48
Sean Tizzle,Instagram_followers_daily,Q4_2025,net_change,-9508.0,1162142.0,1152634.0,18
Sean Tizzle,Soundcloud_followers_daily,Q1_2025,net_change,13.0,1758.0,1771.0,70
Sean Tizzle,Soundcloud_followers_daily,Q1_2026,net_change,9.0,1810.0,1819.0,90
Sean Tizzle,Soundcloud_followers_daily,Q2_2025,net_change,4.0,1780.0,1784.0,50
Sean Tizzle,Soundcloud_followers_daily,Q3_2025,net_change,13.0,1784.0,1797.0,104
Sean Tizzle,Soundcloud_followers_daily,Q4_2025,net_change,13.0,1797.0,1810.0,80
Sean Tizzle,Spotify_followers_daily,Q1_2025,net_change,8414.0,122400.0,130814.0,180
Sean Tizzle,Spotify_followers_daily,Q1_2026,net_change,5126.0,149537.0,154663.0,90
Sean Tizzle,Spotify_followers_daily,Q2_2025,net_change,5151.0,130913.0,136064.0,182
Sean Tizzle,Spotify_followers_daily,Q3_2025,net_change,8532.0,136064.0,144596.0,184
Sean Tizzle,Spotify_followers_daily,Q4_2025,net_change,4821.0,144651.0,149472.0,184
Sean Tizzle,Spotify_monthly_listeners_daily,Q1_2025,net_change,-15756.0,163012.0,147256.0,180
Sean Tizzle,Spotify_monthly_listeners_daily,Q1_2026,net_change,62780.0,158066.0,220846.0,90
Sean Tizzle,Spotify_monthly_listeners_daily,Q2_2025,net_change,4679.0,147369.0,152048.0,182
Sean Tizzle,Spotify_monthly_listeners_daily,Q3_2025,net_change,-95.0,152048.0,151953.0,184
Sean Tizzle,Spotify_monthly_listeners_daily,Q4_2025,net_change,6003.0,151700.0,157703.0,184
Sean Tizzle,Spotify_popularity_daily,Q1_2025,last_value,37.0,39.0,37.0,78
Sean Tizzle,Spotify_popularity_daily,Q1_2026,last_value,38.0,38.0,38.0,74
Sean Tizzle,Spotify_popularity_daily,Q2_2025,last_value,37.0,37.0,37.0,46
Sean Tizzle,Spotify_popularity_daily,Q3_2025,last_value,38.0,38.0,38.0,3
Sean Tizzle,Spotify_popularity_daily,Q4_2025,last_value,37.0,34.0,37.0,21
Sean Tizzle,Wikipedia_views_daily,Q1_2025,sum,3520.0,26.0,19.0,180
Sean Tizzle,Wikipedia_views_daily,Q1_2026,sum,2956.0,22.0,17.0,83
Sean Tizzle,Wikipedia_views_daily,Q2_2025,sum,3484.0,24.0,16.0,182
Sean Tizzle,Wikipedia_views_daily,Q3_2025,sum,3546.0,19.0,20.0,184
Sean Tizzle,Wikipedia_views_daily,Q4_2025,sum,3602.0,16.0,31.0,182
Sean Tizzle,YouTube_channel_views_daily,Q1_2025,sum,1525584405.0,16622253.0,17280652.0,90
Sean Tizzle,YouTube_channel_views_daily,Q1_2026,sum,1947558218.0,20674154.0,22115836.0,90
Sean Tizzle,YouTube_channel_views_daily,Q2_2025,sum,1655127228.0,17286422.0,19242196.0,91
Sean Tizzle,YouTube_channel_views_daily,Q3_2025,sum,1804661182.0,19252824.0,19980250.0,92
Sean Tizzle,YouTube_channel_views_daily,Q4_2025,sum,1866499802.0,19986514.0,20662976.0,92
Sean Tizzle,YouTube_subscribers_daily,Q1_2025,net_change,2597.0,48533.0,51130.0,180
Sean Tizzle,YouTube_subscribers_daily,Q1_2026,net_change,40612.0,66388.0,107000.0,90
Sean Tizzle,YouTube_subscribers_daily,Q2_2025,net_change,8397.0,51140.0,59537.0,182
Sean Tizzle,YouTube_subscribers_daily,Q3_2025,net_change,6420.0,59542.0,65962.0,184
Sean Tizzle,YouTube_subscribers_daily,Q4_2025,net_change,414.0,65967.0,66381.0,184
Seyi Shay,Deezer_fans_daily,Q1_2025,net_change,0.0,8.0,8.0,1
Seyi Shay,Deezer_fans_daily,Q1_2026,net_change,0.0,8.0,8.0,90
Seyi Shay,Deezer_fans_daily,Q4_2025,net_change,0.0,8.0,8.0,83
Seyi Shay,Facebook_followers_daily,Q1_2025,net_change,-5037.0,360576.0,355539.0,35
Seyi Shay,Facebook_followers_daily,Q1_2026,net_change,-4000.0,325000.0,321000.0,10
Seyi Shay,Facebook_followers_daily,Q2_2025,net_change,-1666.0,355442.0,353776.0,14
Seyi Shay,Facebook_followers_daily,Q3_2025,net_change,0.0,337000.0,337000.0,1
Seyi Shay,Facebook_followers_daily,Q4_2025,net_change,0.0,327000.0,327000.0,4
Seyi Shay,Facebook_likes_daily,Q1_2025,net_change,-5037.0,360576.0,355539.0,35
Seyi Shay,Facebook_likes_daily,Q1_2026,net_change,321179.0,0.0,321179.0,10
Seyi Shay,Facebook_likes_daily,Q2_2025,net_change,-1666.0,355442.0,353776.0,14
Seyi Shay,Facebook_likes_daily,Q3_2025,net_change,0.0,0.0,0.0,1
Seyi Shay,Facebook_likes_daily,Q4_2025,net_change,0.0,0.0,0.0,4
Seyi Shay,Facebook_talks_daily,Q1_2025,sum,12711.0,3745.0,658.0,35
Seyi Shay,Facebook_talks_daily,Q1_2026,sum,2268.0,628.0,117.0,10
Seyi Shay,Facebook_talks_daily,Q2_2025,sum,5733.0,696.0,263.0,14
Seyi Shay,Facebook_talks_daily,Q3_2025,sum,164.0,164.0,164.0,1
Seyi Shay,Facebook_talks_daily,Q4_2025,sum,1865.0,413.0,756.0,4
Seyi Shay,Instagram_followers_daily,Q1_2025,net_change,-7820.0,1008979.0,1001159.0,176
Seyi Shay,Instagram_followers_daily,Q1_2026,net_change,-4704.0,982039.0,977335.0,89
Seyi Shay,Instagram_followers_daily,Q2_2025,net_change,-8155.0,1001505.0,993350.0,178
Seyi Shay,Instagram_followers_daily,Q3_2025,net_change,-7424.0,993295.0,985871.0,120
Seyi Shay,Instagram_followers_daily,Q4_2025,net_change,-3973.0,985999.0,982026.0,164
Seyi Shay,Soundcloud_followers_daily,Q1_2025,net_change,1.0,1980.0,1981.0,168
Seyi Shay,Soundcloud_followers_daily,Q1_2026,net_change,-1.0,1986.0,1985.0,90
Seyi Shay,Soundcloud_followers_daily,Q2_2025,net_change,2.0,1981.0,1983.0,136
Seyi Shay,Soundcloud_followers_daily,Q3_2025,net_change,4.0,1983.0,1987.0,176
Seyi Shay,Soundcloud_followers_daily,Q4_2025,net_change,-1.0,1987.0,1986.0,114
Seyi Shay,Spotify_followers_daily,Q1_2025,net_change,598.0,122274.0,122872.0,180
Seyi Shay,Spotify_followers_daily,Q1_2026,net_change,2155.0,125855.0,128010.0,90
Seyi Shay,Spotify_followers_daily,Q2_2025,net_change,543.0,122877.0,123420.0,182
Seyi Shay,Spotify_followers_daily,Q3_2025,net_change,717.0,123427.0,124144.0,184
Seyi Shay,Spotify_followers_daily,Q4_2025,net_change,1670.0,124165.0,125835.0,184
Seyi Shay,Spotify_monthly_listeners_daily,Q1_2025,net_change,16562.0,95451.0,112013.0,180
Seyi Shay,Spotify_monthly_listeners_daily,Q1_2026,net_change,10849.0,150333.0,161182.0,90
Seyi Shay,Spotify_monthly_listeners_daily,Q2_2025,net_change,11755.0,112202.0,123957.0,182
Seyi Shay,Spotify_monthly_listeners_daily,Q3_2025,net_change,8004.0,124178.0,132182.0,184
Seyi Shay,Spotify_monthly_listeners_daily,Q4_2025,net_change,18379.0,132324.0,150703.0,184
Seyi Shay,Spotify_popularity_daily,Q1_2025,last_value,39.0,40.0,39.0,77
Seyi Shay,Spotify_popularity_daily,Q1_2026,last_value,38.0,40.0,38.0,72
Seyi Shay,Spotify_popularity_daily,Q2_2025,last_value,41.0,39.0,41.0,63
Seyi Shay,Spotify_popularity_daily,Q3_2025,last_value,41.0,41.0,41.0,85
Seyi Shay,Spotify_popularity_daily,Q4_2025,last_value,39.0,41.0,39.0,79
Seyi Shay,TikTok_followers_daily,Q1_2025,net_change,6567.0,102200.0,108767.0,180
Seyi Shay,TikTok_followers_daily,Q1_2026,net_change,322.0,113078.0,113400.0,90
Seyi Shay,TikTok_followers_daily,Q2_2025,net_change,3058.0,108775.0,111833.0,182
Seyi Shay,TikTok_followers_daily,Q3_2025,net_change,783.0,111850.0,112633.0,184
Seyi Shay,TikTok_followers_daily,Q4_2025,net_change,422.0,112650.0,113072.0,184
Seyi Shay,TikTok_likes_daily,Q1_2025,net_change,58454.0,45546.0,104000.0,180
Seyi Shay,TikTok_likes_daily,Q1_2026,net_change,3971.0,156000.0,159971.0,90
Seyi Shay,TikTok_likes_daily,Q2_2025,net_change,33425.0,104075.0,137500.0,182
Seyi Shay,TikTok_likes_daily,Q3_2025,net_change,8700.0,137600.0,146300.0,184
Seyi Shay,TikTok_likes_daily,Q4_2025,net_change,9400.0,146500.0,155900.0,184
Seyi Shay,Twitter_followers_daily,Q1_2025,net_change,-1386.0,440331.0,438945.0,148
Seyi Shay,Twitter_followers_daily,Q1_2026,net_change,-1346.0,414142.0,412796.0,79
Seyi Shay,Twitter_followers_daily,Q2_2025,net_change,-2855.0,438957.0,436102.0,146
Seyi Shay,Twitter_followers_daily,Q3_2025,net_change,-1260.0,436066.0,434806.0,134
Seyi Shay,Twitter_followers_daily,Q4_2025,net_change,-20632.0,434782.0,414150.0,176
Seyi Shay,Wikipedia_views_daily,Q1_2025,sum,11750.0,50.0,48.0,180
Seyi Shay,Wikipedia_views_daily,Q1_2026,sum,4382.0,55.0,39.0,84
Seyi Shay,Wikipedia_views_daily,Q2_2025,sum,15834.0,64.0,43.0,172
Seyi Shay,Wikipedia_views_daily,Q3_2025,sum,13374.0,63.0,594.0,180
Seyi Shay,Wikipedia_views_daily,Q4_2025,sum,16032.0,273.0,65.0,180
Seyi Shay,YouTube_channel_views_daily,Q1_2025,sum,3356409512.0,36942376.0,37654896.0,90
Seyi Shay,YouTube_channel_views_daily,Q1_2026,sum,3673910182.0,40350396.0,41264732.0,90
Seyi Shay,YouTube_channel_views_daily,Q2_2025,sum,3462742310.0,37661836.0,38433300.0,91
Seyi Shay,YouTube_channel_views_daily,Q3_2025,sum,3575502926.0,38441650.0,39328264.0,92
Seyi Shay,YouTube_channel_views_daily,Q4_2025,sum,3665395570.0,39339640.0,40339252.0,92
Seyi Shay,YouTube_subscribers_daily,Q1_2025,net_change,1348.0,139449.0,140797.0,180
Seyi Shay,YouTube_subscribers_daily,Q1_2026,net_change,0.0,145000.0,145000.0,90
Seyi Shay,YouTube_subscribers_daily,Q2_2025,net_change,1468.0,140813.0,142281.0,182
Seyi Shay,YouTube_subscribers_daily,Q3_2025,net_change,1613.0,142298.0,143911.0,184
Seyi Shay,YouTube_subscribers_daily,Q4_2025,net_change,1071.0,143929.0,145000.0,184
Seyi Vibez,Deezer_fans_daily,Q1_2025,net_change,965.0,15237.0,16202.0,86
Seyi Vibez,Deezer_fans_daily,Q1_2026,net_change,1155.0,19714.0,20869.0,90
Seyi Vibez,Deezer_fans_daily,Q2_2025,net_change,987.0,16213.0,17200.0,88
Seyi Vibez,Deezer_fans_daily,Q3_2025,net_change,1415.0,17214.0,18629.0,91
Seyi Vibez,Deezer_fans_daily,Q4_2025,net_change,1064.0,18639.0,19703.0,92
Seyi Vibez,Instagram_followers_daily,Q1_2025,net_change,-41104.0,2362540.0,2321436.0,89
Seyi Vibez,Instagram_followers_daily,Q1_2026,net_change,14425.0,2393375.0,2407800.0,89
Seyi Vibez,Instagram_followers_daily,Q2_2025,net_change,-108658.0,2320082.0,2211424.0,88
Seyi Vibez,Instagram_followers_daily,Q3_2025,net_change,121842.0,2210679.0,2332521.0,60
Seyi Vibez,Instagram_followers_daily,Q4_2025,net_change,60622.0,2332491.0,2393113.0,82
Seyi Vibez,Soundcloud_followers_daily,Q1_2025,net_change,61.0,1893.0,1954.0,83
Seyi Vibez,Soundcloud_followers_daily,Q1_2026,net_change,29.0,2061.0,2090.0,90
Seyi Vibez,Soundcloud_followers_daily,Q2_2025,net_change,50.0,1954.0,2004.0,88
Seyi Vibez,Soundcloud_followers_daily,Q3_2025,net_change,40.0,2004.0,2044.0,88
Seyi Vibez,Soundcloud_followers_daily,Q4_2025,net_change,16.0,2045.0,2061.0,87
Seyi Vibez,Spotify_followers_daily,Q1_2025,net_change,443522.0,2316816.0,2760338.0,90
Seyi Vibez,Spotify_followers_daily,Q1_2026,net_change,485854.0,4454023.0,4939877.0,90
Seyi Vibez,Spotify_followers_daily,Q2_2025,net_change,528779.0,2765225.0,3294004.0,91
Seyi Vibez,Spotify_followers_daily,Q3_2025,net_change,570827.0,3298685.0,3869512.0,92
Seyi Vibez,Spotify_followers_daily,Q4_2025,net_change,572487.0,3874756.0,4447243.0,92
Seyi Vibez,Spotify_monthly_listeners_daily,Q1_2025,net_change,44492.0,2774849.0,2819341.0,90
Seyi Vibez,Spotify_monthly_listeners_daily,Q1_2026,net_change,-380881.0,3866128.0,3485247.0,90
Seyi Vibez,Spotify_monthly_listeners_daily,Q2_2025,net_change,1020783.0,2825115.0,3845898.0,91
Seyi Vibez,Spotify_monthly_listeners_daily,Q3_2025,net_change,-483620.0,3858173.0,3374553.0,92
Seyi Vibez,Spotify_monthly_listeners_daily,Q4_2025,net_change,501942.0,3361008.0,3862950.0,92
Seyi Vibez,Spotify_popularity_daily,Q1_2025,last_value,73.0,72.0,73.0,74
Seyi Vibez,Spotify_popularity_daily,Q1_2026,last_value,73.0,76.0,73.0,76
Seyi Vibez,Spotify_popularity_daily,Q2_2025,last_value,77.0,73.0,77.0,56
Seyi Vibez,Spotify_popularity_daily,Q3_2025,last_value,76.0,77.0,76.0,87
Seyi Vibez,Spotify_popularity_daily,Q4_2025,last_value,76.0,76.0,76.0,82
Seyi Vibez,TikTok_followers_daily,Q1_2025,net_change,38700.0,296300.0,335000.0,90
Seyi Vibez,TikTok_followers_daily,Q1_2026,net_change,-3829.0,145362.0,141533.0,90
Seyi Vibez,TikTok_followers_daily,Q2_2025,net_change,-178544.0,335200.0,156656.0,91
Seyi Vibez,TikTok_followers_daily,Q3_2025,net_change,-6555.0,156575.0,150020.0,92
Seyi Vibez,TikTok_followers_daily,Q4_2025,net_change,-4572.0,149980.0,145408.0,92
Seyi Vibez,TikTok_likes_daily,Q1_2025,net_change,1295699.0,34810.0,1330509.0,89
Seyi Vibez,TikTok_likes_daily,Q1_2026,net_change,0.0,1600000.0,1600000.0,90
Seyi Vibez,TikTok_likes_daily,Q2_2025,net_change,266102.0,1333898.0,1600000.0,91
Seyi Vibez,TikTok_likes_daily,Q3_2025,net_change,0.0,1600000.0,1600000.0,91
Seyi Vibez,TikTok_likes_daily,Q4_2025,net_change,0.0,1600000.0,1600000.0,89
Seyi Vibez,Twitter_followers_daily,Q1_2025,net_change,11299.0,358452.0,369751.0,74
Seyi Vibez,Twitter_followers_daily,Q1_2026,net_change,1712.0,406145.0,407857.0,81
Seyi Vibez,Twitter_followers_daily,Q2_2025,net_change,7349.0,369984.0,377333.0,73
Seyi Vibez,Twitter_followers_daily,Q3_2025,net_change,4376.0,377961.0,382337.0,69
Seyi Vibez,Twitter_followers_daily,Q4_2025,net_change,23797.0,382337.0,406134.0,91
Seyi Vibez,Wikipedia_views_daily,Q1_2025,sum,34549.0,271.0,374.0,90
Seyi Vibez,Wikipedia_views_daily,Q1_2026,sum,44475.0,433.0,408.0,84
Seyi Vibez,Wikipedia_views_daily,Q2_2025,sum,49534.0,361.0,380.0,91
Seyi Vibez,Wikipedia_views_daily,Q3_2025,sum,33315.0,470.0,231.0,92
Seyi Vibez,Wikipedia_views_daily,Q4_2025,sum,37676.0,224.0,378.0,92
Seyi Vibez,YouTube_channel_views_daily,Q1_2025,sum,12093046058.0,123245020.0,148965680.0,90
Seyi Vibez,YouTube_channel_views_daily,Q1_2026,sum,22328279210.0,228433700.0,264202910.0,90
Seyi Vibez,YouTube_channel_views_daily,Q2_2025,sum,14859352090.0,148591660.0,178059360.0,91
Seyi Vibez,YouTube_channel_views_daily,Q3_2025,sum,15389975768.0,178286990.0,204501470.0,91
Seyi Vibez,YouTube_channel_views_daily,Q4_2025,sum,19935307380.0,204808700.0,228171070.0,92
Seyi Vibez,YouTube_subscribers_daily,Q1_2025,net_change,46000.0,263500.0,309500.0,90
Seyi Vibez,YouTube_subscribers_daily,Q1_2026,net_change,40667.0,420333.0,461000.0,90
Seyi Vibez,YouTube_subscribers_daily,Q2_2025,net_change,37875.0,310000.0,347875.0,91
Seyi Vibez,YouTube_subscribers_daily,Q3_2025,net_change,31417.0,348250.0,379667.0,92
Seyi Vibez,YouTube_subscribers_daily,Q4_2025,net_change,40000.0,380000.0,420000.0,92
Shallipopi,Bandsintown_followers_daily,Q1_2025,net_change,802.0,3617.0,4419.0,90
Shallipopi,Bandsintown_followers_daily,Q2_2025,net_change,1655.0,4419.0,6074.0,31
Shallipopi,Bandsintown_followers_daily,Q3_2025,net_change,2310.0,6136.0,8446.0,31
Shallipopi,Bandsintown_followers_daily,Q4_2025,net_change,-8485.0,8485.0,0.0,16
Shallipopi,Deezer_fans_daily,Q1_2025,net_change,1158.0,5156.0,6314.0,90
Shallipopi,Deezer_fans_daily,Q1_2026,net_change,1739.0,13893.0,15632.0,90
Shallipopi,Deezer_fans_daily,Q2_2025,net_change,2578.0,6325.0,8903.0,88
Shallipopi,Deezer_fans_daily,Q3_2025,net_change,2839.0,8924.0,11763.0,92
Shallipopi,Deezer_fans_daily,Q4_2025,net_change,2082.0,11792.0,13874.0,92
Shallipopi,Facebook_followers_daily,Q1_2025,net_change,-2848.0,36917.0,34069.0,57
Shallipopi,Facebook_followers_daily,Q1_2026,net_change,-1000.0,23000.0,22000.0,41
Shallipopi,Facebook_followers_daily,Q2_2025,net_change,-1018.0,34018.0,33000.0,76
Shallipopi,Facebook_followers_daily,Q3_2025,net_change,-8000.0,33000.0,25000.0,56
Shallipopi,Facebook_followers_daily,Q4_2025,net_change,-2000.0,25000.0,23000.0,73
Shallipopi,Facebook_likes_daily,Q1_2025,net_change,-2397.0,31521.0,29124.0,57
Shallipopi,Facebook_likes_daily,Q1_2026,net_change,22803.0,0.0,22803.0,41
Shallipopi,Facebook_likes_daily,Q2_2025,net_change,-560.0,29084.0,28524.0,76
Shallipopi,Facebook_likes_daily,Q3_2025,net_change,-28524.0,28524.0,0.0,56
Shallipopi,Facebook_likes_daily,Q4_2025,net_change,0.0,0.0,0.0,73
Shallipopi,Facebook_talks_daily,Q1_2025,sum,5089.0,91.0,48.0,57
Shallipopi,Facebook_talks_daily,Q1_2026,sum,1877.0,57.0,35.0,41
Shallipopi,Facebook_talks_daily,Q2_2025,sum,2747.0,56.0,35.0,76
Shallipopi,Facebook_talks_daily,Q3_2025,sum,2395.0,35.0,27.0,56
Shallipopi,Facebook_talks_daily,Q4_2025,sum,3900.0,26.0,63.0,73
Shallipopi,Instagram_followers_daily,Q1_2025,net_change,10592.0,1700832.0,1711424.0,89
Shallipopi,Instagram_followers_daily,Q1_2026,net_change,18773.0,1945213.0,1963986.0,89
Shallipopi,Instagram_followers_daily,Q2_2025,net_change,92070.0,1715993.0,1808063.0,89
Shallipopi,Instagram_followers_daily,Q3_2025,net_change,77459.0,1807832.0,1885291.0,60
Shallipopi,Instagram_followers_daily,Q4_2025,net_change,60448.0,1884502.0,1944950.0,82
Shallipopi,Soundcloud_followers_daily,Q1_2025,net_change,0.0,114.0,114.0,73
Shallipopi,Soundcloud_followers_daily,Q1_2026,net_change,0.0,115.0,115.0,90
Shallipopi,Soundcloud_followers_daily,Q2_2025,net_change,1.0,114.0,115.0,84
Shallipopi,Soundcloud_followers_daily,Q3_2025,net_change,0.0,115.0,115.0,87
Shallipopi,Soundcloud_followers_daily,Q4_2025,net_change,0.0,115.0,115.0,85
Shallipopi,Spotify_followers_daily,Q1_2025,net_change,317011.0,1785072.0,2102083.0,90
Shallipopi,Spotify_followers_daily,Q1_2026,net_change,330857.0,3254774.0,3585631.0,90
Shallipopi,Spotify_followers_daily,Q2_2025,net_change,383795.0,2106456.0,2490251.0,91
Shallipopi,Spotify_followers_daily,Q3_2025,net_change,371446.0,2493833.0,2865279.0,92
Shallipopi,Spotify_followers_daily,Q4_2025,net_change,380999.0,2868639.0,3249638.0,92
Shallipopi,Spotify_monthly_listeners_daily,Q1_2025,net_change,756892.0,2844516.0,3601408.0,90
Shallipopi,Spotify_monthly_listeners_daily,Q1_2026,net_change,-1592115.0,6147101.0,4554986.0,90
Shallipopi,Spotify_monthly_listeners_daily,Q2_2025,net_change,2473042.0,3629033.0,6102075.0,91
Shallipopi,Spotify_monthly_listeners_daily,Q3_2025,net_change,-280381.0,6133404.0,5853023.0,92
Shallipopi,Spotify_monthly_listeners_daily,Q4_2025,net_change,281363.0,5859031.0,6140394.0,92
Shallipopi,Spotify_popularity_daily,Q1_2025,last_value,69.0,68.0,69.0,82
Shallipopi,Spotify_popularity_daily,Q1_2026,last_value,67.0,73.0,67.0,78
Shallipopi,Spotify_popularity_daily,Q2_2025,last_value,73.0,69.0,73.0,65
Shallipopi,Spotify_popularity_daily,Q3_2025,last_value,73.0,73.0,73.0,87
Shallipopi,Spotify_popularity_daily,Q4_2025,last_value,73.0,73.0,73.0,77
Shallipopi,TikTok_followers_daily,Q1_2025,net_change,221428.0,1042208.0,1263636.0,90
Shallipopi,TikTok_followers_daily,Q1_2026,net_change,40476.0,2159524.0,2200000.0,90
Shallipopi,TikTok_followers_daily,Q2_2025,net_change,456818.0,1268182.0,1725000.0,91
Shallipopi,TikTok_followers_daily,Q3_2025,net_change,370834.0,1733333.0,2104167.0,92
Shallipopi,TikTok_followers_daily,Q4_2025,net_change,54167.0,2104762.0,2158929.0,92
Shallipopi,TikTok_likes_daily,Q1_2025,net_change,2057018.0,16442982.0,18500000.0,90
Shallipopi,TikTok_likes_daily,Q1_2026,net_change,1300000.0,32400000.0,33700000.0,90
Shallipopi,TikTok_likes_daily,Q2_2025,net_change,4286666.0,18533334.0,22820000.0,91
Shallipopi,TikTok_likes_daily,Q3_2025,net_change,7100002.0,22840000.0,29940002.0,92
Shallipopi,TikTok_likes_daily,Q4_2025,net_change,2420000.0,29960000.0,32380000.0,92
Shallipopi,Twitter_followers_daily,Q1_2025,net_change,20454.0,262796.0,283250.0,75
Shallipopi,Twitter_followers_daily,Q1_2026,net_change,8737.0,411728.0,420465.0,80
Shallipopi,Twitter_followers_daily,Q2_2025,net_change,57407.0,283932.0,341339.0,73
Shallipopi,Twitter_followers_daily,Q3_2025,net_change,34991.0,341343.0,376334.0,69
Shallipopi,Twitter_followers_daily,Q4_2025,net_change,34626.0,376815.0,411441.0,91
Shallipopi,Wikipedia_views_daily,Q1_2025,sum,43601.0,326.0,772.0,90
Shallipopi,Wikipedia_views_daily,Q1_2026,sum,29581.0,473.0,275.0,84
Shallipopi,Wikipedia_views_daily,Q2_2025,sum,64766.0,757.0,464.0,90
Shallipopi,Wikipedia_views_daily,Q3_2025,sum,38810.0,448.0,258.0,87
Shallipopi,YouTube_channel_views_daily,Q1_2025,sum,7194539868.0,74571560.0,92075360.0,90
Shallipopi,YouTube_channel_views_daily,Q1_2026,sum,22611105660.0,230104540.0,264711900.0,90
Shallipopi,YouTube_channel_views_daily,Q2_2025,sum,10655705352.0,92669530.0,142359360.0,91
Shallipopi,YouTube_channel_views_daily,Q3_2025,sum,15385092360.0,143000940.0,188580000.0,92
Shallipopi,YouTube_channel_views_daily,Q4_2025,sum,19060304680.0,188879280.0,229923300.0,92
Shallipopi,YouTube_subscribers_daily,Q1_2025,net_change,67800.0,213200.0,281000.0,90
Shallipopi,YouTube_subscribers_daily,Q1_2026,net_change,29667.0,588000.0,617667.0,90
Shallipopi,YouTube_subscribers_daily,Q2_2025,net_change,168000.0,283000.0,451000.0,91
Shallipopi,YouTube_subscribers_daily,Q3_2025,net_change,83200.0,452000.0,535200.0,92
Shallipopi,YouTube_subscribers_daily,Q4_2025,net_change,51867.0,535800.0,587667.0,92
Show Dem Camp,Deezer_fans_daily,Q1_2025,net_change,59.0,9134.0,9193.0,85
Show Dem Camp,Deezer_fans_daily,Q1_2026,net_change,62.0,9418.0,9480.0,90
Show Dem Camp,Deezer_fans_daily,Q2_2025,net_change,49.0,9193.0,9242.0,85
Show Dem Camp,Deezer_fans_daily,Q3_2025,net_change,85.0,9242.0,9327.0,92
Show Dem Camp,Deezer_fans_daily,Q4_2025,net_change,90.0,9327.0,9417.0,92
Show Dem Camp,Facebook_followers_daily,Q1_2025,net_change,-1.0,8937.0,8936.0,35
Show Dem Camp,Facebook_followers_daily,Q1_2026,net_change,0.0,10000.0,10000.0,10
Show Dem Camp,Facebook_followers_daily,Q2_2025,net_change,157.0,8931.0,9088.0,14
Show Dem Camp,Facebook_followers_daily,Q3_2025,net_change,0.0,8900.0,8900.0,1
Show Dem Camp,Facebook_followers_daily,Q4_2025,net_change,500.0,9400.0,9900.0,8
Show Dem Camp,Facebook_likes_daily,Q1_2025,net_change,-1.0,8937.0,8936.0,35
Show Dem Camp,Facebook_likes_daily,Q1_2026,net_change,10232.0,0.0,10232.0,10
Show Dem Camp,Facebook_likes_daily,Q2_2025,net_change,157.0,8931.0,9088.0,14
Show Dem Camp,Facebook_likes_daily,Q3_2025,net_change,0.0,0.0,0.0,1
Show Dem Camp,Facebook_likes_daily,Q4_2025,net_change,0.0,0.0,0.0,8
Show Dem Camp,Facebook_talks_daily,Q1_2025,sum,1043.0,164.0,14.0,35
Show Dem Camp,Facebook_talks_daily,Q1_2026,sum,1064.0,109.0,7.0,10
Show Dem Camp,Facebook_talks_daily,Q2_2025,sum,1399.0,12.0,686.0,14
Show Dem Camp,Facebook_talks_daily,Q3_2025,sum,7.0,7.0,7.0,1
Show Dem Camp,Facebook_talks_daily,Q4_2025,sum,9304.0,568.0,945.0,8
Show Dem Camp,Instagram_followers_daily,Q1_2025,net_change,-1098.0,74340.0,73242.0,178
Show Dem Camp,Instagram_followers_daily,Q1_2026,net_change,-473.0,74347.0,73874.0,89
Show Dem Camp,Instagram_followers_daily,Q2_2025,net_change,-1072.0,73248.0,72176.0,176
Show Dem Camp,Instagram_followers_daily,Q3_2025,net_change,-804.0,72175.0,71371.0,120
Show Dem Camp,Instagram_followers_daily,Q4_2025,net_change,2936.0,71370.0,74306.0,164
Show Dem Camp,Soundcloud_followers_daily,Q1_2025,net_change,36.0,5541.0,5577.0,150
Show Dem Camp,Soundcloud_followers_daily,Q1_2026,net_change,33.0,5706.0,5739.0,87
Show Dem Camp,Soundcloud_followers_daily,Q2_2025,net_change,36.0,5577.0,5613.0,158
Show Dem Camp,Soundcloud_followers_daily,Q3_2025,net_change,46.0,5613.0,5659.0,182
Show Dem Camp,Soundcloud_followers_daily,Q4_2025,net_change,46.0,5659.0,5705.0,96
Show Dem Camp,Spotify_followers_daily,Q1_2025,net_change,2352.0,173306.0,175658.0,180
Show Dem Camp,Spotify_followers_daily,Q1_2026,net_change,5053.0,187107.0,192160.0,90
Show Dem Camp,Spotify_followers_daily,Q2_2025,net_change,3419.0,175672.0,179091.0,182
Show Dem Camp,Spotify_followers_daily,Q3_2025,net_change,2067.0,179106.0,181173.0,184
Show Dem Camp,Spotify_followers_daily,Q4_2025,net_change,5866.0,181201.0,187067.0,184
Show Dem Camp,Spotify_monthly_listeners_daily,Q1_2025,net_change,-30989.0,476310.0,445321.0,180
Show Dem Camp,Spotify_monthly_listeners_daily,Q1_2026,net_change,21590.0,581740.0,603330.0,90
Show Dem Camp,Spotify_monthly_listeners_daily,Q2_2025,net_change,86610.0,446654.0,533264.0,182
Show Dem Camp,Spotify_monthly_listeners_daily,Q3_2025,net_change,-51857.0,534071.0,482214.0,184
Show Dem Camp,Spotify_monthly_listeners_daily,Q4_2025,net_change,108256.0,481202.0,589458.0,184
Show Dem Camp,Spotify_popularity_daily,Q1_2025,last_value,50.0,51.0,50.0,82
Show Dem Camp,Spotify_popularity_daily,Q1_2026,last_value,49.0,52.0,49.0,77
Show Dem Camp,Spotify_popularity_daily,Q2_2025,last_value,52.0,50.0,52.0,65
Show Dem Camp,Spotify_popularity_daily,Q3_2025,last_value,51.0,52.0,51.0,88
Show Dem Camp,Spotify_popularity_daily,Q4_2025,last_value,53.0,51.0,53.0,76
Show Dem Camp,Twitter_followers_daily,Q1_2025,net_change,-119.0,45858.0,45739.0,146
Show Dem Camp,Twitter_followers_daily,Q1_2026,net_change,-150.0,47186.0,47036.0,81
Show Dem Camp,Twitter_followers_daily,Q2_2025,net_change,33.0,45751.0,45784.0,144
Show Dem Camp,Twitter_followers_daily,Q3_2025,net_change,67.0,45781.0,45848.0,132
Show Dem Camp,Twitter_followers_daily,Q4_2025,net_change,1342.0,45841.0,47183.0,182
Show Dem Camp,Wikipedia_views_daily,Q1_2025,sum,580.0,2.0,4.0,162
Show Dem Camp,Wikipedia_views_daily,Q1_2026,sum,402.0,6.0,5.0,82
Show Dem Camp,Wikipedia_views_daily,Q2_2025,sum,832.0,8.0,5.0,174
Show Dem Camp,Wikipedia_views_daily,Q3_2025,sum,598.0,6.0,4.0,170
Show Dem Camp,Wikipedia_views_daily,Q4_2025,sum,946.0,3.0,5.0,178
Show Dem Camp,YouTube_channel_views_daily,Q1_2025,sum,512112859.0,5640766.0,5738015.0,90
Show Dem Camp,YouTube_channel_views_daily,Q1_2026,sum,689596182.0,7621549.0,7700848.0,90
Show Dem Camp,YouTube_channel_views_daily,Q2_2025,sum,527009054.0,5739111.0,5841305.0,91
Show Dem Camp,YouTube_channel_views_daily,Q3_2025,sum,535810690.0,5842454.0,5931823.0,91
Show Dem Camp,YouTube_channel_views_daily,Q4_2025,sum,606845456.0,5932520.0,7621093.0,92
Show Dem Camp,YouTube_subscribers_daily,Q1_2025,net_change,-29.0,12743.0,12714.0,180
Show Dem Camp,YouTube_subscribers_daily,Q1_2026,net_change,-26.0,12626.0,12600.0,90
Show Dem Camp,YouTube_subscribers_daily,Q2_2025,net_change,-29.0,12713.0,12684.0,182
Show Dem Camp,YouTube_subscribers_daily,Q3_2025,net_change,-29.0,12684.0,12655.0,184
Show Dem Camp,YouTube_subscribers_daily,Q4_2025,net_change,-29.0,12655.0,12626.0,184
Simi,Deezer_fans_daily,Q1_2025,net_change,998.0,161833.0,162831.0,90
Simi,Deezer_fans_daily,Q1_2026,net_change,0.0,166459.0,166459.0,1
Simi,Deezer_fans_daily,Q2_2025,net_change,1275.0,162839.0,164114.0,91
Simi,Deezer_fans_daily,Q3_2025,net_change,938.0,164135.0,165073.0,92
Simi,Deezer_fans_daily,Q4_2025,net_change,186.0,165076.0,165262.0,12
Simi,Facebook_followers_daily,Q1_2025,net_change,256496.0,10190315.0,10446811.0,56
Simi,Facebook_followers_daily,Q1_2026,net_change,0.0,10000000.0,10000000.0,11
Simi,Facebook_followers_daily,Q2_2025,net_change,44105.0,10446125.0,10490230.0,14
Simi,Facebook_followers_daily,Q3_2025,net_change,0.0,10000000.0,10000000.0,41
Simi,Facebook_followers_daily,Q4_2025,net_change,0.0,10000000.0,10000000.0,53
Simi,Facebook_likes_daily,Q1_2025,net_change,256496.0,10190315.0,10446811.0,56
Simi,Facebook_likes_daily,Q1_2026,net_change,10557733.0,0.0,10557733.0,11
Simi,Facebook_likes_daily,Q2_2025,net_change,44105.0,10446125.0,10490230.0,14
Simi,Facebook_likes_daily,Q3_2025,net_change,0.0,0.0,0.0,41
Simi,Facebook_likes_daily,Q4_2025,net_change,0.0,0.0,0.0,53
Simi,Facebook_talks_daily,Q1_2025,sum,9001749.0,260420.0,43845.0,56
Simi,Facebook_talks_daily,Q1_2026,sum,1649110.0,224003.0,64458.0,11
Simi,Facebook_talks_daily,Q2_2025,sum,2036326.0,37252.0,66888.0,14
Simi,Facebook_talks_daily,Q3_2025,sum,4419954.0,59081.0,62560.0,41
Simi,Facebook_talks_daily,Q4_2025,sum,4879626.0,57172.0,86431.0,53
Simi,Instagram_followers_daily,Q1_2025,net_change,-21606.0,12328703.0,12307097.0,88
Simi,Instagram_followers_daily,Q1_2026,net_change,11811.0,12544422.0,12556233.0,89
Simi,Instagram_followers_daily,Q2_2025,net_change,102084.0,12306458.0,12408542.0,89
Simi,Instagram_followers_daily,Q3_2025,net_change,127026.0,12410964.0,12537990.0,60
Simi,Instagram_followers_daily,Q4_2025,net_change,6356.0,12537081.0,12543437.0,82
Simi,Soundcloud_followers_daily,Q1_2025,net_change,81.0,16513.0,16594.0,17
Simi,Soundcloud_followers_daily,Q1_2026,net_change,126.0,17129.0,17255.0,90
Simi,Soundcloud_followers_daily,Q2_2025,net_change,170.0,16594.0,16764.0,89
Simi,Soundcloud_followers_daily,Q3_2025,net_change,194.0,16767.0,16961.0,91
Simi,Soundcloud_followers_daily,Q4_2025,net_change,163.0,16963.0,17126.0,85
Simi,Spotify_followers_daily,Q1_2025,net_change,53999.0,1204434.0,1258433.0,90
Simi,Spotify_followers_daily,Q1_2026,net_change,76263.0,1518360.0,1594623.0,90
Simi,Spotify_followers_daily,Q2_2025,net_change,60614.0,1258833.0,1319447.0,91
Simi,Spotify_followers_daily,Q3_2025,net_change,96318.0,1320419.0,1416737.0,92
Simi,Spotify_followers_daily,Q4_2025,net_change,99965.0,1417510.0,1517475.0,92
Simi,Spotify_monthly_listeners_daily,Q1_2025,net_change,-57224.0,1111441.0,1054217.0,90
Simi,Spotify_monthly_listeners_daily,Q1_2026,net_change,-43026.0,1511218.0,1468192.0,90
Simi,Spotify_monthly_listeners_daily,Q2_2025,net_change,447794.0,1056266.0,1504060.0,91
Simi,Spotify_monthly_listeners_daily,Q3_2025,net_change,56622.0,1510883.0,1567505.0,92
Simi,Spotify_monthly_listeners_daily,Q4_2025,net_change,-61676.0,1571007.0,1509331.0,92
Simi,Spotify_popularity_daily,Q1_2025,last_value,56.0,57.0,56.0,76
Simi,Spotify_popularity_daily,Q1_2026,last_value,58.0,60.0,58.0,78
Simi,Spotify_popularity_daily,Q2_2025,last_value,60.0,56.0,60.0,45
Simi,Spotify_popularity_daily,Q3_2025,last_value,62.0,60.0,62.0,88
Simi,Spotify_popularity_daily,Q4_2025,last_value,59.0,62.0,59.0,75
Simi,TikTok_followers_daily,Q1_2025,net_change,75424.0,3217797.0,3293221.0,90
Simi,TikTok_followers_daily,Q1_2026,net_change,-70423.0,3970423.0,3900000.0,90
Simi,TikTok_followers_daily,Q2_2025,net_change,267471.0,3294068.0,3561539.0,91
Simi,TikTok_followers_daily,Q3_2025,net_change,349870.0,3569231.0,3919101.0,92
Simi,TikTok_followers_daily,Q4_2025,net_change,51606.0,3920225.0,3971831.0,92
Simi,TikTok_likes_daily,Q1_2025,net_change,1826316.0,29873684.0,31700000.0,90
Simi,TikTok_likes_daily,Q1_2026,net_change,740000.0,44960000.0,45700000.0,90
Simi,TikTok_likes_daily,Q2_2025,net_change,5783334.0,31716666.0,37500000.0,91
Simi,TikTok_likes_daily,Q3_2025,net_change,5348000.0,37600000.0,42948000.0,92
Simi,TikTok_likes_daily,Q4_2025,net_change,1954000.0,42996000.0,44950000.0,92
Simi,Twitter_followers_daily,Q1_2025,net_change,12188.0,5704969.0,5717157.0,72
Simi,Twitter_followers_daily,Q1_2026,net_change,14437.0,5725042.0,5739479.0,79
Simi,Twitter_followers_daily,Q2_2025,net_change,21411.0,5717954.0,5739365.0,71
Simi,Twitter_followers_daily,Q3_2025,net_change,-289.0,5739380.0,5739091.0,65
Simi,Twitter_followers_daily,Q4_2025,net_change,-13788.0,5738914.0,5725126.0,90
Simi,Wikipedia_views_daily,Q1_2025,sum,17669.0,131.0,137.0,84
Simi,Wikipedia_views_daily,Q1_2026,sum,23952.0,164.0,133.0,82
Simi,Wikipedia_views_daily,Q2_2025,sum,24950.0,152.0,216.0,91
Simi,Wikipedia_views_daily,Q3_2025,sum,16097.0,189.0,121.0,92
Simi,Wikipedia_views_daily,Q4_2025,sum,17057.0,120.0,197.0,92
Simi,YouTube_artist_daily_views,Q1_2026,sum,10075380.0,112244.0,124807.0,74
Simi,YouTube_artist_daily_views,Q3_2025,sum,1060248.0,89120.0,109662.0,9
Simi,YouTube_artist_daily_views,Q4_2025,sum,5592981.0,118054.0,130938.0,45
Simi,YouTube_artist_monthly_views,Q1_2026,sum,153965766.0,3248527.0,3590292.0,41
Simi,YouTube_artist_monthly_views,Q3_2025,sum,25307893.0,2724216.0,3020218.0,9
Simi,YouTube_artist_monthly_views,Q4_2025,sum,156010261.0,3066683.0,3258094.0,45
Simi,YouTube_channel_views_daily,Q1_2025,sum,17318750500.0,189396340.0,195609200.0,90
Simi,YouTube_channel_views_daily,Q1_2026,sum,20194065630.0,220033300.0,228094190.0,90
Simi,YouTube_channel_views_daily,Q2_2025,sum,18128229810.0,195672580.0,202336420.0,91
Simi,YouTube_channel_views_daily,Q3_2025,sum,19006167780.0,202401900.0,211314670.0,92
Simi,YouTube_channel_views_daily,Q4_2025,sum,19865778340.0,211406690.0,219965730.0,92
Simi,YouTube_subscribers_daily,Q1_2025,net_change,15278.0,1043472.0,1058750.0,90
Simi,YouTube_subscribers_daily,Q1_2026,net_change,10167.0,1109833.0,1120000.0,90
Simi,YouTube_subscribers_daily,Q2_2025,net_change,13740.0,1058958.0,1072698.0,91
Simi,YouTube_subscribers_daily,Q3_2025,net_change,17143.0,1072857.0,1090000.0,91
Simi,YouTube_subscribers_daily,Q4_2025,net_change,19667.0,1090000.0,1109667.0,92
Skiibii,Deezer_fans_daily,Q1_2026,net_change,0.0,33.0,33.0,90
Skiibii,Deezer_fans_daily,Q2_2025,net_change,0.0,33.0,33.0,1
Skiibii,Deezer_fans_daily,Q4_2025,net_change,0.0,33.0,33.0,83
Skiibii,Facebook_followers_daily,Q1_2025,net_change,-291.0,10008.0,9717.0,56
Skiibii,Facebook_followers_daily,Q1_2026,net_change,-100.0,8300.0,8200.0,10
Skiibii,Facebook_followers_daily,Q2_2025,net_change,-115.0,9715.0,9600.0,75
Skiibii,Facebook_followers_daily,Q3_2025,net_change,-900.0,9600.0,8700.0,28
Skiibii,Facebook_followers_daily,Q4_2025,net_change,-200.0,8700.0,8500.0,49
Skiibii,Facebook_likes_daily,Q1_2025,net_change,-206.0,8035.0,7829.0,56
Skiibii,Facebook_likes_daily,Q1_2026,net_change,8260.0,0.0,8260.0,10
Skiibii,Facebook_likes_daily,Q2_2025,net_change,-73.0,7827.0,7754.0,75
Skiibii,Facebook_likes_daily,Q3_2025,net_change,-7754.0,7754.0,0.0,28
Skiibii,Facebook_likes_daily,Q4_2025,net_change,0.0,0.0,0.0,49
Skiibii,Facebook_talks_daily,Q1_2025,sum,292.0,7.0,3.0,56
Skiibii,Facebook_talks_daily,Q1_2026,sum,59.0,10.0,5.0,10
Skiibii,Facebook_talks_daily,Q2_2025,sum,154.0,5.0,2.0,75
Skiibii,Facebook_talks_daily,Q3_2025,sum,106.0,2.0,7.0,28
Skiibii,Facebook_talks_daily,Q4_2025,sum,274.0,10.0,4.0,49
Skiibii,Instagram_followers_daily,Q1_2025,net_change,-75458.0,3896764.0,3821306.0,176
Skiibii,Instagram_followers_daily,Q1_2026,net_change,-20178.0,3637109.0,3616931.0,89
Skiibii,Instagram_followers_daily,Q2_2025,net_change,-88491.0,3820825.0,3732334.0,178
Skiibii,Instagram_followers_daily,Q3_2025,net_change,-60504.0,3731654.0,3671150.0,120
Skiibii,Instagram_followers_daily,Q4_2025,net_change,-33018.0,3670593.0,3637575.0,164
Skiibii,Soundcloud_followers_daily,Q1_2025,net_change,0.0,1637.0,1637.0,2
Skiibii,Soundcloud_followers_daily,Q1_2026,net_change,21.0,1743.0,1764.0,90
Skiibii,Soundcloud_followers_daily,Q2_2025,net_change,3.0,1672.0,1675.0,10
Skiibii,Soundcloud_followers_daily,Q4_2025,net_change,30.0,1713.0,1743.0,104
Skiibii,Spotify_followers_daily,Q1_2025,net_change,42591.0,532602.0,575193.0,180
Skiibii,Spotify_followers_daily,Q1_2026,net_change,42038.0,711756.0,753794.0,90
Skiibii,Spotify_followers_daily,Q2_2025,net_change,48852.0,575650.0,624502.0,182
Skiibii,Spotify_followers_daily,Q3_2025,net_change,39356.0,625051.0,664407.0,184
Skiibii,Spotify_followers_daily,Q4_2025,net_change,46466.0,664750.0,711216.0,184
Skiibii,Spotify_monthly_listeners_daily,Q1_2025,net_change,-164833.0,866487.0,701654.0,180
Skiibii,Spotify_monthly_listeners_daily,Q1_2026,net_change,217970.0,847798.0,1065768.0,90
Skiibii,Spotify_monthly_listeners_daily,Q2_2025,net_change,102453.0,701136.0,803589.0,182
Skiibii,Spotify_monthly_listeners_daily,Q3_2025,net_change,-98245.0,802383.0,704138.0,184
Skiibii,Spotify_monthly_listeners_daily,Q4_2025,net_change,146785.0,697031.0,843816.0,184
Skiibii,Spotify_popularity_daily,Q1_2025,last_value,49.0,52.0,49.0,85
Skiibii,Spotify_popularity_daily,Q1_2026,last_value,50.0,50.0,50.0,76
Skiibii,Spotify_popularity_daily,Q2_2025,last_value,50.0,49.0,50.0,64
Skiibii,Spotify_popularity_daily,Q3_2025,last_value,50.0,50.0,50.0,78
Skiibii,Spotify_popularity_daily,Q4_2025,last_value,49.0,50.0,49.0,81
Skiibii,TikTok_followers_daily,Q1_2025,net_change,5500.0,307900.0,313400.0,180
Skiibii,TikTok_followers_daily,Q1_2026,net_change,5600.0,309000.0,314600.0,90
Skiibii,TikTok_followers_daily,Q2_2025,net_change,-3480.0,313380.0,309900.0,182
Skiibii,TikTok_followers_daily,Q3_2025,net_change,182.0,309850.0,310032.0,184
Skiibii,TikTok_followers_daily,Q4_2025,net_change,-1080.0,310084.0,309004.0,184
Skiibii,TikTok_likes_daily,Q1_2025,net_change,90588.0,1479412.0,1570000.0,180
Skiibii,TikTok_likes_daily,Q1_2026,net_change,413947.0,1846053.0,2260000.0,90
Skiibii,TikTok_likes_daily,Q2_2025,net_change,-5454.0,1560000.0,1554546.0,182
Skiibii,TikTok_likes_daily,Q3_2025,net_change,161948.0,1555195.0,1717143.0,92
Skiibii,TikTok_likes_daily,Q4_2025,net_change,126166.0,1718571.0,1844737.0,184
Skiibii,Twitter_followers_daily,Q1_2025,net_change,1006.0,244134.0,245140.0,144
Skiibii,Twitter_followers_daily,Q1_2026,net_change,693.0,246745.0,247438.0,79
Skiibii,Twitter_followers_daily,Q2_2025,net_change,1346.0,245187.0,246533.0,144
Skiibii,Twitter_followers_daily,Q3_2025,net_change,1556.0,246588.0,248144.0,132
Skiibii,Twitter_followers_daily,Q4_2025,net_change,-1381.0,248133.0,246752.0,180
Skiibii,YouTube_channel_views_daily,Q1_2025,sum,14540864730.0,159334960.0,163918350.0,90
Skiibii,YouTube_channel_views_daily,Q1_2026,sum,16213489760.0,178484880.0,182021780.0,90
Skiibii,YouTube_channel_views_daily,Q2_2025,sum,15153198720.0,163972620.0,168862200.0,91
Skiibii,YouTube_channel_views_daily,Q3_2025,sum,15749480360.0,168909700.0,173715870.0,92
Skiibii,YouTube_channel_views_daily,Q4_2025,sum,16222974980.0,173765470.0,178441070.0,92
Skiibii,YouTube_subscribers_daily,Q1_2025,net_change,4333.0,325167.0,329500.0,180
Skiibii,YouTube_subscribers_daily,Q1_2026,net_change,2929.0,341071.0,344000.0,90
Skiibii,YouTube_subscribers_daily,Q2_2025,net_change,3905.0,329545.0,333450.0,182
Skiibii,YouTube_subscribers_daily,Q3_2025,net_change,4340.0,333500.0,337840.0,184
Skiibii,YouTube_subscribers_daily,Q4_2025,net_change,3168.0,337880.0,341048.0,184
Small Doctor,Deezer_fans_daily,Q1_2025,net_change,5.0,651.0,656.0,8
Small Doctor,Deezer_fans_daily,Q1_2026,net_change,8.0,684.0,692.0,9
Small Doctor,Deezer_fans_daily,Q2_2025,net_change,6.0,657.0,663.0,8
Small Doctor,Deezer_fans_daily,Q3_2025,net_change,7.0,663.0,670.0,9
Small Doctor,Deezer_fans_daily,Q4_2025,net_change,12.0,671.0,683.0,8
Small Doctor,Spotify_followers_daily,Q1_2025,net_change,2698.0,129080.0,131778.0,180
Small Doctor,Spotify_followers_daily,Q1_2026,net_change,4662.0,143749.0,148411.0,90
Small Doctor,Spotify_followers_daily,Q2_2025,net_change,1950.0,131787.0,133737.0,182
Small Doctor,Spotify_followers_daily,Q3_2025,net_change,4511.0,133737.0,138248.0,184
Small Doctor,Spotify_followers_daily,Q4_2025,net_change,5378.0,138281.0,143659.0,184
Small Doctor,Spotify_monthly_listeners_daily,Q1_2025,net_change,-4332.0,47114.0,42782.0,180
Small Doctor,Spotify_monthly_listeners_daily,Q1_2026,net_change,-16731.0,85266.0,68535.0,90
Small Doctor,Spotify_monthly_listeners_daily,Q2_2025,net_change,11946.0,42798.0,54744.0,182
Small Doctor,Spotify_monthly_listeners_daily,Q3_2025,net_change,-2442.0,54744.0,52302.0,184
Small Doctor,Spotify_monthly_listeners_daily,Q4_2025,net_change,32600.0,52407.0,85007.0,92
Small Doctor,Spotify_popularity_daily,Q1_2025,last_value,29.0,32.0,29.0,77
Small Doctor,Spotify_popularity_daily,Q1_2026,last_value,31.0,35.0,31.0,9
Small Doctor,Spotify_popularity_daily,Q2_2025,last_value,32.0,29.0,32.0,46
Small Doctor,Spotify_popularity_daily,Q3_2025,last_value,32.0,33.0,32.0,3
Small Doctor,Spotify_popularity_daily,Q4_2025,last_value,35.0,28.0,35.0,16
Small Doctor,YouTube_channel_views_daily,Q1_2025,sum,636544421.0,7238817.0,7076375.0,90
Small Doctor,YouTube_channel_views_daily,Q1_2026,sum,677572351.0,7452083.0,7586882.0,90
Small Doctor,YouTube_channel_views_daily,Q2_2025,sum,648914648.0,7077592.0,7179263.0,91
Small Doctor,YouTube_channel_views_daily,Q3_2025,sum,665192944.0,7180235.0,7291169.0,92
Small Doctor,YouTube_channel_views_daily,Q4_2025,sum,679312153.0,7292591.0,7450106.0,92
Small Doctor,YouTube_subscribers_daily,Q1_2025,net_change,228.0,29794.0,30022.0,180
Small Doctor,YouTube_subscribers_daily,Q1_2026,net_change,227.0,31373.0,31600.0,90
Small Doctor,YouTube_subscribers_daily,Q2_2025,net_change,604.0,30025.0,30629.0,182
Small Doctor,YouTube_subscribers_daily,Q3_2025,net_change,264.0,30632.0,30896.0,184
Small Doctor,YouTube_subscribers_daily,Q4_2025,net_change,469.0,30898.0,31367.0,184
Solidstar,Deezer_fans_daily,Q1_2025,net_change,5.0,1586.0,1591.0,9
Solidstar,Deezer_fans_daily,Q1_2026,net_change,5.0,1610.0,1615.0,8
Solidstar,Deezer_fans_daily,Q2_2025,net_change,4.0,1591.0,1595.0,8
Solidstar,Deezer_fans_daily,Q3_2025,net_change,5.0,1595.0,1600.0,8
Solidstar,Deezer_fans_daily,Q4_2025,net_change,8.0,1601.0,1609.0,9
Solidstar,Facebook_followers_daily,Q1_2025,net_change,-57.0,2873.0,2816.0,34
Solidstar,Facebook_followers_daily,Q1_2026,net_change,0.0,2500.0,2500.0,5
Solidstar,Facebook_followers_daily,Q2_2025,net_change,-14.0,2814.0,2800.0,15
Solidstar,Facebook_followers_daily,Q4_2025,net_change,0.0,2500.0,2500.0,14
Solidstar,Facebook_likes_daily,Q1_2025,net_change,-57.0,2873.0,2816.0,34
Solidstar,Facebook_likes_daily,Q1_2026,net_change,0.0,0.0,0.0,5
Solidstar,Facebook_likes_daily,Q2_2025,net_change,-14.0,2814.0,2800.0,15
Solidstar,Facebook_likes_daily,Q4_2025,net_change,0.0,0.0,0.0,14
Solidstar,Facebook_talks_daily,Q1_2025,sum,43.0,1.0,2.0,34
Solidstar,Facebook_talks_daily,Q1_2026,sum,12.0,3.0,6.0,5
Solidstar,Facebook_talks_daily,Q2_2025,sum,14.0,2.0,0.0,15
Solidstar,Facebook_talks_daily,Q4_2025,sum,9.0,0.0,2.0,14
Solidstar,Instagram_followers_daily,Q1_2025,net_change,-12069.0,1242696.0,1230627.0,62
Solidstar,Instagram_followers_daily,Q1_2026,net_change,0.0,1204342.0,1204342.0,1
Solidstar,Instagram_followers_daily,Q2_2025,net_change,-11075.0,1230548.0,1219473.0,54
Solidstar,Instagram_followers_daily,Q3_2025,net_change,0.0,1212381.0,1212381.0,2
Solidstar,Instagram_followers_daily,Q4_2025,net_change,0.0,1206908.0,1206908.0,2
Solidstar,Spotify_followers_daily,Q1_2025,net_change,1777.0,127730.0,129507.0,180
Solidstar,Spotify_followers_daily,Q1_2026,net_change,1590.0,137655.0,139245.0,90
Solidstar,Spotify_followers_daily,Q2_2025,net_change,1214.0,129533.0,130747.0,182
Solidstar,Spotify_followers_daily,Q3_2025,net_change,3855.0,130747.0,134602.0,184
Solidstar,Spotify_followers_daily,Q4_2025,net_change,2996.0,134630.0,137626.0,184
Solidstar,Spotify_monthly_listeners_daily,Q1_2025,net_change,5448.0,62186.0,67634.0,180
Solidstar,Spotify_monthly_listeners_daily,Q1_2026,net_change,-1003.0,101611.0,100608.0,90
Solidstar,Spotify_monthly_listeners_daily,Q2_2025,net_change,3291.0,67772.0,71063.0,182
Solidstar,Spotify_monthly_listeners_daily,Q3_2025,net_change,19418.0,71063.0,90481.0,184
Solidstar,Spotify_monthly_listeners_daily,Q4_2025,net_change,10850.0,90738.0,101588.0,92
Solidstar,Spotify_popularity_daily,Q1_2025,last_value,31.0,32.0,31.0,78
Solidstar,Spotify_popularity_daily,Q1_2026,last_value,31.0,33.0,31.0,18
Solidstar,Spotify_popularity_daily,Q2_2025,last_value,32.0,31.0,32.0,45
Solidstar,Spotify_popularity_daily,Q3_2025,last_value,34.0,33.0,34.0,3
Solidstar,Spotify_popularity_daily,Q4_2025,last_value,33.0,30.0,33.0,9
Sound Sultan,Deezer_fans_daily,Q1_2025,net_change,3.0,1272.0,1275.0,9
Sound Sultan,Deezer_fans_daily,Q1_2026,net_change,3.0,1303.0,1306.0,9
Sound Sultan,Deezer_fans_daily,Q2_2025,net_change,6.0,1276.0,1282.0,9
Sound Sultan,Deezer_fans_daily,Q3_2025,net_change,8.0,1285.0,1293.0,8
Sound Sultan,Deezer_fans_daily,Q4_2025,net_change,9.0,1294.0,1303.0,9
Sound Sultan,Facebook_followers_daily,Q1_2025,net_change,-301.0,23903.0,23602.0,33
Sound Sultan,Facebook_followers_daily,Q1_2026,net_change,0.0,21000.0,21000.0,2
Sound Sultan,Facebook_followers_daily,Q2_2025,net_change,-98.0,23593.0,23495.0,15
Sound Sultan,Facebook_likes_daily,Q1_2025,net_change,-301.0,23903.0,23602.0,33
Sound Sultan,Facebook_likes_daily,Q1_2026,net_change,0.0,0.0,0.0,2
Sound Sultan,Facebook_likes_daily,Q2_2025,net_change,-98.0,23593.0,23495.0,15
Sound Sultan,Facebook_talks_daily,Q1_2025,sum,65.0,2.0,1.0,33
Sound Sultan,Facebook_talks_daily,Q1_2026,sum,6.0,2.0,4.0,2
Sound Sultan,Facebook_talks_daily,Q2_2025,sum,13.0,1.0,0.0,15
Sound Sultan,Instagram_followers_daily,Q1_2025,net_change,-10709.0,1065868.0,1055159.0,76
Sound Sultan,Instagram_followers_daily,Q1_2026,net_change,0.0,1028051.0,1028051.0,1
Sound Sultan,Instagram_followers_daily,Q2_2025,net_change,-8854.0,1054613.0,1045759.0,60
Sound Sultan,Soundcloud_followers_daily,Q1_2025,net_change,0.0,94.0,94.0,48
Sound Sultan,Soundcloud_followers_daily,Q1_2026,net_change,1.0,95.0,96.0,89
Sound Sultan,Soundcloud_followers_daily,Q2_2025,net_change,0.0,94.0,94.0,30
Sound Sultan,Soundcloud_followers_daily,Q3_2025,net_change,0.0,94.0,94.0,6
Sound Sultan,Soundcloud_followers_daily,Q4_2025,net_change,1.0,94.0,95.0,40
Sound Sultan,Spotify_followers_daily,Q1_2025,net_change,2918.0,86832.0,89750.0,180
Sound Sultan,Spotify_followers_daily,Q1_2026,net_change,429.0,98037.0,98466.0,90
Sound Sultan,Spotify_followers_daily,Q2_2025,net_change,1730.0,89776.0,91506.0,182
Sound Sultan,Spotify_followers_daily,Q3_2025,net_change,3808.0,91506.0,95314.0,184
Sound Sultan,Spotify_followers_daily,Q4_2025,net_change,2662.0,95342.0,98004.0,184
Sound Sultan,Spotify_monthly_listeners_daily,Q1_2025,net_change,5812.0,43175.0,48987.0,180
Sound Sultan,Spotify_monthly_listeners_daily,Q1_2026,net_change,-2450.0,75227.0,72777.0,90
Sound Sultan,Spotify_monthly_listeners_daily,Q2_2025,net_change,-559.0,49102.0,48543.0,182
Sound Sultan,Spotify_monthly_listeners_daily,Q3_2025,net_change,24821.0,48543.0,73364.0,184
Sound Sultan,Spotify_monthly_listeners_daily,Q4_2025,net_change,1461.0,73958.0,75419.0,184
Sound Sultan,Spotify_popularity_daily,Q1_2025,last_value,30.0,30.0,30.0,70
Sound Sultan,Spotify_popularity_daily,Q1_2026,last_value,32.0,32.0,32.0,10
Sound Sultan,Spotify_popularity_daily,Q2_2025,last_value,30.0,30.0,30.0,47
Sound Sultan,Spotify_popularity_daily,Q3_2025,last_value,32.0,31.0,32.0,3
Sound Sultan,Spotify_popularity_daily,Q4_2025,last_value,32.0,31.0,32.0,4
Sound Sultan,Wikipedia_views_daily,Q1_2025,sum,8178.0,50.0,54.0,180
Sound Sultan,Wikipedia_views_daily,Q1_2026,sum,7677.0,113.0,82.0,84
Sound Sultan,Wikipedia_views_daily,Q2_2025,sum,8610.0,28.0,40.0,180
Sound Sultan,Wikipedia_views_daily,Q3_2025,sum,12434.0,28.0,151.0,174
Sound Sultan,Wikipedia_views_daily,Q4_2025,sum,11726.0,77.0,111.0,182
Sound Sultan,YouTube_channel_views_daily,Q1_2025,sum,559470003.0,6153535.0,6283754.0,90
Sound Sultan,YouTube_channel_views_daily,Q1_2026,sum,611460180.0,6739916.0,6813912.0,90
Sound Sultan,YouTube_channel_views_daily,Q2_2025,sum,578415268.0,6285301.0,6425573.0,91
Sound Sultan,YouTube_channel_views_daily,Q3_2025,sum,597574865.0,6426810.0,6573762.0,92
Sound Sultan,YouTube_channel_views_daily,Q4_2025,sum,612556611.0,6575202.0,6738382.0,92
Sound Sultan,YouTube_subscribers_daily,Q1_2025,net_change,272.0,17175.0,17447.0,180
Sound Sultan,YouTube_subscribers_daily,Q1_2026,net_change,93.0,18107.0,18200.0,90
Sound Sultan,YouTube_subscribers_daily,Q2_2025,net_change,236.0,17450.0,17686.0,182
Sound Sultan,YouTube_subscribers_daily,Q3_2025,net_change,232.0,17689.0,17921.0,184
Sound Sultan,YouTube_subscribers_daily,Q4_2025,net_change,182.0,17924.0,18106.0,184
Spyro,Bandsintown_followers_daily,Q1_2025,net_change,147.0,1284.0,1431.0,90
Spyro,Bandsintown_followers_daily,Q2_2025,net_change,210.0,1431.0,1641.0,31
Spyro,Bandsintown_followers_daily,Q3_2025,net_change,210.0,1652.0,1862.0,31
Spyro,Bandsintown_followers_daily,Q4_2025,net_change,153.0,1867.0,2020.0,16
Spyro,Deezer_fans_daily,Q1_2025,net_change,1528.0,7566.0,9094.0,89
Spyro,Deezer_fans_daily,Q1_2026,net_change,322.0,10456.0,10778.0,90
Spyro,Deezer_fans_daily,Q2_2025,net_change,461.0,9100.0,9561.0,91
Spyro,Deezer_fans_daily,Q3_2025,net_change,445.0,9570.0,10015.0,92
Spyro,Deezer_fans_daily,Q4_2025,net_change,427.0,10022.0,10449.0,92
Spyro,Facebook_followers_daily,Q1_2025,net_change,-1057.0,22584.0,21527.0,56
Spyro,Facebook_followers_daily,Q1_2026,net_change,-1000.0,17000.0,16000.0,46
Spyro,Facebook_followers_daily,Q2_2025,net_change,-517.0,21517.0,21000.0,16
Spyro,Facebook_followers_daily,Q3_2025,net_change,-3000.0,21000.0,18000.0,45
Spyro,Facebook_followers_daily,Q4_2025,net_change,-1000.0,18000.0,17000.0,84
Spyro,Facebook_likes_daily,Q1_2025,net_change,-1057.0,22584.0,21527.0,56
Spyro,Facebook_likes_daily,Q1_2026,net_change,16931.0,0.0,16931.0,46
Spyro,Facebook_likes_daily,Q2_2025,net_change,-251.0,21517.0,21266.0,16
Spyro,Facebook_likes_daily,Q3_2025,net_change,-21266.0,21266.0,0.0,45
Spyro,Facebook_likes_daily,Q4_2025,net_change,0.0,0.0,0.0,84
Spyro,Facebook_talks_daily,Q1_2025,sum,1412.0,19.0,18.0,56
Spyro,Facebook_talks_daily,Q1_2026,sum,480.0,6.0,6.0,46
Spyro,Facebook_talks_daily,Q2_2025,sum,224.0,17.0,9.0,16
Spyro,Facebook_talks_daily,Q3_2025,sum,679.0,9.0,19.0,45
Spyro,Facebook_talks_daily,Q4_2025,sum,1061.0,20.0,6.0,84
Spyro,Instagram_followers_daily,Q1_2025,net_change,-878.0,835695.0,834817.0,89
Spyro,Instagram_followers_daily,Q1_2026,net_change,20945.0,912328.0,933273.0,88
Spyro,Instagram_followers_daily,Q2_2025,net_change,6976.0,834623.0,841599.0,89
Spyro,Instagram_followers_daily,Q3_2025,net_change,63828.0,841829.0,905657.0,60
Spyro,Instagram_followers_daily,Q4_2025,net_change,7140.0,905306.0,912446.0,82
Spyro,Spotify_followers_daily,Q1_2025,net_change,26555.0,438587.0,465142.0,90
Spyro,Spotify_followers_daily,Q1_2026,net_change,57022.0,640255.0,697277.0,90
Spyro,Spotify_followers_daily,Q2_2025,net_change,42007.0,465484.0,507491.0,91
Spyro,Spotify_followers_daily,Q3_2025,net_change,63789.0,508168.0,571957.0,92
Spyro,Spotify_followers_daily,Q4_2025,net_change,66903.0,572553.0,639456.0,92
Spyro,Spotify_monthly_listeners_daily,Q1_2025,net_change,-261769.0,931748.0,669979.0,90
Spyro,Spotify_monthly_listeners_daily,Q1_2026,net_change,-221736.0,897568.0,675832.0,90
Spyro,Spotify_monthly_listeners_daily,Q2_2025,net_change,634106.0,670453.0,1304559.0,91
Spyro,Spotify_monthly_listeners_daily,Q3_2025,net_change,-379474.0,1308905.0,929431.0,92
Spyro,Spotify_monthly_listeners_daily,Q4_2025,net_change,-35578.0,928293.0,892715.0,92
Spyro,Spotify_popularity_daily,Q1_2025,last_value,49.0,52.0,49.0,87
Spyro,Spotify_popularity_daily,Q1_2026,last_value,47.0,51.0,47.0,77
Spyro,Spotify_popularity_daily,Q2_2025,last_value,56.0,49.0,56.0,75
Spyro,Spotify_popularity_daily,Q3_2025,last_value,54.0,56.0,54.0,85
Spyro,Spotify_popularity_daily,Q4_2025,last_value,51.0,54.0,51.0,75
Spyro,TikTok_followers_daily,Q1_2025,net_change,3071.0,387829.0,390900.0,90
Spyro,TikTok_followers_daily,Q1_2026,net_change,1221.0,406400.0,407621.0,90
Spyro,TikTok_followers_daily,Q2_2025,net_change,9000.0,391000.0,400000.0,91
Spyro,TikTok_followers_daily,Q3_2025,net_change,-1332.0,400050.0,398718.0,92
Spyro,TikTok_followers_daily,Q4_2025,net_change,7698.0,398682.0,406380.0,92
Spyro,TikTok_likes_daily,Q1_2025,net_change,84806.0,2133051.0,2217857.0,90
Spyro,TikTok_likes_daily,Q1_2026,net_change,81818.0,2718182.0,2800000.0,90
Spyro,TikTok_likes_daily,Q2_2025,net_change,206794.0,2219643.0,2426437.0,91
Spyro,TikTok_likes_daily,Q3_2025,net_change,109256.0,2427586.0,2536842.0,92
Spyro,TikTok_likes_daily,Q4_2025,net_change,178725.0,2538158.0,2716883.0,92
Spyro,Twitter_followers_daily,Q1_2025,net_change,161.0,6626.0,6787.0,69
Spyro,Twitter_followers_daily,Q1_2026,net_change,-90.0,7984.0,7894.0,79
Spyro,Twitter_followers_daily,Q2_2025,net_change,951.0,6786.0,7737.0,71
Spyro,Twitter_followers_daily,Q3_2025,net_change,243.0,7731.0,7974.0,64
Spyro,Twitter_followers_daily,Q4_2025,net_change,-29.0,8018.0,7989.0,82
Spyro,Wikipedia_views_daily,Q1_2025,sum,3540.0,45.0,28.0,90
Spyro,Wikipedia_views_daily,Q1_2026,sum,2063.0,34.0,50.0,82
Spyro,Wikipedia_views_daily,Q2_2025,sum,3232.0,20.0,27.0,91
Spyro,Wikipedia_views_daily,Q3_2025,sum,2734.0,27.0,28.0,73
Spyro,Wikipedia_views_daily,Q4_2025,sum,3166.0,102.0,29.0,90
Spyro,YouTube_channel_views_daily,Q1_2025,sum,22456212500.0,240587040.0,256289310.0,90
Spyro,YouTube_channel_views_daily,Q1_2026,sum,29223724240.0,329114240.0,316245220.0,90
Spyro,YouTube_channel_views_daily,Q2_2025,sum,24462876600.0,256584900.0,281462340.0,91
Spyro,YouTube_channel_views_daily,Q3_2025,sum,27081104400.0,281630880.0,306848480.0,92
Spyro,YouTube_channel_views_daily,Q4_2025,sum,29244902470.0,307127700.0,328857700.0,92
Spyro,YouTube_subscribers_daily,Q1_2025,net_change,27400.0,496600.0,524000.0,90
Spyro,YouTube_subscribers_daily,Q1_2026,net_change,15833.0,614000.0,629833.0,90
Spyro,YouTube_subscribers_daily,Q2_2025,net_change,31750.0,525000.0,556750.0,91
Spyro,YouTube_subscribers_daily,Q3_2025,net_change,34000.0,557000.0,591000.0,92
Spyro,YouTube_subscribers_daily,Q4_2025,net_change,22334.0,591333.0,613667.0,92
Tay Iwar,Bandsintown_followers_daily,Q1_2025,net_change,239.0,3358.0,3597.0,178
Tay Iwar,Bandsintown_followers_daily,Q2_2025,net_change,-3622.0,3622.0,0.0,58
Tay Iwar,Bandsintown_followers_daily,Q3_2025,net_change,432.0,4111.0,4543.0,54
Tay Iwar,Bandsintown_followers_daily,Q4_2025,net_change,214.0,4564.0,4778.0,28
Tay Iwar,Deezer_fans_daily,Q1_2025,net_change,0.0,1.0,1.0,1
Tay Iwar,Deezer_fans_daily,Q1_2026,net_change,28.0,86.0,114.0,90
Tay Iwar,Deezer_fans_daily,Q2_2025,net_change,21.0,3.0,24.0,82
Tay Iwar,Deezer_fans_daily,Q3_2025,net_change,31.0,24.0,55.0,92
Tay Iwar,Deezer_fans_daily,Q4_2025,net_change,31.0,55.0,86.0,92
Tay Iwar,Facebook_followers_daily,Q1_2025,net_change,133.0,11947.0,12080.0,35
Tay Iwar,Facebook_followers_daily,Q1_2026,net_change,0.0,16000.0,16000.0,10
Tay Iwar,Facebook_followers_daily,Q2_2025,net_change,-102.0,12102.0,12000.0,15
Tay Iwar,Facebook_followers_daily,Q3_2025,net_change,0.0,11000.0,11000.0,11
Tay Iwar,Facebook_followers_daily,Q4_2025,net_change,1000.0,11000.0,12000.0,6
Tay Iwar,Facebook_likes_daily,Q1_2025,net_change,133.0,11947.0,12080.0,35
Tay Iwar,Facebook_likes_daily,Q1_2026,net_change,16885.0,0.0,16885.0,10
Tay Iwar,Facebook_likes_daily,Q2_2025,net_change,275.0,12102.0,12377.0,15
Tay Iwar,Facebook_likes_daily,Q3_2025,net_change,0.0,0.0,0.0,11
Tay Iwar,Facebook_likes_daily,Q4_2025,net_change,0.0,0.0,0.0,6
Tay Iwar,Facebook_talks_daily,Q1_2025,sum,4831.0,25.0,94.0,35
Tay Iwar,Facebook_talks_daily,Q1_2026,sum,8257.0,1916.0,1413.0,10
Tay Iwar,Facebook_talks_daily,Q2_2025,sum,7389.0,324.0,393.0,15
Tay Iwar,Facebook_talks_daily,Q3_2025,sum,3118.0,254.0,436.0,11
Tay Iwar,Facebook_talks_daily,Q4_2025,sum,7511.0,321.0,929.0,6
Tay Iwar,Instagram_followers_daily,Q1_2025,net_change,-1554.0,72370.0,70816.0,178
Tay Iwar,Instagram_followers_daily,Q1_2026,net_change,-898.0,71581.0,70683.0,89
Tay Iwar,Instagram_followers_daily,Q2_2025,net_change,1363.0,70801.0,72164.0,178
Tay Iwar,Instagram_followers_daily,Q3_2025,net_change,-471.0,72160.0,71689.0,120
Tay Iwar,Instagram_followers_daily,Q4_2025,net_change,-131.0,71704.0,71573.0,162
Tay Iwar,Soundcloud_followers_daily,Q1_2025,net_change,46.0,10232.0,10278.0,174
Tay Iwar,Soundcloud_followers_daily,Q1_2026,net_change,54.0,10500.0,10554.0,89
Tay Iwar,Soundcloud_followers_daily,Q2_2025,net_change,96.0,10279.0,10375.0,160
Tay Iwar,Soundcloud_followers_daily,Q3_2025,net_change,74.0,10374.0,10448.0,184
Tay Iwar,Soundcloud_followers_daily,Q4_2025,net_change,51.0,10448.0,10499.0,156
Tay Iwar,Spotify_followers_daily,Q1_2025,net_change,2639.0,76328.0,78967.0,180
Tay Iwar,Spotify_followers_daily,Q1_2026,net_change,4415.0,91933.0,96348.0,90
Tay Iwar,Spotify_followers_daily,Q2_2025,net_change,4224.0,79019.0,83243.0,182
Tay Iwar,Spotify_followers_daily,Q3_2025,net_change,3219.0,83268.0,86487.0,184
Tay Iwar,Spotify_followers_daily,Q4_2025,net_change,5355.0,86531.0,91886.0,184
Tay Iwar,Spotify_monthly_listeners_daily,Q1_2025,net_change,-1779.0,882422.0,880643.0,90
Tay Iwar,Spotify_monthly_listeners_daily,Q1_2026,net_change,-86789.0,937722.0,850933.0,90
Tay Iwar,Spotify_monthly_listeners_daily,Q2_2025,net_change,18692.0,882182.0,900874.0,182
Tay Iwar,Spotify_monthly_listeners_daily,Q3_2025,net_change,203047.0,902674.0,1105721.0,92
Tay Iwar,Spotify_monthly_listeners_daily,Q4_2025,net_change,-162157.0,1100758.0,938601.0,184
Tay Iwar,Spotify_popularity_daily,Q1_2025,last_value,52.0,54.0,52.0,70
Tay Iwar,Spotify_popularity_daily,Q1_2026,last_value,50.0,52.0,50.0,81
Tay Iwar,Spotify_popularity_daily,Q2_2025,last_value,54.0,52.0,54.0,65
Tay Iwar,Spotify_popularity_daily,Q3_2025,last_value,55.0,54.0,55.0,88
Tay Iwar,Spotify_popularity_daily,Q4_2025,last_value,52.0,54.0,52.0,75
Tay Iwar,TikTok_followers_daily,Q1_2025,net_change,120.0,2282.0,2402.0,180
Tay Iwar,TikTok_followers_daily,Q1_2026,net_change,228.0,3321.0,3549.0,90
Tay Iwar,TikTok_followers_daily,Q2_2025,net_change,119.0,2404.0,2523.0,182
Tay Iwar,TikTok_followers_daily,Q3_2025,net_change,258.0,2522.0,2780.0,184
Tay Iwar,TikTok_followers_daily,Q4_2025,net_change,532.0,2783.0,3315.0,92
Tay Iwar,TikTok_likes_daily,Q1_2025,net_change,239.0,10268.0,10507.0,180
Tay Iwar,TikTok_likes_daily,Q1_2026,net_change,5315.0,25668.0,30983.0,90
Tay Iwar,TikTok_likes_daily,Q2_2025,net_change,836.0,10514.0,11350.0,182
Tay Iwar,TikTok_likes_daily,Q3_2025,net_change,2233.0,11356.0,13589.0,184
Tay Iwar,TikTok_likes_daily,Q4_2025,net_change,11917.0,13628.0,25545.0,184
Tay Iwar,Twitter_followers_daily,Q1_2025,net_change,-15.0,40599.0,40584.0,138
Tay Iwar,Twitter_followers_daily,Q1_2026,net_change,-272.0,41324.0,41052.0,79
Tay Iwar,Twitter_followers_daily,Q2_2025,net_change,667.0,40601.0,41268.0,142
Tay Iwar,Twitter_followers_daily,Q4_2025,net_change,-50.0,41382.0,41332.0,162
Tay Iwar,Wikipedia_views_daily,Q1_2025,sum,4460.0,21.0,40.0,180
Tay Iwar,Wikipedia_views_daily,Q1_2026,sum,2205.0,31.0,24.0,84
Tay Iwar,Wikipedia_views_daily,Q2_2025,sum,8276.0,33.0,25.0,182
Tay Iwar,Wikipedia_views_daily,Q3_2025,sum,4696.0,25.0,29.0,176
Tay Iwar,Wikipedia_views_daily,Q4_2025,sum,5296.0,22.0,10.0,180
Tay Iwar,YouTube_channel_views_daily,Q1_2025,sum,268632575.0,2885157.0,3082982.0,90
Tay Iwar,YouTube_channel_views_daily,Q1_2026,sum,844678569.0,9226493.0,9516085.0,90
Tay Iwar,YouTube_channel_views_daily,Q2_2025,sum,312580922.0,3090233.0,3755665.0,91
Tay Iwar,YouTube_channel_views_daily,Q3_2025,sum,364442853.0,3759451.0,4214004.0,92
Tay Iwar,YouTube_channel_views_daily,Q4_2025,sum,738192159.0,4218827.0,9221097.0,92
Tay Iwar,YouTube_subscribers_daily,Q1_2025,net_change,325.0,11525.0,11850.0,180
Tay Iwar,YouTube_subscribers_daily,Q1_2026,net_change,168.0,28332.0,28500.0,90
Tay Iwar,YouTube_subscribers_daily,Q2_2025,net_change,12667.0,11860.0,24527.0,182
Tay Iwar,YouTube_subscribers_daily,Q3_2025,net_change,3058.0,24536.0,27594.0,184
Tay Iwar,YouTube_subscribers_daily,Q4_2025,net_change,729.0,27600.0,28329.0,184
Tekno,Deezer_fans_daily,Q1_2026,net_change,2.0,85.0,87.0,90
Tekno,Deezer_fans_daily,Q4_2025,net_change,1.0,84.0,85.0,83
Tekno,Facebook_followers_daily,Q1_2025,net_change,-34911.0,3702594.0,3667683.0,56
Tekno,Facebook_followers_daily,Q1_2026,net_change,0.0,3400000.0,3400000.0,12
Tekno,Facebook_followers_daily,Q2_2025,net_change,-12099.0,3667197.0,3655098.0,14
Tekno,Facebook_followers_daily,Q3_2025,net_change,0.0,3500000.0,3500000.0,1
Tekno,Facebook_followers_daily,Q4_2025,net_change,0.0,3500000.0,3500000.0,10
Tekno,Facebook_likes_daily,Q1_2025,net_change,-34911.0,3702594.0,3667683.0,56
Tekno,Facebook_likes_daily,Q1_2026,net_change,3473122.0,0.0,3473122.0,12
Tekno,Facebook_likes_daily,Q2_2025,net_change,-12099.0,3667197.0,3655098.0,14
Tekno,Facebook_likes_daily,Q3_2025,net_change,0.0,0.0,0.0,1
Tekno,Facebook_likes_daily,Q4_2025,net_change,0.0,0.0,0.0,10
Tekno,Facebook_talks_daily,Q1_2025,sum,33654.0,584.0,489.0,56
Tekno,Facebook_talks_daily,Q1_2026,sum,4277.0,439.0,427.0,12
Tekno,Facebook_talks_daily,Q2_2025,sum,6137.0,484.0,423.0,14
Tekno,Facebook_talks_daily,Q3_2025,sum,719.0,719.0,719.0,1
Tekno,Facebook_talks_daily,Q4_2025,sum,5738.0,554.0,548.0,10
Tekno,Instagram_followers_daily,Q1_2025,net_change,-12309.0,10540378.0,10528069.0,90
Tekno,Instagram_followers_daily,Q1_2026,net_change,-57646.0,10835950.0,10778304.0,89
Tekno,Instagram_followers_daily,Q2_2025,net_change,141068.0,10528801.0,10669869.0,89
Tekno,Instagram_followers_daily,Q3_2025,net_change,109495.0,10674727.0,10784222.0,60
Tekno,Instagram_followers_daily,Q4_2025,net_change,51919.0,10784682.0,10836601.0,82
Tekno,Soundcloud_followers_daily,Q1_2025,net_change,871.0,39961.0,40832.0,54
Tekno,Soundcloud_followers_daily,Q1_2026,net_change,453.0,43018.0,43471.0,90
Tekno,Soundcloud_followers_daily,Q2_2025,net_change,865.0,40833.0,41698.0,87
Tekno,Soundcloud_followers_daily,Q3_2025,net_change,735.0,41709.0,42444.0,89
Tekno,Soundcloud_followers_daily,Q4_2025,net_change,560.0,42449.0,43009.0,82
Tekno,Spotify_followers_daily,Q1_2025,net_change,52297.0,1517077.0,1569374.0,90
Tekno,Spotify_followers_daily,Q1_2026,net_change,70216.0,1811364.0,1881580.0,90
Tekno,Spotify_followers_daily,Q2_2025,net_change,63285.0,1569828.0,1633113.0,91
Tekno,Spotify_followers_daily,Q3_2025,net_change,67800.0,1634104.0,1701904.0,92
Tekno,Spotify_followers_daily,Q4_2025,net_change,107379.0,1702465.0,1809844.0,92
Tekno,Spotify_monthly_listeners_daily,Q1_2025,net_change,-163973.0,1879790.0,1715817.0,90
Tekno,Spotify_monthly_listeners_daily,Q1_2026,net_change,-89288.0,1967571.0,1878283.0,90
Tekno,Spotify_monthly_listeners_daily,Q2_2025,net_change,225650.0,1721506.0,1947156.0,91
Tekno,Spotify_monthly_listeners_daily,Q3_2025,net_change,-35435.0,1951081.0,1915646.0,92
Tekno,Spotify_monthly_listeners_daily,Q4_2025,net_change,55967.0,1907549.0,1963516.0,92
Tekno,Spotify_popularity_daily,Q1_2025,last_value,58.0,60.0,58.0,77
Tekno,Spotify_popularity_daily,Q1_2026,last_value,58.0,60.0,58.0,24
Tekno,Spotify_popularity_daily,Q2_2025,last_value,61.0,58.0,61.0,39
Tekno,Spotify_popularity_daily,Q3_2025,last_value,60.0,61.0,60.0,50
Tekno,Spotify_popularity_daily,Q4_2025,last_value,59.0,60.0,59.0,38
Tekno,TikTok_followers_daily,Q1_2025,net_change,132515.0,1676106.0,1808621.0,90
Tekno,TikTok_followers_daily,Q1_2026,net_change,41129.0,2458871.0,2500000.0,90
Tekno,TikTok_followers_daily,Q2_2025,net_change,252155.0,1810345.0,2062500.0,91
Tekno,TikTok_followers_daily,Q3_2025,net_change,277381.0,2075000.0,2352381.0,92
Tekno,TikTok_followers_daily,Q4_2025,net_change,103303.0,2354762.0,2458065.0,92
Tekno,TikTok_likes_daily,Q1_2025,net_change,1360714.0,7189286.0,8550000.0,90
Tekno,TikTok_likes_daily,Q1_2026,net_change,751724.0,16348276.0,17100000.0,90
Tekno,TikTok_likes_daily,Q2_2025,net_change,3200000.0,8600000.0,11800000.0,91
Tekno,TikTok_likes_daily,Q3_2025,net_change,2633333.0,12000000.0,14633333.0,92
Tekno,TikTok_likes_daily,Q4_2025,net_change,1694828.0,14650000.0,16344828.0,92
Tekno,Twitter_followers_daily,Q1_2025,net_change,-13628.0,2771847.0,2758219.0,74
Tekno,Twitter_followers_daily,Q1_2026,net_change,-3962.0,2755419.0,2751457.0,80
Tekno,Twitter_followers_daily,Q2_2025,net_change,4318.0,2758490.0,2762808.0,73
Tekno,Twitter_followers_daily,Q3_2025,net_change,-11129.0,2762830.0,2751701.0,69
Tekno,Twitter_followers_daily,Q4_2025,net_change,3996.0,2751500.0,2755496.0,91
Tekno,Wikipedia_views_daily,Q1_2025,sum,16650.0,232.0,150.0,90
Tekno,Wikipedia_views_daily,Q1_2026,sum,13024.0,172.0,146.0,84
Tekno,Wikipedia_views_daily,Q2_2025,sum,16835.0,145.0,223.0,91
Tekno,Wikipedia_views_daily,Q3_2025,sum,15622.0,158.0,135.0,92
Tekno,Wikipedia_views_daily,Q4_2025,sum,18575.0,133.0,139.0,92
Tekno,YouTube_artist_daily_views,Q1_2025,sum,36296172.0,789761.0,647661.0,64
Tekno,YouTube_artist_daily_views,Q1_2026,sum,43087190.0,699481.0,559891.0,74
Tekno,YouTube_artist_daily_views,Q2_2025,sum,29738212.0,604309.0,921117.0,45
Tekno,YouTube_artist_daily_views,Q3_2025,sum,29754934.0,856359.0,601739.0,44
Tekno,YouTube_artist_daily_views,Q4_2025,sum,28956463.0,632368.0,1073671.0,45
Tekno,YouTube_artist_monthly_views,Q1_2025,sum,1049247407.0,19139645.0,15383850.0,64
Tekno,YouTube_artist_monthly_views,Q1_2026,sum,723729108.0,19192226.0,15870739.0,42
Tekno,YouTube_artist_monthly_views,Q2_2025,sum,796237156.0,15659631.0,19802911.0,45
Tekno,YouTube_artist_monthly_views,Q3_2025,sum,857275604.0,20632194.0,17718239.0,44
Tekno,YouTube_artist_monthly_views,Q4_2025,sum,785987279.0,17768948.0,18787915.0,45
Tekno,YouTube_channel_views_daily,Q1_2025,sum,103288771600.0,1132616000.0,1160970800.0,90
Tekno,YouTube_channel_views_daily,Q1_2026,sum,114726651800.0,1260335600.0,1287676400.0,90
Tekno,YouTube_channel_views_daily,Q2_2025,sum,107018644300.0,1161132000.0,1193633400.0,91
Tekno,YouTube_channel_views_daily,Q3_2025,sum,111633714300.0,1194297500.0,1230766000.0,92
Tekno,YouTube_channel_views_daily,Q4_2025,sum,114506071100.0,1231119200.0,1259942100.0,92
Tekno,YouTube_subscribers_daily,Q1_2025,net_change,48593.0,2534348.0,2582941.0,90
Tekno,YouTube_subscribers_daily,Q1_2026,net_change,-1167500.0,2797500.0,1630000.0,90
Tekno,YouTube_subscribers_daily,Q2_2025,net_change,66470.0,2583530.0,2650000.0,91
Tekno,YouTube_subscribers_daily,Q3_2025,net_change,95556.0,2655000.0,2750556.0,92
Tekno,YouTube_subscribers_daily,Q4_2025,net_change,45889.0,2751111.0,2797000.0,92
Tempoe,Deezer_fans_daily,Q1_2025,net_change,695.0,10484.0,11179.0,11
Tempoe,Deezer_fans_daily,Q1_2026,net_change,430.0,13649.0,14079.0,16
Tempoe,Deezer_fans_daily,Q2_2025,net_change,928.0,11264.0,12192.0,10
Tempoe,Deezer_fans_daily,Q3_2025,net_change,716.0,12226.0,12942.0,9
Tempoe,Deezer_fans_daily,Q4_2025,net_change,528.0,13039.0,13567.0,10
Tempoe,Instagram_followers_daily,Q1_2026,net_change,767.0,62344.0,63111.0,10
Tempoe,Instagram_followers_daily,Q2_2025,net_change,1008.0,60158.0,61166.0,12
Tempoe,Instagram_followers_daily,Q3_2025,net_change,163.0,61712.0,61875.0,14
Tempoe,Instagram_followers_daily,Q4_2025,net_change,-835.0,63134.0,62299.0,4
Tempoe,Spotify_followers_daily,Q1_2025,net_change,37501.0,73923.0,111424.0,180
Tempoe,Spotify_followers_daily,Q1_2026,net_change,30613.0,169555.0,200168.0,90
Tempoe,Spotify_followers_daily,Q2_2025,net_change,23537.0,111828.0,135365.0,182
Tempoe,Spotify_followers_daily,Q3_2025,net_change,13306.0,135529.0,148835.0,184
Tempoe,Spotify_followers_daily,Q4_2025,net_change,20333.0,148949.0,169282.0,184
Tempoe,Spotify_monthly_listeners_daily,Q1_2025,net_change,-581128.0,5433202.0,4852074.0,180
Tempoe,Spotify_monthly_listeners_daily,Q1_2026,net_change,217475.0,3794630.0,4012105.0,90
Tempoe,Spotify_monthly_listeners_daily,Q2_2025,net_change,-1033033.0,4850002.0,3816969.0,182
Tempoe,Spotify_monthly_listeners_daily,Q3_2025,net_change,-597792.0,3816809.0,3219017.0,184
Tempoe,Spotify_monthly_listeners_daily,Q4_2025,net_change,573617.0,3210919.0,3784536.0,184
Tempoe,Spotify_popularity_daily,Q1_2025,last_value,63.0,65.0,63.0,70
Tempoe,Spotify_popularity_daily,Q1_2026,last_value,59.0,61.0,59.0,74
Tempoe,Spotify_popularity_daily,Q2_2025,last_value,63.0,64.0,63.0,63
Tempoe,Spotify_popularity_daily,Q3_2025,last_value,61.0,63.0,61.0,83
Tempoe,Spotify_popularity_daily,Q4_2025,last_value,60.0,61.0,60.0,76
Tems,Bandsintown_followers_daily,Q1_2025,net_change,13212.0,97499.0,110711.0,87
Tems,Bandsintown_followers_daily,Q2_2025,net_change,19457.0,111416.0,130873.0,28
Tems,Bandsintown_followers_daily,Q3_2025,net_change,20253.0,132002.0,152255.0,27
Tems,Bandsintown_followers_daily,Q4_2025,net_change,-153405.0,153405.0,0.0,14
Tems,Deezer_fans_daily,Q1_2025,net_change,10551.0,194140.0,204691.0,90
Tems,Deezer_fans_daily,Q1_2026,net_change,12903.0,237095.0,249998.0,90
Tems,Deezer_fans_daily,Q2_2025,net_change,9852.0,204787.0,214639.0,91
Tems,Deezer_fans_daily,Q3_2025,net_change,10773.0,214735.0,225508.0,92
Tems,Deezer_fans_daily,Q4_2025,net_change,11352.0,225607.0,236959.0,92
Tems,Facebook_followers_daily,Q1_2025,net_change,-6290.0,1126955.0,1120665.0,56
Tems,Facebook_followers_daily,Q1_2026,net_change,0.0,1000000.0,1000000.0,88
Tems,Facebook_followers_daily,Q2_2025,net_change,-20544.0,1120544.0,1100000.0,76
Tems,Facebook_followers_daily,Q3_2025,net_change,-100000.0,1100000.0,1000000.0,58
Tems,Facebook_followers_daily,Q4_2025,net_change,0.0,1000000.0,1000000.0,84
Tems,Facebook_likes_daily,Q1_2025,net_change,-6290.0,1126955.0,1120665.0,56
Tems,Facebook_likes_daily,Q1_2026,net_change,1042731.0,0.0,1042731.0,88
Tems,Facebook_likes_daily,Q2_2025,net_change,-4550.0,1120544.0,1115994.0,76
Tems,Facebook_likes_daily,Q3_2025,net_change,-1115994.0,1115994.0,0.0,58
Tems,Facebook_likes_daily,Q4_2025,net_change,0.0,0.0,0.0,84
Tems,Facebook_talks_daily,Q1_2025,sum,162732.0,3827.0,3010.0,56
Tems,Facebook_talks_daily,Q1_2026,sum,180415.0,1837.0,2127.0,88
Tems,Facebook_talks_daily,Q2_2025,sum,156604.0,2044.0,2132.0,76
Tems,Facebook_talks_daily,Q3_2025,sum,102293.0,2132.0,1877.0,58
Tems,Facebook_talks_daily,Q4_2025,sum,263319.0,2401.0,2045.0,84
Tems,Instagram_followers_daily,Q1_2025,net_change,203653.0,6390478.0,6594131.0,89
Tems,Instagram_followers_daily,Q1_2026,net_change,216573.0,6892956.0,7109529.0,89
Tems,Instagram_followers_daily,Q2_2025,net_change,82423.0,6595839.0,6678262.0,89
Tems,Instagram_followers_daily,Q3_2025,net_change,89218.0,6680026.0,6769244.0,60
Tems,Instagram_followers_daily,Q4_2025,net_change,120916.0,6769512.0,6890428.0,82
Tems,Soundcloud_followers_daily,Q1_2025,net_change,3401.0,84498.0,87899.0,85
Tems,Soundcloud_followers_daily,Q1_2026,net_change,4998.0,98503.0,103501.0,90
Tems,Soundcloud_followers_daily,Q2_2025,net_change,3102.0,87935.0,91037.0,86
Tems,Soundcloud_followers_daily,Q3_2025,net_change,3571.0,91064.0,94635.0,88
Tems,Soundcloud_followers_daily,Q4_2025,net_change,3783.0,94667.0,98450.0,85
Tems,Spotify_followers_daily,Q1_2025,net_change,297006.0,2723996.0,3021002.0,90
Tems,Spotify_followers_daily,Q1_2026,net_change,471863.0,3727968.0,4199831.0,90
Tems,Spotify_followers_daily,Q2_2025,net_change,190430.0,3023744.0,3214174.0,91
Tems,Spotify_followers_daily,Q3_2025,net_change,193221.0,3215642.0,3408863.0,92
Tems,Spotify_followers_daily,Q4_2025,net_change,312299.0,3411201.0,3723500.0,92
Tems,Spotify_monthly_listeners_daily,Q1_2025,net_change,-1376300.0,17958704.0,16582404.0,90
Tems,Spotify_monthly_listeners_daily,Q1_2026,net_change,15402680.0,25552628.0,40955308.0,90
Tems,Spotify_monthly_listeners_daily,Q2_2025,net_change,-146706.0,16587106.0,16440400.0,91
Tems,Spotify_monthly_listeners_daily,Q3_2025,net_change,4894552.0,16435302.0,21329854.0,92
Tems,Spotify_monthly_listeners_daily,Q4_2025,net_change,4014270.0,21343190.0,25357460.0,92
Tems,Spotify_popularity_daily,Q1_2025,last_value,77.0,78.0,77.0,68
Tems,Spotify_popularity_daily,Q1_2026,last_value,83.0,81.0,83.0,86
Tems,Spotify_popularity_daily,Q2_2025,last_value,77.0,77.0,77.0,47
Tems,Spotify_popularity_daily,Q3_2025,last_value,79.0,77.0,79.0,90
Tems,Spotify_popularity_daily,Q4_2025,last_value,80.0,79.0,80.0,80
Tems,TikTok_followers_daily,Q1_2025,net_change,81129.0,1322936.0,1404065.0,90
Tems,TikTok_followers_daily,Q1_2026,net_change,330000.0,1870000.0,2200000.0,90
Tems,TikTok_followers_daily,Q2_2025,net_change,73171.0,1404878.0,1478049.0,91
Tems,TikTok_followers_daily,Q3_2025,net_change,138255.0,1478862.0,1617117.0,92
Tems,TikTok_followers_daily,Q4_2025,net_change,246081.0,1618919.0,1865000.0,92
Tems,TikTok_likes_daily,Q1_2025,net_change,1427436.0,10303333.0,11730769.0,90
Tems,TikTok_likes_daily,Q1_2026,net_change,3359210.0,20415790.0,23775000.0,90
Tems,TikTok_likes_daily,Q2_2025,net_change,657539.0,11738461.0,12396000.0,91
Tems,TikTok_likes_daily,Q3_2025,net_change,1574572.0,12404000.0,13978572.0,92
Tems,TikTok_likes_daily,Q4_2025,net_change,6386279.0,13982143.0,20368422.0,92
Tems,Twitter_followers_daily,Q1_2025,net_change,48673.0,2126597.0,2175270.0,76
Tems,Twitter_followers_daily,Q1_2026,net_change,10343.0,2257861.0,2268204.0,81
Tems,Twitter_followers_daily,Q2_2025,net_change,29173.0,2175674.0,2204847.0,74
Tems,Twitter_followers_daily,Q3_2025,net_change,22847.0,2204960.0,2227807.0,73
Tems,Twitter_followers_daily,Q4_2025,net_change,29003.0,2229028.0,2258031.0,91
Tems,Wikipedia_views_daily,Q1_2025,sum,149126.0,1196.0,1246.0,90
Tems,Wikipedia_views_daily,Q1_2026,sum,143533.0,920.0,1213.0,83
Tems,Wikipedia_views_daily,Q2_2025,sum,103568.0,1102.0,630.0,91
Tems,Wikipedia_views_daily,Q3_2025,sum,96608.0,554.0,1006.0,92
Tems,Wikipedia_views_daily,Q4_2025,sum,105483.0,955.0,1000.0,92
Tems,YouTube_artist_daily_views,Q1_2025,sum,52511407.0,552366.0,613753.0,79
Tems,YouTube_artist_daily_views,Q1_2026,sum,237351947.0,1189694.0,4035774.0,75
Tems,YouTube_artist_daily_views,Q2_2025,sum,29628150.0,616799.0,591851.0,45
Tems,YouTube_artist_daily_views,Q3_2025,sum,32570152.0,642660.0,726122.0,45
Tems,YouTube_artist_daily_views,Q4_2025,sum,42491268.0,727938.0,1412556.0,46
Tems,YouTube_artist_monthly_views,Q1_2025,sum,1492676123.0,19775852.0,17215029.0,79
Tems,YouTube_artist_monthly_views,Q1_2026,sum,3115167217.0,33303283.0,106961564.0,43
Tems,YouTube_artist_monthly_views,Q2_2025,sum,825320843.0,17220266.0,17838688.0,45
Tems,YouTube_artist_monthly_views,Q3_2025,sum,874650577.0,17792905.0,24263621.0,45
Tems,YouTube_artist_monthly_views,Q4_2025,sum,1101632107.0,24194002.0,32630671.0,46
Tems,YouTube_channel_views_daily,Q1_2025,sum,49501423500.0,524227460.0,574968200.0,90
Tems,YouTube_channel_views_daily,Q1_2026,sum,68958802420.0,729398660.0,806278340.0,90
Tems,YouTube_channel_views_daily,Q2_2025,sum,54546393320.0,575548200.0,619573250.0,91
Tems,YouTube_channel_views_daily,Q3_2025,sum,59596219480.0,620074430.0,671947140.0,92
Tems,YouTube_channel_views_daily,Q4_2025,sum,64183724900.0,672465660.0,728648600.0,92
Tems,YouTube_subscribers_daily,Q1_2025,net_change,65566.0,1080588.0,1146154.0,90
Tems,YouTube_subscribers_daily,Q1_2026,net_change,177111.0,1318889.0,1496000.0,90
Tems,YouTube_subscribers_daily,Q2_2025,net_change,47391.0,1146538.0,1193929.0,91
Tems,YouTube_subscribers_daily,Q3_2025,net_change,54047.0,1194286.0,1248333.0,92
Tems,YouTube_subscribers_daily,Q4_2025,net_change,68889.0,1248889.0,1317778.0,92
Teni,Bandsintown_followers_daily,Q1_2025,net_change,627.0,11283.0,11910.0,90
Teni,Bandsintown_followers_daily,Q2_2025,net_change,907.0,11955.0,12862.0,31
Teni,Bandsintown_followers_daily,Q3_2025,net_change,13728.0,0.0,13728.0,31
Teni,Bandsintown_followers_daily,Q4_2025,net_change,394.0,13744.0,14138.0,17
Teni,Deezer_fans_daily,Q1_2025,net_change,3.0,1.0,4.0,40
Teni,Deezer_fans_daily,Q1_2026,net_change,1.0,16.0,17.0,90
Teni,Deezer_fans_daily,Q2_2025,net_change,4.0,4.0,8.0,34
Teni,Deezer_fans_daily,Q3_2025,net_change,3.0,8.0,11.0,21
Teni,Deezer_fans_daily,Q4_2025,net_change,3.0,13.0,16.0,83
Teni,Facebook_followers_daily,Q2_2025,net_change,0.0,28000.0,28000.0,62
Teni,Facebook_followers_daily,Q3_2025,net_change,0.0,28000.0,28000.0,19
Teni,Facebook_likes_daily,Q2_2025,net_change,0.0,28589.0,28589.0,62
Teni,Facebook_likes_daily,Q3_2025,net_change,0.0,28589.0,28589.0,19
Teni,Facebook_talks_daily,Q2_2025,sum,558.0,9.0,9.0,62
Teni,Facebook_talks_daily,Q3_2025,sum,171.0,9.0,9.0,19
Teni,Instagram_followers_daily,Q1_2025,net_change,64773.0,5622876.0,5687649.0,90
Teni,Instagram_followers_daily,Q1_2026,net_change,50528.0,5810595.0,5861123.0,89
Teni,Instagram_followers_daily,Q2_2025,net_change,-69786.0,5687905.0,5618119.0,89
Teni,Instagram_followers_daily,Q3_2025,net_change,63206.0,5617538.0,5680744.0,60
Teni,Instagram_followers_daily,Q4_2025,net_change,128717.0,5679777.0,5808494.0,82
Teni,Soundcloud_followers_daily,Q1_2025,net_change,13.0,8573.0,8586.0,2
Teni,Soundcloud_followers_daily,Q1_2026,net_change,73.0,9016.0,9089.0,90
Teni,Soundcloud_followers_daily,Q2_2025,net_change,14.0,8803.0,8817.0,9
Teni,Soundcloud_followers_daily,Q3_2025,net_change,0.0,8838.0,8838.0,1
Teni,Soundcloud_followers_daily,Q4_2025,net_change,76.0,8939.0,9015.0,55
Teni,Spotify_followers_daily,Q1_2025,net_change,83268.0,1061961.0,1145229.0,90
Teni,Spotify_followers_daily,Q1_2026,net_change,106845.0,1447113.0,1553958.0,90
Teni,Spotify_followers_daily,Q2_2025,net_change,102556.0,1145828.0,1248384.0,91
Teni,Spotify_followers_daily,Q3_2025,net_change,88352.0,1249410.0,1337762.0,92
Teni,Spotify_followers_daily,Q4_2025,net_change,107740.0,1338216.0,1445956.0,92
Teni,Spotify_monthly_listeners_daily,Q1_2025,net_change,899684.0,849365.0,1749049.0,90
Teni,Spotify_monthly_listeners_daily,Q1_2026,net_change,-294383.0,1766819.0,1472436.0,90
Teni,Spotify_monthly_listeners_daily,Q2_2025,net_change,-569887.0,1738208.0,1168321.0,91
Teni,Spotify_monthly_listeners_daily,Q3_2025,net_change,-71458.0,1157549.0,1086091.0,92
Teni,Spotify_monthly_listeners_daily,Q4_2025,net_change,691136.0,1089130.0,1780266.0,92
Teni,Spotify_popularity_daily,Q1_2025,last_value,59.0,54.0,59.0,87
Teni,Spotify_popularity_daily,Q1_2026,last_value,56.0,58.0,56.0,76
Teni,Spotify_popularity_daily,Q2_2025,last_value,57.0,59.0,57.0,75
Teni,Spotify_popularity_daily,Q3_2025,last_value,56.0,57.0,56.0,84
Teni,Spotify_popularity_daily,Q4_2025,last_value,58.0,56.0,58.0,77
Teni,TikTok_followers_daily,Q1_2025,net_change,1034641.0,1088889.0,2123530.0,90
Teni,TikTok_followers_daily,Q1_2026,net_change,0.0,2300000.0,2300000.0,90
Teni,TikTok_followers_daily,Q2_2025,net_change,1307.0,2125490.0,2126797.0,91
Teni,TikTok_followers_daily,Q3_2025,net_change,59477.0,2127451.0,2186928.0,92
Teni,TikTok_followers_daily,Q4_2025,net_change,112418.0,2187582.0,2300000.0,92
Teni,TikTok_likes_daily,Q1_2025,net_change,15278232.0,8855102.0,24133334.0,90
Teni,TikTok_likes_daily,Q1_2026,net_change,4253208.0,34838460.0,39091668.0,90
Teni,TikTok_likes_daily,Q2_2025,net_change,1527082.0,24166668.0,25693750.0,91
Teni,TikTok_likes_daily,Q3_2025,net_change,1703124.0,25696876.0,27400000.0,92
Teni,TikTok_likes_daily,Q4_2025,net_change,7278850.0,27475000.0,34753850.0,92
Teni,Twitter_followers_daily,Q1_2025,net_change,10398.0,1770372.0,1780770.0,74
Teni,Twitter_followers_daily,Q1_2026,net_change,1672.0,1799149.0,1800821.0,72
Teni,Twitter_followers_daily,Q2_2025,net_change,4582.0,1781142.0,1785724.0,73
Teni,Twitter_followers_daily,Q3_2025,net_change,1957.0,1785716.0,1787673.0,68
Teni,Twitter_followers_daily,Q4_2025,net_change,11574.0,1787624.0,1799198.0,88
Teni,Wikipedia_views_daily,Q1_2025,sum,17942.0,86.0,196.0,90
Teni,Wikipedia_views_daily,Q1_2026,sum,12656.0,123.0,82.0,84
Teni,Wikipedia_views_daily,Q2_2025,sum,13653.0,172.0,76.0,91
Teni,Wikipedia_views_daily,Q3_2025,sum,10079.0,101.0,85.0,92
Teni,Wikipedia_views_daily,Q4_2025,sum,11711.0,67.0,160.0,92
Teni,YouTube_artist_daily_views,Q1_2025,sum,8443124.0,95323.0,121050.0,59
Teni,YouTube_artist_daily_views,Q1_2026,sum,6294643.0,100332.0,79796.0,74
Teni,YouTube_artist_daily_views,Q2_2025,sum,4383199.0,112084.0,79835.0,45
Teni,YouTube_artist_daily_views,Q3_2025,sum,4000882.0,85450.0,101225.0,44
Teni,YouTube_artist_daily_views,Q4_2025,sum,4219911.0,98366.0,120368.0,46
Teni,YouTube_artist_monthly_views,Q1_2025,sum,216972657.0,2431180.0,4485743.0,59
Teni,YouTube_artist_monthly_views,Q1_2026,sum,104834214.0,2827134.0,2239524.0,41
Teni,YouTube_artist_monthly_views,Q2_2025,sum,132859325.0,4422153.0,2519904.0,45
Teni,YouTube_artist_monthly_views,Q3_2025,sum,110883278.0,2508822.0,2482609.0,44
Teni,YouTube_artist_monthly_views,Q4_2025,sum,113917055.0,2502113.0,2807229.0,46
Teni,YouTube_channel_views_daily,Q1_2025,sum,22327544590.0,242872290.0,255580930.0,90
Teni,YouTube_channel_views_daily,Q1_2026,sum,25408670280.0,278828220.0,285487500.0,90
Teni,YouTube_channel_views_daily,Q2_2025,sum,23630954470.0,255667180.0,263642820.0,91
Teni,YouTube_channel_views_daily,Q3_2025,sum,24569574970.0,263695500.0,271227500.0,92
Teni,YouTube_channel_views_daily,Q4_2025,sum,25284834310.0,271306660.0,278741600.0,92
Teni,YouTube_subscribers_daily,Q1_2025,net_change,36857.0,728143.0,765000.0,90
Teni,YouTube_subscribers_daily,Q1_2026,net_change,14000.0,815000.0,829000.0,90
Teni,YouTube_subscribers_daily,Q2_2025,net_change,18567.0,765333.0,783900.0,91
Teni,YouTube_subscribers_daily,Q3_2025,net_change,15625.0,784000.0,799625.0,92
Teni,YouTube_subscribers_daily,Q4_2025,net_change,15107.0,799750.0,814857.0,92
Terri,Facebook_followers_daily,Q1_2025,net_change,-7631.0,534501.0,526870.0,34
Terri,Facebook_followers_daily,Q2_2025,net_change,-4552.0,526690.0,522138.0,14
Terri,Facebook_likes_daily,Q1_2025,net_change,-7631.0,534501.0,526870.0,34
Terri,Facebook_likes_daily,Q2_2025,net_change,-4552.0,526690.0,522138.0,14
Terri,Facebook_talks_daily,Q1_2025,sum,6133.0,184.0,189.0,34
Terri,Facebook_talks_daily,Q2_2025,sum,1772.0,181.0,134.0,14
Terri,Instagram_followers_daily,Q1_2025,net_change,-19389.0,593891.0,574502.0,176
Terri,Instagram_followers_daily,Q1_2026,net_change,-6675.0,536866.0,530191.0,89
Terri,Instagram_followers_daily,Q2_2025,net_change,-17590.0,574405.0,556815.0,178
Terri,Instagram_followers_daily,Q3_2025,net_change,-12402.0,556678.0,544276.0,120
Terri,Instagram_followers_daily,Q4_2025,net_change,-7167.0,544143.0,536976.0,164
Terri,Soundcloud_followers_daily,Q1_2025,net_change,1.0,695.0,696.0,168
Terri,Soundcloud_followers_daily,Q1_2026,net_change,2.0,701.0,703.0,90
Terri,Soundcloud_followers_daily,Q2_2025,net_change,1.0,696.0,697.0,162
Terri,Soundcloud_followers_daily,Q3_2025,net_change,1.0,697.0,698.0,148
Terri,Soundcloud_followers_daily,Q4_2025,net_change,3.0,698.0,701.0,58
Terri,Spotify_followers_daily,Q1_2025,net_change,2139.0,98171.0,100310.0,180
Terri,Spotify_followers_daily,Q1_2026,net_change,2850.0,104628.0,107478.0,90
Terri,Spotify_followers_daily,Q2_2025,net_change,1049.0,100316.0,101365.0,182
Terri,Spotify_followers_daily,Q3_2025,net_change,847.0,101375.0,102222.0,184
Terri,Spotify_followers_daily,Q4_2025,net_change,2360.0,102234.0,104594.0,184
Terri,Spotify_monthly_listeners_daily,Q1_2025,net_change,55.0,108637.0,108692.0,180
Terri,Spotify_monthly_listeners_daily,Q1_2026,net_change,-9608.0,129083.0,119475.0,90
Terri,Spotify_monthly_listeners_daily,Q2_2025,net_change,6637.0,109347.0,115984.0,182
Terri,Spotify_monthly_listeners_daily,Q3_2025,net_change,10113.0,116466.0,126579.0,184
Terri,Spotify_monthly_listeners_daily,Q4_2025,net_change,4201.0,125133.0,129334.0,92
Terri,Spotify_popularity_daily,Q1_2025,last_value,47.0,48.0,47.0,77
Terri,Spotify_popularity_daily,Q1_2026,last_value,45.0,47.0,45.0,80
Terri,Spotify_popularity_daily,Q2_2025,last_value,49.0,47.0,49.0,63
Terri,Spotify_popularity_daily,Q3_2025,last_value,48.0,49.0,48.0,86
Terri,Spotify_popularity_daily,Q4_2025,last_value,47.0,48.0,47.0,78
Terri,TikTok_followers_daily,Q1_2025,net_change,0.0,9.0,9.0,180
Terri,TikTok_followers_daily,Q1_2026,net_change,0.0,8.0,8.0,90
Terri,TikTok_followers_daily,Q2_2025,net_change,-1.0,9.0,8.0,182
Terri,TikTok_followers_daily,Q3_2025,net_change,0.0,8.0,8.0,180
Terri,TikTok_followers_daily,Q4_2025,net_change,0.0,8.0,8.0,178
Terri,TikTok_likes_daily,Q1_2025,net_change,0.0,1.0,1.0,180
Terri,TikTok_likes_daily,Q1_2026,net_change,0.0,1.0,1.0,90
Terri,TikTok_likes_daily,Q2_2025,net_change,0.0,1.0,1.0,182
Terri,TikTok_likes_daily,Q3_2025,net_change,0.0,1.0,1.0,180
Terri,TikTok_likes_daily,Q4_2025,net_change,0.0,1.0,1.0,178
Terri,YouTube_channel_views_daily,Q1_2025,sum,1556235732.0,17178094.0,17403974.0,90
Terri,YouTube_channel_views_daily,Q1_2026,sum,1634210002.0,18079778.0,18246210.0,90
Terri,YouTube_channel_views_daily,Q2_2025,sum,1596514778.0,17407164.0,17661680.0,91
Terri,YouTube_channel_views_daily,Q3_2025,sum,1634937518.0,17663962.0,17885254.0,92
Terri,YouTube_channel_views_daily,Q4_2025,sum,1654795024.0,17887802.0,18077804.0,92
Terri,YouTube_subscribers_daily,Q1_2025,net_change,298.0,86730.0,87028.0,180
Terri,YouTube_subscribers_daily,Q1_2026,net_change,103.0,87997.0,88100.0,90
Terri,YouTube_subscribers_daily,Q2_2025,net_change,377.0,87032.0,87409.0,182
Terri,YouTube_subscribers_daily,Q3_2025,net_change,344.0,87413.0,87757.0,182
Terri,YouTube_subscribers_daily,Q4_2025,net_change,234.0,87761.0,87995.0,184
Terry Apala,Deezer_fans_daily,Q1_2025,net_change,12.0,400.0,412.0,90
Terry Apala,Deezer_fans_daily,Q1_2026,net_change,16.0,457.0,473.0,82
Terry Apala,Deezer_fans_daily,Q2_2025,net_change,16.0,412.0,428.0,89
Terry Apala,Deezer_fans_daily,Q3_2025,net_change,20.0,428.0,448.0,92
Terry Apala,Deezer_fans_daily,Q4_2025,net_change,9.0,448.0,457.0,92
Terry Apala,Instagram_followers_daily,Q1_2026,net_change,0.0,344033.0,344033.0,1
Terry Apala,Instagram_followers_daily,Q2_2025,net_change,0.0,336593.0,336593.0,2
Terry Apala,Instagram_followers_daily,Q3_2025,net_change,0.0,340622.0,340622.0,2
Terry Apala,Instagram_followers_daily,Q4_2025,net_change,-4975.0,339565.0,334590.0,4
Terry Apala,Soundcloud_followers_daily,Q1_2026,net_change,17.0,762.0,779.0,90
Terry Apala,Soundcloud_followers_daily,Q2_2025,net_change,1.0,738.0,739.0,40
Terry Apala,Soundcloud_followers_daily,Q3_2025,net_change,10.0,739.0,749.0,12
Terry Apala,Soundcloud_followers_daily,Q4_2025,net_change,12.0,750.0,762.0,56
Terry Apala,Spotify_followers_daily,Q1_2025,net_change,6543.0,77787.0,84330.0,180
Terry Apala,Spotify_followers_daily,Q1_2026,net_change,14747.0,109002.0,123749.0,90
Terry Apala,Spotify_followers_daily,Q2_2025,net_change,5657.0,84404.0,90061.0,182
Terry Apala,Spotify_followers_daily,Q3_2025,net_change,5731.0,90111.0,95842.0,184
Terry Apala,Spotify_followers_daily,Q4_2025,net_change,12963.0,95928.0,108891.0,184
Terry Apala,Spotify_monthly_listeners_daily,Q1_2025,net_change,-8114.0,193691.0,185577.0,180
Terry Apala,Spotify_monthly_listeners_daily,Q1_2026,net_change,509822.0,218607.0,728429.0,90
Terry Apala,Spotify_monthly_listeners_daily,Q2_2025,net_change,20159.0,186600.0,206759.0,91
Terry Apala,Spotify_monthly_listeners_daily,Q3_2025,net_change,21372.0,209428.0,230800.0,184
Terry Apala,Spotify_monthly_listeners_daily,Q4_2025,net_change,-15229.0,232366.0,217137.0,184
Terry Apala,Spotify_popularity_daily,Q1_2025,last_value,48.0,50.0,48.0,70
Terry Apala,Spotify_popularity_daily,Q1_2026,last_value,52.0,49.0,52.0,49
Terry Apala,Spotify_popularity_daily,Q2_2025,last_value,49.0,49.0,49.0,63
Terry Apala,Spotify_popularity_daily,Q3_2025,last_value,50.0,49.0,50.0,71
Terry Apala,Spotify_popularity_daily,Q4_2025,last_value,48.0,50.0,48.0,77
Terry Apala,TikTok_followers_daily,Q1_2025,net_change,12519.0,36000.0,48519.0,180
Terry Apala,TikTok_followers_daily,Q1_2026,net_change,6109.0,54591.0,60700.0,90
Terry Apala,TikTok_followers_daily,Q2_2025,net_change,-323.0,48523.0,48200.0,182
Terry Apala,TikTok_followers_daily,Q3_2025,net_change,2047.0,48186.0,50233.0,184
Terry Apala,TikTok_followers_daily,Q4_2025,net_change,4288.0,50298.0,54586.0,184
Terry Apala,TikTok_likes_daily,Q1_2025,net_change,57600.0,295200.0,352800.0,180
Terry Apala,TikTok_likes_daily,Q1_2026,net_change,268164.0,415236.0,683400.0,90
Terry Apala,TikTok_likes_daily,Q2_2025,net_change,14775.0,352925.0,367700.0,91
Terry Apala,TikTok_likes_daily,Q3_2025,net_change,22718.0,367720.0,390438.0,184
Terry Apala,TikTok_likes_daily,Q4_2025,net_change,24058.0,390733.0,414791.0,184
Terry Apala,Wikipedia_views_daily,Q1_2025,sum,9852.0,126.0,43.0,180
Terry Apala,Wikipedia_views_daily,Q1_2026,sum,3346.0,30.0,34.0,84
Terry Apala,Wikipedia_views_daily,Q2_2025,sum,8610.0,60.0,21.0,182
Terry Apala,Wikipedia_views_daily,Q3_2025,sum,6262.0,18.0,30.0,184
Terry Apala,Wikipedia_views_daily,Q4_2025,sum,5770.0,18.0,19.0,184
Terry Apala,YouTube_channel_views_daily,Q1_2025,sum,155070692.0,1705938.0,1738443.0,90
Terry Apala,YouTube_channel_views_daily,Q1_2026,sum,168274985.0,1848378.0,1889776.0,90
Terry Apala,YouTube_channel_views_daily,Q2_2025,sum,159685557.0,1738954.0,1771100.0,91
Terry Apala,YouTube_channel_views_daily,Q3_2025,sum,164587613.0,1771416.0,1807313.0,92
Terry Apala,YouTube_channel_views_daily,Q4_2025,sum,168297883.0,1807818.0,1847942.0,92
Terry Apala,YouTube_subscribers_daily,Q1_2025,net_change,123.0,6345.0,6468.0,180
Terry Apala,YouTube_subscribers_daily,Q1_2026,net_change,-4.0,6444.0,6440.0,90
Terry Apala,YouTube_subscribers_daily,Q2_2025,net_change,0.0,6469.0,6469.0,182
Terry Apala,YouTube_subscribers_daily,Q3_2025,net_change,-13.0,6469.0,6456.0,184
Terry Apala,YouTube_subscribers_daily,Q4_2025,net_change,-11.0,6456.0,6445.0,184
Timaya,Bandsintown_followers_daily,Q1_2025,net_change,330.0,15195.0,15525.0,89
Timaya,Bandsintown_followers_daily,Q2_2025,net_change,536.0,15555.0,16091.0,29
Timaya,Bandsintown_followers_daily,Q3_2025,net_change,16684.0,0.0,16684.0,26
Timaya,Bandsintown_followers_daily,Q4_2025,net_change,-16709.0,16709.0,0.0,14
Timaya,Deezer_fans_daily,Q1_2026,net_change,0.0,84.0,84.0,90
Timaya,Deezer_fans_daily,Q4_2025,net_change,0.0,84.0,84.0,83
Timaya,Facebook_followers_daily,Q1_2025,net_change,62073.0,3115978.0,3178051.0,56
Timaya,Facebook_followers_daily,Q1_2026,net_change,0.0,3100000.0,3100000.0,11
Timaya,Facebook_followers_daily,Q2_2025,net_change,-14028.0,3177514.0,3163486.0,14
Timaya,Facebook_followers_daily,Q3_2025,net_change,0.0,3000000.0,3000000.0,1
Timaya,Facebook_followers_daily,Q4_2025,net_change,0.0,3100000.0,3100000.0,17
Timaya,Facebook_likes_daily,Q1_2025,net_change,62073.0,3115978.0,3178051.0,56
Timaya,Facebook_likes_daily,Q1_2026,net_change,3130251.0,0.0,3130251.0,11
Timaya,Facebook_likes_daily,Q2_2025,net_change,-14028.0,3177514.0,3163486.0,14
Timaya,Facebook_likes_daily,Q3_2025,net_change,0.0,0.0,0.0,1
Timaya,Facebook_likes_daily,Q4_2025,net_change,0.0,0.0,0.0,17
Timaya,Facebook_talks_daily,Q1_2025,sum,2615312.0,34307.0,9366.0,56
Timaya,Facebook_talks_daily,Q1_2026,sum,327230.0,17591.0,33987.0,11
Timaya,Facebook_talks_daily,Q2_2025,sum,144332.0,5827.0,17866.0,14
Timaya,Facebook_talks_daily,Q3_2025,sum,104637.0,104637.0,104637.0,1
Timaya,Facebook_talks_daily,Q4_2025,sum,925100.0,77564.0,22399.0,17
Timaya,Instagram_followers_daily,Q1_2025,net_change,29857.0,2508743.0,2538600.0,32
Timaya,Instagram_followers_daily,Q1_2026,net_change,18119.0,2583928.0,2602047.0,89
Timaya,Instagram_followers_daily,Q2_2025,net_change,-22490.0,2538920.0,2516430.0,48
Timaya,Instagram_followers_daily,Q3_2025,net_change,16267.0,2517125.0,2533392.0,60
Timaya,Instagram_followers_daily,Q4_2025,net_change,50319.0,2532959.0,2583278.0,81
Timaya,Soundcloud_followers_daily,Q1_2025,net_change,-4.0,35299.0,35295.0,12
Timaya,Soundcloud_followers_daily,Q1_2026,net_change,-16.0,35190.0,35174.0,90
Timaya,Soundcloud_followers_daily,Q2_2025,net_change,-29.0,35296.0,35267.0,91
Timaya,Soundcloud_followers_daily,Q3_2025,net_change,-34.0,35266.0,35232.0,92
Timaya,Soundcloud_followers_daily,Q4_2025,net_change,-39.0,35231.0,35192.0,79
Timaya,Spotify_followers_daily,Q1_2025,net_change,69577.0,861898.0,931475.0,90
Timaya,Spotify_followers_daily,Q1_2026,net_change,59031.0,1141478.0,1200509.0,90
Timaya,Spotify_followers_daily,Q2_2025,net_change,68225.0,932145.0,1000370.0,91
Timaya,Spotify_followers_daily,Q3_2025,net_change,59009.0,1001054.0,1060063.0,92
Timaya,Spotify_followers_daily,Q4_2025,net_change,79723.0,1060787.0,1140510.0,92
Timaya,Spotify_monthly_listeners_daily,Q1_2025,net_change,-108584.0,968196.0,859612.0,90
Timaya,Spotify_monthly_listeners_daily,Q1_2026,net_change,-35967.0,1007758.0,971791.0,90
Timaya,Spotify_monthly_listeners_daily,Q2_2025,net_change,78150.0,858644.0,936794.0,91
Timaya,Spotify_monthly_listeners_daily,Q3_2025,net_change,-52028.0,935641.0,883613.0,92
Timaya,Spotify_monthly_listeners_daily,Q4_2025,net_change,122241.0,883358.0,1005599.0,92
Timaya,Spotify_popularity_daily,Q1_2025,last_value,54.0,56.0,54.0,85
Timaya,Spotify_popularity_daily,Q1_2026,last_value,53.0,55.0,53.0,72
Timaya,Spotify_popularity_daily,Q2_2025,last_value,56.0,54.0,56.0,64
Timaya,Spotify_popularity_daily,Q3_2025,last_value,56.0,56.0,56.0,77
Timaya,Spotify_popularity_daily,Q4_2025,last_value,55.0,56.0,55.0,76
Timaya,TikTok_followers_daily,Q1_2025,net_change,38371.0,456400.0,494771.0,90
Timaya,TikTok_followers_daily,Q1_2026,net_change,7950.0,524750.0,532700.0,90
Timaya,TikTok_followers_daily,Q2_2025,net_change,8643.0,494757.0,503400.0,91
Timaya,TikTok_followers_daily,Q3_2025,net_change,14960.0,503500.0,518460.0,92
Timaya,TikTok_followers_daily,Q4_2025,net_change,5885.0,518840.0,524725.0,92
Timaya,TikTok_likes_daily,Q1_2025,net_change,307921.0,2300000.0,2607921.0,90
Timaya,TikTok_likes_daily,Q1_2026,net_change,60584.0,2939416.0,3000000.0,90
Timaya,TikTok_likes_daily,Q2_2025,net_change,89109.0,2608911.0,2698020.0,91
Timaya,TikTok_likes_daily,Q3_2025,net_change,140990.0,2699010.0,2840000.0,92
Timaya,TikTok_likes_daily,Q4_2025,net_change,97147.0,2841539.0,2938686.0,92
Timaya,Twitter_followers_daily,Q1_2026,net_change,-107.0,2938789.0,2938682.0,6
Timaya,Wikipedia_views_daily,Q1_2025,sum,16379.0,282.0,132.0,90
Timaya,Wikipedia_views_daily,Q1_2026,sum,7101.0,136.0,81.0,84
Timaya,Wikipedia_views_daily,Q2_2025,sum,10420.0,111.0,118.0,91
Timaya,Wikipedia_views_daily,Q3_2025,sum,9735.0,75.0,92.0,92
Timaya,Wikipedia_views_daily,Q4_2025,sum,8500.0,77.0,119.0,92
Timaya,YouTube_artist_daily_views,Q1_2025,sum,9460634.0,205220.0,158798.0,60
Timaya,YouTube_artist_daily_views,Q1_2026,sum,10707037.0,171869.0,146628.0,74
Timaya,YouTube_artist_daily_views,Q2_2025,sum,7486478.0,147442.0,157408.0,45
Timaya,YouTube_artist_daily_views,Q3_2025,sum,7538212.0,170668.0,150219.0,44
Timaya,YouTube_artist_daily_views,Q4_2025,sum,7710049.0,160771.0,248934.0,46
Timaya,YouTube_artist_monthly_views,Q1_2025,sum,273596811.0,5205139.0,4103785.0,60
Timaya,YouTube_artist_monthly_views,Q1_2026,sum,175018592.0,4873541.0,3994799.0,41
Timaya,YouTube_artist_monthly_views,Q2_2025,sum,205020432.0,4142068.0,4968395.0,45
Timaya,YouTube_artist_monthly_views,Q3_2025,sum,210979587.0,4972562.0,4707475.0,44
Timaya,YouTube_artist_monthly_views,Q4_2025,sum,211628239.0,4692238.0,4821618.0,46
Timaya,YouTube_channel_views_daily,Q1_2025,sum,1323168654.0,14781474.0,14517421.0,90
Timaya,YouTube_channel_views_daily,Q1_2026,sum,1347237333.0,14893049.0,15030529.0,90
Timaya,YouTube_channel_views_daily,Q2_2025,sum,1330398503.0,14517698.0,14678238.0,91
Timaya,YouTube_channel_views_daily,Q3_2025,sum,1356799327.0,14679277.0,14794991.0,92
Timaya,YouTube_channel_views_daily,Q4_2025,sum,1365244523.0,14795720.0,14890705.0,92
Timaya,YouTube_subscribers_daily,Q1_2025,net_change,-244.0,116945.0,116701.0,90
Timaya,YouTube_subscribers_daily,Q1_2026,net_change,0.0,116000.0,116000.0,90
Timaya,YouTube_subscribers_daily,Q2_2025,net_change,-247.0,116699.0,116452.0,91
Timaya,YouTube_subscribers_daily,Q3_2025,net_change,-249.0,116449.0,116200.0,92
Timaya,YouTube_subscribers_daily,Q4_2025,net_change,-197.0,116197.0,116000.0,92
Tiwa Savage,Bandsintown_followers_daily,Q1_2025,net_change,1357.0,32374.0,33731.0,87
Tiwa Savage,Bandsintown_followers_daily,Q2_2025,net_change,2196.0,33847.0,36043.0,28
Tiwa Savage,Bandsintown_followers_daily,Q3_2025,net_change,2200.0,36185.0,38385.0,26
Tiwa Savage,Bandsintown_followers_daily,Q4_2025,net_change,1422.0,38457.0,39879.0,13
Tiwa Savage,Deezer_fans_daily,Q1_2025,net_change,0.0,2702.0,2702.0,1
Tiwa Savage,Deezer_fans_daily,Q1_2026,net_change,0.0,2702.0,2702.0,90
Tiwa Savage,Deezer_fans_daily,Q4_2025,net_change,0.0,2702.0,2702.0,83
Tiwa Savage,Facebook_followers_daily,Q1_2025,net_change,22899.0,7435868.0,7458767.0,57
Tiwa Savage,Facebook_followers_daily,Q1_2026,net_change,-100000.0,7300000.0,7200000.0,45
Tiwa Savage,Facebook_followers_daily,Q2_2025,net_change,-58327.0,7458327.0,7400000.0,16
Tiwa Savage,Facebook_followers_daily,Q3_2025,net_change,-100000.0,7400000.0,7300000.0,6
Tiwa Savage,Facebook_followers_daily,Q4_2025,net_change,0.0,7300000.0,7300000.0,47
Tiwa Savage,Facebook_likes_daily,Q1_2025,net_change,22899.0,7435868.0,7458767.0,57
Tiwa Savage,Facebook_likes_daily,Q1_2026,net_change,7239890.0,0.0,7239890.0,45
Tiwa Savage,Facebook_likes_daily,Q2_2025,net_change,6655.0,7458327.0,7464982.0,16
Tiwa Savage,Facebook_likes_daily,Q3_2025,net_change,-7464982.0,7464982.0,0.0,6
Tiwa Savage,Facebook_likes_daily,Q4_2025,net_change,0.0,0.0,0.0,47
Tiwa Savage,Facebook_talks_daily,Q1_2025,sum,2492512.0,101533.0,7623.0,57
Tiwa Savage,Facebook_talks_daily,Q1_2026,sum,410733.0,25445.0,2883.0,45
Tiwa Savage,Facebook_talks_daily,Q2_2025,sum,768517.0,6796.0,142665.0,16
Tiwa Savage,Facebook_talks_daily,Q3_2025,sum,589063.0,142665.0,145120.0,6
Tiwa Savage,Facebook_talks_daily,Q4_2025,sum,1943345.0,40125.0,20269.0,47
Tiwa Savage,Instagram_followers_daily,Q1_2025,net_change,58760.0,18706735.0,18765495.0,88
Tiwa Savage,Instagram_followers_daily,Q1_2026,net_change,788.0,19675727.0,19676515.0,89
Tiwa Savage,Instagram_followers_daily,Q2_2025,net_change,443413.0,18767581.0,19210994.0,89
Tiwa Savage,Instagram_followers_daily,Q3_2025,net_change,344617.0,19215676.0,19560293.0,60
Tiwa Savage,Instagram_followers_daily,Q4_2025,net_change,112015.0,19562641.0,19674656.0,80
Tiwa Savage,Soundcloud_followers_daily,Q1_2025,net_change,451.0,17720.0,18171.0,80
Tiwa Savage,Soundcloud_followers_daily,Q1_2026,net_change,361.0,19832.0,20193.0,90
Tiwa Savage,Soundcloud_followers_daily,Q2_2025,net_change,591.0,18178.0,18769.0,81
Tiwa Savage,Soundcloud_followers_daily,Q3_2025,net_change,613.0,18779.0,19392.0,89
Tiwa Savage,Soundcloud_followers_daily,Q4_2025,net_change,423.0,19401.0,19824.0,85
Tiwa Savage,Spotify_followers_daily,Q1_2025,net_change,239233.0,2182981.0,2422214.0,90
Tiwa Savage,Spotify_followers_daily,Q1_2026,net_change,237507.0,3170453.0,3407960.0,90
Tiwa Savage,Spotify_followers_daily,Q2_2025,net_change,206349.0,2424751.0,2631100.0,91
Tiwa Savage,Spotify_followers_daily,Q3_2025,net_change,196846.0,2632595.0,2829441.0,92
Tiwa Savage,Spotify_followers_daily,Q4_2025,net_change,333679.0,2832417.0,3166096.0,92
Tiwa Savage,Spotify_monthly_listeners_daily,Q1_2025,net_change,-216134.0,3063106.0,2846972.0,90
Tiwa Savage,Spotify_monthly_listeners_daily,Q1_2026,net_change,-506065.0,2877868.0,2371803.0,90
Tiwa Savage,Spotify_monthly_listeners_daily,Q2_2025,net_change,80305.0,2849135.0,2929440.0,91
Tiwa Savage,Spotify_monthly_listeners_daily,Q3_2025,net_change,-89261.0,2936800.0,2847539.0,92
Tiwa Savage,Spotify_monthly_listeners_daily,Q4_2025,net_change,27454.0,2826211.0,2853665.0,92
Tiwa Savage,Spotify_popularity_daily,Q1_2025,last_value,63.0,66.0,63.0,71
Tiwa Savage,Spotify_popularity_daily,Q1_2026,last_value,60.0,63.0,60.0,77
Tiwa Savage,Spotify_popularity_daily,Q2_2025,last_value,65.0,63.0,65.0,47
Tiwa Savage,Spotify_popularity_daily,Q3_2025,last_value,65.0,65.0,65.0,89
Tiwa Savage,Spotify_popularity_daily,Q4_2025,last_value,62.0,65.0,62.0,78
Tiwa Savage,TikTok_followers_daily,Q1_2025,net_change,-6885.0,3427473.0,3420588.0,90
Tiwa Savage,TikTok_followers_daily,Q1_2026,net_change,0.0,3800000.0,3800000.0,90
Tiwa Savage,TikTok_followers_daily,Q2_2025,net_change,226471.0,3423529.0,3650000.0,91
Tiwa Savage,TikTok_followers_daily,Q3_2025,net_change,117699.0,3651220.0,3768919.0,92
Tiwa Savage,TikTok_followers_daily,Q4_2025,net_change,29730.0,3770270.0,3800000.0,89
Tiwa Savage,TikTok_likes_daily,Q1_2025,net_change,530000.0,15907143.0,16437143.0,90
Tiwa Savage,TikTok_likes_daily,Q1_2026,net_change,272728.0,22327272.0,22600000.0,90
Tiwa Savage,TikTok_likes_daily,Q2_2025,net_change,2502856.0,16440000.0,18942856.0,91
Tiwa Savage,TikTok_likes_daily,Q3_2025,net_change,2278572.0,18950000.0,21228572.0,91
Tiwa Savage,TikTok_likes_daily,Q4_2025,net_change,1075324.0,21242858.0,22318182.0,92
Tiwa Savage,Twitter_followers_daily,Q1_2025,net_change,16093.0,6237940.0,6254033.0,73
Tiwa Savage,Twitter_followers_daily,Q1_2026,net_change,-453.0,6164332.0,6163879.0,7
Tiwa Savage,Twitter_followers_daily,Q2_2025,net_change,24295.0,6254728.0,6279023.0,72
Tiwa Savage,Twitter_followers_daily,Q3_2025,net_change,11205.0,6279115.0,6290320.0,66
Tiwa Savage,Twitter_followers_daily,Q4_2025,net_change,-1495.0,6290009.0,6288514.0,10
Tiwa Savage,Wikipedia_views_daily,Q1_2025,sum,45489.0,575.0,478.0,90
Tiwa Savage,Wikipedia_views_daily,Q1_2026,sum,55540.0,974.0,373.0,84
Tiwa Savage,Wikipedia_views_daily,Q2_2025,sum,59337.0,419.0,473.0,91
Tiwa Savage,Wikipedia_views_daily,Q3_2025,sum,61550.0,429.0,605.0,92
Tiwa Savage,Wikipedia_views_daily,Q4_2025,sum,57627.0,780.0,1210.0,92
Tiwa Savage,YouTube_artist_daily_views,Q1_2025,sum,37301091.0,769208.0,562124.0,73
Tiwa Savage,YouTube_artist_daily_views,Q1_2026,sum,31556501.0,669398.0,400047.0,75
Tiwa Savage,YouTube_artist_daily_views,Q2_2025,sum,22949894.0,492312.0,416610.0,45
Tiwa Savage,YouTube_artist_daily_views,Q3_2025,sum,21964990.0,436920.0,390146.0,45
Tiwa Savage,YouTube_artist_daily_views,Q4_2025,sum,19372813.0,392374.0,579431.0,45
Tiwa Savage,YouTube_artist_monthly_views,Q1_2025,sum,1115108594.0,18803496.0,12843914.0,73
Tiwa Savage,YouTube_artist_monthly_views,Q1_2026,sum,508810437.0,13481422.0,11864779.0,42
Tiwa Savage,YouTube_artist_monthly_views,Q2_2025,sum,632242526.0,13079342.0,15144917.0,45
Tiwa Savage,YouTube_artist_monthly_views,Q3_2025,sum,624497823.0,14988601.0,13145154.0,45
Tiwa Savage,YouTube_artist_monthly_views,Q4_2025,sum,531623067.0,12787217.0,12770305.0,45
Tiwa Savage,YouTube_channel_views_daily,Q1_2025,sum,50679655340.0,553848600.0,572616640.0,90
Tiwa Savage,YouTube_channel_views_daily,Q1_2026,sum,55049269960.0,618869500.0,613340500.0,90
Tiwa Savage,YouTube_channel_views_daily,Q2_2025,sum,52791559630.0,572804740.0,589252600.0,91
Tiwa Savage,YouTube_channel_views_daily,Q3_2025,sum,54869291620.0,589703230.0,603889900.0,92
Tiwa Savage,YouTube_channel_views_daily,Q4_2025,sum,56265940290.0,604074900.0,618711500.0,92
Tiwa Savage,YouTube_subscribers_daily,Q1_2025,net_change,21811.0,1461667.0,1483478.0,90
Tiwa Savage,YouTube_subscribers_daily,Q1_2026,net_change,10208.0,1569792.0,1580000.0,90
Tiwa Savage,YouTube_subscribers_daily,Q2_2025,net_change,33804.0,1483696.0,1517500.0,91
Tiwa Savage,YouTube_subscribers_daily,Q3_2025,net_change,29651.0,1517917.0,1547568.0,92
Tiwa Savage,YouTube_subscribers_daily,Q4_2025,net_change,21745.0,1547838.0,1569583.0,92
Vector,Bandsintown_followers_daily,Q1_2025,net_change,224.0,381.0,605.0,178
Vector,Bandsintown_followers_daily,Q2_2025,net_change,-608.0,608.0,0.0,58
Vector,Bandsintown_followers_daily,Q3_2025,net_change,848.0,0.0,848.0,52
Vector,Bandsintown_followers_daily,Q4_2025,net_change,19.0,851.0,870.0,28
Vector,Deezer_fans_daily,Q1_2026,net_change,0.0,1.0,1.0,90
Vector,Deezer_fans_daily,Q2_2025,net_change,0.0,1.0,1.0,1
Vector,Deezer_fans_daily,Q4_2025,net_change,0.0,1.0,1.0,83
Vector,Facebook_followers_daily,Q1_2025,net_change,-2187.0,122733.0,120546.0,51
Vector,Facebook_followers_daily,Q1_2026,net_change,-2000.0,109000.0,107000.0,8
Vector,Facebook_followers_daily,Q2_2025,net_change,-748.0,120511.0,119763.0,14
Vector,Facebook_followers_daily,Q3_2025,net_change,0.0,113000.0,113000.0,1
Vector,Facebook_likes_daily,Q1_2025,net_change,-2187.0,122733.0,120546.0,51
Vector,Facebook_likes_daily,Q1_2026,net_change,107529.0,0.0,107529.0,8
Vector,Facebook_likes_daily,Q2_2025,net_change,-748.0,120511.0,119763.0,14
Vector,Facebook_likes_daily,Q3_2025,net_change,0.0,0.0,0.0,1
Vector,Facebook_talks_daily,Q1_2025,sum,2198.0,62.0,30.0,51
Vector,Facebook_talks_daily,Q1_2026,sum,395.0,65.0,34.0,8
Vector,Facebook_talks_daily,Q2_2025,sum,465.0,39.0,40.0,14
Vector,Facebook_talks_daily,Q3_2025,sum,42.0,42.0,42.0,1
Vector,Instagram_followers_daily,Q1_2025,net_change,-23249.0,1386657.0,1363408.0,178
Vector,Instagram_followers_daily,Q1_2026,net_change,-5442.0,1333228.0,1327786.0,89
Vector,Instagram_followers_daily,Q2_2025,net_change,-13018.0,1363324.0,1350306.0,176
Vector,Instagram_followers_daily,Q3_2025,net_change,-13725.0,1350151.0,1336426.0,120
Vector,Instagram_followers_daily,Q4_2025,net_change,-2995.0,1336286.0,1333291.0,160
Vector,Soundcloud_followers_daily,Q1_2025,net_change,1.0,2764.0,2765.0,150
Vector,Soundcloud_followers_daily,Q1_2026,net_change,9.0,2784.0,2793.0,88
Vector,Soundcloud_followers_daily,Q2_2025,net_change,2.0,2765.0,2767.0,96
Vector,Soundcloud_followers_daily,Q4_2025,net_change,3.0,2781.0,2784.0,50
Vector,Spotify_followers_daily,Q1_2025,net_change,20477.0,219637.0,240114.0,180
Vector,Spotify_followers_daily,Q1_2026,net_change,29386.0,325158.0,354544.0,90
Vector,Spotify_followers_daily,Q2_2025,net_change,25628.0,240201.0,265829.0,182
Vector,Spotify_followers_daily,Q3_2025,net_change,24200.0,266060.0,290260.0,184
Vector,Spotify_followers_daily,Q4_2025,net_change,34331.0,290443.0,324774.0,184
Vector,Spotify_monthly_listeners_daily,Q1_2025,net_change,-15071.0,339262.0,324191.0,180
Vector,Spotify_monthly_listeners_daily,Q1_2026,net_change,16213.0,735988.0,752201.0,90
Vector,Spotify_monthly_listeners_daily,Q2_2025,net_change,290365.0,326401.0,616766.0,182
Vector,Spotify_monthly_listeners_daily,Q3_2025,net_change,98625.0,625279.0,723904.0,184
Vector,Spotify_monthly_listeners_daily,Q4_2025,net_change,13764.0,722981.0,736745.0,184
Vector,Spotify_popularity_daily,Q1_2025,last_value,44.0,46.0,44.0,82
Vector,Spotify_popularity_daily,Q1_2026,last_value,49.0,49.0,49.0,59
Vector,Spotify_popularity_daily,Q2_2025,last_value,50.0,44.0,50.0,67
Vector,Spotify_popularity_daily,Q3_2025,last_value,51.0,50.0,51.0,87
Vector,Spotify_popularity_daily,Q4_2025,last_value,49.0,51.0,49.0,78
Vector,TikTok_followers_daily,Q1_2025,net_change,2742.0,22025.0,24767.0,180
Vector,TikTok_followers_daily,Q1_2026,net_change,949.0,31391.0,32340.0,90
Vector,TikTok_followers_daily,Q2_2025,net_change,2067.0,24783.0,26850.0,182
Vector,TikTok_followers_daily,Q3_2025,net_change,3638.0,26900.0,30538.0,184
Vector,TikTok_followers_daily,Q4_2025,net_change,828.0,30554.0,31382.0,184
Vector,TikTok_likes_daily,Q1_2025,net_change,49320.0,25520.0,74840.0,180
Vector,TikTok_likes_daily,Q1_2026,net_change,-10751.0,247691.0,236940.0,90
Vector,TikTok_likes_daily,Q2_2025,net_change,4020.0,74780.0,78800.0,182
Vector,TikTok_likes_daily,Q3_2025,net_change,162546.0,83400.0,245946.0,184
Vector,TikTok_likes_daily,Q4_2025,net_change,1697.0,245985.0,247682.0,184
Vector,Twitter_followers_daily,Q1_2025,net_change,-22.0,448491.0,448469.0,150
Vector,Twitter_followers_daily,Q1_2026,net_change,464.0,447380.0,447844.0,80
Vector,Twitter_followers_daily,Q2_2025,net_change,946.0,448685.0,449631.0,146
Vector,Twitter_followers_daily,Q3_2025,net_change,-61.0,449637.0,449576.0,138
Vector,Twitter_followers_daily,Q4_2025,net_change,-2164.0,449557.0,447393.0,182
Vector,YouTube_channel_views_daily,Q1_2025,sum,2064107910.0,22081930.0,23614248.0,90
Vector,YouTube_channel_views_daily,Q1_2026,sum,2419894270.0,26454262.0,27265554.0,90
Vector,YouTube_channel_views_daily,Q2_2025,sum,2188815928.0,23622350.0,24472772.0,91
Vector,YouTube_channel_views_daily,Q3_2025,sum,2300655866.0,24483856.0,25577872.0,92
Vector,YouTube_channel_views_daily,Q4_2025,sum,2394916880.0,25590608.0,26443538.0,92
Vector,YouTube_subscribers_daily,Q1_2025,net_change,1132.0,70082.0,71214.0,180
Vector,YouTube_subscribers_daily,Q1_2026,net_change,431.0,74169.0,74600.0,90
Vector,YouTube_subscribers_daily,Q2_2025,net_change,996.0,71229.0,72225.0,182
Vector,YouTube_subscribers_daily,Q3_2025,net_change,1094.0,72250.0,73344.0,184
Vector,YouTube_subscribers_daily,Q4_2025,net_change,807.0,73356.0,74163.0,184
Victony,Bandsintown_followers_daily,Q1_2025,net_change,1922.0,7699.0,9621.0,90
Victony,Bandsintown_followers_daily,Q2_2025,net_change,3419.0,9621.0,13040.0,31
Victony,Bandsintown_followers_daily,Q3_2025,net_change,3517.0,13182.0,16699.0,31
Victony,Bandsintown_followers_daily,Q4_2025,net_change,2020.0,16789.0,18809.0,16
Victony,Deezer_fans_daily,Q1_2025,net_change,4820.0,52815.0,57635.0,80
Victony,Deezer_fans_daily,Q1_2026,net_change,2033.0,68047.0,70080.0,90
Victony,Deezer_fans_daily,Q2_2025,net_change,3779.0,57672.0,61451.0,88
Victony,Deezer_fans_daily,Q3_2025,net_change,3654.0,61488.0,65142.0,92
Victony,Deezer_fans_daily,Q4_2025,net_change,2842.0,65183.0,68025.0,92
Victony,Facebook_followers_daily,Q2_2025,net_change,0.0,192000.0,192000.0,62
Victony,Facebook_followers_daily,Q3_2025,net_change,0.0,192000.0,192000.0,19
Victony,Facebook_likes_daily,Q2_2025,net_change,0.0,192714.0,192714.0,62
Victony,Facebook_likes_daily,Q3_2025,net_change,0.0,192714.0,192714.0,19
Victony,Facebook_talks_daily,Q2_2025,sum,30628.0,494.0,494.0,62
Victony,Facebook_talks_daily,Q3_2025,sum,9386.0,494.0,494.0,19
Victony,Instagram_followers_daily,Q1_2025,net_change,4825.0,1396960.0,1401785.0,89
Victony,Instagram_followers_daily,Q1_2026,net_change,-15398.0,1398494.0,1383096.0,89
Victony,Instagram_followers_daily,Q2_2025,net_change,-10272.0,1402118.0,1391846.0,89
Victony,Instagram_followers_daily,Q3_2025,net_change,4387.0,1391508.0,1395895.0,60
Victony,Instagram_followers_daily,Q4_2025,net_change,2518.0,1395873.0,1398391.0,82
Victony,Soundcloud_followers_daily,Q1_2025,net_change,759.0,11821.0,12580.0,50
Victony,Soundcloud_followers_daily,Q1_2026,net_change,457.0,14499.0,14956.0,90
Victony,Soundcloud_followers_daily,Q2_2025,net_change,715.0,12592.0,13307.0,69
Victony,Soundcloud_followers_daily,Q3_2025,net_change,601.0,13319.0,13920.0,81
Victony,Soundcloud_followers_daily,Q4_2025,net_change,560.0,13934.0,14494.0,84
Victony,Spotify_followers_daily,Q1_2025,net_change,190202.0,1416044.0,1606246.0,90
Victony,Spotify_followers_daily,Q1_2026,net_change,197864.0,2218497.0,2416361.0,90
Victony,Spotify_followers_daily,Q2_2025,net_change,172677.0,1608083.0,1780760.0,91
Victony,Spotify_followers_daily,Q3_2025,net_change,177545.0,1782419.0,1959964.0,92
Victony,Spotify_followers_daily,Q4_2025,net_change,253621.0,1961828.0,2215449.0,92
Victony,Spotify_monthly_listeners_daily,Q1_2025,net_change,-265226.0,6487687.0,6222461.0,90
Victony,Spotify_monthly_listeners_daily,Q1_2026,net_change,-39823.0,5416004.0,5376181.0,90
Victony,Spotify_monthly_listeners_daily,Q2_2025,net_change,-802551.0,6237992.0,5435441.0,91
Victony,Spotify_monthly_listeners_daily,Q3_2025,net_change,-490929.0,5444410.0,4953481.0,92
Victony,Spotify_monthly_listeners_daily,Q4_2025,net_change,452138.0,4959724.0,5411862.0,92
Victony,Spotify_popularity_daily,Q1_2025,last_value,70.0,71.0,70.0,82
Victony,Spotify_popularity_daily,Q1_2026,last_value,66.0,69.0,66.0,74
Victony,Spotify_popularity_daily,Q2_2025,last_value,70.0,71.0,70.0,58
Victony,Spotify_popularity_daily,Q3_2025,last_value,70.0,70.0,70.0,86
Victony,Spotify_popularity_daily,Q4_2025,last_value,69.0,70.0,69.0,80
Victony,TikTok_followers_daily,Q1_2025,net_change,88150.0,864450.0,952600.0,90
Victony,TikTok_followers_daily,Q1_2026,net_change,8900.0,983100.0,992000.0,90
Victony,TikTok_followers_daily,Q2_2025,net_change,18200.0,953100.0,971300.0,91
Victony,TikTok_followers_daily,Q3_2025,net_change,5920.0,972000.0,977920.0,92
Victony,TikTok_followers_daily,Q4_2025,net_change,5270.0,977880.0,983150.0,92
Victony,TikTok_likes_daily,Q1_2025,net_change,1641538.0,9720000.0,11361538.0,90
Victony,TikTok_likes_daily,Q1_2026,net_change,-516667.0,14450000.0,13933333.0,90
Victony,TikTok_likes_daily,Q2_2025,net_change,1130770.0,11369230.0,12500000.0,91
Victony,TikTok_likes_daily,Q3_2025,net_change,1194047.0,12525000.0,13719047.0,92
Victony,TikTok_likes_daily,Q4_2025,net_change,751190.0,13723810.0,14475000.0,92
Victony,Twitter_followers_daily,Q1_2025,net_change,14823.0,717345.0,732168.0,74
Victony,Twitter_followers_daily,Q1_2026,net_change,2560.0,763556.0,766116.0,80
Victony,Twitter_followers_daily,Q2_2025,net_change,12778.0,732405.0,745183.0,73
Victony,Twitter_followers_daily,Q3_2025,net_change,10706.0,745458.0,756164.0,67
Victony,Twitter_followers_daily,Q4_2025,net_change,7271.0,756315.0,763586.0,90
Victony,Wikipedia_views_daily,Q1_2025,sum,11810.0,103.0,114.0,90
Victony,Wikipedia_views_daily,Q1_2026,sum,7286.0,95.0,161.0,80
Victony,Wikipedia_views_daily,Q2_2025,sum,9202.0,113.0,69.0,89
Victony,Wikipedia_views_daily,Q3_2025,sum,8719.0,79.0,76.0,87
Victony,Wikipedia_views_daily,Q4_2025,sum,8811.0,104.0,76.0,90
Victony,YouTube_channel_views_daily,Q1_2025,sum,35725645310.0,379635260.0,413655420.0,90
Victony,YouTube_channel_views_daily,Q1_2026,sum,43813837480.0,467858000.0,505049760.0,90
Victony,YouTube_channel_views_daily,Q2_2025,sum,39497842860.0,414107840.0,431810940.0,91
Victony,YouTube_channel_views_daily,Q3_2025,sum,37424492380.0,420440860.0,427607520.0,92
Victony,YouTube_channel_views_daily,Q4_2025,sum,41236332860.0,428235500.0,467403650.0,92
Victony,YouTube_subscribers_daily,Q1_2025,net_change,35868.0,633500.0,669368.0,90
Victony,YouTube_subscribers_daily,Q1_2026,net_change,21333.0,784000.0,805333.0,90
Victony,YouTube_subscribers_daily,Q2_2025,net_change,37263.0,669737.0,707000.0,91
Victony,YouTube_subscribers_daily,Q3_2025,net_change,44000.0,707500.0,751500.0,92
Victony,YouTube_subscribers_daily,Q4_2025,net_change,31750.0,752000.0,783750.0,92
Waje,Deezer_fans_daily,Q1_2025,net_change,5.0,1768.0,1773.0,90
Waje,Deezer_fans_daily,Q1_2026,net_change,5.0,1799.0,1804.0,90
Waje,Deezer_fans_daily,Q2_2025,net_change,5.0,1773.0,1778.0,90
Waje,Deezer_fans_daily,Q3_2025,net_change,12.0,1778.0,1790.0,92
Waje,Deezer_fans_daily,Q4_2025,net_change,9.0,1790.0,1799.0,92
Waje,Facebook_followers_daily,Q1_2025,net_change,-7210.0,714270.0,707060.0,34
Waje,Facebook_followers_daily,Q1_2026,net_change,0.0,674000.0,674000.0,1
Waje,Facebook_followers_daily,Q2_2025,net_change,-2431.0,706894.0,704463.0,14
Waje,Facebook_followers_daily,Q4_2025,net_change,0.0,681000.0,681000.0,4
Waje,Facebook_likes_daily,Q1_2025,net_change,-7210.0,714270.0,707060.0,34
Waje,Facebook_likes_daily,Q1_2026,net_change,0.0,0.0,0.0,1
Waje,Facebook_likes_daily,Q2_2025,net_change,-2431.0,706894.0,704463.0,14
Waje,Facebook_likes_daily,Q4_2025,net_change,0.0,0.0,0.0,4
Waje,Facebook_talks_daily,Q1_2025,sum,14794.0,335.0,1682.0,34
Waje,Facebook_talks_daily,Q1_2026,sum,324.0,324.0,324.0,1
Waje,Facebook_talks_daily,Q2_2025,sum,7974.0,1777.0,192.0,14
Waje,Facebook_talks_daily,Q4_2025,sum,7495.0,1884.0,1861.0,4
Waje,Instagram_followers_daily,Q1_2025,net_change,-10329.0,1512806.0,1502477.0,86
Waje,Instagram_followers_daily,Q1_2026,net_change,0.0,1501291.0,1501291.0,1
Waje,Instagram_followers_daily,Q2_2025,net_change,3018.0,1502528.0,1505546.0,66
Waje,Instagram_followers_daily,Q4_2025,net_change,12461.0,1496841.0,1509302.0,4
Waje,Spotify_followers_daily,Q1_2025,net_change,5.0,73631.0,73636.0,180
Waje,Spotify_followers_daily,Q1_2026,net_change,35.0,74397.0,74432.0,90
Waje,Spotify_followers_daily,Q2_2025,net_change,49.0,73634.0,73683.0,182
Waje,Spotify_followers_daily,Q3_2025,net_change,139.0,73684.0,73823.0,184
Waje,Spotify_followers_daily,Q4_2025,net_change,568.0,73825.0,74393.0,184
Waje,Spotify_monthly_listeners_daily,Q1_2025,net_change,-17708.0,62329.0,44621.0,180
Waje,Spotify_monthly_listeners_daily,Q1_2026,net_change,-8198.0,61412.0,53214.0,90
Waje,Spotify_monthly_listeners_daily,Q2_2025,net_change,-5505.0,44682.0,39177.0,182
Waje,Spotify_monthly_listeners_daily,Q3_2025,net_change,836.0,39128.0,39964.0,184
Waje,Spotify_monthly_listeners_daily,Q4_2025,net_change,20838.0,39945.0,60783.0,184
Waje,Spotify_popularity_daily,Q1_2025,last_value,33.0,38.0,33.0,68
Waje,Spotify_popularity_daily,Q1_2026,last_value,33.0,34.0,33.0,10
Waje,Spotify_popularity_daily,Q2_2025,last_value,33.0,33.0,33.0,44
Waje,Spotify_popularity_daily,Q3_2025,last_value,32.0,33.0,32.0,3
Waje,Spotify_popularity_daily,Q4_2025,last_value,33.0,29.0,33.0,60
Waje,YouTube_channel_views_daily,Q1_2025,sum,756915163.0,8372087.0,8447741.0,90
Waje,YouTube_channel_views_daily,Q1_2026,sum,797929834.0,8821783.0,8884050.0,90
Waje,YouTube_channel_views_daily,Q2_2025,sum,772974196.0,8448752.0,8539353.0,91
Waje,YouTube_channel_views_daily,Q3_2025,sum,789753092.0,8540311.0,8634540.0,92
Waje,YouTube_channel_views_daily,Q4_2025,sum,803039946.0,8636284.0,8820573.0,92
Waje,YouTube_subscribers_daily,Q1_2025,net_change,319.0,49805.0,50124.0,180
Waje,YouTube_subscribers_daily,Q1_2026,net_change,67.0,51933.0,52000.0,90
Waje,YouTube_subscribers_daily,Q2_2025,net_change,344.0,50128.0,50472.0,182
Waje,YouTube_subscribers_daily,Q3_2025,net_change,267.0,50478.0,50745.0,184
Waje,YouTube_subscribers_daily,Q4_2025,net_change,1184.0,50747.0,51931.0,184
Wande Coal,Bandsintown_followers_daily,Q1_2025,net_change,675.0,19841.0,20516.0,89
Wande Coal,Bandsintown_followers_daily,Q2_2025,net_change,922.0,20520.0,21442.0,28
Wande Coal,Bandsintown_followers_daily,Q3_2025,net_change,904.0,21465.0,22369.0,27
Wande Coal,Bandsintown_followers_daily,Q4_2025,net_change,410.0,22384.0,22794.0,13
Wande Coal,Deezer_fans_daily,Q1_2026,net_change,0.0,280.0,280.0,90
Wande Coal,Deezer_fans_daily,Q3_2025,net_change,0.0,281.0,281.0,1
Wande Coal,Deezer_fans_daily,Q4_2025,net_change,0.0,280.0,280.0,83
Wande Coal,Facebook_followers_daily,Q1_2025,net_change,-16547.0,1093078.0,1076531.0,56
Wande Coal,Facebook_followers_daily,Q1_2026,net_change,0.0,1000000.0,1000000.0,31
Wande Coal,Facebook_followers_daily,Q2_2025,net_change,-4550.0,1076280.0,1071730.0,14
Wande Coal,Facebook_followers_daily,Q3_2025,net_change,0.0,1000000.0,1000000.0,1
Wande Coal,Facebook_followers_daily,Q4_2025,net_change,0.0,1000000.0,1000000.0,33
Wande Coal,Facebook_likes_daily,Q1_2025,net_change,-16547.0,1093078.0,1076531.0,56
Wande Coal,Facebook_likes_daily,Q1_2026,net_change,1049349.0,0.0,1049349.0,31
Wande Coal,Facebook_likes_daily,Q2_2025,net_change,-4550.0,1076280.0,1071730.0,14
Wande Coal,Facebook_likes_daily,Q3_2025,net_change,0.0,0.0,0.0,1
Wande Coal,Facebook_likes_daily,Q4_2025,net_change,0.0,0.0,0.0,33
Wande Coal,Facebook_talks_daily,Q1_2025,sum,22742.0,333.0,346.0,56
Wande Coal,Facebook_talks_daily,Q1_2026,sum,238918.0,8142.0,2238.0,31
Wande Coal,Facebook_talks_daily,Q2_2025,sum,8384.0,365.0,2376.0,14
Wande Coal,Facebook_talks_daily,Q3_2025,sum,8457.0,8457.0,8457.0,1
Wande Coal,Facebook_talks_daily,Q4_2025,sum,541113.0,25686.0,7788.0,33
Wande Coal,Instagram_followers_daily,Q1_2025,net_change,-45677.0,1830734.0,1785057.0,87
Wande Coal,Instagram_followers_daily,Q1_2026,net_change,-3791.0,1755649.0,1751858.0,89
Wande Coal,Instagram_followers_daily,Q2_2025,net_change,-19397.0,1784812.0,1765415.0,89
Wande Coal,Instagram_followers_daily,Q3_2025,net_change,-19483.0,1765115.0,1745632.0,61
Wande Coal,Instagram_followers_daily,Q4_2025,net_change,10833.0,1745188.0,1756021.0,82
Wande Coal,Soundcloud_followers_daily,Q1_2026,net_change,261.0,6801.0,7062.0,90
Wande Coal,Soundcloud_followers_daily,Q2_2025,net_change,25.0,6480.0,6505.0,6
Wande Coal,Soundcloud_followers_daily,Q3_2025,net_change,0.0,6545.0,6545.0,1
Wande Coal,Soundcloud_followers_daily,Q4_2025,net_change,133.0,6666.0,6799.0,56
Wande Coal,Spotify_followers_daily,Q1_2025,net_change,119127.0,1006587.0,1125714.0,90
Wande Coal,Spotify_followers_daily,Q1_2026,net_change,124837.0,1514954.0,1639791.0,90
Wande Coal,Spotify_followers_daily,Q2_2025,net_change,126816.0,1127115.0,1253931.0,91
Wande Coal,Spotify_followers_daily,Q3_2025,net_change,117373.0,1255254.0,1372627.0,92
Wande Coal,Spotify_followers_daily,Q4_2025,net_change,139276.0,1373924.0,1513200.0,92
Wande Coal,Spotify_monthly_listeners_daily,Q1_2025,net_change,-474555.0,2875714.0,2401159.0,90
Wande Coal,Spotify_monthly_listeners_daily,Q1_2026,net_change,281655.0,2156177.0,2437832.0,90
Wande Coal,Spotify_monthly_listeners_daily,Q2_2025,net_change,-93309.0,2397380.0,2304071.0,91
Wande Coal,Spotify_monthly_listeners_daily,Q3_2025,net_change,-237033.0,2301695.0,2064662.0,92
Wande Coal,Spotify_monthly_listeners_daily,Q4_2025,net_change,94454.0,2061661.0,2156115.0,92
Wande Coal,Spotify_popularity_daily,Q1_2025,last_value,61.0,63.0,61.0,85
Wande Coal,Spotify_popularity_daily,Q1_2026,last_value,60.0,60.0,60.0,75
Wande Coal,Spotify_popularity_daily,Q2_2025,last_value,62.0,61.0,62.0,62
Wande Coal,Spotify_popularity_daily,Q3_2025,last_value,61.0,62.0,61.0,87
Wande Coal,Spotify_popularity_daily,Q4_2025,last_value,60.0,61.0,60.0,74
Wande Coal,TikTok_followers_daily,Q1_2025,net_change,1700.0,97300.0,99000.0,90
Wande Coal,TikTok_followers_daily,Q1_2026,net_change,10215.0,209285.0,219500.0,90
Wande Coal,TikTok_followers_daily,Q2_2025,net_change,48580.0,99020.0,147600.0,91
Wande Coal,TikTok_followers_daily,Q3_2025,net_change,37793.0,147650.0,185443.0,91
Wande Coal,TikTok_followers_daily,Q4_2025,net_change,23575.0,185729.0,209304.0,92
Wande Coal,TikTok_likes_daily,Q1_2025,net_change,11200.0,253700.0,264900.0,90
Wande Coal,TikTok_likes_daily,Q1_2026,net_change,249296.0,1850704.0,2100000.0,90
Wande Coal,TikTok_likes_daily,Q2_2025,net_change,599400.0,265000.0,864400.0,91
Wande Coal,TikTok_likes_daily,Q3_2025,net_change,262678.0,865100.0,1127778.0,92
Wande Coal,TikTok_likes_daily,Q4_2025,net_change,719666.0,1129630.0,1849296.0,92
Wande Coal,Twitter_followers_daily,Q1_2025,net_change,-6402.0,2604008.0,2597606.0,70
Wande Coal,Twitter_followers_daily,Q1_2026,net_change,-5686.0,2479922.0,2474236.0,79
Wande Coal,Twitter_followers_daily,Q2_2025,net_change,-3167.0,2597803.0,2594636.0,71
Wande Coal,Twitter_followers_daily,Q3_2025,net_change,-10903.0,2594573.0,2583670.0,64
Wande Coal,Twitter_followers_daily,Q4_2025,net_change,-103543.0,2583569.0,2480026.0,90
Wande Coal,Wikipedia_views_daily,Q1_2025,sum,5605.0,62.0,67.0,87
Wande Coal,Wikipedia_views_daily,Q1_2026,sum,7128.0,57.0,90.0,84
Wande Coal,Wikipedia_views_daily,Q2_2025,sum,6700.0,75.0,76.0,91
Wande Coal,Wikipedia_views_daily,Q3_2025,sum,5516.0,43.0,47.0,92
Wande Coal,Wikipedia_views_daily,Q4_2025,sum,6058.0,55.0,53.0,92
Wande Coal,YouTube_artist_daily_views,Q1_2025,sum,5012289.0,86306.0,86836.0,63
Wande Coal,YouTube_artist_daily_views,Q1_2026,sum,6073656.0,77744.0,81681.0,75
Wande Coal,YouTube_artist_daily_views,Q2_2025,sum,3611971.0,75654.0,73970.0,45
Wande Coal,YouTube_artist_daily_views,Q3_2025,sum,3465046.0,79281.0,65806.0,45
Wande Coal,YouTube_artist_daily_views,Q4_2025,sum,3726072.0,67562.0,83575.0,45
Wande Coal,YouTube_artist_monthly_views,Q1_2025,sum,144865089.0,2717771.0,2152834.0,63
Wande Coal,YouTube_artist_monthly_views,Q1_2026,sum,95116602.0,2403173.0,2307812.0,42
Wande Coal,YouTube_artist_monthly_views,Q2_2025,sum,101092408.0,2173086.0,2168229.0,45
Wande Coal,YouTube_artist_monthly_views,Q3_2025,sum,98215497.0,2176709.0,2017466.0,45
Wande Coal,YouTube_artist_monthly_views,Q4_2025,sum,102465470.0,2000893.0,2381817.0,45
Wande Coal,YouTube_channel_views_daily,Q1_2025,sum,7373365302.0,81139500.0,82685656.0,90
Wande Coal,YouTube_channel_views_daily,Q1_2026,sum,8064795112.0,88945670.0,90280260.0,90
Wande Coal,YouTube_channel_views_daily,Q2_2025,sum,7615770822.0,82706900.0,84679470.0,91
Wande Coal,YouTube_channel_views_daily,Q3_2025,sum,7790335928.0,84700960.0,86436610.0,91
Wande Coal,YouTube_channel_views_daily,Q4_2025,sum,8056802350.0,86444136.0,88930300.0,92
Wande Coal,YouTube_subscribers_daily,Q1_2025,net_change,-38.0,101038.0,101000.0,90
Wande Coal,YouTube_subscribers_daily,Q1_2026,net_change,0.0,101000.0,101000.0,90
Wande Coal,YouTube_subscribers_daily,Q2_2025,net_change,0.0,101000.0,101000.0,91
Wande Coal,YouTube_subscribers_daily,Q3_2025,net_change,0.0,101000.0,101000.0,90
Wande Coal,YouTube_subscribers_daily,Q4_2025,net_change,0.0,101000.0,101000.0,89
Wizkid,Bandsintown_followers_daily,Q1_2025,net_change,8402.0,203442.0,211844.0,88
Wizkid,Bandsintown_followers_daily,Q2_2025,net_change,9770.0,212340.0,222110.0,29
Wizkid,Bandsintown_followers_daily,Q3_2025,net_change,231746.0,0.0,231746.0,27
Wizkid,Bandsintown_followers_daily,Q4_2025,net_change,237684.0,0.0,237684.0,14
Wizkid,Deezer_fans_daily,Q1_2025,net_change,11707.0,921844.0,933551.0,89
Wizkid,Deezer_fans_daily,Q1_2026,net_change,9356.0,968905.0,978261.0,90
Wizkid,Deezer_fans_daily,Q2_2025,net_change,12229.0,933680.0,945909.0,89
Wizkid,Deezer_fans_daily,Q3_2025,net_change,12436.0,946032.0,958468.0,92
Wizkid,Deezer_fans_daily,Q4_2025,net_change,10232.0,958564.0,968796.0,92
Wizkid,Facebook_followers_daily,Q1_2025,net_change,88322.0,7795923.0,7884245.0,56
Wizkid,Facebook_followers_daily,Q1_2026,net_change,0.0,8300000.0,8300000.0,83
Wizkid,Facebook_followers_daily,Q2_2025,net_change,-84545.0,7884545.0,7800000.0,77
Wizkid,Facebook_followers_daily,Q3_2025,net_change,100000.0,7800000.0,7900000.0,61
Wizkid,Facebook_followers_daily,Q4_2025,net_change,400000.0,7900000.0,8300000.0,86
Wizkid,Facebook_likes_daily,Q1_2025,net_change,88322.0,7795923.0,7884245.0,56
Wizkid,Facebook_likes_daily,Q1_2026,net_change,8300350.0,0.0,8300350.0,83
Wizkid,Facebook_likes_daily,Q2_2025,net_change,-39564.0,7884545.0,7844981.0,77
Wizkid,Facebook_likes_daily,Q3_2025,net_change,-7844981.0,7844981.0,0.0,61
Wizkid,Facebook_likes_daily,Q4_2025,net_change,0.0,0.0,0.0,86
Wizkid,Facebook_talks_daily,Q1_2025,sum,3932383.0,107504.0,20417.0,56
Wizkid,Facebook_talks_daily,Q1_2026,sum,17689777.0,847788.0,19127.0,83
Wizkid,Facebook_talks_daily,Q2_2025,sum,1182069.0,24554.0,14674.0,77
Wizkid,Facebook_talks_daily,Q3_2025,sum,14150175.0,14674.0,308228.0,61
Wizkid,Facebook_talks_daily,Q4_2025,sum,33385446.0,319659.0,748794.0,86
Wizkid,Instagram_followers_daily,Q1_2025,net_change,-126783.0,18253414.0,18126631.0,89
Wizkid,Instagram_followers_daily,Q1_2026,net_change,129234.0,18481486.0,18610720.0,89
Wizkid,Instagram_followers_daily,Q2_2025,net_change,85537.0,18128086.0,18213623.0,89
Wizkid,Instagram_followers_daily,Q3_2025,net_change,153304.0,18216183.0,18369487.0,61
Wizkid,Instagram_followers_daily,Q4_2025,net_change,101736.0,18375115.0,18476851.0,81
Wizkid,Soundcloud_followers_daily,Q1_2025,net_change,2642.0,143332.0,145974.0,89
Wizkid,Soundcloud_followers_daily,Q1_2026,net_change,4611.0,155660.0,160271.0,90
Wizkid,Soundcloud_followers_daily,Q2_2025,net_change,2853.0,146001.0,148854.0,91
Wizkid,Soundcloud_followers_daily,Q3_2025,net_change,3467.0,148891.0,152358.0,92
Wizkid,Soundcloud_followers_daily,Q4_2025,net_change,3232.0,152396.0,155628.0,89
Wizkid,Spotify_followers_daily,Q1_2025,net_change,709422.0,6779165.0,7488587.0,90
Wizkid,Spotify_followers_daily,Q1_2026,net_change,867935.0,10055182.0,10923117.0,90
Wizkid,Spotify_followers_daily,Q2_2025,net_change,853264.0,7497385.0,8350649.0,91
Wizkid,Spotify_followers_daily,Q3_2025,net_change,767926.0,8359110.0,9127036.0,92
Wizkid,Spotify_followers_daily,Q4_2025,net_change,913569.0,9131196.0,10044765.0,92
Wizkid,Spotify_monthly_listeners_daily,Q1_2025,net_change,-1593708.0,11534118.0,9940410.0,90
Wizkid,Spotify_monthly_listeners_daily,Q1_2026,net_change,2527626.0,14004737.0,16532363.0,90
Wizkid,Spotify_monthly_listeners_daily,Q2_2025,net_change,1745691.0,9970027.0,11715718.0,91
Wizkid,Spotify_monthly_listeners_daily,Q3_2025,net_change,1587180.0,11789209.0,13376389.0,92
Wizkid,Spotify_monthly_listeners_daily,Q4_2025,net_change,629153.0,13358864.0,13988017.0,92
Wizkid,Spotify_popularity_daily,Q1_2025,last_value,80.0,83.0,80.0,63
Wizkid,Spotify_popularity_daily,Q1_2026,last_value,82.0,83.0,82.0,86
Wizkid,Spotify_popularity_daily,Q2_2025,last_value,82.0,80.0,82.0,36
Wizkid,Spotify_popularity_daily,Q3_2025,last_value,83.0,82.0,83.0,91
Wizkid,Spotify_popularity_daily,Q4_2025,last_value,83.0,83.0,83.0,80
Wizkid,TikTok_followers_daily,Q1_2025,net_change,296429.0,1903571.0,2200000.0,90
Wizkid,TikTok_followers_daily,Q1_2026,net_change,32836.0,2667164.0,2700000.0,90
Wizkid,TikTok_followers_daily,Q2_2025,net_change,176437.0,2150000.0,2326437.0,91
Wizkid,TikTok_followers_daily,Q3_2025,net_change,162737.0,2327586.0,2490323.0,92
Wizkid,TikTok_followers_daily,Q4_2025,net_change,172124.0,2493548.0,2665672.0,92
Wizkid,TikTok_likes_daily,Q1_2025,net_change,4557144.0,17300000.0,21857144.0,90
Wizkid,TikTok_likes_daily,Q1_2026,net_change,1750000.0,30700000.0,32450000.0,90
Wizkid,TikTok_likes_daily,Q2_2025,net_change,2541072.0,21871428.0,24412500.0,91
Wizkid,TikTok_likes_daily,Q3_2025,net_change,2535000.0,24425000.0,26960000.0,92
Wizkid,TikTok_likes_daily,Q4_2025,net_change,3617142.0,27040000.0,30657142.0,92
Wizkid,Twitter_followers_daily,Q1_2025,net_change,198251.0,13863968.0,14062219.0,72
Wizkid,Twitter_followers_daily,Q1_2026,net_change,119383.0,13964067.0,14083450.0,79
Wizkid,Twitter_followers_daily,Q2_2025,net_change,89746.0,14065683.0,14155429.0,72
Wizkid,Twitter_followers_daily,Q3_2025,net_change,23026.0,14155805.0,14178831.0,66
Wizkid,Twitter_followers_daily,Q4_2025,net_change,-215147.0,14178595.0,13963448.0,90
Wizkid,Wikipedia_views_daily,Q1_2025,sum,109669.0,1423.0,1062.0,90
Wizkid,Wikipedia_views_daily,Q1_2026,sum,106178.0,1201.0,729.0,84
Wizkid,Wikipedia_views_daily,Q2_2025,sum,141621.0,2125.0,973.0,91
Wizkid,Wikipedia_views_daily,Q3_2025,sum,108454.0,967.0,841.0,92
Wizkid,Wikipedia_views_daily,Q4_2025,sum,112650.0,1029.0,1218.0,92
Wizkid,YouTube_artist_daily_views,Q1_2025,sum,91297035.0,1186470.0,1098554.0,80
Wizkid,YouTube_artist_daily_views,Q1_2026,sum,120026867.0,1384313.0,1629773.0,75
Wizkid,YouTube_artist_daily_views,Q2_2025,sum,57260536.0,1090538.0,1304887.0,44
Wizkid,YouTube_artist_daily_views,Q3_2025,sum,65321367.0,1351886.0,1258837.0,45
Wizkid,YouTube_artist_daily_views,Q4_2025,sum,63313615.0,1315171.0,1375427.0,46
Wizkid,YouTube_artist_monthly_views,Q1_2025,sum,2623219388.0,37895215.0,31271527.0,80
Wizkid,YouTube_artist_monthly_views,Q1_2026,sum,1890239378.0,38955618.0,45580747.0,43
Wizkid,YouTube_artist_monthly_views,Q2_2025,sum,1554409973.0,30929625.0,37170891.0,44
Wizkid,YouTube_artist_monthly_views,Q3_2025,sum,1821242996.0,37562352.0,36866163.0,45
Wizkid,YouTube_artist_monthly_views,Q4_2025,sum,1730306174.0,36751003.0,38428645.0,46
Wizkid,YouTube_channel_views_daily,Q1_2025,sum,197935802800.0,2160466200.0,2235362600.0,90
Wizkid,YouTube_channel_views_daily,Q1_2026,sum,224461878100.0,2459086000.0,2525512700.0,90
Wizkid,YouTube_channel_views_daily,Q2_2025,sum,207005364000.0,2236006100.0,2315177000.0,91
Wizkid,YouTube_channel_views_daily,Q3_2025,sum,216671051600.0,2316154400.0,2390638000.0,92
Wizkid,YouTube_channel_views_daily,Q4_2025,sum,223022272300.0,2391368200.0,2458276400.0,92
Wizkid,YouTube_subscribers_daily,Q1_2025,net_change,82425.0,3240909.0,3323334.0,90
Wizkid,YouTube_subscribers_daily,Q1_2026,net_change,64375.0,3525625.0,3590000.0,90
Wizkid,YouTube_subscribers_daily,Q2_2025,net_change,64722.0,3324445.0,3389167.0,91
Wizkid,YouTube_subscribers_daily,Q3_2025,net_change,71539.0,3390000.0,3461539.0,92
Wizkid,YouTube_subscribers_daily,Q4_2025,net_change,62692.0,3462308.0,3525000.0,92
WurlD,Bandsintown_followers_daily,Q1_2025,net_change,156.0,2110.0,2266.0,180
WurlD,Bandsintown_followers_daily,Q2_2025,net_change,243.0,2275.0,2518.0,64
WurlD,Bandsintown_followers_daily,Q3_2025,net_change,-2523.0,2523.0,0.0,62
WurlD,Bandsintown_followers_daily,Q4_2025,net_change,122.0,2805.0,2927.0,34
WurlD,Deezer_fans_daily,Q1_2025,net_change,137.0,46625.0,46762.0,90
WurlD,Deezer_fans_daily,Q1_2026,net_change,144.0,47156.0,47300.0,90
WurlD,Deezer_fans_daily,Q2_2025,net_change,83.0,46762.0,46845.0,90
WurlD,Deezer_fans_daily,Q3_2025,net_change,118.0,46845.0,46963.0,92
WurlD,Deezer_fans_daily,Q4_2025,net_change,188.0,46967.0,47155.0,92
WurlD,Facebook_followers_daily,Q1_2025,net_change,-2468.0,95876.0,93408.0,55
WurlD,Facebook_followers_daily,Q1_2026,net_change,-2000.0,91000.0,89000.0,10
WurlD,Facebook_followers_daily,Q2_2025,net_change,-1089.0,93359.0,92270.0,14
WurlD,Facebook_followers_daily,Q3_2025,net_change,0.0,85000.0,85000.0,1
WurlD,Facebook_likes_daily,Q1_2025,net_change,-2468.0,95876.0,93408.0,55
WurlD,Facebook_likes_daily,Q1_2026,net_change,89832.0,0.0,89832.0,10
WurlD,Facebook_likes_daily,Q2_2025,net_change,-1089.0,93359.0,92270.0,14
WurlD,Facebook_likes_daily,Q3_2025,net_change,0.0,0.0,0.0,1
WurlD,Facebook_talks_daily,Q1_2025,sum,14517.0,103.0,75.0,55
WurlD,Facebook_talks_daily,Q1_2026,sum,7045.0,1230.0,280.0,10
WurlD,Facebook_talks_daily,Q2_2025,sum,1772.0,66.0,149.0,14
WurlD,Facebook_talks_daily,Q3_2025,sum,271.0,271.0,271.0,1
WurlD,Instagram_followers_daily,Q1_2025,net_change,-8726.0,358467.0,349741.0,174
WurlD,Instagram_followers_daily,Q1_2026,net_change,-3644.0,337665.0,334021.0,89
WurlD,Instagram_followers_daily,Q2_2025,net_change,-5078.0,349710.0,344632.0,178
WurlD,Instagram_followers_daily,Q3_2025,net_change,-5727.0,344569.0,338842.0,120
WurlD,Instagram_followers_daily,Q4_2025,net_change,-1063.0,338787.0,337724.0,160
WurlD,Soundcloud_followers_daily,Q1_2025,net_change,17.0,4491.0,4508.0,150
WurlD,Soundcloud_followers_daily,Q1_2026,net_change,11.0,4568.0,4579.0,85
WurlD,Soundcloud_followers_daily,Q2_2025,net_change,34.0,4508.0,4542.0,122
WurlD,Soundcloud_followers_daily,Q3_2025,net_change,9.0,4547.0,4556.0,178
WurlD,Soundcloud_followers_daily,Q4_2025,net_change,11.0,4556.0,4567.0,114
WurlD,Spotify_followers_daily,Q1_2025,net_change,2942.0,231320.0,234262.0,180
WurlD,Spotify_followers_daily,Q1_2026,net_change,3989.0,249308.0,253297.0,90
WurlD,Spotify_followers_daily,Q2_2025,net_change,2569.0,234269.0,236838.0,182
WurlD,Spotify_followers_daily,Q3_2025,net_change,3896.0,236859.0,240755.0,184
WurlD,Spotify_followers_daily,Q4_2025,net_change,8383.0,240878.0,249261.0,184
WurlD,Spotify_monthly_listeners_daily,Q1_2025,net_change,75492.0,286658.0,362150.0,180
WurlD,Spotify_monthly_listeners_daily,Q1_2026,net_change,57974.0,923038.0,981012.0,90
WurlD,Spotify_monthly_listeners_daily,Q2_2025,net_change,56359.0,361746.0,418105.0,182
WurlD,Spotify_monthly_listeners_daily,Q3_2025,net_change,120790.0,418425.0,539215.0,184
WurlD,Spotify_monthly_listeners_daily,Q4_2025,net_change,371588.0,546098.0,917686.0,184
WurlD,Spotify_popularity_daily,Q1_2025,last_value,44.0,44.0,44.0,83
WurlD,Spotify_popularity_daily,Q1_2026,last_value,50.0,51.0,50.0,71
WurlD,Spotify_popularity_daily,Q2_2025,last_value,46.0,44.0,46.0,63
WurlD,Spotify_popularity_daily,Q3_2025,last_value,50.0,46.0,50.0,82
WurlD,Spotify_popularity_daily,Q4_2025,last_value,51.0,50.0,51.0,74
WurlD,TikTok_followers_daily,Q1_2025,net_change,16153.0,17525.0,33678.0,180
WurlD,TikTok_followers_daily,Q1_2026,net_change,1344.0,44656.0,46000.0,90
WurlD,TikTok_followers_daily,Q2_2025,net_change,3433.0,33667.0,37100.0,182
WurlD,TikTok_followers_daily,Q3_2025,net_change,5344.0,37133.0,42477.0,184
WurlD,TikTok_followers_daily,Q4_2025,net_change,2183.0,42484.0,44667.0,184
WurlD,TikTok_likes_daily,Q1_2025,net_change,1038447.0,115125.0,1153572.0,180
WurlD,TikTok_likes_daily,Q1_2026,net_change,259649.0,2440351.0,2700000.0,90
WurlD,TikTok_likes_daily,Q2_2025,net_change,424490.0,1157143.0,1581633.0,182
WurlD,TikTok_likes_daily,Q3_2025,net_change,535374.0,1583674.0,2119048.0,184
WurlD,TikTok_likes_daily,Q4_2025,net_change,317962.0,2120635.0,2438597.0,184
WurlD,Twitter_followers_daily,Q1_2025,net_change,-1078.0,370575.0,369497.0,148
WurlD,Twitter_followers_daily,Q1_2026,net_change,-870.0,367519.0,366649.0,80
WurlD,Twitter_followers_daily,Q2_2025,net_change,417.0,369573.0,369990.0,146
WurlD,Twitter_followers_daily,Q3_2025,net_change,-496.0,370017.0,369521.0,138
WurlD,Twitter_followers_daily,Q4_2025,net_change,-1978.0,369539.0,367561.0,182
WurlD,Wikipedia_views_daily,Q1_2025,sum,6054.0,23.0,12.0,178
WurlD,Wikipedia_views_daily,Q1_2026,sum,1671.0,13.0,25.0,84
WurlD,Wikipedia_views_daily,Q2_2025,sum,3500.0,11.0,16.0,182
WurlD,Wikipedia_views_daily,Q3_2025,sum,3320.0,12.0,30.0,184
WurlD,Wikipedia_views_daily,Q4_2025,sum,3662.0,21.0,9.0,184
WurlD,YouTube_channel_views_daily,Q1_2025,sum,1215630577.0,13322766.0,13693838.0,90
WurlD,YouTube_channel_views_daily,Q1_2026,sum,1398651830.0,15652292.0,15702464.0,90
WurlD,YouTube_channel_views_daily,Q2_2025,sum,1258978159.0,13697146.0,13954585.0,91
WurlD,YouTube_channel_views_daily,Q3_2025,sum,1356484989.0,13957072.0,15615049.0,92
WurlD,YouTube_channel_views_daily,Q4_2025,sum,1467424132.0,15624487.0,15714420.0,92
WurlD,YouTube_subscribers_daily,Q1_2025,net_change,368.0,41917.0,42285.0,180
WurlD,YouTube_subscribers_daily,Q1_2026,net_change,181.0,43419.0,43600.0,90
WurlD,YouTube_subscribers_daily,Q2_2025,net_change,266.0,42288.0,42554.0,182
WurlD,YouTube_subscribers_daily,Q3_2025,net_change,540.0,42557.0,43097.0,184
WurlD,YouTube_subscribers_daily,Q4_2025,net_change,315.0,43100.0,43415.0,184
Ycee,Deezer_fans_daily,Q1_2026,net_change,0.0,2.0,2.0,90
Ycee,Deezer_fans_daily,Q4_2025,net_change,0.0,2.0,2.0,83
Ycee,Facebook_followers_daily,Q1_2025,net_change,-23534.0,1130778.0,1107244.0,56
Ycee,Facebook_followers_daily,Q1_2026,net_change,0.0,1000000.0,1000000.0,10
Ycee,Facebook_followers_daily,Q2_2025,net_change,-7247.0,1106876.0,1099629.0,14
Ycee,Facebook_followers_daily,Q3_2025,net_change,0.0,1000000.0,1000000.0,1
Ycee,Facebook_followers_daily,Q4_2025,net_change,0.0,1000000.0,1000000.0,9
Ycee,Facebook_likes_daily,Q1_2025,net_change,-23534.0,1130778.0,1107244.0,56
Ycee,Facebook_likes_daily,Q1_2026,net_change,1023426.0,0.0,1023426.0,10
Ycee,Facebook_likes_daily,Q2_2025,net_change,-7247.0,1106876.0,1099629.0,14
Ycee,Facebook_likes_daily,Q3_2025,net_change,0.0,0.0,0.0,1
Ycee,Facebook_likes_daily,Q4_2025,net_change,0.0,0.0,0.0,9
Ycee,Facebook_talks_daily,Q1_2025,sum,26042.0,551.0,391.0,56
Ycee,Facebook_talks_daily,Q1_2026,sum,89581.0,572.0,3007.0,10
Ycee,Facebook_talks_daily,Q2_2025,sum,5063.0,430.0,368.0,14
Ycee,Facebook_talks_daily,Q3_2025,sum,395.0,395.0,395.0,1
Ycee,Facebook_talks_daily,Q4_2025,sum,4624.0,552.0,480.0,9
Ycee,Instagram_followers_daily,Q1_2025,net_change,-30984.0,2078135.0,2047151.0,38
Ycee,Instagram_followers_daily,Q1_2026,net_change,0.0,1979630.0,1979630.0,1
Ycee,Instagram_followers_daily,Q2_2025,net_change,-26766.0,2047006.0,2020240.0,49
Ycee,Instagram_followers_daily,Q3_2025,net_change,0.0,2004619.0,2004619.0,1
Ycee,Instagram_followers_daily,Q4_2025,net_change,-12631.0,1992082.0,1979451.0,3
Ycee,Spotify_followers_daily,Q1_2025,net_change,4854.0,522229.0,527083.0,90
Ycee,Spotify_followers_daily,Q1_2026,net_change,6606.0,543818.0,550424.0,90
Ycee,Spotify_followers_daily,Q2_2025,net_change,5021.0,527146.0,532167.0,91
Ycee,Spotify_followers_daily,Q3_2025,net_change,4539.0,532208.0,536747.0,92
Ycee,Spotify_followers_daily,Q4_2025,net_change,6875.0,536863.0,543738.0,92
Ycee,Spotify_monthly_listeners_daily,Q1_2025,net_change,26719.0,333022.0,359741.0,90
Ycee,Spotify_monthly_listeners_daily,Q1_2026,net_change,26705.0,377524.0,404229.0,90
Ycee,Spotify_monthly_listeners_daily,Q2_2025,net_change,138208.0,360557.0,498765.0,91
Ycee,Spotify_monthly_listeners_daily,Q3_2025,net_change,-108989.0,500405.0,391416.0,92
Ycee,Spotify_monthly_listeners_daily,Q4_2025,net_change,-13171.0,391106.0,377935.0,92
Ycee,Spotify_popularity_daily,Q1_2025,last_value,44.0,45.0,44.0,85
Ycee,Spotify_popularity_daily,Q1_2026,last_value,44.0,45.0,44.0,74
Ycee,Spotify_popularity_daily,Q2_2025,last_value,47.0,44.0,47.0,62
Ycee,Spotify_popularity_daily,Q3_2025,last_value,46.0,47.0,46.0,78
Ycee,Spotify_popularity_daily,Q4_2025,last_value,45.0,46.0,45.0,75
Ycee,TikTok_followers_daily,Q1_2025,net_change,109.0,411.0,520.0,90
Ycee,TikTok_followers_daily,Q1_2026,net_change,4451.0,2509.0,6960.0,90
Ycee,TikTok_followers_daily,Q2_2025,net_change,54.0,521.0,575.0,91
Ycee,TikTok_followers_daily,Q3_2025,net_change,1581.0,574.0,2155.0,91
Ycee,TikTok_followers_daily,Q4_2025,net_change,340.0,2154.0,2494.0,92
Ycee,TikTok_likes_daily,Q1_2025,net_change,292.0,830.0,1122.0,90
Ycee,TikTok_likes_daily,Q1_2026,net_change,47852.0,2948.0,50800.0,90
Ycee,TikTok_likes_daily,Q2_2025,net_change,125.0,1124.0,1249.0,91
Ycee,TikTok_likes_daily,Q3_2025,net_change,889.0,1250.0,2139.0,92
Ycee,TikTok_likes_daily,Q4_2025,net_change,788.0,2144.0,2932.0,92
Ycee,Wikipedia_views_daily,Q1_2025,sum,3616.0,29.0,26.0,90
Ycee,Wikipedia_views_daily,Q1_2026,sum,2383.0,18.0,37.0,84
Ycee,Wikipedia_views_daily,Q2_2025,sum,2253.0,22.0,23.0,91
Ycee,Wikipedia_views_daily,Q3_2025,sum,1825.0,21.0,27.0,92
Ycee,Wikipedia_views_daily,Q4_2025,sum,1727.0,21.0,13.0,92
Ycee,YouTube_channel_views_daily,Q1_2025,sum,12705000420.0,139692770.0,142641070.0,90
Ycee,YouTube_channel_views_daily,Q1_2026,sum,13927839730.0,153407520.0,155966980.0,90
Ycee,YouTube_channel_views_daily,Q2_2025,sum,13163806920.0,142659980.0,146370530.0,91
Ycee,YouTube_channel_views_daily,Q3_2025,sum,13645610400.0,146401800.0,150144060.0,92
Ycee,YouTube_channel_views_daily,Q4_2025,sum,13959419300.0,150177020.0,153371500.0,92
Ycee,YouTube_subscribers_daily,Q1_2025,net_change,1842.0,217286.0,219128.0,90
Ycee,YouTube_subscribers_daily,Q1_2026,net_change,250.0,224750.0,225000.0,90
Ycee,YouTube_subscribers_daily,Q2_2025,net_change,2092.0,219149.0,221241.0,91
Ycee,YouTube_subscribers_daily,Q3_2025,net_change,2085.0,221259.0,223344.0,92
Ycee,YouTube_subscribers_daily,Q4_2025,net_change,1376.0,223359.0,224735.0,92
Yemi Alade,Bandsintown_followers_daily,Q1_2025,net_change,729.0,26157.0,26886.0,90
Yemi Alade,Bandsintown_followers_daily,Q2_2025,net_change,1188.0,26945.0,28133.0,32
Yemi Alade,Bandsintown_followers_daily,Q3_2025,net_change,1072.0,28150.0,29222.0,30
Yemi Alade,Bandsintown_followers_daily,Q4_2025,net_change,-29310.0,29310.0,0.0,17
Yemi Alade,Deezer_fans_daily,Q1_2026,net_change,0.0,140.0,140.0,90
Yemi Alade,Deezer_fans_daily,Q4_2025,net_change,0.0,140.0,140.0,83
Yemi Alade,Facebook_followers_daily,Q1_2025,net_change,18184.0,12354925.0,12373109.0,56
Yemi Alade,Facebook_followers_daily,Q1_2026,net_change,0.0,12000000.0,12000000.0,11
Yemi Alade,Facebook_followers_daily,Q2_2025,net_change,-21992.0,12372616.0,12350624.0,14
Yemi Alade,Facebook_followers_daily,Q3_2025,net_change,0.0,12000000.0,12000000.0,1
Yemi Alade,Facebook_followers_daily,Q4_2025,net_change,0.0,12000000.0,12000000.0,11
Yemi Alade,Facebook_likes_daily,Q1_2025,net_change,18184.0,12354925.0,12373109.0,56
Yemi Alade,Facebook_likes_daily,Q1_2026,net_change,12839986.0,0.0,12839986.0,11
Yemi Alade,Facebook_likes_daily,Q2_2025,net_change,-21992.0,12372616.0,12350624.0,14
Yemi Alade,Facebook_likes_daily,Q3_2025,net_change,0.0,0.0,0.0,1
Yemi Alade,Facebook_likes_daily,Q4_2025,net_change,0.0,0.0,0.0,11
Yemi Alade,Facebook_talks_daily,Q1_2025,sum,2550853.0,17504.0,13053.0,56
Yemi Alade,Facebook_talks_daily,Q1_2026,sum,1844491.0,418918.0,80493.0,11
Yemi Alade,Facebook_talks_daily,Q2_2025,sum,212829.0,12051.0,6009.0,14
Yemi Alade,Facebook_talks_daily,Q3_2025,sum,112977.0,112977.0,112977.0,1
Yemi Alade,Facebook_talks_daily,Q4_2025,sum,7654121.0,417864.0,669894.0,11
Yemi Alade,Instagram_followers_daily,Q1_2025,net_change,-77042.0,17505879.0,17428837.0,90
Yemi Alade,Instagram_followers_daily,Q1_2026,net_change,-17369.0,17345246.0,17327877.0,89
Yemi Alade,Instagram_followers_daily,Q2_2025,net_change,-81927.0,17428429.0,17346502.0,89
Yemi Alade,Instagram_followers_daily,Q3_2025,net_change,-28354.0,17347057.0,17318703.0,60
Yemi Alade,Instagram_followers_daily,Q4_2025,net_change,28164.0,17317660.0,17345824.0,82
Yemi Alade,Soundcloud_followers_daily,Q1_2026,net_change,55.0,15660.0,15715.0,89
Yemi Alade,Soundcloud_followers_daily,Q2_2025,net_change,11.0,15456.0,15467.0,5
Yemi Alade,Soundcloud_followers_daily,Q4_2025,net_change,60.0,15598.0,15658.0,26
Yemi Alade,Spotify_followers_daily,Q1_2025,net_change,1075.0,966757.0,967832.0,90
Yemi Alade,Spotify_followers_daily,Q1_2026,net_change,5881.0,973447.0,979328.0,90
Yemi Alade,Spotify_followers_daily,Q2_2025,net_change,971.0,967827.0,968798.0,91
Yemi Alade,Spotify_followers_daily,Q3_2025,net_change,1673.0,968810.0,970483.0,92
Yemi Alade,Spotify_followers_daily,Q4_2025,net_change,2884.0,970486.0,973370.0,92
Yemi Alade,Spotify_monthly_listeners_daily,Q1_2025,net_change,-14784.0,1082777.0,1067993.0,90
Yemi Alade,Spotify_monthly_listeners_daily,Q1_2026,net_change,-203667.0,1257993.0,1054326.0,90
Yemi Alade,Spotify_monthly_listeners_daily,Q2_2025,net_change,113186.0,1068775.0,1181961.0,91
Yemi Alade,Spotify_monthly_listeners_daily,Q3_2025,net_change,-128179.0,1181407.0,1053228.0,92
Yemi Alade,Spotify_monthly_listeners_daily,Q4_2025,net_change,194523.0,1053141.0,1247664.0,92
Yemi Alade,Spotify_popularity_daily,Q1_2025,last_value,52.0,53.0,52.0,85
Yemi Alade,Spotify_popularity_daily,Q1_2026,last_value,51.0,53.0,51.0,72
Yemi Alade,Spotify_popularity_daily,Q2_2025,last_value,54.0,52.0,54.0,63
Yemi Alade,Spotify_popularity_daily,Q3_2025,last_value,53.0,54.0,53.0,89
Yemi Alade,Spotify_popularity_daily,Q4_2025,last_value,52.0,53.0,52.0,78
Yemi Alade,TikTok_followers_daily,Q1_2025,net_change,149665.0,3465909.0,3615574.0,90
Yemi Alade,TikTok_followers_daily,Q1_2026,net_change,35714.0,3964286.0,4000000.0,90
Yemi Alade,TikTok_followers_daily,Q2_2025,net_change,73770.0,3616394.0,3690164.0,91
Yemi Alade,TikTok_followers_daily,Q3_2025,net_change,78581.0,3690984.0,3769565.0,92
Yemi Alade,TikTok_followers_daily,Q4_2025,net_change,190279.0,3770435.0,3960714.0,92
Yemi Alade,TikTok_likes_daily,Q1_2025,net_change,2380000.0,22520000.0,24900000.0,90
Yemi Alade,TikTok_likes_daily,Q1_2026,net_change,2242858.0,33057142.0,35300000.0,90
Yemi Alade,TikTok_likes_daily,Q2_2025,net_change,1608332.0,24925000.0,26533332.0,91
Yemi Alade,TikTok_likes_daily,Q3_2025,net_change,2590474.0,26566668.0,29157142.0,92
Yemi Alade,TikTok_likes_daily,Q4_2025,net_change,3871430.0,29171428.0,33042858.0,92
Yemi Alade,Twitter_followers_daily,Q1_2025,net_change,8680.0,2283373.0,2292053.0,73
Yemi Alade,Twitter_followers_daily,Q1_2026,net_change,1265.0,2298145.0,2299410.0,79
Yemi Alade,Twitter_followers_daily,Q2_2025,net_change,7360.0,2292459.0,2299819.0,72
Yemi Alade,Twitter_followers_daily,Q3_2025,net_change,4067.0,2299952.0,2304019.0,66
Yemi Alade,Twitter_followers_daily,Q4_2025,net_change,-5748.0,2303962.0,2298214.0,88
Yemi Alade,Wikipedia_views_daily,Q1_2025,sum,25114.0,174.0,130.0,90
Yemi Alade,Wikipedia_views_daily,Q1_2026,sum,14636.0,179.0,135.0,84
Yemi Alade,Wikipedia_views_daily,Q2_2025,sum,18944.0,306.0,149.0,91
Yemi Alade,Wikipedia_views_daily,Q3_2025,sum,15408.0,139.0,138.0,92
Yemi Alade,Wikipedia_views_daily,Q4_2025,sum,19045.0,163.0,158.0,92
Yemi Alade,YouTube_artist_daily_views,Q1_2025,sum,14476547.0,198277.0,232673.0,56
Yemi Alade,YouTube_artist_daily_views,Q1_2026,sum,12902780.0,298328.0,157371.0,75
Yemi Alade,YouTube_artist_daily_views,Q2_2025,sum,7959053.0,241671.0,234333.0,45
Yemi Alade,YouTube_artist_daily_views,Q3_2025,sum,8829084.0,269569.0,239988.0,45
Yemi Alade,YouTube_artist_daily_views,Q4_2025,sum,9702027.0,318217.0,177023.0,45
Yemi Alade,YouTube_artist_monthly_views,Q1_2025,sum,388331897.0,6544016.0,6389893.0,56
Yemi Alade,YouTube_artist_monthly_views,Q1_2026,sum,213872006.0,5228333.0,4538872.0,41
Yemi Alade,YouTube_artist_monthly_views,Q2_2025,sum,230645514.0,6434587.0,5255519.0,45
Yemi Alade,YouTube_artist_monthly_views,Q3_2025,sum,244913637.0,5405110.0,4957553.0,45
Yemi Alade,YouTube_artist_monthly_views,Q4_2025,sum,270767936.0,5246341.0,4972471.0,45
Yemi Alade,YouTube_channel_views_daily,Q1_2025,sum,74846948820.0,822384300.0,840119400.0,90
Yemi Alade,YouTube_channel_views_daily,Q1_2026,sum,79861469610.0,880863300.0,892678300.0,90
Yemi Alade,YouTube_channel_views_daily,Q2_2025,sum,77046570900.0,840332400.0,853444540.0,91
Yemi Alade,YouTube_channel_views_daily,Q3_2025,sum,79035848050.0,853605800.0,863327170.0,92
Yemi Alade,YouTube_channel_views_daily,Q4_2025,sum,80127389280.0,863415600.0,880668300.0,92
Yemi Alade,YouTube_subscribers_daily,Q1_2025,net_change,25682.0,2435405.0,2461087.0,90
Yemi Alade,YouTube_subscribers_daily,Q1_2026,net_change,17826.0,2552174.0,2570000.0,90
Yemi Alade,YouTube_subscribers_daily,Q2_2025,net_change,21659.0,2461304.0,2482963.0,91
Yemi Alade,YouTube_subscribers_daily,Q3_2025,net_change,27357.0,2483333.0,2510690.0,92
Yemi Alade,YouTube_subscribers_daily,Q4_2025,net_change,40704.0,2511035.0,2551739.0,92
Young Jonn,Bandsintown_followers_daily,Q1_2025,net_change,710.0,2862.0,3572.0,88
Young Jonn,Bandsintown_followers_daily,Q1_2026,net_change,0.0,8305.0,8305.0,1
Young Jonn,Bandsintown_followers_daily,Q2_2025,net_change,1337.0,3630.0,4967.0,28
Young Jonn,Bandsintown_followers_daily,Q3_2025,net_change,1790.0,5022.0,6812.0,27
Young Jonn,Bandsintown_followers_daily,Q4_2025,net_change,618.0,6866.0,7484.0,13
Young Jonn,Deezer_fans_daily,Q1_2025,net_change,1129.0,23583.0,24712.0,89
Young Jonn,Deezer_fans_daily,Q1_2026,net_change,968.0,28284.0,29252.0,90
Young Jonn,Deezer_fans_daily,Q2_2025,net_change,1090.0,24719.0,25809.0,88
Young Jonn,Deezer_fans_daily,Q3_2025,net_change,1355.0,25826.0,27181.0,92
Young Jonn,Deezer_fans_daily,Q4_2025,net_change,1082.0,27191.0,28273.0,92
Young Jonn,Facebook_followers_daily,Q1_2025,net_change,14629.0,259048.0,273677.0,56
Young Jonn,Facebook_followers_daily,Q1_2026,net_change,52000.0,324000.0,376000.0,44
Young Jonn,Facebook_followers_daily,Q2_2025,net_change,9197.0,273803.0,283000.0,15
Young Jonn,Facebook_followers_daily,Q3_2025,net_change,35000.0,262000.0,297000.0,42
Young Jonn,Facebook_followers_daily,Q4_2025,net_change,26000.0,298000.0,324000.0,85
Young Jonn,Facebook_likes_daily,Q1_2025,net_change,14629.0,259048.0,273677.0,56
Young Jonn,Facebook_likes_daily,Q1_2026,net_change,376004.0,0.0,376004.0,44
Young Jonn,Facebook_likes_daily,Q2_2025,net_change,9202.0,273803.0,283005.0,15
Young Jonn,Facebook_likes_daily,Q3_2025,net_change,0.0,0.0,0.0,42
Young Jonn,Facebook_likes_daily,Q4_2025,net_change,0.0,0.0,0.0,85
Young Jonn,Facebook_talks_daily,Q1_2025,sum,875644.0,30902.0,7688.0,56
Young Jonn,Facebook_talks_daily,Q1_2026,sum,2290569.0,31505.0,48715.0,44
Young Jonn,Facebook_talks_daily,Q2_2025,sum,225516.0,4785.0,6924.0,15
Young Jonn,Facebook_talks_daily,Q3_2025,sum,1558883.0,5500.0,34058.0,42
Young Jonn,Facebook_talks_daily,Q4_2025,sum,3644586.0,24626.0,24102.0,85
Young Jonn,Instagram_followers_daily,Q1_2025,net_change,-66654.0,1594128.0,1527474.0,87
Young Jonn,Instagram_followers_daily,Q1_2026,net_change,15050.0,1588372.0,1603422.0,89
Young Jonn,Instagram_followers_daily,Q2_2025,net_change,-33098.0,1526934.0,1493836.0,88
Young Jonn,Instagram_followers_daily,Q3_2025,net_change,69185.0,1495259.0,1564444.0,60
Young Jonn,Instagram_followers_daily,Q4_2025,net_change,22529.0,1565412.0,1587941.0,81
Young Jonn,Soundcloud_followers_daily,Q1_2025,net_change,170.0,1661.0,1831.0,59
Young Jonn,Soundcloud_followers_daily,Q1_2026,net_change,112.0,2395.0,2507.0,90
Young Jonn,Soundcloud_followers_daily,Q2_2025,net_change,205.0,1834.0,2039.0,79
Young Jonn,Soundcloud_followers_daily,Q3_2025,net_change,187.0,2044.0,2231.0,88
Young Jonn,Soundcloud_followers_daily,Q4_2025,net_change,159.0,2232.0,2391.0,89
Young Jonn,Spotify_followers_daily,Q1_2025,net_change,262049.0,1509489.0,1771538.0,90
Young Jonn,Spotify_followers_daily,Q1_2026,net_change,236986.0,2525947.0,2762933.0,90
Young Jonn,Spotify_followers_daily,Q2_2025,net_change,234115.0,1774010.0,2008125.0,91
Young Jonn,Spotify_followers_daily,Q3_2025,net_change,249752.0,2010585.0,2260337.0,92
Young Jonn,Spotify_followers_daily,Q4_2025,net_change,257515.0,2265582.0,2523097.0,92
Young Jonn,Spotify_monthly_listeners_daily,Q1_2025,net_change,-328780.0,3059301.0,2730521.0,90
Young Jonn,Spotify_monthly_listeners_daily,Q1_2026,net_change,-666728.0,4181717.0,3514989.0,90
Young Jonn,Spotify_monthly_listeners_daily,Q2_2025,net_change,896430.0,2737599.0,3634029.0,91
Young Jonn,Spotify_monthly_listeners_daily,Q3_2025,net_change,152242.0,3646577.0,3798819.0,92
Young Jonn,Spotify_monthly_listeners_daily,Q4_2025,net_change,422603.0,3759526.0,4182129.0,92
Young Jonn,Spotify_popularity_daily,Q1_2025,last_value,67.0,69.0,67.0,78
Young Jonn,Spotify_popularity_daily,Q1_2026,last_value,68.0,73.0,68.0,75
Young Jonn,Spotify_popularity_daily,Q2_2025,last_value,70.0,67.0,70.0,54
Young Jonn,Spotify_popularity_daily,Q3_2025,last_value,72.0,70.0,72.0,91
Young Jonn,Spotify_popularity_daily,Q4_2025,last_value,72.0,72.0,72.0,80
Young Jonn,TikTok_followers_daily,Q1_2025,net_change,2467.0,441300.0,443767.0,90
Young Jonn,TikTok_followers_daily,Q1_2026,net_change,27300.0,649700.0,677000.0,90
Young Jonn,TikTok_followers_daily,Q2_2025,net_change,12067.0,443733.0,455800.0,91
Young Jonn,TikTok_followers_daily,Q3_2025,net_change,153060.0,456600.0,609660.0,91
Young Jonn,TikTok_followers_daily,Q4_2025,net_change,38860.0,610340.0,649200.0,92
Young Jonn,TikTok_likes_daily,Q1_2025,net_change,356494.0,4850000.0,5206494.0,90
Young Jonn,TikTok_likes_daily,Q1_2026,net_change,922917.0,9943750.0,10866667.0,90
Young Jonn,TikTok_likes_daily,Q2_2025,net_change,558875.0,5207792.0,5766667.0,91
Young Jonn,TikTok_likes_daily,Q3_2025,net_change,2857143.0,5800000.0,8657143.0,91
Young Jonn,TikTok_likes_daily,Q4_2025,net_change,1266072.0,8671428.0,9937500.0,92
Young Jonn,Twitter_followers_daily,Q1_2025,net_change,2295.0,118567.0,120862.0,74
Young Jonn,Twitter_followers_daily,Q1_2026,net_change,-525.0,145657.0,145132.0,81
Young Jonn,Twitter_followers_daily,Q2_2025,net_change,2772.0,120876.0,123648.0,73
Young Jonn,Twitter_followers_daily,Q3_2025,net_change,17015.0,123656.0,140671.0,69
Young Jonn,Twitter_followers_daily,Q4_2025,net_change,5004.0,140653.0,145657.0,91
Young Jonn,Wikipedia_views_daily,Q1_2025,sum,15480.0,180.0,156.0,90
Young Jonn,Wikipedia_views_daily,Q1_2026,sum,14009.0,177.0,316.0,78
Young Jonn,Wikipedia_views_daily,Q2_2025,sum,11587.0,164.0,183.0,85
Young Jonn,Wikipedia_views_daily,Q3_2025,sum,12255.0,146.0,113.0,84
Young Jonn,Wikipedia_views_daily,Q4_2025,sum,15232.0,113.0,146.0,88
Young Jonn,YouTube_channel_views_daily,Q1_2025,sum,15008404040.0,159547070.0,174274400.0,90
Young Jonn,YouTube_channel_views_daily,Q1_2026,sum,21991258980.0,233804980.0,254693820.0,90
Young Jonn,YouTube_channel_views_daily,Q2_2025,sum,16581436310.0,174391060.0,189839340.0,91
Young Jonn,YouTube_channel_views_daily,Q3_2025,sum,18370812140.0,190020960.0,209335230.0,92
Young Jonn,YouTube_channel_views_daily,Q4_2025,sum,20221136090.0,209505900.0,233601950.0,92
Young Jonn,YouTube_subscribers_daily,Q1_2025,net_change,16657.0,319200.0,335857.0,90
Young Jonn,YouTube_subscribers_daily,Q1_2026,net_change,17750.0,408000.0,425750.0,90
Young Jonn,YouTube_subscribers_daily,Q2_2025,net_change,15000.0,336000.0,351000.0,91
Young Jonn,YouTube_subscribers_daily,Q3_2025,net_change,26933.0,351400.0,378333.0,92
Young Jonn,YouTube_subscribers_daily,Q4_2025,net_change,29357.0,378500.0,407857.0,92
Yung6ix,Deezer_fans_daily,Q1_2025,net_change,5.0,742.0,747.0,12
Yung6ix,Deezer_fans_daily,Q1_2026,net_change,6.0,769.0,775.0,8
Yung6ix,Deezer_fans_daily,Q2_2025,net_change,3.0,747.0,750.0,8
Yung6ix,Deezer_fans_daily,Q3_2025,net_change,9.0,751.0,760.0,12
Yung6ix,Deezer_fans_daily,Q4_2025,net_change,9.0,760.0,769.0,9
Yung6ix,Facebook_followers_daily,Q1_2025,net_change,-8926.0,762861.0,753935.0,33
Yung6ix,Facebook_followers_daily,Q1_2026,net_change,-1000.0,688000.0,687000.0,4
Yung6ix,Facebook_followers_daily,Q2_2025,net_change,-3934.0,753710.0,749776.0,15
Yung6ix,Facebook_likes_daily,Q1_2025,net_change,-8926.0,762861.0,753935.0,33
Yung6ix,Facebook_likes_daily,Q1_2026,net_change,687580.0,0.0,687580.0,4
Yung6ix,Facebook_likes_daily,Q2_2025,net_change,-3934.0,753710.0,749776.0,15
Yung6ix,Facebook_talks_daily,Q1_2025,sum,24596.0,803.0,227.0,33
Yung6ix,Facebook_talks_daily,Q1_2026,sum,12938.0,926.0,2077.0,4
Yung6ix,Facebook_talks_daily,Q2_2025,sum,19447.0,215.0,1480.0,15
Yung6ix,Instagram_followers_daily,Q1_2025,net_change,-34801.0,2035768.0,2000967.0,70
Yung6ix,Instagram_followers_daily,Q1_2026,net_change,677.0,1936904.0,1937581.0,2
Yung6ix,Instagram_followers_daily,Q2_2025,net_change,-25075.0,2000110.0,1975035.0,68
Yung6ix,Instagram_followers_daily,Q4_2025,net_change,0.0,1940005.0,1940005.0,2
Yung6ix,Soundcloud_followers_daily,Q1_2026,net_change,4.0,1808.0,1812.0,29
Yung6ix,Spotify_followers_daily,Q1_2025,net_change,1921.0,107467.0,109388.0,180
Yung6ix,Spotify_followers_daily,Q1_2026,net_change,2251.0,114732.0,116983.0,90
Yung6ix,Spotify_followers_daily,Q2_2025,net_change,1612.0,109408.0,111020.0,182
Yung6ix,Spotify_followers_daily,Q3_2025,net_change,1743.0,111030.0,112773.0,184
Yung6ix,Spotify_followers_daily,Q4_2025,net_change,1903.0,112798.0,114701.0,184
Yung6ix,Spotify_monthly_listeners_daily,Q1_2025,net_change,16243.0,96017.0,112260.0,90
Yung6ix,Spotify_monthly_listeners_daily,Q1_2026,net_change,34505.0,148854.0,183359.0,90
Yung6ix,Spotify_monthly_listeners_daily,Q2_2025,net_change,9606.0,112345.0,121951.0,91
Yung6ix,Spotify_monthly_listeners_daily,Q3_2025,net_change,15152.0,121833.0,136985.0,184
Yung6ix,Spotify_monthly_listeners_daily,Q4_2025,net_change,11259.0,137172.0,148431.0,184
Yung6ix,Spotify_popularity_daily,Q1_2025,last_value,36.0,36.0,36.0,76
Yung6ix,Spotify_popularity_daily,Q1_2026,last_value,40.0,38.0,40.0,22
Yung6ix,Spotify_popularity_daily,Q2_2025,last_value,38.0,36.0,38.0,47
Yung6ix,Spotify_popularity_daily,Q3_2025,last_value,38.0,38.0,38.0,7
Yung6ix,Spotify_popularity_daily,Q4_2025,last_value,37.0,34.0,37.0,5
Yung6ix,Wikipedia_views_daily,Q1_2025,sum,6682.0,18.0,18.0,180
Yung6ix,Wikipedia_views_daily,Q1_2026,sum,1915.0,20.0,19.0,84
Yung6ix,Wikipedia_views_daily,Q2_2025,sum,4500.0,30.0,22.0,182
Yung6ix,Wikipedia_views_daily,Q3_2025,sum,4020.0,17.0,15.0,184
Yung6ix,Wikipedia_views_daily,Q4_2025,sum,4228.0,20.0,26.0,184
Yung6ix,YouTube_channel_views_daily,Q1_2025,sum,9949943.0,110407.0,110697.0,90
Yung6ix,YouTube_channel_views_daily,Q1_2026,sum,10092299.0,111898.0,112379.0,90
Yung6ix,YouTube_channel_views_daily,Q2_2025,sum,10090168.0,110700.0,111090.0,91
Yung6ix,YouTube_channel_views_daily,Q3_2025,sum,10130322.0,111092.0,111520.0,91
Yung6ix,YouTube_channel_views_daily,Q4_2025,sum,10275795.0,111522.0,111894.0,92
Yung6ix,YouTube_subscribers_daily,Q1_2025,net_change,0.0,301.0,301.0,180
Yung6ix,YouTube_subscribers_daily,Q1_2026,net_change,3.0,307.0,310.0,90
Yung6ix,YouTube_subscribers_daily,Q2_2025,net_change,1.0,301.0,302.0,182
Yung6ix,YouTube_subscribers_daily,Q3_2025,net_change,3.0,302.0,305.0,184
Yung6ix,YouTube_subscribers_daily,Q4_2025,net_change,2.0,305.0,307.0,184
Zinoleesky,Deezer_fans_daily,Q1_2025,net_change,687.0,57787.0,58474.0,86
Zinoleesky,Deezer_fans_daily,Q2_2025,net_change,907.0,58481.0,59388.0,86
Zinoleesky,Deezer_fans_daily,Q3_2025,net_change,900.0,59396.0,60296.0,91
Zinoleesky,Deezer_fans_daily,Q4_2025,net_change,564.0,60303.0,60867.0,12
Zinoleesky,Instagram_followers_daily,Q1_2025,net_change,-61656.0,2735010.0,2673354.0,89
Zinoleesky,Instagram_followers_daily,Q1_2026,net_change,-19788.0,2652773.0,2632985.0,89
Zinoleesky,Instagram_followers_daily,Q2_2025,net_change,-48344.0,2672521.0,2624177.0,89
Zinoleesky,Instagram_followers_daily,Q3_2025,net_change,-45529.0,2624033.0,2578504.0,60
Zinoleesky,Instagram_followers_daily,Q4_2025,net_change,74509.0,2576606.0,2651115.0,82
Zinoleesky,Soundcloud_followers_daily,Q1_2025,net_change,167.0,6182.0,6349.0,68
Zinoleesky,Soundcloud_followers_daily,Q1_2026,net_change,139.0,6939.0,7078.0,90
Zinoleesky,Soundcloud_followers_daily,Q2_2025,net_change,220.0,6351.0,6571.0,79
Zinoleesky,Soundcloud_followers_daily,Q3_2025,net_change,175.0,6572.0,6747.0,87
Zinoleesky,Soundcloud_followers_daily,Q4_2025,net_change,189.0,6750.0,6939.0,87
Zinoleesky,Spotify_followers_daily,Q1_2025,net_change,212264.0,1646398.0,1858662.0,90
Zinoleesky,Spotify_followers_daily,Q1_2026,net_change,186691.0,2583725.0,2770416.0,90
Zinoleesky,Spotify_followers_daily,Q2_2025,net_change,270883.0,1860884.0,2131767.0,91
Zinoleesky,Spotify_followers_daily,Q3_2025,net_change,216172.0,2132873.0,2349045.0,92
Zinoleesky,Spotify_followers_daily,Q4_2025,net_change,229959.0,2351077.0,2581036.0,92
Zinoleesky,Spotify_monthly_listeners_daily,Q1_2025,net_change,-150897.0,1909017.0,1758120.0,90
Zinoleesky,Spotify_monthly_listeners_daily,Q1_2026,net_change,-152106.0,2356530.0,2204424.0,90
Zinoleesky,Spotify_monthly_listeners_daily,Q2_2025,net_change,280972.0,1767231.0,2048203.0,91
Zinoleesky,Spotify_monthly_listeners_daily,Q3_2025,net_change,21822.0,2044393.0,2066215.0,92
Zinoleesky,Spotify_monthly_listeners_daily,Q4_2025,net_change,279131.0,2066061.0,2345192.0,92
Zinoleesky,Spotify_popularity_daily,Q1_2025,last_value,63.0,64.0,63.0,77
Zinoleesky,Spotify_popularity_daily,Q1_2026,last_value,64.0,67.0,64.0,82
Zinoleesky,Spotify_popularity_daily,Q2_2025,last_value,68.0,63.0,68.0,51
Zinoleesky,Spotify_popularity_daily,Q3_2025,last_value,67.0,68.0,67.0,87
Zinoleesky,Spotify_popularity_daily,Q4_2025,last_value,66.0,67.0,66.0,81
Zinoleesky,Twitter_followers_daily,Q1_2025,net_change,110.0,8231.0,8341.0,73
Zinoleesky,Twitter_followers_daily,Q1_2026,net_change,-65.0,8801.0,8736.0,79
Zinoleesky,Twitter_followers_daily,Q2_2025,net_change,122.0,8345.0,8467.0,72
Zinoleesky,Twitter_followers_daily,Q3_2025,net_change,386.0,8470.0,8856.0,66
Zinoleesky,Twitter_followers_daily,Q4_2025,net_change,-56.0,8855.0,8799.0,90
Zinoleesky,Wikipedia_views_daily,Q1_2025,sum,17241.0,100.0,246.0,90
Zinoleesky,Wikipedia_views_daily,Q1_2026,sum,16332.0,154.0,183.0,84
Zinoleesky,Wikipedia_views_daily,Q2_2025,sum,39942.0,343.0,194.0,91
Zinoleesky,Wikipedia_views_daily,Q3_2025,sum,17039.0,187.0,159.0,92
Zinoleesky,Wikipedia_views_daily,Q4_2025,sum,18083.0,116.0,179.0,92
Zinoleesky,YouTube_channel_views_daily,Q1_2025,sum,5798235716.0,60631564.0,67386160.0,90
Zinoleesky,YouTube_channel_views_daily,Q1_2026,sum,8796859726.0,94500110.0,100230430.0,90
Zinoleesky,YouTube_channel_views_daily,Q2_2025,sum,6663203740.0,67463750.0,79166280.0,91
Zinoleesky,YouTube_channel_views_daily,Q3_2025,sum,7665640038.0,79233100.0,87406264.0,92
Zinoleesky,YouTube_channel_views_daily,Q4_2025,sum,8373444732.0,87478730.0,94420170.0,92
Zinoleesky,YouTube_subscribers_daily,Q1_2025,net_change,14700.0,191500.0,206200.0,90
Zinoleesky,YouTube_subscribers_daily,Q1_2026,net_change,7875.0,273125.0,281000.0,90
Zinoleesky,YouTube_subscribers_daily,Q2_2025,net_change,38667.0,206400.0,245067.0,91
Zinoleesky,YouTube_subscribers_daily,Q3_2025,net_change,16086.0,245200.0,261286.0,92
Zinoleesky,YouTube_subscribers_daily,Q4_2025,net_change,11571.0,261429.0,273000.0,92
Zlatan,Deezer_fans_daily,Q1_2025,net_change,223.0,118888.0,119111.0,90
Zlatan,Deezer_fans_daily,Q1_2026,net_change,277.0,119965.0,120242.0,90
Zlatan,Deezer_fans_daily,Q2_2025,net_change,247.0,119113.0,119360.0,90
Zlatan,Deezer_fans_daily,Q3_2025,net_change,284.0,119363.0,119647.0,92
Zlatan,Deezer_fans_daily,Q4_2025,net_change,314.0,119648.0,119962.0,92
Zlatan,Facebook_followers_daily,Q1_2025,net_change,-23217.0,1001235.0,978018.0,56
Zlatan,Facebook_followers_daily,Q1_2026,net_change,-14000.0,885000.0,871000.0,17
Zlatan,Facebook_followers_daily,Q2_2025,net_change,-6067.0,977731.0,971664.0,14
Zlatan,Facebook_followers_daily,Q3_2025,net_change,-14000.0,921000.0,907000.0,40
Zlatan,Facebook_followers_daily,Q4_2025,net_change,-21000.0,907000.0,886000.0,86
Zlatan,Facebook_likes_daily,Q1_2025,net_change,-23217.0,1001235.0,978018.0,56
Zlatan,Facebook_likes_daily,Q1_2026,net_change,871138.0,0.0,871138.0,17
Zlatan,Facebook_likes_daily,Q2_2025,net_change,-6067.0,977731.0,971664.0,14
Zlatan,Facebook_likes_daily,Q3_2025,net_change,0.0,0.0,0.0,40
Zlatan,Facebook_likes_daily,Q4_2025,net_change,0.0,0.0,0.0,86
Zlatan,Facebook_talks_daily,Q1_2025,sum,21398.0,420.0,340.0,56
Zlatan,Facebook_talks_daily,Q1_2026,sum,3552.0,292.0,85.0,17
Zlatan,Facebook_talks_daily,Q2_2025,sum,3914.0,377.0,272.0,14
Zlatan,Facebook_talks_daily,Q3_2025,sum,13959.0,409.0,306.0,40
Zlatan,Facebook_talks_daily,Q4_2025,sum,24407.0,258.0,260.0,86
Zlatan,Instagram_followers_daily,Q1_2025,net_change,-110550.0,7563526.0,7452976.0,89
Zlatan,Instagram_followers_daily,Q1_2026,net_change,49951.0,7467071.0,7517022.0,89
Zlatan,Instagram_followers_daily,Q2_2025,net_change,3551.0,7454040.0,7457591.0,89
Zlatan,Instagram_followers_daily,Q3_2025,net_change,-7980.0,7460148.0,7452168.0,59
Zlatan,Instagram_followers_daily,Q4_2025,net_change,15456.0,7451490.0,7466946.0,82
Zlatan,Spotify_followers_daily,Q1_2025,net_change,149716.0,1367725.0,1517441.0,90
Zlatan,Spotify_followers_daily,Q1_2026,net_change,226748.0,2156157.0,2382905.0,90
Zlatan,Spotify_followers_daily,Q2_2025,net_change,197568.0,1519433.0,1717001.0,91
Zlatan,Spotify_followers_daily,Q3_2025,net_change,209365.0,1718620.0,1927985.0,92
Zlatan,Spotify_followers_daily,Q4_2025,net_change,223651.0,1929903.0,2153554.0,92
Zlatan,Spotify_monthly_listeners_daily,Q1_2025,net_change,44856.0,1168635.0,1213491.0,90
Zlatan,Spotify_monthly_listeners_daily,Q1_2026,net_change,-90153.0,2063474.0,1973321.0,90
Zlatan,Spotify_monthly_listeners_daily,Q2_2025,net_change,609710.0,1248687.0,1858397.0,91
Zlatan,Spotify_monthly_listeners_daily,Q3_2025,net_change,318849.0,1847907.0,2166756.0,92
Zlatan,Spotify_monthly_listeners_daily,Q4_2025,net_change,-81503.0,2138652.0,2057149.0,92
Zlatan,Spotify_popularity_daily,Q1_2025,last_value,61.0,61.0,61.0,77
Zlatan,Spotify_popularity_daily,Q1_2026,last_value,67.0,69.0,67.0,71
Zlatan,Spotify_popularity_daily,Q2_2025,last_value,66.0,62.0,66.0,46
Zlatan,Spotify_popularity_daily,Q3_2025,last_value,67.0,66.0,67.0,87
Zlatan,Spotify_popularity_daily,Q4_2025,last_value,68.0,67.0,68.0,77
Zlatan,TikTok_followers_daily,Q1_2025,net_change,11700.0,554100.0,565800.0,90
Zlatan,TikTok_followers_daily,Q1_2026,net_change,13260.0,827740.0,841000.0,90
Zlatan,TikTok_followers_daily,Q2_2025,net_change,102000.0,566100.0,668100.0,91
Zlatan,TikTok_followers_daily,Q3_2025,net_change,58000.0,670100.0,728100.0,92
Zlatan,TikTok_followers_daily,Q4_2025,net_change,97400.0,730300.0,827700.0,92
Zlatan,TikTok_likes_daily,Q1_2025,net_change,352777.0,3158334.0,3511111.0,90
Zlatan,TikTok_likes_daily,Q1_2026,net_change,735000.0,8340000.0,9075000.0,90
Zlatan,TikTok_likes_daily,Q2_2025,net_change,1577778.0,3522222.0,5100000.0,91
Zlatan,TikTok_likes_daily,Q3_2025,net_change,1755000.0,5125000.0,6880000.0,92
Zlatan,TikTok_likes_daily,Q4_2025,net_change,1413334.0,6920000.0,8333334.0,92
Zlatan,Twitter_followers_daily,Q1_2025,net_change,33743.0,1736445.0,1770188.0,73
Zlatan,Twitter_followers_daily,Q1_2026,net_change,7704.0,1840801.0,1848505.0,72
Zlatan,Twitter_followers_daily,Q2_2025,net_change,33197.0,1770775.0,1803972.0,72
Zlatan,Twitter_followers_daily,Q3_2025,net_change,22620.0,1804503.0,1827123.0,66
Zlatan,Twitter_followers_daily,Q4_2025,net_change,13707.0,1827156.0,1840863.0,88
Zlatan,Wikipedia_views_daily,Q1_2025,sum,11482.0,122.0,218.0,90
Zlatan,Wikipedia_views_daily,Q1_2026,sum,9824.0,124.0,82.0,84
Zlatan,Wikipedia_views_daily,Q2_2025,sum,14413.0,142.0,230.0,91
Zlatan,Wikipedia_views_daily,Q3_2025,sum,12861.0,192.0,84.0,92
Zlatan,Wikipedia_views_daily,Q4_2025,sum,13462.0,74.0,134.0,91
Zlatan,YouTube_channel_views_daily,Q1_2025,sum,9933073766.0,106936344.0,114025570.0,90
Zlatan,YouTube_channel_views_daily,Q1_2026,sum,14120504060.0,153437310.0,159490980.0,90
Zlatan,YouTube_channel_views_daily,Q2_2025,sum,11033689342.0,114322936.0,126572350.0,91
Zlatan,YouTube_channel_views_daily,Q3_2025,sum,12106524256.0,126662870.0,135829170.0,92
Zlatan,YouTube_channel_views_daily,Q4_2025,sum,13420575980.0,135934020.0,153327140.0,92
Zlatan,YouTube_subscribers_daily,Q1_2025,net_change,8237.0,362263.0,370500.0,90
Zlatan,YouTube_subscribers_daily,Q1_2026,net_change,5923.0,427077.0,433000.0,90
Zlatan,YouTube_subscribers_daily,Q2_2025,net_change,12000.0,371000.0,383000.0,91
Zlatan,YouTube_subscribers_daily,Q3_2025,net_change,20133.0,383200.0,403333.0,92
Zlatan,YouTube_subscribers_daily,Q4_2025,net_change,23333.0,403667.0,427000.0,92
