period,artist_name,total_streaming_revenue_usd,nigeria_domestic_share_pct,domestic_revenue_usd,export_share_pct,gross_export_revenue_usd,gross_export_revenue_ngn,top_export_markets,source
Q1_2019,Wizkid,228235.62,,,,,,"United States, United Kingdom, France, Kenya, Canada",not measured: provider published no geography this quarter | Chartmetric + Soundcharts (observed); see 02_Methodology
Q1_2019,Mr Eazi,197878.99,,,,,,"United Kingdom, United States, France, Kenya, Canada",not measured: provider published no geography this quarter | Chartmetric + Soundcharts (observed); see 02_Methodology
Q1_2019,Burna Boy,186236.61,,,,,,"United Kingdom, United States, Kenya, France, Tanzania",not measured: provider published no geography this quarter | Chartmetric + Soundcharts (observed); see 02_Methodology
Q1_2019,Flavour,170422.87,,,,,,,not measured: provider published no geography this quarter | Chartmetric + Soundcharts (observed); see 02_Methodology
Q1_2019,Maleek Berry,101216.45,,,,,,,not measured: provider published no geography this quarter | Chartmetric + Soundcharts (observed); see 02_Methodology
Q1_2019,Timaya,71174.43,,,,,,,not measured: provider published no geography this quarter | Chartmetric + Soundcharts (observed); see 02_Methodology
Q1_2019,Patoranking,62388.81,,,,,,"United States, Kenya, United Kingdom, Tanzania, France",not measured: provider published no geography this quarter | Chartmetric + Soundcharts (observed); see 02_Methodology
Q1_2019,P-Square,56449.23,,,,,,"United States, France, United Kingdom, Italy, Germany",not measured: provider published no geography this quarter | Chartmetric + Soundcharts (observed); see 02_Methodology
Q1_2019,Yemi Alade,52869.84,,,,,,"United States, France, United Kingdom, Kenya, Senegal",not measured: provider published no geography this quarter | Chartmetric + Soundcharts (observed); see 02_Methodology
Q1_2019,Falz,39738.72,,,,,,,not measured: provider published no geography this quarter | Chartmetric + Soundcharts (observed); see 02_Methodology
Q1_2019,Tiwa Savage,38197.68,,,,,,"United States, United Kingdom, France, Kenya, Italy",not measured: provider published no geography this quarter | Chartmetric + Soundcharts (observed); see 02_Methodology
Q1_2019,Iyanya,38042.72,,,,,,"United States, France, United Kingdom, Canada, Germany",not measured: provider published no geography this quarter | Chartmetric + Soundcharts (observed); see 02_Methodology
Q1_2019,Olamide,37947.71,,,,,,"United States, United Kingdom, Kenya, Italy, France",not measured: provider published no geography this quarter | Chartmetric + Soundcharts (observed); see 02_Methodology
Q1_2019,Banky W.,35815.65,,,,,,"United States, Kenya, United Kingdom, Cameroon, Ghana",not measured: provider published no geography this quarter | Chartmetric + Soundcharts (observed); see 02_Methodology
Q1_2019,Tekno,31074.35,,,,,,,not measured: provider published no geography this quarter | Chartmetric + Soundcharts (observed); see 02_Methodology
Q1_2019,2Baba,29745.08,,,,,,,not measured: provider published no geography this quarter | Chartmetric + Soundcharts (observed); see 02_Methodology
Q1_2019,Korede Bello,27806.09,,,,,,,not measured: provider published no geography this quarter | Chartmetric + Soundcharts (observed); see 02_Methodology
Q1_2019,Ice Prince,25191.51,,,,,,"United States, United Kingdom, Ghana, South Africa, Italy",not measured: provider published no geography this quarter | Chartmetric + Soundcharts (observed); see 02_Methodology
Q1_2019,Reekado Banks,24212.76,,,,,,"United States, United Kingdom, Italy, Kenya, Germany",not measured: provider published no geography this quarter | Chartmetric + Soundcharts (observed); see 02_Methodology
Q1_2019,Wande Coal,24051.55,,,,,,"United States, United Kingdom, France, Canada, Germany",not measured: provider published no geography this quarter | Chartmetric + Soundcharts (observed); see 02_Methodology
Q1_2019,Fela Kuti,21734.32,,,,,,"United States, United Kingdom, France, Tanzania, Kenya",not measured: provider published no geography this quarter | Chartmetric + Soundcharts (observed); see 02_Methodology
Q1_2019,Phyno,21161.81,,,,,,"United States, Italy, United Kingdom, United Arab Emirates, Germany",not measured: provider published no geography this quarter | Chartmetric + Soundcharts (observed); see 02_Methodology
Q1_2019,Niniola,18197.21,,,,,,,not measured: provider published no geography this quarter | Chartmetric + Soundcharts (observed); see 02_Methodology
Q1_2019,Ycee,17185.16,,,,,,,not measured: provider published no geography this quarter | Chartmetric + Soundcharts (observed); see 02_Methodology
Q1_2019,D'banj,16161.24,,,,,,"United States, United Kingdom, South Africa, France, Romania",not measured: provider published no geography this quarter | Chartmetric + Soundcharts (observed); see 02_Methodology
Q1_2019,Aṣa,16119.59,,,,,,,not measured: provider published no geography this quarter | Chartmetric + Soundcharts (observed); see 02_Methodology
Q1_2019,Nonso Amadi,13207.45,,,,,,,not measured: provider published no geography this quarter | Chartmetric + Soundcharts (observed); see 02_Methodology
Q1_2019,Kizz Daniel,13198.4,,,,,,,not measured: provider published no geography this quarter | Chartmetric + Soundcharts (observed); see 02_Methodology
Q1_2019,Rema,13047.63,,,,,,,not measured: provider published no geography this quarter | Chartmetric + Soundcharts (observed); see 02_Methodology
Q1_2019,Teni,12756.51,,,,,,,not measured: provider published no geography this quarter | Chartmetric + Soundcharts (observed); see 02_Methodology
Q1_2019,Mayorkun,12473.46,,,,,,,not measured: provider published no geography this quarter | Chartmetric + Soundcharts (observed); see 02_Methodology
Q1_2019,Seyi Shay,12339.17,,,,,,,not measured: provider published no geography this quarter | Chartmetric + Soundcharts (observed); see 02_Methodology
Q1_2019,DJ Neptune,11366.36,,,,,,,not measured: provider published no geography this quarter | Chartmetric + Soundcharts (observed); see 02_Methodology
Q1_2019,Zlatan,11037.7,,,,,,,not measured: provider published no geography this quarter | Chartmetric + Soundcharts (observed); see 02_Methodology
Q1_2019,Skiibii,10916.82,,,,,,,not measured: provider published no geography this quarter | Chartmetric + Soundcharts (observed); see 02_Methodology
Q1_2019,Odunsi (The Engine),10381.41,,,,,,,not measured: provider published no geography this quarter | Chartmetric + Soundcharts (observed); see 02_Methodology
Q1_2019,Ajebutter22,9381.68,,,,,,,not measured: provider published no geography this quarter | Chartmetric + Soundcharts (observed); see 02_Methodology
Q1_2019,Adekunle Gold,8128.67,,,,,,,not measured: provider published no geography this quarter | Chartmetric + Soundcharts (observed); see 02_Methodology
Q1_2019,Solidstar,8082.05,,,,,,,not measured: provider published no geography this quarter | Chartmetric + Soundcharts (observed); see 02_Methodology
Q1_2019,Boj,7872.28,,,,,,,not measured: provider published no geography this quarter | Chartmetric + Soundcharts (observed); see 02_Methodology
Q1_2019,Sarz,7064.21,,,,,,,not measured: provider published no geography this quarter | Chartmetric + Soundcharts (observed); see 02_Methodology
Q1_2019,Naira Marley,6455.26,,,,,,,not measured: provider published no geography this quarter | Chartmetric + Soundcharts (observed); see 02_Methodology
Q1_2019,Ric Hassani,5717.5,,,,,,,not measured: provider published no geography this quarter | Chartmetric + Soundcharts (observed); see 02_Methodology
Q1_2019,Johnny Drille,5697.08,,,,,,,not measured: provider published no geography this quarter | Chartmetric + Soundcharts (observed); see 02_Methodology
Q1_2019,Brymo,5335.19,,,,,,,not measured: provider published no geography this quarter | Chartmetric + Soundcharts (observed); see 02_Methodology
Q1_2019,Simi,5328.19,,,,,,,not measured: provider published no geography this quarter | Chartmetric + Soundcharts (observed); see 02_Methodology
Q1_2019,Bracket,5260.7,,,,,,,not measured: provider published no geography this quarter | Chartmetric + Soundcharts (observed); see 02_Methodology
Q1_2019,Fireboy DML,5183.26,,,,,,,not measured: provider published no geography this quarter | Chartmetric + Soundcharts (observed); see 02_Methodology
Q1_2019,Lil Kesh,4792.05,,,,,,,not measured: provider published no geography this quarter | Chartmetric + Soundcharts (observed); see 02_Methodology
Q1_2019,9ice,4576.79,,,,,,,not measured: provider published no geography this quarter | Chartmetric + Soundcharts (observed); see 02_Methodology
Q1_2019,WurlD,4537.91,,,,,,,not measured: provider published no geography this quarter | Chartmetric + Soundcharts (observed); see 02_Methodology
Q1_2019,Sean Tizzle,4425.78,,,,,,,not measured: provider published no geography this quarter | Chartmetric + Soundcharts (observed); see 02_Methodology
Q1_2019,Peruzzi,4214.13,,,,,,,not measured: provider published no geography this quarter | Chartmetric + Soundcharts (observed); see 02_Methodology
Q1_2019,Show Dem Camp,4079.37,,,,,,,not measured: provider published no geography this quarter | Chartmetric + Soundcharts (observed); see 02_Methodology
Q1_2019,Darey,4072.94,,,,,,,not measured: provider published no geography this quarter | Chartmetric + Soundcharts (observed); see 02_Methodology
Q1_2019,Reminisce,3755.41,,,,,,,not measured: provider published no geography this quarter | Chartmetric + Soundcharts (observed); see 02_Methodology
Q1_2019,Praiz,3630.51,,,,,,,not measured: provider published no geography this quarter | Chartmetric + Soundcharts (observed); see 02_Methodology
Q1_2019,Dammy Krane,3486.48,,,,,,,not measured: provider published no geography this quarter | Chartmetric + Soundcharts (observed); see 02_Methodology
Q1_2019,Duncan Mighty,3380.12,,,,,,,not measured: provider published no geography this quarter | Chartmetric + Soundcharts (observed); see 02_Methodology
Q1_2019,M.I. Abaga,2988.53,,,,,,,not measured: provider published no geography this quarter | Chartmetric + Soundcharts (observed); see 02_Methodology
Q1_2019,Dremo,2892.97,,,,,,,not measured: provider published no geography this quarter | Chartmetric + Soundcharts (observed); see 02_Methodology
Q1_2019,HarrySong,2730.96,,,,,,"United States, United Arab Emirates, Italy, United Kingdom, Ghana",not measured: provider published no geography this quarter | Chartmetric + Soundcharts (observed); see 02_Methodology
Q1_2019,Naeto C,2576.01,,,,,,,not measured: provider published no geography this quarter | Chartmetric + Soundcharts (observed); see 02_Methodology
Q1_2019,Joeboy,2371.93,,,,,,,not measured: provider published no geography this quarter | Chartmetric + Soundcharts (observed); see 02_Methodology
Q1_2019,Small Doctor,2324.07,,,,,,,not measured: provider published no geography this quarter | Chartmetric + Soundcharts (observed); see 02_Methodology
Q1_2019,Amaarae,2294.32,,,,,,,not measured: provider published no geography this quarter | Chartmetric + Soundcharts (observed); see 02_Methodology
Q1_2019,Dice Ailes,2138.23,,,,,,,not measured: provider published no geography this quarter | Chartmetric + Soundcharts (observed); see 02_Methodology
Q1_2019,LADIPOE,1997.4,,,,,,,not measured: provider published no geography this quarter | Chartmetric + Soundcharts (observed); see 02_Methodology
Q1_2019,Lady Donli,1887.83,,,,,,,not measured: provider published no geography this quarter | Chartmetric + Soundcharts (observed); see 02_Methodology
Q1_2019,CDQ,1714.38,,,,,,,not measured: provider published no geography this quarter | Chartmetric + Soundcharts (observed); see 02_Methodology
Q1_2019,Sound Sultan,1656.35,,,,,,,not measured: provider published no geography this quarter | Chartmetric + Soundcharts (observed); see 02_Methodology
Q1_2019,Waje,1537.29,,,,,,,not measured: provider published no geography this quarter | Chartmetric + Soundcharts (observed); see 02_Methodology
Q1_2019,King Sunny Ade,1407.72,,,,,,,not measured: provider published no geography this quarter | Chartmetric + Soundcharts (observed); see 02_Methodology
Q1_2019,Terry Apala,899.44,,,,,,,not measured: provider published no geography this quarter | Chartmetric + Soundcharts (observed); see 02_Methodology
Q1_2019,Olu Maintain,842.59,,,,,,,not measured: provider published no geography this quarter | Chartmetric + Soundcharts (observed); see 02_Methodology
Q1_2019,Yung6ix,810.43,,,,,,,not measured: provider published no geography this quarter | Chartmetric + Soundcharts (observed); see 02_Methodology
Q1_2019,Prettyboy D-O,741.95,,,,,,,not measured: provider published no geography this quarter | Chartmetric + Soundcharts (observed); see 02_Methodology
Q1_2019,Vector,690.85,,,,,,,not measured: provider published no geography this quarter | Chartmetric + Soundcharts (observed); see 02_Methodology
Q1_2019,Mannywellz,676.85,,,,,,,not measured: provider published no geography this quarter | Chartmetric + Soundcharts (observed); see 02_Methodology
Q1_2019,Blaqbonez,520.09,,,,,,,not measured: provider published no geography this quarter | Chartmetric + Soundcharts (observed); see 02_Methodology
Q1_2019,Lagbaja,509.0,,,,,,,not measured: provider published no geography this quarter | Chartmetric + Soundcharts (observed); see 02_Methodology
Q1_2019,Olakira,430.14,,,,,,,not measured: provider published no geography this quarter | Chartmetric + Soundcharts (observed); see 02_Methodology
Q1_2019,Eldee,343.27,,,,,,,not measured: provider published no geography this quarter | Chartmetric + Soundcharts (observed); see 02_Methodology
Q1_2019,Jesse Jagz,330.92,,,,,,,not measured: provider published no geography this quarter | Chartmetric + Soundcharts (observed); see 02_Methodology
Q1_2019,Illbliss,312.04,,,,,,,not measured: provider published no geography this quarter | Chartmetric + Soundcharts (observed); see 02_Methodology
Q1_2019,Oxlade,308.83,,,,,,,not measured: provider published no geography this quarter | Chartmetric + Soundcharts (observed); see 02_Methodology
Q1_2019,Lyta,208.6,,,,,,,not measured: provider published no geography this quarter | Chartmetric + Soundcharts (observed); see 02_Methodology
Q1_2019,CKay,85.18,,,,,,,not measured: provider published no geography this quarter | Chartmetric + Soundcharts (observed); see 02_Methodology
Q1_2019,Ebenezer Obey,73.34,,,,,,,not measured: provider published no geography this quarter | Chartmetric + Soundcharts (observed); see 02_Methodology
Q1_2019,Bella Shmurda,43.67,,,,,,,not measured: provider published no geography this quarter | Chartmetric + Soundcharts (observed); see 02_Methodology
Q1_2019,Oritsefemi,25.59,,,,,,,not measured: provider published no geography this quarter | Chartmetric + Soundcharts (observed); see 02_Methodology
Q1_2019,Magixx,0.07,,,,,,,not measured: provider published no geography this quarter | Chartmetric + Soundcharts (observed); see 02_Methodology
Q1_2019,=== PERIOD TOTAL ===,1872809.31,,,,,,,Aggregated
Q2_2019,Wizkid,266102.41,,,,,,"United States, United Kingdom, France, Canada, Germany",not measured: provider published no geography this quarter | Chartmetric + Soundcharts (observed); see 02_Methodology
Q2_2019,Mr Eazi,238419.13,,,,,,"United Kingdom, United States, France, Kenya, Canada",not measured: provider published no geography this quarter | Chartmetric + Soundcharts (observed); see 02_Methodology
Q2_2019,Burna Boy,197296.02,,,,,,"United States, United Kingdom, France, Kenya, Réunion",not measured: provider published no geography this quarter | Chartmetric + Soundcharts (observed); see 02_Methodology
Q2_2019,Flavour,186640.18,,,,,,"United States, United Kingdom, France, Canada, Netherlands",not measured: provider published no geography this quarter | Chartmetric + Soundcharts (observed); see 02_Methodology
Q2_2019,Maleek Berry,119294.67,,,,,,"United States, United Kingdom, France, Kenya, Canada",not measured: provider published no geography this quarter | Chartmetric + Soundcharts (observed); see 02_Methodology
Q2_2019,Timaya,80180.95,,,,,,"United States, Italy, United Kingdom, Germany, France",not measured: provider published no geography this quarter | Chartmetric + Soundcharts (observed); see 02_Methodology
Q2_2019,Davido,79382.45,,,,,,"United States, United Kingdom, Canada, France, Netherlands",not measured: provider published no geography this quarter | Chartmetric + Soundcharts (observed); see 02_Methodology
Q2_2019,Yemi Alade,71924.84,,,,,,"United States, France, Kenya, United Kingdom, Germany",not measured: provider published no geography this quarter | Chartmetric + Soundcharts (observed); see 02_Methodology
Q2_2019,P-Square,70437.62,,,,,,"France, United States, United Kingdom, Germany, Italy",not measured: provider published no geography this quarter | Chartmetric + Soundcharts (observed); see 02_Methodology
Q2_2019,Patoranking,70289.22,,,,,,"United States, Kenya, United Kingdom, France, Tanzania",not measured: provider published no geography this quarter | Chartmetric + Soundcharts (observed); see 02_Methodology
Q2_2019,Tiwa Savage,54862.95,,,,,,"United States, United Kingdom, France, Italy, Germany",not measured: provider published no geography this quarter | Chartmetric + Soundcharts (observed); see 02_Methodology
Q2_2019,Falz,43371.85,,,,,,"United States, United Kingdom, Canada, France, Netherlands",not measured: provider published no geography this quarter | Chartmetric + Soundcharts (observed); see 02_Methodology
Q2_2019,Tekno,40917.89,,,,,,"United States, Netherlands, United Kingdom, France, Canada",not measured: provider published no geography this quarter | Chartmetric + Soundcharts (observed); see 02_Methodology
Q2_2019,Olamide,40496.22,,,,,,"United States, United Kingdom, France, Italy, Germany",not measured: provider published no geography this quarter | Chartmetric + Soundcharts (observed); see 02_Methodology
Q2_2019,Iyanya,39874.74,,,,,,"United States, France, United Kingdom, Germany, Italy",not measured: provider published no geography this quarter | Chartmetric + Soundcharts (observed); see 02_Methodology
Q2_2019,Banky W.,37982.24,,,,,,"Netherlands, Sweden, United States, Kenya, Ghana",not measured: provider published no geography this quarter | Chartmetric + Soundcharts (observed); see 02_Methodology
Q2_2019,Korede Bello,34846.79,,,,,,"United States, France, United Kingdom, Germany, Senegal",not measured: provider published no geography this quarter | Chartmetric + Soundcharts (observed); see 02_Methodology
Q2_2019,2Baba,33563.37,,,,,,"United States, United Kingdom, Italy, Germany, France",not measured: provider published no geography this quarter | Chartmetric + Soundcharts (observed); see 02_Methodology
Q2_2019,Ice Prince,30918.83,,,,,,"Australia, Netherlands, Sweden, Mexico, New Zealand",not measured: provider published no geography this quarter | Chartmetric + Soundcharts (observed); see 02_Methodology
Q2_2019,Reekado Banks,28365.39,,,,,,"United States, United Kingdom, Italy, Kenya, Germany",not measured: provider published no geography this quarter | Chartmetric + Soundcharts (observed); see 02_Methodology
Q2_2019,Wande Coal,27067.48,,,,,,"United States, United Kingdom, France, Canada, Germany",not measured: provider published no geography this quarter | Chartmetric + Soundcharts (observed); see 02_Methodology
Q2_2019,Fela Kuti,26180.5,,,,,,"Sweden, Denmark, Ireland, United States, Norway",not measured: provider published no geography this quarter | Chartmetric + Soundcharts (observed); see 02_Methodology
Q2_2019,Rema,24131.54,,,,,,"United States, Netherlands, United Kingdom, France, Canada",not measured: provider published no geography this quarter | Chartmetric + Soundcharts (observed); see 02_Methodology
Q2_2019,Niniola,23052.35,,,,,,"United States, France, United Kingdom, Netherlands, Canada",not measured: provider published no geography this quarter | Chartmetric + Soundcharts (observed); see 02_Methodology
Q2_2019,Ycee,22672.63,,,,,,"United States, United Kingdom, Netherlands, Canada, Germany",not measured: provider published no geography this quarter | Chartmetric + Soundcharts (observed); see 02_Methodology
Q2_2019,Cruel Santino,21506.34,,,,,,"United States, United Kingdom, Canada, Australia, Netherlands",not measured: provider published no geography this quarter | Chartmetric + Soundcharts (observed); see 02_Methodology
Q2_2019,D'banj,20876.89,,,,,,"United States, Norway, Denmark, United Kingdom, Chile",not measured: provider published no geography this quarter | Chartmetric + Soundcharts (observed); see 02_Methodology
Q2_2019,Aṣa,19895.58,,,,,,"France, Brazil, Spain, Germany, Netherlands",not measured: provider published no geography this quarter | Chartmetric + Soundcharts (observed); see 02_Methodology
Q2_2019,Kizz Daniel,17687.41,,,,,,"United States, United Kingdom, Canada, France, Netherlands",not measured: provider published no geography this quarter | Chartmetric + Soundcharts (observed); see 02_Methodology
Q2_2019,Teni,16916.17,,,,,,"United States, United Kingdom, Canada, France, Netherlands",not measured: provider published no geography this quarter | Chartmetric + Soundcharts (observed); see 02_Methodology
Q2_2019,Nonso Amadi,16492.59,,,,,,"United States, United Kingdom, Netherlands, Canada, France",not measured: provider published no geography this quarter | Chartmetric + Soundcharts (observed); see 02_Methodology
Q2_2019,Mayorkun,16472.39,,,,,,"United States, United Kingdom, Canada, Netherlands, France",not measured: provider published no geography this quarter | Chartmetric + Soundcharts (observed); see 02_Methodology
Q2_2019,Phyno,15196.22,,,,,,"United States, United Kingdom, Italy, Germany, France",not measured: provider published no geography this quarter | Chartmetric + Soundcharts (observed); see 02_Methodology
Q2_2019,Zlatan,14617.92,,,,,,"United States, United Kingdom, Canada, Netherlands, France",not measured: provider published no geography this quarter | Chartmetric + Soundcharts (observed); see 02_Methodology
Q2_2019,Skiibii,14432.66,,,,,,"France, United States, Netherlands, United Kingdom, Canada",not measured: provider published no geography this quarter | Chartmetric + Soundcharts (observed); see 02_Methodology
Q2_2019,Seyi Shay,13960.3,,,,,,"United States, United Kingdom, Canada, Sweden, France",not measured: provider published no geography this quarter | Chartmetric + Soundcharts (observed); see 02_Methodology
Q2_2019,DJ Neptune,13880.69,,,,,,"United States, United Kingdom, Canada, France, Netherlands",not measured: provider published no geography this quarter | Chartmetric + Soundcharts (observed); see 02_Methodology
Q2_2019,Odunsi (The Engine),13716.98,,,,,,"United States, United Kingdom, Canada, Netherlands, France",not measured: provider published no geography this quarter | Chartmetric + Soundcharts (observed); see 02_Methodology
Q2_2019,Ajebutter22,12391.76,,,,,,"United States, United Kingdom, France, Netherlands, Canada",not measured: provider published no geography this quarter | Chartmetric + Soundcharts (observed); see 02_Methodology
Q2_2019,Adekunle Gold,10668.71,,,,,,"United States, United Kingdom, Canada, France, Netherlands",not measured: provider published no geography this quarter | Chartmetric + Soundcharts (observed); see 02_Methodology
Q2_2019,Boj,10400.29,,,,,,"United States, United Kingdom, Canada, Netherlands, France",not measured: provider published no geography this quarter | Chartmetric + Soundcharts (observed); see 02_Methodology
Q2_2019,Sarz,9329.62,,,,,,"United States, Netherlands, United Kingdom, Canada, France",not measured: provider published no geography this quarter | Chartmetric + Soundcharts (observed); see 02_Methodology
Q2_2019,Solidstar,9173.58,,,,,,"United States, United Kingdom, Netherlands, Canada, France",not measured: provider published no geography this quarter | Chartmetric + Soundcharts (observed); see 02_Methodology
Q2_2019,Naira Marley,8539.09,,,,,,"United Kingdom, United States, Canada, France, Netherlands",not measured: provider published no geography this quarter | Chartmetric + Soundcharts (observed); see 02_Methodology
Q2_2019,Ric Hassani,7545.36,,,,,,"Netherlands, Sweden, United States, France, Germany",not measured: provider published no geography this quarter | Chartmetric + Soundcharts (observed); see 02_Methodology
Q2_2019,Johnny Drille,7524.97,,,,,,"United States, France, Philippines, Brazil, India",not measured: provider published no geography this quarter | Chartmetric + Soundcharts (observed); see 02_Methodology
Q2_2019,Simi,7030.79,,,,,,"United States, United Kingdom, Canada, France, Netherlands",not measured: provider published no geography this quarter | Chartmetric + Soundcharts (observed); see 02_Methodology
Q2_2019,Fireboy DML,6856.0,,,,,,"United States, France, Netherlands, Canada, United Kingdom",not measured: provider published no geography this quarter | Chartmetric + Soundcharts (observed); see 02_Methodology
Q2_2019,Bracket,6801.8,,,,,,"Netherlands, France, United States, Sweden, United Kingdom",not measured: provider published no geography this quarter | Chartmetric + Soundcharts (observed); see 02_Methodology
Q2_2019,Lil Kesh,6308.87,,,,,,"United States, United Kingdom, Canada, France, Netherlands",not measured: provider published no geography this quarter | Chartmetric + Soundcharts (observed); see 02_Methodology
Q2_2019,WurlD,6163.02,,,,,,"United States, United Kingdom, Canada, Netherlands, France",not measured: provider published no geography this quarter | Chartmetric + Soundcharts (observed); see 02_Methodology
Q2_2019,Brymo,5862.87,,,,,,"United States, United Kingdom, Canada, France, Netherlands",not measured: provider published no geography this quarter | Chartmetric + Soundcharts (observed); see 02_Methodology
Q2_2019,Peruzzi,5573.31,,,,,,"United States, United Kingdom, Canada, France, Netherlands",not measured: provider published no geography this quarter | Chartmetric + Soundcharts (observed); see 02_Methodology
Q2_2019,9ice,5411.03,,,,,,"United States, United Kingdom, Canada, France, Netherlands",not measured: provider published no geography this quarter | Chartmetric + Soundcharts (observed); see 02_Methodology
Q2_2019,Show Dem Camp,5390.05,,,,,,"United States, United Kingdom, Canada, Netherlands, France",not measured: provider published no geography this quarter | Chartmetric + Soundcharts (observed); see 02_Methodology
Q2_2019,Sean Tizzle,5200.03,,,,,,"United States, United Kingdom, Canada, France, Netherlands",not measured: provider published no geography this quarter | Chartmetric + Soundcharts (observed); see 02_Methodology
Q2_2019,Praiz,4788.06,,,,,,"United States, Sweden, Netherlands, Germany, United Kingdom",not measured: provider published no geography this quarter | Chartmetric + Soundcharts (observed); see 02_Methodology
Q2_2019,Dammy Krane,4602.63,,,,,,"United States, United Kingdom, Saudi Arabia, Canada, Romania",not measured: provider published no geography this quarter | Chartmetric + Soundcharts (observed); see 02_Methodology
Q2_2019,Duncan Mighty,4441.4,,,,,,"United States, United Kingdom, Sweden, Canada, Netherlands",not measured: provider published no geography this quarter | Chartmetric + Soundcharts (observed); see 02_Methodology
Q2_2019,Darey,4324.43,,,,,,"United States, United Kingdom, Canada, France, Ireland",not measured: provider published no geography this quarter | Chartmetric + Soundcharts (observed); see 02_Methodology
Q2_2019,Dice Ailes,4267.41,,,,,,"United States, United Kingdom, Canada, Netherlands, France",not measured: provider published no geography this quarter | Chartmetric + Soundcharts (observed); see 02_Methodology
Q2_2019,Reminisce,4245.61,,,,,,"United States, United Kingdom, Canada, France, Netherlands",not measured: provider published no geography this quarter | Chartmetric + Soundcharts (observed); see 02_Methodology
Q2_2019,M.I. Abaga,3947.35,,,,,,"United States, United Kingdom, Canada, Netherlands, France",not measured: provider published no geography this quarter | Chartmetric + Soundcharts (observed); see 02_Methodology
Q2_2019,Dremo,3820.43,,,,,,"United States, United Kingdom, Canada, France, Netherlands",not measured: provider published no geography this quarter | Chartmetric + Soundcharts (observed); see 02_Methodology
Q2_2019,Terri,3736.33,,,,,,"France, United States, Netherlands, Canada, United Kingdom",not measured: provider published no geography this quarter | Chartmetric + Soundcharts (observed); see 02_Methodology
Q2_2019,HarrySong,3413.44,,,,,,"Netherlands, Sweden, Nicaragua, Norway, Spain",not measured: provider published no geography this quarter | Chartmetric + Soundcharts (observed); see 02_Methodology
Q2_2019,Joeboy,3135.3,,,,,,"United States, United Kingdom, Canada, France, Netherlands",not measured: provider published no geography this quarter | Chartmetric + Soundcharts (observed); see 02_Methodology
Q2_2019,Tay Iwar,3060.11,,,,,,"United States, United Kingdom, South Africa, Canada, Netherlands",not measured: provider published no geography this quarter | Chartmetric + Soundcharts (observed); see 02_Methodology
Q2_2019,Amaarae,3041.1,,,,,,"United States, United Kingdom, Canada, France, Netherlands",not measured: provider published no geography this quarter | Chartmetric + Soundcharts (observed); see 02_Methodology
Q2_2019,Naeto C,2980.86,,,,,,"United States, United Kingdom, Canada, France, Netherlands",not measured: provider published no geography this quarter | Chartmetric + Soundcharts (observed); see 02_Methodology
Q2_2019,LADIPOE,2639.03,,,,,,"United States, United Kingdom, Canada, France, Netherlands",not measured: provider published no geography this quarter | Chartmetric + Soundcharts (observed); see 02_Methodology
Q2_2019,Small Doctor,2604.33,,,,,,"United States, United Kingdom, Canada, Ireland, France",not measured: provider published no geography this quarter | Chartmetric + Soundcharts (observed); see 02_Methodology
Q2_2019,Lady Donli,2493.96,,,,,,"United States, United Kingdom, Canada, Netherlands, France",not measured: provider published no geography this quarter | Chartmetric + Soundcharts (observed); see 02_Methodology
Q2_2019,CDQ,2264.14,,,,,,"United States, United Kingdom, Canada, France, Netherlands",not measured: provider published no geography this quarter | Chartmetric + Soundcharts (observed); see 02_Methodology
Q2_2019,Waje,2032.65,,,,,,"United States, United Kingdom, Canada, Netherlands, France",not measured: provider published no geography this quarter | Chartmetric + Soundcharts (observed); see 02_Methodology
Q2_2019,Sound Sultan,1930.36,,,,,,"United States, United Kingdom, Canada, Sweden, Netherlands",not measured: provider published no geography this quarter | Chartmetric + Soundcharts (observed); see 02_Methodology
Q2_2019,King Sunny Ade,1815.07,,,,,,"United States, United Kingdom, Canada, France, Netherlands",not measured: provider published no geography this quarter | Chartmetric + Soundcharts (observed); see 02_Methodology
Q2_2019,Mr Real,1365.49,,,,,,"United States, United Kingdom, Canada, Netherlands, France",not measured: provider published no geography this quarter | Chartmetric + Soundcharts (observed); see 02_Methodology
Q2_2019,Olu Maintain,1110.69,,,,,,"United States, United Kingdom, Canada, France, Sweden",not measured: provider published no geography this quarter | Chartmetric + Soundcharts (observed); see 02_Methodology
Q2_2019,Yung6ix,1067.7,,,,,,"United States, United Kingdom, Canada, France, Netherlands",not measured: provider published no geography this quarter | Chartmetric + Soundcharts (observed); see 02_Methodology
Q2_2019,Terry Apala,1037.73,,,,,,"United States, United Kingdom, Canada, France, Sweden",not measured: provider published no geography this quarter | Chartmetric + Soundcharts (observed); see 02_Methodology
Q2_2019,Prettyboy D-O,980.81,,,,,,"United States, United Kingdom, Canada, Netherlands, France",not measured: provider published no geography this quarter | Chartmetric + Soundcharts (observed); see 02_Methodology
Q2_2019,BNXN,939.94,,,,,,"United States, France, Canada, United Kingdom, Germany",not measured: provider published no geography this quarter | Chartmetric + Soundcharts (observed); see 02_Methodology
Q2_2019,Vector,906.47,,,,,,"United States, United Kingdom, Canada, France, Chile",not measured: provider published no geography this quarter | Chartmetric + Soundcharts (observed); see 02_Methodology
Q2_2019,Tems,898.17,,,,,,"United States, United Kingdom, France, Netherlands, Canada",not measured: provider published no geography this quarter | Chartmetric + Soundcharts (observed); see 02_Methodology
Q2_2019,Mannywellz,733.55,,,,,,"United States, Canada, United Kingdom, Australia, Netherlands",not measured: provider published no geography this quarter | Chartmetric + Soundcharts (observed); see 02_Methodology
Q2_2019,Blaqbonez,687.63,,,,,,"United States, United Kingdom, Canada, Netherlands, France",not measured: provider published no geography this quarter | Chartmetric + Soundcharts (observed); see 02_Methodology
Q2_2019,Olakira,568.3,,,,,,"United States, France, Netherlands, United Kingdom, Canada",not measured: provider published no geography this quarter | Chartmetric + Soundcharts (observed); see 02_Methodology
Q2_2019,Lagbaja,509.9,,,,,,,not measured: provider published no geography this quarter | Chartmetric + Soundcharts (observed); see 02_Methodology
Q2_2019,Darkoo,437.02,,,,,,"United Kingdom, Sweden, Netherlands, Canada, Germany",not measured: provider published no geography this quarter | Chartmetric + Soundcharts (observed); see 02_Methodology
Q2_2019,Eldee,413.82,,,,,,"United States, United Kingdom, Canada, Sweden, Netherlands",not measured: provider published no geography this quarter | Chartmetric + Soundcharts (observed); see 02_Methodology
Q2_2019,Illbliss,411.76,,,,,,"United States, United Kingdom, Canada, France, Sweden",not measured: provider published no geography this quarter | Chartmetric + Soundcharts (observed); see 02_Methodology
Q2_2019,Oxlade,407.85,,,,,,"United States, United Kingdom, Canada, Netherlands, France",not measured: provider published no geography this quarter | Chartmetric + Soundcharts (observed); see 02_Methodology
Q2_2019,Jesse Jagz,401.93,,,,,,"United States, United Kingdom, Canada, Sweden, Netherlands",not measured: provider published no geography this quarter | Chartmetric + Soundcharts (observed); see 02_Methodology
Q2_2019,Lyta,275.04,,,,,,"United States, United Kingdom, Canada, France, Sweden",not measured: provider published no geography this quarter | Chartmetric + Soundcharts (observed); see 02_Methodology
Q2_2019,Spyro,158.61,,,,,,"France, United States, United Kingdom, Canada, Germany",not measured: provider published no geography this quarter | Chartmetric + Soundcharts (observed); see 02_Methodology
Q2_2019,Pheelz,129.62,,,,,,"United States, United Kingdom, Canada, South Africa, France",not measured: provider published no geography this quarter | Chartmetric + Soundcharts (observed); see 02_Methodology
Q2_2019,CKay,112.06,,,,,,"United States, United Kingdom, Canada, Germany, France",not measured: provider published no geography this quarter | Chartmetric + Soundcharts (observed); see 02_Methodology
Q2_2019,Sauce Kid,91.07,,,,,,"United States, United Kingdom, Canada, Netherlands, Sweden",not measured: provider published no geography this quarter | Chartmetric + Soundcharts (observed); see 02_Methodology
Q2_2019,Ebenezer Obey,74.45,,,,,,,not measured: provider published no geography this quarter | Chartmetric + Soundcharts (observed); see 02_Methodology
Q2_2019,Bella Shmurda,57.75,,,,,,"United States, United Kingdom, Canada, South Africa, France",not measured: provider published no geography this quarter | Chartmetric + Soundcharts (observed); see 02_Methodology
Q2_2019,Chike,26.92,,,,,,"United States, United Kingdom, Canada, France, South Africa",not measured: provider published no geography this quarter | Chartmetric + Soundcharts (observed); see 02_Methodology
Q2_2019,Oritsefemi,25.77,,,,,,"United Kingdom, United States, Spain, Peru, Italy",not measured: provider published no geography this quarter | Chartmetric + Soundcharts (observed); see 02_Methodology
Q2_2019,Mohbad,6.72,,,,,,"United States, United Kingdom, Germany, Canada, Philippines",not measured: provider published no geography this quarter | Chartmetric + Soundcharts (observed); see 02_Methodology
Q2_2019,DJ Spinall,6.01,,,,,,"United Kingdom, Canada, France, United States, Sweden",not measured: provider published no geography this quarter | Chartmetric + Soundcharts (observed); see 02_Methodology
Q2_2019,Young Jonn,4.91,,,,,,"United States, Netherlands, Germany, United Kingdom, Switzerland",not measured: provider published no geography this quarter | Chartmetric + Soundcharts (observed); see 02_Methodology
Q2_2019,Lojay,3.93,,,,,,"United Kingdom, Canada, United States, Germany, Denmark",not measured: provider published no geography this quarter | Chartmetric + Soundcharts (observed); see 02_Methodology
Q2_2019,Magixx,0.07,,,,,,,not measured: provider published no geography this quarter | Chartmetric + Soundcharts (observed); see 02_Methodology
Q2_2019,=== PERIOD TOTAL ===,2323531.24,,,,,,,Aggregated
Q3_2019,Burna Boy,507345.84,,,,,,"United States, United Kingdom, France, Kenya, Netherlands",not measured: provider published no geography this quarter | Chartmetric + Soundcharts (observed); see 02_Methodology
Q3_2019,Wizkid,390097.13,,,,,,"United States, United Kingdom, France, Singapore, Kenya",not measured: provider published no geography this quarter | Chartmetric + Soundcharts (observed); see 02_Methodology
Q3_2019,Mr Eazi,352588.41,,,,,,"Peru, Argentina, United States, United Kingdom, France",not measured: provider published no geography this quarter | Chartmetric + Soundcharts (observed); see 02_Methodology
Q3_2019,Flavour,199089.69,,,,,,"United States, Canada, United Kingdom, France, Netherlands",not measured: provider published no geography this quarter | Chartmetric + Soundcharts (observed); see 02_Methodology
Q3_2019,Davido,141984.56,,,,,,"United States, Netherlands, United Kingdom, Canada, Germany",not measured: provider published no geography this quarter | Chartmetric + Soundcharts (observed); see 02_Methodology
Q3_2019,Maleek Berry,129188.62,,,,,,"United States, United Kingdom, France, Tunisia, Canada",not measured: provider published no geography this quarter | Chartmetric + Soundcharts (observed); see 02_Methodology
Q3_2019,Yemi Alade,104903.08,,,,,,"United States, France, Kenya, United Kingdom, Germany",not measured: provider published no geography this quarter | Chartmetric + Soundcharts (observed); see 02_Methodology
Q3_2019,Tiwa Savage,92022.14,,,,,,"United States, United Kingdom, France, Germany, Kenya",not measured: provider published no geography this quarter | Chartmetric + Soundcharts (observed); see 02_Methodology
Q3_2019,Timaya,83747.99,,,,,,"United States, Italy, United Kingdom, Germany, France",not measured: provider published no geography this quarter | Chartmetric + Soundcharts (observed); see 02_Methodology
Q3_2019,P-Square,76817.07,,,,,,"United States, France, United Kingdom, Germany, Kenya",not measured: provider published no geography this quarter | Chartmetric + Soundcharts (observed); see 02_Methodology
Q3_2019,Patoranking,65140.05,,,,,,"United States, Kenya, France, United Kingdom, Germany",not measured: provider published no geography this quarter | Chartmetric + Soundcharts (observed); see 02_Methodology
Q3_2019,Tekno,60106.64,,,,,,"United States, Netherlands, United Kingdom, Canada, France",not measured: provider published no geography this quarter | Chartmetric + Soundcharts (observed); see 02_Methodology
Q3_2019,Olamide,53615.2,,,,,,"United States, United Kingdom, Italy, France, Germany",not measured: provider published no geography this quarter | Chartmetric + Soundcharts (observed); see 02_Methodology
Q3_2019,Falz,44895.52,,,,,,"United States, Canada, United Kingdom, Netherlands, France",not measured: provider published no geography this quarter | Chartmetric + Soundcharts (observed); see 02_Methodology
Q3_2019,Phyno,40177.71,,,,,,"United States, United Kingdom, Italy, Germany, Ghana",not measured: provider published no geography this quarter | Chartmetric + Soundcharts (observed); see 02_Methodology
Q3_2019,Banky W.,39754.03,,,,,,"Sweden, United States, New Zealand, Kenya, Norway",not measured: provider published no geography this quarter | Chartmetric + Soundcharts (observed); see 02_Methodology
Q3_2019,Rema,39720.61,,,,,,"United States, United Kingdom, France, Netherlands, Canada",not measured: provider published no geography this quarter | Chartmetric + Soundcharts (observed); see 02_Methodology
Q3_2019,Iyanya,39202.86,,,,,,"United States, France, United Kingdom, Germany, Italy",not measured: provider published no geography this quarter | Chartmetric + Soundcharts (observed); see 02_Methodology
Q3_2019,Korede Bello,35644.87,,,,,,"United States, France, United Kingdom, Germany, Kenya",not measured: provider published no geography this quarter | Chartmetric + Soundcharts (observed); see 02_Methodology
Q3_2019,2Baba,34569.76,,,,,,"United States, United Kingdom, Italy, Germany, France",not measured: provider published no geography this quarter | Chartmetric + Soundcharts (observed); see 02_Methodology
Q3_2019,Reekado Banks,33374.11,,,,,,"United States, United Kingdom, France, Italy, Kenya",not measured: provider published no geography this quarter | Chartmetric + Soundcharts (observed); see 02_Methodology
Q3_2019,Fela Kuti,30203.57,,,,,,"United States, Denmark, Norway, Israel, Portugal",not measured: provider published no geography this quarter | Chartmetric + Soundcharts (observed); see 02_Methodology
Q3_2019,Ycee,29400.46,,,,,,"United States, United Kingdom, Canada, Netherlands, Germany",not measured: provider published no geography this quarter | Chartmetric + Soundcharts (observed); see 02_Methodology
Q3_2019,Wande Coal,27765.1,,,,,,"United States, United Kingdom, France, Canada, Germany",not measured: provider published no geography this quarter | Chartmetric + Soundcharts (observed); see 02_Methodology
Q3_2019,Cruel Santino,27219.9,,,,,,"United States, United Kingdom, Canada, Brazil, Netherlands",not measured: provider published no geography this quarter | Chartmetric + Soundcharts (observed); see 02_Methodology
Q3_2019,Ice Prince,26732.28,,,,,,"Australia, India, Sweden, Mexico, New Zealand",not measured: provider published no geography this quarter | Chartmetric + Soundcharts (observed); see 02_Methodology
Q3_2019,Nonso Amadi,22401.83,,,,,,"United States, United Kingdom, Canada, Netherlands, France",not measured: provider published no geography this quarter | Chartmetric + Soundcharts (observed); see 02_Methodology
Q3_2019,Aṣa,22323.33,,,,,,"France, United States, Germany, Brazil, Spain",not measured: provider published no geography this quarter | Chartmetric + Soundcharts (observed); see 02_Methodology
Q3_2019,D'banj,21166.86,,,,,,"United States, Norway, Denmark, United Kingdom, Chile",not measured: provider published no geography this quarter | Chartmetric + Soundcharts (observed); see 02_Methodology
Q3_2019,Seyi Shay,20100.22,,,,,,"United States, Canada, United Kingdom, Netherlands, France",not measured: provider published no geography this quarter | Chartmetric + Soundcharts (observed); see 02_Methodology
Q3_2019,Niniola,20090.41,,,,,,"United States, France, Netherlands, United Kingdom, Canada",not measured: provider published no geography this quarter | Chartmetric + Soundcharts (observed); see 02_Methodology
Q3_2019,Teni,19370.05,,,,,,"United States, United Kingdom, Canada, Netherlands, France",not measured: provider published no geography this quarter | Chartmetric + Soundcharts (observed); see 02_Methodology
Q3_2019,Zlatan,19323.92,,,,,,"United States, United Kingdom, Canada, Netherlands, France",not measured: provider published no geography this quarter | Chartmetric + Soundcharts (observed); see 02_Methodology
Q3_2019,Odunsi (The Engine),18656.57,,,,,,"United States, United Kingdom, Canada, Netherlands, France",not measured: provider published no geography this quarter | Chartmetric + Soundcharts (observed); see 02_Methodology
Q3_2019,Simi,18590.74,,,,,,"United States, United Kingdom, Canada, Netherlands, France",not measured: provider published no geography this quarter | Chartmetric + Soundcharts (observed); see 02_Methodology
Q3_2019,Kizz Daniel,17373.7,,,,,,"United States, United Kingdom, Canada, Netherlands, France",not measured: provider published no geography this quarter | Chartmetric + Soundcharts (observed); see 02_Methodology
Q3_2019,Mayorkun,15567.24,,,,,,"United States, United Kingdom, Canada, Netherlands, France",not measured: provider published no geography this quarter | Chartmetric + Soundcharts (observed); see 02_Methodology
Q3_2019,DJ Neptune,14197.24,,,,,,"United States, United Kingdom, Canada, Netherlands, France",not measured: provider published no geography this quarter | Chartmetric + Soundcharts (observed); see 02_Methodology
Q3_2019,Ajebutter22,13960.79,,,,,,"United States, United Kingdom, Canada, Netherlands, France",not measured: provider published no geography this quarter | Chartmetric + Soundcharts (observed); see 02_Methodology
Q3_2019,Adekunle Gold,13598.6,,,,,,"United States, United Kingdom, Canada, Netherlands, France",not measured: provider published no geography this quarter | Chartmetric + Soundcharts (observed); see 02_Methodology
Q3_2019,Joeboy,13479.19,,,,,,"United States, Netherlands, Canada, United Kingdom, France",not measured: provider published no geography this quarter | Chartmetric + Soundcharts (observed); see 02_Methodology
Q3_2019,Naira Marley,13256.12,,,,,,"United Kingdom, United States, Canada, Netherlands, France",not measured: provider published no geography this quarter | Chartmetric + Soundcharts (observed); see 02_Methodology
Q3_2019,Skiibii,12570.03,,,,,,"United States, Netherlands, France, United Kingdom, Canada",not measured: provider published no geography this quarter | Chartmetric + Soundcharts (observed); see 02_Methodology
Q3_2019,Sarz,12469.97,,,,,,"United States, Netherlands, Canada, United Kingdom, France",not measured: provider published no geography this quarter | Chartmetric + Soundcharts (observed); see 02_Methodology
Q3_2019,Solidstar,11837.43,,,,,,"United States, Netherlands, Canada, United Kingdom, France",not measured: provider published no geography this quarter | Chartmetric + Soundcharts (observed); see 02_Methodology
Q3_2019,Boj,10556.83,,,,,,"United States, United Kingdom, Canada, Netherlands, France",not measured: provider published no geography this quarter | Chartmetric + Soundcharts (observed); see 02_Methodology
Q3_2019,Fireboy DML,9357.05,,,,,,"United States, Canada, France, United Kingdom, Netherlands",not measured: provider published no geography this quarter | Chartmetric + Soundcharts (observed); see 02_Methodology
Q3_2019,Dremo,8812.95,,,,,,"United States, United Kingdom, Canada, Germany, Netherlands",not measured: provider published no geography this quarter | Chartmetric + Soundcharts (observed); see 02_Methodology
Q3_2019,Ric Hassani,8789.86,,,,,,"Netherlands, Sweden, United States, France, Germany",not measured: provider published no geography this quarter | Chartmetric + Soundcharts (observed); see 02_Methodology
Q3_2019,WurlD,7848.51,,,,,,"United States, Canada, Netherlands, United Kingdom, France",not measured: provider published no geography this quarter | Chartmetric + Soundcharts (observed); see 02_Methodology
Q3_2019,Bracket,7661.3,,,,,,"Netherlands, United States, France, Sweden, Germany",not measured: provider published no geography this quarter | Chartmetric + Soundcharts (observed); see 02_Methodology
Q3_2019,Johnny Drille,6487.27,,,,,,"United States, India, Canada, Philippines, Brazil",not measured: provider published no geography this quarter | Chartmetric + Soundcharts (observed); see 02_Methodology
Q3_2019,Lil Kesh,6377.05,,,,,,"United States, United Kingdom, Canada, France, Netherlands",not measured: provider published no geography this quarter | Chartmetric + Soundcharts (observed); see 02_Methodology
Q3_2019,Show Dem Camp,6344.91,,,,,,"United States, United Kingdom, Canada, Netherlands, France",not measured: provider published no geography this quarter | Chartmetric + Soundcharts (observed); see 02_Methodology
Q3_2019,Praiz,6153.07,,,,,,"United States, Sweden, Netherlands, Germany, Canada",not measured: provider published no geography this quarter | Chartmetric + Soundcharts (observed); see 02_Methodology
Q3_2019,Brymo,5955.67,,,,,,"United States, United Kingdom, Canada, France, Netherlands",not measured: provider published no geography this quarter | Chartmetric + Soundcharts (observed); see 02_Methodology
Q3_2019,Lady Donli,5945.33,,,,,,"United States, Canada, Netherlands, France, United Kingdom",not measured: provider published no geography this quarter | Chartmetric + Soundcharts (observed); see 02_Methodology
Q3_2019,M.I. Abaga,5742.45,,,,,,"United States, Canada, United Kingdom, Netherlands, France",not measured: provider published no geography this quarter | Chartmetric + Soundcharts (observed); see 02_Methodology
Q3_2019,Peruzzi,5425.77,,,,,,"United States, Canada, United Kingdom, Netherlands, France",not measured: provider published no geography this quarter | Chartmetric + Soundcharts (observed); see 02_Methodology
Q3_2019,Reminisce,5214.21,,,,,,"United States, Canada, United Kingdom, France, Netherlands",not measured: provider published no geography this quarter | Chartmetric + Soundcharts (observed); see 02_Methodology
Q3_2019,Sean Tizzle,5088.19,,,,,,"United States, Canada, United Kingdom, Netherlands, Sweden",not measured: provider published no geography this quarter | Chartmetric + Soundcharts (observed); see 02_Methodology
Q3_2019,9ice,4986.61,,,,,,"United States, United Kingdom, Canada, France, Netherlands",not measured: provider published no geography this quarter | Chartmetric + Soundcharts (observed); see 02_Methodology
Q3_2019,Mr Real,4856.05,,,,,,"United States, United Kingdom, Canada, Netherlands, Germany",not measured: provider published no geography this quarter | Chartmetric + Soundcharts (observed); see 02_Methodology
Q3_2019,Duncan Mighty,4573.32,,,,,,"United States, United Kingdom, Sweden, Canada, Netherlands",not measured: provider published no geography this quarter | Chartmetric + Soundcharts (observed); see 02_Methodology
Q3_2019,Darey,4340.29,,,,,,"United States, Canada, United Kingdom, South Africa, France",not measured: provider published no geography this quarter | Chartmetric + Soundcharts (observed); see 02_Methodology
Q3_2019,Dice Ailes,4254.98,,,,,,"United States, Canada, United Kingdom, Netherlands, France",not measured: provider published no geography this quarter | Chartmetric + Soundcharts (observed); see 02_Methodology
Q3_2019,Lyta,4122.56,,,,,,"United States, Canada, United Kingdom, France, Netherlands",not measured: provider published no geography this quarter | Chartmetric + Soundcharts (observed); see 02_Methodology
Q3_2019,Bad Boy Timz,3540.67,,,,,,"United States, United Kingdom, Germany, Netherlands, France",not measured: provider published no geography this quarter | Chartmetric + Soundcharts (observed); see 02_Methodology
Q3_2019,Tems,3351.67,,,,,,"United States, Canada, United Kingdom, France, Netherlands",not measured: provider published no geography this quarter | Chartmetric + Soundcharts (observed); see 02_Methodology
Q3_2019,Tay Iwar,3285.55,,,,,,"United States, Canada, United Kingdom, Netherlands, South Africa",not measured: provider published no geography this quarter | Chartmetric + Soundcharts (observed); see 02_Methodology
Q3_2019,Crayon,3185.2,,,,,,"United States, Canada, United Kingdom, France, Netherlands",not measured: provider published no geography this quarter | Chartmetric + Soundcharts (observed); see 02_Methodology
Q3_2019,Small Doctor,3108.04,,,,,,"United States, United Kingdom, Canada, Ireland, France",not measured: provider published no geography this quarter | Chartmetric + Soundcharts (observed); see 02_Methodology
Q3_2019,Amaarae,2970.48,,,,,,"United States, Canada, United Kingdom, Netherlands, France",not measured: provider published no geography this quarter | Chartmetric + Soundcharts (observed); see 02_Methodology
Q3_2019,HarrySong,2968.36,,,,,,"Canada, Netherlands, Sweden, United States, Ireland",not measured: provider published no geography this quarter | Chartmetric + Soundcharts (observed); see 02_Methodology
Q3_2019,Naeto C,2623.57,,,,,,"United States, United Kingdom, Canada, France, Netherlands",not measured: provider published no geography this quarter | Chartmetric + Soundcharts (observed); see 02_Methodology
Q3_2019,LADIPOE,2488.31,,,,,,"United States, Canada, United Kingdom, Germany, Netherlands",not measured: provider published no geography this quarter | Chartmetric + Soundcharts (observed); see 02_Methodology
Q3_2019,Waje,2203.14,,,,,,"United States, Canada, United Kingdom, Netherlands, Sweden",not measured: provider published no geography this quarter | Chartmetric + Soundcharts (observed); see 02_Methodology
Q3_2019,King Sunny Ade,2186.57,,,,,,"United States, United Kingdom, Canada, France, Netherlands",not measured: provider published no geography this quarter | Chartmetric + Soundcharts (observed); see 02_Methodology
Q3_2019,Terri,1874.2,,,,,,"United States, Canada, United Kingdom, Netherlands, France",not measured: provider published no geography this quarter | Chartmetric + Soundcharts (observed); see 02_Methodology
Q3_2019,CKay,1800.5,,,,,,"United States, United Kingdom, Canada, Netherlands, France",not measured: provider published no geography this quarter | Chartmetric + Soundcharts (observed); see 02_Methodology
Q3_2019,BNXN,1772.26,,,,,,"United States, Canada, Germany, France, United Kingdom",not measured: provider published no geography this quarter | Chartmetric + Soundcharts (observed); see 02_Methodology
Q3_2019,Prettyboy D-O,1692.95,,,,,,"United States, Canada, United Kingdom, Netherlands, France",not measured: provider published no geography this quarter | Chartmetric + Soundcharts (observed); see 02_Methodology
Q3_2019,Sound Sultan,1587.21,,,,,,"United States, Canada, United Kingdom, Netherlands, Sweden",not measured: provider published no geography this quarter | Chartmetric + Soundcharts (observed); see 02_Methodology
Q3_2019,CDQ,1368.63,,,,,,"United States, United Kingdom, Canada, France, Netherlands",not measured: provider published no geography this quarter | Chartmetric + Soundcharts (observed); see 02_Methodology
Q3_2019,Blaqbonez,1216.81,,,,,,"United States, Canada, United Kingdom, Netherlands, Germany",not measured: provider published no geography this quarter | Chartmetric + Soundcharts (observed); see 02_Methodology
Q3_2019,Terry Apala,1160.77,,,,,,"United States, Canada, United Kingdom, France, South Africa",not measured: provider published no geography this quarter | Chartmetric + Soundcharts (observed); see 02_Methodology
Q3_2019,Olakira,1141.58,,,,,,"United States, Netherlands, France, Canada, United Kingdom",not measured: provider published no geography this quarter | Chartmetric + Soundcharts (observed); see 02_Methodology
Q3_2019,Olu Maintain,1130.75,,,,,,"United States, United Kingdom, Canada, Ireland, France",not measured: provider published no geography this quarter | Chartmetric + Soundcharts (observed); see 02_Methodology
Q3_2019,Yung6ix,975.2,,,,,,"United States, Canada, United Kingdom, Netherlands, France",not measured: provider published no geography this quarter | Chartmetric + Soundcharts (observed); see 02_Methodology
Q3_2019,Oxlade,969.6,,,,,,"United States, Canada, United Kingdom, Netherlands, Sweden",not measured: provider published no geography this quarter | Chartmetric + Soundcharts (observed); see 02_Methodology
Q3_2019,Mannywellz,723.5,,,,,,"United States, Canada, United Kingdom, Brazil, Netherlands",not measured: provider published no geography this quarter | Chartmetric + Soundcharts (observed); see 02_Methodology
Q3_2019,Dammy Krane,555.96,,,,,,"United States, United Kingdom, Canada, Sweden, Netherlands",not measured: provider published no geography this quarter | Chartmetric + Soundcharts (observed); see 02_Methodology
Q3_2019,Lagbaja,519.11,,,,,,,not measured: provider published no geography this quarter | Chartmetric + Soundcharts (observed); see 02_Methodology
Q3_2019,Darkoo,414.32,,,,,,"United Kingdom, Netherlands, Sweden, United States, Canada",not measured: provider published no geography this quarter | Chartmetric + Soundcharts (observed); see 02_Methodology
Q3_2019,Eldee,397.92,,,,,,"United States, Canada, United Kingdom, Netherlands, Ireland",not measured: provider published no geography this quarter | Chartmetric + Soundcharts (observed); see 02_Methodology
Q3_2019,Illbliss,381.09,,,,,,"United States, Canada, United Kingdom, France, Sweden",not measured: provider published no geography this quarter | Chartmetric + Soundcharts (observed); see 02_Methodology
Q3_2019,Vector,368.89,,,,,,"United States, Canada, United Kingdom, Netherlands, France",not measured: provider published no geography this quarter | Chartmetric + Soundcharts (observed); see 02_Methodology
Q3_2019,Jesse Jagz,349.04,,,,,,"United States, Canada, United Kingdom, Netherlands, Sweden",not measured: provider published no geography this quarter | Chartmetric + Soundcharts (observed); see 02_Methodology
Q3_2019,Spyro,217.04,,,,,,"France, United States, United Kingdom, Canada, Netherlands",not measured: provider published no geography this quarter | Chartmetric + Soundcharts (observed); see 02_Methodology
Q3_2019,Zinoleesky,196.8,,,,,,"United States, Canada, United Kingdom, France, Germany",not measured: provider published no geography this quarter | Chartmetric + Soundcharts (observed); see 02_Methodology
Q3_2019,Rude Boy,145.78,,,,,,"Mexico, Peru, Chile, Ecuador, Argentina",not measured: provider published no geography this quarter | Chartmetric + Soundcharts (observed); see 02_Methodology
Q3_2019,Bella Shmurda,132.35,,,,,,"United States, Canada, United Kingdom, South Africa, Ireland",not measured: provider published no geography this quarter | Chartmetric + Soundcharts (observed); see 02_Methodology
Q3_2019,Sauce Kid,125.82,,,,,,"United States, Canada, United Kingdom, Netherlands, Sweden",not measured: provider published no geography this quarter | Chartmetric + Soundcharts (observed); see 02_Methodology
Q3_2019,Magixx,118.28,,,,,,"United States, United Kingdom, Canada, Philippines, Malaysia",not measured: provider published no geography this quarter | Chartmetric + Soundcharts (observed); see 02_Methodology
Q3_2019,Pheelz,93.65,,,,,,"United States, Canada, United Kingdom, Netherlands, Australia",not measured: provider published no geography this quarter | Chartmetric + Soundcharts (observed); see 02_Methodology
Q3_2019,Ebenezer Obey,76.46,,,,,,,not measured: provider published no geography this quarter | Chartmetric + Soundcharts (observed); see 02_Methodology
Q3_2019,Chike,55.14,,,,,,"United States, Canada, United Kingdom, South Africa, France",not measured: provider published no geography this quarter | Chartmetric + Soundcharts (observed); see 02_Methodology
Q3_2019,Lojay,25.8,,,,,,"United States, United Kingdom, France, Canada, Germany",not measured: provider published no geography this quarter | Chartmetric + Soundcharts (observed); see 02_Methodology
Q3_2019,Oritsefemi,25.6,,,,,,"United States, United Kingdom, Germany, Spain, Peru",not measured: provider published no geography this quarter | Chartmetric + Soundcharts (observed); see 02_Methodology
Q3_2019,Mohbad,22.48,,,,,,"United States, United Kingdom, Türkiye, Canada, Ireland",not measured: provider published no geography this quarter | Chartmetric + Soundcharts (observed); see 02_Methodology
Q3_2019,Young Jonn,5.41,,,,,,"Netherlands, United Kingdom, United States, Canada, Germany",not measured: provider published no geography this quarter | Chartmetric + Soundcharts (observed); see 02_Methodology
Q3_2019,Asake,2.68,,,,,,"United States, Canada, Australia, Germany, United Kingdom",not measured: provider published no geography this quarter | Chartmetric + Soundcharts (observed); see 02_Methodology
Q3_2019,ODUMODUBLVCK,2.24,,,,,,"France, Germany, United States, United Kingdom, Türkiye",not measured: provider published no geography this quarter | Chartmetric + Soundcharts (observed); see 02_Methodology
Q3_2019,Victony,1.04,,,,,,"Canada, United States, United Kingdom, Thailand, Sweden",not measured: provider published no geography this quarter | Chartmetric + Soundcharts (observed); see 02_Methodology
Q3_2019,Libianca,0.71,,,,,,"United States, South Africa, Germany, Denmark",not measured: provider published no geography this quarter | Chartmetric + Soundcharts (observed); see 02_Methodology
Q3_2019,Seyi Vibez,0.38,,,,,,"United States, South Africa",not measured: provider published no geography this quarter | Chartmetric + Soundcharts (observed); see 02_Methodology
Q3_2019,DJ Spinall,0.11,,,,,,"United Kingdom, Chile, Canada, United States, Sweden",not measured: provider published no geography this quarter | Chartmetric + Soundcharts (observed); see 02_Methodology
Q3_2019,=== PERIOD TOTAL ===,3218095.29,,,,,,,Aggregated
Q4_2019,Burna Boy,988172.74,,,,,,"United States, France, United Kingdom, Netherlands, Kenya",not measured: provider published no geography this quarter | Chartmetric + Soundcharts (observed); see 02_Methodology
Q4_2019,Davido,448847.9,,,,,,"United States, United Kingdom, Canada, Netherlands, France",not measured: provider published no geography this quarter | Chartmetric + Soundcharts (observed); see 02_Methodology
Q4_2019,Wizkid,386459.43,,,,,,"United States, United Kingdom, France, Kenya, Germany",not measured: provider published no geography this quarter | Chartmetric + Soundcharts (observed); see 02_Methodology
Q4_2019,Mr Eazi,363881.99,,,,,,"United Kingdom, United States, Peru, France, Guatemala",not measured: provider published no geography this quarter | Chartmetric + Soundcharts (observed); see 02_Methodology
Q4_2019,Flavour,217141.88,,,,,,"United States, Canada, France, Netherlands, United Kingdom",not measured: provider published no geography this quarter | Chartmetric + Soundcharts (observed); see 02_Methodology
Q4_2019,Maleek Berry,121344.41,,,,,,"United States, France, United Kingdom, Netherlands, Canada",not measured: provider published no geography this quarter | Chartmetric + Soundcharts (observed); see 02_Methodology
Q4_2019,Yemi Alade,111384.56,,,,,,"France, United States, United Kingdom, Germany, Kenya",not measured: provider published no geography this quarter | Chartmetric + Soundcharts (observed); see 02_Methodology
Q4_2019,P-Square,102105.68,,,,,,"France, United States, United Kingdom, Germany, Canada",not measured: provider published no geography this quarter | Chartmetric + Soundcharts (observed); see 02_Methodology
Q4_2019,Timaya,87878.31,,,,,,"United States, Italy, United Kingdom, Germany, France",not measured: provider published no geography this quarter | Chartmetric + Soundcharts (observed); see 02_Methodology
Q4_2019,Tiwa Savage,85833.17,,,,,,"United States, United Kingdom, France, Germany, Italy",not measured: provider published no geography this quarter | Chartmetric + Soundcharts (observed); see 02_Methodology
Q4_2019,Rema,77939.17,,,,,,"United States, France, United Kingdom, Netherlands, Canada",not measured: provider published no geography this quarter | Chartmetric + Soundcharts (observed); see 02_Methodology
Q4_2019,Patoranking,67138.01,,,,,,"United States, Kenya, France, United Kingdom, Tanzania",not measured: provider published no geography this quarter | Chartmetric + Soundcharts (observed); see 02_Methodology
Q4_2019,Teni,59212.84,,,,,,"United States, United Kingdom, Canada, Netherlands, France",not measured: provider published no geography this quarter | Chartmetric + Soundcharts (observed); see 02_Methodology
Q4_2019,Tekno,57881.73,,,,,,"United States, Netherlands, United Kingdom, Canada, France",not measured: provider published no geography this quarter | Chartmetric + Soundcharts (observed); see 02_Methodology
Q4_2019,Olamide,57240.02,,,,,,"United States, Italy, United Kingdom, France, Germany",not measured: provider published no geography this quarter | Chartmetric + Soundcharts (observed); see 02_Methodology
Q4_2019,Falz,50078.78,,,,,,"United States, United Kingdom, Canada, Netherlands, France",not measured: provider published no geography this quarter | Chartmetric + Soundcharts (observed); see 02_Methodology
Q4_2019,Reekado Banks,44767.1,,,,,,"United States, United Kingdom, Kenya, Italy, France",not measured: provider published no geography this quarter | Chartmetric + Soundcharts (observed); see 02_Methodology
Q4_2019,Korede Bello,41653.73,,,,,,"United States, France, United Kingdom, Germany, Canada",not measured: provider published no geography this quarter | Chartmetric + Soundcharts (observed); see 02_Methodology
Q4_2019,Banky W.,40921.95,,,,,,"United States, Kenya, United Kingdom, Zambia, Tanzania",not measured: provider published no geography this quarter | Chartmetric + Soundcharts (observed); see 02_Methodology
Q4_2019,Darkoo,39924.57,,,,,,"United Kingdom, Netherlands, Ireland, Sweden, Canada",not measured: provider published no geography this quarter | Chartmetric + Soundcharts (observed); see 02_Methodology
Q4_2019,Iyanya,38315.72,,,,,,"United States, France, United Kingdom, Germany, Italy",not measured: provider published no geography this quarter | Chartmetric + Soundcharts (observed); see 02_Methodology
Q4_2019,2Baba,35217.41,,,,,,"United States, United Kingdom, Italy, Germany, France",not measured: provider published no geography this quarter | Chartmetric + Soundcharts (observed); see 02_Methodology
Q4_2019,Wande Coal,33879.92,,,,,,"United States, United Kingdom, France, Germany, Netherlands",not measured: provider published no geography this quarter | Chartmetric + Soundcharts (observed); see 02_Methodology
Q4_2019,Fela Kuti,32333.97,,,,,,"United States, France, United Kingdom, Italy, Germany",not measured: provider published no geography this quarter | Chartmetric + Soundcharts (observed); see 02_Methodology
Q4_2019,Ycee,31118.43,,,,,,"United States, United Kingdom, Netherlands, Canada, Germany",not measured: provider published no geography this quarter | Chartmetric + Soundcharts (observed); see 02_Methodology
Q4_2019,Aṣa,28327.51,,,,,,"France, Germany, Brazil, Spain, United States",not measured: provider published no geography this quarter | Chartmetric + Soundcharts (observed); see 02_Methodology
Q4_2019,Ice Prince,27434.97,,,,,,"Mexico, New Zealand, Sweden, Singapore, United States",not measured: provider published no geography this quarter | Chartmetric + Soundcharts (observed); see 02_Methodology
Q4_2019,Zlatan,25225.17,,,,,,"United States, United Kingdom, Netherlands, Canada, France",not measured: provider published no geography this quarter | Chartmetric + Soundcharts (observed); see 02_Methodology
Q4_2019,Phyno,25153.36,,,,,,"United States, Italy, United Kingdom, Germany, France",not measured: provider published no geography this quarter | Chartmetric + Soundcharts (observed); see 02_Methodology
Q4_2019,D'banj,21642.17,,,,,,"United States, United Kingdom, France, Romania, Germany",not measured: provider published no geography this quarter | Chartmetric + Soundcharts (observed); see 02_Methodology
Q4_2019,Seyi Shay,21637.11,,,,,,"United States, Canada, United Kingdom, Netherlands, France",not measured: provider published no geography this quarter | Chartmetric + Soundcharts (observed); see 02_Methodology
Q4_2019,Joeboy,21385.92,,,,,,"United States, Netherlands, United Kingdom, France, Canada",not measured: provider published no geography this quarter | Chartmetric + Soundcharts (observed); see 02_Methodology
Q4_2019,Naira Marley,20523.9,,,,,,"United Kingdom, United States, Canada, Netherlands, France",not measured: provider published no geography this quarter | Chartmetric + Soundcharts (observed); see 02_Methodology
Q4_2019,Cruel Santino,19932.44,,,,,,"United States, United Kingdom, Canada, Netherlands, France",not measured: provider published no geography this quarter | Chartmetric + Soundcharts (observed); see 02_Methodology
Q4_2019,Nonso Amadi,19804.1,,,,,,"United States, United Kingdom, Canada, Netherlands, Germany",not measured: provider published no geography this quarter | Chartmetric + Soundcharts (observed); see 02_Methodology
Q4_2019,Niniola,19439.2,,,,,,"United States, France, Netherlands, Canada, United Kingdom",not measured: provider published no geography this quarter | Chartmetric + Soundcharts (observed); see 02_Methodology
Q4_2019,Mayorkun,18963.44,,,,,,"United States, Canada, United Kingdom, Netherlands, France",not measured: provider published no geography this quarter | Chartmetric + Soundcharts (observed); see 02_Methodology
Q4_2019,Simi,17313.61,,,,,,"United States, United Kingdom, Canada, Netherlands, France",not measured: provider published no geography this quarter | Chartmetric + Soundcharts (observed); see 02_Methodology
Q4_2019,Sarz,17153.73,,,,,,"United States, Netherlands, Canada, United Kingdom, France",not measured: provider published no geography this quarter | Chartmetric + Soundcharts (observed); see 02_Methodology
Q4_2019,Odunsi (The Engine),17145.51,,,,,,"United States, United Kingdom, Canada, Netherlands, France",not measured: provider published no geography this quarter | Chartmetric + Soundcharts (observed); see 02_Methodology
Q4_2019,Kizz Daniel,16135.98,,,,,,"United States, United Kingdom, Canada, Netherlands, France",not measured: provider published no geography this quarter | Chartmetric + Soundcharts (observed); see 02_Methodology
Q4_2019,Ajebutter22,15840.15,,,,,,"United States, United Kingdom, Netherlands, Canada, France",not measured: provider published no geography this quarter | Chartmetric + Soundcharts (observed); see 02_Methodology
Q4_2019,DJ Neptune,15082.82,,,,,,"United States, Canada, United Kingdom, Netherlands, France",not measured: provider published no geography this quarter | Chartmetric + Soundcharts (observed); see 02_Methodology
Q4_2019,Adekunle Gold,14959.15,,,,,,"United States, United Kingdom, Canada, Netherlands, France",not measured: provider published no geography this quarter | Chartmetric + Soundcharts (observed); see 02_Methodology
Q4_2019,Boj,13944.87,,,,,,"United States, United Kingdom, Canada, Netherlands, France",not measured: provider published no geography this quarter | Chartmetric + Soundcharts (observed); see 02_Methodology
Q4_2019,Fireboy DML,13261.55,,,,,,"United States, Canada, United Kingdom, Netherlands, France",not measured: provider published no geography this quarter | Chartmetric + Soundcharts (observed); see 02_Methodology
Q4_2019,Skiibii,13213.47,,,,,,"Netherlands, United States, France, Canada, United Kingdom",not measured: provider published no geography this quarter | Chartmetric + Soundcharts (observed); see 02_Methodology
Q4_2019,WurlD,12183.08,,,,,,"United States, Canada, United Kingdom, Netherlands, France",not measured: provider published no geography this quarter | Chartmetric + Soundcharts (observed); see 02_Methodology
Q4_2019,M.I. Abaga,11108.17,,,,,,"United States, Canada, United Kingdom, Brazil, Netherlands",not measured: provider published no geography this quarter | Chartmetric + Soundcharts (observed); see 02_Methodology
Q4_2019,Solidstar,11084.11,,,,,,"United States, Netherlands, Canada, United Kingdom, France",not measured: provider published no geography this quarter | Chartmetric + Soundcharts (observed); see 02_Methodology
Q4_2019,Ric Hassani,9417.18,,,,,,"Netherlands, United States, Sweden, Germany, France",not measured: provider published no geography this quarter | Chartmetric + Soundcharts (observed); see 02_Methodology
Q4_2019,Dice Ailes,9392.62,,,,,,"Spain, United States, United Kingdom, Mexico, Canada",not measured: provider published no geography this quarter | Chartmetric + Soundcharts (observed); see 02_Methodology
Q4_2019,Rude Boy,8893.6,,,,,,"Mexico, Peru, Chile, Ecuador, Argentina",not measured: provider published no geography this quarter | Chartmetric + Soundcharts (observed); see 02_Methodology
Q4_2019,Bracket,7607.36,,,,,,"Netherlands, France, United States, Sweden, Spain",not measured: provider published no geography this quarter | Chartmetric + Soundcharts (observed); see 02_Methodology
Q4_2019,Show Dem Camp,7383.46,,,,,,"United States, United Kingdom, Canada, Netherlands, France",not measured: provider published no geography this quarter | Chartmetric + Soundcharts (observed); see 02_Methodology
Q4_2019,Reminisce,7301.85,,,,,,"United States, Canada, United Kingdom, France, Germany",not measured: provider published no geography this quarter | Chartmetric + Soundcharts (observed); see 02_Methodology
Q4_2019,Praiz,6454.66,,,,,,"United States, Sweden, Netherlands, Germany, Canada",not measured: provider published no geography this quarter | Chartmetric + Soundcharts (observed); see 02_Methodology
Q4_2019,HarrySong,6180.62,,,,,,"Tanzania, United States, Italy, Germany, United Kingdom",not measured: provider published no geography this quarter | Chartmetric + Soundcharts (observed); see 02_Methodology
Q4_2019,Young Jonn,6144.84,,,,,,"United States, United Kingdom, Canada, Netherlands, France",not measured: provider published no geography this quarter | Chartmetric + Soundcharts (observed); see 02_Methodology
Q4_2019,Dremo,5756.71,,,,,,"United States, Canada, United Kingdom, Netherlands, France",not measured: provider published no geography this quarter | Chartmetric + Soundcharts (observed); see 02_Methodology
Q4_2019,Brymo,5729.43,,,,,,"United States, United Kingdom, Canada, France, Netherlands",not measured: provider published no geography this quarter | Chartmetric + Soundcharts (observed); see 02_Methodology
Q4_2019,Lil Kesh,5307.99,,,,,,"United States, United Kingdom, Canada, France, Ireland",not measured: provider published no geography this quarter | Chartmetric + Soundcharts (observed); see 02_Methodology
Q4_2019,Vector,5147.53,,,,,,"United States, United Kingdom, Canada, Germany, France",not measured: provider published no geography this quarter | Chartmetric + Soundcharts (observed); see 02_Methodology
Q4_2019,Mannywellz,4969.56,,,,,,"United States, Canada, United Kingdom, Hungary, Netherlands",not measured: provider published no geography this quarter | Chartmetric + Soundcharts (observed); see 02_Methodology
Q4_2019,Sean Tizzle,4921.42,,,,,,"United States, Canada, United Kingdom, Netherlands, Sweden",not measured: provider published no geography this quarter | Chartmetric + Soundcharts (observed); see 02_Methodology
Q4_2019,Mr Real,4768.97,,,,,,"United States, United Kingdom, Canada, Netherlands, Ireland",not measured: provider published no geography this quarter | Chartmetric + Soundcharts (observed); see 02_Methodology
Q4_2019,Johnny Drille,4741.16,,,,,,"United States, Canada, India, Philippines, United Kingdom",not measured: provider published no geography this quarter | Chartmetric + Soundcharts (observed); see 02_Methodology
Q4_2019,Amaarae,4713.84,,,,,,"United States, Canada, United Kingdom, Netherlands, Germany",not measured: provider published no geography this quarter | Chartmetric + Soundcharts (observed); see 02_Methodology
Q4_2019,Waje,4582.85,,,,,,"United States, Canada, United Kingdom, Netherlands, France",not measured: provider published no geography this quarter | Chartmetric + Soundcharts (observed); see 02_Methodology
Q4_2019,Darey,4499.18,,,,,,"United States, Canada, United Kingdom, South Africa, Ireland",not measured: provider published no geography this quarter | Chartmetric + Soundcharts (observed); see 02_Methodology
Q4_2019,9ice,4469.6,,,,,,"United States, United Kingdom, Canada, Ireland, Sweden",not measured: provider published no geography this quarter | Chartmetric + Soundcharts (observed); see 02_Methodology
Q4_2019,Peruzzi,4235.73,,,,,,"United States, Canada, United Kingdom, Netherlands, France",not measured: provider published no geography this quarter | Chartmetric + Soundcharts (observed); see 02_Methodology
Q4_2019,Duncan Mighty,4053.48,,,,,,"United States, United Kingdom, Sweden, Netherlands, Canada",not measured: provider published no geography this quarter | Chartmetric + Soundcharts (observed); see 02_Methodology
Q4_2019,Tems,3990.18,,,,,,"United States, Canada, United Kingdom, Netherlands, France",not measured: provider published no geography this quarter | Chartmetric + Soundcharts (observed); see 02_Methodology
Q4_2019,Tay Iwar,3722.57,,,,,,"United States, United Kingdom, Canada, Netherlands, South Africa",not measured: provider published no geography this quarter | Chartmetric + Soundcharts (observed); see 02_Methodology
Q4_2019,Lady Donli,3558.4,,,,,,"United States, United Kingdom, Canada, Netherlands, France",not measured: provider published no geography this quarter | Chartmetric + Soundcharts (observed); see 02_Methodology
Q4_2019,Small Doctor,3166.18,,,,,,"United States, United Kingdom, Canada, Ireland, Netherlands",not measured: provider published no geography this quarter | Chartmetric + Soundcharts (observed); see 02_Methodology
Q4_2019,CDQ,2857.75,,,,,,"United States, France, Canada, Netherlands, United Kingdom",not measured: provider published no geography this quarter | Chartmetric + Soundcharts (observed); see 02_Methodology
Q4_2019,Crayon,2573.08,,,,,,"United States, Canada, United Kingdom, Netherlands, France",not measured: provider published no geography this quarter | Chartmetric + Soundcharts (observed); see 02_Methodology
Q4_2019,Blaqbonez,2530.77,,,,,,"United States, Canada, United Kingdom, Netherlands, Germany",not measured: provider published no geography this quarter | Chartmetric + Soundcharts (observed); see 02_Methodology
Q4_2019,Naeto C,2408.05,,,,,,"United States, United Kingdom, Canada, France, Sweden",not measured: provider published no geography this quarter | Chartmetric + Soundcharts (observed); see 02_Methodology
Q4_2019,Terri,1750.28,,,,,,"United States, Canada, United Kingdom, Netherlands, France",not measured: provider published no geography this quarter | Chartmetric + Soundcharts (observed); see 02_Methodology
Q4_2019,King Sunny Ade,1704.59,,,,,,"United States, United Kingdom, Canada, Netherlands, France",not measured: provider published no geography this quarter | Chartmetric + Soundcharts (observed); see 02_Methodology
Q4_2019,LADIPOE,1702.31,,,,,,"United States, Canada, United Kingdom, Netherlands, France",not measured: provider published no geography this quarter | Chartmetric + Soundcharts (observed); see 02_Methodology
Q4_2019,Sound Sultan,1549.76,,,,,,"United States, Canada, United Kingdom, Netherlands, Sweden",not measured: provider published no geography this quarter | Chartmetric + Soundcharts (observed); see 02_Methodology
Q4_2019,BNXN,1543.11,,,,,,"United States, Canada, United Kingdom, Germany, Netherlands",not measured: provider published no geography this quarter | Chartmetric + Soundcharts (observed); see 02_Methodology
Q4_2019,Olakira,1409.76,,,,,,"Netherlands, United States, France, Canada, Germany",not measured: provider published no geography this quarter | Chartmetric + Soundcharts (observed); see 02_Methodology
Q4_2019,Prettyboy D-O,1341.87,,,,,,"United States, United Kingdom, Canada, Netherlands, Germany",not measured: provider published no geography this quarter | Chartmetric + Soundcharts (observed); see 02_Methodology
Q4_2019,Lyta,1284.14,,,,,,"United States, Canada, United Kingdom, France, Netherlands",not measured: provider published no geography this quarter | Chartmetric + Soundcharts (observed); see 02_Methodology
Q4_2019,Bad Boy Timz,1222.49,,,,,,"United States, Canada, United Kingdom, Netherlands, Poland",not measured: provider published no geography this quarter | Chartmetric + Soundcharts (observed); see 02_Methodology
Q4_2019,Pheelz,1062.65,,,,,,"United States, United Kingdom, Canada, France, Ireland",not measured: provider published no geography this quarter | Chartmetric + Soundcharts (observed); see 02_Methodology
Q4_2019,Olu Maintain,1003.42,,,,,,"United States, United Kingdom, Canada, Ireland, Netherlands",not measured: provider published no geography this quarter | Chartmetric + Soundcharts (observed); see 02_Methodology
Q4_2019,Terry Apala,961.53,,,,,,"United States, United Kingdom, Canada, France, Ireland",not measured: provider published no geography this quarter | Chartmetric + Soundcharts (observed); see 02_Methodology
Q4_2019,Oxlade,958.66,,,,,,"United States, Canada, United Kingdom, Netherlands, France",not measured: provider published no geography this quarter | Chartmetric + Soundcharts (observed); see 02_Methodology
Q4_2019,Yung6ix,696.66,,,,,,"United States, Canada, United Kingdom, France, Netherlands",not measured: provider published no geography this quarter | Chartmetric + Soundcharts (observed); see 02_Methodology
Q4_2019,CKay,689.25,,,,,,"United States, Canada, United Kingdom, France, Netherlands",not measured: provider published no geography this quarter | Chartmetric + Soundcharts (observed); see 02_Methodology
Q4_2019,Lagbaja,523.75,,,,,,,not measured: provider published no geography this quarter | Chartmetric + Soundcharts (observed); see 02_Methodology
Q4_2019,Zinoleesky,498.77,,,,,,"Mexico, United States, Peru, Chile, Colombia",not measured: provider published no geography this quarter | Chartmetric + Soundcharts (observed); see 02_Methodology
Q4_2019,Bella Shmurda,442.14,,,,,,"United States, United Kingdom, Canada, South Africa, Türkiye",not measured: provider published no geography this quarter | Chartmetric + Soundcharts (observed); see 02_Methodology
Q4_2019,Dammy Krane,440.12,,,,,,"United States, United Kingdom, Canada, Netherlands, Sweden",not measured: provider published no geography this quarter | Chartmetric + Soundcharts (observed); see 02_Methodology
Q4_2019,Illbliss,418.06,,,,,,"United States, Canada, United Kingdom, France, Sweden",not measured: provider published no geography this quarter | Chartmetric + Soundcharts (observed); see 02_Methodology
Q4_2019,Eldee,403.53,,,,,,"United States, Canada, United Kingdom, Ireland, Netherlands",not measured: provider published no geography this quarter | Chartmetric + Soundcharts (observed); see 02_Methodology
Q4_2019,Jesse Jagz,304.69,,,,,,"United States, Canada, United Kingdom, Netherlands, Sweden",not measured: provider published no geography this quarter | Chartmetric + Soundcharts (observed); see 02_Methodology
Q4_2019,Spyro,189.03,,,,,,"United States, France, United Kingdom, Canada, Germany",not measured: provider published no geography this quarter | Chartmetric + Soundcharts (observed); see 02_Methodology
Q4_2019,Sauce Kid,138.34,,,,,,"United States, Canada, United Kingdom, Netherlands, France",not measured: provider published no geography this quarter | Chartmetric + Soundcharts (observed); see 02_Methodology
Q4_2019,Mohbad,84.26,,,,,,"United States, United Kingdom, Canada, South Africa, Türkiye",not measured: provider published no geography this quarter | Chartmetric + Soundcharts (observed); see 02_Methodology
Q4_2019,Ebenezer Obey,80.74,,,,,,,not measured: provider published no geography this quarter | Chartmetric + Soundcharts (observed); see 02_Methodology
Q4_2019,Chike,53.8,,,,,,"United States, Canada, United Kingdom, South Africa, France",not measured: provider published no geography this quarter | Chartmetric + Soundcharts (observed); see 02_Methodology
Q4_2019,Lojay,47.91,,,,,,"United States, Canada, France, United Kingdom, South Africa",not measured: provider published no geography this quarter | Chartmetric + Soundcharts (observed); see 02_Methodology
Q4_2019,Oritsefemi,40.26,,,,,,"United States, Canada, United Kingdom, India, Türkiye",not measured: provider published no geography this quarter | Chartmetric + Soundcharts (observed); see 02_Methodology
Q4_2019,Asake,5.19,,,,,,"United States, Canada, Germany, Australia, United Kingdom",not measured: provider published no geography this quarter | Chartmetric + Soundcharts (observed); see 02_Methodology
Q4_2019,Magixx,5.1,,,,,,"United Kingdom, United States, France, Netherlands, Canada",not measured: provider published no geography this quarter | Chartmetric + Soundcharts (observed); see 02_Methodology
Q4_2019,Victony,1.64,,,,,,"United States, United Kingdom, Philippines, Italy, Canada",not measured: provider published no geography this quarter | Chartmetric + Soundcharts (observed); see 02_Methodology
Q4_2019,ODUMODUBLVCK,1.31,,,,,,"France, Türkiye, Germany, Brazil, Norway",not measured: provider published no geography this quarter | Chartmetric + Soundcharts (observed); see 02_Methodology
Q4_2019,Omah Lay,0.95,,,,,,"United States, Lithuania, United Kingdom, Germany, France",not measured: provider published no geography this quarter | Chartmetric + Soundcharts (observed); see 02_Methodology
Q4_2019,Libianca,0.71,,,,,,"United States, Sweden, Israel, Germany",not measured: provider published no geography this quarter | Chartmetric + Soundcharts (observed); see 02_Methodology
Q4_2019,Seyi Vibez,0.66,,,,,,"United States, Türkiye, India, Canada",not measured: provider published no geography this quarter | Chartmetric + Soundcharts (observed); see 02_Methodology
Q4_2019,DJ Spinall,0.05,,,,,,"Sweden, Ireland",not measured: provider published no geography this quarter | Chartmetric + Soundcharts (observed); see 02_Methodology
Q4_2019,=== PERIOD TOTAL ===,4262611.02,,,,,,,Aggregated
Q1_2020,Burna Boy,632276.1,,,,,,"United States, France, United Kingdom, Netherlands, Kenya",not measured: provider published no geography this quarter | Chartmetric + Soundcharts (observed); see 02_Methodology
Q1_2020,Mr Eazi,445390.59,,,,,,"United States, United Kingdom, France, Côte D’Ivoire, Mexico",not measured: provider published no geography this quarter | Chartmetric + Soundcharts (observed); see 02_Methodology
Q1_2020,Davido,445003.46,,,,,,"United States, United Kingdom, Canada, Netherlands, Australia",not measured: provider published no geography this quarter | Chartmetric + Soundcharts (observed); see 02_Methodology
Q1_2020,Wizkid,382218.38,,,,,,"Côte D’Ivoire, United States, France, United Kingdom, Kenya",not measured: provider published no geography this quarter | Chartmetric + Soundcharts (observed); see 02_Methodology
Q1_2020,Flavour,227053.1,,,,,,"United States, France, Canada, Netherlands, United Kingdom",not measured: provider published no geography this quarter | Chartmetric + Soundcharts (observed); see 02_Methodology
Q1_2020,Rema,149022.64,,,,,,"United States, Ghana, United Kingdom, Netherlands, France",not measured: provider published no geography this quarter | Chartmetric + Soundcharts (observed); see 02_Methodology
Q1_2020,Maleek Berry,116034.4,,,,,,"United States, France, United Kingdom, Germany, Saudi Arabia",not measured: provider published no geography this quarter | Chartmetric + Soundcharts (observed); see 02_Methodology
Q1_2020,Timaya,87560.91,,,,,,"United States, Italy, United Kingdom, Germany, France",not measured: provider published no geography this quarter | Chartmetric + Soundcharts (observed); see 02_Methodology
Q1_2020,Yemi Alade,86905.86,,,,,,"Côte D’Ivoire, United States, France, India, Kenya",not measured: provider published no geography this quarter | Chartmetric + Soundcharts (observed); see 02_Methodology
Q1_2020,Darkoo,74660.53,,,,,,"United Kingdom, Netherlands, Ireland, Australia, Sweden",not measured: provider published no geography this quarter | Chartmetric + Soundcharts (observed); see 02_Methodology
Q1_2020,P-Square,66275.78,,,,,,"France, United States, United Kingdom, Saudi Arabia, Germany",not measured: provider published no geography this quarter | Chartmetric + Soundcharts (observed); see 02_Methodology
Q1_2020,Teni,61948.37,,,,,,"Ghana, Tanzania, United States, United Kingdom, Canada",not measured: provider published no geography this quarter | Chartmetric + Soundcharts (observed); see 02_Methodology
Q1_2020,Patoranking,58367.02,,,,,,"United States, Kenya, Tanzania, France, United Kingdom",not measured: provider published no geography this quarter | Chartmetric + Soundcharts (observed); see 02_Methodology
Q1_2020,Tiwa Savage,54572.46,,,,,,"Côte D’Ivoire, United States, United Kingdom, France, Kenya",not measured: provider published no geography this quarter | Chartmetric + Soundcharts (observed); see 02_Methodology
Q1_2020,Tekno,54466.97,,,,,,"United States, Netherlands, France, Canada, United Kingdom",not measured: provider published no geography this quarter | Chartmetric + Soundcharts (observed); see 02_Methodology
Q1_2020,Falz,50755.17,,,,,,"United States, United Kingdom, Canada, Netherlands, France",not measured: provider published no geography this quarter | Chartmetric + Soundcharts (observed); see 02_Methodology
Q1_2020,Reekado Banks,47629.58,,,,,,"Kenya, United States, United Kingdom, Tanzania, France",not measured: provider published no geography this quarter | Chartmetric + Soundcharts (observed); see 02_Methodology
Q1_2020,Korede Bello,43462.08,,,,,,"United States, France, United Kingdom, Germany, Colombia",not measured: provider published no geography this quarter | Chartmetric + Soundcharts (observed); see 02_Methodology
Q1_2020,Banky W.,42935.99,,,,,,"United States, Kenya, United Kingdom, Cameroon, Zambia",not measured: provider published no geography this quarter | Chartmetric + Soundcharts (observed); see 02_Methodology
Q1_2020,Olamide,39932.69,,,,,,"United States, United Kingdom, France, Italy, Germany",not measured: provider published no geography this quarter | Chartmetric + Soundcharts (observed); see 02_Methodology
Q1_2020,2Baba,39206.33,,,,,,"United States, United Kingdom, Italy, France, Germany",not measured: provider published no geography this quarter | Chartmetric + Soundcharts (observed); see 02_Methodology
Q1_2020,Iyanya,37999.38,,,,,,"United States, France, United Kingdom, Italy, Tanzania",not measured: provider published no geography this quarter | Chartmetric + Soundcharts (observed); see 02_Methodology
Q1_2020,Fela Kuti,34894.0,,,,,,"United States, New Zealand, Norway, France, United Kingdom",not measured: provider published no geography this quarter | Chartmetric + Soundcharts (observed); see 02_Methodology
Q1_2020,Ycee,33343.41,,,,,,"Ghana, Tanzania, United States, Netherlands, United Kingdom",not measured: provider published no geography this quarter | Chartmetric + Soundcharts (observed); see 02_Methodology
Q1_2020,Wande Coal,32662.55,,,,,,"United States, United Kingdom, France, Canada, Germany",not measured: provider published no geography this quarter | Chartmetric + Soundcharts (observed); see 02_Methodology
Q1_2020,Aṣa,29336.59,,,,,,"France, Ghana, Germany, Brazil, Spain",not measured: provider published no geography this quarter | Chartmetric + Soundcharts (observed); see 02_Methodology
Q1_2020,Joeboy,27061.23,,,,,,"United States, Netherlands, United Kingdom, Canada, France",not measured: provider published no geography this quarter | Chartmetric + Soundcharts (observed); see 02_Methodology
Q1_2020,Niniola,25503.2,,,,,,"United States, France, Netherlands, United Kingdom, Canada",not measured: provider published no geography this quarter | Chartmetric + Soundcharts (observed); see 02_Methodology
Q1_2020,Zlatan,23166.23,,,,,,"United States, United Kingdom, Netherlands, Canada, France",not measured: provider published no geography this quarter | Chartmetric + Soundcharts (observed); see 02_Methodology
Q1_2020,Ice Prince,22191.81,,,,,,"Mexico, New Zealand, Sweden, United States, Singapore",not measured: provider published no geography this quarter | Chartmetric + Soundcharts (observed); see 02_Methodology
Q1_2020,Cruel Santino,20601.51,,,,,,"United States, United Kingdom, Canada, Netherlands, France",not measured: provider published no geography this quarter | Chartmetric + Soundcharts (observed); see 02_Methodology
Q1_2020,Kizz Daniel,20433.66,,,,,,"United States, Canada, United Kingdom, France, Netherlands",not measured: provider published no geography this quarter | Chartmetric + Soundcharts (observed); see 02_Methodology
Q1_2020,Phyno,19998.97,,,,,,"United States, Italy, United Kingdom, Germany, United Arab Emirates",not measured: provider published no geography this quarter | Chartmetric + Soundcharts (observed); see 02_Methodology
Q1_2020,Mayorkun,19931.59,,,,,,"United States, Canada, Netherlands, United Kingdom, France",not measured: provider published no geography this quarter | Chartmetric + Soundcharts (observed); see 02_Methodology
Q1_2020,Seyi Shay,19731.54,,,,,,"United States, United Kingdom, Canada, Netherlands, Australia",not measured: provider published no geography this quarter | Chartmetric + Soundcharts (observed); see 02_Methodology
Q1_2020,DJ Neptune,19385.14,,,,,,"United States, United Kingdom, Canada, Netherlands, Sweden",not measured: provider published no geography this quarter | Chartmetric + Soundcharts (observed); see 02_Methodology
Q1_2020,Nonso Amadi,18936.73,,,,,,"United States, Canada, Netherlands, United Kingdom, Sweden",not measured: provider published no geography this quarter | Chartmetric + Soundcharts (observed); see 02_Methodology
Q1_2020,Naira Marley,18862.25,,,,,,"United Kingdom, United States, Canada, Netherlands, France",not measured: provider published no geography this quarter | Chartmetric + Soundcharts (observed); see 02_Methodology
Q1_2020,Fireboy DML,18295.2,,,,,,"United States, Canada, Netherlands, United Kingdom, Germany",not measured: provider published no geography this quarter | Chartmetric + Soundcharts (observed); see 02_Methodology
Q1_2020,Sarz,17914.71,,,,,,"United States, Netherlands, Canada, United Kingdom, France",not measured: provider published no geography this quarter | Chartmetric + Soundcharts (observed); see 02_Methodology
Q1_2020,Odunsi (The Engine),17127.09,,,,,,"United States, United Kingdom, Canada, Netherlands, Germany",not measured: provider published no geography this quarter | Chartmetric + Soundcharts (observed); see 02_Methodology
Q1_2020,D'banj,16097.5,,,,,,"United States, United Kingdom, Norway, Denmark, Chile",not measured: provider published no geography this quarter | Chartmetric + Soundcharts (observed); see 02_Methodology
Q1_2020,Simi,15695.39,,,,,,"United States, United Kingdom, Canada, Netherlands, France",not measured: provider published no geography this quarter | Chartmetric + Soundcharts (observed); see 02_Methodology
Q1_2020,Ajebutter22,15546.77,,,,,,"United States, United Kingdom, Netherlands, Canada, France",not measured: provider published no geography this quarter | Chartmetric + Soundcharts (observed); see 02_Methodology
Q1_2020,WurlD,15437.38,,,,,,"United States, Netherlands, Canada, United Kingdom, France",not measured: provider published no geography this quarter | Chartmetric + Soundcharts (observed); see 02_Methodology
Q1_2020,Adekunle Gold,14322.86,,,,,,"United States, Canada, France, United Kingdom, Netherlands",not measured: provider published no geography this quarter | Chartmetric + Soundcharts (observed); see 02_Methodology
Q1_2020,Skiibii,13171.34,,,,,,"Netherlands, United States, France, Germany, Sweden",not measured: provider published no geography this quarter | Chartmetric + Soundcharts (observed); see 02_Methodology
Q1_2020,Solidstar,12309.41,,,,,,"United States, Netherlands, Canada, United Kingdom, France",not measured: provider published no geography this quarter | Chartmetric + Soundcharts (observed); see 02_Methodology
Q1_2020,Boj,12105.83,,,,,,"United States, United Kingdom, Netherlands, Canada, France",not measured: provider published no geography this quarter | Chartmetric + Soundcharts (observed); see 02_Methodology
Q1_2020,Ric Hassani,10795.38,,,,,,"Netherlands, France, Sweden, United States, Australia",not measured: provider published no geography this quarter | Chartmetric + Soundcharts (observed); see 02_Methodology
Q1_2020,Rude Boy,9675.83,,,,,,"Mexico, Peru, Chile, United States, Spain",not measured: provider published no geography this quarter | Chartmetric + Soundcharts (observed); see 02_Methodology
Q1_2020,Reminisce,8102.7,,,,,,"United States, Canada, United Kingdom, France, Netherlands",not measured: provider published no geography this quarter | Chartmetric + Soundcharts (observed); see 02_Methodology
Q1_2020,Bracket,7858.78,,,,,,"Netherlands, France, United States, Sweden, Germany",not measured: provider published no geography this quarter | Chartmetric + Soundcharts (observed); see 02_Methodology
Q1_2020,Show Dem Camp,7666.03,,,,,,"United States, United Kingdom, Canada, Netherlands, France",not measured: provider published no geography this quarter | Chartmetric + Soundcharts (observed); see 02_Methodology
Q1_2020,Dice Ailes,6928.9,,,,,,"Spain, United States, Canada, United Kingdom, Netherlands",not measured: provider published no geography this quarter | Chartmetric + Soundcharts (observed); see 02_Methodology
Q1_2020,Tems,6904.12,,,,,,"United States, Canada, United Kingdom, Netherlands, France",not measured: provider published no geography this quarter | Chartmetric + Soundcharts (observed); see 02_Methodology
Q1_2020,Praiz,6104.16,,,,,,"Sweden, United States, Netherlands, Germany, Canada",not measured: provider published no geography this quarter | Chartmetric + Soundcharts (observed); see 02_Methodology
Q1_2020,Brymo,5790.22,,,,,,"United States, Ghana, United Kingdom, Canada, Australia",not measured: provider published no geography this quarter | Chartmetric + Soundcharts (observed); see 02_Methodology
Q1_2020,Dremo,5522.02,,,,,,"United States, Canada, France, United Kingdom, Netherlands",not measured: provider published no geography this quarter | Chartmetric + Soundcharts (observed); see 02_Methodology
Q1_2020,HarrySong,5462.85,,,,,,"United States, United Kingdom, Italy, Sweden, Germany",not measured: provider published no geography this quarter | Chartmetric + Soundcharts (observed); see 02_Methodology
Q1_2020,M.I. Abaga,5400.71,,,,,,"United States, Canada, United Kingdom, Netherlands, Australia",not measured: provider published no geography this quarter | Chartmetric + Soundcharts (observed); see 02_Methodology
Q1_2020,Sean Tizzle,5080.14,,,,,,"United States, Canada, United Kingdom, Netherlands, Sweden",not measured: provider published no geography this quarter | Chartmetric + Soundcharts (observed); see 02_Methodology
Q1_2020,Young Jonn,4980.29,,,,,,"United States, United Kingdom, Canada, Netherlands, France",not measured: provider published no geography this quarter | Chartmetric + Soundcharts (observed); see 02_Methodology
Q1_2020,Mr Real,4899.18,,,,,,"United States, United Kingdom, Canada, Netherlands, Australia",not measured: provider published no geography this quarter | Chartmetric + Soundcharts (observed); see 02_Methodology
Q1_2020,Tay Iwar,4891.56,,,,,,"United States, Canada, United Kingdom, Netherlands, Australia",not measured: provider published no geography this quarter | Chartmetric + Soundcharts (observed); see 02_Methodology
Q1_2020,Darey,4751.53,,,,,,"United States, Canada, United Kingdom, Australia, South Africa",not measured: provider published no geography this quarter | Chartmetric + Soundcharts (observed); see 02_Methodology
Q1_2020,Waje,4647.98,,,,,,"United States, Canada, United Kingdom, Australia, Sweden",not measured: provider published no geography this quarter | Chartmetric + Soundcharts (observed); see 02_Methodology
Q1_2020,9ice,4569.65,,,,,,"United States, United Kingdom, Canada, Australia, Ireland",not measured: provider published no geography this quarter | Chartmetric + Soundcharts (observed); see 02_Methodology
Q1_2020,BNXN,4471.52,,,,,,"United States, Canada, Netherlands, United Kingdom, France",not measured: provider published no geography this quarter | Chartmetric + Soundcharts (observed); see 02_Methodology
Q1_2020,Lil Kesh,4404.97,,,,,,"United States, United Kingdom, Canada, Netherlands, Ireland",not measured: provider published no geography this quarter | Chartmetric + Soundcharts (observed); see 02_Methodology
Q1_2020,Peruzzi,4097.91,,,,,,"United States, Canada, United Kingdom, Australia, Netherlands",not measured: provider published no geography this quarter | Chartmetric + Soundcharts (observed); see 02_Methodology
Q1_2020,Duncan Mighty,3761.58,,,,,,"United States, United Kingdom, Sweden, Netherlands, Canada",not measured: provider published no geography this quarter | Chartmetric + Soundcharts (observed); see 02_Methodology
Q1_2020,Amaarae,3744.39,,,,,,"United States, United Kingdom, Canada, Netherlands, France",not measured: provider published no geography this quarter | Chartmetric + Soundcharts (observed); see 02_Methodology
Q1_2020,Johnny Drille,3636.58,,,,,,"United States, Australia, Canada, Netherlands, Brazil",not measured: provider published no geography this quarter | Chartmetric + Soundcharts (observed); see 02_Methodology
Q1_2020,Lady Donli,3510.79,,,,,,"United States, United Kingdom, Canada, Netherlands, Germany",not measured: provider published no geography this quarter | Chartmetric + Soundcharts (observed); see 02_Methodology
Q1_2020,Crayon,3277.55,,,,,,"United States, Canada, United Kingdom, France, Netherlands",not measured: provider published no geography this quarter | Chartmetric + Soundcharts (observed); see 02_Methodology
Q1_2020,Small Doctor,3153.77,,,,,,"United States, United Kingdom, Canada, Ireland, Australia",not measured: provider published no geography this quarter | Chartmetric + Soundcharts (observed); see 02_Methodology
Q1_2020,Mannywellz,2958.76,,,,,,"United States, Canada, Australia, United Kingdom, Brazil",not measured: provider published no geography this quarter | Chartmetric + Soundcharts (observed); see 02_Methodology
Q1_2020,Oxlade,2817.62,,,,,,"United States, Canada, United Kingdom, Netherlands, Germany",not measured: provider published no geography this quarter | Chartmetric + Soundcharts (observed); see 02_Methodology
Q1_2020,Olakira,2796.73,,,,,,"United States, Netherlands, France, Canada, Germany",not measured: provider published no geography this quarter | Chartmetric + Soundcharts (observed); see 02_Methodology
Q1_2020,Naeto C,2291.07,,,,,,"United States, United Kingdom, Canada, Australia, Netherlands",not measured: provider published no geography this quarter | Chartmetric + Soundcharts (observed); see 02_Methodology
Q1_2020,CKay,1756.84,,,,,,"United States, Canada, United Kingdom, Netherlands, France",not measured: provider published no geography this quarter | Chartmetric + Soundcharts (observed); see 02_Methodology
Q1_2020,King Sunny Ade,1725.0,,,,,,"United States, United Kingdom, Canada, Germany, Netherlands",not measured: provider published no geography this quarter | Chartmetric + Soundcharts (observed); see 02_Methodology
Q1_2020,Blaqbonez,1571.03,,,,,,"United States, Canada, United Kingdom, Netherlands, Germany",not measured: provider published no geography this quarter | Chartmetric + Soundcharts (observed); see 02_Methodology
Q1_2020,Bad Boy Timz,1549.19,,,,,,"United States, United Kingdom, Canada, Netherlands, France",not measured: provider published no geography this quarter | Chartmetric + Soundcharts (observed); see 02_Methodology
Q1_2020,Sound Sultan,1510.8,,,,,,"United States, Canada, United Kingdom, Netherlands, Sweden",not measured: provider published no geography this quarter | Chartmetric + Soundcharts (observed); see 02_Methodology
Q1_2020,CDQ,1500.85,,,,,,"United States, Canada, United Kingdom, France, Netherlands",not measured: provider published no geography this quarter | Chartmetric + Soundcharts (observed); see 02_Methodology
Q1_2020,Chike,1425.99,,,,,,"United States, Canada, United Kingdom, South Africa, Netherlands",not measured: provider published no geography this quarter | Chartmetric + Soundcharts (observed); see 02_Methodology
Q1_2020,LADIPOE,1307.28,,,,,,"United States, Canada, United Kingdom, Netherlands, France",not measured: provider published no geography this quarter | Chartmetric + Soundcharts (observed); see 02_Methodology
Q1_2020,Terri,1279.74,,,,,,"United States, Canada, Netherlands, United Kingdom, France",not measured: provider published no geography this quarter | Chartmetric + Soundcharts (observed); see 02_Methodology
Q1_2020,Lyta,1192.82,,,,,,"United States, Canada, United Kingdom, Australia, France",not measured: provider published no geography this quarter | Chartmetric + Soundcharts (observed); see 02_Methodology
Q1_2020,Terry Apala,1081.15,,,,,,"United States, Canada, United Kingdom, Netherlands, France",not measured: provider published no geography this quarter | Chartmetric + Soundcharts (observed); see 02_Methodology
Q1_2020,Prettyboy D-O,1006.45,,,,,,"United States, United Kingdom, Canada, Netherlands, France",not measured: provider published no geography this quarter | Chartmetric + Soundcharts (observed); see 02_Methodology
Q1_2020,Vector,994.85,,,,,,"United States, United Kingdom, Canada, Australia, Germany",not measured: provider published no geography this quarter | Chartmetric + Soundcharts (observed); see 02_Methodology
Q1_2020,Olu Maintain,841.57,,,,,,"United States, United Kingdom, Canada, Ireland, Australia",not measured: provider published no geography this quarter | Chartmetric + Soundcharts (observed); see 02_Methodology
Q1_2020,Yung6ix,743.47,,,,,,"United States, Canada, United Kingdom, Netherlands, France",not measured: provider published no geography this quarter | Chartmetric + Soundcharts (observed); see 02_Methodology
Q1_2020,Pheelz,704.36,,,,,,"United States, Canada, United Kingdom, France, Ireland",not measured: provider published no geography this quarter | Chartmetric + Soundcharts (observed); see 02_Methodology
Q1_2020,Bella Shmurda,623.89,,,,,,"United States, United Kingdom, Canada, South Africa, Ireland",not measured: provider published no geography this quarter | Chartmetric + Soundcharts (observed); see 02_Methodology
Q1_2020,Mohbad,614.48,,,,,,"United States, United Kingdom, Canada, Ireland, South Africa",not measured: provider published no geography this quarter | Chartmetric + Soundcharts (observed); see 02_Methodology
Q1_2020,Lagbaja,526.33,,,,,,,not measured: provider published no geography this quarter | Chartmetric + Soundcharts (observed); see 02_Methodology
Q1_2020,Dammy Krane,510.19,,,,,,"United States, United Kingdom, Canada, Australia, Sweden",not measured: provider published no geography this quarter | Chartmetric + Soundcharts (observed); see 02_Methodology
Q1_2020,Zinoleesky,463.26,,,,,,"United States, United Kingdom, Canada, Ireland, France",not measured: provider published no geography this quarter | Chartmetric + Soundcharts (observed); see 02_Methodology
Q1_2020,Eldee,414.69,,,,,,"United States, Canada, United Kingdom, Australia, Ireland",not measured: provider published no geography this quarter | Chartmetric + Soundcharts (observed); see 02_Methodology
Q1_2020,Illbliss,409.33,,,,,,"United States, Canada, United Kingdom, Australia, Sweden",not measured: provider published no geography this quarter | Chartmetric + Soundcharts (observed); see 02_Methodology
Q1_2020,Jesse Jagz,308.16,,,,,,"United States, Canada, United Kingdom, Netherlands, Sweden",not measured: provider published no geography this quarter | Chartmetric + Soundcharts (observed); see 02_Methodology
Q1_2020,Asake,254.76,,,,,,"United States, Canada, United Kingdom, France, Netherlands",not measured: provider published no geography this quarter | Chartmetric + Soundcharts (observed); see 02_Methodology
Q1_2020,Spyro,202.62,,,,,,"United States, France, Australia, Canada, United Kingdom",not measured: provider published no geography this quarter | Chartmetric + Soundcharts (observed); see 02_Methodology
Q1_2020,Omah Lay,193.51,,,,,,"United States, Canada, United Kingdom, Netherlands, France",not measured: provider published no geography this quarter | Chartmetric + Soundcharts (observed); see 02_Methodology
Q1_2020,Sauce Kid,98.36,,,,,,"United States, Canada, United Kingdom, Ireland, Netherlands",not measured: provider published no geography this quarter | Chartmetric + Soundcharts (observed); see 02_Methodology
Q1_2020,Ebenezer Obey,83.28,,,,,,,not measured: provider published no geography this quarter | Chartmetric + Soundcharts (observed); see 02_Methodology
Q1_2020,Lojay,42.45,,,,,,"United States, Canada, France, United Kingdom, Germany",not measured: provider published no geography this quarter | Chartmetric + Soundcharts (observed); see 02_Methodology
Q1_2020,Oritsefemi,34.98,,,,,,"Philippines, India, United Kingdom, United Arab Emirates, Canada",not measured: provider published no geography this quarter | Chartmetric + Soundcharts (observed); see 02_Methodology
Q1_2020,Magixx,5.28,,,,,,"United States, Germany, United Kingdom, Netherlands, France",not measured: provider published no geography this quarter | Chartmetric + Soundcharts (observed); see 02_Methodology
Q1_2020,Libianca,4.91,,,,,,United States,not measured: provider published no geography this quarter | Chartmetric + Soundcharts (observed); see 02_Methodology
Q1_2020,Victony,3.54,,,,,,"Italy, United States, United Kingdom, Türkiye, Canada",not measured: provider published no geography this quarter | Chartmetric + Soundcharts (observed); see 02_Methodology
Q1_2020,Seyi Vibez,2.95,,,,,,"United States, United Kingdom, Australia, Türkiye",not measured: provider published no geography this quarter | Chartmetric + Soundcharts (observed); see 02_Methodology
Q1_2020,ODUMODUBLVCK,1.9,,,,,,"France, United States, Türkiye, Germany, Canada",not measured: provider published no geography this quarter | Chartmetric + Soundcharts (observed); see 02_Methodology
Q1_2020,Odunsi,0.22,,,,,,,not measured: provider published no geography this quarter | Chartmetric + Soundcharts (observed); see 02_Methodology
Q1_2020,DJ Spinall,0.05,,,,,,,not measured: provider published no geography this quarter | Chartmetric + Soundcharts (observed); see 02_Methodology
Q1_2020,=== PERIOD TOTAL ===,3987687.48,,,,,,,Aggregated
Q2_2020,Burna Boy,578554.34,,,,,,"United States, France, United Kingdom, Kenya, Netherlands",not measured: provider published no geography this quarter | Chartmetric + Soundcharts (observed); see 02_Methodology
Q2_2020,Mr Eazi,440241.25,,,,,,"United States, United Kingdom, France, Côte D’Ivoire, Guatemala",not measured: provider published no geography this quarter | Chartmetric + Soundcharts (observed); see 02_Methodology
Q2_2020,Davido,431773.15,,,,,,"United States, Netherlands, Canada, United Kingdom, Germany",not measured: provider published no geography this quarter | Chartmetric + Soundcharts (observed); see 02_Methodology
Q2_2020,Wizkid,414565.53,,,,,,"Côte D’Ivoire, United States, France, United Kingdom, Kenya",not measured: provider published no geography this quarter | Chartmetric + Soundcharts (observed); see 02_Methodology
Q2_2020,Flavour,241642.13,,,,,,"United States, Canada, France, Netherlands, United Kingdom",not measured: provider published no geography this quarter | Chartmetric + Soundcharts (observed); see 02_Methodology
Q2_2020,Rema,163067.89,,,,,,"United States, France, Netherlands, Ghana, Canada",not measured: provider published no geography this quarter | Chartmetric + Soundcharts (observed); see 02_Methodology
Q2_2020,Maleek Berry,149291.05,,,,,,"United States, France, United Kingdom, Canada, Spain",not measured: provider published no geography this quarter | Chartmetric + Soundcharts (observed); see 02_Methodology
Q2_2020,Yemi Alade,143766.76,,,,,,"Côte D’Ivoire, Congo - Kinshasa, United States, France, Kenya",not measured: provider published no geography this quarter | Chartmetric + Soundcharts (observed); see 02_Methodology
Q2_2020,Darkoo,93967.17,,,,,,"Netherlands, United Kingdom, Australia, Canada, Germany",not measured: provider published no geography this quarter | Chartmetric + Soundcharts (observed); see 02_Methodology
Q2_2020,Timaya,92023.71,,,,,,"United States, United Kingdom, France, Italy, Germany",not measured: provider published no geography this quarter | Chartmetric + Soundcharts (observed); see 02_Methodology
Q2_2020,Kizz Daniel,85952.67,,,,,,"United States, France, Canada, Netherlands, United Kingdom",not measured: provider published no geography this quarter | Chartmetric + Soundcharts (observed); see 02_Methodology
Q2_2020,P-Square,76287.69,,,,,,"France, United States, United Kingdom, Kenya, Italy",not measured: provider published no geography this quarter | Chartmetric + Soundcharts (observed); see 02_Methodology
Q2_2020,Naira Marley,75280.02,,,,,,"United Kingdom, United States, Canada, France, Netherlands",not measured: provider published no geography this quarter | Chartmetric + Soundcharts (observed); see 02_Methodology
Q2_2020,Tiwa Savage,68869.82,,,,,,"Côte D’Ivoire, United States, France, United Kingdom, Kenya",not measured: provider published no geography this quarter | Chartmetric + Soundcharts (observed); see 02_Methodology
Q2_2020,Teni,65534.13,,,,,,"Ghana, Tanzania, United States, United Kingdom, Canada",not measured: provider published no geography this quarter | Chartmetric + Soundcharts (observed); see 02_Methodology
Q2_2020,Patoranking,63382.49,,,,,,"United States, Kenya, France, United Kingdom, Tanzania",not measured: provider published no geography this quarter | Chartmetric + Soundcharts (observed); see 02_Methodology
Q2_2020,Reekado Banks,61700.63,,,,,,"Kenya, United States, United Kingdom, France, Tanzania",not measured: provider published no geography this quarter | Chartmetric + Soundcharts (observed); see 02_Methodology
Q2_2020,Tekno,61668.51,,,,,,"United States, Netherlands, France, Germany, Canada",not measured: provider published no geography this quarter | Chartmetric + Soundcharts (observed); see 02_Methodology
Q2_2020,Falz,57979.93,,,,,,"United States, Canada, United Kingdom, France, Netherlands",not measured: provider published no geography this quarter | Chartmetric + Soundcharts (observed); see 02_Methodology
Q2_2020,2Baba,55480.08,,,,,,"United States, United Kingdom, Italy, France, Canada",not measured: provider published no geography this quarter | Chartmetric + Soundcharts (observed); see 02_Methodology
Q2_2020,Korede Bello,51759.83,,,,,,"United States, France, United Kingdom, Kenya, Colombia",not measured: provider published no geography this quarter | Chartmetric + Soundcharts (observed); see 02_Methodology
Q2_2020,Wande Coal,47052.47,,,,,,"United States, United Kingdom, France, Brazil, Canada",not measured: provider published no geography this quarter | Chartmetric + Soundcharts (observed); see 02_Methodology
Q2_2020,Joeboy,46314.75,,,,,,"United States, Netherlands, France, Canada, Sweden",not measured: provider published no geography this quarter | Chartmetric + Soundcharts (observed); see 02_Methodology
Q2_2020,Banky W.,45164.24,,,,,,"United States, Kenya, United Kingdom, Zambia, Cameroon",not measured: provider published no geography this quarter | Chartmetric + Soundcharts (observed); see 02_Methodology
Q2_2020,Iyanya,40470.58,,,,,,"United States, France, United Kingdom, Italy, Canada",not measured: provider published no geography this quarter | Chartmetric + Soundcharts (observed); see 02_Methodology
Q2_2020,Fela Kuti,39781.11,,,,,,"United States, Norway, New Zealand, France, United Kingdom",not measured: provider published no geography this quarter | Chartmetric + Soundcharts (observed); see 02_Methodology
Q2_2020,Ycee,38865.82,,,,,,"Ghana, Tanzania, United States, Germany, Netherlands",not measured: provider published no geography this quarter | Chartmetric + Soundcharts (observed); see 02_Methodology
Q2_2020,Olamide,38855.19,,,,,,"United States, United Kingdom, France, Kenya, Italy",not measured: provider published no geography this quarter | Chartmetric + Soundcharts (observed); see 02_Methodology
Q2_2020,DJ Neptune,35189.92,,,,,,"United States, Sweden, France, Canada, Netherlands",not measured: provider published no geography this quarter | Chartmetric + Soundcharts (observed); see 02_Methodology
Q2_2020,Simi,35175.46,,,,,,"Ghana, Tanzania, United Arab Emirates, Côte D’Ivoire, United States",not measured: provider published no geography this quarter | Chartmetric + Soundcharts (observed); see 02_Methodology
Q2_2020,Adekunle Gold,29401.42,,,,,,"United States, Netherlands, Canada, Germany, United Kingdom",not measured: provider published no geography this quarter | Chartmetric + Soundcharts (observed); see 02_Methodology
Q2_2020,Aṣa,28331.43,,,,,,"France, Ghana, Germany, Brazil, United Arab Emirates",not measured: provider published no geography this quarter | Chartmetric + Soundcharts (observed); see 02_Methodology
Q2_2020,Cruel Santino,27945.19,,,,,,"United States, United Kingdom, Canada, Netherlands, France",not measured: provider published no geography this quarter | Chartmetric + Soundcharts (observed); see 02_Methodology
Q2_2020,Fireboy DML,26949.77,,,,,,"United States, Canada, France, Netherlands, Germany",not measured: provider published no geography this quarter | Chartmetric + Soundcharts (observed); see 02_Methodology
Q2_2020,WurlD,24656.65,,,,,,"United States, Netherlands, Germany, Canada, France",not measured: provider published no geography this quarter | Chartmetric + Soundcharts (observed); see 02_Methodology
Q2_2020,Ice Prince,23623.76,,,,,,"Romania, Sweden, New Zealand, Mexico, United States",not measured: provider published no geography this quarter | Chartmetric + Soundcharts (observed); see 02_Methodology
Q2_2020,Bracket,23206.03,,,,,,"Italy, France, Netherlands, Sweden, Canada",not measured: provider published no geography this quarter | Chartmetric + Soundcharts (observed); see 02_Methodology
Q2_2020,Odunsi (The Engine),23181.78,,,,,,"United States, United Kingdom, Canada, Netherlands, Germany",not measured: provider published no geography this quarter | Chartmetric + Soundcharts (observed); see 02_Methodology
Q2_2020,Zlatan,22849.96,,,,,,"United States, United Kingdom, Netherlands, Canada, France",not measured: provider published no geography this quarter | Chartmetric + Soundcharts (observed); see 02_Methodology
Q2_2020,Mayorkun,22068.8,,,,,,"Ghana, Tanzania, United States, Cameroon, Benin",not measured: provider published no geography this quarter | Chartmetric + Soundcharts (observed); see 02_Methodology
Q2_2020,Seyi Shay,21528.8,,,,,,"United States, Canada, United Kingdom, Netherlands, Australia",not measured: provider published no geography this quarter | Chartmetric + Soundcharts (observed); see 02_Methodology
Q2_2020,Niniola,21304.8,,,,,,"United States, France, Netherlands, Germany, Canada",not measured: provider published no geography this quarter | Chartmetric + Soundcharts (observed); see 02_Methodology
Q2_2020,Phyno,20676.29,,,,,,"United States, United Kingdom, Italy, United Arab Emirates, Germany",not measured: provider published no geography this quarter | Chartmetric + Soundcharts (observed); see 02_Methodology
Q2_2020,Skiibii,20550.99,,,,,,"Netherlands, United States, France, Germany, Canada",not measured: provider published no geography this quarter | Chartmetric + Soundcharts (observed); see 02_Methodology
Q2_2020,BNXN,20550.13,,,,,,"United States, Netherlands, France, Canada, Germany",not measured: provider published no geography this quarter | Chartmetric + Soundcharts (observed); see 02_Methodology
Q2_2020,Nonso Amadi,19891.9,,,,,,"United States, Canada, Netherlands, United Kingdom, Germany",not measured: provider published no geography this quarter | Chartmetric + Soundcharts (observed); see 02_Methodology
Q2_2020,Sarz,18877.47,,,,,,"United States, Netherlands, Canada, Germany, France",not measured: provider published no geography this quarter | Chartmetric + Soundcharts (observed); see 02_Methodology
Q2_2020,Ajebutter22,18180.82,,,,,,"United States, Netherlands, Canada, United Kingdom, France",not measured: provider published no geography this quarter | Chartmetric + Soundcharts (observed); see 02_Methodology
Q2_2020,D'banj,17156.33,,,,,,"Norway, United Kingdom, United States, Denmark, France",not measured: provider published no geography this quarter | Chartmetric + Soundcharts (observed); see 02_Methodology
Q2_2020,Oxlade,17018.38,,,,,,"United States, Germany, Netherlands, Canada, United Kingdom",not measured: provider published no geography this quarter | Chartmetric + Soundcharts (observed); see 02_Methodology
Q2_2020,Omah Lay,16422.59,,,,,,"United States, Germany, Canada, Netherlands, United Kingdom",not measured: provider published no geography this quarter | Chartmetric + Soundcharts (observed); see 02_Methodology
Q2_2020,LADIPOE,15956.35,,,,,,"United States, Canada, Netherlands, France, Germany",not measured: provider published no geography this quarter | Chartmetric + Soundcharts (observed); see 02_Methodology
Q2_2020,Boj,13920.21,,,,,,"United States, United Kingdom, Netherlands, Canada, France",not measured: provider published no geography this quarter | Chartmetric + Soundcharts (observed); see 02_Methodology
Q2_2020,Ric Hassani,12048.0,,,,,,"Netherlands, France, Sweden, Germany, Canada",not measured: provider published no geography this quarter | Chartmetric + Soundcharts (observed); see 02_Methodology
Q2_2020,CKay,11700.66,,,,,,"United States, Canada, Netherlands, France, Germany",not measured: provider published no geography this quarter | Chartmetric + Soundcharts (observed); see 02_Methodology
Q2_2020,Rude Boy,11201.0,,,,,,"Mexico, Spain, Peru, Chile, Argentina",not measured: provider published no geography this quarter | Chartmetric + Soundcharts (observed); see 02_Methodology
Q2_2020,Solidstar,10992.9,,,,,,"United States, Netherlands, Canada, France, Sweden",not measured: provider published no geography this quarter | Chartmetric + Soundcharts (observed); see 02_Methodology
Q2_2020,Terri,10986.34,,,,,,"Netherlands, United States, France, Canada, Germany",not measured: provider published no geography this quarter | Chartmetric + Soundcharts (observed); see 02_Methodology
Q2_2020,Tems,10861.94,,,,,,"United States, Canada, Netherlands, Germany, France",not measured: provider published no geography this quarter | Chartmetric + Soundcharts (observed); see 02_Methodology
Q2_2020,Show Dem Camp,8761.1,,,,,,"United States, Canada, Netherlands, United Kingdom, France",not measured: provider published no geography this quarter | Chartmetric + Soundcharts (observed); see 02_Methodology
Q2_2020,Reminisce,8356.76,,,,,,"United States, Canada, United Kingdom, Germany, Netherlands",not measured: provider published no geography this quarter | Chartmetric + Soundcharts (observed); see 02_Methodology
Q2_2020,Young Jonn,8058.17,,,,,,"United States, France, Canada, United Kingdom, Netherlands",not measured: provider published no geography this quarter | Chartmetric + Soundcharts (observed); see 02_Methodology
Q2_2020,Brymo,7851.21,,,,,,"United States, Ghana, Canada, United Kingdom, Netherlands",not measured: provider published no geography this quarter | Chartmetric + Soundcharts (observed); see 02_Methodology
Q2_2020,Praiz,7438.44,,,,,,"Sweden, Netherlands, Germany, United States, France",not measured: provider published no geography this quarter | Chartmetric + Soundcharts (observed); see 02_Methodology
Q2_2020,Bad Boy Timz,7335.56,,,,,,"United States, France, Canada, Netherlands, United Kingdom",not measured: provider published no geography this quarter | Chartmetric + Soundcharts (observed); see 02_Methodology
Q2_2020,Dice Ailes,7118.0,,,,,,"United States, Spain, Canada, United Kingdom, Netherlands",not measured: provider published no geography this quarter | Chartmetric + Soundcharts (observed); see 02_Methodology
Q2_2020,Dremo,6894.57,,,,,,"United States, Canada, United Kingdom, Netherlands, Germany",not measured: provider published no geography this quarter | Chartmetric + Soundcharts (observed); see 02_Methodology
Q2_2020,9ice,5449.11,,,,,,"United States, United Kingdom, Canada, Netherlands, Australia",not measured: provider published no geography this quarter | Chartmetric + Soundcharts (observed); see 02_Methodology
Q2_2020,Lady Donli,5419.65,,,,,,"United States, Netherlands, Canada, United Kingdom, Germany",not measured: provider published no geography this quarter | Chartmetric + Soundcharts (observed); see 02_Methodology
Q2_2020,Sean Tizzle,5377.81,,,,,,"United States, Canada, Netherlands, United Kingdom, Sweden",not measured: provider published no geography this quarter | Chartmetric + Soundcharts (observed); see 02_Methodology
Q2_2020,M.I. Abaga,5170.79,,,,,,"United States, Canada, United Kingdom, Netherlands, Australia",not measured: provider published no geography this quarter | Chartmetric + Soundcharts (observed); see 02_Methodology
Q2_2020,Mr Real,5093.86,,,,,,"United States, United Kingdom, Canada, Australia, Netherlands",not measured: provider published no geography this quarter | Chartmetric + Soundcharts (observed); see 02_Methodology
Q2_2020,Darey,4998.42,,,,,,"United States, Canada, United Kingdom, Australia, Ireland",not measured: provider published no geography this quarter | Chartmetric + Soundcharts (observed); see 02_Methodology
Q2_2020,Amaarae,4959.79,,,,,,"United States, Netherlands, France, Canada, Germany",not measured: provider published no geography this quarter | Chartmetric + Soundcharts (observed); see 02_Methodology
Q2_2020,Waje,4677.82,,,,,,"United States, Canada, United Kingdom, Netherlands, Sweden",not measured: provider published no geography this quarter | Chartmetric + Soundcharts (observed); see 02_Methodology
Q2_2020,Tay Iwar,4644.82,,,,,,"United States, Canada, Netherlands, South Africa, United Kingdom",not measured: provider published no geography this quarter | Chartmetric + Soundcharts (observed); see 02_Methodology
Q2_2020,Crayon,4637.79,,,,,,"United States, France, Canada, Netherlands, United Kingdom",not measured: provider published no geography this quarter | Chartmetric + Soundcharts (observed); see 02_Methodology
Q2_2020,Peruzzi,4386.41,,,,,,"Ghana, Tanzania, Italy, United States, Canada",not measured: provider published no geography this quarter | Chartmetric + Soundcharts (observed); see 02_Methodology
Q2_2020,HarrySong,4369.17,,,,,,"United States, Kenya, United Kingdom, France, Italy",not measured: provider published no geography this quarter | Chartmetric + Soundcharts (observed); see 02_Methodology
Q2_2020,Lil Kesh,4266.14,,,,,,"United States, United Kingdom, Canada, Netherlands, France",not measured: provider published no geography this quarter | Chartmetric + Soundcharts (observed); see 02_Methodology
Q2_2020,Prettyboy D-O,3601.4,,,,,,"United States, United Kingdom, Canada, Philippines, Australia",not measured: provider published no geography this quarter | Chartmetric + Soundcharts (observed); see 02_Methodology
Q2_2020,Duncan Mighty,3580.14,,,,,,"United States, Sweden, Netherlands, United Kingdom, Canada",not measured: provider published no geography this quarter | Chartmetric + Soundcharts (observed); see 02_Methodology
Q2_2020,Small Doctor,3186.74,,,,,,"United States, United Kingdom, Canada, Ireland, Australia",not measured: provider published no geography this quarter | Chartmetric + Soundcharts (observed); see 02_Methodology
Q2_2020,Mannywellz,2906.09,,,,,,"United States, Canada, Australia, United Kingdom, South Africa",not measured: provider published no geography this quarter | Chartmetric + Soundcharts (observed); see 02_Methodology
Q2_2020,Johnny Drille,2728.13,,,,,,"United States, Australia, Canada, Brazil, Philippines",not measured: provider published no geography this quarter | Chartmetric + Soundcharts (observed); see 02_Methodology
Q2_2020,Naeto C,2473.73,,,,,,"United States, Canada, United Kingdom, Australia, Netherlands",not measured: provider published no geography this quarter | Chartmetric + Soundcharts (observed); see 02_Methodology
Q2_2020,Blaqbonez,2005.9,,,,,,"United States, Canada, United Kingdom, Netherlands, Germany",not measured: provider published no geography this quarter | Chartmetric + Soundcharts (observed); see 02_Methodology
Q2_2020,King Sunny Ade,1854.94,,,,,,"United States, United Kingdom, Canada, Ireland, Netherlands",not measured: provider published no geography this quarter | Chartmetric + Soundcharts (observed); see 02_Methodology
Q2_2020,Chike,1800.88,,,,,,"United States, Canada, United Kingdom, Netherlands, South Africa",not measured: provider published no geography this quarter | Chartmetric + Soundcharts (observed); see 02_Methodology
Q2_2020,Olakira,1769.52,,,,,,"Netherlands, France, United States, Canada, Germany",not measured: provider published no geography this quarter | Chartmetric + Soundcharts (observed); see 02_Methodology
Q2_2020,Sound Sultan,1616.6,,,,,,"United States, Canada, United Kingdom, Netherlands, Sweden",not measured: provider published no geography this quarter | Chartmetric + Soundcharts (observed); see 02_Methodology
Q2_2020,Jesse Jagz,1465.32,,,,,,"United States, Canada, United Kingdom, South Africa, Netherlands",not measured: provider published no geography this quarter | Chartmetric + Soundcharts (observed); see 02_Methodology
Q2_2020,Terry Apala,1248.31,,,,,,"United States, Canada, United Kingdom, Netherlands, Germany",not measured: provider published no geography this quarter | Chartmetric + Soundcharts (observed); see 02_Methodology
Q2_2020,CDQ,1220.68,,,,,,"United States, Canada, United Kingdom, France, Netherlands",not measured: provider published no geography this quarter | Chartmetric + Soundcharts (observed); see 02_Methodology
Q2_2020,Lyta,1065.77,,,,,,"United States, Canada, United Kingdom, Australia, France",not measured: provider published no geography this quarter | Chartmetric + Soundcharts (observed); see 02_Methodology
Q2_2020,Illbliss,1029.65,,,,,,"United States, Canada, France, United Kingdom, Netherlands",not measured: provider published no geography this quarter | Chartmetric + Soundcharts (observed); see 02_Methodology
Q2_2020,Bella Shmurda,1027.4,,,,,,"United States, Canada, United Kingdom, Netherlands, South Africa",not measured: provider published no geography this quarter | Chartmetric + Soundcharts (observed); see 02_Methodology
Q2_2020,Olu Maintain,959.85,,,,,,"United States, United Kingdom, Canada, Ireland, Australia",not measured: provider published no geography this quarter | Chartmetric + Soundcharts (observed); see 02_Methodology
Q2_2020,Vector,909.15,,,,,,"United States, Canada, United Kingdom, Germany, South Africa",not measured: provider published no geography this quarter | Chartmetric + Soundcharts (observed); see 02_Methodology
Q2_2020,Mohbad,837.86,,,,,,"United States, United Kingdom, Canada, Ireland, Netherlands",not measured: provider published no geography this quarter | Chartmetric + Soundcharts (observed); see 02_Methodology
Q2_2020,Dammy Krane,752.58,,,,,,"United States, Canada, United Kingdom, Australia, Germany",not measured: provider published no geography this quarter | Chartmetric + Soundcharts (observed); see 02_Methodology
Q2_2020,Yung6ix,743.77,,,,,,"United States, Canada, United Kingdom, Netherlands, Sweden",not measured: provider published no geography this quarter | Chartmetric + Soundcharts (observed); see 02_Methodology
Q2_2020,Pheelz,656.23,,,,,,"United States, Canada, United Kingdom, France, Netherlands",not measured: provider published no geography this quarter | Chartmetric + Soundcharts (observed); see 02_Methodology
Q2_2020,Lagbaja,648.72,,,,,,,not measured: provider published no geography this quarter | Chartmetric + Soundcharts (observed); see 02_Methodology
Q2_2020,Eldee,446.64,,,,,,"United States, Canada, United Kingdom, Australia, Ireland",not measured: provider published no geography this quarter | Chartmetric + Soundcharts (observed); see 02_Methodology
Q2_2020,Zinoleesky,366.85,,,,,,"United States, United Kingdom, Canada, South Africa, Ireland",not measured: provider published no geography this quarter | Chartmetric + Soundcharts (observed); see 02_Methodology
Q2_2020,Spyro,293.26,,,,,,"United States, Canada, United Kingdom, France, Australia",not measured: provider published no geography this quarter | Chartmetric + Soundcharts (observed); see 02_Methodology
Q2_2020,Asake,260.87,,,,,,"United States, Canada, United Kingdom, Netherlands, France",not measured: provider published no geography this quarter | Chartmetric + Soundcharts (observed); see 02_Methodology
Q2_2020,Sauce Kid,105.29,,,,,,"United States, Canada, United Kingdom, Australia, Ireland",not measured: provider published no geography this quarter | Chartmetric + Soundcharts (observed); see 02_Methodology
Q2_2020,Ebenezer Obey,87.05,,,,,,,not measured: provider published no geography this quarter | Chartmetric + Soundcharts (observed); see 02_Methodology
Q2_2020,Oritsefemi,27.23,,,,,,"United States, Canada, United Kingdom, Netherlands, India",not measured: provider published no geography this quarter | Chartmetric + Soundcharts (observed); see 02_Methodology
Q2_2020,Lojay,19.54,,,,,,"France, Canada, United States, Germany, United Kingdom",not measured: provider published no geography this quarter | Chartmetric + Soundcharts (observed); see 02_Methodology
Q2_2020,Victony,7.73,,,,,,"United States, Canada, Türkiye, Germany, Malaysia",not measured: provider published no geography this quarter | Chartmetric + Soundcharts (observed); see 02_Methodology
Q2_2020,Seyi Vibez,7.0,,,,,,"United States, United Kingdom, Türkiye, Egypt, United Arab Emirates",not measured: provider published no geography this quarter | Chartmetric + Soundcharts (observed); see 02_Methodology
Q2_2020,Magixx,2.72,,,,,,"United States, France, United Kingdom, Türkiye, Sweden",not measured: provider published no geography this quarter | Chartmetric + Soundcharts (observed); see 02_Methodology
Q2_2020,ODUMODUBLVCK,2.35,,,,,,"United States, Canada, Czechia, Hungary, Germany",not measured: provider published no geography this quarter | Chartmetric + Soundcharts (observed); see 02_Methodology
Q2_2020,Libianca,1.99,,,,,,"Germany, United States, United Kingdom, Canada, Latvia",not measured: provider published no geography this quarter | Chartmetric + Soundcharts (observed); see 02_Methodology
Q2_2020,Odunsi,0.24,,,,,,,not measured: provider published no geography this quarter | Chartmetric + Soundcharts (observed); see 02_Methodology
Q2_2020,DJ Spinall,0.05,,,,,,,not measured: provider published no geography this quarter | Chartmetric + Soundcharts (observed); see 02_Methodology
Q2_2020,=== PERIOD TOTAL ===,4568682.57,,,,,,,Aggregated
Q3_2020,Burna Boy,778060.48,,,,,,"United States, France, United Kingdom, Singapore, Taiwan",not measured: provider published no geography this quarter | Chartmetric + Soundcharts (observed); see 02_Methodology
Q3_2020,Mr Eazi,499516.06,,,,,,"United States, Côte D’Ivoire, United Kingdom, France, Guatemala",not measured: provider published no geography this quarter | Chartmetric + Soundcharts (observed); see 02_Methodology
Q3_2020,Davido,462270.64,,,,,,"United States, United Kingdom, Netherlands, Canada, Australia",not measured: provider published no geography this quarter | Chartmetric + Soundcharts (observed); see 02_Methodology
Q3_2020,Wizkid,446829.09,,,,,,"Côte D’Ivoire, United States, United Kingdom, France, Kenya",not measured: provider published no geography this quarter | Chartmetric + Soundcharts (observed); see 02_Methodology
Q3_2020,Tiwa Savage,268469.94,,,,,,"Côte D’Ivoire, United States, Singapore, United Kingdom, Taiwan",not measured: provider published no geography this quarter | Chartmetric + Soundcharts (observed); see 02_Methodology
Q3_2020,Flavour,261084.18,,,,,,"United States, Canada, United Kingdom, Netherlands, France",not measured: provider published no geography this quarter | Chartmetric + Soundcharts (observed); see 02_Methodology
Q3_2020,Rema,206355.5,,,,,,"United States, France, United Kingdom, Netherlands, Ghana",not measured: provider published no geography this quarter | Chartmetric + Soundcharts (observed); see 02_Methodology
Q3_2020,Maleek Berry,161031.02,,,,,,"United States, United Kingdom, France, Kenya, Germany",not measured: provider published no geography this quarter | Chartmetric + Soundcharts (observed); see 02_Methodology
Q3_2020,Yemi Alade,130995.47,,,,,,"Côte D’Ivoire, Congo - Kinshasa, United States, France, Brazil",not measured: provider published no geography this quarter | Chartmetric + Soundcharts (observed); see 02_Methodology
Q3_2020,Patoranking,100486.83,,,,,,"Kenya, United States, Tanzania, United Kingdom, Italy",not measured: provider published no geography this quarter | Chartmetric + Soundcharts (observed); see 02_Methodology
Q3_2020,Kizz Daniel,97545.4,,,,,,"United States, France, Netherlands, United Kingdom, Canada",not measured: provider published no geography this quarter | Chartmetric + Soundcharts (observed); see 02_Methodology
Q3_2020,Timaya,95941.93,,,,,,"United States, Italy, United Kingdom, Germany, France",not measured: provider published no geography this quarter | Chartmetric + Soundcharts (observed); see 02_Methodology
Q3_2020,Naira Marley,84548.5,,,,,,"United Kingdom, United States, Canada, France, Netherlands",not measured: provider published no geography this quarter | Chartmetric + Soundcharts (observed); see 02_Methodology
Q3_2020,Fireboy DML,80097.33,,,,,,"United States, Ghana, United Kingdom, Canada, Netherlands",not measured: provider published no geography this quarter | Chartmetric + Soundcharts (observed); see 02_Methodology
Q3_2020,Tekno,73241.04,,,,,,"United States, Netherlands, United Kingdom, Canada, France",not measured: provider published no geography this quarter | Chartmetric + Soundcharts (observed); see 02_Methodology
Q3_2020,P-Square,71071.78,,,,,,"United States, France, United Kingdom, Kenya, South Africa",not measured: provider published no geography this quarter | Chartmetric + Soundcharts (observed); see 02_Methodology
Q3_2020,Darkoo,71037.19,,,,,,"United Kingdom, Netherlands, Australia, Germany, Canada",not measured: provider published no geography this quarter | Chartmetric + Soundcharts (observed); see 02_Methodology
Q3_2020,Teni,68531.57,,,,,,"United States, Ghana, United Kingdom, Kenya, Netherlands",not measured: provider published no geography this quarter | Chartmetric + Soundcharts (observed); see 02_Methodology
Q3_2020,Falz,59094.08,,,,,,"United States, United Kingdom, Canada, Netherlands, France",not measured: provider published no geography this quarter | Chartmetric + Soundcharts (observed); see 02_Methodology
Q3_2020,Reekado Banks,54930.2,,,,,,"Kenya, United States, United Kingdom, Tanzania, Italy",not measured: provider published no geography this quarter | Chartmetric + Soundcharts (observed); see 02_Methodology
Q3_2020,2Baba,49359.31,,,,,,"United States, United Kingdom, Italy, Kenya, France",not measured: provider published no geography this quarter | Chartmetric + Soundcharts (observed); see 02_Methodology
Q3_2020,Banky W.,46648.05,,,,,,"United States, Kenya, United Kingdom, Cameroon, Ghana",not measured: provider published no geography this quarter | Chartmetric + Soundcharts (observed); see 02_Methodology
Q3_2020,Joeboy,42929.89,,,,,,"United States, France, Netherlands, United Kingdom, Canada",not measured: provider published no geography this quarter | Chartmetric + Soundcharts (observed); see 02_Methodology
Q3_2020,Korede Bello,41732.64,,,,,,"Côte D’Ivoire, United States, Kenya, France, United Kingdom",not measured: provider published no geography this quarter | Chartmetric + Soundcharts (observed); see 02_Methodology
Q3_2020,Wande Coal,41533.67,,,,,,"United States, United Kingdom, France, Kenya, Canada",not measured: provider published no geography this quarter | Chartmetric + Soundcharts (observed); see 02_Methodology
Q3_2020,Olamide,40237.28,,,,,,"United States, United Kingdom, Peru, Kenya, France",not measured: provider published no geography this quarter | Chartmetric + Soundcharts (observed); see 02_Methodology
Q3_2020,Fela Kuti,40229.24,,,,,,"United States, United Kingdom, France, South Africa, Italy",not measured: provider published no geography this quarter | Chartmetric + Soundcharts (observed); see 02_Methodology
Q3_2020,Iyanya,38359.0,,,,,,"United States, United Kingdom, France, Italy, Germany",not measured: provider published no geography this quarter | Chartmetric + Soundcharts (observed); see 02_Methodology
Q3_2020,DJ Neptune,34223.19,,,,,,"United States, France, United Kingdom, Netherlands, Canada",not measured: provider published no geography this quarter | Chartmetric + Soundcharts (observed); see 02_Methodology
Q3_2020,Ycee,32924.27,,,,,,"Ghana, United States, Tanzania, United Kingdom, Netherlands",not measured: provider published no geography this quarter | Chartmetric + Soundcharts (observed); see 02_Methodology
Q3_2020,Adekunle Gold,31035.07,,,,,,"Ghana, Tanzania, United Arab Emirates, United States, United Kingdom",not measured: provider published no geography this quarter | Chartmetric + Soundcharts (observed); see 02_Methodology
Q3_2020,Omah Lay,29896.57,,,,,,"United States, India, Netherlands, United Kingdom, Germany",not measured: provider published no geography this quarter | Chartmetric + Soundcharts (observed); see 02_Methodology
Q3_2020,Simi,29111.04,,,,,,"Ghana, Tanzania, Cameroon, United States, United Kingdom",not measured: provider published no geography this quarter | Chartmetric + Soundcharts (observed); see 02_Methodology
Q3_2020,Ice Prince,28333.55,,,,,,"United States, United Kingdom, South Africa, Ghana, Italy",not measured: provider published no geography this quarter | Chartmetric + Soundcharts (observed); see 02_Methodology
Q3_2020,Aṣa,27874.79,,,,,,"France, Ghana, Germany, Brazil, United Arab Emirates",not measured: provider published no geography this quarter | Chartmetric + Soundcharts (observed); see 02_Methodology
Q3_2020,Niniola,27609.15,,,,,,"Netherlands, United States, France, United Kingdom, South Africa",not measured: provider published no geography this quarter | Chartmetric + Soundcharts (observed); see 02_Methodology
Q3_2020,Mayorkun,27572.74,,,,,,"Ghana, Tanzania, United States, Kenya, Benin",not measured: provider published no geography this quarter | Chartmetric + Soundcharts (observed); see 02_Methodology
Q3_2020,Bracket,26333.46,,,,,,"Italy, France, Netherlands, Spain, Germany",not measured: provider published no geography this quarter | Chartmetric + Soundcharts (observed); see 02_Methodology
Q3_2020,Cruel Santino,23665.37,,,,,,"United States, United Kingdom, Canada, Netherlands, France",not measured: provider published no geography this quarter | Chartmetric + Soundcharts (observed); see 02_Methodology
Q3_2020,Phyno,22027.85,,,,,,"United States, Italy, United Kingdom, United Arab Emirates, Germany",not measured: provider published no geography this quarter | Chartmetric + Soundcharts (observed); see 02_Methodology
Q3_2020,Seyi Shay,21976.26,,,,,,"United States, United Kingdom, Canada, Australia, Netherlands",not measured: provider published no geography this quarter | Chartmetric + Soundcharts (observed); see 02_Methodology
Q3_2020,CKay,21337.3,,,,,,"Morocco, France, Netherlands, Canada, United States",not measured: provider published no geography this quarter | Chartmetric + Soundcharts (observed); see 02_Methodology
Q3_2020,Boj,20492.32,,,,,,"United States, United Kingdom, Netherlands, Canada, France",not measured: provider published no geography this quarter | Chartmetric + Soundcharts (observed); see 02_Methodology
Q3_2020,Odunsi (The Engine),19557.3,,,,,,"United States, United Kingdom, Canada, Netherlands, Germany",not measured: provider published no geography this quarter | Chartmetric + Soundcharts (observed); see 02_Methodology
Q3_2020,Nonso Amadi,18687.5,,,,,,"United States, United Kingdom, Canada, Netherlands, France",not measured: provider published no geography this quarter | Chartmetric + Soundcharts (observed); see 02_Methodology
Q3_2020,WurlD,18587.36,,,,,,"United States, Netherlands, United Kingdom, Canada, France",not measured: provider published no geography this quarter | Chartmetric + Soundcharts (observed); see 02_Methodology
Q3_2020,Sarz,17465.59,,,,,,"Netherlands, United States, United Kingdom, Canada, France",not measured: provider published no geography this quarter | Chartmetric + Soundcharts (observed); see 02_Methodology
Q3_2020,Oxlade,17311.84,,,,,,"United States, United Kingdom, France, Netherlands, Germany",not measured: provider published no geography this quarter | Chartmetric + Soundcharts (observed); see 02_Methodology
Q3_2020,Zlatan,17106.29,,,,,,"United States, United Kingdom, Canada, Netherlands, Germany",not measured: provider published no geography this quarter | Chartmetric + Soundcharts (observed); see 02_Methodology
Q3_2020,Tems,17084.19,,,,,,"United States, United Kingdom, Netherlands, Canada, France",not measured: provider published no geography this quarter | Chartmetric + Soundcharts (observed); see 02_Methodology
Q3_2020,D'banj,17000.55,,,,,,"United Kingdom, United States, France, Morocco, Romania",not measured: provider published no geography this quarter | Chartmetric + Soundcharts (observed); see 02_Methodology
Q3_2020,Ajebutter22,16491.45,,,,,,"United States, United Kingdom, Netherlands, Canada, France",not measured: provider published no geography this quarter | Chartmetric + Soundcharts (observed); see 02_Methodology
Q3_2020,BNXN,14062.44,,,,,,"United States, United Kingdom, Netherlands, France, Canada",not measured: provider published no geography this quarter | Chartmetric + Soundcharts (observed); see 02_Methodology
Q3_2020,Ric Hassani,13613.34,,,,,,"Netherlands, France, Sweden, Germany, Australia",not measured: provider published no geography this quarter | Chartmetric + Soundcharts (observed); see 02_Methodology
Q3_2020,Skiibii,13567.12,,,,,,"Netherlands, France, United States, United Kingdom, Germany",not measured: provider published no geography this quarter | Chartmetric + Soundcharts (observed); see 02_Methodology
Q3_2020,Reminisce,12949.9,,,,,,"United States, United Kingdom, Canada, France, Netherlands",not measured: provider published no geography this quarter | Chartmetric + Soundcharts (observed); see 02_Methodology
Q3_2020,Rude Boy,12224.9,,,,,,"Mexico, Spain, Peru, Chile, Vietnam",not measured: provider published no geography this quarter | Chartmetric + Soundcharts (observed); see 02_Methodology
Q3_2020,Mannywellz,11974.53,,,,,,"United States, Canada, Netherlands, Australia, United Kingdom",not measured: provider published no geography this quarter | Chartmetric + Soundcharts (observed); see 02_Methodology
Q3_2020,Darey,11342.24,,,,,,"United States, Germany, United Kingdom, Kenya, Canada",not measured: provider published no geography this quarter | Chartmetric + Soundcharts (observed); see 02_Methodology
Q3_2020,Solidstar,10695.93,,,,,,"United States, Netherlands, United Kingdom, Canada, Colombia",not measured: provider published no geography this quarter | Chartmetric + Soundcharts (observed); see 02_Methodology
Q3_2020,Terri,10382.02,,,,,,"Netherlands, United States, France, Canada, United Kingdom",not measured: provider published no geography this quarter | Chartmetric + Soundcharts (observed); see 02_Methodology
Q3_2020,LADIPOE,8883.14,,,,,,"United States, United Kingdom, Canada, Netherlands, Australia",not measured: provider published no geography this quarter | Chartmetric + Soundcharts (observed); see 02_Methodology
Q3_2020,Dice Ailes,8832.47,,,,,,"United States, United Kingdom, Canada, Spain, Netherlands",not measured: provider published no geography this quarter | Chartmetric + Soundcharts (observed); see 02_Methodology
Q3_2020,Amaarae,8738.01,,,,,,"United States, United Kingdom, Canada, Netherlands, France",not measured: provider published no geography this quarter | Chartmetric + Soundcharts (observed); see 02_Methodology
Q3_2020,Show Dem Camp,8577.41,,,,,,"United States, United Kingdom, Canada, Netherlands, France",not measured: provider published no geography this quarter | Chartmetric + Soundcharts (observed); see 02_Methodology
Q3_2020,Olakira,8121.76,,,,,,"France, United States, Canada, Netherlands, United Kingdom",not measured: provider published no geography this quarter | Chartmetric + Soundcharts (observed); see 02_Methodology
Q3_2020,Brymo,7374.86,,,,,,"United States, United Kingdom, Ghana, Canada, Netherlands",not measured: provider published no geography this quarter | Chartmetric + Soundcharts (observed); see 02_Methodology
Q3_2020,Praiz,6521.54,,,,,,"Netherlands, Sweden, United States, Germany, United Kingdom",not measured: provider published no geography this quarter | Chartmetric + Soundcharts (observed); see 02_Methodology
Q3_2020,HarrySong,5814.03,,,,,,"United States, Italy, United Kingdom, Kenya, Germany",not measured: provider published no geography this quarter | Chartmetric + Soundcharts (observed); see 02_Methodology
Q3_2020,Sean Tizzle,5675.21,,,,,,"United States, United Kingdom, Canada, Netherlands, Sweden",not measured: provider published no geography this quarter | Chartmetric + Soundcharts (observed); see 02_Methodology
Q3_2020,Young Jonn,5544.07,,,,,,"United States, United Kingdom, Canada, France, Netherlands",not measured: provider published no geography this quarter | Chartmetric + Soundcharts (observed); see 02_Methodology
Q3_2020,9ice,5343.91,,,,,,"United States, United Kingdom, Canada, Ireland, Australia",not measured: provider published no geography this quarter | Chartmetric + Soundcharts (observed); see 02_Methodology
Q3_2020,Tay Iwar,4907.07,,,,,,"United States, United Kingdom, Canada, Netherlands, South Africa",not measured: provider published no geography this quarter | Chartmetric + Soundcharts (observed); see 02_Methodology
Q3_2020,Mr Real,4859.73,,,,,,"United States, United Kingdom, Canada, Netherlands, Australia",not measured: provider published no geography this quarter | Chartmetric + Soundcharts (observed); see 02_Methodology
Q3_2020,Crayon,4841.76,,,,,,"United States, France, United Kingdom, Canada, Netherlands",not measured: provider published no geography this quarter | Chartmetric + Soundcharts (observed); see 02_Methodology
Q3_2020,Waje,4781.84,,,,,,"United States, United Kingdom, Canada, Netherlands, South Africa",not measured: provider published no geography this quarter | Chartmetric + Soundcharts (observed); see 02_Methodology
Q3_2020,Lady Donli,4774.37,,,,,,"United States, Brazil, United Kingdom, Netherlands, Germany",not measured: provider published no geography this quarter | Chartmetric + Soundcharts (observed); see 02_Methodology
Q3_2020,M.I. Abaga,4756.59,,,,,,"United States, United Kingdom, Canada, Netherlands, Australia",not measured: provider published no geography this quarter | Chartmetric + Soundcharts (observed); see 02_Methodology
Q3_2020,Bad Boy Timz,4366.42,,,,,,"United States, Canada, United Kingdom, France, Netherlands",not measured: provider published no geography this quarter | Chartmetric + Soundcharts (observed); see 02_Methodology
Q3_2020,Peruzzi,4182.89,,,,,,"Ghana, Tanzania, Italy, United States, Canada",not measured: provider published no geography this quarter | Chartmetric + Soundcharts (observed); see 02_Methodology
Q3_2020,Bella Shmurda,4062.37,,,,,,"United States, United Kingdom, Canada, Netherlands, France",not measured: provider published no geography this quarter | Chartmetric + Soundcharts (observed); see 02_Methodology
Q3_2020,Duncan Mighty,3307.2,,,,,,"United States, United Kingdom, Sweden, Netherlands, Canada",not measured: provider published no geography this quarter | Chartmetric + Soundcharts (observed); see 02_Methodology
Q3_2020,Dremo,3223.52,,,,,,"United States, United Kingdom, Canada, Australia, France",not measured: provider published no geography this quarter | Chartmetric + Soundcharts (observed); see 02_Methodology
Q3_2020,Small Doctor,3220.45,,,,,,"United States, United Kingdom, Canada, Ireland, Germany",not measured: provider published no geography this quarter | Chartmetric + Soundcharts (observed); see 02_Methodology
Q3_2020,Johnny Drille,2775.09,,,,,,"United States, Canada, Australia, United Kingdom, Philippines",not measured: provider published no geography this quarter | Chartmetric + Soundcharts (observed); see 02_Methodology
Q3_2020,Prettyboy D-O,2687.08,,,,,,"United States, Canada, United Kingdom, Netherlands, France",not measured: provider published no geography this quarter | Chartmetric + Soundcharts (observed); see 02_Methodology
Q3_2020,Lil Kesh,2663.73,,,,,,"United States, United Kingdom, Canada, France, Australia",not measured: provider published no geography this quarter | Chartmetric + Soundcharts (observed); see 02_Methodology
Q3_2020,Naeto C,2229.81,,,,,,"United States, United Kingdom, Canada, Australia, South Africa",not measured: provider published no geography this quarter | Chartmetric + Soundcharts (observed); see 02_Methodology
Q3_2020,King Sunny Ade,1965.23,,,,,,"United States, United Kingdom, Canada, Ireland, Australia",not measured: provider published no geography this quarter | Chartmetric + Soundcharts (observed); see 02_Methodology
Q3_2020,Blaqbonez,1907.51,,,,,,"United States, Canada, United Kingdom, Denmark, Netherlands",not measured: provider published no geography this quarter | Chartmetric + Soundcharts (observed); see 02_Methodology
Q3_2020,Chike,1742.05,,,,,,"United States, Canada, United Kingdom, Netherlands, South Africa",not measured: provider published no geography this quarter | Chartmetric + Soundcharts (observed); see 02_Methodology
Q3_2020,Sound Sultan,1692.56,,,,,,"United States, Canada, United Kingdom, Netherlands, France",not measured: provider published no geography this quarter | Chartmetric + Soundcharts (observed); see 02_Methodology
Q3_2020,Jesse Jagz,1298.16,,,,,,"United States, Canada, United Kingdom, Australia, Sweden",not measured: provider published no geography this quarter | Chartmetric + Soundcharts (observed); see 02_Methodology
Q3_2020,Terry Apala,1070.27,,,,,,"United States, United Kingdom, Canada, South Africa, France",not measured: provider published no geography this quarter | Chartmetric + Soundcharts (observed); see 02_Methodology
Q3_2020,Lyta,1048.9,,,,,,"United States, Canada, United Kingdom, France, Australia",not measured: provider published no geography this quarter | Chartmetric + Soundcharts (observed); see 02_Methodology
Q3_2020,Zinoleesky,967.65,,,,,,"United States, United Kingdom, Canada, Ireland, South Africa",not measured: provider published no geography this quarter | Chartmetric + Soundcharts (observed); see 02_Methodology
Q3_2020,CDQ,904.65,,,,,,"United States, United Kingdom, Canada, France, Netherlands",not measured: provider published no geography this quarter | Chartmetric + Soundcharts (observed); see 02_Methodology
Q3_2020,Vector,839.26,,,,,,"United States, Canada, United Kingdom, Germany, South Africa",not measured: provider published no geography this quarter | Chartmetric + Soundcharts (observed); see 02_Methodology
Q3_2020,Mohbad,803.07,,,,,,"United States, United Kingdom, Canada, Ireland, South Africa",not measured: provider published no geography this quarter | Chartmetric + Soundcharts (observed); see 02_Methodology
Q3_2020,Olu Maintain,793.25,,,,,,"United Kingdom, United States, Canada, Ireland, Netherlands",not measured: provider published no geography this quarter | Chartmetric + Soundcharts (observed); see 02_Methodology
Q3_2020,Dammy Krane,698.06,,,,,,"United States, United Kingdom, Canada, Netherlands, France",not measured: provider published no geography this quarter | Chartmetric + Soundcharts (observed); see 02_Methodology
Q3_2020,Lagbaja,661.07,,,,,,,not measured: provider published no geography this quarter | Chartmetric + Soundcharts (observed); see 02_Methodology
Q3_2020,Illbliss,637.51,,,,,,"United States, United Kingdom, Canada, Germany, France",not measured: provider published no geography this quarter | Chartmetric + Soundcharts (observed); see 02_Methodology
Q3_2020,Yung6ix,601.69,,,,,,"United States, Canada, United Kingdom, Netherlands, France",not measured: provider published no geography this quarter | Chartmetric + Soundcharts (observed); see 02_Methodology
Q3_2020,Pheelz,503.73,,,,,,"United States, United Kingdom, Canada, Ireland, France",not measured: provider published no geography this quarter | Chartmetric + Soundcharts (observed); see 02_Methodology
Q3_2020,Eldee,438.55,,,,,,"United States, Canada, United Kingdom, Australia, Ireland",not measured: provider published no geography this quarter | Chartmetric + Soundcharts (observed); see 02_Methodology
Q3_2020,Spyro,302.27,,,,,,"United States, Canada, United Kingdom, Australia, France",not measured: provider published no geography this quarter | Chartmetric + Soundcharts (observed); see 02_Methodology
Q3_2020,Asake,232.71,,,,,,"United States, Canada, United Kingdom, France, Netherlands",not measured: provider published no geography this quarter | Chartmetric + Soundcharts (observed); see 02_Methodology
Q3_2020,Sauce Kid,110.88,,,,,,"United States, Canada, United Kingdom, Ireland, Netherlands",not measured: provider published no geography this quarter | Chartmetric + Soundcharts (observed); see 02_Methodology
Q3_2020,Victony,98.91,,,,,,"United States, Canada, United Kingdom, Germany, South Africa",not measured: provider published no geography this quarter | Chartmetric + Soundcharts (observed); see 02_Methodology
Q3_2020,Ebenezer Obey,93.65,,,,,,,not measured: provider published no geography this quarter | Chartmetric + Soundcharts (observed); see 02_Methodology
Q3_2020,Seyi Vibez,48.77,,,,,,"United States, United Kingdom, South Africa, Canada, Egypt",not measured: provider published no geography this quarter | Chartmetric + Soundcharts (observed); see 02_Methodology
Q3_2020,Oritsefemi,26.2,,,,,,"United States, Germany, Switzerland, India, United Kingdom",not measured: provider published no geography this quarter | Chartmetric + Soundcharts (observed); see 02_Methodology
Q3_2020,Lojay,18.58,,,,,,"United States, Canada, United Kingdom, France, South Africa",not measured: provider published no geography this quarter | Chartmetric + Soundcharts (observed); see 02_Methodology
Q3_2020,Magixx,2.72,,,,,,"United States, United Kingdom, Türkiye, Netherlands, Canada",not measured: provider published no geography this quarter | Chartmetric + Soundcharts (observed); see 02_Methodology
Q3_2020,ODUMODUBLVCK,1.93,,,,,,"United States, Canada, Australia, Germany, France",not measured: provider published no geography this quarter | Chartmetric + Soundcharts (observed); see 02_Methodology
Q3_2020,Libianca,1.72,,,,,,"United States, South Africa, France, Philippines, Netherlands",not measured: provider published no geography this quarter | Chartmetric + Soundcharts (observed); see 02_Methodology
Q3_2020,Odunsi,0.26,,,,,,,not measured: provider published no geography this quarter | Chartmetric + Soundcharts (observed); see 02_Methodology
Q3_2020,DJ Spinall,0.11,,,,,,"United States, Chile",not measured: provider published no geography this quarter | Chartmetric + Soundcharts (observed); see 02_Methodology
Q3_2020,=== PERIOD TOTAL ===,5247262.94,,,,,,,Aggregated
Q4_2020,Burna Boy,738217.34,,,,,,"France, United States, United Kingdom, Germany, Kenya",not measured: provider published no geography this quarter | Chartmetric + Soundcharts (observed); see 02_Methodology
Q4_2020,Wizkid,492465.4,,,,,,"United States, France, United Kingdom, Germany, South Africa",not measured: provider published no geography this quarter | Chartmetric + Soundcharts (observed); see 02_Methodology
Q4_2020,Davido,483487.62,,,,,,"United States, United Kingdom, Netherlands, Kenya, Australia",not measured: provider published no geography this quarter | Chartmetric + Soundcharts (observed); see 02_Methodology
Q4_2020,Mr Eazi,473431.12,,,,,,"United States, France, United Kingdom, Mexico, Spain",not measured: provider published no geography this quarter | Chartmetric + Soundcharts (observed); see 02_Methodology
Q4_2020,Flavour,251248.62,,,,,,"Australia, South Africa, New Zealand, Ireland, United Arab Emirates",not measured: provider published no geography this quarter | Chartmetric + Soundcharts (observed); see 02_Methodology
Q4_2020,Yemi Alade,199367.1,,,,,,"Côte D’Ivoire, United States, France, United Kingdom, Kenya",not measured: provider published no geography this quarter | Chartmetric + Soundcharts (observed); see 02_Methodology
Q4_2020,Rema,181699.81,,,,,,"United States, France, United Kingdom, Netherlands, Kenya",not measured: provider published no geography this quarter | Chartmetric + Soundcharts (observed); see 02_Methodology
Q4_2020,Tiwa Savage,167419.33,,,,,,"Côte D’Ivoire, United States, United Kingdom, France, Vietnam",not measured: provider published no geography this quarter | Chartmetric + Soundcharts (observed); see 02_Methodology
Q4_2020,Olamide,138486.76,,,,,,"Côte D’Ivoire, United States, Kenya, United Kingdom, Italy",not measured: provider published no geography this quarter | Chartmetric + Soundcharts (observed); see 02_Methodology
Q4_2020,Maleek Berry,135959.17,,,,,,"United States, France, United Kingdom, Germany, Netherlands",not measured: provider published no geography this quarter | Chartmetric + Soundcharts (observed); see 02_Methodology
Q4_2020,Patoranking,129953.28,,,,,,"Côte D’Ivoire, United States, Kenya, United Kingdom, Italy",not measured: provider published no geography this quarter | Chartmetric + Soundcharts (observed); see 02_Methodology
Q4_2020,P-Square,109237.44,,,,,,"France, United States, United Kingdom, Germany, Italy",not measured: provider published no geography this quarter | Chartmetric + Soundcharts (observed); see 02_Methodology
Q4_2020,Kizz Daniel,101998.25,,,,,,"United States, Kenya, France, Ghana, Tanzania",not measured: provider published no geography this quarter | Chartmetric + Soundcharts (observed); see 02_Methodology
Q4_2020,Timaya,97668.15,,,,,,"Italy, United States, Germany, United Kingdom, France",not measured: provider published no geography this quarter | Chartmetric + Soundcharts (observed); see 02_Methodology
Q4_2020,Naira Marley,92978.55,,,,,,"United Kingdom, United States, Canada, Netherlands, France",not measured: provider published no geography this quarter | Chartmetric + Soundcharts (observed); see 02_Methodology
Q4_2020,Fireboy DML,84356.01,,,,,,"United States, Ghana, United Kingdom, Canada, Netherlands",not measured: provider published no geography this quarter | Chartmetric + Soundcharts (observed); see 02_Methodology
Q4_2020,Omah Lay,73207.88,,,,,,"United States, Germany, Netherlands, United Kingdom, Canada",not measured: provider published no geography this quarter | Chartmetric + Soundcharts (observed); see 02_Methodology
Q4_2020,Teni,68382.69,,,,,,"United States, United Kingdom, Kenya, Ghana, Tanzania",not measured: provider published no geography this quarter | Chartmetric + Soundcharts (observed); see 02_Methodology
Q4_2020,Darkoo,63755.38,,,,,,"United Kingdom, Netherlands, France, Australia, Canada",not measured: provider published no geography this quarter | Chartmetric + Soundcharts (observed); see 02_Methodology
Q4_2020,Tekno,62909.01,,,,,,"United States, Netherlands, United Kingdom, Germany, Canada",not measured: provider published no geography this quarter | Chartmetric + Soundcharts (observed); see 02_Methodology
Q4_2020,Falz,59393.79,,,,,,"United States, United Kingdom, Canada, France, Netherlands",not measured: provider published no geography this quarter | Chartmetric + Soundcharts (observed); see 02_Methodology
Q4_2020,Reekado Banks,58419.38,,,,,,"Kenya, United States, Tanzania, United Kingdom, Côte D’Ivoire",not measured: provider published no geography this quarter | Chartmetric + Soundcharts (observed); see 02_Methodology
Q4_2020,Joeboy,54221.94,,,,,,"Ghana, United States, Netherlands, France, Tanzania",not measured: provider published no geography this quarter | Chartmetric + Soundcharts (observed); see 02_Methodology
Q4_2020,2Baba,50805.44,,,,,,"United States, United Kingdom, Italy, France, Germany",not measured: provider published no geography this quarter | Chartmetric + Soundcharts (observed); see 02_Methodology
Q4_2020,Banky W.,48842.97,,,,,,"United States, Kenya, United Kingdom, Zambia, France",not measured: provider published no geography this quarter | Chartmetric + Soundcharts (observed); see 02_Methodology
Q4_2020,Korede Bello,44062.96,,,,,,"Côte D’Ivoire, United States, France, United Kingdom, Kenya",not measured: provider published no geography this quarter | Chartmetric + Soundcharts (observed); see 02_Methodology
Q4_2020,Wande Coal,42348.64,,,,,,"United States, France, United Kingdom, Ghana, Pakistan",not measured: provider published no geography this quarter | Chartmetric + Soundcharts (observed); see 02_Methodology
Q4_2020,Fela Kuti,41727.5,,,,,,"United States, France, United Kingdom, Italy, Brazil",not measured: provider published no geography this quarter | Chartmetric + Soundcharts (observed); see 02_Methodology
Q4_2020,Iyanya,39099.02,,,,,,"India, United States, France, United Kingdom, Indonesia",not measured: provider published no geography this quarter | Chartmetric + Soundcharts (observed); see 02_Methodology
Q4_2020,DJ Neptune,35251.76,,,,,,"United States, France, United Kingdom, Netherlands, Canada",not measured: provider published no geography this quarter | Chartmetric + Soundcharts (observed); see 02_Methodology
Q4_2020,CKay,33167.63,,,,,,"Morocco, France, United States, Netherlands, Canada",not measured: provider published no geography this quarter | Chartmetric + Soundcharts (observed); see 02_Methodology
Q4_2020,Phyno,32837.51,,,,,,"United States, Italy, United Kingdom, Germany, France",not measured: provider published no geography this quarter | Chartmetric + Soundcharts (observed); see 02_Methodology
Q4_2020,Mayorkun,31357.91,,,,,,"United States, Côte D’Ivoire, Benin, United Kingdom, Canada",not measured: provider published no geography this quarter | Chartmetric + Soundcharts (observed); see 02_Methodology
Q4_2020,Tems,29648.68,,,,,,"United States, United Kingdom, France, Netherlands, Canada",not measured: provider published no geography this quarter | Chartmetric + Soundcharts (observed); see 02_Methodology
Q4_2020,Niniola,28878.23,,,,,,"United States, Netherlands, France, South Africa, United Kingdom",not measured: provider published no geography this quarter | Chartmetric + Soundcharts (observed); see 02_Methodology
Q4_2020,Simi,28794.58,,,,,,"Ghana, Tanzania, Zambia, Kenya, Côte D’Ivoire",not measured: provider published no geography this quarter | Chartmetric + Soundcharts (observed); see 02_Methodology
Q4_2020,Aṣa,28278.84,,,,,,"France, United States, Ghana, Germany, Brazil",not measured: provider published no geography this quarter | Chartmetric + Soundcharts (observed); see 02_Methodology
Q4_2020,Ycee,27283.39,,,,,,"Ghana, Tanzania, United States, United Kingdom, Netherlands",not measured: provider published no geography this quarter | Chartmetric + Soundcharts (observed); see 02_Methodology
Q4_2020,Adekunle Gold,26612.48,,,,,,"Ghana, Tanzania, Kenya, Benin, United States",not measured: provider published no geography this quarter | Chartmetric + Soundcharts (observed); see 02_Methodology
Q4_2020,Ice Prince,24972.9,,,,,,"United States, United Kingdom, Singapore, South Africa, Ghana",not measured: provider published no geography this quarter | Chartmetric + Soundcharts (observed); see 02_Methodology
Q4_2020,Seyi Shay,22954.13,,,,,,"United States, United Kingdom, Australia, Canada, Netherlands",not measured: provider published no geography this quarter | Chartmetric + Soundcharts (observed); see 02_Methodology
Q4_2020,Cruel Santino,21546.71,,,,,,"United States, United Kingdom, Canada, Netherlands, France",not measured: provider published no geography this quarter | Chartmetric + Soundcharts (observed); see 02_Methodology
Q4_2020,Oxlade,20272.1,,,,,,"Netherlands, Sweden, Switzerland, Australia, United States",not measured: provider published no geography this quarter | Chartmetric + Soundcharts (observed); see 02_Methodology
Q4_2020,Amaarae,19691.01,,,,,,"United States, United Kingdom, Canada, Australia, Netherlands",not measured: provider published no geography this quarter | Chartmetric + Soundcharts (observed); see 02_Methodology
Q4_2020,Olakira,19645.05,,,,,,"Netherlands, France, United States, United Kingdom, Canada",not measured: provider published no geography this quarter | Chartmetric + Soundcharts (observed); see 02_Methodology
Q4_2020,Bracket,19461.23,,,,,,"Italy, France, Spain, Netherlands, Germany",not measured: provider published no geography this quarter | Chartmetric + Soundcharts (observed); see 02_Methodology
Q4_2020,WurlD,19452.4,,,,,,"United States, Netherlands, United Kingdom, Canada, France",not measured: provider published no geography this quarter | Chartmetric + Soundcharts (observed); see 02_Methodology
Q4_2020,D'banj,19059.89,,,,,,"United Kingdom, United States, France, Romania, Germany",not measured: provider published no geography this quarter | Chartmetric + Soundcharts (observed); see 02_Methodology
Q4_2020,Odunsi (The Engine),18164.53,,,,,,"United States, United Kingdom, Canada, Netherlands, Australia",not measured: provider published no geography this quarter | Chartmetric + Soundcharts (observed); see 02_Methodology
Q4_2020,Boj,18069.65,,,,,,"Netherlands, United States, United Kingdom, Canada, France",not measured: provider published no geography this quarter | Chartmetric + Soundcharts (observed); see 02_Methodology
Q4_2020,Nonso Amadi,17573.2,,,,,,"United States, United Kingdom, Netherlands, Canada, Australia",not measured: provider published no geography this quarter | Chartmetric + Soundcharts (observed); see 02_Methodology
Q4_2020,Zlatan,16591.05,,,,,,"United States, United Kingdom, Canada, Netherlands, Germany",not measured: provider published no geography this quarter | Chartmetric + Soundcharts (observed); see 02_Methodology
Q4_2020,Rude Boy,16011.98,,,,,,"Mexico, Spain, Peru, Chile, Vietnam",not measured: provider published no geography this quarter | Chartmetric + Soundcharts (observed); see 02_Methodology
Q4_2020,Sarz,14551.52,,,,,,"United States, Netherlands, United Kingdom, Canada, Germany",not measured: provider published no geography this quarter | Chartmetric + Soundcharts (observed); see 02_Methodology
Q4_2020,BNXN,14201.31,,,,,,"United States, Netherlands, United Kingdom, France, Canada",not measured: provider published no geography this quarter | Chartmetric + Soundcharts (observed); see 02_Methodology
Q4_2020,Ric Hassani,13729.37,,,,,,"Netherlands, France, Germany, Australia, Sweden",not measured: provider published no geography this quarter | Chartmetric + Soundcharts (observed); see 02_Methodology
Q4_2020,Ajebutter22,13487.01,,,,,,"United States, United Kingdom, Netherlands, Canada, France",not measured: provider published no geography this quarter | Chartmetric + Soundcharts (observed); see 02_Methodology
Q4_2020,Reminisce,11482.49,,,,,,"United States, United Kingdom, Canada, Netherlands, France",not measured: provider published no geography this quarter | Chartmetric + Soundcharts (observed); see 02_Methodology
Q4_2020,Skiibii,11032.96,,,,,,"Netherlands, France, United States, Germany, United Kingdom",not measured: provider published no geography this quarter | Chartmetric + Soundcharts (observed); see 02_Methodology
Q4_2020,LADIPOE,9649.45,,,,,,"United States, United Kingdom, Canada, Netherlands, Australia",not measured: provider published no geography this quarter | Chartmetric + Soundcharts (observed); see 02_Methodology
Q4_2020,Solidstar,9495.12,,,,,,"United States, Netherlands, United Kingdom, Colombia, Canada",not measured: provider published no geography this quarter | Chartmetric + Soundcharts (observed); see 02_Methodology
Q4_2020,Peruzzi,8809.77,,,,,,"Ghana, United States, Tanzania, Benin, Italy",not measured: provider published no geography this quarter | Chartmetric + Soundcharts (observed); see 02_Methodology
Q4_2020,Crayon,8374.76,,,,,,"United States, France, Netherlands, Canada, United Kingdom",not measured: provider published no geography this quarter | Chartmetric + Soundcharts (observed); see 02_Methodology
Q4_2020,Bella Shmurda,7829.4,,,,,,"Ghana, United States, United Arab Emirates, United Kingdom, Canada",not measured: provider published no geography this quarter | Chartmetric + Soundcharts (observed); see 02_Methodology
Q4_2020,Darey,7509.94,,,,,,"United States, Kenya, United Kingdom, Tanzania, Italy",not measured: provider published no geography this quarter | Chartmetric + Soundcharts (observed); see 02_Methodology
Q4_2020,Brymo,7377.25,,,,,,"United States, Ghana, United Kingdom, Canada, Netherlands",not measured: provider published no geography this quarter | Chartmetric + Soundcharts (observed); see 02_Methodology
Q4_2020,Show Dem Camp,7310.06,,,,,,"United States, United Kingdom, Canada, Netherlands, France",not measured: provider published no geography this quarter | Chartmetric + Soundcharts (observed); see 02_Methodology
Q4_2020,Dice Ailes,7170.33,,,,,,"United States, Spain, United Kingdom, Canada, Netherlands",not measured: provider published no geography this quarter | Chartmetric + Soundcharts (observed); see 02_Methodology
Q4_2020,HarrySong,7132.34,,,,,,"United States, Italy, Germany, United Kingdom, Kenya",not measured: provider published no geography this quarter | Chartmetric + Soundcharts (observed); see 02_Methodology
Q4_2020,Terri,6857.42,,,,,,"Netherlands, United States, France, United Kingdom, Canada",not measured: provider published no geography this quarter | Chartmetric + Soundcharts (observed); see 02_Methodology
Q4_2020,Sean Tizzle,6081.26,,,,,,"United States, Netherlands, United Kingdom, Canada, Germany",not measured: provider published no geography this quarter | Chartmetric + Soundcharts (observed); see 02_Methodology
Q4_2020,Praiz,5851.98,,,,,,"Netherlands, Sweden, United States, Germany, United Kingdom",not measured: provider published no geography this quarter | Chartmetric + Soundcharts (observed); see 02_Methodology
Q4_2020,Lil Kesh,5722.72,,,,,,"United States, United Kingdom, Canada, Netherlands, Germany",not measured: provider published no geography this quarter | Chartmetric + Soundcharts (observed); see 02_Methodology
Q4_2020,Vector,5663.19,,,,,,"United States, Netherlands, United Kingdom, Germany, France",not measured: provider published no geography this quarter | Chartmetric + Soundcharts (observed); see 02_Methodology
Q4_2020,Mannywellz,5641.64,,,,,,"United States, Netherlands, South Africa, Canada, United Kingdom",not measured: provider published no geography this quarter | Chartmetric + Soundcharts (observed); see 02_Methodology
Q4_2020,Waje,5529.88,,,,,,"United States, Canada, United Kingdom, Netherlands, Australia",not measured: provider published no geography this quarter | Chartmetric + Soundcharts (observed); see 02_Methodology
Q4_2020,9ice,5495.94,,,,,,"United States, United Kingdom, Canada, Ireland, Australia",not measured: provider published no geography this quarter | Chartmetric + Soundcharts (observed); see 02_Methodology
Q4_2020,Mr Real,5112.31,,,,,,"United States, United Kingdom, Canada, Australia, Netherlands",not measured: provider published no geography this quarter | Chartmetric + Soundcharts (observed); see 02_Methodology
Q4_2020,Tay Iwar,4917.82,,,,,,"United States, United Kingdom, Canada, Netherlands, South Africa",not measured: provider published no geography this quarter | Chartmetric + Soundcharts (observed); see 02_Methodology
Q4_2020,Lady Donli,4562.73,,,,,,"United States, Brazil, United Kingdom, Germany, Netherlands",not measured: provider published no geography this quarter | Chartmetric + Soundcharts (observed); see 02_Methodology
Q4_2020,Young Jonn,4267.22,,,,,,"United States, United Kingdom, Canada, Netherlands, France",not measured: provider published no geography this quarter | Chartmetric + Soundcharts (observed); see 02_Methodology
Q4_2020,M.I. Abaga,3789.8,,,,,,"United States, Canada, United Kingdom, Australia, South Africa",not measured: provider published no geography this quarter | Chartmetric + Soundcharts (observed); see 02_Methodology
Q4_2020,Duncan Mighty,3779.61,,,,,,"United States, United Kingdom, Canada, Netherlands, Sweden",not measured: provider published no geography this quarter | Chartmetric + Soundcharts (observed); see 02_Methodology
Q4_2020,Small Doctor,3051.32,,,,,,"United States, United Kingdom, Canada, Ireland, South Africa",not measured: provider published no geography this quarter | Chartmetric + Soundcharts (observed); see 02_Methodology
Q4_2020,Johnny Drille,2820.7,,,,,,"United States, Australia, Canada, United Kingdom, Brazil",not measured: provider published no geography this quarter | Chartmetric + Soundcharts (observed); see 02_Methodology
Q4_2020,Prettyboy D-O,2768.73,,,,,,"United States, Canada, United Kingdom, France, Germany",not measured: provider published no geography this quarter | Chartmetric + Soundcharts (observed); see 02_Methodology
Q4_2020,Bad Boy Timz,2719.31,,,,,,"United States, Ghana, United Kingdom, Canada, Benin",not measured: provider published no geography this quarter | Chartmetric + Soundcharts (observed); see 02_Methodology
Q4_2020,Blaqbonez,2708.04,,,,,,"United States, United Kingdom, Canada, Netherlands, Germany",not measured: provider published no geography this quarter | Chartmetric + Soundcharts (observed); see 02_Methodology
Q4_2020,Dremo,2659.43,,,,,,"United States, Canada, United Kingdom, Australia, Netherlands",not measured: provider published no geography this quarter | Chartmetric + Soundcharts (observed); see 02_Methodology
Q4_2020,Chike,2358.2,,,,,,"United States, Canada, United Kingdom, South Africa, Australia",not measured: provider published no geography this quarter | Chartmetric + Soundcharts (observed); see 02_Methodology
Q4_2020,Naeto C,2040.82,,,,,,"United States, Canada, United Kingdom, Australia, France",not measured: provider published no geography this quarter | Chartmetric + Soundcharts (observed); see 02_Methodology
Q4_2020,Yung6ix,1897.39,,,,,,"United States, United Kingdom, Russia, Germany, Canada",not measured: provider published no geography this quarter | Chartmetric + Soundcharts (observed); see 02_Methodology
Q4_2020,King Sunny Ade,1725.01,,,,,,"United States, United Kingdom, Canada, Ireland, Australia",not measured: provider published no geography this quarter | Chartmetric + Soundcharts (observed); see 02_Methodology
Q4_2020,Mohbad,1637.64,,,,,,"United States, United Kingdom, Canada, Ireland, South Africa",not measured: provider published no geography this quarter | Chartmetric + Soundcharts (observed); see 02_Methodology
Q4_2020,Zinoleesky,1579.94,,,,,,"United States, United Kingdom, Canada, South Africa, Ireland",not measured: provider published no geography this quarter | Chartmetric + Soundcharts (observed); see 02_Methodology
Q4_2020,Sound Sultan,1545.76,,,,,,"United States, Canada, United Kingdom, Netherlands, Sweden",not measured: provider published no geography this quarter | Chartmetric + Soundcharts (observed); see 02_Methodology
Q4_2020,Jesse Jagz,1351.03,,,,,,"United States, Canada, United Kingdom, Netherlands, Sweden",not measured: provider published no geography this quarter | Chartmetric + Soundcharts (observed); see 02_Methodology
Q4_2020,Illbliss,932.89,,,,,,"United States, Canada, United Kingdom, Netherlands, Germany",not measured: provider published no geography this quarter | Chartmetric + Soundcharts (observed); see 02_Methodology
Q4_2020,CDQ,889.36,,,,,,"United States, United Kingdom, Canada, Netherlands, France",not measured: provider published no geography this quarter | Chartmetric + Soundcharts (observed); see 02_Methodology
Q4_2020,Eldee,876.73,,,,,,"United States, Canada, United Kingdom, France, Netherlands",not measured: provider published no geography this quarter | Chartmetric + Soundcharts (observed); see 02_Methodology
Q4_2020,Terry Apala,846.37,,,,,,"United States, United Kingdom, Canada, South Africa, Sweden",not measured: provider published no geography this quarter | Chartmetric + Soundcharts (observed); see 02_Methodology
Q4_2020,Pheelz,804.46,,,,,,"South Africa, United States, Canada, United Kingdom, Australia",not measured: provider published no geography this quarter | Chartmetric + Soundcharts (observed); see 02_Methodology
Q4_2020,Lyta,777.15,,,,,,"United States, United Kingdom, Canada, Australia, France",not measured: provider published no geography this quarter | Chartmetric + Soundcharts (observed); see 02_Methodology
Q4_2020,Olu Maintain,698.93,,,,,,"United Kingdom, United States, Canada, Ireland, Australia",not measured: provider published no geography this quarter | Chartmetric + Soundcharts (observed); see 02_Methodology
Q4_2020,Lagbaja,659.84,,,,,,,not measured: provider published no geography this quarter | Chartmetric + Soundcharts (observed); see 02_Methodology
Q4_2020,Dammy Krane,538.43,,,,,,"United States, United Kingdom, Canada, Finland, Austria",not measured: provider published no geography this quarter | Chartmetric + Soundcharts (observed); see 02_Methodology
Q4_2020,Asake,318.18,,,,,,"United States, Canada, United Kingdom, Germany, France",not measured: provider published no geography this quarter | Chartmetric + Soundcharts (observed); see 02_Methodology
Q4_2020,Victony,311.64,,,,,,"United States, United Kingdom, Canada, Australia, Netherlands",not measured: provider published no geography this quarter | Chartmetric + Soundcharts (observed); see 02_Methodology
Q4_2020,Spyro,287.63,,,,,,"United States, Canada, Australia, United Kingdom, Germany",not measured: provider published no geography this quarter | Chartmetric + Soundcharts (observed); see 02_Methodology
Q4_2020,Ebenezer Obey,97.8,,,,,,,not measured: provider published no geography this quarter | Chartmetric + Soundcharts (observed); see 02_Methodology
Q4_2020,Sauce Kid,90.57,,,,,,"United States, Canada, United Kingdom, South Africa, Australia",not measured: provider published no geography this quarter | Chartmetric + Soundcharts (observed); see 02_Methodology
Q4_2020,Seyi Vibez,73.29,,,,,,"United States, United Kingdom, South Africa, Türkiye, Canada",not measured: provider published no geography this quarter | Chartmetric + Soundcharts (observed); see 02_Methodology
Q4_2020,Oritsefemi,25.97,,,,,,"United States, Germany, United Kingdom, Switzerland, Sweden",not measured: provider published no geography this quarter | Chartmetric + Soundcharts (observed); see 02_Methodology
Q4_2020,Lojay,10.34,,,,,,"United Kingdom, United States, France, Canada, Germany",not measured: provider published no geography this quarter | Chartmetric + Soundcharts (observed); see 02_Methodology
Q4_2020,ODUMODUBLVCK,5.51,,,,,,"Canada, United States, France, United Kingdom, Australia",not measured: provider published no geography this quarter | Chartmetric + Soundcharts (observed); see 02_Methodology
Q4_2020,Libianca,2.26,,,,,,"United States, France, South Africa, New Zealand, Netherlands",not measured: provider published no geography this quarter | Chartmetric + Soundcharts (observed); see 02_Methodology
Q4_2020,Magixx,1.3,,,,,,"United Kingdom, United States, France, Türkiye, Switzerland",not measured: provider published no geography this quarter | Chartmetric + Soundcharts (observed); see 02_Methodology
Q4_2020,Ruger,0.55,,,,,,,not measured: provider published no geography this quarter | Chartmetric + Soundcharts (observed); see 02_Methodology
Q4_2020,Odunsi,0.26,,,,,,,not measured: provider published no geography this quarter | Chartmetric + Soundcharts (observed); see 02_Methodology
Q4_2020,DJ Spinall,0.16,,,,,,"New Zealand, United States, Ireland, France, Chile",not measured: provider published no geography this quarter | Chartmetric + Soundcharts (observed); see 02_Methodology
Q4_2020,=== PERIOD TOTAL ===,5432256.93,,,,,,,Aggregated
Q1_2021,Burna Boy,841012.59,0.4913,4131.98,99.5087,836880.61,1255320915.0,"United States, France, United Kingdom, South Africa, Kenya",observed: artist's own Nigerian share of listeners this quarter | Chartmetric + Soundcharts (observed); see 02_Methodology
Q1_2021,Davido,516089.16,1.7857,9215.74,98.2143,506873.42,760310130.0,"Ghana, Tanzania, United States, South Africa, Côte D’Ivoire",observed: artist's own Nigerian share of listeners this quarter | Chartmetric + Soundcharts (observed); see 02_Methodology
Q1_2021,Wizkid,511675.66,1.1221,5741.35,98.8779,505934.32,758901480.0,"United States, Côte D’Ivoire, United Kingdom, France, South Africa",observed: artist's own Nigerian share of listeners this quarter | Chartmetric + Soundcharts (observed); see 02_Methodology
Q1_2021,Mr Eazi,434607.38,0.6167,2680.15,99.3833,431927.22,647890830.0,"United States, Côte D’Ivoire, United Kingdom, France, Kenya",observed: artist's own Nigerian share of listeners this quarter | Chartmetric + Soundcharts (observed); see 02_Methodology
Q1_2021,Flavour,289559.66,3.2943,9538.86,96.7057,280020.8,420031200.0,"United States, Netherlands, France, United Kingdom, Canada",observed: artist's own Nigerian share of listeners this quarter | Chartmetric + Soundcharts (observed); see 02_Methodology
Q1_2021,Rema,245840.32,1.9634,4826.75,98.0366,241013.57,361520355.0,"Spain, United Kingdom, United States, France, Netherlands",observed: artist's own Nigerian share of listeners this quarter | Chartmetric + Soundcharts (observed); see 02_Methodology
Q1_2021,Tiwa Savage,192612.52,2.418,4657.46,97.582,187955.06,281932590.0,"Côte D’Ivoire, United States, United Kingdom, France, Kenya",observed: artist's own Nigerian share of listeners this quarter | Chartmetric + Soundcharts (observed); see 02_Methodology
Q1_2021,Olamide,160259.73,6.8051,10905.76,93.1949,149353.97,224030955.0,"Côte D’Ivoire, United States, Kenya, United Kingdom, France",observed: artist's own Nigerian share of listeners this quarter | Chartmetric + Soundcharts (observed); see 02_Methodology
Q1_2021,Kizz Daniel,147820.78,2.2411,3312.81,97.7589,144507.97,216761955.0,"Germany, Netherlands, France, Switzerland, United Kingdom",observed: artist's own Nigerian share of listeners this quarter | Chartmetric + Soundcharts (observed); see 02_Methodology
Q1_2021,Yemi Alade,142209.72,0.8359,1188.67,99.1641,141021.05,211531575.0,"United States, France, Côte D’Ivoire, United Kingdom, Congo - Kinshasa",observed: artist's own Nigerian share of listeners this quarter | Chartmetric + Soundcharts (observed); see 02_Methodology
Q1_2021,Maleek Berry,135733.66,1.1427,1550.99,98.8573,134182.67,201274005.0,"United States, France, United Kingdom, Germany, Netherlands",observed: artist's own Nigerian share of listeners this quarter | Chartmetric + Soundcharts (observed); see 02_Methodology
Q1_2021,Naira Marley,106573.46,11.0274,11752.31,88.9726,94821.15,142231725.0,"United Kingdom, United States, Canada, Netherlands, France",observed: artist's own Nigerian share of listeners this quarter | Chartmetric + Soundcharts (observed); see 02_Methodology
Q1_2021,Omah Lay,104765.44,5.6151,5882.67,94.3849,98882.77,148324155.0,"United States, Netherlands, Germany, United Kingdom, France",observed: artist's own Nigerian share of listeners this quarter | Chartmetric + Soundcharts (observed); see 02_Methodology
Q1_2021,Timaya,99419.32,3.6921,3670.65,96.3079,95748.67,143623005.0,"United States, Italy, United Kingdom, Germany, France",observed: artist's own Nigerian share of listeners this quarter | Chartmetric + Soundcharts (observed); see 02_Methodology
Q1_2021,Patoranking,96936.42,3.3341,3231.95,96.6659,93704.47,140556705.0,"United States, Kenya, United Kingdom, France, Germany",observed: artist's own Nigerian share of listeners this quarter | Chartmetric + Soundcharts (observed); see 02_Methodology
Q1_2021,Fireboy DML,94342.97,7.6642,7230.6,92.3358,87112.37,130668555.0,"United States, Canada, United Kingdom, Netherlands, Germany",observed: artist's own Nigerian share of listeners this quarter | Chartmetric + Soundcharts (observed); see 02_Methodology
Q1_2021,Teni,89848.67,8.759,7869.88,91.241,81978.79,122968185.0,"United States, United Kingdom, Canada, Netherlands, France",observed: artist's own Nigerian share of listeners this quarter | Chartmetric + Soundcharts (observed); see 02_Methodology
Q1_2021,P-Square,79038.93,1.3684,1081.56,98.6316,77957.38,116936070.0,"United States, France, United Kingdom, Kenya, South Africa",observed: artist's own Nigerian share of listeners this quarter | Chartmetric + Soundcharts (observed); see 02_Methodology
Q1_2021,Joeboy,67580.1,6.0409,4082.47,93.9591,63497.63,95246445.0,"United States, Netherlands, France, United Kingdom, Canada",observed: artist's own Nigerian share of listeners this quarter | Chartmetric + Soundcharts (observed); see 02_Methodology
Q1_2021,Tekno,62249.96,2.0357,1267.22,97.9643,60982.74,91474110.0,"United States, Netherlands, United Kingdom, Germany, Canada",observed: artist's own Nigerian share of listeners this quarter | Chartmetric + Soundcharts (observed); see 02_Methodology
Q1_2021,Falz,62184.79,11.3758,7074.04,88.6242,55110.75,82666125.0,"United States, United Kingdom, Canada, France, Netherlands",observed: artist's own Nigerian share of listeners this quarter | Chartmetric + Soundcharts (observed); see 02_Methodology
Q1_2021,Darkoo,59592.13,0.6606,393.66,99.3394,59198.47,88797705.0,"United Kingdom, Netherlands, Germany, France, Australia",observed: artist's own Nigerian share of listeners this quarter | Chartmetric + Soundcharts (observed); see 02_Methodology
Q1_2021,Reekado Banks,58716.16,6.717,3943.94,93.283,54772.22,82158330.0,"Kenya, United States, Côte D’Ivoire, Tanzania, United Kingdom",observed: artist's own Nigerian share of listeners this quarter | Chartmetric + Soundcharts (observed); see 02_Methodology
Q1_2021,CKay,55840.75,4.5165,2522.04,95.4835,53318.71,79978065.0,"Morocco, Netherlands, France, United States, Canada",observed: artist's own Nigerian share of listeners this quarter | Chartmetric + Soundcharts (observed); see 02_Methodology
Q1_2021,Banky W.,54790.54,7.3259,4013.91,92.6741,50776.63,76164945.0,"United States, Kenya, United Kingdom, Ghana, Cameroon",observed: artist's own Nigerian share of listeners this quarter | Chartmetric + Soundcharts (observed); see 02_Methodology
Q1_2021,Adekunle Gold,52983.76,4.0891,2166.58,95.9109,50817.18,76225770.0,"Tanzania, United States, United Arab Emirates, United Kingdom, Benin",observed: artist's own Nigerian share of listeners this quarter | Chartmetric + Soundcharts (observed); see 02_Methodology
Q1_2021,2Baba,50940.98,9.1156,4643.6,90.8844,46297.38,69446070.0,"United States, United Kingdom, Italy, Australia, Kenya",observed: artist's own Nigerian share of listeners this quarter | Chartmetric + Soundcharts (observed); see 02_Methodology
Q1_2021,Korede Bello,44609.45,1.779,793.59,98.221,43815.86,65723790.0,"Côte D’Ivoire, United States, France, United Kingdom, Kenya",observed: artist's own Nigerian share of listeners this quarter | Chartmetric + Soundcharts (observed); see 02_Methodology
Q1_2021,Tems,42790.42,7.6576,3276.73,92.3424,39513.7,59270550.0,"United States, United Kingdom, Netherlands, South Africa, Canada",observed: artist's own Nigerian share of listeners this quarter | Chartmetric + Soundcharts (observed); see 02_Methodology
Q1_2021,Fela Kuti,41548.69,0.6459,268.37,99.3541,41280.32,61920480.0,"United States, United Kingdom, France, South Africa, Italy",observed: artist's own Nigerian share of listeners this quarter | Chartmetric + Soundcharts (observed); see 02_Methodology
Q1_2021,Iyanya,39362.81,3.7748,1485.86,96.2252,37876.95,56815425.0,"United States, France, United Kingdom, India, Italy",observed: artist's own Nigerian share of listeners this quarter | Chartmetric + Soundcharts (observed); see 02_Methodology
Q1_2021,Wande Coal,34636.94,6.7493,2337.74,93.2507,32299.2,48448800.0,"United States, United Kingdom, France, Kenya, Canada",observed: artist's own Nigerian share of listeners this quarter | Chartmetric + Soundcharts (observed); see 02_Methodology
Q1_2021,Mayorkun,34224.88,11.3396,3880.96,88.6604,30343.92,45515880.0,"United States, Benin, United Kingdom, Canada, Netherlands",observed: artist's own Nigerian share of listeners this quarter | Chartmetric + Soundcharts (observed); see 02_Methodology
Q1_2021,DJ Neptune,34074.7,4.6325,1578.51,95.3675,32496.2,48744300.0,"United States, Netherlands, United Kingdom, Canada, France",observed: artist's own Nigerian share of listeners this quarter | Chartmetric + Soundcharts (observed); see 02_Methodology
Q1_2021,Niniola,31995.56,6.5509,2095.99,93.4491,29899.57,44849355.0,"Netherlands, United States, United Kingdom, France, Germany",observed: artist's own Nigerian share of listeners this quarter | Chartmetric + Soundcharts (observed); see 02_Methodology
Q1_2021,Ycee,30867.69,2.4502,756.33,97.5498,30111.36,45167040.0,"Tanzania, United States, United Kingdom, Netherlands, Germany",observed: artist's own Nigerian share of listeners this quarter | Chartmetric + Soundcharts (observed); see 02_Methodology
Q1_2021,Ice Prince,30486.47,6.1055,1861.35,93.8945,28625.13,42937695.0,"United States, United Kingdom, South Africa, Kenya, Ghana",observed: artist's own Nigerian share of listeners this quarter | Chartmetric + Soundcharts (observed); see 02_Methodology
Q1_2021,Simi,30317.35,6.2401,1891.83,93.7599,28425.52,42638280.0,"Cameroon, United States, United Kingdom, Canada, Netherlands",observed: artist's own Nigerian share of listeners this quarter | Chartmetric + Soundcharts (observed); see 02_Methodology
Q1_2021,Oxlade,27668.6,8.1009,2241.41,91.8991,25427.2,38140800.0,"United Kingdom, United States, Netherlands, Germany, France",observed: artist's own Nigerian share of listeners this quarter | Chartmetric + Soundcharts (observed); see 02_Methodology
Q1_2021,Aṣa,27285.31,2.4868,678.53,97.5132,26606.79,39910185.0,"France, Germany, Brazil, United Arab Emirates, Spain",observed: artist's own Nigerian share of listeners this quarter | Chartmetric + Soundcharts (observed); see 02_Methodology
Q1_2021,Amaarae,24290.16,2.327,565.23,97.673,23724.93,35587395.0,"United States, United Kingdom, Canada, France, Netherlands",observed: artist's own Nigerian share of listeners this quarter | Chartmetric + Soundcharts (observed); see 02_Methodology
Q1_2021,Zlatan,23754.15,9.8267,2334.26,90.1733,21419.89,32129835.0,"United States, United Kingdom, Canada, France, Netherlands",observed: artist's own Nigerian share of listeners this quarter | Chartmetric + Soundcharts (observed); see 02_Methodology
Q1_2021,Olakira,22687.89,2.9657,672.85,97.0343,22015.04,33022560.0,"Netherlands, United States, United Kingdom, Canada, France",observed: artist's own Nigerian share of listeners this quarter | Chartmetric + Soundcharts (observed); see 02_Methodology
Q1_2021,Ric Hassani,22006.68,2.5177,554.07,97.4823,21452.61,32178915.0,"Netherlands, France, Germany, United States, Canada",observed: artist's own Nigerian share of listeners this quarter | Chartmetric + Soundcharts (observed); see 02_Methodology
Q1_2021,Cruel Santino,21093.79,2.3263,490.71,97.6737,20603.08,30904620.0,"United States, United Kingdom, Canada, Netherlands, France",observed: artist's own Nigerian share of listeners this quarter | Chartmetric + Soundcharts (observed); see 02_Methodology
Q1_2021,Phyno,20264.89,20.2207,4097.71,79.7793,16167.18,24250770.0,"United States, United Kingdom, Italy, Germany, United Arab Emirates",observed: artist's own Nigerian share of listeners this quarter | Chartmetric + Soundcharts (observed); see 02_Methodology
Q1_2021,Seyi Shay,20139.87,2.9541,594.95,97.0459,19544.92,29317380.0,"United States, United Kingdom, Tanzania, Australia, Canada",observed: artist's own Nigerian share of listeners this quarter | Chartmetric + Soundcharts (observed); see 02_Methodology
Q1_2021,WurlD,18742.18,6.5163,1221.29,93.4837,17520.89,26281335.0,"United States, Netherlands, Germany, United Kingdom, Canada",observed: artist's own Nigerian share of listeners this quarter | Chartmetric + Soundcharts (observed); see 02_Methodology
Q1_2021,Odunsi (The Engine),18721.34,2.3802,445.61,97.6198,18275.73,27413595.0,"United States, United Kingdom, Netherlands, Canada, Germany",observed: artist's own Nigerian share of listeners this quarter | Chartmetric + Soundcharts (observed); see 02_Methodology
Q1_2021,Bracket,17961.65,0.7227,129.8,99.2773,17831.84,26747760.0,"Italy, France, Netherlands, Spain, Germany",observed: artist's own Nigerian share of listeners this quarter | Chartmetric + Soundcharts (observed); see 02_Methodology
Q1_2021,Nonso Amadi,17882.86,5.1293,917.26,94.8707,16965.6,25448400.0,"United States, United Kingdom, Netherlands, Canada, Germany",observed: artist's own Nigerian share of listeners this quarter | Chartmetric + Soundcharts (observed); see 02_Methodology
Q1_2021,D'banj,17750.37,2.4719,438.77,97.5281,17311.6,25967400.0,"Vietnam, United Kingdom, United States, Cambodia, Guatemala",observed: artist's own Nigerian share of listeners this quarter | Chartmetric + Soundcharts (observed); see 02_Methodology
Q1_2021,Rude Boy,16816.91,2.792,469.53,97.208,16347.39,24521085.0,"Mexico, Spain, Peru, Chile, Vietnam",assumed: portfolio-wide ratio applied to an artist without own geography | Chartmetric + Soundcharts (observed); see 02_Methodology
Q1_2021,Sarz,15619.41,5.2671,822.69,94.7329,14796.72,22195080.0,"Netherlands, United States, Germany, Canada, United Kingdom",observed: artist's own Nigerian share of listeners this quarter | Chartmetric + Soundcharts (observed); see 02_Methodology
Q1_2021,Boj,15489.3,7.1351,1105.17,92.8649,14384.13,21576195.0,"United States, Netherlands, United Kingdom, Canada, Germany",observed: artist's own Nigerian share of listeners this quarter | Chartmetric + Soundcharts (observed); see 02_Methodology
Q1_2021,Terri,15486.08,4.9159,761.28,95.0841,14724.8,22087200.0,"Netherlands, Tanzania, United Arab Emirates, United States, Benin",observed: artist's own Nigerian share of listeners this quarter | Chartmetric + Soundcharts (observed); see 02_Methodology
Q1_2021,BNXN,14144.31,9.9921,1413.31,90.0079,12731.0,19096500.0,"United States, Netherlands, United Kingdom, Germany, Canada",observed: artist's own Nigerian share of listeners this quarter | Chartmetric + Soundcharts (observed); see 02_Methodology
Q1_2021,Peruzzi,14136.54,13.6598,1931.02,86.3402,12205.52,18308280.0,"United States, Italy, United Kingdom, Canada, Netherlands",observed: artist's own Nigerian share of listeners this quarter | Chartmetric + Soundcharts (observed); see 02_Methodology
Q1_2021,Ajebutter22,13512.08,6.6622,900.21,93.3378,12611.88,18917820.0,"United States, United Kingdom, Netherlands, Canada, Germany",observed: artist's own Nigerian share of listeners this quarter | Chartmetric + Soundcharts (observed); see 02_Methodology
Q1_2021,Tay Iwar,13229.14,2.2613,299.15,97.7387,12929.99,19394985.0,"United States, United Kingdom, Netherlands, Canada, Germany",observed: artist's own Nigerian share of listeners this quarter | Chartmetric + Soundcharts (observed); see 02_Methodology
Q1_2021,Zinoleesky,10984.63,22.25,2444.08,77.75,8540.56,12810840.0,"United States, United Kingdom, Canada, Netherlands, Ghana",observed: artist's own Nigerian share of listeners this quarter | Chartmetric + Soundcharts (observed); see 02_Methodology
Q1_2021,LADIPOE,10942.07,7.3842,807.98,92.6158,10134.09,15201135.0,"United States, Canada, United Kingdom, Netherlands, Australia",observed: artist's own Nigerian share of listeners this quarter | Chartmetric + Soundcharts (observed); see 02_Methodology
Q1_2021,Reminisce,10884.62,14.0466,1528.92,85.9534,9355.7,14033550.0,"United States, Canada, United Kingdom, Netherlands, France",observed: artist's own Nigerian share of listeners this quarter | Chartmetric + Soundcharts (observed); see 02_Methodology
Q1_2021,Skiibii,10861.04,2.2164,240.72,97.7836,10620.32,15930480.0,"Netherlands, United States, Germany, France, United Kingdom",observed: artist's own Nigerian share of listeners this quarter | Chartmetric + Soundcharts (observed); see 02_Methodology
Q1_2021,Mohbad,10445.53,16.7368,1748.25,83.2632,8697.28,13045920.0,"United States, United Kingdom, Canada, Netherlands, Ghana",observed: artist's own Nigerian share of listeners this quarter | Chartmetric + Soundcharts (observed); see 02_Methodology
Q1_2021,Bella Shmurda,10202.6,23.5782,2405.59,76.4218,7797.01,11695515.0,"United States, United Kingdom, Tanzania, Canada, Ghana",observed: artist's own Nigerian share of listeners this quarter | Chartmetric + Soundcharts (observed); see 02_Methodology
Q1_2021,Ayra Starr,9924.04,12.5558,1246.04,87.4442,8678.0,13017000.0,"Benin, United States, United Kingdom, Canada, Ghana",observed: artist's own Nigerian share of listeners this quarter | Chartmetric + Soundcharts (observed); see 02_Methodology
Q1_2021,Solidstar,9433.29,3.0527,287.97,96.9473,9145.32,13717980.0,"United States, Netherlands, United Kingdom, Canada, Colombia",observed: artist's own Nigerian share of listeners this quarter | Chartmetric + Soundcharts (observed); see 02_Methodology
Q1_2021,Dice Ailes,9207.4,12.8578,1183.87,87.1422,8023.53,12035295.0,"United States, Spain, United Kingdom, Benin, Canada",observed: artist's own Nigerian share of listeners this quarter | Chartmetric + Soundcharts (observed); see 02_Methodology
Q1_2021,Sean Tizzle,8712.97,8.4058,732.4,91.5942,7980.57,11970855.0,"United States, Netherlands, Canada, United Kingdom, Germany",observed: artist's own Nigerian share of listeners this quarter | Chartmetric + Soundcharts (observed); see 02_Methodology
Q1_2021,Show Dem Camp,8709.7,11.5324,1004.44,88.4676,7705.26,11557890.0,"United States, United Kingdom, Canada, Netherlands, Germany",observed: artist's own Nigerian share of listeners this quarter | Chartmetric + Soundcharts (observed); see 02_Methodology
Q1_2021,Crayon,7960.19,5.0821,404.55,94.9179,7555.65,11333475.0,"United States, Netherlands, Ghana, United Kingdom, Canada",observed: artist's own Nigerian share of listeners this quarter | Chartmetric + Soundcharts (observed); see 02_Methodology
Q1_2021,Brymo,7610.54,18.4499,1404.14,81.5501,6206.4,9309600.0,"United States, United Kingdom, Canada, Ghana, Netherlands",observed: artist's own Nigerian share of listeners this quarter | Chartmetric + Soundcharts (observed); see 02_Methodology
Q1_2021,Mr Real,6568.23,11.2219,737.08,88.7781,5831.15,8746725.0,"United States, United Kingdom, Canada, France, Ghana",observed: artist's own Nigerian share of listeners this quarter | Chartmetric + Soundcharts (observed); see 02_Methodology
Q1_2021,Darey,6537.92,11.4511,748.66,88.5489,5789.26,8683890.0,"United States, Italy, Tanzania, Canada, Cameroon",observed: artist's own Nigerian share of listeners this quarter | Chartmetric + Soundcharts (observed); see 02_Methodology
Q1_2021,Chike,6136.18,18.6502,1144.41,81.3498,4991.77,7487655.0,"United States, Canada, Kenya, United Kingdom, Ghana",observed: artist's own Nigerian share of listeners this quarter | Chartmetric + Soundcharts (observed); see 02_Methodology
Q1_2021,9ice,6080.44,16.5952,1009.06,83.4048,5071.38,7607070.0,"United States, United Kingdom, Canada, Ireland, Ghana",observed: artist's own Nigerian share of listeners this quarter | Chartmetric + Soundcharts (observed); see 02_Methodology
Q1_2021,Waje,5976.84,10.0817,602.56,89.9183,5374.27,8061405.0,"United States, Canada, United Kingdom, Netherlands, Kenya",observed: artist's own Nigerian share of listeners this quarter | Chartmetric + Soundcharts (observed); see 02_Methodology
Q1_2021,Mannywellz,5628.99,1.0751,60.51,98.9249,5568.47,8352705.0,"United States, South Africa, Canada, United Kingdom, Netherlands",observed: artist's own Nigerian share of listeners this quarter | Chartmetric + Soundcharts (observed); see 02_Methodology
Q1_2021,Lady Donli,5586.33,2.4624,137.56,97.5376,5448.77,8173155.0,"Brazil, United States, United Kingdom, Germany, Netherlands",observed: artist's own Nigerian share of listeners this quarter | Chartmetric + Soundcharts (observed); see 02_Methodology
Q1_2021,Praiz,5481.11,1.4953,81.96,98.5047,5399.15,8098725.0,"Sweden, Netherlands, United States, Germany, United Kingdom",observed: artist's own Nigerian share of listeners this quarter | Chartmetric + Soundcharts (observed); see 02_Methodology
Q1_2021,Bad Boy Timz,5098.16,31.5536,1608.65,68.4464,3489.51,5234265.0,"United States, United Kingdom, Canada, Benin, Tanzania",observed: artist's own Nigerian share of listeners this quarter | Chartmetric + Soundcharts (observed); see 02_Methodology
Q1_2021,M.I. Abaga,4685.17,22.427,1050.74,77.573,3634.42,5451630.0,"United States, Canada, United Kingdom, Ghana, South Africa",observed: artist's own Nigerian share of listeners this quarter | Chartmetric + Soundcharts (observed); see 02_Methodology
Q1_2021,Lil Kesh,4630.89,14.1148,653.64,85.8852,3977.25,5965875.0,"United States, United Kingdom, Canada, Netherlands, Ghana",observed: artist's own Nigerian share of listeners this quarter | Chartmetric + Soundcharts (observed); see 02_Methodology
Q1_2021,Young Jonn,4595.09,10.9757,504.35,89.0243,4090.75,6136125.0,"United States, United Kingdom, Canada, Netherlands, Ghana",observed: artist's own Nigerian share of listeners this quarter | Chartmetric + Soundcharts (observed); see 02_Methodology
Q1_2021,Small Doctor,4389.22,22.1663,972.93,77.8337,3416.3,5124450.0,"United States, United Kingdom, Germany, Canada, Ghana",observed: artist's own Nigerian share of listeners this quarter | Chartmetric + Soundcharts (observed); see 02_Methodology
Q1_2021,Ruger,4317.69,18.5613,801.42,81.4387,3516.27,5274405.0,"United Kingdom, United States, Canada, Netherlands, France",observed: artist's own Nigerian share of listeners this quarter | Chartmetric + Soundcharts (observed); see 02_Methodology
Q1_2021,HarrySong,4273.31,3.0259,129.31,96.9741,4144.01,6216015.0,"United States, Kenya, United Kingdom, Italy, Germany",observed: artist's own Nigerian share of listeners this quarter | Chartmetric + Soundcharts (observed); see 02_Methodology
Q1_2021,Johnny Drille,4200.12,10.5443,442.87,89.4557,3757.25,5635875.0,"United States, Canada, Kenya, United Kingdom, Australia",observed: artist's own Nigerian share of listeners this quarter | Chartmetric + Soundcharts (observed); see 02_Methodology
Q1_2021,Duncan Mighty,3967.61,10.7087,424.88,89.2913,3542.73,5314095.0,"United States, United Kingdom, Netherlands, Sweden, Canada",observed: artist's own Nigerian share of listeners this quarter | Chartmetric + Soundcharts (observed); see 02_Methodology
Q1_2021,Blaqbonez,3924.64,23.3121,914.92,76.6879,3009.73,4514595.0,"United States, United Kingdom, Canada, Netherlands, Ghana",observed: artist's own Nigerian share of listeners this quarter | Chartmetric + Soundcharts (observed); see 02_Methodology
Q1_2021,Pheelz,3584.56,8.0392,288.17,91.9608,3296.39,4944585.0,"United States, United Kingdom, Canada, Netherlands, France",observed: artist's own Nigerian share of listeners this quarter | Chartmetric + Soundcharts (observed); see 02_Methodology
Q1_2021,Vector,3282.03,27.0826,888.86,72.9174,2393.17,3589755.0,"United States, United Kingdom, Canada, Germany, Ghana",observed: artist's own Nigerian share of listeners this quarter | Chartmetric + Soundcharts (observed); see 02_Methodology
Q1_2021,Prettyboy D-O,3235.03,11.4544,370.55,88.5456,2864.48,4296720.0,"United States, United Kingdom, Canada, Germany, France",observed: artist's own Nigerian share of listeners this quarter | Chartmetric + Soundcharts (observed); see 02_Methodology
Q1_2021,Dremo,2750.61,18.8251,517.81,81.1749,2232.8,3349200.0,"United States, Canada, United Kingdom, Ghana, Netherlands",observed: artist's own Nigerian share of listeners this quarter | Chartmetric + Soundcharts (observed); see 02_Methodology
Q1_2021,King Sunny Ade,2032.77,6.0619,123.22,93.9381,1909.55,2864325.0,"United States, United Kingdom, Canada, Ireland, Australia",observed: artist's own Nigerian share of listeners this quarter | Chartmetric + Soundcharts (observed); see 02_Methodology
Q1_2021,Naeto C,2007.67,6.6357,133.22,93.3643,1874.45,2811675.0,"United States, United Kingdom, Canada, South Africa, Australia",observed: artist's own Nigerian share of listeners this quarter | Chartmetric + Soundcharts (observed); see 02_Methodology
Q1_2021,Jesse Jagz,1950.06,14.1104,275.16,85.8896,1674.9,2512350.0,"United States, United Kingdom, Canada, Sweden, Germany",observed: artist's own Nigerian share of listeners this quarter | Chartmetric + Soundcharts (observed); see 02_Methodology
Q1_2021,Lyta,1739.78,17.6869,307.71,82.3131,1432.07,2148105.0,"United States, United Kingdom, Canada, Ghana, Germany",observed: artist's own Nigerian share of listeners this quarter | Chartmetric + Soundcharts (observed); see 02_Methodology
Q1_2021,Sound Sultan,1642.29,11.5091,189.01,88.4909,1453.28,2179920.0,"United States, Canada, United Kingdom, Netherlands, Sweden",observed: artist's own Nigerian share of listeners this quarter | Chartmetric + Soundcharts (observed); see 02_Methodology
Q1_2021,Asake,1460.66,34.1205,498.39,65.8795,962.28,1443420.0,"United States, Canada, United Kingdom, South Africa, Ghana",observed: artist's own Nigerian share of listeners this quarter | Chartmetric + Soundcharts (observed); see 02_Methodology
Q1_2021,Terry Apala,1255.38,8.2142,103.12,91.7858,1152.26,1728390.0,"United States, United Kingdom, Canada, South Africa, France",observed: artist's own Nigerian share of listeners this quarter | Chartmetric + Soundcharts (observed); see 02_Methodology
Q1_2021,CDQ,944.69,10.6294,100.41,89.3706,844.27,1266405.0,"United States, United Kingdom, Canada, France, Netherlands",observed: artist's own Nigerian share of listeners this quarter | Chartmetric + Soundcharts (observed); see 02_Methodology
Q1_2021,Olu Maintain,781.56,12.0822,94.43,87.9178,687.13,1030695.0,"United Kingdom, United States, Canada, Ireland, Netherlands",observed: artist's own Nigerian share of listeners this quarter | Chartmetric + Soundcharts (observed); see 02_Methodology
Q1_2021,Yung6ix,739.18,12.1839,90.06,87.8161,649.12,973680.0,"United States, Canada, United Kingdom, Netherlands, Germany",observed: artist's own Nigerian share of listeners this quarter | Chartmetric + Soundcharts (observed); see 02_Methodology
Q1_2021,Lagbaja,659.39,2.792,18.41,97.208,640.98,961470.0,,assumed: portfolio-wide ratio applied to an artist without own geography | Chartmetric + Soundcharts (observed); see 02_Methodology
Q1_2021,Illbliss,646.26,10.0128,64.71,89.9872,581.55,872325.0,"United States, Canada, United Kingdom, France, South Africa",observed: artist's own Nigerian share of listeners this quarter | Chartmetric + Soundcharts (observed); see 02_Methodology
Q1_2021,Dammy Krane,646.01,7.1379,46.11,92.8621,599.9,899850.0,"United States, United Kingdom, Canada, Ghana, Germany",observed: artist's own Nigerian share of listeners this quarter | Chartmetric + Soundcharts (observed); see 02_Methodology
Q1_2021,Eldee,490.14,27.1535,133.09,72.8465,357.05,535575.0,"United States, United Kingdom, Canada, Australia, Netherlands",observed: artist's own Nigerian share of listeners this quarter | Chartmetric + Soundcharts (observed); see 02_Methodology
Q1_2021,Seyi Vibez,456.59,55.9592,255.5,44.0408,201.08,301620.0,"United States, Canada, United Kingdom, Ghana, South Africa",observed: artist's own Nigerian share of listeners this quarter | Chartmetric + Soundcharts (observed); see 02_Methodology
Q1_2021,Spyro,317.77,6.9931,22.22,93.0069,295.55,443325.0,"United States, Canada, United Kingdom, France, Australia",observed: artist's own Nigerian share of listeners this quarter | Chartmetric + Soundcharts (observed); see 02_Methodology
Q1_2021,Victony,237.49,34.3064,81.48,65.6936,156.02,234030.0,"United States, Canada, United Kingdom, Ghana, Kenya",observed: artist's own Nigerian share of listeners this quarter | Chartmetric + Soundcharts (observed); see 02_Methodology
Q1_2021,Sauce Kid,118.39,22.4211,26.54,77.5789,91.84,137760.0,"United States, Canada, United Kingdom, Germany, France",observed: artist's own Nigerian share of listeners this quarter | Chartmetric + Soundcharts (observed); see 02_Methodology
Q1_2021,Ebenezer Obey,103.25,2.792,2.88,97.208,100.37,150555.0,,assumed: portfolio-wide ratio applied to an artist without own geography | Chartmetric + Soundcharts (observed); see 02_Methodology
Q1_2021,ODUMODUBLVCK,34.55,89.8671,31.05,10.1329,3.5,5250.0,"United Kingdom, United States, Canada, Germany, Ghana",observed: artist's own Nigerian share of listeners this quarter | Chartmetric + Soundcharts (observed); see 02_Methodology
Q1_2021,Oritsefemi,26.2,50.0,13.1,50.0,13.1,19650.0,"United States, United Kingdom, South Africa, Portugal, France",observed: artist's own Nigerian share of listeners this quarter | Chartmetric + Soundcharts (observed); see 02_Methodology
Q1_2021,Lojay,9.85,18.4358,1.82,81.5642,8.03,12045.0,"United Kingdom, Germany, Canada, United States, Ghana",observed: artist's own Nigerian share of listeners this quarter | Chartmetric + Soundcharts (observed); see 02_Methodology
Q1_2021,Libianca,5.84,0.9434,0.06,99.0566,5.78,8670.0,"United States, United Kingdom, Thailand, Philippines, Norway",observed: artist's own Nigerian share of listeners this quarter | Chartmetric + Soundcharts (observed); see 02_Methodology
Q1_2021,Magixx,1.38,8.6957,0.12,91.3043,1.26,1890.0,"United Kingdom, United States, France, Switzerland, Spain",observed: artist's own Nigerian share of listeners this quarter | Chartmetric + Soundcharts (observed); see 02_Methodology
Q1_2021,DJ Spinall,0.27,2.792,0.01,97.208,0.27,405.0,"Canada, United States, Ireland, Burundi",assumed: portfolio-wide ratio applied to an artist without own geography | Chartmetric + Soundcharts (observed); see 02_Methodology
Q1_2021,Odunsi,0.26,2.792,0.01,97.208,0.26,390.0,,assumed: portfolio-wide ratio applied to an artist without own geography | Chartmetric + Soundcharts (observed); see 02_Methodology
Q1_2021,=== PERIOD TOTAL ===,5875940.5,,204031.36,,5671909.25,8507863875.0,,Aggregated
Q2_2021,Burna Boy,796403.7,0.5406,4305.17,99.4594,792098.53,1188147795.0,"United States, France, United Kingdom, South Africa, Kenya",observed: artist's own Nigerian share of listeners this quarter | Chartmetric + Soundcharts (observed); see 02_Methodology
Q2_2021,Darkoo,605290.91,0.0515,311.82,99.9485,604979.09,907468635.0,"United Kingdom, Australia, United States, Netherlands, Germany",observed: artist's own Nigerian share of listeners this quarter | Chartmetric + Soundcharts (observed); see 02_Methodology
Q2_2021,Wizkid,540392.28,1.0166,5493.6,98.9834,534898.68,802348020.0,"United States, United Kingdom, France, South Africa, Canada",observed: artist's own Nigerian share of listeners this quarter | Chartmetric + Soundcharts (observed); see 02_Methodology
Q2_2021,Davido,535144.41,1.5685,8393.71,98.4315,526750.7,790126050.0,"United States, Cameroon, United Kingdom, Zambia, Netherlands",observed: artist's own Nigerian share of listeners this quarter | Chartmetric + Soundcharts (observed); see 02_Methodology
Q2_2021,Mr Eazi,424549.33,0.5411,2297.39,99.4589,422251.94,633377910.0,"United States, Guatemala, France, United Kingdom, Côte D’Ivoire",observed: artist's own Nigerian share of listeners this quarter | Chartmetric + Soundcharts (observed); see 02_Methodology
Q2_2021,Flavour,307375.04,2.7393,8419.98,97.2607,298955.07,448432605.0,"United States, Netherlands, United Kingdom, France, Canada",observed: artist's own Nigerian share of listeners this quarter | Chartmetric + Soundcharts (observed); see 02_Methodology
Q2_2021,Rema,276260.13,1.6535,4567.91,98.3465,271692.22,407538330.0,"Spain, United Kingdom, United States, Netherlands, France",observed: artist's own Nigerian share of listeners this quarter | Chartmetric + Soundcharts (observed); see 02_Methodology
Q2_2021,Patoranking,199358.56,2.8675,5716.64,97.1325,193641.93,290462895.0,"United States, Kenya, United Kingdom, France, South Africa",observed: artist's own Nigerian share of listeners this quarter | Chartmetric + Soundcharts (observed); see 02_Methodology
Q2_2021,Olamide,187207.69,6.0166,11263.57,93.9834,175944.12,263916180.0,"United States, Kenya, United Kingdom, France, South Africa",observed: artist's own Nigerian share of listeners this quarter | Chartmetric + Soundcharts (observed); see 02_Methodology
Q2_2021,Tiwa Savage,185318.29,2.9723,5508.27,97.0277,179810.02,269715030.0,"Côte D’Ivoire, United States, United Kingdom, France, Kenya",observed: artist's own Nigerian share of listeners this quarter | Chartmetric + Soundcharts (observed); see 02_Methodology
Q2_2021,Kizz Daniel,166506.04,1.6956,2823.2,98.3044,163682.84,245524260.0,"Germany, Netherlands, France, United Kingdom, Switzerland",observed: artist's own Nigerian share of listeners this quarter | Chartmetric + Soundcharts (observed); see 02_Methodology
Q2_2021,Maleek Berry,138912.62,0.9971,1385.08,99.0029,137527.54,206291310.0,"United States, United Kingdom, France, Canada, Germany",observed: artist's own Nigerian share of listeners this quarter | Chartmetric + Soundcharts (observed); see 02_Methodology
Q2_2021,Yemi Alade,133288.31,0.7517,1001.91,99.2483,132286.4,198429600.0,"Côte D’Ivoire, United States, India, France, Congo - Kinshasa",observed: artist's own Nigerian share of listeners this quarter | Chartmetric + Soundcharts (observed); see 02_Methodology
Q2_2021,Omah Lay,128883.73,4.2703,5503.67,95.7297,123380.06,185070090.0,"Netherlands, United States, United Kingdom, Germany, France",observed: artist's own Nigerian share of listeners this quarter | Chartmetric + Soundcharts (observed); see 02_Methodology
Q2_2021,Fireboy DML,117645.69,5.2984,6233.35,94.7016,111412.35,167118525.0,"United States, United Kingdom, Netherlands, Canada, Germany",observed: artist's own Nigerian share of listeners this quarter | Chartmetric + Soundcharts (observed); see 02_Methodology
Q2_2021,Naira Marley,116461.41,9.706,11303.74,90.294,105157.67,157736505.0,"United Kingdom, United States, Netherlands, Canada, France",observed: artist's own Nigerian share of listeners this quarter | Chartmetric + Soundcharts (observed); see 02_Methodology
Q2_2021,Timaya,102934.68,2.7332,2813.42,97.2668,100121.26,150181890.0,"United States, Italy, United Kingdom, Germany, France",observed: artist's own Nigerian share of listeners this quarter | Chartmetric + Soundcharts (observed); see 02_Methodology
Q2_2021,Teni,97724.88,7.4351,7265.91,92.5649,90458.97,135688455.0,"United States, United Kingdom, Netherlands, Canada, France",observed: artist's own Nigerian share of listeners this quarter | Chartmetric + Soundcharts (observed); see 02_Methodology
Q2_2021,Joeboy,85122.04,5.6008,4767.47,94.3992,80354.57,120531855.0,"United States, Netherlands, United Kingdom, France, Canada",observed: artist's own Nigerian share of listeners this quarter | Chartmetric + Soundcharts (observed); see 02_Methodology
Q2_2021,P-Square,79686.62,1.3733,1094.37,98.6267,78592.25,117888375.0,"United States, France, United Kingdom, Kenya, South Africa",observed: artist's own Nigerian share of listeners this quarter | Chartmetric + Soundcharts (observed); see 02_Methodology
Q2_2021,Olakira,74073.33,2.2282,1650.53,97.7718,72422.8,108634200.0,"Netherlands, United States, United Kingdom, Canada, France",observed: artist's own Nigerian share of listeners this quarter | Chartmetric + Soundcharts (observed); see 02_Methodology
Q2_2021,Tekno,68773.44,1.4979,1030.16,98.5021,67743.28,101614920.0,"United States, Netherlands, United Kingdom, Germany, France",observed: artist's own Nigerian share of listeners this quarter | Chartmetric + Soundcharts (observed); see 02_Methodology
Q2_2021,Falz,65224.49,8.8825,5793.54,91.1175,59430.96,89146440.0,"United States, United Kingdom, Canada, South Africa, Netherlands",observed: artist's own Nigerian share of listeners this quarter | Chartmetric + Soundcharts (observed); see 02_Methodology
Q2_2021,CKay,64785.16,4.4226,2865.17,95.5774,61919.99,92879985.0,"Morocco, France, Netherlands, United States, United Kingdom",observed: artist's own Nigerian share of listeners this quarter | Chartmetric + Soundcharts (observed); see 02_Methodology
Q2_2021,Banky W.,63240.18,6.1602,3895.71,93.8398,59344.47,89016705.0,"United States, Kenya, United Kingdom, Ghana, Zambia",observed: artist's own Nigerian share of listeners this quarter | Chartmetric + Soundcharts (observed); see 02_Methodology
Q2_2021,Adekunle Gold,61625.95,3.4185,2106.69,96.5815,59519.26,89278890.0,"United States, Tanzania, United Kingdom, Netherlands, Canada",observed: artist's own Nigerian share of listeners this quarter | Chartmetric + Soundcharts (observed); see 02_Methodology
Q2_2021,Reekado Banks,59788.76,4.3048,2573.79,95.6952,57214.98,85822470.0,"Côte D’Ivoire, Kenya, United States, United Kingdom, Mauritius",observed: artist's own Nigerian share of listeners this quarter | Chartmetric + Soundcharts (observed); see 02_Methodology
Q2_2021,Tems,52833.92,5.1619,2727.26,94.8381,50106.66,75159990.0,"Netherlands, United States, Canada, Ghana, France",observed: artist's own Nigerian share of listeners this quarter | Chartmetric + Soundcharts (observed); see 02_Methodology
Q2_2021,2Baba,51987.67,7.8862,4099.87,92.1138,47887.79,71831685.0,"United States, United Kingdom, Italy, Australia, France",observed: artist's own Nigerian share of listeners this quarter | Chartmetric + Soundcharts (observed); see 02_Methodology
Q2_2021,Chike,48279.06,10.3994,5020.73,89.6006,43258.33,64887495.0,"United States, Kenya, United Kingdom, France, Canada",observed: artist's own Nigerian share of listeners this quarter | Chartmetric + Soundcharts (observed); see 02_Methodology
Q2_2021,Fela Kuti,41988.34,0.7027,295.04,99.2973,41693.3,62539950.0,"United States, United Kingdom, France, South Africa, Italy",observed: artist's own Nigerian share of listeners this quarter | Chartmetric + Soundcharts (observed); see 02_Methodology
Q2_2021,Korede Bello,41342.51,2.012,831.82,97.988,40510.69,60766035.0,"Côte D’Ivoire, United States, France, United Kingdom, Kenya",observed: artist's own Nigerian share of listeners this quarter | Chartmetric + Soundcharts (observed); see 02_Methodology
Q2_2021,DJ Neptune,39244.51,5.2162,2047.07,94.7838,37197.44,55796160.0,"United States, United Kingdom, Netherlands, Canada, France",observed: artist's own Nigerian share of listeners this quarter | Chartmetric + Soundcharts (observed); see 02_Methodology
Q2_2021,Wande Coal,39223.12,6.2295,2443.4,93.7705,36779.72,55169580.0,"United States, United Kingdom, France, Kenya, Canada",observed: artist's own Nigerian share of listeners this quarter | Chartmetric + Soundcharts (observed); see 02_Methodology
Q2_2021,Iyanya,39182.41,3.7029,1450.88,96.2971,37731.53,56597295.0,"United States, France, United Kingdom, Canada, Italy",observed: artist's own Nigerian share of listeners this quarter | Chartmetric + Soundcharts (observed); see 02_Methodology
Q2_2021,Simi,35489.51,5.8737,2084.53,94.1263,33404.98,50107470.0,"Côte D’Ivoire, United States, United Kingdom, Canada, Netherlands",observed: artist's own Nigerian share of listeners this quarter | Chartmetric + Soundcharts (observed); see 02_Methodology
Q2_2021,Ice Prince,33125.04,6.3489,2103.07,93.6511,31021.97,46532955.0,"United States, United Kingdom, South Africa, Kenya, France",observed: artist's own Nigerian share of listeners this quarter | Chartmetric + Soundcharts (observed); see 02_Methodology
Q2_2021,Mayorkun,32467.62,9.5258,3092.8,90.4742,29374.82,44062230.0,"United States, United Kingdom, Canada, Netherlands, France",observed: artist's own Nigerian share of listeners this quarter | Chartmetric + Soundcharts (observed); see 02_Methodology
Q2_2021,Ycee,32009.21,1.9818,634.35,98.0182,31374.86,47062290.0,"Tanzania, United States, United Kingdom, Germany, Netherlands",observed: artist's own Nigerian share of listeners this quarter | Chartmetric + Soundcharts (observed); see 02_Methodology
Q2_2021,Sarz,31605.88,6.1334,1938.52,93.8666,29667.36,44501040.0,"United States, United Kingdom, Netherlands, Canada, Germany",observed: artist's own Nigerian share of listeners this quarter | Chartmetric + Soundcharts (observed); see 02_Methodology
Q2_2021,Niniola,31187.79,4.8949,1526.6,95.1051,29661.19,44491785.0,"South Africa, United States, Netherlands, United Kingdom, France",observed: artist's own Nigerian share of listeners this quarter | Chartmetric + Soundcharts (observed); see 02_Methodology
Q2_2021,Oxlade,28386.51,7.3466,2085.44,92.6534,26301.08,39451620.0,"United Kingdom, United States, Netherlands, Canada, Germany",observed: artist's own Nigerian share of listeners this quarter | Chartmetric + Soundcharts (observed); see 02_Methodology
Q2_2021,BNXN,27579.82,12.9888,3582.29,87.0112,23997.54,35996310.0,"United States, United Kingdom, Netherlands, Canada, France",observed: artist's own Nigerian share of listeners this quarter | Chartmetric + Soundcharts (observed); see 02_Methodology
Q2_2021,Aṣa,26552.91,2.2711,603.05,97.7289,25949.86,38924790.0,"France, Germany, United Arab Emirates, Brazil, Kenya",observed: artist's own Nigerian share of listeners this quarter | Chartmetric + Soundcharts (observed); see 02_Methodology
Q2_2021,Amaarae,26180.62,2.1414,560.63,97.8586,25619.99,38429985.0,"United States, United Kingdom, Canada, France, Netherlands",observed: artist's own Nigerian share of listeners this quarter | Chartmetric + Soundcharts (observed); see 02_Methodology
Q2_2021,LADIPOE,24045.71,12.7663,3069.74,87.2337,20975.97,31463955.0,"United States, United Kingdom, Canada, Netherlands, Kenya",observed: artist's own Nigerian share of listeners this quarter | Chartmetric + Soundcharts (observed); see 02_Methodology
Q2_2021,Seyi Shay,23852.66,2.6225,625.53,97.3775,23227.13,34840695.0,"United States, France, Tanzania, United Kingdom, Canada",observed: artist's own Nigerian share of listeners this quarter | Chartmetric + Soundcharts (observed); see 02_Methodology
Q2_2021,Tay Iwar,21872.21,2.0818,455.33,97.9182,21416.88,32125320.0,"United States, United Kingdom, Netherlands, Canada, Germany",observed: artist's own Nigerian share of listeners this quarter | Chartmetric + Soundcharts (observed); see 02_Methodology
Q2_2021,Zlatan,21385.98,9.7464,2084.37,90.2536,19301.61,28952415.0,"United States, United Kingdom, Canada, Netherlands, France",observed: artist's own Nigerian share of listeners this quarter | Chartmetric + Soundcharts (observed); see 02_Methodology
Q2_2021,Ric Hassani,20843.02,1.6172,337.07,98.3828,20505.95,30758925.0,"Netherlands, Germany, France, United Kingdom, Sweden",observed: artist's own Nigerian share of listeners this quarter | Chartmetric + Soundcharts (observed); see 02_Methodology
Q2_2021,D'banj,20830.44,2.2722,473.31,97.7278,20357.14,30535710.0,"United Kingdom, United States, India, Romania, France",observed: artist's own Nigerian share of listeners this quarter | Chartmetric + Soundcharts (observed); see 02_Methodology
Q2_2021,Odunsi (The Engine),20443.24,1.9453,397.69,98.0547,20045.55,30068325.0,"United States, United Kingdom, Canada, Netherlands, Australia",observed: artist's own Nigerian share of listeners this quarter | Chartmetric + Soundcharts (observed); see 02_Methodology
Q2_2021,WurlD,19718.8,5.265,1038.2,94.735,18680.6,28020900.0,"United States, Netherlands, United Kingdom, Germany, Canada",observed: artist's own Nigerian share of listeners this quarter | Chartmetric + Soundcharts (observed); see 02_Methodology
Q2_2021,Cruel Santino,18955.08,2.2512,426.71,97.7488,18528.36,27792540.0,"United States, United Kingdom, Canada, Netherlands, Germany",observed: artist's own Nigerian share of listeners this quarter | Chartmetric + Soundcharts (observed); see 02_Methodology
Q2_2021,Terri,18642.98,7.3396,1368.33,92.6604,17274.65,25911975.0,"Netherlands, United States, United Arab Emirates, Tanzania, United Kingdom",observed: artist's own Nigerian share of listeners this quarter | Chartmetric + Soundcharts (observed); see 02_Methodology
Q2_2021,Nonso Amadi,17908.4,4.2477,760.7,95.7523,17147.7,25721550.0,"United States, United Kingdom, Canada, Netherlands, Germany",observed: artist's own Nigerian share of listeners this quarter | Chartmetric + Soundcharts (observed); see 02_Methodology
Q2_2021,Peruzzi,17764.16,11.8128,2098.44,88.1872,15665.71,23498565.0,"United States, Tanzania, France, United Kingdom, Canada",observed: artist's own Nigerian share of listeners this quarter | Chartmetric + Soundcharts (observed); see 02_Methodology
Q2_2021,Bracket,17476.54,0.9131,159.57,99.0869,17316.96,25975440.0,"Italy, France, Netherlands, Spain, Germany",observed: artist's own Nigerian share of listeners this quarter | Chartmetric + Soundcharts (observed); see 02_Methodology
Q2_2021,Phyno,17161.28,17.9336,3077.63,82.0664,14083.65,21125475.0,"United States, United Kingdom, Italy, United Arab Emirates, Germany",observed: artist's own Nigerian share of listeners this quarter | Chartmetric + Soundcharts (observed); see 02_Methodology
Q2_2021,Lojay,16876.46,8.6466,1459.23,91.3534,15417.22,23125830.0,"United Kingdom, United States, Netherlands, Canada, France",observed: artist's own Nigerian share of listeners this quarter | Chartmetric + Soundcharts (observed); see 02_Methodology
Q2_2021,Rude Boy,16659.31,2.4978,416.11,97.5022,16243.2,24364800.0,"Mexico, Peru, Spain, Chile, Vietnam",assumed: portfolio-wide ratio applied to an artist without own geography | Chartmetric + Soundcharts (observed); see 02_Methodology
Q2_2021,Boj,15723.05,6.7212,1056.79,93.2788,14666.26,21999390.0,"United States, United Kingdom, Netherlands, Canada, Germany",observed: artist's own Nigerian share of listeners this quarter | Chartmetric + Soundcharts (observed); see 02_Methodology
Q2_2021,Ajebutter22,14175.82,6.0362,855.68,93.9638,13320.14,19980210.0,"United States, United Kingdom, Netherlands, Canada, Germany",observed: artist's own Nigerian share of listeners this quarter | Chartmetric + Soundcharts (observed); see 02_Methodology
Q2_2021,Mohbad,13889.72,12.9127,1793.53,87.0873,12096.19,18144285.0,"United States, United Kingdom, Netherlands, Canada, France",observed: artist's own Nigerian share of listeners this quarter | Chartmetric + Soundcharts (observed); see 02_Methodology
Q2_2021,Ruger,13800.54,17.5852,2426.85,82.4148,11373.69,17060535.0,"United States, United Kingdom, Canada, Netherlands, Kenya",observed: artist's own Nigerian share of listeners this quarter | Chartmetric + Soundcharts (observed); see 02_Methodology
Q2_2021,Reminisce,11059.1,13.0871,1447.32,86.9129,9611.78,14417670.0,"United States, United Kingdom, Netherlands, Canada, France",observed: artist's own Nigerian share of listeners this quarter | Chartmetric + Soundcharts (observed); see 02_Methodology
Q2_2021,Zinoleesky,10888.42,18.0184,1961.92,81.9816,8926.5,13389750.0,"United States, United Kingdom, Canada, Netherlands, Benin",observed: artist's own Nigerian share of listeners this quarter | Chartmetric + Soundcharts (observed); see 02_Methodology
Q2_2021,Bella Shmurda,10683.3,22.4915,2402.83,77.5085,8280.47,12420705.0,"United States, United Kingdom, Tanzania, Benin, Italy",observed: artist's own Nigerian share of listeners this quarter | Chartmetric + Soundcharts (observed); see 02_Methodology
Q2_2021,Skiibii,10591.19,1.6606,175.88,98.3394,10415.32,15622980.0,"Netherlands, United States, Germany, United Kingdom, France",observed: artist's own Nigerian share of listeners this quarter | Chartmetric + Soundcharts (observed); see 02_Methodology
Q2_2021,Blaqbonez,10220.73,16.8069,1717.78,83.1931,8502.94,12754410.0,"United States, Ghana, Canada, Netherlands, United Arab Emirates",observed: artist's own Nigerian share of listeners this quarter | Chartmetric + Soundcharts (observed); see 02_Methodology
Q2_2021,Crayon,10117.69,8.6136,871.5,91.3864,9246.19,13869285.0,"United States, Netherlands, United Kingdom, Canada, France",observed: artist's own Nigerian share of listeners this quarter | Chartmetric + Soundcharts (observed); see 02_Methodology
Q2_2021,Ayra Starr,9825.41,12.0909,1187.98,87.9091,8637.44,12956160.0,"Benin, United States, United Kingdom, Canada, Kenya",observed: artist's own Nigerian share of listeners this quarter | Chartmetric + Soundcharts (observed); see 02_Methodology
Q2_2021,Solidstar,9741.5,3.1351,305.41,96.8649,9436.09,14154135.0,"United States, Netherlands, Canada, United Kingdom, Colombia",observed: artist's own Nigerian share of listeners this quarter | Chartmetric + Soundcharts (observed); see 02_Methodology
Q2_2021,Show Dem Camp,9362.63,11.2016,1048.76,88.7984,8313.87,12470805.0,"United States, United Kingdom, Canada, Netherlands, France",observed: artist's own Nigerian share of listeners this quarter | Chartmetric + Soundcharts (observed); see 02_Methodology
Q2_2021,Brymo,7871.35,16.3548,1287.35,83.6452,6584.0,9876000.0,"United States, United Kingdom, Canada, Ghana, Italy",observed: artist's own Nigerian share of listeners this quarter | Chartmetric + Soundcharts (observed); see 02_Methodology
Q2_2021,M.I. Abaga,7856.82,15.489,1216.94,84.511,6639.87,9959805.0,"United States, United Kingdom, Canada, Netherlands, Ghana",observed: artist's own Nigerian share of listeners this quarter | Chartmetric + Soundcharts (observed); see 02_Methodology
Q2_2021,Dice Ailes,7440.98,13.9069,1034.81,86.0931,6406.17,9609255.0,"United States, United Kingdom, Canada, Benin, Netherlands",observed: artist's own Nigerian share of listeners this quarter | Chartmetric + Soundcharts (observed); see 02_Methodology
Q2_2021,Waje,7286.63,12.9439,943.17,87.0561,6343.46,9515190.0,"United States, United Kingdom, Canada, Netherlands, Kenya",observed: artist's own Nigerian share of listeners this quarter | Chartmetric + Soundcharts (observed); see 02_Methodology
Q2_2021,Sean Tizzle,7245.78,8.1197,588.34,91.8803,6657.45,9986175.0,"United States, United Kingdom, Netherlands, Canada, Germany",observed: artist's own Nigerian share of listeners this quarter | Chartmetric + Soundcharts (observed); see 02_Methodology
Q2_2021,Darey,7149.73,13.2103,944.5,86.7897,6205.23,9307845.0,"United States, Italy, Tanzania, Cameroon, Canada",observed: artist's own Nigerian share of listeners this quarter | Chartmetric + Soundcharts (observed); see 02_Methodology
Q2_2021,9ice,6720.12,16.0847,1080.91,83.9153,5639.2,8458800.0,"United States, United Kingdom, Canada, Ghana, Ireland",observed: artist's own Nigerian share of listeners this quarter | Chartmetric + Soundcharts (observed); see 02_Methodology
Q2_2021,Mr Real,6624.01,8.0131,530.79,91.9869,6093.22,9139830.0,"United States, United Kingdom, Canada, France, Netherlands",observed: artist's own Nigerian share of listeners this quarter | Chartmetric + Soundcharts (observed); see 02_Methodology
Q2_2021,Lil Kesh,6031.65,11.1543,672.79,88.8457,5358.86,8038290.0,"United States, United Kingdom, Canada, Netherlands, Ghana",observed: artist's own Nigerian share of listeners this quarter | Chartmetric + Soundcharts (observed); see 02_Methodology
Q2_2021,Praiz,5998.7,1.338,80.27,98.662,5918.44,8877660.0,"Sweden, Netherlands, United States, Germany, United Kingdom",observed: artist's own Nigerian share of listeners this quarter | Chartmetric + Soundcharts (observed); see 02_Methodology
Q2_2021,Mannywellz,5402.54,2.025,109.4,97.975,5293.14,7939710.0,"United States, South Africa, Canada, United Kingdom, Australia",observed: artist's own Nigerian share of listeners this quarter | Chartmetric + Soundcharts (observed); see 02_Methodology
Q2_2021,Bad Boy Timz,5387.15,26.1854,1410.65,73.8146,3976.5,5964750.0,"United States, United Kingdom, Canada, Benin, Ghana",observed: artist's own Nigerian share of listeners this quarter | Chartmetric + Soundcharts (observed); see 02_Methodology
Q2_2021,Lady Donli,4969.33,2.1035,104.53,97.8965,4864.79,7297185.0,"Brazil, United States, United Kingdom, Netherlands, Germany",observed: artist's own Nigerian share of listeners this quarter | Chartmetric + Soundcharts (observed); see 02_Methodology
Q2_2021,Young Jonn,4704.02,8.1354,382.69,91.8646,4321.33,6481995.0,"United States, United Kingdom, Canada, Netherlands, Ghana",observed: artist's own Nigerian share of listeners this quarter | Chartmetric + Soundcharts (observed); see 02_Methodology
Q2_2021,Johnny Drille,4540.34,9.0596,411.34,90.9404,4129.01,6193515.0,"United States, Kenya, Australia, Canada, United Kingdom",observed: artist's own Nigerian share of listeners this quarter | Chartmetric + Soundcharts (observed); see 02_Methodology
Q2_2021,Duncan Mighty,4462.39,9.5966,428.24,90.4034,4034.15,6051225.0,"United States, United Kingdom, Netherlands, Sweden, Canada",observed: artist's own Nigerian share of listeners this quarter | Chartmetric + Soundcharts (observed); see 02_Methodology
Q2_2021,Small Doctor,4302.72,33.6418,1447.51,66.3582,2855.21,4282815.0,"United States, United Kingdom, Canada, Ghana, Ireland",observed: artist's own Nigerian share of listeners this quarter | Chartmetric + Soundcharts (observed); see 02_Methodology
Q2_2021,HarrySong,3741.13,4.2771,160.01,95.7229,3581.12,5371680.0,"United States, Kenya, United Kingdom, Italy, United Arab Emirates",observed: artist's own Nigerian share of listeners this quarter | Chartmetric + Soundcharts (observed); see 02_Methodology
Q2_2021,Prettyboy D-O,3663.73,10.6332,389.57,89.3668,3274.16,4911240.0,"United States, United Kingdom, Canada, France, Netherlands",observed: artist's own Nigerian share of listeners this quarter | Chartmetric + Soundcharts (observed); see 02_Methodology
Q2_2021,Vector,3512.42,32.0853,1126.97,67.9147,2385.45,3578175.0,"United States, United Kingdom, Canada, Ghana, Kenya",observed: artist's own Nigerian share of listeners this quarter | Chartmetric + Soundcharts (observed); see 02_Methodology
Q2_2021,Dremo,2674.8,18.0638,483.17,81.9362,2191.63,3287445.0,"United States, United Kingdom, Canada, Netherlands, Ghana",observed: artist's own Nigerian share of listeners this quarter | Chartmetric + Soundcharts (observed); see 02_Methodology
Q2_2021,King Sunny Ade,2183.35,6.1212,133.65,93.8788,2049.7,3074550.0,"United States, United Kingdom, Canada, Ireland, Australia",observed: artist's own Nigerian share of listeners this quarter | Chartmetric + Soundcharts (observed); see 02_Methodology
Q2_2021,Naeto C,2045.47,5.7116,116.83,94.2884,1928.64,2892960.0,"United States, United Kingdom, Canada, Netherlands, South Africa",observed: artist's own Nigerian share of listeners this quarter | Chartmetric + Soundcharts (observed); see 02_Methodology
Q2_2021,Pheelz,1820.76,10.0617,183.2,89.9383,1637.56,2456340.0,"United States, United Kingdom, Canada, Netherlands, Kenya",observed: artist's own Nigerian share of listeners this quarter | Chartmetric + Soundcharts (observed); see 02_Methodology
Q2_2021,Sound Sultan,1640.34,12.2715,201.29,87.7285,1439.04,2158560.0,"United States, Canada, United Kingdom, Netherlands, Sweden",observed: artist's own Nigerian share of listeners this quarter | Chartmetric + Soundcharts (observed); see 02_Methodology
Q2_2021,Terry Apala,1638.48,9.4318,154.54,90.5682,1483.95,2225925.0,"United States, United Kingdom, Canada, Ghana, Netherlands",observed: artist's own Nigerian share of listeners this quarter | Chartmetric + Soundcharts (observed); see 02_Methodology
Q2_2021,Jesse Jagz,1430.96,25.1339,359.66,74.8661,1071.3,1606950.0,"United States, United Kingdom, Canada, Netherlands, Ghana",observed: artist's own Nigerian share of listeners this quarter | Chartmetric + Soundcharts (observed); see 02_Methodology
Q2_2021,Asake,1397.95,24.2827,339.46,75.7173,1058.49,1587735.0,"United States, United Kingdom, Canada, Ghana, Netherlands",observed: artist's own Nigerian share of listeners this quarter | Chartmetric + Soundcharts (observed); see 02_Methodology
Q2_2021,Lyta,1306.08,26.8428,350.59,73.1572,955.49,1433235.0,"United States, United Kingdom, Canada, Ghana, Netherlands",observed: artist's own Nigerian share of listeners this quarter | Chartmetric + Soundcharts (observed); see 02_Methodology
Q2_2021,Olu Maintain,1069.8,12.181,130.31,87.819,939.49,1409235.0,"United Kingdom, United States, Canada, Ghana, Ireland",observed: artist's own Nigerian share of listeners this quarter | Chartmetric + Soundcharts (observed); see 02_Methodology
Q2_2021,CDQ,859.12,10.9001,93.64,89.0999,765.47,1148205.0,"United States, United Kingdom, Canada, France, Netherlands",observed: artist's own Nigerian share of listeners this quarter | Chartmetric + Soundcharts (observed); see 02_Methodology
Q2_2021,Lagbaja,659.81,2.4978,16.48,97.5022,643.33,964995.0,,assumed: portfolio-wide ratio applied to an artist without own geography | Chartmetric + Soundcharts (observed); see 02_Methodology
Q2_2021,Dammy Krane,646.87,7.4765,48.36,92.5235,598.51,897765.0,"United States, United Kingdom, Canada, Netherlands, France",observed: artist's own Nigerian share of listeners this quarter | Chartmetric + Soundcharts (observed); see 02_Methodology
Q2_2021,Seyi Vibez,641.07,47.5477,304.81,52.4523,336.26,504390.0,"United States, United Kingdom, Canada, Ghana, South Africa",observed: artist's own Nigerian share of listeners this quarter | Chartmetric + Soundcharts (observed); see 02_Methodology
Q2_2021,Victony,597.93,39.2537,234.71,60.7463,363.22,544830.0,"United States, United Kingdom, Canada, Ghana, Netherlands",observed: artist's own Nigerian share of listeners this quarter | Chartmetric + Soundcharts (observed); see 02_Methodology
Q2_2021,Illbliss,595.65,9.3897,55.93,90.6103,539.72,809580.0,"United States, United Kingdom, Canada, France, Netherlands",observed: artist's own Nigerian share of listeners this quarter | Chartmetric + Soundcharts (observed); see 02_Methodology
Q2_2021,Yung6ix,562.82,14.0448,79.05,85.9552,483.78,725670.0,"United States, United Kingdom, Canada, Netherlands, Sweden",observed: artist's own Nigerian share of listeners this quarter | Chartmetric + Soundcharts (observed); see 02_Methodology
Q2_2021,Eldee,536.89,27.5231,147.77,72.4769,389.12,583680.0,"United States, United Kingdom, Canada, Netherlands, Ireland",observed: artist's own Nigerian share of listeners this quarter | Chartmetric + Soundcharts (observed); see 02_Methodology
Q2_2021,Spyro,233.47,7.8898,18.42,92.1102,215.05,322575.0,"United States, United Kingdom, Canada, France, Netherlands",observed: artist's own Nigerian share of listeners this quarter | Chartmetric + Soundcharts (observed); see 02_Methodology
Q2_2021,Sauce Kid,133.02,17.6995,23.54,82.3005,109.48,164220.0,"United States, Canada, United Kingdom, Ireland, South Africa",observed: artist's own Nigerian share of listeners this quarter | Chartmetric + Soundcharts (observed); see 02_Methodology
Q2_2021,ODUMODUBLVCK,123.7,52.1538,64.51,47.8462,59.19,88785.0,"Ghana, United States, United Kingdom, Australia, Kenya",observed: artist's own Nigerian share of listeners this quarter | Chartmetric + Soundcharts (observed); see 02_Methodology
Q2_2021,Ebenezer Obey,106.34,2.4978,2.66,97.5022,103.69,155535.0,,assumed: portfolio-wide ratio applied to an artist without own geography | Chartmetric + Soundcharts (observed); see 02_Methodology
Q2_2021,Oritsefemi,26.21,25.0,6.55,75.0,19.66,29490.0,"United States, United Kingdom, South Africa, Japan, Guyana",observed: artist's own Nigerian share of listeners this quarter | Chartmetric + Soundcharts (observed); see 02_Methodology
Q2_2021,Libianca,5.34,1.0526,0.06,98.9474,5.29,7935.0,"United States, Chile, Türkiye, Switzerland, France",observed: artist's own Nigerian share of listeners this quarter | Chartmetric + Soundcharts (observed); see 02_Methodology
Q2_2021,Magixx,1.56,12.0,0.19,88.0,1.38,2070.0,"Canada, United Kingdom, Sweden, United States, Spain",observed: artist's own Nigerian share of listeners this quarter | Chartmetric + Soundcharts (observed); see 02_Methodology
Q2_2021,DJ Spinall,1.2,4.5455,0.05,95.4545,1.15,1725.0,"United Kingdom, United States, Germany, United Arab Emirates, Oman",observed: artist's own Nigerian share of listeners this quarter | Chartmetric + Soundcharts (observed); see 02_Methodology
Q2_2021,Odunsi,0.26,2.4978,0.01,97.5022,0.26,390.0,,assumed: portfolio-wide ratio applied to an artist without own geography | Chartmetric + Soundcharts (observed); see 02_Methodology
Q2_2021,=== PERIOD TOTAL ===,6943010.28,,210913.53,,6732096.83,10098145245.0,,Aggregated
Q3_2021,Tems,841882.95,0.5695,4794.39,99.4305,837088.56,1255632840.0,"United States, United Kingdom, Canada, Australia, Netherlands",observed: artist's own Nigerian share of listeners this quarter | Chartmetric + Soundcharts (observed); see 02_Methodology
Q3_2021,Wizkid,832248.43,0.9459,7872.52,99.0541,824375.91,1236563865.0,"United States, Côte D’Ivoire, United Kingdom, France, South Africa",observed: artist's own Nigerian share of listeners this quarter | Chartmetric + Soundcharts (observed); see 02_Methodology
Q3_2021,Burna Boy,829100.66,0.7882,6534.78,99.2118,822565.88,1233848820.0,"United States, France, United Kingdom, Kenya, South Africa",observed: artist's own Nigerian share of listeners this quarter | Chartmetric + Soundcharts (observed); see 02_Methodology
Q3_2021,CKay,809121.85,0.364,2945.12,99.636,806176.73,1209265095.0,"Netherlands, Germany, India, France, United Kingdom",observed: artist's own Nigerian share of listeners this quarter | Chartmetric + Soundcharts (observed); see 02_Methodology
Q3_2021,Davido,567434.61,2.5782,14629.79,97.4218,552804.82,829207230.0,"United States, Cameroon, United Kingdom, Congo - Kinshasa, Netherlands",observed: artist's own Nigerian share of listeners this quarter | Chartmetric + Soundcharts (observed); see 02_Methodology
Q3_2021,Mr Eazi,395918.05,0.595,2355.83,99.405,393562.22,590343330.0,"Côte D’Ivoire, United States, United Kingdom, Guatemala, France",observed: artist's own Nigerian share of listeners this quarter | Chartmetric + Soundcharts (observed); see 02_Methodology
Q3_2021,Flavour,321452.14,1.7467,5614.88,98.2533,315837.25,473755875.0,"Kenya, Ghana, South Africa, Belgium, Tanzania",observed: artist's own Nigerian share of listeners this quarter | Chartmetric + Soundcharts (observed); see 02_Methodology
Q3_2021,Rema,296160.72,1.9375,5737.97,98.0625,290422.76,435634140.0,"Netherlands, United Kingdom, Spain, United States, France",observed: artist's own Nigerian share of listeners this quarter | Chartmetric + Soundcharts (observed); see 02_Methodology
Q3_2021,Darkoo,266847.91,2.8861,7701.48,97.1139,259146.43,388719645.0,"United Kingdom, Australia, Netherlands, Germany, United States",assumed: portfolio-wide ratio applied to an artist without own geography | Chartmetric + Soundcharts (observed); see 02_Methodology
Q3_2021,Olamide,220806.6,4.8654,10743.11,95.1346,210063.5,315095250.0,"Côte D’Ivoire, United States, Kenya, France, United Kingdom",observed: artist's own Nigerian share of listeners this quarter | Chartmetric + Soundcharts (observed); see 02_Methodology
Q3_2021,Tiwa Savage,204086.33,4.6081,9404.4,95.3919,194681.93,292022895.0,"United States, United Kingdom, Kenya, France, South Africa",observed: artist's own Nigerian share of listeners this quarter | Chartmetric + Soundcharts (observed); see 02_Methodology
Q3_2021,Patoranking,199188.85,5.4465,10848.85,94.5535,188340.0,282510000.0,"United States, Kenya, United Kingdom, France, South Africa",observed: artist's own Nigerian share of listeners this quarter | Chartmetric + Soundcharts (observed); see 02_Methodology
Q3_2021,Kizz Daniel,193331.19,4.3647,8438.32,95.6353,184892.87,277339305.0,"Germany, Netherlands, United Arab Emirates, United States, France",observed: artist's own Nigerian share of listeners this quarter | Chartmetric + Soundcharts (observed); see 02_Methodology
Q3_2021,Omah Lay,178055.45,5.1299,9134.05,94.8701,168921.39,253382085.0,"Netherlands, United States, Germany, United Kingdom, France",observed: artist's own Nigerian share of listeners this quarter | Chartmetric + Soundcharts (observed); see 02_Methodology
Q3_2021,Fireboy DML,158865.14,6.6052,10493.42,93.3948,148371.72,222557580.0,"United States, United Kingdom, Netherlands, France, Canada",observed: artist's own Nigerian share of listeners this quarter | Chartmetric + Soundcharts (observed); see 02_Methodology
Q3_2021,Maleek Berry,133332.92,1.074,1432.04,98.926,131900.88,197851320.0,"United States, United Kingdom, France, Israel, Kenya",observed: artist's own Nigerian share of listeners this quarter | Chartmetric + Soundcharts (observed); see 02_Methodology
Q3_2021,Yemi Alade,127751.88,0.964,1231.58,99.036,126520.3,189780450.0,"Côte D’Ivoire, United States, Congo - Kinshasa, France, Gambia",observed: artist's own Nigerian share of listeners this quarter | Chartmetric + Soundcharts (observed); see 02_Methodology
Q3_2021,Naira Marley,122776.65,12.261,15053.62,87.739,107723.03,161584545.0,"United Kingdom, United States, Netherlands, Canada, Ghana",observed: artist's own Nigerian share of listeners this quarter | Chartmetric + Soundcharts (observed); see 02_Methodology
Q3_2021,Timaya,104528.4,4.1123,4298.49,95.8877,100229.91,150344865.0,"United States, Italy, United Kingdom, United Arab Emirates, Germany",observed: artist's own Nigerian share of listeners this quarter | Chartmetric + Soundcharts (observed); see 02_Methodology
Q3_2021,Teni,102484.59,9.6922,9933.03,90.3078,92551.55,138827325.0,"United States, United Kingdom, Netherlands, Italy, Canada",observed: artist's own Nigerian share of listeners this quarter | Chartmetric + Soundcharts (observed); see 02_Methodology
Q3_2021,Adekunle Gold,91453.79,5.6859,5199.99,94.3141,86253.8,129380700.0,"United States, Tanzania, United Kingdom, Netherlands, United Arab Emirates",observed: artist's own Nigerian share of listeners this quarter | Chartmetric + Soundcharts (observed); see 02_Methodology
Q3_2021,Joeboy,91078.34,7.5153,6844.79,92.4847,84233.55,126350325.0,"United States, Netherlands, United Kingdom, France, Canada",observed: artist's own Nigerian share of listeners this quarter | Chartmetric + Soundcharts (observed); see 02_Methodology
Q3_2021,Olakira,86059.43,1.9053,1639.66,98.0947,84419.77,126629655.0,"Netherlands, United States, United Kingdom, Canada, France",observed: artist's own Nigerian share of listeners this quarter | Chartmetric + Soundcharts (observed); see 02_Methodology
Q3_2021,P-Square,84930.82,1.8973,1611.37,98.1027,83319.46,124979190.0,"United States, France, Kenya, South Africa, United Kingdom",observed: artist's own Nigerian share of listeners this quarter | Chartmetric + Soundcharts (observed); see 02_Methodology
Q3_2021,Falz,68395.18,11.1394,7618.81,88.8606,60776.37,91164555.0,"United States, United Kingdom, Canada, France, Netherlands",observed: artist's own Nigerian share of listeners this quarter | Chartmetric + Soundcharts (observed); see 02_Methodology
Q3_2021,Banky W.,63905.2,8.3142,5313.19,91.6858,58592.01,87888015.0,"United States, Kenya, United Kingdom, Zambia, Ghana",observed: artist's own Nigerian share of listeners this quarter | Chartmetric + Soundcharts (observed); see 02_Methodology
Q3_2021,Reekado Banks,60141.71,6.254,3761.29,93.746,56380.42,84570630.0,"Kenya, United States, United Kingdom, France, Tanzania",observed: artist's own Nigerian share of listeners this quarter | Chartmetric + Soundcharts (observed); see 02_Methodology
Q3_2021,Tekno,59692.44,1.7949,1071.45,98.2051,58621.0,87931500.0,"United States, Netherlands, United Kingdom, Germany, Canada",observed: artist's own Nigerian share of listeners this quarter | Chartmetric + Soundcharts (observed); see 02_Methodology
Q3_2021,Chike,58650.38,11.2413,6593.05,88.7587,52057.33,78085995.0,"United States, Kenya, United Kingdom, Canada, Ghana",observed: artist's own Nigerian share of listeners this quarter | Chartmetric + Soundcharts (observed); see 02_Methodology
Q3_2021,Boj,57868.46,2.1758,1259.08,97.8242,56609.38,84914070.0,"United Kingdom, United States, Netherlands, Australia, Canada",observed: artist's own Nigerian share of listeners this quarter | Chartmetric + Soundcharts (observed); see 02_Methodology
Q3_2021,BNXN,54216.84,11.5244,6248.17,88.4756,47968.67,71953005.0,"United States, United Kingdom, Netherlands, Canada, France",observed: artist's own Nigerian share of listeners this quarter | Chartmetric + Soundcharts (observed); see 02_Methodology
Q3_2021,2Baba,53487.95,10.483,5607.15,89.517,47880.81,71821215.0,"United States, United Kingdom, Italy, Australia, United Arab Emirates",observed: artist's own Nigerian share of listeners this quarter | Chartmetric + Soundcharts (observed); see 02_Methodology
Q3_2021,Amaarae,49590.36,1.9012,942.82,98.0988,48647.53,72971295.0,"United States, United Kingdom, Canada, France, Australia",observed: artist's own Nigerian share of listeners this quarter | Chartmetric + Soundcharts (observed); see 02_Methodology
Q3_2021,Niniola,47957.16,4.5015,2158.8,95.4985,45798.35,68697525.0,"United States, Netherlands, South Africa, United Kingdom, Canada",observed: artist's own Nigerian share of listeners this quarter | Chartmetric + Soundcharts (observed); see 02_Methodology
Q3_2021,Korede Bello,44833.75,1.5219,682.33,98.4781,44151.41,66227115.0,"Côte D’Ivoire, United States, Kenya, France, United Kingdom",observed: artist's own Nigerian share of listeners this quarter | Chartmetric + Soundcharts (observed); see 02_Methodology
Q3_2021,Fela Kuti,41171.65,0.8672,357.02,99.1328,40814.63,61221945.0,"United States, United Kingdom, France, South Africa, Italy",observed: artist's own Nigerian share of listeners this quarter | Chartmetric + Soundcharts (observed); see 02_Methodology
Q3_2021,Oxlade,40122.78,9.8511,3952.53,90.1489,36170.25,54255375.0,"United States, United Kingdom, Netherlands, South Africa, Canada",observed: artist's own Nigerian share of listeners this quarter | Chartmetric + Soundcharts (observed); see 02_Methodology
Q3_2021,Mayorkun,38706.82,11.8749,4596.41,88.1251,34110.41,51165615.0,"United States, United Kingdom, Canada, Netherlands, France",observed: artist's own Nigerian share of listeners this quarter | Chartmetric + Soundcharts (observed); see 02_Methodology
Q3_2021,Wande Coal,38358.06,8.3194,3191.15,91.6806,35166.92,52750380.0,"United States, United Kingdom, France, Kenya, Canada",observed: artist's own Nigerian share of listeners this quarter | Chartmetric + Soundcharts (observed); see 02_Methodology
Q3_2021,Iyanya,38075.12,6.0698,2311.08,93.9302,35764.04,53646060.0,"United States, France, United Kingdom, Italy, Canada",observed: artist's own Nigerian share of listeners this quarter | Chartmetric + Soundcharts (observed); see 02_Methodology
Q3_2021,DJ Neptune,34851.75,7.8895,2749.63,92.1105,32102.12,48153180.0,"United States, Netherlands, United Kingdom, Canada, France",observed: artist's own Nigerian share of listeners this quarter | Chartmetric + Soundcharts (observed); see 02_Methodology
Q3_2021,Ice Prince,34377.79,7.1466,2456.84,92.8534,31920.95,47881425.0,"United States, United Kingdom, South Africa, Kenya, Ghana",observed: artist's own Nigerian share of listeners this quarter | Chartmetric + Soundcharts (observed); see 02_Methodology
Q3_2021,Sarz,34259.33,11.6109,3977.83,88.3891,30281.51,45422265.0,"United States, Netherlands, United Kingdom, Canada, Kenya",observed: artist's own Nigerian share of listeners this quarter | Chartmetric + Soundcharts (observed); see 02_Methodology
Q3_2021,Simi,33265.22,6.8682,2284.72,93.1318,30980.5,46470750.0,"Cameroon, Italy, United States, United Kingdom, Netherlands",observed: artist's own Nigerian share of listeners this quarter | Chartmetric + Soundcharts (observed); see 02_Methodology
Q3_2021,LADIPOE,33081.11,10.7597,3559.43,89.2403,29521.67,44282505.0,"United States, United Kingdom, Canada, Netherlands, France",observed: artist's own Nigerian share of listeners this quarter | Chartmetric + Soundcharts (observed); see 02_Methodology
Q3_2021,Ycee,32574.76,3.4067,1109.74,96.5933,31465.02,47197530.0,"Tanzania, United States, United Kingdom, Netherlands, Germany",observed: artist's own Nigerian share of listeners this quarter | Chartmetric + Soundcharts (observed); see 02_Methodology
Q3_2021,Ayra Starr,31081.31,19.4615,6048.89,80.5385,25032.42,37548630.0,"Benin, United States, United Kingdom, Canada, Netherlands",observed: artist's own Nigerian share of listeners this quarter | Chartmetric + Soundcharts (observed); see 02_Methodology
Q3_2021,Aṣa,30050.19,2.7981,840.82,97.2019,29209.37,43814055.0,"France, Germany, Brazil, Spain, Netherlands",observed: artist's own Nigerian share of listeners this quarter | Chartmetric + Soundcharts (observed); see 02_Methodology
Q3_2021,Ric Hassani,26414.19,1.7335,457.89,98.2665,25956.3,38934450.0,"Netherlands, Germany, France, Kenya, Canada",observed: artist's own Nigerian share of listeners this quarter | Chartmetric + Soundcharts (observed); see 02_Methodology
Q3_2021,WurlD,24085.05,6.0541,1458.13,93.9459,22626.92,33940380.0,"United States, Netherlands, Canada, United Kingdom, Germany",observed: artist's own Nigerian share of listeners this quarter | Chartmetric + Soundcharts (observed); see 02_Methodology
Q3_2021,Ruger,22972.6,14.9339,3430.71,85.0661,19541.89,29312835.0,"United States, United Kingdom, Kenya, Canada, France",observed: artist's own Nigerian share of listeners this quarter | Chartmetric + Soundcharts (observed); see 02_Methodology
Q3_2021,Phyno,22152.22,19.4286,4303.88,80.5714,17848.35,26772525.0,"United States, United Kingdom, Italy, United Arab Emirates, Germany",observed: artist's own Nigerian share of listeners this quarter | Chartmetric + Soundcharts (observed); see 02_Methodology
Q3_2021,D'banj,21629.28,4.5801,990.65,95.4199,20638.63,30957945.0,"United States, United Kingdom, South Africa, Romania, France",observed: artist's own Nigerian share of listeners this quarter | Chartmetric + Soundcharts (observed); see 02_Methodology
Q3_2021,Seyi Shay,21418.09,3.8023,814.37,96.1977,20603.72,30905580.0,"United States, United Kingdom, Australia, Canada, Netherlands",observed: artist's own Nigerian share of listeners this quarter | Chartmetric + Soundcharts (observed); see 02_Methodology
Q3_2021,Lojay,21339.15,16.7665,3577.83,83.2335,17761.33,26641995.0,"United States, United Kingdom, Netherlands, Canada, Kenya",observed: artist's own Nigerian share of listeners this quarter | Chartmetric + Soundcharts (observed); see 02_Methodology
Q3_2021,Tay Iwar,20582.94,3.8484,792.12,96.1516,19790.83,29686245.0,"United States, United Kingdom, Netherlands, Canada, Australia",observed: artist's own Nigerian share of listeners this quarter | Chartmetric + Soundcharts (observed); see 02_Methodology
Q3_2021,Zlatan,20451.82,12.1604,2487.02,87.8396,17964.8,26947200.0,"United States, United Kingdom, Canada, Netherlands, Ghana",observed: artist's own Nigerian share of listeners this quarter | Chartmetric + Soundcharts (observed); see 02_Methodology
Q3_2021,Rude Boy,20062.43,2.8861,579.02,97.1139,19483.41,29225115.0,"Mexico, Spain, Peru, Chile, Vietnam",assumed: portfolio-wide ratio applied to an artist without own geography | Chartmetric + Soundcharts (observed); see 02_Methodology
Q3_2021,Bracket,19885.51,0.9935,197.56,99.0065,19687.95,29531925.0,"Netherlands, France, Italy, Spain, United States",observed: artist's own Nigerian share of listeners this quarter | Chartmetric + Soundcharts (observed); see 02_Methodology
Q3_2021,Odunsi (The Engine),19743.1,2.4708,487.81,97.5292,19255.29,28882935.0,"United States, United Kingdom, Canada, Netherlands, Australia",observed: artist's own Nigerian share of listeners this quarter | Chartmetric + Soundcharts (observed); see 02_Methodology
Q3_2021,Nonso Amadi,19076.81,5.533,1055.51,94.467,18021.3,27031950.0,"United States, Canada, United Kingdom, Netherlands, Kenya",observed: artist's own Nigerian share of listeners this quarter | Chartmetric + Soundcharts (observed); see 02_Methodology
Q3_2021,Terri,17881.39,7.2005,1287.54,92.7995,16593.84,24890760.0,"Netherlands, Tanzania, United States, United Arab Emirates, Benin",observed: artist's own Nigerian share of listeners this quarter | Chartmetric + Soundcharts (observed); see 02_Methodology
Q3_2021,Cruel Santino,17851.07,2.6634,475.44,97.3366,17375.63,26063445.0,"United States, United Kingdom, Canada, Netherlands, France",observed: artist's own Nigerian share of listeners this quarter | Chartmetric + Soundcharts (observed); see 02_Methodology
Q3_2021,Bella Shmurda,14358.28,24.4348,3508.42,75.5652,10849.86,16274790.0,"United States, Tanzania, United Kingdom, Benin, Canada",observed: artist's own Nigerian share of listeners this quarter | Chartmetric + Soundcharts (observed); see 02_Methodology
Q3_2021,Mohbad,14155.38,19.3518,2739.32,80.6482,11416.06,17124090.0,"United States, United Kingdom, Netherlands, Canada, Ghana",observed: artist's own Nigerian share of listeners this quarter | Chartmetric + Soundcharts (observed); see 02_Methodology
Q3_2021,Ajebutter22,14101.38,7.109,1002.47,92.891,13098.91,19648365.0,"United States, United Kingdom, Netherlands, Canada, France",observed: artist's own Nigerian share of listeners this quarter | Chartmetric + Soundcharts (observed); see 02_Methodology
Q3_2021,Peruzzi,13124.17,18.1153,2377.49,81.8847,10746.68,16120020.0,"United States, Italy, United Kingdom, Canada, Netherlands",observed: artist's own Nigerian share of listeners this quarter | Chartmetric + Soundcharts (observed); see 02_Methodology
Q3_2021,Blaqbonez,12397.72,16.6743,2067.24,83.3257,10330.49,15495735.0,"United States, United Kingdom, Canada, Netherlands, Ghana",observed: artist's own Nigerian share of listeners this quarter | Chartmetric + Soundcharts (observed); see 02_Methodology
Q3_2021,Reminisce,11854.63,16.3977,1943.89,83.6023,9910.74,14866110.0,"United States, United Kingdom, Canada, Netherlands, Ghana",observed: artist's own Nigerian share of listeners this quarter | Chartmetric + Soundcharts (observed); see 02_Methodology
Q3_2021,Zinoleesky,11579.49,22.6151,2618.71,77.3849,8960.78,13441170.0,"United States, United Kingdom, Benin, Italy, Canada",observed: artist's own Nigerian share of listeners this quarter | Chartmetric + Soundcharts (observed); see 02_Methodology
Q3_2021,Crayon,10961.61,8.2618,905.63,91.7382,10055.98,15083970.0,"United States, Netherlands, United Kingdom, Canada, France",observed: artist's own Nigerian share of listeners this quarter | Chartmetric + Soundcharts (observed); see 02_Methodology
Q3_2021,Show Dem Camp,10378.04,11.9254,1237.62,88.0746,9140.42,13710630.0,"United States, United Kingdom, Canada, Netherlands, France",observed: artist's own Nigerian share of listeners this quarter | Chartmetric + Soundcharts (observed); see 02_Methodology
Q3_2021,Skiibii,9795.43,1.8586,182.06,98.1414,9613.37,14420055.0,"Netherlands, United States, Germany, France, United Kingdom",observed: artist's own Nigerian share of listeners this quarter | Chartmetric + Soundcharts (observed); see 02_Methodology
Q3_2021,Solidstar,9608.37,4.277,410.95,95.723,9197.42,13796130.0,"United States, Netherlands, Canada, United Kingdom, Colombia",observed: artist's own Nigerian share of listeners this quarter | Chartmetric + Soundcharts (observed); see 02_Methodology
Q3_2021,Brymo,9413.41,24.9724,2350.75,75.0276,7062.65,10593975.0,"United States, United Kingdom, Canada, Ghana, Netherlands",observed: artist's own Nigerian share of listeners this quarter | Chartmetric + Soundcharts (observed); see 02_Methodology
Q3_2021,Dice Ailes,8236.05,13.3831,1102.24,86.6169,7133.82,10700730.0,"United States, Benin, United Kingdom, Canada, Netherlands",observed: artist's own Nigerian share of listeners this quarter | Chartmetric + Soundcharts (observed); see 02_Methodology
Q3_2021,Darey,7969.91,17.7776,1416.86,82.2224,6553.06,9829590.0,"United States, Italy, Cameroon, Canada, United Kingdom",observed: artist's own Nigerian share of listeners this quarter | Chartmetric + Soundcharts (observed); see 02_Methodology
Q3_2021,Praiz,7343.48,1.5414,113.19,98.4586,7230.29,10845435.0,"Netherlands, United States, Germany, Sweden, Canada",observed: artist's own Nigerian share of listeners this quarter | Chartmetric + Soundcharts (observed); see 02_Methodology
Q3_2021,Waje,7272.26,12.9007,938.18,87.0993,6334.09,9501135.0,"United States, United Kingdom, Canada, Netherlands, Kenya",observed: artist's own Nigerian share of listeners this quarter | Chartmetric + Soundcharts (observed); see 02_Methodology
Q3_2021,Lil Kesh,7163.57,12.8211,918.45,87.1789,6245.13,9367695.0,"United States, United Kingdom, Canada, Netherlands, Ghana",observed: artist's own Nigerian share of listeners this quarter | Chartmetric + Soundcharts (observed); see 02_Methodology
Q3_2021,M.I. Abaga,7154.94,18.3336,1311.76,81.6664,5843.18,8764770.0,"United States, Canada, United Kingdom, Ghana, Netherlands",observed: artist's own Nigerian share of listeners this quarter | Chartmetric + Soundcharts (observed); see 02_Methodology
Q3_2021,9ice,7094.59,20.0491,1422.4,79.9509,5672.19,8508285.0,"United States, United Kingdom, Canada, Ghana, Netherlands",observed: artist's own Nigerian share of listeners this quarter | Chartmetric + Soundcharts (observed); see 02_Methodology
Q3_2021,Sean Tizzle,7067.32,8.9417,631.94,91.0583,6435.38,9653070.0,"United States, Netherlands, Canada, United Kingdom, Germany",observed: artist's own Nigerian share of listeners this quarter | Chartmetric + Soundcharts (observed); see 02_Methodology
Q3_2021,Mannywellz,6817.19,2.5687,175.11,97.4313,6642.08,9963120.0,"United States, Canada, South Africa, United Kingdom, Australia",observed: artist's own Nigerian share of listeners this quarter | Chartmetric + Soundcharts (observed); see 02_Methodology
Q3_2021,Lady Donli,6772.87,4.0059,271.31,95.9941,6501.56,9752340.0,"United States, Brazil, United Kingdom, Netherlands, Germany",observed: artist's own Nigerian share of listeners this quarter | Chartmetric + Soundcharts (observed); see 02_Methodology
Q3_2021,Johnny Drille,6570.61,20.3966,1340.18,79.6034,5230.43,7845645.0,"United States, Canada, United Kingdom, Kenya, Ghana",observed: artist's own Nigerian share of listeners this quarter | Chartmetric + Soundcharts (observed); see 02_Methodology
Q3_2021,Mr Real,6514.99,7.81,508.82,92.19,6006.17,9009255.0,"United States, United Kingdom, Canada, France, Netherlands",observed: artist's own Nigerian share of listeners this quarter | Chartmetric + Soundcharts (observed); see 02_Methodology
Q3_2021,Duncan Mighty,6163.94,10.7679,663.73,89.2321,5500.21,8250315.0,"United States, Netherlands, United Kingdom, Canada, Germany",observed: artist's own Nigerian share of listeners this quarter | Chartmetric + Soundcharts (observed); see 02_Methodology
Q3_2021,Vector,6162.63,24.1695,1489.48,75.8305,4673.15,7009725.0,"United States, United Kingdom, Kenya, Canada, Ghana",observed: artist's own Nigerian share of listeners this quarter | Chartmetric + Soundcharts (observed); see 02_Methodology
Q3_2021,Bad Boy Timz,5728.78,30.2077,1730.53,69.7923,3998.25,5997375.0,"United States, Ghana, United Arab Emirates, South Africa, Tanzania",observed: artist's own Nigerian share of listeners this quarter | Chartmetric + Soundcharts (observed); see 02_Methodology
Q3_2021,Prettyboy D-O,4895.14,9.3031,455.4,90.6969,4439.74,6659610.0,"United Kingdom, United States, Canada, France, Germany",observed: artist's own Nigerian share of listeners this quarter | Chartmetric + Soundcharts (observed); see 02_Methodology
Q3_2021,HarrySong,4876.61,6.4471,314.4,93.5529,4562.21,6843315.0,"United States, Kenya, United Kingdom, Italy, United Arab Emirates",observed: artist's own Nigerian share of listeners this quarter | Chartmetric + Soundcharts (observed); see 02_Methodology
Q3_2021,Young Jonn,4658.38,8.6449,402.71,91.3551,4255.66,6383490.0,"United States, United Kingdom, Canada, Netherlands, Ghana",observed: artist's own Nigerian share of listeners this quarter | Chartmetric + Soundcharts (observed); see 02_Methodology
Q3_2021,Small Doctor,4295.59,23.533,1010.88,76.467,3284.71,4927065.0,"United States, United Kingdom, Canada, Ghana, Ireland",observed: artist's own Nigerian share of listeners this quarter | Chartmetric + Soundcharts (observed); see 02_Methodology
Q3_2021,Dremo,4042.26,18.6981,755.82,81.3019,3286.44,4929660.0,"United States, United Kingdom, Canada, Ghana, Netherlands",observed: artist's own Nigerian share of listeners this quarter | Chartmetric + Soundcharts (observed); see 02_Methodology
Q3_2021,Sound Sultan,2933.42,15.4079,451.98,84.5921,2481.44,3722160.0,"United States, United Kingdom, Canada, Russia, Spain",observed: artist's own Nigerian share of listeners this quarter | Chartmetric + Soundcharts (observed); see 02_Methodology
Q3_2021,Victony,2756.23,20.8253,573.99,79.1747,2182.24,3273360.0,"United States, United Kingdom, Canada, Netherlands, Ghana",observed: artist's own Nigerian share of listeners this quarter | Chartmetric + Soundcharts (observed); see 02_Methodology
Q3_2021,Jesse Jagz,2520.36,15.7755,397.6,84.2245,2122.76,3184140.0,"United States, United Kingdom, Canada, Sweden, Netherlands",observed: artist's own Nigerian share of listeners this quarter | Chartmetric + Soundcharts (observed); see 02_Methodology
Q3_2021,King Sunny Ade,2168.74,11.4108,247.47,88.5892,1921.26,2881890.0,"United States, United Kingdom, Canada, Ireland, Australia",observed: artist's own Nigerian share of listeners this quarter | Chartmetric + Soundcharts (observed); see 02_Methodology
Q3_2021,Naeto C,2057.58,5.9798,123.04,94.0202,1934.54,2901810.0,"United States, United Kingdom, Canada, South Africa, Netherlands",observed: artist's own Nigerian share of listeners this quarter | Chartmetric + Soundcharts (observed); see 02_Methodology
Q3_2021,Lyta,1665.96,27.0852,451.23,72.9148,1214.73,1822095.0,"United States, United Kingdom, Canada, Ghana, Kenya",observed: artist's own Nigerian share of listeners this quarter | Chartmetric + Soundcharts (observed); see 02_Methodology
Q3_2021,Pheelz,1570.92,11.1646,175.39,88.8354,1395.53,2093295.0,"United States, United Kingdom, Canada, Netherlands, France",observed: artist's own Nigerian share of listeners this quarter | Chartmetric + Soundcharts (observed); see 02_Methodology
Q3_2021,CDQ,1486.55,16.3282,242.73,83.6718,1243.82,1865730.0,"United States, United Kingdom, Canada, Netherlands, France",observed: artist's own Nigerian share of listeners this quarter | Chartmetric + Soundcharts (observed); see 02_Methodology
Q3_2021,Olu Maintain,1299.94,15.463,201.01,84.537,1098.93,1648395.0,"United Kingdom, United States, Canada, Ghana, Netherlands",observed: artist's own Nigerian share of listeners this quarter | Chartmetric + Soundcharts (observed); see 02_Methodology
Q3_2021,Asake,1234.61,27.0418,333.86,72.9582,900.75,1351125.0,"United States, United Kingdom, Canada, Ghana, Netherlands",observed: artist's own Nigerian share of listeners this quarter | Chartmetric + Soundcharts (observed); see 02_Methodology
Q3_2021,Terry Apala,1189.14,23.1485,275.27,76.8515,913.88,1370820.0,"United States, South Africa, United Kingdom, Canada, Ghana",observed: artist's own Nigerian share of listeners this quarter | Chartmetric + Soundcharts (observed); see 02_Methodology
Q3_2021,Seyi Vibez,1047.54,57.7887,605.36,42.2113,442.18,663270.0,"United States, United Kingdom, Ghana, Canada, South Africa",observed: artist's own Nigerian share of listeners this quarter | Chartmetric + Soundcharts (observed); see 02_Methodology
Q3_2021,Illbliss,657.59,18.0185,118.49,81.9815,539.1,808650.0,"United States, Canada, United Kingdom, Germany, Ghana",observed: artist's own Nigerian share of listeners this quarter | Chartmetric + Soundcharts (observed); see 02_Methodology
Q3_2021,Lagbaja,655.56,2.8861,18.92,97.1139,636.64,954960.0,,assumed: portfolio-wide ratio applied to an artist without own geography | Chartmetric + Soundcharts (observed); see 02_Methodology
Q3_2021,Dammy Krane,606.49,9.9751,60.5,90.0249,545.99,818985.0,"United States, United Kingdom, Canada, Ghana, Netherlands",observed: artist's own Nigerian share of listeners this quarter | Chartmetric + Soundcharts (observed); see 02_Methodology
Q3_2021,Eldee,599.35,28.7907,172.56,71.2093,426.79,640185.0,"United States, United Kingdom, Canada, Netherlands, Ghana",observed: artist's own Nigerian share of listeners this quarter | Chartmetric + Soundcharts (observed); see 02_Methodology
Q3_2021,Yung6ix,533.31,17.8439,95.16,82.1561,438.15,657225.0,"United States, Canada, United Kingdom, Netherlands, Ghana",observed: artist's own Nigerian share of listeners this quarter | Chartmetric + Soundcharts (observed); see 02_Methodology
Q3_2021,Magixx,412.63,61.7352,254.74,38.2648,157.89,236835.0,"United States, Ghana, United Kingdom, Canada, Netherlands",observed: artist's own Nigerian share of listeners this quarter | Chartmetric + Soundcharts (observed); see 02_Methodology
Q3_2021,Spyro,182.25,11.5843,21.11,88.4157,161.14,241710.0,"United States, United Kingdom, Canada, France, Netherlands",observed: artist's own Nigerian share of listeners this quarter | Chartmetric + Soundcharts (observed); see 02_Methodology
Q3_2021,ODUMODUBLVCK,137.72,81.2546,111.9,18.7454,25.82,38730.0,"United States, United Kingdom, Canada, Ghana, Netherlands",observed: artist's own Nigerian share of listeners this quarter | Chartmetric + Soundcharts (observed); see 02_Methodology
Q3_2021,Sauce Kid,112.65,21.6675,24.41,78.3325,88.25,132375.0,"United States, Canada, United Kingdom, Ghana, Netherlands",observed: artist's own Nigerian share of listeners this quarter | Chartmetric + Soundcharts (observed); see 02_Methodology
Q3_2021,Ebenezer Obey,109.13,2.8861,3.15,97.1139,105.98,158970.0,,assumed: portfolio-wide ratio applied to an artist without own geography | Chartmetric + Soundcharts (observed); see 02_Methodology
Q3_2021,Oritsefemi,26.36,66.6667,17.58,33.3333,8.79,13185.0,"United States, United Kingdom, Japan, Belgium",observed: artist's own Nigerian share of listeners this quarter | Chartmetric + Soundcharts (observed); see 02_Methodology
Q3_2021,Libianca,4.96,2.8861,0.14,97.1139,4.82,7230.0,"United States, Chile, Brazil, Türkiye, Switzerland",assumed: portfolio-wide ratio applied to an artist without own geography | Chartmetric + Soundcharts (observed); see 02_Methodology
Q3_2021,DJ Spinall,0.76,17.6471,0.13,82.3529,0.63,945.0,"United States, France, United Kingdom, United Arab Emirates, South Africa",observed: artist's own Nigerian share of listeners this quarter | Chartmetric + Soundcharts (observed); see 02_Methodology
Q3_2021,Odunsi,0.29,2.8861,0.01,97.1139,0.28,420.0,,assumed: portfolio-wide ratio applied to an artist without own geography | Chartmetric + Soundcharts (observed); see 02_Methodology
Q3_2021,=== PERIOD TOTAL ===,8947657.73,,308876.86,,8638780.94,12958171410.0,,Aggregated
Q4_2021,CKay,3068135.22,3.8801,119045.19,96.1199,2949090.02,4423635030.0,"India, Mexico, Netherlands, United States, Chile",assumed: portfolio-wide ratio applied to an artist without own geography | Chartmetric + Soundcharts (observed); see 02_Methodology
Q4_2021,Wizkid,1054656.71,1.9589,20659.94,98.0411,1033996.77,1550995155.0,"United States, United Kingdom, France, South Africa, Canada",observed: artist's own Nigerian share of listeners this quarter | Chartmetric + Soundcharts (observed); see 02_Methodology
Q4_2021,Burna Boy,882877.68,1.5678,13841.85,98.4322,869035.83,1303553745.0,"United States, France, United Kingdom, South Africa, Kenya",observed: artist's own Nigerian share of listeners this quarter | Chartmetric + Soundcharts (observed); see 02_Methodology
Q4_2021,Amaarae,669036.13,0.1311,876.83,99.8689,668159.31,1002238965.0,"United States, Mexico, Australia, India, Brazil",observed: artist's own Nigerian share of listeners this quarter | Chartmetric + Soundcharts (observed); see 02_Methodology
Q4_2021,Fireboy DML,466493.86,3.6345,16954.63,96.3655,449539.24,674308860.0,"United States, United Kingdom, Netherlands, Germany, Canada",observed: artist's own Nigerian share of listeners this quarter | Chartmetric + Soundcharts (observed); see 02_Methodology
Q4_2021,Tems,427650.72,1.7506,7486.48,98.2494,420164.24,630246360.0,"United States, United Kingdom, Australia, Netherlands, Canada",observed: artist's own Nigerian share of listeners this quarter | Chartmetric + Soundcharts (observed); see 02_Methodology
Q4_2021,Davido,416295.55,4.7682,19849.72,95.2318,396445.82,594668730.0,"Côte D’Ivoire, United States, Cameroon, Benin, United Kingdom",observed: artist's own Nigerian share of listeners this quarter | Chartmetric + Soundcharts (observed); see 02_Methodology
Q4_2021,Joeboy,339396.19,5.8934,20001.88,94.1066,319394.31,479091465.0,"United States, Netherlands, United Kingdom, France, Kenya",observed: artist's own Nigerian share of listeners this quarter | Chartmetric + Soundcharts (observed); see 02_Methodology
Q4_2021,Mr Eazi,339193.78,0.5847,1983.29,99.4153,337210.49,505815735.0,"Côte D’Ivoire, United States, Guatemala, United Kingdom, France",observed: artist's own Nigerian share of listeners this quarter | Chartmetric + Soundcharts (observed); see 02_Methodology
Q4_2021,Rema,297451.04,3.1179,9274.33,96.8821,288176.72,432265080.0,"Netherlands, Spain, United States, United Kingdom, France",observed: artist's own Nigerian share of listeners this quarter | Chartmetric + Soundcharts (observed); see 02_Methodology
Q4_2021,Omah Lay,275700.84,6.9725,19223.37,93.0275,256477.47,384716205.0,"Netherlands, United States, United Kingdom, Germany, Kenya",observed: artist's own Nigerian share of listeners this quarter | Chartmetric + Soundcharts (observed); see 02_Methodology
Q4_2021,Flavour,243189.74,13.0698,31784.34,86.9302,211405.39,317108085.0,"United States, Netherlands, United Kingdom, Canada, France",observed: artist's own Nigerian share of listeners this quarter | Chartmetric + Soundcharts (observed); see 02_Methodology
Q4_2021,Darkoo,231501.74,0.3933,910.45,99.6067,230591.29,345886935.0,"United Kingdom, Australia, Netherlands, Germany, United States",observed: artist's own Nigerian share of listeners this quarter | Chartmetric + Soundcharts (observed); see 02_Methodology
Q4_2021,Kizz Daniel,229922.2,7.3106,16808.61,92.6894,213113.59,319670385.0,"Germany, Netherlands, United States, France, United Kingdom",observed: artist's own Nigerian share of listeners this quarter | Chartmetric + Soundcharts (observed); see 02_Methodology
Q4_2021,Tiwa Savage,216789.67,4.4057,9551.13,95.5943,207238.54,310857810.0,"United States, United Kingdom, France, Kenya, Côte D’Ivoire",observed: artist's own Nigerian share of listeners this quarter | Chartmetric + Soundcharts (observed); see 02_Methodology
Q4_2021,Olamide,172215.77,6.0467,10413.36,93.9533,161802.41,242703615.0,"Côte D’Ivoire, United States, United Kingdom, France, Kenya",observed: artist's own Nigerian share of listeners this quarter | Chartmetric + Soundcharts (observed); see 02_Methodology
Q4_2021,Tekno,169800.03,2.3102,3922.73,97.6898,165877.3,248815950.0,"United States, Netherlands, United Kingdom, Germany, Canada",observed: artist's own Nigerian share of listeners this quarter | Chartmetric + Soundcharts (observed); see 02_Methodology
Q4_2021,Yemi Alade,155210.59,0.9181,1424.93,99.0819,153785.65,230678475.0,"United States, France, Côte D’Ivoire, Congo - Kinshasa, Brazil",observed: artist's own Nigerian share of listeners this quarter | Chartmetric + Soundcharts (observed); see 02_Methodology
Q4_2021,Ayra Starr,130929.47,11.2168,14686.03,88.7832,116243.44,174365160.0,"United States, United Kingdom, Kenya, Netherlands, South Africa",observed: artist's own Nigerian share of listeners this quarter | Chartmetric + Soundcharts (observed); see 02_Methodology
Q4_2021,Olakira,130617.49,2.1728,2838.08,97.8272,127779.41,191669115.0,"United States, Netherlands, Australia, United Kingdom, Canada",observed: artist's own Nigerian share of listeners this quarter | Chartmetric + Soundcharts (observed); see 02_Methodology
Q4_2021,Patoranking,129072.25,5.504,7104.19,94.496,121968.07,182952105.0,"United States, Kenya, United Kingdom, Côte D’Ivoire, France",observed: artist's own Nigerian share of listeners this quarter | Chartmetric + Soundcharts (observed); see 02_Methodology
Q4_2021,Maleek Berry,104315.15,1.5039,1568.84,98.4961,102746.31,154119465.0,"United States, France, United Kingdom, Germany, Netherlands",observed: artist's own Nigerian share of listeners this quarter | Chartmetric + Soundcharts (observed); see 02_Methodology
Q4_2021,Lojay,103925.43,11.9567,12426.08,88.0433,91499.34,137249010.0,"United States, United Kingdom, Kenya, Netherlands, Ghana",observed: artist's own Nigerian share of listeners this quarter | Chartmetric + Soundcharts (observed); see 02_Methodology
Q4_2021,BNXN,102668.54,11.2341,11533.94,88.7659,91134.61,136701915.0,"United States, United Kingdom, Netherlands, Canada, Kenya",observed: artist's own Nigerian share of listeners this quarter | Chartmetric + Soundcharts (observed); see 02_Methodology
Q4_2021,Naira Marley,100383.45,10.5864,10627.0,89.4136,89756.45,134634675.0,"United States, United Kingdom, Benin, Italy, Tanzania",observed: artist's own Nigerian share of listeners this quarter | Chartmetric + Soundcharts (observed); see 02_Methodology
Q4_2021,P-Square,96296.82,2.9834,2872.92,97.0166,93423.9,140135850.0,"France, United States, United Kingdom, South Africa, Germany",observed: artist's own Nigerian share of listeners this quarter | Chartmetric + Soundcharts (observed); see 02_Methodology
Q4_2021,Timaya,96011.41,12.6889,12182.82,87.3111,83828.59,125742885.0,"United States, Italy, United Kingdom, Germany, Kenya",observed: artist's own Nigerian share of listeners this quarter | Chartmetric + Soundcharts (observed); see 02_Methodology
Q4_2021,Adekunle Gold,95884.5,8.0107,7680.99,91.9893,88203.51,132305265.0,"United States, United Kingdom, Netherlands, Kenya, Canada",observed: artist's own Nigerian share of listeners this quarter | Chartmetric + Soundcharts (observed); see 02_Methodology
Q4_2021,Simi,94132.85,9.6158,9051.59,90.3842,85081.26,127621890.0,"Côte D’Ivoire, United States, United Kingdom, Kenya, Netherlands",observed: artist's own Nigerian share of listeners this quarter | Chartmetric + Soundcharts (observed); see 02_Methodology
Q4_2021,Ric Hassani,91338.17,2.0065,1832.71,97.9935,89505.46,134258190.0,"Netherlands, Germany, Kenya, United States, France",observed: artist's own Nigerian share of listeners this quarter | Chartmetric + Soundcharts (observed); see 02_Methodology
Q4_2021,Teni,83395.94,11.4819,9575.45,88.5181,73820.49,110730735.0,"United States, United Kingdom, Ghana, Netherlands, Canada",observed: artist's own Nigerian share of listeners this quarter | Chartmetric + Soundcharts (observed); see 02_Methodology
Q4_2021,Mayorkun,79447.15,18.9695,15070.73,81.0305,64376.42,96564630.0,"United States, Côte D’Ivoire, United Kingdom, Netherlands, Canada",observed: artist's own Nigerian share of listeners this quarter | Chartmetric + Soundcharts (observed); see 02_Methodology
Q4_2021,Reekado Banks,69131.23,19.6947,13615.18,80.3053,55516.05,83274075.0,"Côte D’Ivoire, United States, Kenya, United Kingdom, South Africa",observed: artist's own Nigerian share of listeners this quarter | Chartmetric + Soundcharts (observed); see 02_Methodology
Q4_2021,Chike,63362.95,11.5861,7341.28,88.4139,56021.67,84032505.0,"Kenya, United States, United Kingdom, Ghana, Canada",observed: artist's own Nigerian share of listeners this quarter | Chartmetric + Soundcharts (observed); see 02_Methodology
Q4_2021,Sarz,60794.3,10.2172,6211.5,89.7828,54582.8,81874200.0,"United States, United Kingdom, Netherlands, Kenya, Canada",observed: artist's own Nigerian share of listeners this quarter | Chartmetric + Soundcharts (observed); see 02_Methodology
Q4_2021,Oxlade,57860.09,8.5377,4939.94,91.4623,52920.15,79380225.0,"United States, United Kingdom, Netherlands, Ghana, Canada",observed: artist's own Nigerian share of listeners this quarter | Chartmetric + Soundcharts (observed); see 02_Methodology
Q4_2021,Wande Coal,51559.52,12.4633,6426.0,87.5367,45133.52,67700280.0,"United States, Vietnam, Ecuador, United Kingdom, Pakistan",observed: artist's own Nigerian share of listeners this quarter | Chartmetric + Soundcharts (observed); see 02_Methodology
Q4_2021,LADIPOE,46431.5,13.1532,6107.25,86.8468,40324.25,60486375.0,"United States, United Kingdom, Canada, Kenya, Netherlands",observed: artist's own Nigerian share of listeners this quarter | Chartmetric + Soundcharts (observed); see 02_Methodology
Q4_2021,Niniola,44949.83,6.7784,3046.9,93.2216,41902.93,62854395.0,"United States, Netherlands, South Africa, United Kingdom, France",observed: artist's own Nigerian share of listeners this quarter | Chartmetric + Soundcharts (observed); see 02_Methodology
Q4_2021,Ycee,44539.39,7.6743,3418.07,92.3257,41121.32,61681980.0,"Tanzania, United States, Netherlands, United Kingdom, Canada",observed: artist's own Nigerian share of listeners this quarter | Chartmetric + Soundcharts (observed); see 02_Methodology
Q4_2021,DJ Neptune,42317.31,11.4164,4831.1,88.5836,37486.22,56229330.0,"United States, Netherlands, United Kingdom, France, Kenya",observed: artist's own Nigerian share of listeners this quarter | Chartmetric + Soundcharts (observed); see 02_Methodology
Q4_2021,Fela Kuti,37467.08,0.9877,370.05,99.0123,37097.03,55645545.0,"United States, France, United Kingdom, South Africa, Italy",observed: artist's own Nigerian share of listeners this quarter | Chartmetric + Soundcharts (observed); see 02_Methodology
Q4_2021,Boj,36615.84,4.4559,1631.55,95.5441,34984.29,52476435.0,"United Kingdom, Netherlands, United States, Australia, Canada",observed: artist's own Nigerian share of listeners this quarter | Chartmetric + Soundcharts (observed); see 02_Methodology
Q4_2021,Korede Bello,34784.34,2.1695,754.64,97.8305,34029.7,51044550.0,"Côte D’Ivoire, Gambia, United States, France, United Kingdom",observed: artist's own Nigerian share of listeners this quarter | Chartmetric + Soundcharts (observed); see 02_Methodology
Q4_2021,Ruger,33632.1,19.4028,6525.57,80.5972,27106.53,40659795.0,"Kenya, United States, United Kingdom, Canada, Netherlands",observed: artist's own Nigerian share of listeners this quarter | Chartmetric + Soundcharts (observed); see 02_Methodology
Q4_2021,Ice Prince,33276.84,7.9652,2650.56,92.0348,30626.28,45939420.0,"New Zealand, United States, United Kingdom, France, Kenya",observed: artist's own Nigerian share of listeners this quarter | Chartmetric + Soundcharts (observed); see 02_Methodology
Q4_2021,Falz,32069.92,16.6784,5348.74,83.3216,26721.18,40081770.0,"United States, United Kingdom, Canada, Netherlands, Ghana",observed: artist's own Nigerian share of listeners this quarter | Chartmetric + Soundcharts (observed); see 02_Methodology
Q4_2021,Victony,31524.2,24.5089,7726.23,75.4911,23797.97,35696955.0,"United States, United Kingdom, Kenya, Netherlands, Ghana",observed: artist's own Nigerian share of listeners this quarter | Chartmetric + Soundcharts (observed); see 02_Methodology
Q4_2021,Phyno,27808.77,33.215,9236.68,66.785,18572.09,27858135.0,"United States, Italy, United Kingdom, Germany, United Arab Emirates",observed: artist's own Nigerian share of listeners this quarter | Chartmetric + Soundcharts (observed); see 02_Methodology
Q4_2021,Aṣa,27758.55,5.8094,1612.59,94.1906,26145.95,39218925.0,"France, Germany, Netherlands, United States, Brazil",observed: artist's own Nigerian share of listeners this quarter | Chartmetric + Soundcharts (observed); see 02_Methodology
Q4_2021,Banky W.,26532.92,11.954,3171.74,88.046,23361.18,35041770.0,"United States, Kenya, United Kingdom, Zambia, Ghana",observed: artist's own Nigerian share of listeners this quarter | Chartmetric + Soundcharts (observed); see 02_Methodology
Q4_2021,2Baba,26235.41,14.7641,3873.44,85.2359,22361.98,33542970.0,"United States, United Kingdom, Italy, Australia, France",observed: artist's own Nigerian share of listeners this quarter | Chartmetric + Soundcharts (observed); see 02_Methodology
Q4_2021,Skiibii,25384.74,4.7431,1204.02,95.2569,24180.72,36271080.0,"Netherlands, United States, Germany, France, United Kingdom",observed: artist's own Nigerian share of listeners this quarter | Chartmetric + Soundcharts (observed); see 02_Methodology
Q4_2021,D'banj,24822.49,6.2874,1560.69,93.7126,23261.8,34892700.0,"United Kingdom, United States, Romania, France, South Africa",observed: artist's own Nigerian share of listeners this quarter | Chartmetric + Soundcharts (observed); see 02_Methodology
Q4_2021,Zlatan,24131.72,19.6194,4734.5,80.3806,19397.22,29095830.0,"United States, United Kingdom, Ghana, Canada, Netherlands",observed: artist's own Nigerian share of listeners this quarter | Chartmetric + Soundcharts (observed); see 02_Methodology
Q4_2021,Odunsi (The Engine),22749.57,2.7784,632.07,97.2216,22117.5,33176250.0,"United States, United Kingdom, Canada, Netherlands, Australia",observed: artist's own Nigerian share of listeners this quarter | Chartmetric + Soundcharts (observed); see 02_Methodology
Q4_2021,WurlD,22206.03,6.8654,1524.54,93.1346,20681.49,31022235.0,"United States, Netherlands, Kenya, Germany, Canada",observed: artist's own Nigerian share of listeners this quarter | Chartmetric + Soundcharts (observed); see 02_Methodology
Q4_2021,Blaqbonez,21612.41,23.9892,5184.64,76.0108,16427.77,24641655.0,"United States, United Kingdom, Canada, Netherlands, Ghana",observed: artist's own Nigerian share of listeners this quarter | Chartmetric + Soundcharts (observed); see 02_Methodology
Q4_2021,Rude Boy,19284.07,3.8801,748.23,96.1199,18535.84,27803760.0,"Mexico, Spain, Peru, Chile, Vietnam",assumed: portfolio-wide ratio applied to an artist without own geography | Chartmetric + Soundcharts (observed); see 02_Methodology
Q4_2021,Cruel Santino,19216.06,2.7683,531.96,97.2317,18684.1,28026150.0,"United States, United Kingdom, Canada, Netherlands, Australia",observed: artist's own Nigerian share of listeners this quarter | Chartmetric + Soundcharts (observed); see 02_Methodology
Q4_2021,Tay Iwar,18481.9,3.1544,583.0,96.8456,17898.89,26848335.0,"United States, United Kingdom, Netherlands, Canada, Australia",observed: artist's own Nigerian share of listeners this quarter | Chartmetric + Soundcharts (observed); see 02_Methodology
Q4_2021,Peruzzi,18190.66,21.489,3909.0,78.511,14281.66,21422490.0,"United States, Benin, United Kingdom, Canada, Ghana",observed: artist's own Nigerian share of listeners this quarter | Chartmetric + Soundcharts (observed); see 02_Methodology
Q4_2021,Bracket,17221.11,1.739,299.48,98.261,16921.63,25382445.0,"Netherlands, France, Italy, Spain, United States",observed: artist's own Nigerian share of listeners this quarter | Chartmetric + Soundcharts (observed); see 02_Methodology
Q4_2021,Lil Kesh,16696.18,25.6324,4279.62,74.3676,12416.55,18624825.0,"United States, United Kingdom, Canada, Ghana, Kenya",observed: artist's own Nigerian share of listeners this quarter | Chartmetric + Soundcharts (observed); see 02_Methodology
Q4_2021,Iyanya,16272.39,6.9856,1136.73,93.0144,15135.66,22703490.0,"United States, France, United Kingdom, Kenya, Italy",observed: artist's own Nigerian share of listeners this quarter | Chartmetric + Soundcharts (observed); see 02_Methodology
Q4_2021,Ajebutter22,15162.47,8.9927,1363.51,91.0073,13798.96,20698440.0,"United States, United Kingdom, Netherlands, Canada, Germany",observed: artist's own Nigerian share of listeners this quarter | Chartmetric + Soundcharts (observed); see 02_Methodology
Q4_2021,Zinoleesky,14996.76,39.3228,5897.15,60.6772,9099.61,13649415.0,"United States, United Kingdom, Italy, Canada, Ghana",observed: artist's own Nigerian share of listeners this quarter | Chartmetric + Soundcharts (observed); see 02_Methodology
Q4_2021,Mohbad,14942.01,34.3034,5125.62,65.6966,9816.39,14724585.0,"United States, United Kingdom, Canada, Netherlands, Ghana",observed: artist's own Nigerian share of listeners this quarter | Chartmetric + Soundcharts (observed); see 02_Methodology
Q4_2021,Bella Shmurda,14423.4,31.8759,4597.59,68.1241,9825.81,14738715.0,"United States, United Kingdom, Italy, Ghana, Canada",observed: artist's own Nigerian share of listeners this quarter | Chartmetric + Soundcharts (observed); see 02_Methodology
Q4_2021,Nonso Amadi,13745.59,6.53,897.59,93.47,12848.0,19272000.0,"United States, United Kingdom, Netherlands, Kenya, Canada",observed: artist's own Nigerian share of listeners this quarter | Chartmetric + Soundcharts (observed); see 02_Methodology
Q4_2021,Show Dem Camp,12540.73,11.1596,1399.5,88.8404,11141.23,16711845.0,"United States, United Kingdom, Canada, Netherlands, South Africa",observed: artist's own Nigerian share of listeners this quarter | Chartmetric + Soundcharts (observed); see 02_Methodology
Q4_2021,Bad Boy Timz,12340.1,45.4796,5612.23,54.5204,6727.88,10091820.0,"United States, United Kingdom, Ghana, Canada, Netherlands",observed: artist's own Nigerian share of listeners this quarter | Chartmetric + Soundcharts (observed); see 02_Methodology
Q4_2021,HarrySong,10335.46,13.3939,1384.33,86.6061,8951.13,13426695.0,"United States, Netherlands, Canada, United Kingdom, Kenya",observed: artist's own Nigerian share of listeners this quarter | Chartmetric + Soundcharts (observed); see 02_Methodology
Q4_2021,Crayon,10105.05,11.7988,1192.28,88.2012,8912.77,13369155.0,"United States, Netherlands, United Kingdom, Ghana, Canada",observed: artist's own Nigerian share of listeners this quarter | Chartmetric + Soundcharts (observed); see 02_Methodology
Q4_2021,Seyi Shay,9478.48,7.2296,685.26,92.7704,8793.22,13189830.0,"United States, Australia, United Kingdom, Netherlands, Kenya",observed: artist's own Nigerian share of listeners this quarter | Chartmetric + Soundcharts (observed); see 02_Methodology
Q4_2021,Mannywellz,8854.24,2.9835,264.17,97.0165,8590.07,12885105.0,"United States, United Kingdom, South Africa, Canada, Netherlands",observed: artist's own Nigerian share of listeners this quarter | Chartmetric + Soundcharts (observed); see 02_Methodology
Q4_2021,Terri,8723.68,6.9647,607.58,93.0353,8116.1,12174150.0,"Netherlands, Tanzania, United States, Benin, Italy",observed: artist's own Nigerian share of listeners this quarter | Chartmetric + Soundcharts (observed); see 02_Methodology
Q4_2021,Praiz,8270.29,2.5413,210.17,97.4587,8060.12,12090180.0,"United States, Netherlands, Germany, Sweden, Canada",observed: artist's own Nigerian share of listeners this quarter | Chartmetric + Soundcharts (observed); see 02_Methodology
Q4_2021,Vector,7847.12,29.582,2321.34,70.418,5525.79,8288685.0,"United States, Kenya, United Kingdom, Ghana, Canada",observed: artist's own Nigerian share of listeners this quarter | Chartmetric + Soundcharts (observed); see 02_Methodology
Q4_2021,Lady Donli,7841.21,3.6346,285.0,96.3654,7556.21,11334315.0,"United States, United Kingdom, Brazil, Netherlands, Germany",observed: artist's own Nigerian share of listeners this quarter | Chartmetric + Soundcharts (observed); see 02_Methodology
Q4_2021,9ice,7331.78,23.3269,1710.28,76.6731,5621.5,8432250.0,"United States, United Kingdom, Canada, Ghana, Netherlands",observed: artist's own Nigerian share of listeners this quarter | Chartmetric + Soundcharts (observed); see 02_Methodology
Q4_2021,Brymo,6515.76,28.4891,1856.28,71.5109,4659.48,6989220.0,"United States, United Kingdom, Canada, Ghana, Netherlands",observed: artist's own Nigerian share of listeners this quarter | Chartmetric + Soundcharts (observed); see 02_Methodology
Q4_2021,Reminisce,6492.35,18.6504,1210.85,81.3496,5281.5,7922250.0,"United States, United Kingdom, Netherlands, Canada, Ghana",observed: artist's own Nigerian share of listeners this quarter | Chartmetric + Soundcharts (observed); see 02_Methodology
Q4_2021,Dice Ailes,6248.79,16.3107,1019.22,83.6893,5229.57,7844355.0,"United States, Benin, United Kingdom, Canada, Netherlands",observed: artist's own Nigerian share of listeners this quarter | Chartmetric + Soundcharts (observed); see 02_Methodology
Q4_2021,Prettyboy D-O,6199.43,12.0362,746.18,87.9638,5453.26,8179890.0,"United States, United Kingdom, Canada, Netherlands, Germany",observed: artist's own Nigerian share of listeners this quarter | Chartmetric + Soundcharts (observed); see 02_Methodology
Q4_2021,Johnny Drille,5923.87,17.7628,1052.25,82.2372,4871.63,7307445.0,"United States, Kenya, Ghana, Canada, United Kingdom",observed: artist's own Nigerian share of listeners this quarter | Chartmetric + Soundcharts (observed); see 02_Methodology
Q4_2021,Sean Tizzle,5291.85,10.1021,534.59,89.8979,4757.26,7135890.0,"United States, Netherlands, United Kingdom, Canada, Germany",observed: artist's own Nigerian share of listeners this quarter | Chartmetric + Soundcharts (observed); see 02_Methodology
Q4_2021,Solidstar,5106.69,6.4893,331.39,93.5107,4775.31,7162965.0,"United States, Netherlands, Colombia, Canada, United Kingdom",observed: artist's own Nigerian share of listeners this quarter | Chartmetric + Soundcharts (observed); see 02_Methodology
Q4_2021,M.I. Abaga,5045.2,23.5733,1189.32,76.4267,3855.88,5783820.0,"United States, United Kingdom, Canada, Ghana, Netherlands",observed: artist's own Nigerian share of listeners this quarter | Chartmetric + Soundcharts (observed); see 02_Methodology
Q4_2021,Duncan Mighty,4514.55,14.6365,660.77,85.3635,3853.78,5780670.0,"United States, United Kingdom, Netherlands, Ghana, Canada",observed: artist's own Nigerian share of listeners this quarter | Chartmetric + Soundcharts (observed); see 02_Methodology
Q4_2021,Young Jonn,4251.92,9.954,423.24,90.046,3828.69,5743035.0,"United States, United Kingdom, Canada, Ghana, Netherlands",observed: artist's own Nigerian share of listeners this quarter | Chartmetric + Soundcharts (observed); see 02_Methodology
Q4_2021,CDQ,4126.58,34.52,1424.5,65.48,2702.08,4053120.0,"United States, United Kingdom, Canada, Ghana, Netherlands",observed: artist's own Nigerian share of listeners this quarter | Chartmetric + Soundcharts (observed); see 02_Methodology
Q4_2021,Dremo,3098.51,30.7862,953.92,69.2138,2144.6,3216900.0,"United States, United Kingdom, Canada, Ghana, Netherlands",observed: artist's own Nigerian share of listeners this quarter | Chartmetric + Soundcharts (observed); see 02_Methodology
Q4_2021,Seyi Vibez,2629.97,69.786,1835.35,30.214,794.62,1191930.0,"United States, United Kingdom, Ghana, Canada, South Africa",observed: artist's own Nigerian share of listeners this quarter | Chartmetric + Soundcharts (observed); see 02_Methodology
Q4_2021,Darey,2610.03,20.3593,531.38,79.6407,2078.64,3117960.0,"United States, Italy, Cameroon, Canada, United Kingdom",observed: artist's own Nigerian share of listeners this quarter | Chartmetric + Soundcharts (observed); see 02_Methodology
Q4_2021,Waje,2552.9,18.4495,471.0,81.5505,2081.9,3122850.0,"United States, Kenya, United Kingdom, Netherlands, Ghana",observed: artist's own Nigerian share of listeners this quarter | Chartmetric + Soundcharts (observed); see 02_Methodology
Q4_2021,King Sunny Ade,2552.74,12.8579,328.23,87.1421,2224.51,3336765.0,"United States, United Kingdom, Canada, Australia, Ireland",observed: artist's own Nigerian share of listeners this quarter | Chartmetric + Soundcharts (observed); see 02_Methodology
Q4_2021,Magixx,2287.72,32.4628,742.66,67.5372,1545.06,2317590.0,"United States, Ghana, United Kingdom, Kenya, Canada",observed: artist's own Nigerian share of listeners this quarter | Chartmetric + Soundcharts (observed); see 02_Methodology
Q4_2021,Jesse Jagz,2127.31,18.2706,388.67,81.7294,1738.64,2607960.0,"United States, United Kingdom, Canada, Ghana, Netherlands",observed: artist's own Nigerian share of listeners this quarter | Chartmetric + Soundcharts (observed); see 02_Methodology
Q4_2021,Naeto C,2051.45,18.578,381.12,81.422,1670.33,2505495.0,"United States, United Kingdom, Canada, Ghana, South Africa",observed: artist's own Nigerian share of listeners this quarter | Chartmetric + Soundcharts (observed); see 02_Methodology
Q4_2021,Lyta,1907.76,31.6233,603.3,68.3767,1304.46,1956690.0,"United States, United Kingdom, Canada, Ghana, Kenya",observed: artist's own Nigerian share of listeners this quarter | Chartmetric + Soundcharts (observed); see 02_Methodology
Q4_2021,Small Doctor,1859.12,29.3058,544.83,70.6942,1314.29,1971435.0,"United States, United Kingdom, Canada, Ghana, Ireland",observed: artist's own Nigerian share of listeners this quarter | Chartmetric + Soundcharts (observed); see 02_Methodology
Q4_2021,Illbliss,1726.92,17.4564,301.46,82.5436,1425.46,2138190.0,"United States, Canada, United Kingdom, Ghana, South Africa",observed: artist's own Nigerian share of listeners this quarter | Chartmetric + Soundcharts (observed); see 02_Methodology
Q4_2021,Sound Sultan,1656.67,15.1152,250.41,84.8848,1406.26,2109390.0,"United States, United Kingdom, Germany, Canada, Netherlands",observed: artist's own Nigerian share of listeners this quarter | Chartmetric + Soundcharts (observed); see 02_Methodology
Q4_2021,Mr Real,1606.55,9.6973,155.79,90.3027,1450.76,2176140.0,"United States, United Kingdom, Canada, Ghana, France",observed: artist's own Nigerian share of listeners this quarter | Chartmetric + Soundcharts (observed); see 02_Methodology
Q4_2021,Pheelz,1350.78,13.0361,176.09,86.9639,1174.69,1762035.0,"United States, United Kingdom, Canada, Netherlands, Kenya",observed: artist's own Nigerian share of listeners this quarter | Chartmetric + Soundcharts (observed); see 02_Methodology
Q4_2021,Olu Maintain,1338.62,17.8655,239.15,82.1345,1099.47,1649205.0,"United Kingdom, United States, Canada, Ghana, Netherlands",observed: artist's own Nigerian share of listeners this quarter | Chartmetric + Soundcharts (observed); see 02_Methodology
Q4_2021,Asake,1135.56,26.8231,304.59,73.1769,830.97,1246455.0,"United States, United Kingdom, Canada, Ghana, Netherlands",observed: artist's own Nigerian share of listeners this quarter | Chartmetric + Soundcharts (observed); see 02_Methodology
Q4_2021,Terry Apala,666.98,25.8321,172.3,74.1679,494.69,742035.0,"United States, South Africa, United Kingdom, Ghana, Canada",observed: artist's own Nigerian share of listeners this quarter | Chartmetric + Soundcharts (observed); see 02_Methodology
Q4_2021,Dammy Krane,639.46,14.1978,90.79,85.8022,548.67,823005.0,"United States, United Kingdom, Canada, Ghana, Australia",observed: artist's own Nigerian share of listeners this quarter | Chartmetric + Soundcharts (observed); see 02_Methodology
Q4_2021,Eldee,607.55,30.6158,186.01,69.3842,421.54,632310.0,"United States, United Kingdom, Canada, Australia, Ghana",observed: artist's own Nigerian share of listeners this quarter | Chartmetric + Soundcharts (observed); see 02_Methodology
Q4_2021,Yung6ix,574.47,22.8543,131.29,77.1457,443.18,664770.0,"United States, United Kingdom, Canada, Netherlands, Ghana",observed: artist's own Nigerian share of listeners this quarter | Chartmetric + Soundcharts (observed); see 02_Methodology
Q4_2021,Lagbaja,226.01,3.8801,8.77,96.1199,217.24,325860.0,,assumed: portfolio-wide ratio applied to an artist without own geography | Chartmetric + Soundcharts (observed); see 02_Methodology
Q4_2021,Spyro,192.14,17.7356,34.08,82.2644,158.06,237090.0,"United States, United Kingdom, Canada, France, Netherlands",observed: artist's own Nigerian share of listeners this quarter | Chartmetric + Soundcharts (observed); see 02_Methodology
Q4_2021,Libianca,188.93,3.8801,7.33,96.1199,181.6,272400.0,"United States, Canada, Peru, Chile, Australia",assumed: portfolio-wide ratio applied to an artist without own geography | Chartmetric + Soundcharts (observed); see 02_Methodology
Q4_2021,ODUMODUBLVCK,134.55,80.5914,108.44,19.4086,26.11,39165.0,"United States, United Kingdom, Ghana, Canada, Netherlands",observed: artist's own Nigerian share of listeners this quarter | Chartmetric + Soundcharts (observed); see 02_Methodology
Q4_2021,Ebenezer Obey,111.36,3.8801,4.32,96.1199,107.04,160560.0,,assumed: portfolio-wide ratio applied to an artist without own geography | Chartmetric + Soundcharts (observed); see 02_Methodology
Q4_2021,Sauce Kid,110.16,24.3866,26.86,75.6134,83.3,124950.0,"United States, Canada, United Kingdom, Australia, Ghana",observed: artist's own Nigerian share of listeners this quarter | Chartmetric + Soundcharts (observed); see 02_Methodology
Q4_2021,Oritsefemi,26.28,33.3333,8.76,66.6667,17.52,26280.0,"United States, United Kingdom, Netherlands, Japan, Italy",observed: artist's own Nigerian share of listeners this quarter | Chartmetric + Soundcharts (observed); see 02_Methodology
Q4_2021,DJ Spinall,0.49,14.2857,0.07,85.7143,0.42,630.0,"France, United States, Zambia, United Kingdom, Norway",observed: artist's own Nigerian share of listeners this quarter | Chartmetric + Soundcharts (observed); see 02_Methodology
Q4_2021,Odunsi,0.31,3.8801,0.01,96.1199,0.3,450.0,,assumed: portfolio-wide ratio applied to an artist without own geography | Chartmetric + Soundcharts (observed); see 02_Methodology
Q4_2021,Boy Spyce,0.29,3.8801,0.01,96.1199,0.28,420.0,,assumed: portfolio-wide ratio applied to an artist without own geography | Chartmetric + Soundcharts (observed); see 02_Methodology
Q4_2021,=== PERIOD TOTAL ===,12461484.45,,621221.1,,11840263.41,17760395115.0,,Aggregated
Q1_2022,CKay,1990587.2,0.4023,8008.34,99.5977,1982578.87,2973868305.0,"India, Netherlands, France, United States, Brazil",observed: artist's own Nigerian share of listeners this quarter | Chartmetric + Soundcharts (observed); see 02_Methodology
Q1_2022,Wizkid,926549.38,1.5148,14035.0,98.4852,912514.38,1368771570.0,"United States, Côte D’Ivoire, United Kingdom, France, South Africa",observed: artist's own Nigerian share of listeners this quarter | Chartmetric + Soundcharts (observed); see 02_Methodology
Q1_2022,Fireboy DML,907992.01,1.0788,9795.01,98.9212,898197.0,1347295500.0,"United Kingdom, Netherlands, United States, Germany, France",observed: artist's own Nigerian share of listeners this quarter | Chartmetric + Soundcharts (observed); see 02_Methodology
Q1_2022,Burna Boy,890808.73,1.2471,11109.47,98.7529,879699.26,1319548890.0,"Côte D’Ivoire, United States, France, United Kingdom, South Africa",observed: artist's own Nigerian share of listeners this quarter | Chartmetric + Soundcharts (observed); see 02_Methodology
Q1_2022,Omah Lay,593593.01,1.3776,8177.12,98.6224,585415.89,878123835.0,"United States, Netherlands, Germany, Canada, United Kingdom",observed: artist's own Nigerian share of listeners this quarter | Chartmetric + Soundcharts (observed); see 02_Methodology
Q1_2022,Amaarae,542868.26,0.352,1910.64,99.648,540957.61,811436415.0,"United States, India, United Kingdom, Australia, Mexico",observed: artist's own Nigerian share of listeners this quarter | Chartmetric + Soundcharts (observed); see 02_Methodology
Q1_2022,Rema,538982.7,3.2557,17547.76,96.7443,521434.95,782152425.0,"Netherlands, United States, United Kingdom, France, Germany",observed: artist's own Nigerian share of listeners this quarter | Chartmetric + Soundcharts (observed); see 02_Methodology
Q1_2022,Davido,457407.53,3.6266,16588.22,96.3734,440819.3,661228950.0,"Tanzania, Côte D’Ivoire, Cameroon, United States, United Kingdom",observed: artist's own Nigerian share of listeners this quarter | Chartmetric + Soundcharts (observed); see 02_Methodology
Q1_2022,Tems,392491.31,1.324,5196.61,98.676,387294.71,580942065.0,"United States, United Kingdom, Australia, Canada, Netherlands",observed: artist's own Nigerian share of listeners this quarter | Chartmetric + Soundcharts (observed); see 02_Methodology
Q1_2022,Mr Eazi,331143.93,0.6324,2094.02,99.3676,329049.91,493574865.0,"Côte D’Ivoire, Guatemala, United States, United Kingdom, France",observed: artist's own Nigerian share of listeners this quarter | Chartmetric + Soundcharts (observed); see 02_Methodology
Q1_2022,Tekno,315067.36,2.4002,7562.16,97.5998,307505.2,461257800.0,"United States, Kenya, France, Netherlands, United Kingdom",observed: artist's own Nigerian share of listeners this quarter | Chartmetric + Soundcharts (observed); see 02_Methodology
Q1_2022,Joeboy,273372.74,5.2918,14466.34,94.7082,258906.4,388359600.0,"Netherlands, United States, France, United Kingdom, Kenya",observed: artist's own Nigerian share of listeners this quarter | Chartmetric + Soundcharts (observed); see 02_Methodology
Q1_2022,Darkoo,221746.01,1.1941,2647.77,98.8059,219098.24,328647360.0,"United Kingdom, Australia, Netherlands, Germany, United States",observed: artist's own Nigerian share of listeners this quarter | Chartmetric + Soundcharts (observed); see 02_Methodology
Q1_2022,Kizz Daniel,202335.6,7.2669,14703.43,92.7331,187632.17,281448255.0,"Tanzania, Germany, Netherlands, United States, United Kingdom",observed: artist's own Nigerian share of listeners this quarter | Chartmetric + Soundcharts (observed); see 02_Methodology
Q1_2022,Olamide,191120.76,7.2849,13922.97,92.7151,177197.79,265796685.0,"Côte D’Ivoire, United States, United Kingdom, France, Kenya",observed: artist's own Nigerian share of listeners this quarter | Chartmetric + Soundcharts (observed); see 02_Methodology
Q1_2022,Flavour,185725.67,10.3932,19302.91,89.6068,166422.76,249634140.0,"United States, United Kingdom, Netherlands, France, Canada",observed: artist's own Nigerian share of listeners this quarter | Chartmetric + Soundcharts (observed); see 02_Methodology
Q1_2022,Tiwa Savage,153260.16,5.6362,8637.99,94.3638,144622.16,216933240.0,"Côte D’Ivoire, United States, United Kingdom, Kenya, France",observed: artist's own Nigerian share of listeners this quarter | Chartmetric + Soundcharts (observed); see 02_Methodology
Q1_2022,BNXN,151156.27,11.0615,16720.12,88.9385,134436.15,201654225.0,"United Kingdom, United States, Netherlands, Canada, Kenya",observed: artist's own Nigerian share of listeners this quarter | Chartmetric + Soundcharts (observed); see 02_Methodology
Q1_2022,Skiibii,119643.12,12.7383,15240.52,87.2617,104402.61,156603915.0,"United States, Netherlands, United Kingdom, France, Canada",observed: artist's own Nigerian share of listeners this quarter | Chartmetric + Soundcharts (observed); see 02_Methodology
Q1_2022,Ayra Starr,119220.53,11.3916,13581.07,88.6084,105639.46,158459190.0,"United States, United Kingdom, Kenya, Netherlands, France",observed: artist's own Nigerian share of listeners this quarter | Chartmetric + Soundcharts (observed); see 02_Methodology
Q1_2022,Lojay,114497.48,11.0329,12632.44,88.9671,101865.03,152797545.0,"United Kingdom, United States, Kenya, Netherlands, France",observed: artist's own Nigerian share of listeners this quarter | Chartmetric + Soundcharts (observed); see 02_Methodology
Q1_2022,Patoranking,114475.04,5.0235,5750.69,94.9765,108724.35,163086525.0,"United States, Kenya, United Kingdom, South Africa, France",observed: artist's own Nigerian share of listeners this quarter | Chartmetric + Soundcharts (observed); see 02_Methodology
Q1_2022,Timaya,114282.75,13.4076,15322.52,86.5924,98960.22,148440330.0,"United States, Kenya, United Kingdom, Italy, Morocco",observed: artist's own Nigerian share of listeners this quarter | Chartmetric + Soundcharts (observed); see 02_Methodology
Q1_2022,Adekunle Gold,112185.78,7.3321,8225.59,92.6679,103960.19,155940285.0,"United States, United Kingdom, Netherlands, Kenya, Canada",observed: artist's own Nigerian share of listeners this quarter | Chartmetric + Soundcharts (observed); see 02_Methodology
Q1_2022,Ric Hassani,102369.74,1.1142,1140.57,98.8858,101229.17,151843755.0,"Netherlands, Germany, France, United Kingdom, India",observed: artist's own Nigerian share of listeners this quarter | Chartmetric + Soundcharts (observed); see 02_Methodology
Q1_2022,Maleek Berry,101266.41,1.2407,1256.4,98.7593,100010.01,150015015.0,"United States, Trinidad & Tobago, United Kingdom, France, Israel",observed: artist's own Nigerian share of listeners this quarter | Chartmetric + Soundcharts (observed); see 02_Methodology
Q1_2022,Yemi Alade,99975.13,0.9405,940.27,99.0595,99034.86,148552290.0,"Congo - Kinshasa, Côte D’Ivoire, United States, Gambia, France",observed: artist's own Nigerian share of listeners this quarter | Chartmetric + Soundcharts (observed); see 02_Methodology
Q1_2022,Olakira,93168.75,2.31,2152.23,97.69,91016.52,136524780.0,"Netherlands, United States, France, United Kingdom, Australia",observed: artist's own Nigerian share of listeners this quarter | Chartmetric + Soundcharts (observed); see 02_Methodology
Q1_2022,Simi,88357.6,10.2512,9057.75,89.7488,79299.86,118949790.0,"Côte D’Ivoire, Benin, United States, United Kingdom, Netherlands",observed: artist's own Nigerian share of listeners this quarter | Chartmetric + Soundcharts (observed); see 02_Methodology
Q1_2022,Naira Marley,85797.59,12.3598,10604.37,87.6402,75193.22,112789830.0,"Benin, United Kingdom, Italy, United States, Netherlands",observed: artist's own Nigerian share of listeners this quarter | Chartmetric + Soundcharts (observed); see 02_Methodology
Q1_2022,P-Square,83857.97,2.5953,2176.4,97.4047,81681.56,122522340.0,"United States, France, Kenya, South Africa, United Kingdom",observed: artist's own Nigerian share of listeners this quarter | Chartmetric + Soundcharts (observed); see 02_Methodology
Q1_2022,Mayorkun,82113.29,16.2443,13338.75,83.7557,68774.54,103161810.0,"United States, United Kingdom, Côte D’Ivoire, Kenya, Netherlands",observed: artist's own Nigerian share of listeners this quarter | Chartmetric + Soundcharts (observed); see 02_Methodology
Q1_2022,Reekado Banks,80264.71,16.8159,13497.25,83.1841,66767.46,100151190.0,"Côte D’Ivoire, United States, Kenya, United Kingdom, South Africa",observed: artist's own Nigerian share of listeners this quarter | Chartmetric + Soundcharts (observed); see 02_Methodology
Q1_2022,Wande Coal,68615.55,15.7385,10799.04,84.2615,57816.51,86724765.0,"United States, France, United Kingdom, Germany, Canada",observed: artist's own Nigerian share of listeners this quarter | Chartmetric + Soundcharts (observed); see 02_Methodology
Q1_2022,Oxlade,67856.12,8.4381,5725.77,91.5619,62130.35,93195525.0,"United States, United Kingdom, Netherlands, Ghana, France",observed: artist's own Nigerian share of listeners this quarter | Chartmetric + Soundcharts (observed); see 02_Methodology
Q1_2022,Pheelz,67732.61,14.1379,9575.96,85.8621,58156.65,87234975.0,"United Kingdom, United States, Netherlands, Kenya, Canada",observed: artist's own Nigerian share of listeners this quarter | Chartmetric + Soundcharts (observed); see 02_Methodology
Q1_2022,Teni,67652.49,8.6821,5873.65,91.3179,61778.83,92668245.0,"United States, United Kingdom, Ghana, Netherlands, Canada",observed: artist's own Nigerian share of listeners this quarter | Chartmetric + Soundcharts (observed); see 02_Methodology
Q1_2022,Sarz,64210.26,9.7641,6269.53,90.2359,57940.73,86911095.0,"United Kingdom, United States, Netherlands, Kenya, France",observed: artist's own Nigerian share of listeners this quarter | Chartmetric + Soundcharts (observed); see 02_Methodology
Q1_2022,Lil Kesh,58402.33,27.0277,15784.82,72.9723,42617.5,63926250.0,"United States, United Kingdom, France, Canada, Netherlands",observed: artist's own Nigerian share of listeners this quarter | Chartmetric + Soundcharts (observed); see 02_Methodology
Q1_2022,Chike,57444.43,12.472,7164.47,87.528,50279.96,75419940.0,"Kenya, United States, United Kingdom, Ghana, Canada",observed: artist's own Nigerian share of listeners this quarter | Chartmetric + Soundcharts (observed); see 02_Methodology
Q1_2022,Aṣa,52608.71,12.4868,6569.16,87.5132,46039.54,69059310.0,"France, United States, United Kingdom, Netherlands, Kenya",observed: artist's own Nigerian share of listeners this quarter | Chartmetric + Soundcharts (observed); see 02_Methodology
Q1_2022,Asake,52560.06,38.2803,20120.13,61.7197,32439.92,48659880.0,"United States, United Kingdom, France, Canada, Netherlands",observed: artist's own Nigerian share of listeners this quarter | Chartmetric + Soundcharts (observed); see 02_Methodology
Q1_2022,Boj,49213.95,4.2261,2079.83,95.7739,47134.12,70701180.0,"Ireland, Germany, Denmark, Norway, Switzerland",observed: artist's own Nigerian share of listeners this quarter | Chartmetric + Soundcharts (observed); see 02_Methodology
Q1_2022,LADIPOE,44978.23,13.0482,5868.85,86.9518,39109.39,58664085.0,"United States, United Kingdom, Kenya, Netherlands, France",observed: artist's own Nigerian share of listeners this quarter | Chartmetric + Soundcharts (observed); see 02_Methodology
Q1_2022,Bella Shmurda,44904.77,38.2086,17157.47,61.7914,27747.3,41620950.0,"United States, United Kingdom, Ghana, Canada, South Africa",observed: artist's own Nigerian share of listeners this quarter | Chartmetric + Soundcharts (observed); see 02_Methodology
Q1_2022,Ice Prince,44782.52,8.2212,3681.65,91.7788,41100.88,61651320.0,"United States, France, United Kingdom, Kenya, South Africa",observed: artist's own Nigerian share of listeners this quarter | Chartmetric + Soundcharts (observed); see 02_Methodology
Q1_2022,Ruger,43842.57,14.723,6454.93,85.277,37387.64,56081460.0,"Kenya, United States, United Kingdom, Netherlands, France",observed: artist's own Nigerian share of listeners this quarter | Chartmetric + Soundcharts (observed); see 02_Methodology
Q1_2022,Falz,43372.52,16.2855,7063.45,83.7145,36309.07,54463605.0,"United Kingdom, United States, Netherlands, Germany, Canada",observed: artist's own Nigerian share of listeners this quarter | Chartmetric + Soundcharts (observed); see 02_Methodology
Q1_2022,DJ Neptune,42380.97,11.6982,4957.79,88.3018,37423.18,56134770.0,"United States, United Kingdom, Netherlands, France, Kenya",observed: artist's own Nigerian share of listeners this quarter | Chartmetric + Soundcharts (observed); see 02_Methodology
Q1_2022,Ycee,42206.34,5.1686,2181.49,94.8314,40024.85,60037275.0,"Tanzania, United States, United Kingdom, Netherlands, Germany",observed: artist's own Nigerian share of listeners this quarter | Chartmetric + Soundcharts (observed); see 02_Methodology
Q1_2022,Victony,40745.55,20.0942,8187.5,79.9058,32558.05,48837075.0,"United States, United Kingdom, Kenya, Netherlands, Ghana",observed: artist's own Nigerian share of listeners this quarter | Chartmetric + Soundcharts (observed); see 02_Methodology
Q1_2022,Korede Bello,38400.85,1.7208,660.81,98.2792,37740.04,56610060.0,"Côte D’Ivoire, Gambia, Congo - Kinshasa, United States, United Kingdom",observed: artist's own Nigerian share of listeners this quarter | Chartmetric + Soundcharts (observed); see 02_Methodology
Q1_2022,Fela Kuti,35743.59,1.3407,479.21,98.6593,35264.38,52896570.0,"United States, United Kingdom, France, South Africa, Italy",observed: artist's own Nigerian share of listeners this quarter | Chartmetric + Soundcharts (observed); see 02_Methodology
Q1_2022,Cruel Santino,34272.89,7.1277,2442.86,92.8723,31830.03,47745045.0,"United States, United Kingdom, Canada, Netherlands, France",observed: artist's own Nigerian share of listeners this quarter | Chartmetric + Soundcharts (observed); see 02_Methodology
Q1_2022,Niniola,31898.41,4.6589,1486.1,95.3411,30412.31,45618465.0,"Netherlands, United States, United Kingdom, South Africa, France",observed: artist's own Nigerian share of listeners this quarter | Chartmetric + Soundcharts (observed); see 02_Methodology
Q1_2022,WurlD,31689.17,8.9463,2835.02,91.0537,28854.15,43281225.0,"United States, Netherlands, United Kingdom, Kenya, Germany",observed: artist's own Nigerian share of listeners this quarter | Chartmetric + Soundcharts (observed); see 02_Methodology
Q1_2022,2Baba,30769.61,15.8223,4868.47,84.1777,25901.14,38851710.0,"United States, United Kingdom, Australia, Kenya, South Africa",observed: artist's own Nigerian share of listeners this quarter | Chartmetric + Soundcharts (observed); see 02_Methodology
Q1_2022,Zinoleesky,27401.21,32.2132,8826.8,67.7868,18574.41,27861615.0,"United States, United Kingdom, Canada, Netherlands, France",observed: artist's own Nigerian share of listeners this quarter | Chartmetric + Soundcharts (observed); see 02_Methodology
Q1_2022,Banky W.,26769.7,12.9653,3470.77,87.0347,23298.93,34948395.0,"United States, Kenya, United Kingdom, Norway, Zambia",observed: artist's own Nigerian share of listeners this quarter | Chartmetric + Soundcharts (observed); see 02_Methodology
Q1_2022,Blaqbonez,26352.36,22.6023,5956.23,77.3977,20396.13,30594195.0,"United States, United Kingdom, Netherlands, Canada, Kenya",observed: artist's own Nigerian share of listeners this quarter | Chartmetric + Soundcharts (observed); see 02_Methodology
Q1_2022,Odunsi (The Engine),25376.06,2.2957,582.57,97.7043,24793.49,37190235.0,"United States, United Kingdom, Canada, Netherlands, Australia",observed: artist's own Nigerian share of listeners this quarter | Chartmetric + Soundcharts (observed); see 02_Methodology
Q1_2022,D'banj,24736.14,6.8172,1686.3,93.1828,23049.84,34574760.0,"United States, United Kingdom, Romania, Morocco, France",observed: artist's own Nigerian share of listeners this quarter | Chartmetric + Soundcharts (observed); see 02_Methodology
Q1_2022,Zlatan,22520.12,20.4411,4603.35,79.5589,17916.77,26875155.0,"United States, United Kingdom, Ghana, Canada, Netherlands",observed: artist's own Nigerian share of listeners this quarter | Chartmetric + Soundcharts (observed); see 02_Methodology
Q1_2022,Rude Boy,21774.58,4.4983,979.49,95.5017,20795.09,31192635.0,"Mexico, Spain, Peru, Chile, Vietnam",assumed: portfolio-wide ratio applied to an artist without own geography | Chartmetric + Soundcharts (observed); see 02_Methodology
Q1_2022,Ajebutter22,21652.0,7.5781,1640.82,92.4219,20011.19,30016785.0,"United States, United Kingdom, Netherlands, Canada, Germany",observed: artist's own Nigerian share of listeners this quarter | Chartmetric + Soundcharts (observed); see 02_Methodology
Q1_2022,Phyno,21112.4,26.0675,5503.48,73.9325,15608.92,23413380.0,"United States, United Kingdom, Italy, United Arab Emirates, South Africa",observed: artist's own Nigerian share of listeners this quarter | Chartmetric + Soundcharts (observed); see 02_Methodology
Q1_2022,Nonso Amadi,20737.74,6.8691,1424.5,93.1309,19313.24,28969860.0,"Canada, United States, United Kingdom, Netherlands, Kenya",observed: artist's own Nigerian share of listeners this quarter | Chartmetric + Soundcharts (observed); see 02_Methodology
Q1_2022,Tay Iwar,20627.98,2.1796,449.6,97.8204,20178.37,30267555.0,"United States, United Kingdom, Netherlands, Canada, Australia",observed: artist's own Nigerian share of listeners this quarter | Chartmetric + Soundcharts (observed); see 02_Methodology
Q1_2022,Bracket,19823.88,1.7715,351.18,98.2285,19472.7,29209050.0,"Netherlands, France, Italy, United States, Spain",observed: artist's own Nigerian share of listeners this quarter | Chartmetric + Soundcharts (observed); see 02_Methodology
Q1_2022,Iyanya,19343.21,15.5867,3014.96,84.4133,16328.25,24492375.0,"France, United States, United Kingdom, Kenya, Ghana",observed: artist's own Nigerian share of listeners this quarter | Chartmetric + Soundcharts (observed); see 02_Methodology
Q1_2022,Peruzzi,17624.49,22.0803,3891.55,77.9197,13732.94,20599410.0,"United States, Italy, United Kingdom, Canada, Ghana",observed: artist's own Nigerian share of listeners this quarter | Chartmetric + Soundcharts (observed); see 02_Methodology
Q1_2022,Bad Boy Timz,17595.59,34.1215,6003.88,65.8785,11591.7,17387550.0,"United States, United Kingdom, Ghana, Canada, Tanzania",observed: artist's own Nigerian share of listeners this quarter | Chartmetric + Soundcharts (observed); see 02_Methodology
Q1_2022,Magixx,16539.18,22.8648,3781.65,77.1352,12757.54,19136310.0,"United States, France, United Kingdom, Kenya, Ghana",observed: artist's own Nigerian share of listeners this quarter | Chartmetric + Soundcharts (observed); see 02_Methodology
Q1_2022,Terri,15975.01,15.9273,2544.39,84.0727,13430.63,20145945.0,"Netherlands, France, United States, Benin, United Kingdom",observed: artist's own Nigerian share of listeners this quarter | Chartmetric + Soundcharts (observed); see 02_Methodology
Q1_2022,Show Dem Camp,14047.27,12.3905,1740.53,87.6095,12306.74,18460110.0,"United States, United Kingdom, Canada, Netherlands, South Africa",observed: artist's own Nigerian share of listeners this quarter | Chartmetric + Soundcharts (observed); see 02_Methodology
Q1_2022,Reminisce,14038.15,28.8683,4052.57,71.1317,9985.58,14978370.0,"United States, United Kingdom, Canada, Netherlands, Ghana",observed: artist's own Nigerian share of listeners this quarter | Chartmetric + Soundcharts (observed); see 02_Methodology
Q1_2022,Mohbad,13446.08,39.6367,5329.58,60.3633,8116.5,12174750.0,"United States, United Kingdom, Canada, Ghana, Netherlands",observed: artist's own Nigerian share of listeners this quarter | Chartmetric + Soundcharts (observed); see 02_Methodology
Q1_2022,Praiz,13427.09,2.1896,294.0,97.8104,13133.09,19699635.0,"Netherlands, United States, Germany, Sweden, United Kingdom",observed: artist's own Nigerian share of listeners this quarter | Chartmetric + Soundcharts (observed); see 02_Methodology
Q1_2022,Crayon,11713.02,9.2213,1080.09,90.7787,10632.93,15949395.0,"United States, Netherlands, Ghana, United Kingdom, France",observed: artist's own Nigerian share of listeners this quarter | Chartmetric + Soundcharts (observed); see 02_Methodology
Q1_2022,Seyi Shay,10744.66,5.4694,587.67,94.5306,10156.99,15235485.0,"United States, United Kingdom, Australia, Kenya, Canada",observed: artist's own Nigerian share of listeners this quarter | Chartmetric + Soundcharts (observed); see 02_Methodology
Q1_2022,Dice Ailes,10558.27,25.2526,2666.24,74.7474,7892.03,11838045.0,"United States, United Kingdom, Benin, Canada, Netherlands",observed: artist's own Nigerian share of listeners this quarter | Chartmetric + Soundcharts (observed); see 02_Methodology
Q1_2022,Mannywellz,8691.25,2.1993,191.14,97.8007,8500.1,12750150.0,"United States, United Kingdom, South Africa, Canada, Netherlands",observed: artist's own Nigerian share of listeners this quarter | Chartmetric + Soundcharts (observed); see 02_Methodology
Q1_2022,Lady Donli,8602.62,2.9641,254.99,97.0359,8347.63,12521445.0,"United States, United Kingdom, Germany, Netherlands, Canada",observed: artist's own Nigerian share of listeners this quarter | Chartmetric + Soundcharts (observed); see 02_Methodology
Q1_2022,9ice,8264.13,27.8057,2297.9,72.1943,5966.23,8949345.0,"United Kingdom, United States, Canada, Ghana, Ireland",observed: artist's own Nigerian share of listeners this quarter | Chartmetric + Soundcharts (observed); see 02_Methodology
Q1_2022,Khaid,8065.84,44.3528,3577.42,55.6472,4488.42,6732630.0,"United States, Ghana, Kenya, United Kingdom, South Africa",observed: artist's own Nigerian share of listeners this quarter | Chartmetric + Soundcharts (observed); see 02_Methodology
Q1_2022,Brymo,7492.99,26.8561,2012.32,73.1439,5480.67,8221005.0,"United States, United Kingdom, Canada, Ghana, Kenya",observed: artist's own Nigerian share of listeners this quarter | Chartmetric + Soundcharts (observed); see 02_Methodology
Q1_2022,Vector,7067.5,29.1804,2062.33,70.8196,5005.17,7507755.0,"United States, Kenya, United Kingdom, Ghana, South Africa",observed: artist's own Nigerian share of listeners this quarter | Chartmetric + Soundcharts (observed); see 02_Methodology
Q1_2022,HarrySong,6366.72,11.8402,753.83,88.1598,5612.89,8419335.0,"United States, United Kingdom, Netherlands, Kenya, Canada",observed: artist's own Nigerian share of listeners this quarter | Chartmetric + Soundcharts (observed); see 02_Methodology
Q1_2022,Johnny Drille,6156.76,19.4436,1197.09,80.5564,4959.67,7439505.0,"United States, Kenya, Ghana, United Kingdom, Canada",observed: artist's own Nigerian share of listeners this quarter | Chartmetric + Soundcharts (observed); see 02_Methodology
Q1_2022,M.I. Abaga,5631.09,25.655,1444.66,74.345,4186.43,6279645.0,"United States, United Kingdom, Canada, Ghana, Kenya",observed: artist's own Nigerian share of listeners this quarter | Chartmetric + Soundcharts (observed); see 02_Methodology
Q1_2022,Sean Tizzle,5612.19,9.7849,549.15,90.2151,5063.04,7594560.0,"United States, Netherlands, United Kingdom, Canada, Germany",observed: artist's own Nigerian share of listeners this quarter | Chartmetric + Soundcharts (observed); see 02_Methodology
Q1_2022,Solidstar,5551.77,8.0444,446.61,91.9556,5105.16,7657740.0,"United States, Netherlands, United Kingdom, Colombia, Germany",observed: artist's own Nigerian share of listeners this quarter | Chartmetric + Soundcharts (observed); see 02_Methodology
Q1_2022,CDQ,5352.42,26.5026,1418.53,73.4974,3933.89,5900835.0,"United States, United Kingdom, Canada, Ghana, Netherlands",observed: artist's own Nigerian share of listeners this quarter | Chartmetric + Soundcharts (observed); see 02_Methodology
Q1_2022,Dremo,5319.32,36.6565,1949.87,63.3435,3369.45,5054175.0,"United States, United Kingdom, Canada, Ghana, Netherlands",observed: artist's own Nigerian share of listeners this quarter | Chartmetric + Soundcharts (observed); see 02_Methodology
Q1_2022,Duncan Mighty,5228.88,17.96,939.11,82.04,4289.77,6434655.0,"United Kingdom, United States, Netherlands, Ghana, Canada",observed: artist's own Nigerian share of listeners this quarter | Chartmetric + Soundcharts (observed); see 02_Methodology
Q1_2022,Prettyboy D-O,5124.5,13.6489,699.44,86.3511,4425.06,6637590.0,"United States, United Kingdom, Canada, Netherlands, France",observed: artist's own Nigerian share of listeners this quarter | Chartmetric + Soundcharts (observed); see 02_Methodology
Q1_2022,Young Jonn,4334.08,17.6927,766.82,82.3073,3567.26,5350890.0,"United States, United Kingdom, Canada, Ghana, Netherlands",observed: artist's own Nigerian share of listeners this quarter | Chartmetric + Soundcharts (observed); see 02_Methodology
Q1_2022,Seyi Vibez,3399.14,52.0074,1767.81,47.9926,1631.34,2447010.0,"United States, United Kingdom, Ghana, Canada, Kenya",observed: artist's own Nigerian share of listeners this quarter | Chartmetric + Soundcharts (observed); see 02_Methodology
Q1_2022,Waje,2785.2,13.8749,386.44,86.1251,2398.76,3598140.0,"United States, Kenya, United Kingdom, Netherlands, Ghana",observed: artist's own Nigerian share of listeners this quarter | Chartmetric + Soundcharts (observed); see 02_Methodology
Q1_2022,Darey,2567.83,24.9885,641.66,75.0115,1926.17,2889255.0,"Italy, United States, Cameroon, United Kingdom, Canada",observed: artist's own Nigerian share of listeners this quarter | Chartmetric + Soundcharts (observed); see 02_Methodology
Q1_2022,Naeto C,2521.79,24.5068,618.01,75.4932,1903.78,2855670.0,"United States, United Kingdom, Canada, Ghana, South Africa",observed: artist's own Nigerian share of listeners this quarter | Chartmetric + Soundcharts (observed); see 02_Methodology
Q1_2022,Lyta,2243.03,35.8698,804.57,64.1302,1438.46,2157690.0,"United States, United Kingdom, Ghana, Canada, Kenya",observed: artist's own Nigerian share of listeners this quarter | Chartmetric + Soundcharts (observed); see 02_Methodology
Q1_2022,Jesse Jagz,2235.25,18.9125,422.74,81.0875,1812.5,2718750.0,"United Kingdom, United States, Canada, Sweden, Ghana",observed: artist's own Nigerian share of listeners this quarter | Chartmetric + Soundcharts (observed); see 02_Methodology
Q1_2022,King Sunny Ade,2148.69,18.0674,388.21,81.9326,1760.47,2640705.0,"United States, United Kingdom, Canada, Ireland, Australia",observed: artist's own Nigerian share of listeners this quarter | Chartmetric + Soundcharts (observed); see 02_Methodology
Q1_2022,Small Doctor,2008.29,27.9218,560.75,72.0782,1447.54,2171310.0,"United States, United Kingdom, Canada, Ghana, Ireland",observed: artist's own Nigerian share of listeners this quarter | Chartmetric + Soundcharts (observed); see 02_Methodology
Q1_2022,Sound Sultan,1846.43,20.6907,382.04,79.3093,1464.39,2196585.0,"United States, United Kingdom, Canada, Ghana, Netherlands",observed: artist's own Nigerian share of listeners this quarter | Chartmetric + Soundcharts (observed); see 02_Methodology
Q1_2022,Illbliss,1776.36,23.5077,417.58,76.4923,1358.78,2038170.0,"United States, United Kingdom, Canada, Ghana, South Africa",observed: artist's own Nigerian share of listeners this quarter | Chartmetric + Soundcharts (observed); see 02_Methodology
Q1_2022,Olu Maintain,1590.27,21.4043,340.39,78.5957,1249.89,1874835.0,"United Kingdom, United States, Canada, Ghana, Ireland",observed: artist's own Nigerian share of listeners this quarter | Chartmetric + Soundcharts (observed); see 02_Methodology
Q1_2022,Mr Real,1521.68,9.8854,150.42,90.1146,1371.26,2056890.0,"United States, United Kingdom, Canada, France, Ghana",observed: artist's own Nigerian share of listeners this quarter | Chartmetric + Soundcharts (observed); see 02_Methodology
Q1_2022,Terry Apala,1050.14,27.9642,293.66,72.0358,756.48,1134720.0,"United States, United Kingdom, South Africa, Ghana, Canada",observed: artist's own Nigerian share of listeners this quarter | Chartmetric + Soundcharts (observed); see 02_Methodology
Q1_2022,Yung6ix,863.86,26.2154,226.46,73.7846,637.39,956085.0,"United States, United Kingdom, Canada, Ghana, Netherlands",observed: artist's own Nigerian share of listeners this quarter | Chartmetric + Soundcharts (observed); see 02_Methodology
Q1_2022,Eldee,701.5,34.533,242.25,65.467,459.25,688875.0,"United States, United Kingdom, Canada, Ghana, Ireland",observed: artist's own Nigerian share of listeners this quarter | Chartmetric + Soundcharts (observed); see 02_Methodology
Q1_2022,Libianca,603.25,4.4983,27.14,95.5017,576.12,864180.0,"United States, Canada, Australia, Netherlands, United Kingdom",assumed: portfolio-wide ratio applied to an artist without own geography | Chartmetric + Soundcharts (observed); see 02_Methodology
Q1_2022,Dammy Krane,488.27,18.2635,89.18,81.7365,399.1,598650.0,"United States, United Kingdom, Canada, Ghana, Netherlands",observed: artist's own Nigerian share of listeners this quarter | Chartmetric + Soundcharts (observed); see 02_Methodology
Q1_2022,ODUMODUBLVCK,295.41,59.8669,176.85,40.1331,118.56,177840.0,"United States, Ghana, United Kingdom, Kenya, Germany",observed: artist's own Nigerian share of listeners this quarter | Chartmetric + Soundcharts (observed); see 02_Methodology
Q1_2022,Lagbaja,223.06,4.4983,10.03,95.5017,213.02,319530.0,,assumed: portfolio-wide ratio applied to an artist without own geography | Chartmetric + Soundcharts (observed); see 02_Methodology
Q1_2022,Spyro,185.48,18.6958,34.68,81.3042,150.8,226200.0,"United States, Canada, United Kingdom, France, Ghana",observed: artist's own Nigerian share of listeners this quarter | Chartmetric + Soundcharts (observed); see 02_Methodology
Q1_2022,Ebenezer Obey,113.62,4.4983,5.11,95.5017,108.51,162765.0,,assumed: portfolio-wide ratio applied to an artist without own geography | Chartmetric + Soundcharts (observed); see 02_Methodology
Q1_2022,Sauce Kid,106.8,28.6604,30.61,71.3396,76.19,114285.0,"United States, Canada, United Kingdom, Australia, South Africa",observed: artist's own Nigerian share of listeners this quarter | Chartmetric + Soundcharts (observed); see 02_Methodology
Q1_2022,Oritsefemi,26.44,88.8889,23.5,11.1111,2.94,4410.0,"United States, Japan, Italy, Germany, France",observed: artist's own Nigerian share of listeners this quarter | Chartmetric + Soundcharts (observed); see 02_Methodology
Q1_2022,Boy Spyce,0.36,4.4983,0.02,95.5017,0.34,510.0,,assumed: portfolio-wide ratio applied to an artist without own geography | Chartmetric + Soundcharts (observed); see 02_Methodology
Q1_2022,Odunsi,0.31,4.4983,0.01,95.5017,0.3,450.0,,assumed: portfolio-wide ratio applied to an artist without own geography | Chartmetric + Soundcharts (observed); see 02_Methodology
Q1_2022,DJ Spinall,0.22,20.0,0.04,80.0,0.17,255.0,"United States, United Kingdom, South Africa, Saudi Arabia, Rwanda",observed: artist's own Nigerian share of listeners this quarter | Chartmetric + Soundcharts (observed); see 02_Methodology
Q1_2022,=== PERIOD TOTAL ===,12522069.95,,574694.23,,11947375.68,17921063520.0,,Aggregated
Q2_2022,CKay,1582048.05,0.532,8415.89,99.468,1573632.16,2360448240.0,"India, France, United States, Netherlands, Brazil",observed: artist's own Nigerian share of listeners this quarter | Chartmetric + Soundcharts (observed); see 02_Methodology
Q2_2022,Burna Boy,1073729.06,1.7745,19053.14,98.2255,1054675.92,1582013880.0,"United States, United Kingdom, France, South Africa, Kenya",observed: artist's own Nigerian share of listeners this quarter | Chartmetric + Soundcharts (observed); see 02_Methodology
Q2_2022,Tems,1054733.84,0.5693,6004.36,99.4307,1048729.48,1573094220.0,"United States, United Kingdom, Australia, Canada, Netherlands",observed: artist's own Nigerian share of listeners this quarter | Chartmetric + Soundcharts (observed); see 02_Methodology
Q2_2022,Wizkid,878397.4,1.8615,16351.5,98.1385,862045.9,1293068850.0,"United States, Côte D’Ivoire, United Kingdom, France, South Africa",observed: artist's own Nigerian share of listeners this quarter | Chartmetric + Soundcharts (observed); see 02_Methodology
Q2_2022,Rema,852163.45,2.0463,17437.64,97.9537,834725.81,1252088715.0,"France, Netherlands, United States, United Kingdom, Germany",observed: artist's own Nigerian share of listeners this quarter | Chartmetric + Soundcharts (observed); see 02_Methodology
Q2_2022,Fireboy DML,819739.52,1.6684,13676.73,98.3316,806062.78,1209094170.0,"United Kingdom, Netherlands, United States, France, Canada",observed: artist's own Nigerian share of listeners this quarter | Chartmetric + Soundcharts (observed); see 02_Methodology
Q2_2022,Davido,497452.74,4.846,24106.43,95.154,473346.3,710019450.0,"Côte D’Ivoire, United States, Cameroon, United Kingdom, Canada",observed: artist's own Nigerian share of listeners this quarter | Chartmetric + Soundcharts (observed); see 02_Methodology
Q2_2022,Kizz Daniel,465231.79,8.8335,41096.28,91.1665,424135.51,636203265.0,"Netherlands, Germany, United States, France, United Arab Emirates",observed: artist's own Nigerian share of listeners this quarter | Chartmetric + Soundcharts (observed); see 02_Methodology
Q2_2022,Omah Lay,434441.39,3.2914,14299.13,96.7086,420142.26,630213390.0,"United States, Netherlands, Canada, United Kingdom, Germany",observed: artist's own Nigerian share of listeners this quarter | Chartmetric + Soundcharts (observed); see 02_Methodology
Q2_2022,Amaarae,386201.84,4.8482,18723.86,95.1518,367477.99,551216985.0,"United States, India, Türkiye, United Kingdom, Australia",assumed: portfolio-wide ratio applied to an artist without own geography | Chartmetric + Soundcharts (observed); see 02_Methodology
Q2_2022,Mr Eazi,309753.65,1.1648,3608.09,98.8352,306145.57,459218355.0,"Côte D’Ivoire, Guatemala, Costa Rica, United States, United Kingdom",observed: artist's own Nigerian share of listeners this quarter | Chartmetric + Soundcharts (observed); see 02_Methodology
Q2_2022,Pheelz,308851.68,4.6076,14230.78,95.3924,294620.91,441931365.0,"United Kingdom, Netherlands, France, United States, Canada",observed: artist's own Nigerian share of listeners this quarter | Chartmetric + Soundcharts (observed); see 02_Methodology
Q2_2022,Tekno,260895.11,7.3421,19155.18,92.6579,241739.93,362609895.0,"United States, Kenya, France, Netherlands, United Kingdom",observed: artist's own Nigerian share of listeners this quarter | Chartmetric + Soundcharts (observed); see 02_Methodology
Q2_2022,Darkoo,240837.61,3.0645,7380.59,96.9355,233457.02,350185530.0,"United Kingdom, Australia, Netherlands, United States, Germany",observed: artist's own Nigerian share of listeners this quarter | Chartmetric + Soundcharts (observed); see 02_Methodology
Q2_2022,Joeboy,230697.98,5.7688,13308.5,94.2312,217389.48,326084220.0,"Netherlands, United States, United Kingdom, France, Canada",observed: artist's own Nigerian share of listeners this quarter | Chartmetric + Soundcharts (observed); see 02_Methodology
Q2_2022,BNXN,214138.42,5.5814,11952.01,94.4186,202186.41,303279615.0,"United Kingdom, Netherlands, United States, France, Canada",observed: artist's own Nigerian share of listeners this quarter | Chartmetric + Soundcharts (observed); see 02_Methodology
Q2_2022,Flavour,201973.82,9.2147,18611.37,90.7853,183362.45,275043675.0,"United States, United Kingdom, Netherlands, Canada, France",observed: artist's own Nigerian share of listeners this quarter | Chartmetric + Soundcharts (observed); see 02_Methodology
Q2_2022,Lojay,186025.8,6.4573,12012.24,93.5427,174013.55,261020325.0,"United States, United Kingdom, Netherlands, Kenya, Germany",observed: artist's own Nigerian share of listeners this quarter | Chartmetric + Soundcharts (observed); see 02_Methodology
Q2_2022,Asake,182020.13,20.0493,36493.81,79.9507,145526.33,218289495.0,"Netherlands, United States, Ghana, Australia, Kenya",observed: artist's own Nigerian share of listeners this quarter | Chartmetric + Soundcharts (observed); see 02_Methodology
Q2_2022,Olamide,164769.49,6.5985,10872.33,93.4015,153897.15,230845725.0,"Côte D’Ivoire, United States, United Kingdom, France, Canada",observed: artist's own Nigerian share of listeners this quarter | Chartmetric + Soundcharts (observed); see 02_Methodology
Q2_2022,Yemi Alade,149920.39,1.8564,2783.05,98.1436,147137.34,220706010.0,"Côte D’Ivoire, Congo - Kinshasa, Gambia, United States, France",observed: artist's own Nigerian share of listeners this quarter | Chartmetric + Soundcharts (observed); see 02_Methodology
Q2_2022,Ayra Starr,145404.93,11.5123,16739.4,88.4877,128665.53,192998295.0,"United States, United Kingdom, Netherlands, France, Kenya",observed: artist's own Nigerian share of listeners this quarter | Chartmetric + Soundcharts (observed); see 02_Methodology
Q2_2022,Tiwa Savage,136660.96,4.7291,6462.79,95.2709,130198.17,195297255.0,"United States, Côte D’Ivoire, United Kingdom, France, Kenya",observed: artist's own Nigerian share of listeners this quarter | Chartmetric + Soundcharts (observed); see 02_Methodology
Q2_2022,Sarz,118965.39,6.0789,7231.82,93.9211,111733.56,167600340.0,"United States, United Kingdom, Netherlands, France, Kenya",observed: artist's own Nigerian share of listeners this quarter | Chartmetric + Soundcharts (observed); see 02_Methodology
Q2_2022,Adekunle Gold,116979.41,6.9568,8137.99,93.0432,108841.42,163262130.0,"United States, United Kingdom, Netherlands, Canada, Kenya",observed: artist's own Nigerian share of listeners this quarter | Chartmetric + Soundcharts (observed); see 02_Methodology
Q2_2022,Patoranking,111899.31,5.768,6454.37,94.232,105444.94,158167410.0,"United States, Kenya, United Kingdom, France, South Africa",observed: artist's own Nigerian share of listeners this quarter | Chartmetric + Soundcharts (observed); see 02_Methodology
Q2_2022,Timaya,106812.98,11.7765,12578.81,88.2235,94234.17,141351255.0,"United States, Kenya, United Kingdom, Italy, France",observed: artist's own Nigerian share of listeners this quarter | Chartmetric + Soundcharts (observed); see 02_Methodology
Q2_2022,Skiibii,105444.29,15.0631,15883.21,84.9369,89561.08,134341620.0,"United States, Netherlands, United Kingdom, Canada, France",observed: artist's own Nigerian share of listeners this quarter | Chartmetric + Soundcharts (observed); see 02_Methodology
Q2_2022,Olakira,99455.29,2.3103,2297.75,97.6897,97157.55,145736325.0,"Netherlands, United States, France, United Kingdom, Canada",observed: artist's own Nigerian share of listeners this quarter | Chartmetric + Soundcharts (observed); see 02_Methodology
Q2_2022,Mayorkun,95681.82,14.6769,14043.14,85.3231,81638.68,122458020.0,"United Kingdom, United States, Netherlands, Kenya, Canada",observed: artist's own Nigerian share of listeners this quarter | Chartmetric + Soundcharts (observed); see 02_Methodology
Q2_2022,Naira Marley,95058.07,17.489,16624.71,82.511,78433.36,117650040.0,"United Kingdom, Italy, United States, Netherlands, France",observed: artist's own Nigerian share of listeners this quarter | Chartmetric + Soundcharts (observed); see 02_Methodology
Q2_2022,Ric Hassani,94892.42,1.0265,974.1,98.9735,93918.32,140877480.0,"Netherlands, France, India, Germany, United Kingdom",observed: artist's own Nigerian share of listeners this quarter | Chartmetric + Soundcharts (observed); see 02_Methodology
Q2_2022,Maleek Berry,93093.83,1.3042,1214.16,98.6958,91879.67,137819505.0,"United States, United Kingdom, France, Canada, Israel",observed: artist's own Nigerian share of listeners this quarter | Chartmetric + Soundcharts (observed); see 02_Methodology
Q2_2022,Oxlade,83248.51,7.6333,6354.59,92.3667,76893.91,115340865.0,"United States, United Kingdom, Netherlands, France, Canada",observed: artist's own Nigerian share of listeners this quarter | Chartmetric + Soundcharts (observed); see 02_Methodology
Q2_2022,Wande Coal,80891.76,12.3376,9980.12,87.6624,70911.63,106367445.0,"United States, United Kingdom, France, Germany, Canada",observed: artist's own Nigerian share of listeners this quarter | Chartmetric + Soundcharts (observed); see 02_Methodology
Q2_2022,P-Square,79626.51,3.7178,2960.39,96.2822,76666.13,114999195.0,"United States, France, Kenya, United Kingdom, South Africa",observed: artist's own Nigerian share of listeners this quarter | Chartmetric + Soundcharts (observed); see 02_Methodology
Q2_2022,Simi,65517.46,13.0127,8525.59,86.9873,56991.87,85487805.0,"Cameroon, United States, United Kingdom, Netherlands, Kenya",observed: artist's own Nigerian share of listeners this quarter | Chartmetric + Soundcharts (observed); see 02_Methodology
Q2_2022,Nonso Amadi,64117.3,3.4067,2184.26,96.5933,61933.04,92899560.0,"Canada, United States, United Kingdom, Netherlands, Australia",observed: artist's own Nigerian share of listeners this quarter | Chartmetric + Soundcharts (observed); see 02_Methodology
Q2_2022,Victony,60318.87,19.8588,11978.58,80.1412,48340.29,72510435.0,"United States, United Kingdom, Kenya, Netherlands, France",observed: artist's own Nigerian share of listeners this quarter | Chartmetric + Soundcharts (observed); see 02_Methodology
Q2_2022,Teni,59359.75,10.7204,6363.59,89.2796,52996.16,79494240.0,"United States, United Kingdom, Ghana, Italy, Netherlands",observed: artist's own Nigerian share of listeners this quarter | Chartmetric + Soundcharts (observed); see 02_Methodology
Q2_2022,Reekado Banks,54375.09,17.9868,9780.34,82.0132,44594.75,66892125.0,"Côte D’Ivoire, United States, Kenya, United Kingdom, France",observed: artist's own Nigerian share of listeners this quarter | Chartmetric + Soundcharts (observed); see 02_Methodology
Q2_2022,Boj,50615.58,6.1969,3136.6,93.8031,47478.98,71218470.0,"Germany, Ireland, Norway, Switzerland, Denmark",observed: artist's own Nigerian share of listeners this quarter | Chartmetric + Soundcharts (observed); see 02_Methodology
Q2_2022,Ruger,50230.03,12.6583,6358.24,87.3417,43871.79,65807685.0,"Kenya, Netherlands, United States, United Kingdom, France",observed: artist's own Nigerian share of listeners this quarter | Chartmetric + Soundcharts (observed); see 02_Methodology
Q2_2022,Falz,49306.37,15.3918,7589.14,84.6082,41717.23,62575845.0,"United Kingdom, United States, Netherlands, Canada, Germany",observed: artist's own Nigerian share of listeners this quarter | Chartmetric + Soundcharts (observed); see 02_Methodology
Q2_2022,Lil Kesh,49161.05,27.7775,13655.69,72.2225,35505.36,53258040.0,"United States, United Kingdom, Canada, Netherlands, Ghana",observed: artist's own Nigerian share of listeners this quarter | Chartmetric + Soundcharts (observed); see 02_Methodology
Q2_2022,Aṣa,47308.18,11.123,5262.1,88.877,42046.09,63069135.0,"France, United States, United Kingdom, Netherlands, Germany",observed: artist's own Nigerian share of listeners this quarter | Chartmetric + Soundcharts (observed); see 02_Methodology
Q2_2022,Chike,45695.5,13.9765,6386.62,86.0235,39308.88,58963320.0,"United States, Kenya, United Kingdom, Ghana, Canada",observed: artist's own Nigerian share of listeners this quarter | Chartmetric + Soundcharts (observed); see 02_Methodology
Q2_2022,Crayon,45107.74,21.3104,9612.63,78.6896,35495.11,53242665.0,"United States, Netherlands, United Kingdom, France, Ghana",observed: artist's own Nigerian share of listeners this quarter | Chartmetric + Soundcharts (observed); see 02_Methodology
Q2_2022,Ice Prince,43643.39,6.4998,2836.74,93.5002,40806.65,61209975.0,"United States, France, Kenya, United Kingdom, South Africa",observed: artist's own Nigerian share of listeners this quarter | Chartmetric + Soundcharts (observed); see 02_Methodology
Q2_2022,DJ Neptune,39935.16,9.2707,3702.26,90.7293,36232.9,54349350.0,"United States, Netherlands, United Kingdom, France, Canada",observed: artist's own Nigerian share of listeners this quarter | Chartmetric + Soundcharts (observed); see 02_Methodology
Q2_2022,Bella Shmurda,39359.29,42.569,16754.86,57.431,22604.43,33906645.0,"United States, United Kingdom, Ghana, Canada, Kenya",observed: artist's own Nigerian share of listeners this quarter | Chartmetric + Soundcharts (observed); see 02_Methodology
Q2_2022,Ycee,36778.77,5.3673,1974.02,94.6327,34804.75,52207125.0,"Tanzania, United States, United Kingdom, Netherlands, Italy",observed: artist's own Nigerian share of listeners this quarter | Chartmetric + Soundcharts (observed); see 02_Methodology
Q2_2022,Korede Bello,36303.81,1.9078,692.61,98.0922,35611.2,53416800.0,"Côte D’Ivoire, Gambia, Congo - Kinshasa, United States, France",observed: artist's own Nigerian share of listeners this quarter | Chartmetric + Soundcharts (observed); see 02_Methodology
Q2_2022,LADIPOE,35775.96,17.065,6105.16,82.935,29670.8,44506200.0,"United States, United Kingdom, Canada, Kenya, Ghana",observed: artist's own Nigerian share of listeners this quarter | Chartmetric + Soundcharts (observed); see 02_Methodology
Q2_2022,Fela Kuti,35381.76,2.2282,788.36,97.7718,34593.4,51890100.0,"United States, United Kingdom, France, Italy, South Africa",observed: artist's own Nigerian share of listeners this quarter | Chartmetric + Soundcharts (observed); see 02_Methodology
Q2_2022,Zinoleesky,32678.19,31.6912,10356.12,68.3088,22322.07,33483105.0,"United States, United Kingdom, Canada, Netherlands, France",observed: artist's own Nigerian share of listeners this quarter | Chartmetric + Soundcharts (observed); see 02_Methodology
Q2_2022,Young Jonn,32590.21,21.1749,6900.96,78.8251,25689.25,38533875.0,"United States, United Kingdom, Netherlands, Canada, France",observed: artist's own Nigerian share of listeners this quarter | Chartmetric + Soundcharts (observed); see 02_Methodology
Q2_2022,Magixx,31119.02,14.2245,4426.52,85.7755,26692.5,40038750.0,"Netherlands, United States, United Kingdom, France, Canada",observed: artist's own Nigerian share of listeners this quarter | Chartmetric + Soundcharts (observed); see 02_Methodology
Q2_2022,Niniola,30128.06,9.3885,2828.57,90.6115,27299.49,40949235.0,"Netherlands, United States, France, United Kingdom, South Africa",observed: artist's own Nigerian share of listeners this quarter | Chartmetric + Soundcharts (observed); see 02_Methodology
Q2_2022,WurlD,29086.44,5.8266,1694.75,94.1734,27391.69,41087535.0,"United States, Netherlands, United Kingdom, Canada, Kenya",observed: artist's own Nigerian share of listeners this quarter | Chartmetric + Soundcharts (observed); see 02_Methodology
Q2_2022,Odunsi (The Engine),26764.77,2.5379,679.25,97.4621,26085.52,39128280.0,"United States, United Kingdom, Canada, Netherlands, Australia",observed: artist's own Nigerian share of listeners this quarter | Chartmetric + Soundcharts (observed); see 02_Methodology
Q2_2022,2Baba,26644.88,15.4958,4128.84,84.5042,22516.04,33774060.0,"United States, Australia, United Kingdom, New Zealand, Italy",observed: artist's own Nigerian share of listeners this quarter | Chartmetric + Soundcharts (observed); see 02_Methodology
Q2_2022,Ajebutter22,26432.27,7.5484,1995.21,92.4516,24437.07,36655605.0,"United States, United Kingdom, Netherlands, Canada, France",observed: artist's own Nigerian share of listeners this quarter | Chartmetric + Soundcharts (observed); see 02_Methodology
Q2_2022,Terri,26063.23,14.2213,3706.54,85.7787,22356.68,33535020.0,"Netherlands, France, United States, Canada, Benin",observed: artist's own Nigerian share of listeners this quarter | Chartmetric + Soundcharts (observed); see 02_Methodology
Q2_2022,Blaqbonez,26009.39,20.9284,5443.35,79.0716,20566.03,30849045.0,"United States, United Kingdom, Netherlands, Canada, Ghana",observed: artist's own Nigerian share of listeners this quarter | Chartmetric + Soundcharts (observed); see 02_Methodology
Q2_2022,D'banj,25278.58,7.4513,1883.57,92.5487,23395.0,35092500.0,"United Kingdom, United States, Romania, Morocco, France",observed: artist's own Nigerian share of listeners this quarter | Chartmetric + Soundcharts (observed); see 02_Methodology
Q2_2022,Reminisce,24723.36,25.8649,6394.68,74.1351,18328.68,27493020.0,"United States, United Kingdom, Canada, Netherlands, Ghana",observed: artist's own Nigerian share of listeners this quarter | Chartmetric + Soundcharts (observed); see 02_Methodology
Q2_2022,Tay Iwar,24112.5,3.5329,851.86,96.4671,23260.64,34890960.0,"United States, United Kingdom, Netherlands, Canada, Australia",observed: artist's own Nigerian share of listeners this quarter | Chartmetric + Soundcharts (observed); see 02_Methodology
Q2_2022,Zlatan,22868.11,19.0578,4358.17,80.9422,18509.95,27764925.0,"United States, United Kingdom, Canada, Ghana, Netherlands",observed: artist's own Nigerian share of listeners this quarter | Chartmetric + Soundcharts (observed); see 02_Methodology
Q2_2022,Cruel Santino,22834.2,5.189,1184.86,94.811,21649.34,32474010.0,"United States, United Kingdom, Canada, Netherlands, France",observed: artist's own Nigerian share of listeners this quarter | Chartmetric + Soundcharts (observed); see 02_Methodology
Q2_2022,Banky W.,21634.03,13.526,2926.21,86.474,18707.82,28061730.0,"United States, Kenya, Norway, United Kingdom, Zambia",observed: artist's own Nigerian share of listeners this quarter | Chartmetric + Soundcharts (observed); see 02_Methodology
Q2_2022,Bracket,21330.0,2.3121,493.16,97.6879,20836.84,31255260.0,"Netherlands, France, Italy, Spain, United States",observed: artist's own Nigerian share of listeners this quarter | Chartmetric + Soundcharts (observed); see 02_Methodology
Q2_2022,Iyanya,20354.42,8.0615,1640.88,91.9385,18713.55,28070325.0,"United States, France, United Kingdom, Kenya, Italy",observed: artist's own Nigerian share of listeners this quarter | Chartmetric + Soundcharts (observed); see 02_Methodology
Q2_2022,Phyno,20293.46,24.7678,5026.23,75.2322,15267.23,22900845.0,"United States, Italy, United Kingdom, United Arab Emirates, Germany",observed: artist's own Nigerian share of listeners this quarter | Chartmetric + Soundcharts (observed); see 02_Methodology
Q2_2022,Praiz,17891.88,2.3615,422.52,97.6385,17469.36,26204040.0,"Netherlands, United States, Sweden, United Kingdom, Germany",observed: artist's own Nigerian share of listeners this quarter | Chartmetric + Soundcharts (observed); see 02_Methodology
Q2_2022,Peruzzi,15759.45,20.8773,3290.15,79.1227,12469.3,18703950.0,"United States, United Kingdom, Canada, Netherlands, Ghana",observed: artist's own Nigerian share of listeners this quarter | Chartmetric + Soundcharts (observed); see 02_Methodology
Q2_2022,Show Dem Camp,15485.81,10.132,1569.02,89.868,13916.79,20875185.0,"United States, United Kingdom, Canada, Netherlands, South Africa",observed: artist's own Nigerian share of listeners this quarter | Chartmetric + Soundcharts (observed); see 02_Methodology
Q2_2022,Khaid,14710.34,30.1378,4433.37,69.8622,10276.97,15415455.0,"Ghana, Kenya, United States, South Africa, Canada",observed: artist's own Nigerian share of listeners this quarter | Chartmetric + Soundcharts (observed); see 02_Methodology
Q2_2022,Mohbad,14443.04,38.1011,5502.97,61.8989,8940.08,13410120.0,"United States, United Kingdom, Canada, Ghana, Netherlands",observed: artist's own Nigerian share of listeners this quarter | Chartmetric + Soundcharts (observed); see 02_Methodology
Q2_2022,Rude Boy,14215.5,4.8482,689.2,95.1518,13526.31,20289465.0,"Mexico, Peru, India, Vietnam, Chile",assumed: portfolio-wide ratio applied to an artist without own geography | Chartmetric + Soundcharts (observed); see 02_Methodology
Q2_2022,Mannywellz,13156.42,1.9483,256.33,98.0517,12900.09,19350135.0,"United States, United Kingdom, Canada, South Africa, Australia",observed: artist's own Nigerian share of listeners this quarter | Chartmetric + Soundcharts (observed); see 02_Methodology
Q2_2022,Bad Boy Timz,11663.65,29.2964,3417.03,70.7036,8246.62,12369930.0,"United States, United Kingdom, Ghana, Canada, Kenya",observed: artist's own Nigerian share of listeners this quarter | Chartmetric + Soundcharts (observed); see 02_Methodology
Q2_2022,Brymo,11451.55,30.0372,3439.73,69.9628,8011.82,12017730.0,"United States, United Kingdom, Canada, Ghana, Kenya",observed: artist's own Nigerian share of listeners this quarter | Chartmetric + Soundcharts (observed); see 02_Methodology
Q2_2022,Dice Ailes,10658.38,16.8081,1791.47,83.1919,8866.91,13300365.0,"United States, United Kingdom, Canada, Netherlands, Benin",observed: artist's own Nigerian share of listeners this quarter | Chartmetric + Soundcharts (observed); see 02_Methodology
Q2_2022,Lady Donli,10152.3,2.2956,233.06,97.7044,9919.25,14878875.0,"United States, United Kingdom, Netherlands, Germany, Canada",observed: artist's own Nigerian share of listeners this quarter | Chartmetric + Soundcharts (observed); see 02_Methodology
Q2_2022,HarrySong,9396.09,7.8485,737.45,92.1515,8658.64,12987960.0,"United States, Netherlands, United Kingdom, France, Canada",observed: artist's own Nigerian share of listeners this quarter | Chartmetric + Soundcharts (observed); see 02_Methodology
Q2_2022,9ice,8613.63,29.4641,2537.93,70.5359,6075.71,9113565.0,"United Kingdom, United States, Canada, Ghana, Ireland",observed: artist's own Nigerian share of listeners this quarter | Chartmetric + Soundcharts (observed); see 02_Methodology
Q2_2022,Sean Tizzle,7990.9,7.3742,589.27,92.6258,7401.63,11102445.0,"United States, Netherlands, United Kingdom, Canada, Germany",observed: artist's own Nigerian share of listeners this quarter | Chartmetric + Soundcharts (observed); see 02_Methodology
Q2_2022,Seyi Shay,7367.1,4.6867,345.28,95.3133,7021.82,10532730.0,"United States, United Kingdom, Australia, Canada, Italy",observed: artist's own Nigerian share of listeners this quarter | Chartmetric + Soundcharts (observed); see 02_Methodology
Q2_2022,Johnny Drille,6118.65,19.5613,1196.89,80.4387,4921.76,7382640.0,"United States, Kenya, Ghana, United Kingdom, Canada",observed: artist's own Nigerian share of listeners this quarter | Chartmetric + Soundcharts (observed); see 02_Methodology
Q2_2022,M.I. Abaga,6034.33,26.0811,1573.82,73.9189,4460.51,6690765.0,"United States, United Kingdom, Canada, Ghana, South Africa",observed: artist's own Nigerian share of listeners this quarter | Chartmetric + Soundcharts (observed); see 02_Methodology
Q2_2022,Solidstar,5843.81,7.576,442.73,92.424,5401.09,8101635.0,"Netherlands, United States, United Kingdom, Colombia, Canada",observed: artist's own Nigerian share of listeners this quarter | Chartmetric + Soundcharts (observed); see 02_Methodology
Q2_2022,Boy Spyce,5778.61,44.1865,2553.37,55.8135,3225.24,4837860.0,"United States, Ghana, United Kingdom, Canada, Kenya",observed: artist's own Nigerian share of listeners this quarter | Chartmetric + Soundcharts (observed); see 02_Methodology
Q2_2022,Duncan Mighty,5601.48,19.0793,1068.72,80.9207,4532.76,6799140.0,"United States, United Kingdom, Netherlands, Canada, Sweden",observed: artist's own Nigerian share of listeners this quarter | Chartmetric + Soundcharts (observed); see 02_Methodology
Q2_2022,Vector,5361.27,30.4457,1632.28,69.5543,3729.0,5593500.0,"United States, Kenya, United Kingdom, Ghana, South Africa",observed: artist's own Nigerian share of listeners this quarter | Chartmetric + Soundcharts (observed); see 02_Methodology
Q2_2022,Dremo,4867.0,41.6951,2029.3,58.3049,2837.7,4256550.0,"United States, United Kingdom, Canada, Ghana, Kenya",observed: artist's own Nigerian share of listeners this quarter | Chartmetric + Soundcharts (observed); see 02_Methodology
Q2_2022,Prettyboy D-O,4835.22,14.0046,677.15,85.9954,4158.07,6237105.0,"United Kingdom, United States, Canada, France, Netherlands",observed: artist's own Nigerian share of listeners this quarter | Chartmetric + Soundcharts (observed); see 02_Methodology
Q2_2022,Waje,4504.02,17.1691,773.3,82.8309,3730.72,5596080.0,"United States, United Kingdom, Kenya, Netherlands, Canada",observed: artist's own Nigerian share of listeners this quarter | Chartmetric + Soundcharts (observed); see 02_Methodology
Q2_2022,Seyi Vibez,3802.19,52.3194,1989.28,47.6806,1812.9,2719350.0,"United States, United Kingdom, Ghana, Canada, Netherlands",observed: artist's own Nigerian share of listeners this quarter | Chartmetric + Soundcharts (observed); see 02_Methodology
Q2_2022,CDQ,3656.75,26.318,962.38,73.682,2694.36,4041540.0,"United States, United Kingdom, Canada, Ghana, South Africa",observed: artist's own Nigerian share of listeners this quarter | Chartmetric + Soundcharts (observed); see 02_Methodology
Q2_2022,Darey,2886.12,26.1807,755.61,73.8193,2130.51,3195765.0,"United States, Italy, United Kingdom, Cameroon, Canada",observed: artist's own Nigerian share of listeners this quarter | Chartmetric + Soundcharts (observed); see 02_Methodology
Q2_2022,Naeto C,2830.21,26.5482,751.37,73.4518,2078.84,3118260.0,"United States, United Kingdom, Canada, Ghana, South Africa",observed: artist's own Nigerian share of listeners this quarter | Chartmetric + Soundcharts (observed); see 02_Methodology
Q2_2022,Olu Maintain,2316.02,24.1658,559.69,75.8342,1756.33,2634495.0,"United Kingdom, United States, Canada, Ghana, Ireland",observed: artist's own Nigerian share of listeners this quarter | Chartmetric + Soundcharts (observed); see 02_Methodology
Q2_2022,King Sunny Ade,2268.0,21.0765,478.02,78.9235,1789.99,2684985.0,"United States, United Kingdom, Canada, Ireland, Australia",observed: artist's own Nigerian share of listeners this quarter | Chartmetric + Soundcharts (observed); see 02_Methodology
Q2_2022,Lyta,2227.86,36.6434,816.37,63.3566,1411.5,2117250.0,"United States, United Kingdom, Ghana, Canada, Kenya",observed: artist's own Nigerian share of listeners this quarter | Chartmetric + Soundcharts (observed); see 02_Methodology
Q2_2022,Jesse Jagz,2127.64,23.4288,498.48,76.5712,1629.16,2443740.0,"United Kingdom, United States, Canada, Sweden, Netherlands",observed: artist's own Nigerian share of listeners this quarter | Chartmetric + Soundcharts (observed); see 02_Methodology
Q2_2022,Sound Sultan,2096.75,26.2302,549.98,73.7698,1546.77,2320155.0,"United States, United Kingdom, Canada, Ghana, Netherlands",observed: artist's own Nigerian share of listeners this quarter | Chartmetric + Soundcharts (observed); see 02_Methodology
Q2_2022,Small Doctor,1924.41,26.1341,502.93,73.8659,1421.48,2132220.0,"United States, United Kingdom, Canada, Ghana, Ireland",observed: artist's own Nigerian share of listeners this quarter | Chartmetric + Soundcharts (observed); see 02_Methodology
Q2_2022,Terry Apala,1905.75,30.152,574.62,69.848,1331.13,1996695.0,"United States, United Kingdom, Ghana, Canada, South Africa",observed: artist's own Nigerian share of listeners this quarter | Chartmetric + Soundcharts (observed); see 02_Methodology
Q2_2022,Mr Real,1529.49,11.7574,179.83,88.2426,1349.67,2024505.0,"United States, United Kingdom, Canada, France, Ghana",observed: artist's own Nigerian share of listeners this quarter | Chartmetric + Soundcharts (observed); see 02_Methodology
Q2_2022,Illbliss,1494.95,24.832,371.22,75.168,1123.72,1685580.0,"United States, United Kingdom, Canada, Ghana, South Africa",observed: artist's own Nigerian share of listeners this quarter | Chartmetric + Soundcharts (observed); see 02_Methodology
Q2_2022,Yung6ix,1163.45,26.2848,305.81,73.7152,857.64,1286460.0,"United States, United Kingdom, Canada, Ghana, Netherlands",observed: artist's own Nigerian share of listeners this quarter | Chartmetric + Soundcharts (observed); see 02_Methodology
Q2_2022,ODUMODUBLVCK,1085.54,45.8753,497.99,54.1247,587.54,881310.0,"United Kingdom, United States, Ghana, Canada, Kenya",observed: artist's own Nigerian share of listeners this quarter | Chartmetric + Soundcharts (observed); see 02_Methodology
Q2_2022,Eldee,922.54,36.2699,334.6,63.7301,587.93,881895.0,"United States, United Kingdom, Canada, Ghana, Australia",observed: artist's own Nigerian share of listeners this quarter | Chartmetric + Soundcharts (observed); see 02_Methodology
Q2_2022,Dammy Krane,531.67,20.5663,109.34,79.4337,422.33,633495.0,"United States, United Kingdom, Canada, Ghana, Netherlands",observed: artist's own Nigerian share of listeners this quarter | Chartmetric + Soundcharts (observed); see 02_Methodology
Q2_2022,Libianca,469.62,0.496,2.33,99.504,467.29,700935.0,"United States, South Africa, Australia, Brazil, United Kingdom",observed: artist's own Nigerian share of listeners this quarter | Chartmetric + Soundcharts (observed); see 02_Methodology
Q2_2022,Lagbaja,257.72,4.8482,12.49,95.1518,245.22,367830.0,,assumed: portfolio-wide ratio applied to an artist without own geography | Chartmetric + Soundcharts (observed); see 02_Methodology
Q2_2022,Spyro,153.97,21.0655,32.44,78.9345,121.54,182310.0,"United States, United Kingdom, Canada, France, Australia",observed: artist's own Nigerian share of listeners this quarter | Chartmetric + Soundcharts (observed); see 02_Methodology
Q2_2022,Sauce Kid,150.8,30.142,45.45,69.858,105.35,158025.0,"United States, United Kingdom, Canada, Netherlands, Australia",observed: artist's own Nigerian share of listeners this quarter | Chartmetric + Soundcharts (observed); see 02_Methodology
Q2_2022,Ebenezer Obey,114.79,4.8482,5.57,95.1518,109.23,163845.0,,assumed: portfolio-wide ratio applied to an artist without own geography | Chartmetric + Soundcharts (observed); see 02_Methodology
Q2_2022,Oritsefemi,26.4,44.4444,11.74,55.5556,14.67,22005.0,"United States, United Kingdom, Japan, Canada, Belgium",observed: artist's own Nigerian share of listeners this quarter | Chartmetric + Soundcharts (observed); see 02_Methodology
Q2_2022,DJ Spinall,1.26,4.1667,0.05,95.8333,1.2,1800.0,"United States, United Kingdom, Vietnam, Uganda, Portugal",observed: artist's own Nigerian share of listeners this quarter | Chartmetric + Soundcharts (observed); see 02_Methodology
Q2_2022,Odunsi,0.31,4.8482,0.02,95.1518,0.3,450.0,,assumed: portfolio-wide ratio applied to an artist without own geography | Chartmetric + Soundcharts (observed); see 02_Methodology
Q2_2022,=== PERIOD TOTAL ===,13725219.46,,699667.33,,13025552.19,19538328285.0,,Aggregated
Q3_2022,Burna Boy,2180713.28,1.4658,31964.09,98.5342,2148749.19,3223123785.0,"United States, United Kingdom, South Africa, France, Kenya",observed: artist's own Nigerian share of listeners this quarter | Chartmetric + Soundcharts (observed); see 02_Methodology
Q3_2022,Rema,1911871.1,0.5205,9951.98,99.4795,1901919.12,2852878680.0,"Netherlands, United States, France, Germany, United Kingdom",observed: artist's own Nigerian share of listeners this quarter | Chartmetric + Soundcharts (observed); see 02_Methodology
Q3_2022,CKay,1289783.42,0.6528,8419.86,99.3472,1281363.56,1922045340.0,"India, France, Netherlands, United Kingdom, United States",observed: artist's own Nigerian share of listeners this quarter | Chartmetric + Soundcharts (observed); see 02_Methodology
Q3_2022,Tems,993373.97,0.6071,6030.64,99.3929,987343.33,1481014995.0,"United States, United Kingdom, Australia, Canada, Netherlands",observed: artist's own Nigerian share of listeners this quarter | Chartmetric + Soundcharts (observed); see 02_Methodology
Q3_2022,Wizkid,920572.49,2.5027,23038.95,97.4973,897533.54,1346300310.0,"United States, Côte D’Ivoire, United Kingdom, France, South Africa",observed: artist's own Nigerian share of listeners this quarter | Chartmetric + Soundcharts (observed); see 02_Methodology
Q3_2022,Fireboy DML,830135.61,3.1135,25846.66,96.8865,804288.94,1206433410.0,"United Kingdom, United States, Netherlands, France, Germany",observed: artist's own Nigerian share of listeners this quarter | Chartmetric + Soundcharts (observed); see 02_Methodology
Q3_2022,Kizz Daniel,561882.24,7.329,41180.38,92.671,520701.86,781052790.0,"Netherlands, United Kingdom, United States, Cameroon, United Arab Emirates",observed: artist's own Nigerian share of listeners this quarter | Chartmetric + Soundcharts (observed); see 02_Methodology
Q3_2022,Oxlade,479317.85,2.4923,11945.94,97.5077,467371.91,701057865.0,"Netherlands, United Kingdom, United States, France, Germany",observed: artist's own Nigerian share of listeners this quarter | Chartmetric + Soundcharts (observed); see 02_Methodology
Q3_2022,Omah Lay,463889.8,4.9064,22760.42,95.0936,441129.38,661694070.0,"Netherlands, United States, United Kingdom, Canada, Germany",observed: artist's own Nigerian share of listeners this quarter | Chartmetric + Soundcharts (observed); see 02_Methodology
Q3_2022,Davido,449993.34,5.8302,26235.53,94.1698,423757.81,635636715.0,"Tanzania, Côte D’Ivoire, United States, Cameroon, United Kingdom",observed: artist's own Nigerian share of listeners this quarter | Chartmetric + Soundcharts (observed); see 02_Methodology
Q3_2022,Asake,379805.07,16.4377,62431.37,83.5623,317373.69,476060535.0,"United Kingdom, United States, Netherlands, Canada, Kenya",observed: artist's own Nigerian share of listeners this quarter | Chartmetric + Soundcharts (observed); see 02_Methodology
Q3_2022,Amaarae,338229.42,0.3866,1307.64,99.6134,336921.78,505382670.0,"United States, India, Mexico, United Kingdom, Australia",observed: artist's own Nigerian share of listeners this quarter | Chartmetric + Soundcharts (observed); see 02_Methodology
Q3_2022,Mr Eazi,329278.28,0.8456,2784.29,99.1544,326493.99,489740985.0,"Côte D’Ivoire, Kenya, Guatemala, United States, France",observed: artist's own Nigerian share of listeners this quarter | Chartmetric + Soundcharts (observed); see 02_Methodology
Q3_2022,Pheelz,303709.48,7.7306,23478.58,92.2694,280230.9,420346350.0,"United Kingdom, Netherlands, United States, France, Canada",observed: artist's own Nigerian share of listeners this quarter | Chartmetric + Soundcharts (observed); see 02_Methodology
Q3_2022,BNXN,257796.31,6.337,16336.68,93.663,241459.64,362189460.0,"United Kingdom, United States, Netherlands, Canada, Australia",observed: artist's own Nigerian share of listeners this quarter | Chartmetric + Soundcharts (observed); see 02_Methodology
Q3_2022,Tekno,243106.41,5.9721,14518.57,94.0279,228587.84,342881760.0,"United States, Kenya, France, United Kingdom, South Africa",observed: artist's own Nigerian share of listeners this quarter | Chartmetric + Soundcharts (observed); see 02_Methodology
Q3_2022,Joeboy,229609.04,6.0185,13818.94,93.9815,215790.1,323685150.0,"Netherlands, United Kingdom, United States, France, Kenya",observed: artist's own Nigerian share of listeners this quarter | Chartmetric + Soundcharts (observed); see 02_Methodology
Q3_2022,Lojay,213785.89,5.5002,11758.59,94.4998,202027.3,303040950.0,"United Kingdom, United States, Netherlands, Kenya, France",observed: artist's own Nigerian share of listeners this quarter | Chartmetric + Soundcharts (observed); see 02_Methodology
Q3_2022,Darkoo,203591.15,2.5417,5174.74,97.4583,198416.41,297624615.0,"United Kingdom, Australia, Netherlands, United States, Germany",observed: artist's own Nigerian share of listeners this quarter | Chartmetric + Soundcharts (observed); see 02_Methodology
Q3_2022,Ayra Starr,198942.7,7.7414,15400.87,92.2586,183541.83,275312745.0,"United Kingdom, United States, Netherlands, Kenya, France",observed: artist's own Nigerian share of listeners this quarter | Chartmetric + Soundcharts (observed); see 02_Methodology
Q3_2022,Flavour,188104.75,8.1949,15414.95,91.8051,172689.79,259034685.0,"United States, United Kingdom, Canada, Netherlands, France",observed: artist's own Nigerian share of listeners this quarter | Chartmetric + Soundcharts (observed); see 02_Methodology
Q3_2022,Yemi Alade,168232.18,2.6528,4462.85,97.3472,163769.33,245653995.0,"Côte D’Ivoire, United States, Congo - Kinshasa, India, Indonesia",observed: artist's own Nigerian share of listeners this quarter | Chartmetric + Soundcharts (observed); see 02_Methodology
Q3_2022,Tiwa Savage,157185.69,5.9681,9381.03,94.0319,147804.66,221706990.0,"Côte D’Ivoire, United States, United Kingdom, France, Kenya",observed: artist's own Nigerian share of listeners this quarter | Chartmetric + Soundcharts (observed); see 02_Methodology
Q3_2022,Olamide,157174.47,8.2375,12947.29,91.7625,144227.19,216340785.0,"United States, United Kingdom, France, South Africa, Canada",observed: artist's own Nigerian share of listeners this quarter | Chartmetric + Soundcharts (observed); see 02_Methodology
Q3_2022,Adekunle Gold,139365.45,5.8624,8170.12,94.1376,131195.33,196792995.0,"United States, United Kingdom, Netherlands, Canada, Kenya",observed: artist's own Nigerian share of listeners this quarter | Chartmetric + Soundcharts (observed); see 02_Methodology
Q3_2022,Mayorkun,136139.0,10.7063,14575.49,89.2937,121563.51,182345265.0,"United Kingdom, Netherlands, United States, Kenya, Canada",observed: artist's own Nigerian share of listeners this quarter | Chartmetric + Soundcharts (observed); see 02_Methodology
Q3_2022,Sarz,129009.39,4.7376,6111.94,95.2624,122897.45,184346175.0,"United Kingdom, United States, Netherlands, France, Kenya",observed: artist's own Nigerian share of listeners this quarter | Chartmetric + Soundcharts (observed); see 02_Methodology
Q3_2022,Patoranking,126643.2,6.0642,7679.93,93.9358,118963.27,178444905.0,"Kenya, United States, Tanzania, United Kingdom, France",observed: artist's own Nigerian share of listeners this quarter | Chartmetric + Soundcharts (observed); see 02_Methodology
Q3_2022,Timaya,113555.29,10.7696,12229.47,89.2304,101325.82,151988730.0,"United States, Kenya, United Kingdom, Italy, France",observed: artist's own Nigerian share of listeners this quarter | Chartmetric + Soundcharts (observed); see 02_Methodology
Q3_2022,Victony,110175.61,12.5926,13873.98,87.4074,96301.63,144452445.0,"United Kingdom, United States, Netherlands, Kenya, Canada",observed: artist's own Nigerian share of listeners this quarter | Chartmetric + Soundcharts (observed); see 02_Methodology
Q3_2022,Olakira,104405.65,2.2908,2391.73,97.7092,102013.93,153020895.0,"Netherlands, United States, United Kingdom, France, Australia",observed: artist's own Nigerian share of listeners this quarter | Chartmetric + Soundcharts (observed); see 02_Methodology
Q3_2022,P-Square,90258.18,4.1729,3766.35,95.8271,86491.83,129737745.0,"United States, France, Kenya, South Africa, United Kingdom",observed: artist's own Nigerian share of listeners this quarter | Chartmetric + Soundcharts (observed); see 02_Methodology
Q3_2022,Teni,89463.3,11.5351,10319.64,88.4649,79143.67,118715505.0,"United Kingdom, United States, Ghana, Italy, Netherlands",observed: artist's own Nigerian share of listeners this quarter | Chartmetric + Soundcharts (observed); see 02_Methodology
Q3_2022,Wande Coal,82724.74,13.7357,11362.85,86.2643,71361.89,107042835.0,"United States, Vietnam, Morocco, Algeria, United Kingdom",observed: artist's own Nigerian share of listeners this quarter | Chartmetric + Soundcharts (observed); see 02_Methodology
Q3_2022,Chike,80013.05,16.2595,13009.74,83.7405,67003.31,100504965.0,"Kenya, United States, United Kingdom, Ghana, Canada",observed: artist's own Nigerian share of listeners this quarter | Chartmetric + Soundcharts (observed); see 02_Methodology
Q3_2022,Maleek Berry,78346.47,1.7037,1334.81,98.2963,77011.66,115517490.0,"United States, United Kingdom, France, Australia, Canada",observed: artist's own Nigerian share of listeners this quarter | Chartmetric + Soundcharts (observed); see 02_Methodology
Q3_2022,Simi,75057.05,9.7069,7285.7,90.2931,67771.35,101657025.0,"United Kingdom, United States, Sierra Leone, Kenya, Netherlands",observed: artist's own Nigerian share of listeners this quarter | Chartmetric + Soundcharts (observed); see 02_Methodology
Q3_2022,Skiibii,74950.94,14.6031,10945.16,85.3969,64005.78,96008670.0,"Tanzania, United Kingdom, Netherlands, United States, Canada",observed: artist's own Nigerian share of listeners this quarter | Chartmetric + Soundcharts (observed); see 02_Methodology
Q3_2022,Naira Marley,74586.47,14.0148,10453.17,85.9852,64133.3,96199950.0,"United Kingdom, Italy, United States, Netherlands, Tanzania",observed: artist's own Nigerian share of listeners this quarter | Chartmetric + Soundcharts (observed); see 02_Methodology
Q3_2022,Ruger,71843.97,14.4544,10384.65,85.5456,61459.32,92188980.0,"Kenya, United Kingdom, Netherlands, United States, Canada",observed: artist's own Nigerian share of listeners this quarter | Chartmetric + Soundcharts (observed); see 02_Methodology
Q3_2022,Crayon,65571.61,15.1687,9946.35,84.8313,55625.26,83437890.0,"United States, United Kingdom, Kenya, Netherlands, Ghana",observed: artist's own Nigerian share of listeners this quarter | Chartmetric + Soundcharts (observed); see 02_Methodology
Q3_2022,Ric Hassani,62907.14,0.8679,545.98,99.1321,62361.17,93541755.0,"Netherlands, India, France, Germany, United Kingdom",observed: artist's own Nigerian share of listeners this quarter | Chartmetric + Soundcharts (observed); see 02_Methodology
Q3_2022,Korede Bello,59452.82,2.5664,1525.77,97.4336,57927.05,86890575.0,"Côte D’Ivoire, Gambia, Congo - Kinshasa, United States, France",observed: artist's own Nigerian share of listeners this quarter | Chartmetric + Soundcharts (observed); see 02_Methodology
Q3_2022,Nonso Amadi,55153.49,3.4841,1921.6,96.5159,53231.89,79847835.0,"United States, Canada, United Kingdom, Netherlands, Australia",observed: artist's own Nigerian share of listeners this quarter | Chartmetric + Soundcharts (observed); see 02_Methodology
Q3_2022,Iyanya,54934.84,13.5682,7453.69,86.4318,47481.15,71221725.0,"Kenya, United States, United Kingdom, France, Zambia",observed: artist's own Nigerian share of listeners this quarter | Chartmetric + Soundcharts (observed); see 02_Methodology
Q3_2022,Bella Shmurda,49166.43,37.4825,18428.82,62.5175,30737.61,46106415.0,"United Kingdom, United States, Ghana, Canada, Netherlands",observed: artist's own Nigerian share of listeners this quarter | Chartmetric + Soundcharts (observed); see 02_Methodology
Q3_2022,Boj,48290.2,4.9175,2374.66,95.0825,45915.54,68873310.0,"United Kingdom, Netherlands, United States, Australia, Canada",observed: artist's own Nigerian share of listeners this quarter | Chartmetric + Soundcharts (observed); see 02_Methodology
Q3_2022,Reekado Banks,46139.97,16.3516,7544.63,83.6484,38595.34,57893010.0,"Côte D’Ivoire, United States, Kenya, United Kingdom, France",observed: artist's own Nigerian share of listeners this quarter | Chartmetric + Soundcharts (observed); see 02_Methodology
Q3_2022,Ycee,44295.89,4.5606,2020.16,95.4394,42275.73,63413595.0,"Tanzania, United States, United Kingdom, Netherlands, Canada",observed: artist's own Nigerian share of listeners this quarter | Chartmetric + Soundcharts (observed); see 02_Methodology
Q3_2022,Lil Kesh,39128.4,27.8097,10881.48,72.1903,28246.92,42370380.0,"United Kingdom, United States, Canada, Ghana, Kenya",observed: artist's own Nigerian share of listeners this quarter | Chartmetric + Soundcharts (observed); see 02_Methodology
Q3_2022,Magixx,37553.55,14.9512,5614.69,85.0488,31938.86,47908290.0,"United Kingdom, United States, Kenya, Netherlands, Canada",observed: artist's own Nigerian share of listeners this quarter | Chartmetric + Soundcharts (observed); see 02_Methodology
Q3_2022,Zinoleesky,36596.6,27.9236,10219.09,72.0764,26377.51,39566265.0,"United Kingdom, United States, Netherlands, Canada, Ghana",observed: artist's own Nigerian share of listeners this quarter | Chartmetric + Soundcharts (observed); see 02_Methodology
Q3_2022,Niniola,36562.75,6.2014,2267.41,93.7986,34295.35,51443025.0,"Netherlands, United Kingdom, United States, South Africa, France",observed: artist's own Nigerian share of listeners this quarter | Chartmetric + Soundcharts (observed); see 02_Methodology
Q3_2022,Ice Prince,35193.06,6.5067,2289.89,93.4933,32903.17,49354755.0,"France, United States, Kenya, Mauritius, United Kingdom",observed: artist's own Nigerian share of listeners this quarter | Chartmetric + Soundcharts (observed); see 02_Methodology
Q3_2022,Falz,34975.71,15.1617,5302.93,84.8383,29672.78,44509170.0,"United Kingdom, United States, Netherlands, Canada, Kenya",observed: artist's own Nigerian share of listeners this quarter | Chartmetric + Soundcharts (observed); see 02_Methodology
Q3_2022,Fela Kuti,34477.95,1.9397,668.76,98.0603,33809.19,50713785.0,"United States, France, United Kingdom, South Africa, Italy",observed: artist's own Nigerian share of listeners this quarter | Chartmetric + Soundcharts (observed); see 02_Methodology
Q3_2022,DJ Neptune,34217.35,9.0431,3094.3,90.9569,31123.05,46684575.0,"United Kingdom, United States, Netherlands, Canada, France",observed: artist's own Nigerian share of listeners this quarter | Chartmetric + Soundcharts (observed); see 02_Methodology
Q3_2022,LADIPOE,33742.72,16.9876,5732.09,83.0124,28010.62,42015930.0,"United Kingdom, United States, Kenya, Canada, Ghana",observed: artist's own Nigerian share of listeners this quarter | Chartmetric + Soundcharts (observed); see 02_Methodology
Q3_2022,Tay Iwar,33504.43,2.4938,835.52,97.5062,32668.91,49003365.0,"United States, United Kingdom, Netherlands, Canada, Australia",observed: artist's own Nigerian share of listeners this quarter | Chartmetric + Soundcharts (observed); see 02_Methodology
Q3_2022,Young Jonn,30888.22,23.6118,7293.26,76.3882,23594.96,35392440.0,"United Kingdom, United States, Canada, Ghana, Netherlands",observed: artist's own Nigerian share of listeners this quarter | Chartmetric + Soundcharts (observed); see 02_Methodology
Q3_2022,M.I. Abaga,30188.64,23.2522,7019.52,76.7478,23169.12,34753680.0,"United States, United Kingdom, Canada, Kenya, Ghana",observed: artist's own Nigerian share of listeners this quarter | Chartmetric + Soundcharts (observed); see 02_Methodology
Q3_2022,Odunsi (The Engine),27644.62,3.4934,965.74,96.5066,26678.87,40018305.0,"United States, United Kingdom, Canada, Australia, Netherlands",observed: artist's own Nigerian share of listeners this quarter | Chartmetric + Soundcharts (observed); see 02_Methodology
Q3_2022,2Baba,26582.68,14.6611,3897.32,85.3389,22685.36,34028040.0,"United States, Australia, United Kingdom, New Zealand, India",observed: artist's own Nigerian share of listeners this quarter | Chartmetric + Soundcharts (observed); see 02_Methodology
Q3_2022,WurlD,26487.95,5.4278,1437.71,94.5722,25050.24,37575360.0,"United States, United Kingdom, Netherlands, Canada, Kenya",observed: artist's own Nigerian share of listeners this quarter | Chartmetric + Soundcharts (observed); see 02_Methodology
Q3_2022,Aṣa,26061.18,8.5419,2226.12,91.4581,23835.06,35752590.0,"France, United States, United Kingdom, United Arab Emirates, Germany",observed: artist's own Nigerian share of listeners this quarter | Chartmetric + Soundcharts (observed); see 02_Methodology
Q3_2022,Ajebutter22,25423.69,8.2143,2088.39,91.7857,23335.31,35002965.0,"United Kingdom, United States, Netherlands, Canada, France",observed: artist's own Nigerian share of listeners this quarter | Chartmetric + Soundcharts (observed); see 02_Methodology
Q3_2022,D'banj,24357.6,6.6087,1609.72,93.3913,22747.89,34121835.0,"United Kingdom, Romania, United States, Morocco, France",observed: artist's own Nigerian share of listeners this quarter | Chartmetric + Soundcharts (observed); see 02_Methodology
Q3_2022,Mannywellz,24128.29,2.2529,543.59,97.7471,23584.7,35377050.0,"United States, United Kingdom, Canada, Australia, Netherlands",observed: artist's own Nigerian share of listeners this quarter | Chartmetric + Soundcharts (observed); see 02_Methodology
Q3_2022,Praiz,22354.85,2.2999,514.13,97.7001,21840.72,32761080.0,"Netherlands, United States, United Kingdom, Germany, Sweden",observed: artist's own Nigerian share of listeners this quarter | Chartmetric + Soundcharts (observed); see 02_Methodology
Q3_2022,Phyno,22117.17,19.3619,4282.3,80.6381,17834.87,26752305.0,"United States, United Kingdom, Italy, United Arab Emirates, South Africa",observed: artist's own Nigerian share of listeners this quarter | Chartmetric + Soundcharts (observed); see 02_Methodology
Q3_2022,Terri,21784.57,8.6873,1892.49,91.3127,19892.09,29838135.0,"Netherlands, United Kingdom, United States, France, Canada",observed: artist's own Nigerian share of listeners this quarter | Chartmetric + Soundcharts (observed); see 02_Methodology
Q3_2022,Banky W.,21490.97,12.2722,2637.41,87.7278,18853.55,28280325.0,"United States, United Kingdom, Kenya, Zambia, South Africa",observed: artist's own Nigerian share of listeners this quarter | Chartmetric + Soundcharts (observed); see 02_Methodology
Q3_2022,Cruel Santino,20682.57,4.7469,981.78,95.2531,19700.79,29551185.0,"United States, United Kingdom, Canada, Netherlands, Australia",observed: artist's own Nigerian share of listeners this quarter | Chartmetric + Soundcharts (observed); see 02_Methodology
Q3_2022,Reminisce,20503.02,19.6695,4032.85,80.3305,16470.17,24705255.0,"United Kingdom, United States, Canada, Kenya, Ghana",observed: artist's own Nigerian share of listeners this quarter | Chartmetric + Soundcharts (observed); see 02_Methodology
Q3_2022,Prettyboy D-O,19265.21,4.058,781.78,95.942,18483.43,27725145.0,"United States, United Kingdom, Australia, Canada, Netherlands",observed: artist's own Nigerian share of listeners this quarter | Chartmetric + Soundcharts (observed); see 02_Methodology
Q3_2022,Bracket,18778.4,2.5288,474.87,97.4712,18303.53,27455295.0,"Netherlands, France, United Kingdom, Italy, United States",observed: artist's own Nigerian share of listeners this quarter | Chartmetric + Soundcharts (observed); see 02_Methodology
Q3_2022,Zlatan,17358.74,23.2466,4035.32,76.7534,13323.42,19985130.0,"United Kingdom, United States, Canada, Ghana, Netherlands",observed: artist's own Nigerian share of listeners this quarter | Chartmetric + Soundcharts (observed); see 02_Methodology
Q3_2022,Blaqbonez,16444.32,20.2087,3323.19,79.7913,13121.13,19681695.0,"United Kingdom, United States, Netherlands, Canada, Kenya",observed: artist's own Nigerian share of listeners this quarter | Chartmetric + Soundcharts (observed); see 02_Methodology
Q3_2022,Show Dem Camp,16136.06,8.9112,1437.92,91.0888,14698.14,22047210.0,"Netherlands, Australia, Kenya, France, United States",observed: artist's own Nigerian share of listeners this quarter | Chartmetric + Soundcharts (observed); see 02_Methodology
Q3_2022,Vector,14795.5,22.5161,3331.38,77.4839,11464.12,17196180.0,"United Kingdom, United States, Kenya, South Africa, Ghana",observed: artist's own Nigerian share of listeners this quarter | Chartmetric + Soundcharts (observed); see 02_Methodology
Q3_2022,Peruzzi,13737.93,24.9819,3431.99,75.0181,10305.94,15458910.0,"United States, United Kingdom, Canada, Ghana, Netherlands",observed: artist's own Nigerian share of listeners this quarter | Chartmetric + Soundcharts (observed); see 02_Methodology
Q3_2022,Mohbad,13050.66,36.9415,4821.11,63.0585,8229.54,12344310.0,"United Kingdom, United States, Canada, Ghana, Netherlands",observed: artist's own Nigerian share of listeners this quarter | Chartmetric + Soundcharts (observed); see 02_Methodology
Q3_2022,Lady Donli,10978.33,3.0314,332.79,96.9686,10645.53,15968295.0,"United States, United Kingdom, Netherlands, Canada, Australia",observed: artist's own Nigerian share of listeners this quarter | Chartmetric + Soundcharts (observed); see 02_Methodology
Q3_2022,9ice,10823.07,30.5853,3310.27,69.4147,7512.8,11269200.0,"United Kingdom, United States, Canada, Ghana, Ireland",observed: artist's own Nigerian share of listeners this quarter | Chartmetric + Soundcharts (observed); see 02_Methodology
Q3_2022,Bad Boy Timz,10818.89,30.5146,3301.34,69.4854,7517.55,11276325.0,"United Kingdom, United States, Ghana, Canada, Netherlands",observed: artist's own Nigerian share of listeners this quarter | Chartmetric + Soundcharts (observed); see 02_Methodology
Q3_2022,HarrySong,10687.17,6.387,682.59,93.613,10004.57,15006855.0,"United States, Kenya, Norway, Italy, United Kingdom",observed: artist's own Nigerian share of listeners this quarter | Chartmetric + Soundcharts (observed); see 02_Methodology
Q3_2022,Sean Tizzle,10643.8,4.493,478.22,95.507,10165.58,15248370.0,"Netherlands, United States, United Kingdom, Germany, Canada",observed: artist's own Nigerian share of listeners this quarter | Chartmetric + Soundcharts (observed); see 02_Methodology
Q3_2022,Rude Boy,10523.88,4.3809,461.04,95.6191,10062.83,15094245.0,"Mexico, Peru, India, Vietnam, Indonesia",assumed: portfolio-wide ratio applied to an artist without own geography | Chartmetric + Soundcharts (observed); see 02_Methodology
Q3_2022,Khaid,10385.14,21.7996,2263.92,78.2004,8121.22,12181830.0,"United Kingdom, United States, Kenya, Ghana, South Africa",observed: artist's own Nigerian share of listeners this quarter | Chartmetric + Soundcharts (observed); see 02_Methodology
Q3_2022,Brymo,10188.08,24.0246,2447.64,75.9754,7740.43,11610645.0,"United States, United Kingdom, Netherlands, Canada, Ghana",observed: artist's own Nigerian share of listeners this quarter | Chartmetric + Soundcharts (observed); see 02_Methodology
Q3_2022,Spyro,7927.81,19.3879,1537.03,80.6121,6390.78,9586170.0,"France, United States, Netherlands, Canada, Ghana",observed: artist's own Nigerian share of listeners this quarter | Chartmetric + Soundcharts (observed); see 02_Methodology
Q3_2022,Dice Ailes,7310.56,15.5253,1134.99,84.4747,6175.57,9263355.0,"United States, United Kingdom, Canada, Netherlands, Kenya",observed: artist's own Nigerian share of listeners this quarter | Chartmetric + Soundcharts (observed); see 02_Methodology
Q3_2022,Seyi Shay,6569.44,4.2777,281.02,95.7223,6288.41,9432615.0,"United Arab Emirates, United States, United Kingdom, Australia, New Zealand",observed: artist's own Nigerian share of listeners this quarter | Chartmetric + Soundcharts (observed); see 02_Methodology
Q3_2022,Johnny Drille,6531.12,15.8712,1036.57,84.1288,5494.55,8241825.0,"Kenya, United States, United Kingdom, Ghana, Canada",observed: artist's own Nigerian share of listeners this quarter | Chartmetric + Soundcharts (observed); see 02_Methodology
Q3_2022,Duncan Mighty,4961.76,19.0228,943.87,80.9772,4017.9,6026850.0,"United Kingdom, United States, Netherlands, Ghana, Canada",observed: artist's own Nigerian share of listeners this quarter | Chartmetric + Soundcharts (observed); see 02_Methodology
Q3_2022,Solidstar,4827.25,9.6114,463.97,90.3886,4363.28,6544920.0,"United States, Netherlands, United Kingdom, Colombia, Canada",observed: artist's own Nigerian share of listeners this quarter | Chartmetric + Soundcharts (observed); see 02_Methodology
Q3_2022,Boy Spyce,4752.19,37.1395,1764.94,62.8605,2987.25,4480875.0,"United States, United Kingdom, Ghana, Kenya, Canada",observed: artist's own Nigerian share of listeners this quarter | Chartmetric + Soundcharts (observed); see 02_Methodology
Q3_2022,Seyi Vibez,4479.47,63.9997,2866.85,36.0003,1612.62,2418930.0,"United States, United Kingdom, Ghana, Canada, Kenya",observed: artist's own Nigerian share of listeners this quarter | Chartmetric + Soundcharts (observed); see 02_Methodology
Q3_2022,Waje,4166.05,16.8014,699.96,83.1986,3466.09,5199135.0,"United States, United Kingdom, Ghana, Kenya, Canada",observed: artist's own Nigerian share of listeners this quarter | Chartmetric + Soundcharts (observed); see 02_Methodology
Q3_2022,Bayanni,3785.86,36.5697,1384.48,63.4303,2401.38,3602070.0,"United States, United Kingdom, Ghana, Kenya, Canada",observed: artist's own Nigerian share of listeners this quarter | Chartmetric + Soundcharts (observed); see 02_Methodology
Q3_2022,Sound Sultan,3578.38,30.9392,1107.12,69.0608,2471.26,3706890.0,"United States, United Kingdom, Canada, Ghana, Netherlands",observed: artist's own Nigerian share of listeners this quarter | Chartmetric + Soundcharts (observed); see 02_Methodology
Q3_2022,Dremo,3080.01,30.5206,940.04,69.4794,2139.97,3209955.0,"United States, United Kingdom, Canada, Ghana, Netherlands",observed: artist's own Nigerian share of listeners this quarter | Chartmetric + Soundcharts (observed); see 02_Methodology
Q3_2022,Jesse Jagz,2847.87,18.633,530.64,81.367,2317.22,3475830.0,"United Kingdom, United States, Canada, Ghana, Australia",observed: artist's own Nigerian share of listeners this quarter | Chartmetric + Soundcharts (observed); see 02_Methodology
Q3_2022,Lyta,2801.35,37.2258,1042.82,62.7742,1758.53,2637795.0,"United States, United Kingdom, Ghana, Canada, Kenya",observed: artist's own Nigerian share of listeners this quarter | Chartmetric + Soundcharts (observed); see 02_Methodology
Q3_2022,Darey,2721.85,24.383,663.67,75.617,2058.18,3087270.0,"United Kingdom, United States, Cameroon, Canada, Kenya",observed: artist's own Nigerian share of listeners this quarter | Chartmetric + Soundcharts (observed); see 02_Methodology
Q3_2022,Naeto C,2665.39,25.4017,677.05,74.5983,1988.34,2982510.0,"United Kingdom, United States, Canada, Ghana, South Africa",observed: artist's own Nigerian share of listeners this quarter | Chartmetric + Soundcharts (observed); see 02_Methodology
Q3_2022,King Sunny Ade,2391.62,21.2236,507.59,78.7764,1884.03,2826045.0,"United States, United Kingdom, Canada, Ireland, Australia",observed: artist's own Nigerian share of listeners this quarter | Chartmetric + Soundcharts (observed); see 02_Methodology
Q3_2022,CDQ,2252.46,28.9312,651.66,71.0688,1600.8,2401200.0,"United States, United Kingdom, Canada, Ghana, South Africa",observed: artist's own Nigerian share of listeners this quarter | Chartmetric + Soundcharts (observed); see 02_Methodology
Q3_2022,Illbliss,1967.89,21.6611,426.27,78.3389,1541.62,2312430.0,"United States, United Kingdom, Canada, Ghana, South Africa",observed: artist's own Nigerian share of listeners this quarter | Chartmetric + Soundcharts (observed); see 02_Methodology
Q3_2022,Olu Maintain,1922.67,21.4497,412.41,78.5503,1510.27,2265405.0,"United Kingdom, United States, Canada, Ghana, Ireland",observed: artist's own Nigerian share of listeners this quarter | Chartmetric + Soundcharts (observed); see 02_Methodology
Q3_2022,Small Doctor,1706.81,21.8549,373.02,78.1451,1333.79,2000685.0,"United States, United Kingdom, Canada, Ghana, South Africa",observed: artist's own Nigerian share of listeners this quarter | Chartmetric + Soundcharts (observed); see 02_Methodology
Q3_2022,Mr Real,1680.78,14.2838,240.08,85.7162,1440.7,2161050.0,"United States, United Kingdom, Canada, Ghana, South Africa",observed: artist's own Nigerian share of listeners this quarter | Chartmetric + Soundcharts (observed); see 02_Methodology
Q3_2022,ODUMODUBLVCK,1602.83,50.9987,817.43,49.0013,785.41,1178115.0,"United Kingdom, United States, Ghana, Kenya, Canada",observed: artist's own Nigerian share of listeners this quarter | Chartmetric + Soundcharts (observed); see 02_Methodology
Q3_2022,Terry Apala,1541.94,25.4379,392.24,74.5621,1149.7,1724550.0,"United States, United Kingdom, South Africa, Ghana, Canada",observed: artist's own Nigerian share of listeners this quarter | Chartmetric + Soundcharts (observed); see 02_Methodology
Q3_2022,Yung6ix,1103.5,25.3753,280.02,74.6247,823.48,1235220.0,"United States, United Kingdom, Canada, Ghana, Netherlands",observed: artist's own Nigerian share of listeners this quarter | Chartmetric + Soundcharts (observed); see 02_Methodology
Q3_2022,Dammy Krane,1043.54,22.3714,233.45,77.6286,810.08,1215120.0,"United States, United Kingdom, Canada, Ghana, Netherlands",observed: artist's own Nigerian share of listeners this quarter | Chartmetric + Soundcharts (observed); see 02_Methodology
Q3_2022,Eldee,749.17,35.3979,265.19,64.6021,483.98,725970.0,"United States, United Kingdom, Canada, Ghana, Australia",observed: artist's own Nigerian share of listeners this quarter | Chartmetric + Soundcharts (observed); see 02_Methodology
Q3_2022,Libianca,492.22,0.6393,3.15,99.3607,489.07,733605.0,"United States, South Africa, Brazil, Australia, United Kingdom",observed: artist's own Nigerian share of listeners this quarter | Chartmetric + Soundcharts (observed); see 02_Methodology
Q3_2022,Lagbaja,270.08,4.3809,11.83,95.6191,258.24,387360.0,,assumed: portfolio-wide ratio applied to an artist without own geography | Chartmetric + Soundcharts (observed); see 02_Methodology
Q3_2022,Sauce Kid,160.08,23.4095,37.47,76.5905,122.61,183915.0,"United States, United Kingdom, Canada, Netherlands, Australia",observed: artist's own Nigerian share of listeners this quarter | Chartmetric + Soundcharts (observed); see 02_Methodology
Q3_2022,Ebenezer Obey,115.44,4.3809,5.06,95.6191,110.38,165570.0,,assumed: portfolio-wide ratio applied to an artist without own geography | Chartmetric + Soundcharts (observed); see 02_Methodology
Q3_2022,Oritsefemi,26.76,53.3333,14.27,46.6667,12.49,18735.0,"United States, United Kingdom, United Arab Emirates, South Africa, Japan",observed: artist's own Nigerian share of listeners this quarter | Chartmetric + Soundcharts (observed); see 02_Methodology
Q3_2022,DJ Spinall,1.04,5.8824,0.06,94.1176,0.98,1470.0,"United States, United Kingdom, Jamaica, Italy, Ireland",observed: artist's own Nigerian share of listeners this quarter | Chartmetric + Soundcharts (observed); see 02_Methodology
Q3_2022,Odunsi,0.31,4.3809,0.01,95.6191,0.3,450.0,,assumed: portfolio-wide ratio applied to an artist without own geography | Chartmetric + Soundcharts (observed); see 02_Methodology
Q3_2022,Tempoe,0.24,4.3809,0.01,95.6191,0.23,345.0,,assumed: portfolio-wide ratio applied to an artist without own geography | Chartmetric + Soundcharts (observed); see 02_Methodology
Q3_2022,Bloody Civilian,0.02,4.3809,0.0,95.6191,0.02,30.0,,assumed: portfolio-wide ratio applied to an artist without own geography | Chartmetric + Soundcharts (observed); see 02_Methodology
Q3_2022,=== PERIOD TOTAL ===,16545833.57,,757237.33,,15788596.21,23682894315.0,,Aggregated
Q4_2022,Rema,2491901.78,0.6914,17229.35,99.3086,2474672.43,3712008645.0,"Mexico, India, Netherlands, United Kingdom, France",observed: artist's own Nigerian share of listeners this quarter | Chartmetric + Soundcharts (observed); see 02_Methodology
Q4_2022,Burna Boy,1816316.19,1.9453,35332.12,98.0547,1780984.07,2671476105.0,"Australia, United States, United Kingdom, France, South Africa",observed: artist's own Nigerian share of listeners this quarter | Chartmetric + Soundcharts (observed); see 02_Methodology
Q4_2022,CKay,1201014.37,0.7396,8882.12,99.2604,1192132.25,1788198375.0,"India, France, Netherlands, United Kingdom, Brazil",observed: artist's own Nigerian share of listeners this quarter | Chartmetric + Soundcharts (observed); see 02_Methodology
Q4_2022,Wizkid,921102.13,3.581,32984.77,96.419,888117.36,1332176040.0,"United States, Côte D’Ivoire, United Kingdom, France, South Africa",observed: artist's own Nigerian share of listeners this quarter | Chartmetric + Soundcharts (observed); see 02_Methodology
Q4_2022,Tems,920925.93,0.7803,7185.67,99.2197,913740.26,1370610390.0,"United States, United Kingdom, Australia, Canada, Netherlands",observed: artist's own Nigerian share of listeners this quarter | Chartmetric + Soundcharts (observed); see 02_Methodology
Q4_2022,Fireboy DML,826058.68,3.5383,29228.11,96.4617,796830.56,1195245840.0,"United Kingdom, United States, Netherlands, Australia, Canada",observed: artist's own Nigerian share of listeners this quarter | Chartmetric + Soundcharts (observed); see 02_Methodology
Q4_2022,Oxlade,650432.43,2.3892,15539.95,97.6108,634892.49,952338735.0,"Netherlands, United Kingdom, France, United States, Germany",observed: artist's own Nigerian share of listeners this quarter | Chartmetric + Soundcharts (observed); see 02_Methodology
Q4_2022,Kizz Daniel,606552.09,8.1104,49193.94,91.8896,557358.15,836037225.0,"Netherlands, United Kingdom, United States, South Africa, Kenya",observed: artist's own Nigerian share of listeners this quarter | Chartmetric + Soundcharts (observed); see 02_Methodology
Q4_2022,Ayra Starr,557885.2,7.0131,39124.91,92.9869,518760.29,778140435.0,"United States, United Kingdom, Netherlands, Kenya, South Africa",observed: artist's own Nigerian share of listeners this quarter | Chartmetric + Soundcharts (observed); see 02_Methodology
Q4_2022,Davido,490643.48,4.9275,24176.61,95.0725,466466.87,699700305.0,"Tanzania, Côte D’Ivoire, Indonesia, Cameroon, United States",observed: artist's own Nigerian share of listeners this quarter | Chartmetric + Soundcharts (observed); see 02_Methodology
Q4_2022,Omah Lay,479328.55,5.905,28304.57,94.095,451023.97,676535955.0,"France, Netherlands, United Kingdom, United States, Germany",observed: artist's own Nigerian share of listeners this quarter | Chartmetric + Soundcharts (observed); see 02_Methodology
Q4_2022,Asake,479254.84,12.7759,61229.16,87.2241,418025.68,627038520.0,"United Kingdom, United States, Kenya, Netherlands, South Africa",observed: artist's own Nigerian share of listeners this quarter | Chartmetric + Soundcharts (observed); see 02_Methodology
Q4_2022,Amaarae,321172.94,0.4216,1353.96,99.5784,319818.98,479728470.0,"United States, India, Mexico, United Kingdom, Australia",observed: artist's own Nigerian share of listeners this quarter | Chartmetric + Soundcharts (observed); see 02_Methodology
Q4_2022,Mr Eazi,305331.58,2.1951,6702.39,97.8049,298629.2,447943800.0,"United States, Canada, France, Côte D’Ivoire, Belgium",observed: artist's own Nigerian share of listeners this quarter | Chartmetric + Soundcharts (observed); see 02_Methodology
Q4_2022,Pheelz,277694.25,7.0909,19691.1,92.9091,258003.16,387004740.0,"United States, United Kingdom, Netherlands, Kenya, France",observed: artist's own Nigerian share of listeners this quarter | Chartmetric + Soundcharts (observed); see 02_Methodology
Q4_2022,Tekno,237952.84,6.205,14764.99,93.795,223187.86,334781790.0,"United States, Kenya, France, Côte D’Ivoire, Tanzania",observed: artist's own Nigerian share of listeners this quarter | Chartmetric + Soundcharts (observed); see 02_Methodology
Q4_2022,Joeboy,234193.37,5.5963,13106.22,94.4037,221087.15,331630725.0,"Netherlands, United Kingdom, United States, France, Kenya",observed: artist's own Nigerian share of listeners this quarter | Chartmetric + Soundcharts (observed); see 02_Methodology
Q4_2022,BNXN,232568.7,8.0494,18720.48,91.9506,213848.22,320772330.0,"United Kingdom, United States, Netherlands, Canada, Australia",observed: artist's own Nigerian share of listeners this quarter | Chartmetric + Soundcharts (observed); see 02_Methodology
Q4_2022,Tiwa Savage,221037.86,11.0886,24509.98,88.9114,196527.88,294791820.0,"Côte D’Ivoire, United States, United Kingdom, France, Kenya",observed: artist's own Nigerian share of listeners this quarter | Chartmetric + Soundcharts (observed); see 02_Methodology
Q4_2022,Lojay,211527.07,6.1098,12923.92,93.8902,198603.16,297904740.0,"United Kingdom, United States, Netherlands, South Africa, Kenya",observed: artist's own Nigerian share of listeners this quarter | Chartmetric + Soundcharts (observed); see 02_Methodology
Q4_2022,Victony,210855.05,12.9258,27254.77,87.0742,183600.28,275400420.0,"United Kingdom, Netherlands, United States, France, Kenya",observed: artist's own Nigerian share of listeners this quarter | Chartmetric + Soundcharts (observed); see 02_Methodology
Q4_2022,Flavour,186736.63,10.7501,20074.42,89.2499,166662.21,249993315.0,"United States, United Kingdom, Canada, France, Netherlands",observed: artist's own Nigerian share of listeners this quarter | Chartmetric + Soundcharts (observed); see 02_Methodology
Q4_2022,Darkoo,179389.48,3.0371,5448.27,96.9629,173941.21,260911815.0,"United Kingdom, Australia, Netherlands, Kenya, Canada",observed: artist's own Nigerian share of listeners this quarter | Chartmetric + Soundcharts (observed); see 02_Methodology
Q4_2022,Yemi Alade,165936.1,4.287,7113.69,95.713,158822.41,238233615.0,"India, Congo - Kinshasa, United States, Brazil, Côte D’Ivoire",observed: artist's own Nigerian share of listeners this quarter | Chartmetric + Soundcharts (observed); see 02_Methodology
Q4_2022,Olamide,159168.86,7.2961,11613.05,92.7039,147555.81,221333715.0,"Côte D’Ivoire, United States, United Kingdom, France, Canada",observed: artist's own Nigerian share of listeners this quarter | Chartmetric + Soundcharts (observed); see 02_Methodology
Q4_2022,Timaya,138740.59,11.6248,16128.37,88.3752,122612.21,183918315.0,"Netherlands, United States, Italy, United Kingdom, Kenya",observed: artist's own Nigerian share of listeners this quarter | Chartmetric + Soundcharts (observed); see 02_Methodology
Q4_2022,Sarz,136106.26,4.9051,6676.14,95.0949,129430.12,194145180.0,"United Kingdom, United States, Netherlands, Kenya, South Africa",observed: artist's own Nigerian share of listeners this quarter | Chartmetric + Soundcharts (observed); see 02_Methodology
Q4_2022,Patoranking,131463.05,6.846,8999.97,93.154,122463.08,183694620.0,"Kenya, United States, United Kingdom, France, Germany",observed: artist's own Nigerian share of listeners this quarter | Chartmetric + Soundcharts (observed); see 02_Methodology
Q4_2022,Mayorkun,121652.09,15.493,18847.61,84.507,102804.48,154206720.0,"United Kingdom, United States, Kenya, Netherlands, Ghana",observed: artist's own Nigerian share of listeners this quarter | Chartmetric + Soundcharts (observed); see 02_Methodology
Q4_2022,Adekunle Gold,120436.57,7.2074,8680.29,92.7926,111756.28,167634420.0,"United States, United Kingdom, Netherlands, Cameroon, Kenya",observed: artist's own Nigerian share of listeners this quarter | Chartmetric + Soundcharts (observed); see 02_Methodology
Q4_2022,Iyanya,111372.88,10.1343,11286.89,89.8657,100085.99,150128985.0,"Kenya, United States, United Kingdom, Zambia, France",observed: artist's own Nigerian share of listeners this quarter | Chartmetric + Soundcharts (observed); see 02_Methodology
Q4_2022,Wande Coal,111235.01,13.598,15125.75,86.402,96109.26,144163890.0,"Kenya, Australia, France, United States, Zambia",observed: artist's own Nigerian share of listeners this quarter | Chartmetric + Soundcharts (observed); see 02_Methodology
Q4_2022,Naira Marley,110546.49,10.729,11860.58,89.271,98685.91,148028865.0,"United Kingdom, United States, Australia, Canada, Netherlands",observed: artist's own Nigerian share of listeners this quarter | Chartmetric + Soundcharts (observed); see 02_Methodology
Q4_2022,Bella Shmurda,108220.14,33.352,36093.62,66.648,72126.51,108189765.0,"United Kingdom, United States, Italy, Ghana, Netherlands",observed: artist's own Nigerian share of listeners this quarter | Chartmetric + Soundcharts (observed); see 02_Methodology
Q4_2022,Ric Hassani,105740.36,0.8797,930.21,99.1203,104810.15,157215225.0,"Netherlands, India, France, Germany, United Kingdom",observed: artist's own Nigerian share of listeners this quarter | Chartmetric + Soundcharts (observed); see 02_Methodology
Q4_2022,Olakira,98023.47,2.4221,2374.21,97.5779,95649.26,143473890.0,"Netherlands, United States, United Kingdom, Australia, France",observed: artist's own Nigerian share of listeners this quarter | Chartmetric + Soundcharts (observed); see 02_Methodology
Q4_2022,Ruger,94709.39,19.2666,18247.25,80.7334,76462.13,114693195.0,"Kenya, United Kingdom, United States, Netherlands, Ghana",observed: artist's own Nigerian share of listeners this quarter | Chartmetric + Soundcharts (observed); see 02_Methodology
Q4_2022,Maleek Berry,93366.65,3.8184,3565.11,96.1816,89801.54,134702310.0,"United States, Trinidad & Tobago, United Kingdom, France, Australia",observed: artist's own Nigerian share of listeners this quarter | Chartmetric + Soundcharts (observed); see 02_Methodology
Q4_2022,P-Square,90043.9,6.2878,5661.8,93.7122,84382.1,126573150.0,"United States, France, Kenya, United Kingdom, South Africa",observed: artist's own Nigerian share of listeners this quarter | Chartmetric + Soundcharts (observed); see 02_Methodology
Q4_2022,Simi,76981.9,12.4892,9614.42,87.5108,67367.48,101051220.0,"Sierra Leone, United Kingdom, United States, Kenya, Australia",observed: artist's own Nigerian share of listeners this quarter | Chartmetric + Soundcharts (observed); see 02_Methodology
Q4_2022,Crayon,70503.51,17.2159,12137.79,82.7841,58365.72,87548580.0,"Kenya, United States, United Kingdom, Ghana, Netherlands",observed: artist's own Nigerian share of listeners this quarter | Chartmetric + Soundcharts (observed); see 02_Methodology
Q4_2022,Chike,66838.77,16.5981,11093.94,83.4019,55744.83,83617245.0,"Kenya, United Kingdom, United States, South Africa, Ghana",observed: artist's own Nigerian share of listeners this quarter | Chartmetric + Soundcharts (observed); see 02_Methodology
Q4_2022,Young Jonn,65162.46,28.8724,18813.94,71.1276,46348.51,69522765.0,"United Kingdom, United States, Kenya, Ghana, Canada",observed: artist's own Nigerian share of listeners this quarter | Chartmetric + Soundcharts (observed); see 02_Methodology
Q4_2022,Reekado Banks,65050.31,14.6771,9547.48,85.3229,55502.83,83254245.0,"Côte D’Ivoire, United States, Kenya, United Kingdom, France",observed: artist's own Nigerian share of listeners this quarter | Chartmetric + Soundcharts (observed); see 02_Methodology
Q4_2022,Skiibii,62208.98,21.0354,13085.89,78.9646,49123.09,73684635.0,"Tanzania, United Kingdom, United States, Netherlands, Italy",observed: artist's own Nigerian share of listeners this quarter | Chartmetric + Soundcharts (observed); see 02_Methodology
Q4_2022,Blaqbonez,61194.41,34.0097,20812.05,65.9903,40382.36,60573540.0,"United States, United Kingdom, Ghana, Kenya, Canada",observed: artist's own Nigerian share of listeners this quarter | Chartmetric + Soundcharts (observed); see 02_Methodology
Q4_2022,Ycee,49826.36,5.3551,2668.25,94.6449,47158.11,70737165.0,"Tanzania, United States, United Kingdom, Netherlands, South Africa",observed: artist's own Nigerian share of listeners this quarter | Chartmetric + Soundcharts (observed); see 02_Methodology
Q4_2022,Boy Spyce,47512.97,29.9709,14240.05,70.0291,33272.91,49909365.0,"United States, United Kingdom, Kenya, Ghana, Canada",observed: artist's own Nigerian share of listeners this quarter | Chartmetric + Soundcharts (observed); see 02_Methodology
Q4_2022,Magixx,47048.67,17.2754,8127.83,82.7246,38920.84,58381260.0,"Kenya, United Kingdom, United States, Ghana, South Africa",observed: artist's own Nigerian share of listeners this quarter | Chartmetric + Soundcharts (observed); see 02_Methodology
Q4_2022,Ice Prince,44044.75,8.7853,3869.46,91.2147,40175.29,60262935.0,"South Africa, Sweden, United States, France, Malawi",observed: artist's own Nigerian share of listeners this quarter | Chartmetric + Soundcharts (observed); see 02_Methodology
Q4_2022,LADIPOE,43495.57,18.673,8121.91,81.327,35373.66,53060490.0,"United Kingdom, United States, Kenya, Ghana, Canada",observed: artist's own Nigerian share of listeners this quarter | Chartmetric + Soundcharts (observed); see 02_Methodology
Q4_2022,Teni,43480.77,13.7729,5988.57,86.2271,37492.2,56238300.0,"United Kingdom, United States, Ghana, Netherlands, Kenya",observed: artist's own Nigerian share of listeners this quarter | Chartmetric + Soundcharts (observed); see 02_Methodology
Q4_2022,Zinoleesky,39584.74,37.8498,14982.75,62.1502,24601.99,36902985.0,"United Kingdom, United States, Ghana, Kenya, Canada",observed: artist's own Nigerian share of listeners this quarter | Chartmetric + Soundcharts (observed); see 02_Methodology
Q4_2022,Nonso Amadi,38299.27,4.8447,1855.49,95.1553,36443.78,54665670.0,"United States, Canada, United Kingdom, Australia, Kenya",observed: artist's own Nigerian share of listeners this quarter | Chartmetric + Soundcharts (observed); see 02_Methodology
Q4_2022,Falz,37822.77,20.1504,7621.45,79.8496,30201.32,45301980.0,"United Kingdom, United States, Kenya, Ghana, Canada",observed: artist's own Nigerian share of listeners this quarter | Chartmetric + Soundcharts (observed); see 02_Methodology
Q4_2022,Korede Bello,36921.74,4.7231,1743.84,95.2769,35177.9,52766850.0,"Côte D’Ivoire, Gambia, Congo - Kinshasa, United States, France",observed: artist's own Nigerian share of listeners this quarter | Chartmetric + Soundcharts (observed); see 02_Methodology
Q4_2022,Boj,36645.0,7.1285,2612.26,92.8715,34032.75,51049125.0,"United Kingdom, Australia, Netherlands, United States, Canada",observed: artist's own Nigerian share of listeners this quarter | Chartmetric + Soundcharts (observed); see 02_Methodology
Q4_2022,Lil Kesh,35579.29,37.6659,13401.26,62.3341,22178.03,33267045.0,"United Kingdom, United States, Ghana, Kenya, Canada",observed: artist's own Nigerian share of listeners this quarter | Chartmetric + Soundcharts (observed); see 02_Methodology
Q4_2022,Tay Iwar,33541.93,4.7796,1603.18,95.2204,31938.74,47908110.0,"United Kingdom, United States, Netherlands, Canada, Australia",observed: artist's own Nigerian share of listeners this quarter | Chartmetric + Soundcharts (observed); see 02_Methodology
Q4_2022,Fela Kuti,32771.13,2.3411,767.21,97.6589,32003.92,48005880.0,"United States, Norway, France, United Kingdom, South Africa",observed: artist's own Nigerian share of listeners this quarter | Chartmetric + Soundcharts (observed); see 02_Methodology
Q4_2022,Niniola,32712.61,5.0783,1661.23,94.9217,31051.37,46577055.0,"Netherlands, South Africa, United Kingdom, United States, Kenya",observed: artist's own Nigerian share of listeners this quarter | Chartmetric + Soundcharts (observed); see 02_Methodology
Q4_2022,DJ Neptune,32211.01,11.6397,3749.26,88.3603,28461.75,42692625.0,"United Kingdom, United States, Netherlands, Kenya, France",observed: artist's own Nigerian share of listeners this quarter | Chartmetric + Soundcharts (observed); see 02_Methodology
Q4_2022,Aṣa,28961.26,10.1323,2934.45,89.8677,26026.8,39040200.0,"France, Germany, United Kingdom, Brazil, Kenya",observed: artist's own Nigerian share of listeners this quarter | Chartmetric + Soundcharts (observed); see 02_Methodology
Q4_2022,Libianca,28315.15,4.6154,1306.87,95.3846,27008.28,40512420.0,"United States, United Kingdom, South Africa, Netherlands, Australia",observed: artist's own Nigerian share of listeners this quarter | Chartmetric + Soundcharts (observed); see 02_Methodology
Q4_2022,2Baba,28134.22,21.2631,5982.2,78.7369,22152.02,33228030.0,"United States, Australia, United Kingdom, New Zealand, South Africa",observed: artist's own Nigerian share of listeners this quarter | Chartmetric + Soundcharts (observed); see 02_Methodology
Q4_2022,Praiz,26206.03,2.6904,705.05,97.3096,25500.98,38251470.0,"Netherlands, United States, United Kingdom, Germany, Sweden",observed: artist's own Nigerian share of listeners this quarter | Chartmetric + Soundcharts (observed); see 02_Methodology
Q4_2022,Phyno,25679.75,30.9779,7955.05,69.0221,17724.7,26587050.0,"United States, United Kingdom, Italy, Germany, United Arab Emirates",observed: artist's own Nigerian share of listeners this quarter | Chartmetric + Soundcharts (observed); see 02_Methodology
Q4_2022,WurlD,25406.49,8.9085,2263.33,91.0915,23143.16,34714740.0,"United States, Netherlands, United Kingdom, Kenya, Canada",observed: artist's own Nigerian share of listeners this quarter | Chartmetric + Soundcharts (observed); see 02_Methodology
Q4_2022,Mannywellz,24605.58,5.7555,1416.16,94.2445,23189.42,34784130.0,"United States, United Kingdom, Canada, Australia, South Africa",observed: artist's own Nigerian share of listeners this quarter | Chartmetric + Soundcharts (observed); see 02_Methodology
Q4_2022,D'banj,24386.14,10.6076,2586.79,89.3924,21799.35,32699025.0,"United Kingdom, United States, Romania, France, Morocco",observed: artist's own Nigerian share of listeners this quarter | Chartmetric + Soundcharts (observed); see 02_Methodology
Q4_2022,Vector,24233.29,30.0145,7273.49,69.9855,16959.8,25439700.0,"United Kingdom, United States, Kenya, Brazil, Ghana",observed: artist's own Nigerian share of listeners this quarter | Chartmetric + Soundcharts (observed); see 02_Methodology
Q4_2022,Ajebutter22,23068.16,12.1219,2796.31,87.8781,20271.85,30407775.0,"United Kingdom, United States, Netherlands, Canada, Kenya",observed: artist's own Nigerian share of listeners this quarter | Chartmetric + Soundcharts (observed); see 02_Methodology
Q4_2022,Zlatan,22050.27,41.7048,9196.02,58.2952,12854.25,19281375.0,"United Kingdom, United States, Ghana, Canada, Netherlands",observed: artist's own Nigerian share of listeners this quarter | Chartmetric + Soundcharts (observed); see 02_Methodology
Q4_2022,Odunsi (The Engine),21919.02,4.8085,1053.98,95.1915,20865.04,31297560.0,"United States, United Kingdom, Canada, Australia, Netherlands",observed: artist's own Nigerian share of listeners this quarter | Chartmetric + Soundcharts (observed); see 02_Methodology
Q4_2022,Banky W.,19635.89,16.1317,3167.61,83.8683,16468.28,24702420.0,"Australia, United States, Malawi, Tanzania, United Kingdom",observed: artist's own Nigerian share of listeners this quarter | Chartmetric + Soundcharts (observed); see 02_Methodology
Q4_2022,Cruel Santino,19308.71,7.3484,1418.88,92.6516,17889.82,26834730.0,"United States, United Kingdom, Canada, Netherlands, Australia",observed: artist's own Nigerian share of listeners this quarter | Chartmetric + Soundcharts (observed); see 02_Methodology
Q4_2022,Reminisce,19069.26,24.5683,4685.0,75.4317,14384.26,21576390.0,"United Kingdom, United States, Ghana, Kenya, South Africa",observed: artist's own Nigerian share of listeners this quarter | Chartmetric + Soundcharts (observed); see 02_Methodology
Q4_2022,Johnny Drille,17860.59,37.0605,6619.23,62.9395,11241.36,16862040.0,"Kenya, United States, United Kingdom, Ghana, Canada",observed: artist's own Nigerian share of listeners this quarter | Chartmetric + Soundcharts (observed); see 02_Methodology
Q4_2022,M.I. Abaga,17838.5,34.914,6228.13,65.086,11610.37,17415555.0,"United Kingdom, United States, Ghana, Kenya, Canada",observed: artist's own Nigerian share of listeners this quarter | Chartmetric + Soundcharts (observed); see 02_Methodology
Q4_2022,Bayanni,17642.05,20.9547,3696.84,79.0453,13945.21,20917815.0,"Kenya, Netherlands, United Kingdom, United States, Ghana",observed: artist's own Nigerian share of listeners this quarter | Chartmetric + Soundcharts (observed); see 02_Methodology
Q4_2022,Show Dem Camp,17296.82,20.1529,3485.81,79.8471,13811.01,20716515.0,"Netherlands, Kenya, Australia, United States, France",observed: artist's own Nigerian share of listeners this quarter | Chartmetric + Soundcharts (observed); see 02_Methodology
Q4_2022,Bracket,17043.49,4.3686,744.56,95.6314,16298.93,24448395.0,"Netherlands, France, United Kingdom, Italy, United States",observed: artist's own Nigerian share of listeners this quarter | Chartmetric + Soundcharts (observed); see 02_Methodology
Q4_2022,Mohbad,16856.52,51.9573,8758.19,48.0427,8098.33,12147495.0,"United Kingdom, United States, Ghana, Canada, Netherlands",observed: artist's own Nigerian share of listeners this quarter | Chartmetric + Soundcharts (observed); see 02_Methodology
Q4_2022,Bad Boy Timz,16691.39,33.6741,5620.68,66.3259,11070.71,16606065.0,"United Kingdom, United States, Ghana, Tanzania, Canada",observed: artist's own Nigerian share of listeners this quarter | Chartmetric + Soundcharts (observed); see 02_Methodology
Q4_2022,Bloody Civilian,15228.85,3.9647,603.78,96.0353,14625.06,21937590.0,"United States, United Kingdom, Australia, Canada, Mexico",observed: artist's own Nigerian share of listeners this quarter | Chartmetric + Soundcharts (observed); see 02_Methodology
Q4_2022,Peruzzi,15109.18,35.9329,5429.16,64.0671,9680.01,14520015.0,"United States, United Kingdom, Ghana, Canada, Kenya",observed: artist's own Nigerian share of listeners this quarter | Chartmetric + Soundcharts (observed); see 02_Methodology
Q4_2022,Seyi Vibez,12914.39,77.9157,10062.33,22.0843,2852.06,4278090.0,"United States, United Kingdom, Ghana, Canada, Kenya",observed: artist's own Nigerian share of listeners this quarter | Chartmetric + Soundcharts (observed); see 02_Methodology
Q4_2022,Lady Donli,11239.82,5.1248,576.02,94.8752,10663.8,15995700.0,"United States, United Kingdom, Australia, Canada, Netherlands",observed: artist's own Nigerian share of listeners this quarter | Chartmetric + Soundcharts (observed); see 02_Methodology
Q4_2022,Terri,11042.46,12.6035,1391.73,87.3965,9650.73,14476095.0,"Netherlands, United States, United Kingdom, United Arab Emirates, France",observed: artist's own Nigerian share of listeners this quarter | Chartmetric + Soundcharts (observed); see 02_Methodology
Q4_2022,Prettyboy D-O,10909.47,4.7946,523.06,95.2054,10386.41,15579615.0,"United States, United Kingdom, Australia, South Africa, Canada",observed: artist's own Nigerian share of listeners this quarter | Chartmetric + Soundcharts (observed); see 02_Methodology
Q4_2022,HarrySong,10356.79,8.1519,844.28,91.8481,9512.52,14268780.0,"United States, Sweden, Chile, Kenya, Norway",observed: artist's own Nigerian share of listeners this quarter | Chartmetric + Soundcharts (observed); see 02_Methodology
Q4_2022,Rude Boy,10259.39,5.9639,611.86,94.0361,9647.53,14471295.0,"Mexico, India, Peru, Vietnam, Indonesia",assumed: portfolio-wide ratio applied to an artist without own geography | Chartmetric + Soundcharts (observed); see 02_Methodology
Q4_2022,Sean Tizzle,10204.87,8.3375,850.83,91.6625,9354.04,14031060.0,"Netherlands, United States, United Kingdom, Germany, France",observed: artist's own Nigerian share of listeners this quarter | Chartmetric + Soundcharts (observed); see 02_Methodology
Q4_2022,Khaid,9299.79,31.4857,2928.1,68.5143,6371.69,9557535.0,"Kenya, Ghana, United Kingdom, United States, South Africa",observed: artist's own Nigerian share of listeners this quarter | Chartmetric + Soundcharts (observed); see 02_Methodology
Q4_2022,Brymo,8998.08,35.9313,3233.12,64.0687,5764.96,8647440.0,"United Kingdom, United States, Ghana, Kenya, Canada",observed: artist's own Nigerian share of listeners this quarter | Chartmetric + Soundcharts (observed); see 02_Methodology
Q4_2022,9ice,8244.41,35.9948,2967.56,64.0052,5276.85,7915275.0,"United Kingdom, United States, Canada, Ghana, Ireland",observed: artist's own Nigerian share of listeners this quarter | Chartmetric + Soundcharts (observed); see 02_Methodology
Q4_2022,Seyi Shay,7101.18,6.9051,490.34,93.0949,6610.83,9916245.0,"United Arab Emirates, United Kingdom, United States, Australia, New Zealand",observed: artist's own Nigerian share of listeners this quarter | Chartmetric + Soundcharts (observed); see 02_Methodology
Q4_2022,Dice Ailes,6536.92,20.8944,1365.85,79.1056,5171.07,7756605.0,"Benin, United Kingdom, United States, Canada, Netherlands",observed: artist's own Nigerian share of listeners this quarter | Chartmetric + Soundcharts (observed); see 02_Methodology
Q4_2022,ODUMODUBLVCK,5608.48,73.5902,4127.29,26.4098,1481.19,2221785.0,"United States, United Kingdom, Ghana, Canada, South Africa",observed: artist's own Nigerian share of listeners this quarter | Chartmetric + Soundcharts (observed); see 02_Methodology
Q4_2022,Duncan Mighty,5370.42,26.4501,1420.48,73.5499,3949.94,5924910.0,"United Kingdom, United States, Ghana, Netherlands, Canada",observed: artist's own Nigerian share of listeners this quarter | Chartmetric + Soundcharts (observed); see 02_Methodology
Q4_2022,Solidstar,4722.2,15.4831,731.14,84.5169,3991.05,5986575.0,"United States, Netherlands, United Kingdom, Colombia, Canada",observed: artist's own Nigerian share of listeners this quarter | Chartmetric + Soundcharts (observed); see 02_Methodology
Q4_2022,King Sunny Ade,3679.55,18.9733,698.13,81.0267,2981.42,4472130.0,"United States, United Kingdom, South Africa, Canada, Australia",observed: artist's own Nigerian share of listeners this quarter | Chartmetric + Soundcharts (observed); see 02_Methodology
Q4_2022,Spyro,3367.22,44.5856,1501.3,55.4144,1865.93,2798895.0,"United States, United Kingdom, Ghana, Canada, Kenya",observed: artist's own Nigerian share of listeners this quarter | Chartmetric + Soundcharts (observed); see 02_Methodology
Q4_2022,Lyta,3052.18,47.4937,1449.59,52.5063,1602.59,2403885.0,"United States, United Kingdom, Ghana, Canada, Kenya",observed: artist's own Nigerian share of listeners this quarter | Chartmetric + Soundcharts (observed); see 02_Methodology
Q4_2022,Dremo,2968.43,41.9055,1243.94,58.0945,1724.5,2586750.0,"United States, United Kingdom, Canada, Ghana, Kenya",observed: artist's own Nigerian share of listeners this quarter | Chartmetric + Soundcharts (observed); see 02_Methodology
Q4_2022,Waje,2705.62,19.5469,528.86,80.4531,2176.75,3265125.0,"United States, United Kingdom, Ghana, Canada, Netherlands",observed: artist's own Nigerian share of listeners this quarter | Chartmetric + Soundcharts (observed); see 02_Methodology
Q4_2022,Darey,2638.63,35.487,936.37,64.513,1702.26,2553390.0,"Cameroon, United Kingdom, United States, Canada, Senegal",observed: artist's own Nigerian share of listeners this quarter | Chartmetric + Soundcharts (observed); see 02_Methodology
Q4_2022,Small Doctor,2629.37,37.5397,987.06,62.4603,1642.31,2463465.0,"United Kingdom, United States, Canada, Ghana, Netherlands",observed: artist's own Nigerian share of listeners this quarter | Chartmetric + Soundcharts (observed); see 02_Methodology
Q4_2022,CDQ,2554.36,38.2139,976.12,61.7861,1578.24,2367360.0,"United States, United Kingdom, Canada, Ghana, South Africa",observed: artist's own Nigerian share of listeners this quarter | Chartmetric + Soundcharts (observed); see 02_Methodology
Q4_2022,Naeto C,2465.96,35.9743,887.11,64.0257,1578.85,2368275.0,"United Kingdom, United States, Canada, Ghana, South Africa",observed: artist's own Nigerian share of listeners this quarter | Chartmetric + Soundcharts (observed); see 02_Methodology
Q4_2022,Sound Sultan,2396.73,34.8243,834.64,65.1757,1562.08,2343120.0,"United States, United Kingdom, Ghana, Canada, Netherlands",observed: artist's own Nigerian share of listeners this quarter | Chartmetric + Soundcharts (observed); see 02_Methodology
Q4_2022,Jesse Jagz,2099.59,29.6647,622.84,70.3353,1476.75,2215125.0,"United Kingdom, United States, Canada, Ghana, Sweden",observed: artist's own Nigerian share of listeners this quarter | Chartmetric + Soundcharts (observed); see 02_Methodology
Q4_2022,Olu Maintain,1832.6,28.8625,528.94,71.1375,1303.67,1955505.0,"United Kingdom, United States, Ghana, Canada, Ireland",observed: artist's own Nigerian share of listeners this quarter | Chartmetric + Soundcharts (observed); see 02_Methodology
Q4_2022,Qing Madi,1450.02,64.0181,928.27,35.9819,521.74,782610.0,"Ghana, Kenya, United States, United Kingdom, South Africa",observed: artist's own Nigerian share of listeners this quarter | Chartmetric + Soundcharts (observed); see 02_Methodology
Q4_2022,Illbliss,1352.71,35.9129,485.8,64.0871,866.91,1300365.0,"United States, United Kingdom, Ghana, Canada, South Africa",observed: artist's own Nigerian share of listeners this quarter | Chartmetric + Soundcharts (observed); see 02_Methodology
Q4_2022,Mr Real,1327.53,21.4055,284.16,78.5945,1043.36,1565040.0,"United Kingdom, United States, Canada, Ghana, South Africa",observed: artist's own Nigerian share of listeners this quarter | Chartmetric + Soundcharts (observed); see 02_Methodology
Q4_2022,Terry Apala,1253.55,36.8265,461.64,63.1735,791.91,1187865.0,"United Kingdom, United States, South Africa, Canada, Ghana",observed: artist's own Nigerian share of listeners this quarter | Chartmetric + Soundcharts (observed); see 02_Methodology
Q4_2022,Yung6ix,1079.82,36.7613,396.95,63.2387,682.86,1024290.0,"United States, United Kingdom, Canada, Ghana, Netherlands",observed: artist's own Nigerian share of listeners this quarter | Chartmetric + Soundcharts (observed); see 02_Methodology
Q4_2022,Eldee,658.35,47.5438,313.0,52.4562,345.34,518010.0,"United States, United Kingdom, Canada, Ghana, South Africa",observed: artist's own Nigerian share of listeners this quarter | Chartmetric + Soundcharts (observed); see 02_Methodology
Q4_2022,Dammy Krane,396.71,29.5775,117.34,70.4225,279.37,419055.0,"United Kingdom, United States, Canada, Ghana, Netherlands",observed: artist's own Nigerian share of listeners this quarter | Chartmetric + Soundcharts (observed); see 02_Methodology
Q4_2022,Lagbaja,217.22,5.9639,12.96,94.0361,204.27,306405.0,,assumed: portfolio-wide ratio applied to an artist without own geography | Chartmetric + Soundcharts (observed); see 02_Methodology
Q4_2022,Sauce Kid,181.92,32.8445,59.75,67.1555,122.17,183255.0,"United States, United Kingdom, Canada, Ghana, South Africa",observed: artist's own Nigerian share of listeners this quarter | Chartmetric + Soundcharts (observed); see 02_Methodology
Q4_2022,Ebenezer Obey,116.11,5.9639,6.92,94.0361,109.19,163785.0,,assumed: portfolio-wide ratio applied to an artist without own geography | Chartmetric + Soundcharts (observed); see 02_Methodology
Q4_2022,Oritsefemi,27.3,79.1667,21.61,20.8333,5.69,8535.0,"United States, United Kingdom, United Arab Emirates, Japan, Dominican Republic",observed: artist's own Nigerian share of listeners this quarter | Chartmetric + Soundcharts (observed); see 02_Methodology
Q4_2022,Shallipopi,4.05,89.8551,3.64,10.1449,0.41,615.0,"United States, United Kingdom, United Arab Emirates, Ukraine, Türkiye",observed: artist's own Nigerian share of listeners this quarter | Chartmetric + Soundcharts (observed); see 02_Methodology
Q4_2022,DJ Spinall,3.93,12.8571,0.51,87.1429,3.43,5145.0,"United States, South Africa, Angola, United Kingdom, Germany",observed: artist's own Nigerian share of listeners this quarter | Chartmetric + Soundcharts (observed); see 02_Methodology
Q4_2022,Tempoe,0.6,5.9639,0.04,94.0361,0.56,840.0,,assumed: portfolio-wide ratio applied to an artist without own geography | Chartmetric + Soundcharts (observed); see 02_Methodology
Q4_2022,Odunsi,0.31,5.9639,0.02,94.0361,0.29,435.0,,assumed: portfolio-wide ratio applied to an artist without own geography | Chartmetric + Soundcharts (observed); see 02_Methodology
Q4_2022,=== PERIOD TOTAL ===,17741891.82,,1026624.9,,16715266.83,25072900245.0,,Aggregated
Q1_2023,Rema,2973777.04,0.7671,22812.92,99.2329,2950964.12,4426446180.0,"India, Mexico, Netherlands, Australia, Brazil",observed: artist's own Nigerian share of listeners this quarter | Chartmetric + Soundcharts (observed); see 02_Methodology
Q1_2023,Burna Boy,1600136.36,3.0181,48293.21,96.9819,1551843.15,2327764725.0,"United States, United Kingdom, France, Colombia, South Africa",observed: artist's own Nigerian share of listeners this quarter | Chartmetric + Soundcharts (observed); see 02_Methodology
Q1_2023,CKay,1066744.32,0.8133,8675.62,99.1867,1058068.7,1587103050.0,"India, France, Netherlands, United Kingdom, United States",observed: artist's own Nigerian share of listeners this quarter | Chartmetric + Soundcharts (observed); see 02_Methodology
Q1_2023,Ayra Starr,1065345.12,4.4552,47463.32,95.5448,1017881.8,1526822700.0,"United States, Netherlands, United Kingdom, France, Canada",observed: artist's own Nigerian share of listeners this quarter | Chartmetric + Soundcharts (observed); see 02_Methodology
Q1_2023,Wizkid,884388.74,3.9464,34901.55,96.0536,849487.19,1274230785.0,"United States, Côte D’Ivoire, United Kingdom, France, South Africa",observed: artist's own Nigerian share of listeners this quarter | Chartmetric + Soundcharts (observed); see 02_Methodology
Q1_2023,Tems,874670.26,1.0539,9218.54,98.9461,865451.72,1298177580.0,"United States, United Kingdom, Australia, Canada, Netherlands",observed: artist's own Nigerian share of listeners this quarter | Chartmetric + Soundcharts (observed); see 02_Methodology
Q1_2023,Libianca,790678.26,1.7432,13783.22,98.2568,776895.04,1165342560.0,"Indonesia, India, United Kingdom, Netherlands, United States",observed: artist's own Nigerian share of listeners this quarter | Chartmetric + Soundcharts (observed); see 02_Methodology
Q1_2023,Fireboy DML,745594.53,4.1983,31302.34,95.8017,714292.19,1071438285.0,"United States, United Kingdom, France, Kenya, South Africa",observed: artist's own Nigerian share of listeners this quarter | Chartmetric + Soundcharts (observed); see 02_Methodology
Q1_2023,Kizz Daniel,673364.37,14.3983,96953.19,85.6017,576411.17,864616755.0,"United States, United Kingdom, Netherlands, South Africa, France",observed: artist's own Nigerian share of listeners this quarter | Chartmetric + Soundcharts (observed); see 02_Methodology
Q1_2023,Omah Lay,653089.32,7.4335,48547.09,92.5665,604542.23,906813345.0,"Netherlands, United States, United Kingdom, France, Germany",observed: artist's own Nigerian share of listeners this quarter | Chartmetric + Soundcharts (observed); see 02_Methodology
Q1_2023,Oxlade,479047.73,4.1763,20006.3,95.8237,459041.44,688562160.0,"Netherlands, United Kingdom, United States, France, Germany",observed: artist's own Nigerian share of listeners this quarter | Chartmetric + Soundcharts (observed); see 02_Methodology
Q1_2023,Asake,411892.39,13.2071,54399.13,86.7929,357493.26,536239890.0,"United States, United Kingdom, Kenya, South Africa, France",observed: artist's own Nigerian share of listeners this quarter | Chartmetric + Soundcharts (observed); see 02_Methodology
Q1_2023,Davido,398321.42,7.8703,31348.99,92.1297,366972.44,550458660.0,"Côte D’Ivoire, Cameroon, United States, United Kingdom, Netherlands",observed: artist's own Nigerian share of listeners this quarter | Chartmetric + Soundcharts (observed); see 02_Methodology
Q1_2023,Amaarae,351489.93,0.7657,2691.52,99.2343,348798.4,523197600.0,"United States, India, Mexico, United Kingdom, Australia",observed: artist's own Nigerian share of listeners this quarter | Chartmetric + Soundcharts (observed); see 02_Methodology
Q1_2023,Victony,333050.85,11.9527,39808.49,88.0473,293242.36,439863540.0,"United Kingdom, Netherlands, United States, France, Kenya",observed: artist's own Nigerian share of listeners this quarter | Chartmetric + Soundcharts (observed); see 02_Methodology
Q1_2023,Mr Eazi,296964.13,3.2871,9761.39,96.7129,287202.74,430804110.0,"Côte D’Ivoire, United States, Guatemala, United Kingdom, France",observed: artist's own Nigerian share of listeners this quarter | Chartmetric + Soundcharts (observed); see 02_Methodology
Q1_2023,Joeboy,294024.66,8.1158,23862.44,91.8842,270162.22,405243330.0,"Netherlands, United States, United Kingdom, France, Kenya",observed: artist's own Nigerian share of listeners this quarter | Chartmetric + Soundcharts (observed); see 02_Methodology
Q1_2023,Lojay,285366.12,7.9958,22817.18,92.0042,262548.94,393823410.0,"United Kingdom, Netherlands, United States, Germany, South Africa",observed: artist's own Nigerian share of listeners this quarter | Chartmetric + Soundcharts (observed); see 02_Methodology
Q1_2023,BNXN,267905.38,13.1255,35163.82,86.8745,232741.56,349112340.0,"United Kingdom, United States, Netherlands, Canada, Australia",observed: artist's own Nigerian share of listeners this quarter | Chartmetric + Soundcharts (observed); see 02_Methodology
Q1_2023,Ruger,262428.87,16.692,43804.62,83.308,218624.26,327936390.0,"United Kingdom, United States, Kenya, Netherlands, South Africa",observed: artist's own Nigerian share of listeners this quarter | Chartmetric + Soundcharts (observed); see 02_Methodology
Q1_2023,Pheelz,257149.29,8.5569,22003.98,91.4431,235145.32,352717980.0,"United Kingdom, United States, Netherlands, Canada, France",observed: artist's own Nigerian share of listeners this quarter | Chartmetric + Soundcharts (observed); see 02_Methodology
Q1_2023,Tiwa Savage,212850.76,17.214,36640.02,82.786,176210.74,264316110.0,"Côte D’Ivoire, Kenya, United States, United Kingdom, Zambia",observed: artist's own Nigerian share of listeners this quarter | Chartmetric + Soundcharts (observed); see 02_Methodology
Q1_2023,Tekno,200963.62,7.1792,14427.48,92.8208,186536.14,279804210.0,"Côte D’Ivoire, United States, Kenya, South Africa, France",observed: artist's own Nigerian share of listeners this quarter | Chartmetric + Soundcharts (observed); see 02_Methodology
Q1_2023,Olamide,183021.99,13.9284,25491.97,86.0716,157530.01,236295015.0,"Côte D’Ivoire, United States, United Kingdom, France, South Africa",observed: artist's own Nigerian share of listeners this quarter | Chartmetric + Soundcharts (observed); see 02_Methodology
Q1_2023,Darkoo,171106.73,3.2885,5626.86,96.7115,165479.88,248219820.0,"United Kingdom, Australia, Netherlands, United States, Canada",observed: artist's own Nigerian share of listeners this quarter | Chartmetric + Soundcharts (observed); see 02_Methodology
Q1_2023,Sarz,166211.57,5.1028,8481.42,94.8972,157730.15,236595225.0,"United Kingdom, Netherlands, United States, Germany, South Africa",observed: artist's own Nigerian share of listeners this quarter | Chartmetric + Soundcharts (observed); see 02_Methodology
Q1_2023,Yemi Alade,154258.47,3.6181,5581.24,96.3819,148677.23,223015845.0,"Côte D’Ivoire, Congo - Kinshasa, United States, Gambia, France",observed: artist's own Nigerian share of listeners this quarter | Chartmetric + Soundcharts (observed); see 02_Methodology
Q1_2023,Adekunle Gold,141948.5,14.6965,20861.45,85.3035,121087.05,181630575.0,"United Kingdom, Tanzania, Netherlands, Ghana, Benin",observed: artist's own Nigerian share of listeners this quarter | Chartmetric + Soundcharts (observed); see 02_Methodology
Q1_2023,Patoranking,136221.52,12.3981,16888.93,87.6019,119332.6,178998900.0,"Côte D’Ivoire, Kenya, United States, United Kingdom, South Africa",observed: artist's own Nigerian share of listeners this quarter | Chartmetric + Soundcharts (observed); see 02_Methodology
Q1_2023,Wande Coal,130358.52,18.4443,24043.65,81.5557,106314.87,159472305.0,"United States, United Kingdom, France, Canada, South Africa",observed: artist's own Nigerian share of listeners this quarter | Chartmetric + Soundcharts (observed); see 02_Methodology
Q1_2023,Iyanya,127606.02,11.9301,15223.46,88.0699,112382.56,168573840.0,"Kenya, United States, Côte D’Ivoire, United Kingdom, Zambia",observed: artist's own Nigerian share of listeners this quarter | Chartmetric + Soundcharts (observed); see 02_Methodology
Q1_2023,Timaya,127365.21,14.2792,18186.77,85.7208,109178.45,163767675.0,"United States, Kenya, United Kingdom, Italy, South Africa",observed: artist's own Nigerian share of listeners this quarter | Chartmetric + Soundcharts (observed); see 02_Methodology
Q1_2023,Ric Hassani,107190.71,1.0937,1172.33,98.9063,106018.39,159027585.0,"Netherlands, United States, Germany, Australia, Canada",observed: artist's own Nigerian share of listeners this quarter | Chartmetric + Soundcharts (observed); see 02_Methodology
Q1_2023,Young Jonn,103255.12,25.6913,26527.56,74.3087,76727.57,115091355.0,"United Kingdom, United States, Kenya, Netherlands, Ghana",observed: artist's own Nigerian share of listeners this quarter | Chartmetric + Soundcharts (observed); see 02_Methodology
Q1_2023,Mayorkun,102897.54,18.6585,19199.19,81.3415,83698.35,125547525.0,"United Kingdom, United States, Kenya, Netherlands, Côte D’Ivoire",observed: artist's own Nigerian share of listeners this quarter | Chartmetric + Soundcharts (observed); see 02_Methodology
Q1_2023,Naira Marley,99884.17,26.0411,26010.9,73.9589,73873.26,110809890.0,"United States, Côte D’Ivoire, United Kingdom, Türkiye, Italy",observed: artist's own Nigerian share of listeners this quarter | Chartmetric + Soundcharts (observed); see 02_Methodology
Q1_2023,Skiibii,94514.66,27.4073,25903.96,72.5927,68610.7,102916050.0,"United Kingdom, United States, Netherlands, Ghana, Kenya",observed: artist's own Nigerian share of listeners this quarter | Chartmetric + Soundcharts (observed); see 02_Methodology
Q1_2023,Bayanni,91601.71,9.7355,8917.89,90.2645,82683.82,124025730.0,"Netherlands, France, Germany, Kenya, United Kingdom",observed: artist's own Nigerian share of listeners this quarter | Chartmetric + Soundcharts (observed); see 02_Methodology
Q1_2023,P-Square,88313.66,8.4223,7438.04,91.5777,80875.62,121313430.0,"United States, South Africa, Kenya, France, United Kingdom",observed: artist's own Nigerian share of listeners this quarter | Chartmetric + Soundcharts (observed); see 02_Methodology
Q1_2023,Bella Shmurda,86054.01,42.4683,36545.69,57.5317,49508.33,74262495.0,"United States, United Kingdom, Ghana, Tanzania, Italy",observed: artist's own Nigerian share of listeners this quarter | Chartmetric + Soundcharts (observed); see 02_Methodology
Q1_2023,Olakira,83686.85,3.6041,3016.15,96.3959,80670.69,121006035.0,"Netherlands, United States, United Kingdom, Australia, Kenya",observed: artist's own Nigerian share of listeners this quarter | Chartmetric + Soundcharts (observed); see 02_Methodology
Q1_2023,Chike,81596.41,26.0559,21260.71,73.9441,60335.69,90503535.0,"United Kingdom, United States, Kenya, South Africa, Ghana",observed: artist's own Nigerian share of listeners this quarter | Chartmetric + Soundcharts (observed); see 02_Methodology
Q1_2023,Maleek Berry,81133.35,4.8739,3954.34,95.1261,77179.01,115768515.0,"United States, Trinidad & Tobago, United Kingdom, France, Australia",observed: artist's own Nigerian share of listeners this quarter | Chartmetric + Soundcharts (observed); see 02_Methodology
Q1_2023,Crayon,78037.5,18.2497,14241.62,81.7503,63795.88,95693820.0,"United Kingdom, United States, Kenya, Netherlands, South Africa",observed: artist's own Nigerian share of listeners this quarter | Chartmetric + Soundcharts (observed); see 02_Methodology
Q1_2023,Zinoleesky,72810.53,41.9242,30525.21,58.0758,42285.33,63427995.0,"United Kingdom, United States, Canada, Ghana, Netherlands",observed: artist's own Nigerian share of listeners this quarter | Chartmetric + Soundcharts (observed); see 02_Methodology
Q1_2023,Simi,70234.31,14.3601,10085.71,85.6399,60148.61,90222915.0,"Kenya, United States, Côte D’Ivoire, Sierra Leone, Tanzania",observed: artist's own Nigerian share of listeners this quarter | Chartmetric + Soundcharts (observed); see 02_Methodology
Q1_2023,Flavour,66649.65,18.9672,12641.57,81.0328,54008.08,81012120.0,"United States, United Kingdom, South Africa, Netherlands, Canada",observed: artist's own Nigerian share of listeners this quarter | Chartmetric + Soundcharts (observed); see 02_Methodology
Q1_2023,Korede Bello,62104.64,4.8699,3024.42,95.1301,59080.22,88620330.0,"Côte D’Ivoire, Gambia, Congo - Kinshasa, United States, United Kingdom",observed: artist's own Nigerian share of listeners this quarter | Chartmetric + Soundcharts (observed); see 02_Methodology
Q1_2023,Magixx,60755.18,17.7129,10761.48,82.2871,49993.7,74990550.0,"United Kingdom, Kenya, United States, South Africa, Ghana",observed: artist's own Nigerian share of listeners this quarter | Chartmetric + Soundcharts (observed); see 02_Methodology
Q1_2023,Ice Prince,57994.91,11.0425,6404.08,88.9575,51590.83,77386245.0,"France, United States, Germany, United Kingdom, South Africa",observed: artist's own Nigerian share of listeners this quarter | Chartmetric + Soundcharts (observed); see 02_Methodology
Q1_2023,DJ Neptune,57951.03,21.4079,12406.09,78.5921,45544.94,68317410.0,"United Kingdom, United States, Kenya, Netherlands, France",observed: artist's own Nigerian share of listeners this quarter | Chartmetric + Soundcharts (observed); see 02_Methodology
Q1_2023,Spyro,56293.82,39.8997,22461.04,60.1003,33832.78,50749170.0,"United Kingdom, Kenya, United States, Ghana, South Africa",observed: artist's own Nigerian share of listeners this quarter | Chartmetric + Soundcharts (observed); see 02_Methodology
Q1_2023,Nonso Amadi,56162.2,8.3004,4661.69,91.6996,51500.51,77250765.0,"United States, Canada, United Kingdom, Australia, Netherlands",observed: artist's own Nigerian share of listeners this quarter | Chartmetric + Soundcharts (observed); see 02_Methodology
Q1_2023,Niniola,53003.6,7.0325,3727.48,92.9675,49276.12,73914180.0,"South Africa, Netherlands, United States, United Kingdom, Kenya",observed: artist's own Nigerian share of listeners this quarter | Chartmetric + Soundcharts (observed); see 02_Methodology
Q1_2023,Seyi Vibez,51238.59,51.2229,26245.89,48.7771,24992.7,37489050.0,"United States, United Kingdom, Ghana, Netherlands, Kenya",observed: artist's own Nigerian share of listeners this quarter | Chartmetric + Soundcharts (observed); see 02_Methodology
Q1_2023,Blaqbonez,48765.78,37.4987,18286.55,62.5013,30479.23,45718845.0,"United States, United Kingdom, South Africa, Netherlands, Ghana",observed: artist's own Nigerian share of listeners this quarter | Chartmetric + Soundcharts (observed); see 02_Methodology
Q1_2023,Boy Spyce,47841.3,40.0587,19164.62,59.9413,28676.68,43015020.0,"United States, United Kingdom, Ghana, Kenya, France",observed: artist's own Nigerian share of listeners this quarter | Chartmetric + Soundcharts (observed); see 02_Methodology
Q1_2023,Teni,45864.21,16.4208,7531.28,83.5792,38332.93,57499395.0,"United Kingdom, United States, Ghana, Netherlands, South Africa",observed: artist's own Nigerian share of listeners this quarter | Chartmetric + Soundcharts (observed); see 02_Methodology
Q1_2023,Reekado Banks,45838.22,19.609,8988.41,80.391,36849.82,55274730.0,"Côte D’Ivoire, United States, Kenya, United Kingdom, South Africa",observed: artist's own Nigerian share of listeners this quarter | Chartmetric + Soundcharts (observed); see 02_Methodology
Q1_2023,Boj,43761.33,10.5608,4621.56,89.4392,39139.77,58709655.0,"United Kingdom, United States, Australia, Netherlands, Canada",observed: artist's own Nigerian share of listeners this quarter | Chartmetric + Soundcharts (observed); see 02_Methodology
Q1_2023,Ycee,43397.06,8.7708,3806.27,91.2292,39590.79,59386185.0,"Tanzania, United States, United Kingdom, Netherlands, Germany",observed: artist's own Nigerian share of listeners this quarter | Chartmetric + Soundcharts (observed); see 02_Methodology
Q1_2023,Peruzzi,41878.36,23.8188,9974.91,76.1812,31903.45,47855175.0,"United States, United Kingdom, Italy, Netherlands, Canada",observed: artist's own Nigerian share of listeners this quarter | Chartmetric + Soundcharts (observed); see 02_Methodology
Q1_2023,Tay Iwar,41076.64,5.9332,2437.17,94.0668,38639.48,57959220.0,"Netherlands, Australia, France, Germany, United States",observed: artist's own Nigerian share of listeners this quarter | Chartmetric + Soundcharts (observed); see 02_Methodology
Q1_2023,LADIPOE,39063.77,18.2166,7116.07,81.7834,31947.7,47921550.0,"United Kingdom, United States, South Africa, Kenya, Netherlands",observed: artist's own Nigerian share of listeners this quarter | Chartmetric + Soundcharts (observed); see 02_Methodology
Q1_2023,Fela Kuti,38007.48,4.2309,1608.06,95.7691,36399.42,54599130.0,"United States, France, United Kingdom, South Africa, Italy",observed: artist's own Nigerian share of listeners this quarter | Chartmetric + Soundcharts (observed); see 02_Methodology
Q1_2023,Falz,37482.08,26.4773,9924.23,73.5227,27557.86,41336790.0,"United Kingdom, United States, Netherlands, Canada, Kenya",observed: artist's own Nigerian share of listeners this quarter | Chartmetric + Soundcharts (observed); see 02_Methodology
Q1_2023,Lil Kesh,35763.22,46.1652,16510.16,53.8348,19253.06,28879590.0,"United Kingdom, United States, Ghana, Kenya, Canada",observed: artist's own Nigerian share of listeners this quarter | Chartmetric + Soundcharts (observed); see 02_Methodology
Q1_2023,Cruel Santino,33146.73,7.5952,2517.57,92.4048,30629.16,45943740.0,"United States, United Kingdom, Netherlands, Canada, Australia",observed: artist's own Nigerian share of listeners this quarter | Chartmetric + Soundcharts (observed); see 02_Methodology
Q1_2023,Aṣa,31841.95,10.9772,3495.35,89.0228,28346.59,42519885.0,"Türkiye, United States, Sweden, Chile, Pakistan",observed: artist's own Nigerian share of listeners this quarter | Chartmetric + Soundcharts (observed); see 02_Methodology
Q1_2023,Khaid,30935.88,55.341,17120.24,44.659,13815.64,20723460.0,"Ghana, United Kingdom, Kenya, South Africa, Canada",observed: artist's own Nigerian share of listeners this quarter | Chartmetric + Soundcharts (observed); see 02_Methodology
Q1_2023,Phyno,30300.95,32.6688,9898.96,67.3312,20402.0,30603000.0,"United States, United Kingdom, Panama, Italy, South Africa",observed: artist's own Nigerian share of listeners this quarter | Chartmetric + Soundcharts (observed); see 02_Methodology
Q1_2023,Zlatan,29126.49,59.8304,17426.5,40.1696,11699.98,17549970.0,"United States, United Kingdom, Ghana, Canada, Netherlands",observed: artist's own Nigerian share of listeners this quarter | Chartmetric + Soundcharts (observed); see 02_Methodology
Q1_2023,2Baba,28848.07,30.7251,8863.6,69.2749,19984.47,29976705.0,"United States, Sri Lanka, Ukraine, Australia, United Kingdom",observed: artist's own Nigerian share of listeners this quarter | Chartmetric + Soundcharts (observed); see 02_Methodology
Q1_2023,Praiz,28353.87,3.0716,870.91,96.9284,27482.96,41224440.0,"Netherlands, United Kingdom, Germany, United States, Sweden",observed: artist's own Nigerian share of listeners this quarter | Chartmetric + Soundcharts (observed); see 02_Methodology
Q1_2023,D'banj,27249.68,14.1168,3846.78,85.8832,23402.9,35104350.0,"Romania, United Kingdom, United States, France, South Africa",observed: artist's own Nigerian share of listeners this quarter | Chartmetric + Soundcharts (observed); see 02_Methodology
Q1_2023,Mannywellz,24602.27,6.8187,1677.56,93.1813,22924.71,34387065.0,"United States, United Kingdom, Canada, South Africa, Australia",observed: artist's own Nigerian share of listeners this quarter | Chartmetric + Soundcharts (observed); see 02_Methodology
Q1_2023,Odunsi (The Engine),23300.06,6.8407,1593.9,93.1593,21706.16,32559240.0,"United States, United Kingdom, Canada, Australia, Netherlands",observed: artist's own Nigerian share of listeners this quarter | Chartmetric + Soundcharts (observed); see 02_Methodology
Q1_2023,Vector,21772.02,32.2181,7014.53,67.7819,14757.49,22136235.0,"United Kingdom, Kenya, United States, Ghana, South Africa",observed: artist's own Nigerian share of listeners this quarter | Chartmetric + Soundcharts (observed); see 02_Methodology
Q1_2023,WurlD,21283.11,12.6998,2702.92,87.3002,18580.19,27870285.0,"United States, Netherlands, United Kingdom, Kenya, Canada",observed: artist's own Nigerian share of listeners this quarter | Chartmetric + Soundcharts (observed); see 02_Methodology
Q1_2023,Bad Boy Timz,20877.16,36.2311,7564.03,63.7689,13313.13,19969695.0,"United Kingdom, United States, Ghana, Canada, Kenya",observed: artist's own Nigerian share of listeners this quarter | Chartmetric + Soundcharts (observed); see 02_Methodology
Q1_2023,Ajebutter22,20775.76,13.687,2843.59,86.313,17932.17,26898255.0,"United States, United Kingdom, Netherlands, Canada, Germany",observed: artist's own Nigerian share of listeners this quarter | Chartmetric + Soundcharts (observed); see 02_Methodology
Q1_2023,Johnny Drille,20278.92,25.4334,5157.62,74.5666,15121.3,22681950.0,"Kenya, United Kingdom, United States, South Africa, Ghana",observed: artist's own Nigerian share of listeners this quarter | Chartmetric + Soundcharts (observed); see 02_Methodology
Q1_2023,Banky W.,18786.85,20.6765,3884.46,79.3235,14902.38,22353570.0,"United States, United Kingdom, Pakistan, Kenya, Zambia",observed: artist's own Nigerian share of listeners this quarter | Chartmetric + Soundcharts (observed); see 02_Methodology
Q1_2023,Show Dem Camp,18473.44,24.4723,4520.88,75.5277,13952.56,20928840.0,"United States, United Kingdom, Canada, South Africa, Netherlands",observed: artist's own Nigerian share of listeners this quarter | Chartmetric + Soundcharts (observed); see 02_Methodology
Q1_2023,Bracket,16958.83,7.3379,1244.42,92.6621,15714.41,23571615.0,"Netherlands, France, United Kingdom, United States, Italy",observed: artist's own Nigerian share of listeners this quarter | Chartmetric + Soundcharts (observed); see 02_Methodology
Q1_2023,ODUMODUBLVCK,16740.2,7.9414,1329.4,92.0586,15410.79,23116185.0,"United States, United Kingdom, Ghana, Canada, South Africa",assumed: portfolio-wide ratio applied to an artist without own geography | Chartmetric + Soundcharts (observed); see 02_Methodology
Q1_2023,Reminisce,16718.49,34.6381,5790.96,65.3619,10927.53,16391295.0,"United Kingdom, United States, South Africa, Ghana, Kenya",observed: artist's own Nigerian share of listeners this quarter | Chartmetric + Soundcharts (observed); see 02_Methodology
Q1_2023,Mohbad,16704.92,59.4964,9938.82,40.5036,6766.1,10149150.0,"United States, United Kingdom, Ghana, Canada, Netherlands",observed: artist's own Nigerian share of listeners this quarter | Chartmetric + Soundcharts (observed); see 02_Methodology
Q1_2023,Lady Donli,14734.33,4.2354,624.05,95.7646,14110.28,21165420.0,"United States, United Kingdom, Germany, Australia, Netherlands",observed: artist's own Nigerian share of listeners this quarter | Chartmetric + Soundcharts (observed); see 02_Methodology
Q1_2023,M.I. Abaga,14456.33,40.7669,5893.39,59.2331,8562.93,12844395.0,"United Kingdom, United States, South Africa, Ghana, Canada",observed: artist's own Nigerian share of listeners this quarter | Chartmetric + Soundcharts (observed); see 02_Methodology
Q1_2023,Rude Boy,10631.85,7.9414,844.32,92.0586,9787.53,14681295.0,"Mexico, Vietnam, India, Indonesia, Peru",assumed: portfolio-wide ratio applied to an artist without own geography | Chartmetric + Soundcharts (observed); see 02_Methodology
Q1_2023,Sean Tizzle,9312.66,12.5154,1165.52,87.4846,8147.14,12220710.0,"Netherlands, United States, United Kingdom, Germany, Canada",observed: artist's own Nigerian share of listeners this quarter | Chartmetric + Soundcharts (observed); see 02_Methodology
Q1_2023,Prettyboy D-O,9204.27,8.3923,772.45,91.6077,8431.81,12647715.0,"United States, United Kingdom, Australia, South Africa, Canada",observed: artist's own Nigerian share of listeners this quarter | Chartmetric + Soundcharts (observed); see 02_Methodology
Q1_2023,Brymo,9168.45,38.3102,3512.45,61.6898,5655.99,8483985.0,"United Kingdom, United States, Netherlands, Ghana, Canada",observed: artist's own Nigerian share of listeners this quarter | Chartmetric + Soundcharts (observed); see 02_Methodology
Q1_2023,9ice,9086.63,45.7307,4155.38,54.2693,4931.25,7396875.0,"United Kingdom, United States, Ghana, Canada, South Africa",observed: artist's own Nigerian share of listeners this quarter | Chartmetric + Soundcharts (observed); see 02_Methodology
Q1_2023,Terri,8598.61,13.9419,1198.81,86.0581,7399.8,11099700.0,"Netherlands, United States, Benin, United Kingdom, Tanzania",observed: artist's own Nigerian share of listeners this quarter | Chartmetric + Soundcharts (observed); see 02_Methodology
Q1_2023,HarrySong,7280.14,14.063,1023.8,85.937,6256.33,9384495.0,"United States, Kenya, Peru, Argentina, United Kingdom",observed: artist's own Nigerian share of listeners this quarter | Chartmetric + Soundcharts (observed); see 02_Methodology
Q1_2023,Bloody Civilian,6895.95,6.5612,452.46,93.4388,6443.49,9665235.0,"United States, United Kingdom, Canada, Australia, Mexico",observed: artist's own Nigerian share of listeners this quarter | Chartmetric + Soundcharts (observed); see 02_Methodology
Q1_2023,Seyi Shay,6552.94,10.6278,696.43,89.3722,5856.51,8784765.0,"United Arab Emirates, United States, United Kingdom, Australia, New Zealand",observed: artist's own Nigerian share of listeners this quarter | Chartmetric + Soundcharts (observed); see 02_Methodology
Q1_2023,Duncan Mighty,6198.53,34.9324,2165.3,65.0676,4033.23,6049845.0,"United Kingdom, United States, Ghana, Netherlands, Canada",observed: artist's own Nigerian share of listeners this quarter | Chartmetric + Soundcharts (observed); see 02_Methodology
Q1_2023,Qing Madi,5914.69,41.8017,2472.44,58.1983,3442.25,5163375.0,"United States, South Africa, Kenya, Ghana, United Kingdom",observed: artist's own Nigerian share of listeners this quarter | Chartmetric + Soundcharts (observed); see 02_Methodology
Q1_2023,Dice Ailes,5260.73,30.5247,1605.83,69.4753,3654.91,5482365.0,"United States, United Kingdom, Canada, Netherlands, Italy",observed: artist's own Nigerian share of listeners this quarter | Chartmetric + Soundcharts (observed); see 02_Methodology
Q1_2023,Lyta,5025.31,53.9016,2708.72,46.0984,2316.59,3474885.0,"United States, United Kingdom, Ghana, Canada, South Africa",observed: artist's own Nigerian share of listeners this quarter | Chartmetric + Soundcharts (observed); see 02_Methodology
Q1_2023,Solidstar,4903.07,20.7116,1015.5,79.2884,3887.57,5831355.0,"United States, Netherlands, United Kingdom, Colombia, Canada",observed: artist's own Nigerian share of listeners this quarter | Chartmetric + Soundcharts (observed); see 02_Methodology
Q1_2023,CDQ,4490.12,45.3198,2034.91,54.6802,2455.21,3682815.0,"Italy, United States, United Kingdom, Canada, Tanzania",observed: artist's own Nigerian share of listeners this quarter | Chartmetric + Soundcharts (observed); see 02_Methodology
Q1_2023,King Sunny Ade,4130.88,22.9092,946.35,77.0908,3184.53,4776795.0,"United States, United Kingdom, Canada, South Africa, Netherlands",observed: artist's own Nigerian share of listeners this quarter | Chartmetric + Soundcharts (observed); see 02_Methodology
Q1_2023,Shallipopi,3563.76,7.9414,283.01,92.0586,3280.75,4921125.0,"United States, United Kingdom, Ghana, Canada, Benin",assumed: portfolio-wide ratio applied to an artist without own geography | Chartmetric + Soundcharts (observed); see 02_Methodology
Q1_2023,Dremo,3169.64,53.6743,1701.28,46.3257,1468.36,2202540.0,"United States, United Kingdom, Canada, Ghana, South Africa",observed: artist's own Nigerian share of listeners this quarter | Chartmetric + Soundcharts (observed); see 02_Methodology
Q1_2023,Naeto C,3150.39,45.7921,1442.63,54.2079,1707.76,2561640.0,"United Kingdom, United States, Canada, Ghana, South Africa",observed: artist's own Nigerian share of listeners this quarter | Chartmetric + Soundcharts (observed); see 02_Methodology
Q1_2023,Olu Maintain,3067.29,36.6172,1123.16,63.3828,1944.13,2916195.0,"United Kingdom, United States, Ghana, Canada, Netherlands",observed: artist's own Nigerian share of listeners this quarter | Chartmetric + Soundcharts (observed); see 02_Methodology
Q1_2023,Darey,2802.96,44.9486,1259.89,55.0514,1543.07,2314605.0,"Italy, United Kingdom, United States, Cameroon, Canada",observed: artist's own Nigerian share of listeners this quarter | Chartmetric + Soundcharts (observed); see 02_Methodology
Q1_2023,Waje,2536.79,16.005,406.01,83.995,2130.78,3196170.0,"United States, United Kingdom, Portugal, Netherlands, Australia",observed: artist's own Nigerian share of listeners this quarter | Chartmetric + Soundcharts (observed); see 02_Methodology
Q1_2023,Jesse Jagz,2158.54,39.2174,846.52,60.7826,1312.01,1968015.0,"United Kingdom, United States, Canada, Sweden, Ghana",observed: artist's own Nigerian share of listeners this quarter | Chartmetric + Soundcharts (observed); see 02_Methodology
Q1_2023,Small Doctor,2124.15,47.1743,1002.05,52.8257,1122.1,1683150.0,"United States, United Kingdom, Canada, South Africa, Ghana",observed: artist's own Nigerian share of listeners this quarter | Chartmetric + Soundcharts (observed); see 02_Methodology
Q1_2023,Illbliss,2038.49,47.1749,961.66,52.8251,1076.84,1615260.0,"United States, United Kingdom, Canada, Ghana, South Africa",observed: artist's own Nigerian share of listeners this quarter | Chartmetric + Soundcharts (observed); see 02_Methodology
Q1_2023,Sound Sultan,1845.34,45.6277,841.99,54.3723,1003.36,1505040.0,"United States, United Kingdom, Canada, Ghana, Netherlands",observed: artist's own Nigerian share of listeners this quarter | Chartmetric + Soundcharts (observed); see 02_Methodology
Q1_2023,Mr Real,1446.49,25.4233,367.74,74.5767,1078.74,1618110.0,"United States, United Kingdom, Canada, South Africa, Ghana",observed: artist's own Nigerian share of listeners this quarter | Chartmetric + Soundcharts (observed); see 02_Methodology
Q1_2023,Yung6ix,1077.82,55.0643,593.5,44.9357,484.33,726495.0,"United States, United Kingdom, Ghana, Canada, Netherlands",observed: artist's own Nigerian share of listeners this quarter | Chartmetric + Soundcharts (observed); see 02_Methodology
Q1_2023,Terry Apala,1067.19,46.7687,499.11,53.2313,568.08,852120.0,"United Kingdom, United States, Canada, Netherlands, Ghana",observed: artist's own Nigerian share of listeners this quarter | Chartmetric + Soundcharts (observed); see 02_Methodology
Q1_2023,Eldee,779.95,57.987,452.27,42.013,327.68,491520.0,"United Kingdom, United States, Canada, Ghana, South Africa",observed: artist's own Nigerian share of listeners this quarter | Chartmetric + Soundcharts (observed); see 02_Methodology
Q1_2023,Dammy Krane,550.3,37.0379,203.82,62.9621,346.48,519720.0,"United Kingdom, United States, Canada, Ghana, Netherlands",observed: artist's own Nigerian share of listeners this quarter | Chartmetric + Soundcharts (observed); see 02_Methodology
Q1_2023,Lagbaja,232.59,7.9414,18.47,92.0586,214.12,321180.0,,assumed: portfolio-wide ratio applied to an artist without own geography | Chartmetric + Soundcharts (observed); see 02_Methodology
Q1_2023,Sauce Kid,187.73,48.242,90.57,51.758,97.17,145755.0,"United Kingdom, United States, Canada, South Africa, Ghana",observed: artist's own Nigerian share of listeners this quarter | Chartmetric + Soundcharts (observed); see 02_Methodology
Q1_2023,Ebenezer Obey,116.57,7.9414,9.26,92.0586,107.31,160965.0,,assumed: portfolio-wide ratio applied to an artist without own geography | Chartmetric + Soundcharts (observed); see 02_Methodology
Q1_2023,Oritsefemi,35.16,94.6667,33.29,5.3333,1.88,2820.0,"United States, United Kingdom, United Arab Emirates, Japan, Israel",observed: artist's own Nigerian share of listeners this quarter | Chartmetric + Soundcharts (observed); see 02_Methodology
Q1_2023,Tempoe,8.26,7.9414,0.66,92.0586,7.6,11400.0,,assumed: portfolio-wide ratio applied to an artist without own geography | Chartmetric + Soundcharts (observed); see 02_Methodology
Q1_2023,DJ Spinall,0.87,11.7647,0.1,88.2353,0.77,1155.0,"United States, United Kingdom, Ireland, Venezuela, United Arab Emirates",observed: artist's own Nigerian share of listeners this quarter | Chartmetric + Soundcharts (observed); see 02_Methodology
Q1_2023,Odunsi,0.31,7.9414,0.02,92.0586,0.29,435.0,,assumed: portfolio-wide ratio applied to an artist without own geography | Chartmetric + Soundcharts (observed); see 02_Methodology
Q1_2023,=== PERIOD TOTAL ===,19660327.33,,1470902.56,,18189424.83,27284137245.0,,Aggregated
Q2_2023,Rema,2781079.92,0.9975,27740.69,99.0025,2753339.23,4130008845.0,"India, United States, Mexico, Netherlands, Australia",observed: artist's own Nigerian share of listeners this quarter | Chartmetric + Soundcharts (observed); see 02_Methodology
Q2_2023,Burna Boy,1725131.36,3.1716,54714.0,96.8284,1670417.35,2505626025.0,"United States, India, United Kingdom, France, Kenya",observed: artist's own Nigerian share of listeners this quarter | Chartmetric + Soundcharts (observed); see 02_Methodology
Q2_2023,Libianca,1698032.62,0.7727,13120.53,99.2273,1684912.09,2527368135.0,"India, Netherlands, Indonesia, United Kingdom, Australia",observed: artist's own Nigerian share of listeners this quarter | Chartmetric + Soundcharts (observed); see 02_Methodology
Q2_2023,CKay,1144471.81,2.6913,30800.78,97.3087,1113671.03,1670506545.0,"India, Netherlands, France, United States, Canada",observed: artist's own Nigerian share of listeners this quarter | Chartmetric + Soundcharts (observed); see 02_Methodology
Q2_2023,Wizkid,1105933.34,3.5715,39498.47,96.4285,1066434.87,1599652305.0,"United States, Côte D’Ivoire, United Kingdom, France, Canada",observed: artist's own Nigerian share of listeners this quarter | Chartmetric + Soundcharts (observed); see 02_Methodology
Q2_2023,Ayra Starr,1064002.26,4.6606,49589.41,95.3394,1014412.85,1521619275.0,"Netherlands, France, United Kingdom, United States, Canada",observed: artist's own Nigerian share of listeners this quarter | Chartmetric + Soundcharts (observed); see 02_Methodology
Q2_2023,Davido,901862.27,9.7734,88142.51,90.2266,813719.77,1220579655.0,"Netherlands, Ghana, Benin, United Arab Emirates, Canada",observed: artist's own Nigerian share of listeners this quarter | Chartmetric + Soundcharts (observed); see 02_Methodology
Q2_2023,Tems,874276.51,1.1825,10338.75,98.8175,863937.76,1295906640.0,"United States, United Kingdom, Australia, Canada, Netherlands",observed: artist's own Nigerian share of listeners this quarter | Chartmetric + Soundcharts (observed); see 02_Methodology
Q2_2023,Omah Lay,813278.27,7.291,59296.16,92.709,753982.11,1130973165.0,"Netherlands, United States, United Kingdom, France, Germany",observed: artist's own Nigerian share of listeners this quarter | Chartmetric + Soundcharts (observed); see 02_Methodology
Q2_2023,Fireboy DML,785583.32,4.7683,37458.97,95.2317,748124.36,1122186540.0,"India, United States, Kenya, United Kingdom, France",observed: artist's own Nigerian share of listeners this quarter | Chartmetric + Soundcharts (observed); see 02_Methodology
Q2_2023,Kizz Daniel,613850.45,12.983,79696.2,87.017,534154.25,801231375.0,"Netherlands, United Kingdom, United States, Germany, South Africa",observed: artist's own Nigerian share of listeners this quarter | Chartmetric + Soundcharts (observed); see 02_Methodology
Q2_2023,Victony,564731.94,8.0246,45317.48,91.9754,519414.46,779121690.0,"Netherlands, France, United States, United Kingdom, Germany",observed: artist's own Nigerian share of listeners this quarter | Chartmetric + Soundcharts (observed); see 02_Methodology
Q2_2023,Asake,536892.71,15.2953,82119.58,84.7047,454773.13,682159695.0,"United States, United Kingdom, Kenya, France, South Africa",observed: artist's own Nigerian share of listeners this quarter | Chartmetric + Soundcharts (observed); see 02_Methodology
Q2_2023,Oxlade,448649.4,4.7699,21400.17,95.2301,427249.22,640873830.0,"Netherlands, United Kingdom, France, United States, Germany",observed: artist's own Nigerian share of listeners this quarter | Chartmetric + Soundcharts (observed); see 02_Methodology
Q2_2023,Amaarae,441046.15,0.7714,3402.04,99.2286,437644.11,656466165.0,"United States, Canada, United Kingdom, Australia, India",observed: artist's own Nigerian share of listeners this quarter | Chartmetric + Soundcharts (observed); see 02_Methodology
Q2_2023,Ruger,411634.72,16.0285,65978.95,83.9715,345655.78,518483670.0,"United Kingdom, Netherlands, United States, Kenya, South Africa",observed: artist's own Nigerian share of listeners this quarter | Chartmetric + Soundcharts (observed); see 02_Methodology
Q2_2023,BNXN,345575.08,14.3697,49658.25,85.6303,295916.83,443875245.0,"United Kingdom, United States, Netherlands, Canada, France",observed: artist's own Nigerian share of listeners this quarter | Chartmetric + Soundcharts (observed); see 02_Methodology
Q2_2023,Spyro,336019.65,25.0087,84034.0,74.9913,251985.65,377978475.0,"Kenya, South Africa, United Kingdom, United States, Ghana",observed: artist's own Nigerian share of listeners this quarter | Chartmetric + Soundcharts (observed); see 02_Methodology
Q2_2023,Olamide,325263.92,17.4388,56721.99,82.5612,268541.93,402812895.0,"Côte D’Ivoire, United States, United Kingdom, Kenya, France",observed: artist's own Nigerian share of listeners this quarter | Chartmetric + Soundcharts (observed); see 02_Methodology
Q2_2023,Mr Eazi,319474.63,3.7412,11952.29,96.2588,307522.34,461283510.0,"Côte D’Ivoire, United States, Guatemala, United Kingdom, France",observed: artist's own Nigerian share of listeners this quarter | Chartmetric + Soundcharts (observed); see 02_Methodology
Q2_2023,Joeboy,312123.15,15.1279,47217.75,84.8721,264905.4,397358100.0,"Netherlands, United States, United Kingdom, France, Kenya",observed: artist's own Nigerian share of listeners this quarter | Chartmetric + Soundcharts (observed); see 02_Methodology
Q2_2023,Tiwa Savage,293495.08,17.1792,50420.24,82.8208,243074.85,364612275.0,"Côte D’Ivoire, Kenya, United States, Vietnam, United Kingdom",observed: artist's own Nigerian share of listeners this quarter | Chartmetric + Soundcharts (observed); see 02_Methodology
Q2_2023,Lojay,291572.83,7.5385,21980.35,92.4615,269592.48,404388720.0,"United Kingdom, Netherlands, United States, Germany, Canada",observed: artist's own Nigerian share of listeners this quarter | Chartmetric + Soundcharts (observed); see 02_Methodology
Q2_2023,Pheelz,255703.3,9.3597,23932.94,90.6403,231770.36,347655540.0,"Netherlands, United States, Kenya, Belgium, Sweden",observed: artist's own Nigerian share of listeners this quarter | Chartmetric + Soundcharts (observed); see 02_Methodology
Q2_2023,Tekno,225642.78,7.5697,17080.44,92.4303,208562.34,312843510.0,"Côte D’Ivoire, United States, Kenya, France, United Kingdom",observed: artist's own Nigerian share of listeners this quarter | Chartmetric + Soundcharts (observed); see 02_Methodology
Q2_2023,Flavour,207672.17,19.3289,40140.79,80.6711,167531.38,251297070.0,"United States, United Kingdom, Netherlands, France, Canada",observed: artist's own Nigerian share of listeners this quarter | Chartmetric + Soundcharts (observed); see 02_Methodology
Q2_2023,Sarz,186568.38,5.2881,9865.91,94.7119,176702.47,265053705.0,"Netherlands, United Kingdom, United States, Germany, Canada",observed: artist's own Nigerian share of listeners this quarter | Chartmetric + Soundcharts (observed); see 02_Methodology
Q2_2023,Darkoo,181167.81,4.4639,8087.15,95.5361,173080.66,259620990.0,"United Kingdom, Australia, Netherlands, Canada, Germany",observed: artist's own Nigerian share of listeners this quarter | Chartmetric + Soundcharts (observed); see 02_Methodology
Q2_2023,Adekunle Gold,177399.83,15.7318,27908.14,84.2682,149491.69,224237535.0,"Netherlands, Tanzania, Canada, United Arab Emirates, Ghana",observed: artist's own Nigerian share of listeners this quarter | Chartmetric + Soundcharts (observed); see 02_Methodology
Q2_2023,Yemi Alade,159047.39,1.7668,2810.03,98.2332,156237.36,234356040.0,"Congo - Kinshasa, United States, Côte D’Ivoire, Liberia, Gambia",observed: artist's own Nigerian share of listeners this quarter | Chartmetric + Soundcharts (observed); see 02_Methodology
Q2_2023,Wande Coal,157115.8,20.0244,31461.57,79.9756,125654.23,188481345.0,"United States, United Kingdom, France, Canada, Venezuela",observed: artist's own Nigerian share of listeners this quarter | Chartmetric + Soundcharts (observed); see 02_Methodology
Q2_2023,Iyanya,137166.49,16.1394,22137.91,83.8606,115028.59,172542885.0,"Kenya, Côte D’Ivoire, United States, India, United Kingdom",observed: artist's own Nigerian share of listeners this quarter | Chartmetric + Soundcharts (observed); see 02_Methodology
Q2_2023,Timaya,136917.15,14.1392,19359.04,85.8608,117558.11,176337165.0,"United States, Kenya, United Kingdom, Italy, Nepal",observed: artist's own Nigerian share of listeners this quarter | Chartmetric + Soundcharts (observed); see 02_Methodology
Q2_2023,Patoranking,130758.47,11.4727,15001.52,88.5273,115756.96,173635440.0,"Kenya, United States, France, United Kingdom, South Africa",observed: artist's own Nigerian share of listeners this quarter | Chartmetric + Soundcharts (observed); see 02_Methodology
Q2_2023,Bayanni,115248.53,6.8493,7893.67,93.1507,107354.85,161032275.0,"Netherlands, Germany, France, United Kingdom, Kenya",observed: artist's own Nigerian share of listeners this quarter | Chartmetric + Soundcharts (observed); see 02_Methodology
Q2_2023,Zinoleesky,106624.14,35.1281,37455.04,64.8719,69169.1,103753650.0,"United Kingdom, United States, Netherlands, Ghana, Canada",observed: artist's own Nigerian share of listeners this quarter | Chartmetric + Soundcharts (observed); see 02_Methodology
Q2_2023,Young Jonn,105722.68,31.4687,33269.53,68.5313,72453.15,108679725.0,"United Kingdom, United States, Kenya, Ghana, Netherlands",observed: artist's own Nigerian share of listeners this quarter | Chartmetric + Soundcharts (observed); see 02_Methodology
Q2_2023,Ric Hassani,104586.12,1.8974,1984.46,98.1026,102601.66,153902490.0,"Netherlands, Germany, United States, Canada, Australia",observed: artist's own Nigerian share of listeners this quarter | Chartmetric + Soundcharts (observed); see 02_Methodology
Q2_2023,Naira Marley,103798.96,23.2164,24098.35,76.7836,79700.61,119550915.0,"United States, United Kingdom, France, Italy, Ghana",observed: artist's own Nigerian share of listeners this quarter | Chartmetric + Soundcharts (observed); see 02_Methodology
Q2_2023,P-Square,97871.38,9.4645,9263.03,90.5355,88608.35,132912525.0,"United States, France, Kenya, South Africa, United Kingdom",observed: artist's own Nigerian share of listeners this quarter | Chartmetric + Soundcharts (observed); see 02_Methodology
Q2_2023,Maleek Berry,94568.9,5.3046,5016.5,94.6954,89552.4,134328600.0,"India, United States, United Kingdom, Türkiye, France",observed: artist's own Nigerian share of listeners this quarter | Chartmetric + Soundcharts (observed); see 02_Methodology
Q2_2023,Skiibii,94059.11,22.6844,21336.77,77.3156,72722.34,109083510.0,"Netherlands, United Kingdom, United States, United Arab Emirates, Canada",observed: artist's own Nigerian share of listeners this quarter | Chartmetric + Soundcharts (observed); see 02_Methodology
Q2_2023,Mayorkun,93499.65,22.416,20958.89,77.584,72540.76,108811140.0,"United Kingdom, Netherlands, United States, Kenya, Côte D’Ivoire",observed: artist's own Nigerian share of listeners this quarter | Chartmetric + Soundcharts (observed); see 02_Methodology
Q2_2023,Bella Shmurda,90914.82,47.3697,43066.08,52.6303,47848.74,71773110.0,"United States, United Kingdom, United Arab Emirates, Ghana, Portugal",observed: artist's own Nigerian share of listeners this quarter | Chartmetric + Soundcharts (observed); see 02_Methodology
Q2_2023,Korede Bello,84041.22,4.5842,3852.61,95.4158,80188.61,120282915.0,"Côte D’Ivoire, Gambia, Congo - Kinshasa, United States, France",observed: artist's own Nigerian share of listeners this quarter | Chartmetric + Soundcharts (observed); see 02_Methodology
Q2_2023,Blaqbonez,83448.75,29.7784,24849.69,70.2216,58599.07,87898605.0,"United States, Netherlands, United Kingdom, Canada, France",observed: artist's own Nigerian share of listeners this quarter | Chartmetric + Soundcharts (observed); see 02_Methodology
Q2_2023,Crayon,80459.71,17.1538,13801.92,82.8462,66657.8,99986700.0,"Kenya, Netherlands, Canada, South Africa, Ghana",observed: artist's own Nigerian share of listeners this quarter | Chartmetric + Soundcharts (observed); see 02_Methodology
Q2_2023,ODUMODUBLVCK,79946.75,45.9705,36751.93,54.0295,43194.82,64792230.0,"United States, United Kingdom, Canada, Ghana, Netherlands",observed: artist's own Nigerian share of listeners this quarter | Chartmetric + Soundcharts (observed); see 02_Methodology
Q2_2023,Boj,78529.26,10.4132,8177.43,89.5868,70351.83,105527745.0,"United Kingdom, Spain, United States, Australia, Netherlands",observed: artist's own Nigerian share of listeners this quarter | Chartmetric + Soundcharts (observed); see 02_Methodology
Q2_2023,Simi,75655.87,18.4581,13964.65,81.5419,61691.21,92536815.0,"Kenya, United Arab Emirates, United States, Côte D’Ivoire, Sierra Leone",observed: artist's own Nigerian share of listeners this quarter | Chartmetric + Soundcharts (observed); see 02_Methodology
Q2_2023,Olakira,74547.62,3.6191,2697.97,96.3809,71849.66,107774490.0,"Netherlands, United States, United Kingdom, Canada, Australia",observed: artist's own Nigerian share of listeners this quarter | Chartmetric + Soundcharts (observed); see 02_Methodology
Q2_2023,Magixx,71722.64,18.4518,13234.14,81.5482,58488.5,87732750.0,"United Kingdom, Kenya, United States, Netherlands, South Africa",observed: artist's own Nigerian share of listeners this quarter | Chartmetric + Soundcharts (observed); see 02_Methodology
Q2_2023,Seyi Vibez,71671.79,49.9225,35780.32,50.0775,35891.47,53837205.0,"United States, United Kingdom, Ghana, Kenya, South Africa",observed: artist's own Nigerian share of listeners this quarter | Chartmetric + Soundcharts (observed); see 02_Methodology
Q2_2023,Chike,71457.14,29.261,20909.11,70.739,50548.03,75822045.0,"Kenya, South Africa, United States, United Kingdom, Ghana",observed: artist's own Nigerian share of listeners this quarter | Chartmetric + Soundcharts (observed); see 02_Methodology
Q2_2023,Ice Prince,66989.75,8.5414,5721.88,91.4586,61267.88,91901820.0,"France, United States, Germany, United Kingdom, Spain",observed: artist's own Nigerian share of listeners this quarter | Chartmetric + Soundcharts (observed); see 02_Methodology
Q2_2023,Reekado Banks,66408.11,20.0474,13313.1,79.9526,53095.01,79642515.0,"Kenya, United States, United Kingdom, France, South Africa",observed: artist's own Nigerian share of listeners this quarter | Chartmetric + Soundcharts (observed); see 02_Methodology
Q2_2023,Nonso Amadi,66359.43,10.0866,6693.39,89.9134,59666.04,89499060.0,"United States, Canada, United Kingdom, Netherlands, Germany",observed: artist's own Nigerian share of listeners this quarter | Chartmetric + Soundcharts (observed); see 02_Methodology
Q2_2023,Tay Iwar,63566.01,9.3264,5928.44,90.6736,57637.57,86456355.0,"Netherlands, Australia, France, Germany, United States",observed: artist's own Nigerian share of listeners this quarter | Chartmetric + Soundcharts (observed); see 02_Methodology
Q2_2023,Teni,61939.18,24.6739,15282.84,75.3261,46656.34,69984510.0,"United Arab Emirates, United States, United Kingdom, Ghana, Canada",observed: artist's own Nigerian share of listeners this quarter | Chartmetric + Soundcharts (observed); see 02_Methodology
Q2_2023,DJ Neptune,51186.5,22.6726,11605.29,77.3274,39581.21,59371815.0,"United States, Kenya, United Kingdom, Netherlands, Canada",observed: artist's own Nigerian share of listeners this quarter | Chartmetric + Soundcharts (observed); see 02_Methodology
Q2_2023,Cruel Santino,47555.32,6.4561,3070.21,93.5439,44485.12,66727680.0,"United States, United Kingdom, Netherlands, Canada, Germany",observed: artist's own Nigerian share of listeners this quarter | Chartmetric + Soundcharts (observed); see 02_Methodology
Q2_2023,Mohbad,47324.26,54.9178,25989.44,45.0822,21334.82,32002230.0,"United States, United Kingdom, Canada, Ghana, France",observed: artist's own Nigerian share of listeners this quarter | Chartmetric + Soundcharts (observed); see 02_Methodology
Q2_2023,Boy Spyce,45569.61,43.7995,19959.25,56.2005,25610.36,38415540.0,"Ghana, United States, United Kingdom, Kenya, Canada",observed: artist's own Nigerian share of listeners this quarter | Chartmetric + Soundcharts (observed); see 02_Methodology
Q2_2023,Ycee,44747.48,10.5293,4711.61,89.4707,40035.87,60053805.0,"Tanzania, United States, United Kingdom, Netherlands, United Arab Emirates",observed: artist's own Nigerian share of listeners this quarter | Chartmetric + Soundcharts (observed); see 02_Methodology
Q2_2023,LADIPOE,42009.94,28.739,12073.22,71.261,29936.72,44905080.0,"United Kingdom, United States, Kenya, South Africa, Ghana",observed: artist's own Nigerian share of listeners this quarter | Chartmetric + Soundcharts (observed); see 02_Methodology
Q2_2023,Fela Kuti,37625.64,4.0871,1537.81,95.9129,36087.83,54131745.0,"United States, Norway, France, United Kingdom, South Africa",observed: artist's own Nigerian share of listeners this quarter | Chartmetric + Soundcharts (observed); see 02_Methodology
Q2_2023,Lil Kesh,37435.91,52.9215,19811.64,47.0785,17624.27,26436405.0,"United States, United Kingdom, Ghana, Kenya, Canada",observed: artist's own Nigerian share of listeners this quarter | Chartmetric + Soundcharts (observed); see 02_Methodology
Q2_2023,Zlatan,36970.65,70.6343,26113.96,29.3657,10856.69,16285035.0,"United States, United Kingdom, Ghana, Canada, Netherlands",observed: artist's own Nigerian share of listeners this quarter | Chartmetric + Soundcharts (observed); see 02_Methodology
Q2_2023,Praiz,35808.14,3.0059,1076.34,96.9941,34731.79,52097685.0,"Netherlands, Germany, United States, United Kingdom, Sweden",observed: artist's own Nigerian share of listeners this quarter | Chartmetric + Soundcharts (observed); see 02_Methodology
Q2_2023,2Baba,34856.34,32.4508,11311.18,67.5492,23545.16,35317740.0,"United States, Ukraine, United Kingdom, Kenya, Australia",observed: artist's own Nigerian share of listeners this quarter | Chartmetric + Soundcharts (observed); see 02_Methodology
Q2_2023,Khaid,34827.99,49.2896,17166.59,50.7104,17661.4,26492100.0,"Ghana, Kenya, South Africa, Canada, Zambia",observed: artist's own Nigerian share of listeners this quarter | Chartmetric + Soundcharts (observed); see 02_Methodology
Q2_2023,Falz,32371.97,32.1059,10393.3,67.8941,21978.67,32968005.0,"United States, United Kingdom, South Africa, Canada, Kenya",observed: artist's own Nigerian share of listeners this quarter | Chartmetric + Soundcharts (observed); see 02_Methodology
Q2_2023,Niniola,31934.39,7.6515,2443.47,92.3485,29490.92,44236380.0,"Netherlands, South Africa, United States, United Arab Emirates, France",observed: artist's own Nigerian share of listeners this quarter | Chartmetric + Soundcharts (observed); see 02_Methodology
Q2_2023,Bad Boy Timz,31528.49,39.495,12452.18,60.505,19076.31,28614465.0,"United States, United Kingdom, Ghana, Canada, United Arab Emirates",observed: artist's own Nigerian share of listeners this quarter | Chartmetric + Soundcharts (observed); see 02_Methodology
Q2_2023,Johnny Drille,31283.92,42.9414,13433.75,57.0586,17850.16,26775240.0,"United States, Kenya, Ghana, Tanzania, United Kingdom",observed: artist's own Nigerian share of listeners this quarter | Chartmetric + Soundcharts (observed); see 02_Methodology
Q2_2023,D'banj,29356.01,16.7226,4909.08,83.2774,24446.93,36670395.0,"United Kingdom, United States, Romania, India, France",observed: artist's own Nigerian share of listeners this quarter | Chartmetric + Soundcharts (observed); see 02_Methodology
Q2_2023,Aṣa,27901.14,14.3869,4014.12,85.6131,23887.03,35830545.0,"Pakistan, Türkiye, United States, Sweden, Chile",observed: artist's own Nigerian share of listeners this quarter | Chartmetric + Soundcharts (observed); see 02_Methodology
Q2_2023,Mannywellz,27297.3,9.5618,2610.11,90.4382,24687.19,37030785.0,"United States, United Kingdom, Canada, Netherlands, South Africa",observed: artist's own Nigerian share of listeners this quarter | Chartmetric + Soundcharts (observed); see 02_Methodology
Q2_2023,Phyno,26697.95,49.9628,13339.04,50.0372,13358.91,20038365.0,"United States, United Kingdom, United Arab Emirates, Italy, South Africa",observed: artist's own Nigerian share of listeners this quarter | Chartmetric + Soundcharts (observed); see 02_Methodology
Q2_2023,Reminisce,25909.04,35.5113,9200.63,64.4887,16708.41,25062615.0,"United States, United Kingdom, Canada, France, Ghana",observed: artist's own Nigerian share of listeners this quarter | Chartmetric + Soundcharts (observed); see 02_Methodology
Q2_2023,Show Dem Camp,22587.45,24.4814,5529.72,75.5186,17057.74,25586610.0,"United States, United Kingdom, Canada, Netherlands, South Africa",observed: artist's own Nigerian share of listeners this quarter | Chartmetric + Soundcharts (observed); see 02_Methodology
Q2_2023,Odunsi (The Engine),21893.4,8.4491,1849.8,91.5509,20043.6,30065400.0,"United States, United Kingdom, Canada, Australia, Netherlands",observed: artist's own Nigerian share of listeners this quarter | Chartmetric + Soundcharts (observed); see 02_Methodology
Q2_2023,Bracket,21244.11,8.74,1856.73,91.26,19387.38,29081070.0,"Netherlands, France, United Kingdom, Italy, United States",observed: artist's own Nigerian share of listeners this quarter | Chartmetric + Soundcharts (observed); see 02_Methodology
Q2_2023,Shallipopi,18847.08,91.811,17303.7,8.189,1543.38,2315070.0,"United States, United Kingdom, Ghana, South Africa, Kenya",observed: artist's own Nigerian share of listeners this quarter | Chartmetric + Soundcharts (observed); see 02_Methodology
Q2_2023,WurlD,18660.86,14.6317,2730.41,85.3683,15930.45,23895675.0,"United States, Netherlands, United Kingdom, Canada, Kenya",observed: artist's own Nigerian share of listeners this quarter | Chartmetric + Soundcharts (observed); see 02_Methodology
Q2_2023,Banky W.,18614.57,23.787,4427.85,76.213,14186.73,21280095.0,"United States, United Kingdom, Kenya, Zambia, Ghana",observed: artist's own Nigerian share of listeners this quarter | Chartmetric + Soundcharts (observed); see 02_Methodology
Q2_2023,Bloody Civilian,18387.91,17.4751,3213.31,82.5249,15174.59,22761885.0,"United States, United Kingdom, Kenya, Netherlands, Canada",observed: artist's own Nigerian share of listeners this quarter | Chartmetric + Soundcharts (observed); see 02_Methodology
Q2_2023,Ajebutter22,17525.0,15.6567,2743.84,84.3433,14781.16,22171740.0,"United States, United Kingdom, Netherlands, Canada, Germany",observed: artist's own Nigerian share of listeners this quarter | Chartmetric + Soundcharts (observed); see 02_Methodology
Q2_2023,Peruzzi,16889.08,37.6814,6364.05,62.3186,10525.03,15787545.0,"United Arab Emirates, Italy, United States, United Kingdom, Canada",observed: artist's own Nigerian share of listeners this quarter | Chartmetric + Soundcharts (observed); see 02_Methodology
Q2_2023,Vector,16741.32,47.9292,8023.97,52.0708,8717.35,13076025.0,"Kenya, United States, United Kingdom, South Africa, Ghana",observed: artist's own Nigerian share of listeners this quarter | Chartmetric + Soundcharts (observed); see 02_Methodology
Q2_2023,Lady Donli,15416.3,5.489,846.2,94.511,14570.09,21855135.0,"United States, United Kingdom, Germany, Netherlands, Australia",observed: artist's own Nigerian share of listeners this quarter | Chartmetric + Soundcharts (observed); see 02_Methodology
Q2_2023,M.I. Abaga,14350.01,48.9139,7019.14,51.0861,7330.86,10996290.0,"United States, United Kingdom, South Africa, Ghana, Canada",observed: artist's own Nigerian share of listeners this quarter | Chartmetric + Soundcharts (observed); see 02_Methodology
Q2_2023,Sean Tizzle,13594.0,18.8939,2568.44,81.1061,11025.56,16538340.0,"Netherlands, United States, Germany, United Kingdom, Canada",observed: artist's own Nigerian share of listeners this quarter | Chartmetric + Soundcharts (observed); see 02_Methodology
Q2_2023,Brymo,11882.35,44.3123,5265.34,55.6877,6617.0,9925500.0,"United Kingdom, United States, South Africa, Ghana, Canada",observed: artist's own Nigerian share of listeners this quarter | Chartmetric + Soundcharts (observed); see 02_Methodology
Q2_2023,9ice,11385.53,49.7049,5659.17,50.2951,5726.36,8589540.0,"United Kingdom, United States, Canada, Ghana, South Africa",observed: artist's own Nigerian share of listeners this quarter | Chartmetric + Soundcharts (observed); see 02_Methodology
Q2_2023,Rude Boy,10375.24,9.0982,943.96,90.9018,9431.28,14146920.0,"Mexico, Indonesia, India, Vietnam, Peru",assumed: portfolio-wide ratio applied to an artist without own geography | Chartmetric + Soundcharts (observed); see 02_Methodology
Q2_2023,HarrySong,9666.15,18.184,1757.69,81.816,7908.46,11862690.0,"Kenya, United States, Vietnam, Tanzania, United Kingdom",observed: artist's own Nigerian share of listeners this quarter | Chartmetric + Soundcharts (observed); see 02_Methodology
Q2_2023,Terri,8830.45,13.7023,1209.98,86.2977,7620.48,11430720.0,"Netherlands, United Arab Emirates, United States, Uganda, Tanzania",observed: artist's own Nigerian share of listeners this quarter | Chartmetric + Soundcharts (observed); see 02_Methodology
Q2_2023,Prettyboy D-O,8298.36,16.4298,1363.41,83.5702,6934.95,10402425.0,"United States, United Kingdom, South Africa, Canada, Australia",observed: artist's own Nigerian share of listeners this quarter | Chartmetric + Soundcharts (observed); see 02_Methodology
Q2_2023,Seyi Shay,7087.39,12.4476,882.21,87.5524,6205.17,9307755.0,"United Arab Emirates, United States, Australia, United Kingdom, New Zealand",observed: artist's own Nigerian share of listeners this quarter | Chartmetric + Soundcharts (observed); see 02_Methodology
Q2_2023,Duncan Mighty,7000.07,42.5475,2978.36,57.4525,4021.72,6032580.0,"United Kingdom, United States, Ghana, Netherlands, Canada",observed: artist's own Nigerian share of listeners this quarter | Chartmetric + Soundcharts (observed); see 02_Methodology
Q2_2023,Lyta,6455.59,55.042,3553.29,44.958,2902.31,4353465.0,"United States, United Kingdom, Ghana, Canada, Netherlands",observed: artist's own Nigerian share of listeners this quarter | Chartmetric + Soundcharts (observed); see 02_Methodology
Q2_2023,Dice Ailes,5354.29,36.8969,1975.57,63.1031,3378.72,5068080.0,"Tanzania, United Arab Emirates, United States, Benin, United Kingdom",observed: artist's own Nigerian share of listeners this quarter | Chartmetric + Soundcharts (observed); see 02_Methodology
Q2_2023,CDQ,4814.92,51.279,2469.05,48.721,2345.88,3518820.0,"Benin, United States, Italy, United Kingdom, Canada",observed: artist's own Nigerian share of listeners this quarter | Chartmetric + Soundcharts (observed); see 02_Methodology
Q2_2023,Dremo,4632.71,62.9156,2914.7,37.0844,1718.02,2577030.0,"United States, United Kingdom, Canada, Ghana, South Africa",observed: artist's own Nigerian share of listeners this quarter | Chartmetric + Soundcharts (observed); see 02_Methodology
Q2_2023,Solidstar,4621.33,26.2012,1210.85,73.7988,3410.48,5115720.0,"Netherlands, United States, Colombia, United Kingdom, Canada",observed: artist's own Nigerian share of listeners this quarter | Chartmetric + Soundcharts (observed); see 02_Methodology
Q2_2023,Qing Madi,4126.63,52.1422,2151.72,47.8578,1974.92,2962380.0,"South Africa, Kenya, Ghana, United States, United Kingdom",observed: artist's own Nigerian share of listeners this quarter | Chartmetric + Soundcharts (observed); see 02_Methodology
Q2_2023,King Sunny Ade,4122.95,29.7362,1226.01,70.2638,2896.94,4345410.0,"United States, United Kingdom, Canada, South Africa, Netherlands",observed: artist's own Nigerian share of listeners this quarter | Chartmetric + Soundcharts (observed); see 02_Methodology
Q2_2023,Naeto C,3610.44,44.7815,1616.81,55.2185,1993.63,2990445.0,"United Kingdom, United States, Canada, Ghana, South Africa",observed: artist's own Nigerian share of listeners this quarter | Chartmetric + Soundcharts (observed); see 02_Methodology
Q2_2023,Olu Maintain,3577.17,36.668,1311.68,63.332,2265.49,3398235.0,"United Kingdom, United States, Canada, Ghana, Netherlands",observed: artist's own Nigerian share of listeners this quarter | Chartmetric + Soundcharts (observed); see 02_Methodology
Q2_2023,Darey,3568.17,54.2437,1935.51,45.7563,1632.66,2448990.0,"Italy, United States, United Kingdom, South Africa, Senegal",observed: artist's own Nigerian share of listeners this quarter | Chartmetric + Soundcharts (observed); see 02_Methodology
Q2_2023,Small Doctor,3311.88,49.0844,1625.62,50.9156,1686.26,2529390.0,"United States, United Kingdom, Canada, Ghana, South Africa",observed: artist's own Nigerian share of listeners this quarter | Chartmetric + Soundcharts (observed); see 02_Methodology
Q2_2023,Sound Sultan,2468.52,50.8677,1255.68,49.1323,1212.84,1819260.0,"United States, United Kingdom, Canada, Ghana, Netherlands",observed: artist's own Nigerian share of listeners this quarter | Chartmetric + Soundcharts (observed); see 02_Methodology
Q2_2023,Jesse Jagz,2129.5,43.288,921.82,56.712,1207.68,1811520.0,"United Kingdom, United States, Canada, Sweden, Ghana",observed: artist's own Nigerian share of listeners this quarter | Chartmetric + Soundcharts (observed); see 02_Methodology
Q2_2023,Illbliss,1869.04,50.7127,947.84,49.2873,921.2,1381800.0,"United States, United Kingdom, Ghana, Canada, South Africa",observed: artist's own Nigerian share of listeners this quarter | Chartmetric + Soundcharts (observed); see 02_Methodology
Q2_2023,Mr Real,1602.6,26.9713,432.24,73.0287,1170.36,1755540.0,"United States, United Kingdom, Canada, South Africa, France",observed: artist's own Nigerian share of listeners this quarter | Chartmetric + Soundcharts (observed); see 02_Methodology
Q2_2023,Waje,1458.94,29.0284,423.51,70.9716,1035.43,1553145.0,"United States, United Kingdom, Ghana, Canada, Netherlands",observed: artist's own Nigerian share of listeners this quarter | Chartmetric + Soundcharts (observed); see 02_Methodology
Q2_2023,Yung6ix,1361.86,59.0251,803.84,40.9749,558.02,837030.0,"United States, United Kingdom, Canada, Ghana, Netherlands",observed: artist's own Nigerian share of listeners this quarter | Chartmetric + Soundcharts (observed); see 02_Methodology
Q2_2023,Eldee,1194.66,61.4616,734.26,38.5384,460.4,690600.0,"United Kingdom, United States, Canada, Ghana, South Africa",observed: artist's own Nigerian share of listeners this quarter | Chartmetric + Soundcharts (observed); see 02_Methodology
Q2_2023,Terry Apala,1005.17,60.2254,605.37,39.7746,399.8,599700.0,"United States, United Kingdom, Canada, Ghana, Netherlands",observed: artist's own Nigerian share of listeners this quarter | Chartmetric + Soundcharts (observed); see 02_Methodology
Q2_2023,Dammy Krane,795.81,49.8341,396.59,50.1659,399.23,598845.0,"United Kingdom, United States, Canada, Ghana, Netherlands",observed: artist's own Nigerian share of listeners this quarter | Chartmetric + Soundcharts (observed); see 02_Methodology
Q2_2023,Lagbaja,232.84,9.0982,21.18,90.9018,211.66,317490.0,,assumed: portfolio-wide ratio applied to an artist without own geography | Chartmetric + Soundcharts (observed); see 02_Methodology
Q2_2023,Sauce Kid,220.54,52.7061,116.24,47.2939,104.3,156450.0,"United States, United Kingdom, Canada, South Africa, Ghana",observed: artist's own Nigerian share of listeners this quarter | Chartmetric + Soundcharts (observed); see 02_Methodology
Q2_2023,Ebenezer Obey,117.05,9.0982,10.65,90.9018,106.4,159600.0,,assumed: portfolio-wide ratio applied to an artist without own geography | Chartmetric + Soundcharts (observed); see 02_Methodology
Q2_2023,Oritsefemi,37.57,95.8333,36.0,4.1667,1.57,2355.0,"United States, United Kingdom, Vietnam, United Arab Emirates, Netherlands",observed: artist's own Nigerian share of listeners this quarter | Chartmetric + Soundcharts (observed); see 02_Methodology
Q2_2023,Tempoe,34.27,9.0982,3.12,90.9018,31.15,46725.0,,assumed: portfolio-wide ratio applied to an artist without own geography | Chartmetric + Soundcharts (observed); see 02_Methodology
Q2_2023,DJ Spinall,0.82,8.3333,0.07,91.6667,0.75,1125.0,"United States, United Kingdom, Sweden, Switzerland, Spain",observed: artist's own Nigerian share of listeners this quarter | Chartmetric + Soundcharts (observed); see 02_Methodology
Q2_2023,Odunsi,0.31,9.0982,0.03,90.9018,0.28,420.0,,assumed: portfolio-wide ratio applied to an artist without own geography | Chartmetric + Soundcharts (observed); see 02_Methodology
Q2_2023,=== PERIOD TOTAL ===,23324978.68,,2014145.49,,21310833.29,31966249935.0,,Aggregated
Q3_2023,Rema,2364603.5,1.0166,24039.73,98.9834,2340563.77,3510845655.0,"United States, India, Australia, United Kingdom, Netherlands",observed: artist's own Nigerian share of listeners this quarter | Chartmetric + Soundcharts (observed); see 02_Methodology
Q3_2023,Burna Boy,1913846.63,5.2241,99981.92,94.7759,1813864.71,2720797065.0,"United States, United Kingdom, France, Côte D’Ivoire, Kenya",observed: artist's own Nigerian share of listeners this quarter | Chartmetric + Soundcharts (observed); see 02_Methodology
Q3_2023,Libianca,1154102.59,0.8106,9355.12,99.1894,1144747.47,1717121205.0,"India, Indonesia, Netherlands, United Kingdom, Australia",observed: artist's own Nigerian share of listeners this quarter | Chartmetric + Soundcharts (observed); see 02_Methodology
Q3_2023,Ayra Starr,924409.8,6.8863,63657.32,93.1137,860752.49,1291128735.0,"France, Netherlands, United Kingdom, United States, Canada",observed: artist's own Nigerian share of listeners this quarter | Chartmetric + Soundcharts (observed); see 02_Methodology
Q3_2023,CKay,858662.09,3.1522,27066.57,96.8478,831595.52,1247393280.0,"India, Netherlands, France, United States, Canada",observed: artist's own Nigerian share of listeners this quarter | Chartmetric + Soundcharts (observed); see 02_Methodology
Q3_2023,Tems,835107.94,1.1202,9354.52,98.8798,825753.41,1238630115.0,"United States, United Kingdom, Australia, Canada, South Africa",observed: artist's own Nigerian share of listeners this quarter | Chartmetric + Soundcharts (observed); see 02_Methodology
Q3_2023,Wizkid,831800.02,5.5221,45932.91,94.4779,785867.11,1178800665.0,"Côte D’Ivoire, United States, United Kingdom, France, South Africa",observed: artist's own Nigerian share of listeners this quarter | Chartmetric + Soundcharts (observed); see 02_Methodology
Q3_2023,Davido,776941.89,11.113,86341.89,88.887,690600.0,1035900000.0,"Netherlands, Ghana, United Arab Emirates, Congo - Kinshasa, Canada",observed: artist's own Nigerian share of listeners this quarter | Chartmetric + Soundcharts (observed); see 02_Methodology
Q3_2023,Fireboy DML,714569.66,6.9002,49306.55,93.0998,665263.11,997894665.0,"United States, United Kingdom, France, Kenya, South Africa",observed: artist's own Nigerian share of listeners this quarter | Chartmetric + Soundcharts (observed); see 02_Methodology
Q3_2023,Omah Lay,699025.83,11.1587,78002.46,88.8413,621023.37,931535055.0,"Netherlands, France, Germany, United Kingdom, United States",observed: artist's own Nigerian share of listeners this quarter | Chartmetric + Soundcharts (observed); see 02_Methodology
Q3_2023,Asake,652947.95,20.6466,134811.48,79.3534,518136.48,777204720.0,"United States, United Kingdom, France, Kenya, South Africa",observed: artist's own Nigerian share of listeners this quarter | Chartmetric + Soundcharts (observed); see 02_Methodology
Q3_2023,Kizz Daniel,529107.12,15.7462,83314.1,84.2538,445793.02,668689530.0,"Netherlands, United States, United Kingdom, France, Kenya",observed: artist's own Nigerian share of listeners this quarter | Chartmetric + Soundcharts (observed); see 02_Methodology
Q3_2023,Victony,478742.73,11.9767,57337.7,88.0233,421405.03,632107545.0,"Netherlands, United Kingdom, France, United States, Germany",observed: artist's own Nigerian share of listeners this quarter | Chartmetric + Soundcharts (observed); see 02_Methodology
Q3_2023,Oxlade,447473.28,6.5198,29174.14,93.4802,418299.14,627448710.0,"Netherlands, United Kingdom, France, United States, Canada",observed: artist's own Nigerian share of listeners this quarter | Chartmetric + Soundcharts (observed); see 02_Methodology
Q3_2023,Ruger,388091.83,21.2906,82627.18,78.7094,305464.65,458196975.0,"United Kingdom, Netherlands, Kenya, United States, Canada",observed: artist's own Nigerian share of listeners this quarter | Chartmetric + Soundcharts (observed); see 02_Methodology
Q3_2023,Amaarae,346631.43,0.6949,2408.7,99.3051,344222.73,516334095.0,"United States, United Kingdom, Australia, India, Canada",observed: artist's own Nigerian share of listeners this quarter | Chartmetric + Soundcharts (observed); see 02_Methodology
Q3_2023,BNXN,310275.91,20.391,63268.31,79.609,247007.6,370511400.0,"United Kingdom, United States, Netherlands, Canada, Australia",observed: artist's own Nigerian share of listeners this quarter | Chartmetric + Soundcharts (observed); see 02_Methodology
Q3_2023,Mr Eazi,292287.33,4.3563,12732.91,95.6437,279554.42,419331630.0,"India, Guatemala, United States, United Kingdom, Côte D’Ivoire",observed: artist's own Nigerian share of listeners this quarter | Chartmetric + Soundcharts (observed); see 02_Methodology
Q3_2023,Olamide,289214.0,23.2132,67135.78,76.7868,222078.22,333117330.0,"Côte D’Ivoire, United States, United Kingdom, France, Kenya",observed: artist's own Nigerian share of listeners this quarter | Chartmetric + Soundcharts (observed); see 02_Methodology
Q3_2023,Lojay,265365.67,8.349,22155.26,91.651,243210.41,364815615.0,"United Kingdom, Netherlands, United States, Australia, Germany",observed: artist's own Nigerian share of listeners this quarter | Chartmetric + Soundcharts (observed); see 02_Methodology
Q3_2023,Joeboy,248241.32,19.0682,47335.21,80.9318,200906.11,301359165.0,"Netherlands, United Kingdom, United States, Kenya, France",observed: artist's own Nigerian share of listeners this quarter | Chartmetric + Soundcharts (observed); see 02_Methodology
Q3_2023,Tekno,238173.64,15.2961,36431.17,84.7039,201742.47,302613705.0,"Côte D’Ivoire, United States, Kenya, France, South Africa",observed: artist's own Nigerian share of listeners this quarter | Chartmetric + Soundcharts (observed); see 02_Methodology
Q3_2023,Tiwa Savage,229402.71,18.526,42499.25,81.474,186903.46,280355190.0,"Côte D’Ivoire, United States, Kenya, United Kingdom, South Africa",observed: artist's own Nigerian share of listeners this quarter | Chartmetric + Soundcharts (observed); see 02_Methodology
Q3_2023,Pheelz,208175.12,12.6611,26357.35,87.3389,181817.77,272726655.0,"Netherlands, Australia, United States, Kenya, Belgium",observed: artist's own Nigerian share of listeners this quarter | Chartmetric + Soundcharts (observed); see 02_Methodology
Q3_2023,Sarz,204792.56,6.3097,12921.76,93.6903,191870.8,287806200.0,"Netherlands, United Kingdom, United States, Germany, Australia",observed: artist's own Nigerian share of listeners this quarter | Chartmetric + Soundcharts (observed); see 02_Methodology
Q3_2023,Spyro,193287.33,26.8232,51845.89,73.1768,141441.44,212162160.0,"Kenya, South Africa, United Kingdom, United States, Ghana",observed: artist's own Nigerian share of listeners this quarter | Chartmetric + Soundcharts (observed); see 02_Methodology
Q3_2023,Darkoo,181615.97,4.7292,8588.92,95.2708,173027.06,259540590.0,"United Kingdom, Australia, Netherlands, Canada, Germany",observed: artist's own Nigerian share of listeners this quarter | Chartmetric + Soundcharts (observed); see 02_Methodology
Q3_2023,Flavour,178380.88,8.6705,15466.55,91.3295,162914.33,244371495.0,"Senegal, Liberia, Italy, Brazil, Cameroon",observed: artist's own Nigerian share of listeners this quarter | Chartmetric + Soundcharts (observed); see 02_Methodology
Q3_2023,Adekunle Gold,174040.37,20.3778,35465.54,79.6222,138574.84,207862260.0,"Tanzania, Netherlands, Ghana, Canada, United Arab Emirates",observed: artist's own Nigerian share of listeners this quarter | Chartmetric + Soundcharts (observed); see 02_Methodology
Q3_2023,Patoranking,165926.34,17.9352,29759.23,82.0648,136167.11,204250665.0,"Côte D’Ivoire, Kenya, United States, France, United Kingdom",observed: artist's own Nigerian share of listeners this quarter | Chartmetric + Soundcharts (observed); see 02_Methodology
Q3_2023,Wande Coal,142408.52,22.2716,31716.67,77.7284,110691.84,166037760.0,"United States, United Kingdom, France, Canada, Germany",observed: artist's own Nigerian share of listeners this quarter | Chartmetric + Soundcharts (observed); see 02_Methodology
Q3_2023,Crayon,133409.82,26.5414,35408.79,73.4586,98001.03,147001545.0,"Kenya, Canada, Netherlands, Australia, South Africa",observed: artist's own Nigerian share of listeners this quarter | Chartmetric + Soundcharts (observed); see 02_Methodology
Q3_2023,Yemi Alade,132080.37,3.5104,4636.49,96.4896,127443.88,191165820.0,"Côte D’Ivoire, Congo - Kinshasa, United States, Gambia, Liberia",observed: artist's own Nigerian share of listeners this quarter | Chartmetric + Soundcharts (observed); see 02_Methodology
Q3_2023,Timaya,126195.27,15.4124,19449.74,84.5876,106745.54,160118310.0,"United States, Kenya, United Kingdom, Italy, France",observed: artist's own Nigerian share of listeners this quarter | Chartmetric + Soundcharts (observed); see 02_Methodology
Q3_2023,Mohbad,121106.16,96.688,117095.1,3.312,4011.06,6016590.0,"United States, United Kingdom, Ghana, Canada, South Africa",observed: artist's own Nigerian share of listeners this quarter | Chartmetric + Soundcharts (observed); see 02_Methodology
Q3_2023,Naira Marley,117529.37,26.2351,30833.9,73.7649,86695.47,130043205.0,"United States, United Kingdom, France, Ghana, Togo",observed: artist's own Nigerian share of listeners this quarter | Chartmetric + Soundcharts (observed); see 02_Methodology
Q3_2023,Young Jonn,115923.67,40.2538,46663.66,59.7462,69260.02,103890030.0,"United Kingdom, United States, Kenya, Ghana, Canada",observed: artist's own Nigerian share of listeners this quarter | Chartmetric + Soundcharts (observed); see 02_Methodology
Q3_2023,ODUMODUBLVCK,114384.51,70.5158,80659.15,29.4842,33725.36,50588040.0,"Canada, United States, Kenya, Netherlands, South Africa",observed: artist's own Nigerian share of listeners this quarter | Chartmetric + Soundcharts (observed); see 02_Methodology
Q3_2023,Iyanya,113205.4,20.942,23707.48,79.058,89497.92,134246880.0,"Côte D’Ivoire, Kenya, United States, United Kingdom, Zambia",observed: artist's own Nigerian share of listeners this quarter | Chartmetric + Soundcharts (observed); see 02_Methodology
Q3_2023,P-Square,99096.62,13.8582,13733.02,86.1418,85363.6,128045400.0,"United States, France, South Africa, Kenya, United Kingdom",observed: artist's own Nigerian share of listeners this quarter | Chartmetric + Soundcharts (observed); see 02_Methodology
Q3_2023,Bayanni,96472.89,6.349,6125.06,93.651,90347.83,135521745.0,"Netherlands, France, United Kingdom, Germany, Kenya",observed: artist's own Nigerian share of listeners this quarter | Chartmetric + Soundcharts (observed); see 02_Methodology
Q3_2023,Seyi Vibez,96239.24,38.326,36884.63,61.674,59354.61,89031915.0,"United Kingdom, United States, Netherlands, Canada, Kenya",observed: artist's own Nigerian share of listeners this quarter | Chartmetric + Soundcharts (observed); see 02_Methodology
Q3_2023,Zinoleesky,93956.46,39.1988,36829.78,60.8012,57126.68,85690020.0,"United Kingdom, United States, Canada, Ghana, Kenya",observed: artist's own Nigerian share of listeners this quarter | Chartmetric + Soundcharts (observed); see 02_Methodology
Q3_2023,Bella Shmurda,90765.35,70.1504,63672.29,29.8496,27093.05,40639575.0,"United States, United Arab Emirates, United Kingdom, Tanzania, Ghana",observed: artist's own Nigerian share of listeners this quarter | Chartmetric + Soundcharts (observed); see 02_Methodology
Q3_2023,Blaqbonez,89875.56,48.4893,43579.99,51.5107,46295.57,69443355.0,"United States, Kenya, United Kingdom, Netherlands, South Africa",observed: artist's own Nigerian share of listeners this quarter | Chartmetric + Soundcharts (observed); see 02_Methodology
Q3_2023,Maleek Berry,89247.72,6.9843,6233.33,93.0157,83014.39,124521585.0,"United States, United Kingdom, France, Australia, Israel",observed: artist's own Nigerian share of listeners this quarter | Chartmetric + Soundcharts (observed); see 02_Methodology
Q3_2023,Mayorkun,88603.27,27.1768,24079.51,72.8232,64523.76,96785640.0,"United Kingdom, Netherlands, United States, Kenya, Canada",observed: artist's own Nigerian share of listeners this quarter | Chartmetric + Soundcharts (observed); see 02_Methodology
Q3_2023,Teni,88527.48,21.5613,19087.67,78.4387,69439.81,104159715.0,"United States, United Kingdom, Germany, Canada, France",observed: artist's own Nigerian share of listeners this quarter | Chartmetric + Soundcharts (observed); see 02_Methodology
Q3_2023,Skiibii,78701.24,25.9799,20446.53,74.0201,58254.71,87382065.0,"Netherlands, United Kingdom, United States, Canada, Germany",observed: artist's own Nigerian share of listeners this quarter | Chartmetric + Soundcharts (observed); see 02_Methodology
Q3_2023,Chike,74819.08,33.4851,25053.28,66.5149,49765.8,74648700.0,"Kenya, South Africa, United States, United Kingdom, Ghana",observed: artist's own Nigerian share of listeners this quarter | Chartmetric + Soundcharts (observed); see 02_Methodology
Q3_2023,Ric Hassani,72707.46,2.3849,1734.01,97.6151,70973.45,106460175.0,"Netherlands, United States, Tanzania, India, Indonesia",observed: artist's own Nigerian share of listeners this quarter | Chartmetric + Soundcharts (observed); see 02_Methodology
Q3_2023,Olakira,72632.04,5.5394,4023.38,94.4606,68608.66,102912990.0,"Netherlands, United Kingdom, United States, Kenya, Australia",observed: artist's own Nigerian share of listeners this quarter | Chartmetric + Soundcharts (observed); see 02_Methodology
Q3_2023,Korede Bello,72210.38,5.8156,4199.47,94.1844,68010.91,102016365.0,"Côte D’Ivoire, Gambia, Congo - Kinshasa, United States, France",observed: artist's own Nigerian share of listeners this quarter | Chartmetric + Soundcharts (observed); see 02_Methodology
Q3_2023,Magixx,69694.18,20.5643,14332.09,79.4357,55362.09,83043135.0,"United States, Kenya, United Kingdom, Netherlands, South Africa",observed: artist's own Nigerian share of listeners this quarter | Chartmetric + Soundcharts (observed); see 02_Methodology
Q3_2023,Reekado Banks,59914.27,30.6234,18347.78,69.3766,41566.5,62349750.0,"United States, Kenya, South Africa, United Kingdom, Zambia",observed: artist's own Nigerian share of listeners this quarter | Chartmetric + Soundcharts (observed); see 02_Methodology
Q3_2023,Khaid,58739.2,61.7272,36258.06,38.2728,22481.14,33721710.0,"Ghana, Kenya, South Africa, Canada, Netherlands",observed: artist's own Nigerian share of listeners this quarter | Chartmetric + Soundcharts (observed); see 02_Methodology
Q3_2023,Ice Prince,58231.4,10.6162,6181.96,89.3838,52049.43,78074145.0,"Türkiye, United States, South Africa, France, United Kingdom",observed: artist's own Nigerian share of listeners this quarter | Chartmetric + Soundcharts (observed); see 02_Methodology
Q3_2023,Simi,58015.89,25.0095,14509.49,74.9905,43506.4,65259600.0,"Kenya, United States, Côte D’Ivoire, Sierra Leone, Tanzania",observed: artist's own Nigerian share of listeners this quarter | Chartmetric + Soundcharts (observed); see 02_Methodology
Q3_2023,Boj,53221.93,13.846,7369.12,86.154,45852.81,68779215.0,"United Kingdom, Spain, Australia, United States, Netherlands",observed: artist's own Nigerian share of listeners this quarter | Chartmetric + Soundcharts (observed); see 02_Methodology
Q3_2023,Bad Boy Timz,52217.49,29.5894,15450.83,70.4106,36766.65,55149975.0,"United States, United Kingdom, Netherlands, Canada, Kenya",observed: artist's own Nigerian share of listeners this quarter | Chartmetric + Soundcharts (observed); see 02_Methodology
Q3_2023,Tay Iwar,51765.21,9.9931,5172.94,90.0069,46592.27,69888405.0,"Australia, France, Germany, United States, Sweden",observed: artist's own Nigerian share of listeners this quarter | Chartmetric + Soundcharts (observed); see 02_Methodology
Q3_2023,Boy Spyce,46526.9,45.5187,21178.46,54.4813,25348.44,38022660.0,"Ghana, Kenya, United States, United Kingdom, Canada",observed: artist's own Nigerian share of listeners this quarter | Chartmetric + Soundcharts (observed); see 02_Methodology
Q3_2023,Zlatan,45681.9,84.5252,38612.72,15.4748,7069.18,10603770.0,"United States, United Kingdom, Ghana, Canada, South Africa",observed: artist's own Nigerian share of listeners this quarter | Chartmetric + Soundcharts (observed); see 02_Methodology
Q3_2023,Phyno,43257.06,43.7591,18928.91,56.2409,24328.15,36492225.0,"United States, United Kingdom, Italy, United Arab Emirates, South Africa",observed: artist's own Nigerian share of listeners this quarter | Chartmetric + Soundcharts (observed); see 02_Methodology
Q3_2023,Ycee,42792.96,13.2508,5670.42,86.7492,37122.54,55683810.0,"Tanzania, United States, Netherlands, United Kingdom, Canada",observed: artist's own Nigerian share of listeners this quarter | Chartmetric + Soundcharts (observed); see 02_Methodology
Q3_2023,Lil Kesh,42105.96,63.0017,26527.46,36.9983,15578.49,23367735.0,"United States, United Kingdom, Ghana, Canada, Kenya",observed: artist's own Nigerian share of listeners this quarter | Chartmetric + Soundcharts (observed); see 02_Methodology
Q3_2023,DJ Neptune,41886.06,26.8306,11238.28,73.1694,30647.78,45971670.0,"Kenya, United States, United Kingdom, Ghana, Netherlands",observed: artist's own Nigerian share of listeners this quarter | Chartmetric + Soundcharts (observed); see 02_Methodology
Q3_2023,Falz,39292.64,57.0731,22425.51,42.9269,16867.13,25300695.0,"United States, United Kingdom, Canada, South Africa, Ghana",observed: artist's own Nigerian share of listeners this quarter | Chartmetric + Soundcharts (observed); see 02_Methodology
Q3_2023,Shallipopi,38708.76,12.5725,4866.66,87.4275,33842.1,50763150.0,"United States, United Kingdom, Ghana, South Africa, Canada",assumed: portfolio-wide ratio applied to an artist without own geography | Chartmetric + Soundcharts (observed); see 02_Methodology
Q3_2023,LADIPOE,37973.62,32.3623,12289.14,67.6377,25684.49,38526735.0,"United Kingdom, United States, South Africa, Kenya, Ghana",observed: artist's own Nigerian share of listeners this quarter | Chartmetric + Soundcharts (observed); see 02_Methodology
Q3_2023,Nonso Amadi,37914.55,10.1245,3838.68,89.8755,34075.87,51113805.0,"United States, Canada, United Kingdom, Australia, Netherlands",observed: artist's own Nigerian share of listeners this quarter | Chartmetric + Soundcharts (observed); see 02_Methodology
Q3_2023,Qing Madi,35990.44,58.6394,21104.56,41.3606,14885.87,22328805.0,"Kenya, United Kingdom, Ghana, South Africa, United States",observed: artist's own Nigerian share of listeners this quarter | Chartmetric + Soundcharts (observed); see 02_Methodology
Q3_2023,Fela Kuti,35754.81,4.2294,1512.23,95.7706,34242.58,51363870.0,"United States, France, United Kingdom, South Africa, Italy",observed: artist's own Nigerian share of listeners this quarter | Chartmetric + Soundcharts (observed); see 02_Methodology
Q3_2023,Reminisce,33573.69,36.6624,12308.92,63.3376,21264.78,31897170.0,"United States, Germany, United Kingdom, France, Canada",observed: artist's own Nigerian share of listeners this quarter | Chartmetric + Soundcharts (observed); see 02_Methodology
Q3_2023,2Baba,32682.5,42.7814,13982.02,57.2186,18700.48,28050720.0,"United States, Australia, United Kingdom, Kenya, South Africa",observed: artist's own Nigerian share of listeners this quarter | Chartmetric + Soundcharts (observed); see 02_Methodology
Q3_2023,Johnny Drille,31948.47,43.2517,13818.26,56.7483,18130.21,27195315.0,"United States, Kenya, Ghana, United Kingdom, South Africa",observed: artist's own Nigerian share of listeners this quarter | Chartmetric + Soundcharts (observed); see 02_Methodology
Q3_2023,Niniola,28449.02,12.8937,3668.13,87.1063,24780.89,37171335.0,"Netherlands, South Africa, United States, United Arab Emirates, United Kingdom",observed: artist's own Nigerian share of listeners this quarter | Chartmetric + Soundcharts (observed); see 02_Methodology
Q3_2023,D'banj,28133.86,20.1291,5663.09,79.8709,22470.77,33706155.0,"Türkiye, United Kingdom, Romania, United States, South Africa",observed: artist's own Nigerian share of listeners this quarter | Chartmetric + Soundcharts (observed); see 02_Methodology
Q3_2023,Vector,27176.5,46.2003,12555.62,53.7997,14620.88,21931320.0,"Kenya, Canada, France, Netherlands, Malawi",observed: artist's own Nigerian share of listeners this quarter | Chartmetric + Soundcharts (observed); see 02_Methodology
Q3_2023,Show Dem Camp,25357.53,25.7372,6526.31,74.2628,18831.22,28246830.0,"United States, United Kingdom, Canada, Netherlands, South Africa",observed: artist's own Nigerian share of listeners this quarter | Chartmetric + Soundcharts (observed); see 02_Methodology
Q3_2023,Praiz,24929.9,3.3924,845.72,96.6076,24084.17,36126255.0,"Netherlands, Germany, United States, United Kingdom, Canada",observed: artist's own Nigerian share of listeners this quarter | Chartmetric + Soundcharts (observed); see 02_Methodology
Q3_2023,Aṣa,23587.87,19.4277,4582.57,80.5723,19005.3,28507950.0,"Pakistan, United States, Austria, Türkiye, Israel",observed: artist's own Nigerian share of listeners this quarter | Chartmetric + Soundcharts (observed); see 02_Methodology
Q3_2023,Cruel Santino,22337.12,11.3935,2544.97,88.6065,19792.14,29688210.0,"United States, United Kingdom, Canada, Netherlands, Australia",observed: artist's own Nigerian share of listeners this quarter | Chartmetric + Soundcharts (observed); see 02_Methodology
Q3_2023,Bracket,20214.45,13.3431,2697.23,86.6569,17517.22,26275830.0,"Netherlands, France, United Kingdom, United States, Italy",observed: artist's own Nigerian share of listeners this quarter | Chartmetric + Soundcharts (observed); see 02_Methodology
Q3_2023,Odunsi (The Engine),20041.08,9.3963,1883.13,90.6037,18157.95,27236925.0,"United States, United Kingdom, Canada, Australia, Netherlands",observed: artist's own Nigerian share of listeners this quarter | Chartmetric + Soundcharts (observed); see 02_Methodology
Q3_2023,Banky W.,19592.14,27.1341,5316.15,72.8659,14275.99,21413985.0,"United States, United Kingdom, Kenya, Zambia, South Africa",observed: artist's own Nigerian share of listeners this quarter | Chartmetric + Soundcharts (observed); see 02_Methodology
Q3_2023,WurlD,18589.96,21.7261,4038.88,78.2739,14551.08,21826620.0,"United States, Netherlands, United Kingdom, Canada, Kenya",observed: artist's own Nigerian share of listeners this quarter | Chartmetric + Soundcharts (observed); see 02_Methodology
Q3_2023,Ajebutter22,14607.35,17.7067,2586.48,82.2933,12020.87,18031305.0,"United States, United Kingdom, Netherlands, Canada, Australia",observed: artist's own Nigerian share of listeners this quarter | Chartmetric + Soundcharts (observed); see 02_Methodology
Q3_2023,Peruzzi,14490.07,44.9578,6514.41,55.0422,7975.65,11963475.0,"Tanzania, United Arab Emirates, United States, United Kingdom, Canada",observed: artist's own Nigerian share of listeners this quarter | Chartmetric + Soundcharts (observed); see 02_Methodology
Q3_2023,Mannywellz,13135.11,9.4699,1243.89,90.5301,11891.22,17836830.0,"United States, United Kingdom, South Africa, Canada, Australia",observed: artist's own Nigerian share of listeners this quarter | Chartmetric + Soundcharts (observed); see 02_Methodology
Q3_2023,M.I. Abaga,13104.07,59.8868,7847.61,40.1132,5256.47,7884705.0,"United States, United Kingdom, South Africa, Ghana, Canada",observed: artist's own Nigerian share of listeners this quarter | Chartmetric + Soundcharts (observed); see 02_Methodology
Q3_2023,Terri,12551.82,25.0355,3142.41,74.9645,9409.41,14114115.0,"Netherlands, United States, Kenya, United Arab Emirates, France",observed: artist's own Nigerian share of listeners this quarter | Chartmetric + Soundcharts (observed); see 02_Methodology
Q3_2023,Bloody Civilian,12525.06,15.3259,1919.58,84.6741,10605.48,15908220.0,"United States, Canada, United Kingdom, Germany, Netherlands",observed: artist's own Nigerian share of listeners this quarter | Chartmetric + Soundcharts (observed); see 02_Methodology
Q3_2023,9ice,10705.31,58.808,6295.58,41.192,4409.73,6614595.0,"United Kingdom, United States, Canada, Ghana, South Africa",observed: artist's own Nigerian share of listeners this quarter | Chartmetric + Soundcharts (observed); see 02_Methodology
Q3_2023,Rude Boy,10293.57,12.5725,1294.16,87.4275,8999.41,13499115.0,"Mexico, Indonesia, India, Vietnam, Peru",assumed: portfolio-wide ratio applied to an artist without own geography | Chartmetric + Soundcharts (observed); see 02_Methodology
Q3_2023,Lyta,9576.8,55.2222,5288.52,44.7778,4288.28,6432420.0,"United States, United Kingdom, Netherlands, Canada, Ghana",observed: artist's own Nigerian share of listeners this quarter | Chartmetric + Soundcharts (observed); see 02_Methodology
Q3_2023,Sean Tizzle,9187.49,23.4155,2151.3,76.5845,7036.19,10554285.0,"Netherlands, United States, United Kingdom, Canada, Germany",observed: artist's own Nigerian share of listeners this quarter | Chartmetric + Soundcharts (observed); see 02_Methodology
Q3_2023,Brymo,8429.6,56.3835,4752.9,43.6165,3676.7,5515050.0,"United States, United Kingdom, Ghana, South Africa, United Arab Emirates",observed: artist's own Nigerian share of listeners this quarter | Chartmetric + Soundcharts (observed); see 02_Methodology
Q3_2023,Lady Donli,8367.65,7.7208,646.05,92.2792,7721.6,11582400.0,"Netherlands, Belgium, Switzerland, United States, Austria",observed: artist's own Nigerian share of listeners this quarter | Chartmetric + Soundcharts (observed); see 02_Methodology
Q3_2023,Duncan Mighty,7685.66,55.9859,4302.89,44.0141,3382.77,5074155.0,"United Kingdom, United States, Ghana, Netherlands, Canada",observed: artist's own Nigerian share of listeners this quarter | Chartmetric + Soundcharts (observed); see 02_Methodology
Q3_2023,Dice Ailes,7056.84,45.4498,3207.32,54.5502,3849.52,5774280.0,"Benin, United States, United Kingdom, Canada, Netherlands",observed: artist's own Nigerian share of listeners this quarter | Chartmetric + Soundcharts (observed); see 02_Methodology
Q3_2023,Seyi Shay,6833.62,16.036,1095.84,83.964,5737.78,8606670.0,"United Arab Emirates, Australia, United States, New Zealand, Kenya",observed: artist's own Nigerian share of listeners this quarter | Chartmetric + Soundcharts (observed); see 02_Methodology
Q3_2023,HarrySong,6323.89,21.0166,1329.06,78.9834,4994.82,7492230.0,"United States, Kenya, United Kingdom, Uganda, Italy",observed: artist's own Nigerian share of listeners this quarter | Chartmetric + Soundcharts (observed); see 02_Methodology
Q3_2023,Mr Real,5580.32,36.8228,2054.83,63.1772,3525.49,5288235.0,"United States, United Kingdom, Canada, South Africa, Ghana",observed: artist's own Nigerian share of listeners this quarter | Chartmetric + Soundcharts (observed); see 02_Methodology
Q3_2023,Prettyboy D-O,5575.56,19.7982,1103.86,80.2018,4471.7,6707550.0,"United States, United Kingdom, South Africa, Canada, Australia",observed: artist's own Nigerian share of listeners this quarter | Chartmetric + Soundcharts (observed); see 02_Methodology
Q3_2023,Dremo,5024.89,76.184,3828.17,23.816,1196.73,1795095.0,"United States, United Kingdom, Ghana, Canada, South Africa",observed: artist's own Nigerian share of listeners this quarter | Chartmetric + Soundcharts (observed); see 02_Methodology
Q3_2023,Solidstar,4859.57,40.0162,1944.62,59.9838,2914.95,4372425.0,"Netherlands, United States, Colombia, United Kingdom, Canada",observed: artist's own Nigerian share of listeners this quarter | Chartmetric + Soundcharts (observed); see 02_Methodology
Q3_2023,King Sunny Ade,3961.96,37.3874,1481.27,62.6126,2480.68,3721020.0,"United States, United Kingdom, Canada, Australia, Ireland",observed: artist's own Nigerian share of listeners this quarter | Chartmetric + Soundcharts (observed); see 02_Methodology
Q3_2023,Olu Maintain,3596.2,45.3411,1630.55,54.6589,1965.64,2948460.0,"United Kingdom, United States, Canada, Ghana, Netherlands",observed: artist's own Nigerian share of listeners this quarter | Chartmetric + Soundcharts (observed); see 02_Methodology
Q3_2023,Darey,2983.51,57.4967,1715.42,42.5033,1268.09,1902135.0,"United Arab Emirates, Italy, United States, Canada, South Africa",observed: artist's own Nigerian share of listeners this quarter | Chartmetric + Soundcharts (observed); see 02_Methodology
Q3_2023,Illbliss,2961.69,58.5132,1732.98,41.4868,1228.71,1843065.0,"United States, United Kingdom, Ghana, Canada, South Africa",observed: artist's own Nigerian share of listeners this quarter | Chartmetric + Soundcharts (observed); see 02_Methodology
Q3_2023,Naeto C,2959.23,55.2338,1634.5,44.7662,1324.74,1987110.0,"United Kingdom, United States, Canada, Ghana, South Africa",observed: artist's own Nigerian share of listeners this quarter | Chartmetric + Soundcharts (observed); see 02_Methodology
Q3_2023,Jesse Jagz,2918.83,54.7618,1598.41,45.2382,1320.43,1980645.0,"United Kingdom, United States, Canada, Ghana, Sweden",observed: artist's own Nigerian share of listeners this quarter | Chartmetric + Soundcharts (observed); see 02_Methodology
Q3_2023,CDQ,2825.51,39.0726,1104.0,60.9274,1721.51,2582265.0,"Côte D’Ivoire, Italy, Dominican Republic, Türkiye, United Kingdom",observed: artist's own Nigerian share of listeners this quarter | Chartmetric + Soundcharts (observed); see 02_Methodology
Q3_2023,Small Doctor,2354.02,55.1106,1297.32,44.8894,1056.71,1585065.0,"United States, United Kingdom, Canada, Ghana, South Africa",observed: artist's own Nigerian share of listeners this quarter | Chartmetric + Soundcharts (observed); see 02_Methodology
Q3_2023,Sound Sultan,2067.87,57.3749,1186.44,42.6251,881.43,1322145.0,"United States, United Kingdom, Canada, Ghana, South Africa",observed: artist's own Nigerian share of listeners this quarter | Chartmetric + Soundcharts (observed); see 02_Methodology
Q3_2023,Eldee,1769.82,61.558,1089.46,38.442,680.35,1020525.0,"United Kingdom, United States, Canada, Ghana, South Africa",observed: artist's own Nigerian share of listeners this quarter | Chartmetric + Soundcharts (observed); see 02_Methodology
Q3_2023,Dammy Krane,1428.75,58.079,829.8,41.921,598.95,898425.0,"United Kingdom, United States, Canada, Ghana, South Africa",observed: artist's own Nigerian share of listeners this quarter | Chartmetric + Soundcharts (observed); see 02_Methodology
Q3_2023,Yung6ix,1301.21,71.1298,925.55,28.8702,375.66,563490.0,"United States, United Kingdom, Ghana, Canada, Netherlands",observed: artist's own Nigerian share of listeners this quarter | Chartmetric + Soundcharts (observed); see 02_Methodology
Q3_2023,Terry Apala,1297.13,71.1924,923.45,28.8076,373.67,560505.0,"United States, United Kingdom, Canada, Ghana, South Africa",observed: artist's own Nigerian share of listeners this quarter | Chartmetric + Soundcharts (observed); see 02_Methodology
Q3_2023,Waje,1231.1,32.3192,397.88,67.6808,833.22,1249830.0,"United States, United Kingdom, Ghana, Netherlands, Canada",observed: artist's own Nigerian share of listeners this quarter | Chartmetric + Soundcharts (observed); see 02_Methodology
Q3_2023,Lagbaja,258.95,12.5725,32.56,87.4275,226.39,339585.0,,assumed: portfolio-wide ratio applied to an artist without own geography | Chartmetric + Soundcharts (observed); see 02_Methodology
Q3_2023,Sauce Kid,253.16,57.3182,145.11,42.6818,108.05,162075.0,"United Kingdom, United States, Canada, South Africa, Ghana",observed: artist's own Nigerian share of listeners this quarter | Chartmetric + Soundcharts (observed); see 02_Methodology
Q3_2023,Ebenezer Obey,117.62,12.5725,14.79,87.4275,102.84,154260.0,,assumed: portfolio-wide ratio applied to an artist without own geography | Chartmetric + Soundcharts (observed); see 02_Methodology
Q3_2023,Tempoe,62.28,12.5725,7.83,87.4275,54.45,81675.0,,assumed: portfolio-wide ratio applied to an artist without own geography | Chartmetric + Soundcharts (observed); see 02_Methodology
Q3_2023,Oritsefemi,34.02,92.1212,31.34,7.8788,2.68,4020.0,"United States, United Kingdom, Ghana, Spain, Sierra Leone",observed: artist's own Nigerian share of listeners this quarter | Chartmetric + Soundcharts (observed); see 02_Methodology
Q3_2023,DJ Spinall,0.82,12.5,0.1,87.5,0.72,1080.0,"United States, Germany, Australia, United Kingdom, Uganda",observed: artist's own Nigerian share of listeners this quarter | Chartmetric + Soundcharts (observed); see 02_Methodology
Q3_2023,Odunsi,0.31,12.5725,0.04,87.4275,0.27,405.0,,assumed: portfolio-wide ratio applied to an artist without own geography | Chartmetric + Soundcharts (observed); see 02_Methodology
Q3_2023,=== PERIOD TOTAL ===,20941938.88,,2527102.93,,18414835.95,27622253925.0,,Aggregated
Q4_2023,Rema,2316155.6,3.2188,74552.64,96.7812,2241602.96,3362404440.0,"United States, Australia, Mexico, Colombia, India",observed: artist's own Nigerian share of listeners this quarter | Chartmetric + Soundcharts (observed); see 02_Methodology
Q4_2023,Burna Boy,1727081.47,7.2061,124454.97,92.7939,1602626.5,2403939750.0,"United States, United Kingdom, France, Côte D’Ivoire, Kenya",observed: artist's own Nigerian share of listeners this quarter | Chartmetric + Soundcharts (observed); see 02_Methodology
Q4_2023,Tems,1013758.25,4.3068,43660.35,95.6932,970097.9,1455146850.0,"United States, United Kingdom, Australia, South Africa, Canada",observed: artist's own Nigerian share of listeners this quarter | Chartmetric + Soundcharts (observed); see 02_Methodology
Q4_2023,Ayra Starr,927856.21,8.0513,74704.95,91.9487,853151.27,1279726905.0,"France, United Kingdom, Netherlands, United States, Australia",observed: artist's own Nigerian share of listeners this quarter | Chartmetric + Soundcharts (observed); see 02_Methodology
Q4_2023,Libianca,921291.22,2.2976,21167.6,97.7024,900123.61,1350185415.0,"India, Indonesia, Netherlands, United Kingdom, Australia",observed: artist's own Nigerian share of listeners this quarter | Chartmetric + Soundcharts (observed); see 02_Methodology
Q4_2023,Davido,859959.44,13.6458,117348.42,86.3542,742611.03,1113916545.0,"Tanzania, Côte D’Ivoire, United States, United Kingdom, Cameroon",observed: artist's own Nigerian share of listeners this quarter | Chartmetric + Soundcharts (observed); see 02_Methodology
Q4_2023,Wizkid,856669.76,8.8982,76228.13,91.1018,780441.63,1170662445.0,"Côte D’Ivoire, United States, United Kingdom, France, South Africa",observed: artist's own Nigerian share of listeners this quarter | Chartmetric + Soundcharts (observed); see 02_Methodology
Q4_2023,CKay,756275.88,3.9001,29495.8,96.0999,726780.08,1090170120.0,"India, Netherlands, France, Australia, Canada",observed: artist's own Nigerian share of listeners this quarter | Chartmetric + Soundcharts (observed); see 02_Methodology
Q4_2023,Fireboy DML,681832.02,10.4273,71096.6,89.5727,610735.43,916103145.0,"United States, United Kingdom, Kenya, France, South Africa",observed: artist's own Nigerian share of listeners this quarter | Chartmetric + Soundcharts (observed); see 02_Methodology
Q4_2023,Asake,641690.78,21.714,139336.87,78.286,502353.91,753530865.0,"United States, United Kingdom, Kenya, France, South Africa",observed: artist's own Nigerian share of listeners this quarter | Chartmetric + Soundcharts (observed); see 02_Methodology
Q4_2023,Omah Lay,613458.44,15.487,95006.5,84.513,518451.94,777677910.0,"Netherlands, France, Germany, United Kingdom, South Africa",observed: artist's own Nigerian share of listeners this quarter | Chartmetric + Soundcharts (observed); see 02_Methodology
Q4_2023,Kizz Daniel,609445.38,25.9205,157971.16,74.0795,451474.23,677211345.0,"Tanzania, United States, Netherlands, United Kingdom, Kenya",observed: artist's own Nigerian share of listeners this quarter | Chartmetric + Soundcharts (observed); see 02_Methodology
Q4_2023,Victony,484056.55,17.7904,86115.51,82.2096,397941.03,596911545.0,"Netherlands, United Kingdom, United States, Germany, France",observed: artist's own Nigerian share of listeners this quarter | Chartmetric + Soundcharts (observed); see 02_Methodology
Q4_2023,Amaarae,461202.16,5.97,27533.87,94.03,433668.29,650502435.0,"United States, Australia, United Kingdom, India, Canada",observed: artist's own Nigerian share of listeners this quarter | Chartmetric + Soundcharts (observed); see 02_Methodology
Q4_2023,Oxlade,410690.21,8.228,33791.57,91.772,376898.63,565347945.0,"United Kingdom, Netherlands, United States, France, Australia",observed: artist's own Nigerian share of listeners this quarter | Chartmetric + Soundcharts (observed); see 02_Methodology
Q4_2023,Lojay,374503.75,10.6517,39891.08,89.3483,334612.67,501919005.0,"United States, United Kingdom, Netherlands, South Africa, Australia",observed: artist's own Nigerian share of listeners this quarter | Chartmetric + Soundcharts (observed); see 02_Methodology
Q4_2023,Ruger,360176.68,22.6889,81720.17,77.3111,278456.51,417684765.0,"United Kingdom, Kenya, Netherlands, United States, South Africa",observed: artist's own Nigerian share of listeners this quarter | Chartmetric + Soundcharts (observed); see 02_Methodology
Q4_2023,BNXN,290885.72,26.8716,78165.52,73.1284,212720.19,319080285.0,"United Kingdom, United States, Netherlands, Kenya, South Africa",observed: artist's own Nigerian share of listeners this quarter | Chartmetric + Soundcharts (observed); see 02_Methodology
Q4_2023,Olamide,280338.72,27.7787,77874.32,72.2213,202464.4,303696600.0,"Kenya, United Kingdom, United States, Côte D’Ivoire, Tanzania",observed: artist's own Nigerian share of listeners this quarter | Chartmetric + Soundcharts (observed); see 02_Methodology
Q4_2023,Mr Eazi,259750.82,6.6697,17324.57,93.3303,242426.26,363639390.0,"Côte D’Ivoire, Guatemala, United States, United Kingdom, France",observed: artist's own Nigerian share of listeners this quarter | Chartmetric + Soundcharts (observed); see 02_Methodology
Q4_2023,Sarz,248111.04,11.9279,29594.51,88.0721,218516.54,327774810.0,"United States, United Kingdom, Netherlands, Germany, Australia",observed: artist's own Nigerian share of listeners this quarter | Chartmetric + Soundcharts (observed); see 02_Methodology
Q4_2023,Joeboy,246081.21,22.746,55973.54,77.254,190107.67,285161505.0,"Netherlands, Kenya, United States, United Kingdom, France",observed: artist's own Nigerian share of listeners this quarter | Chartmetric + Soundcharts (observed); see 02_Methodology
Q4_2023,Tiwa Savage,233241.3,22.8406,53273.8,77.1594,179967.5,269951250.0,"Côte D’Ivoire, United States, Kenya, Guinea, United Kingdom",observed: artist's own Nigerian share of listeners this quarter | Chartmetric + Soundcharts (observed); see 02_Methodology
Q4_2023,Tekno,220407.09,19.2175,42356.72,80.7825,178050.37,267075555.0,"Côte D’Ivoire, United States, France, Kenya, United Kingdom",observed: artist's own Nigerian share of listeners this quarter | Chartmetric + Soundcharts (observed); see 02_Methodology
Q4_2023,Flavour,210324.44,42.197,88750.66,57.803,121573.78,182360670.0,"Tanzania, United States, Liberia, Senegal, United Arab Emirates",observed: artist's own Nigerian share of listeners this quarter | Chartmetric + Soundcharts (observed); see 02_Methodology
Q4_2023,Pheelz,204935.78,19.2645,39479.81,80.7355,165455.96,248183940.0,"United Kingdom, United States, Netherlands, Canada, Australia",observed: artist's own Nigerian share of listeners this quarter | Chartmetric + Soundcharts (observed); see 02_Methodology
Q4_2023,Wande Coal,203960.08,29.403,59970.43,70.597,143989.65,215984475.0,"United States, United Kingdom, France, Canada, Kenya",observed: artist's own Nigerian share of listeners this quarter | Chartmetric + Soundcharts (observed); see 02_Methodology
Q4_2023,Patoranking,200794.36,24.5756,49346.46,75.4244,151447.9,227171850.0,"Côte D’Ivoire, India, Kenya, United States, Zambia",observed: artist's own Nigerian share of listeners this quarter | Chartmetric + Soundcharts (observed); see 02_Methodology
Q4_2023,Young Jonn,200714.51,30.5781,61374.72,69.4219,139339.78,209009670.0,"Indonesia, United Kingdom, Ghana, Kenya, South Africa",observed: artist's own Nigerian share of listeners this quarter | Chartmetric + Soundcharts (observed); see 02_Methodology
Q4_2023,Spyro,180106.13,35.5499,64027.58,64.4501,116078.55,174117825.0,"Kenya, South Africa, United Kingdom, Ghana, United States",observed: artist's own Nigerian share of listeners this quarter | Chartmetric + Soundcharts (observed); see 02_Methodology
Q4_2023,ODUMODUBLVCK,173628.14,68.9101,119647.27,31.0899,53980.86,80971290.0,"United States, United Kingdom, Ghana, Canada, South Africa",observed: artist's own Nigerian share of listeners this quarter | Chartmetric + Soundcharts (observed); see 02_Methodology
Q4_2023,Adekunle Gold,169266.11,24.3634,41238.98,75.6366,128027.14,192040710.0,"Tanzania, United States, United Kingdom, Netherlands, South Africa",observed: artist's own Nigerian share of listeners this quarter | Chartmetric + Soundcharts (observed); see 02_Methodology
Q4_2023,Yemi Alade,159275.12,6.9748,11109.18,93.0252,148165.94,222248910.0,"Guinea, Gambia, Côte D’Ivoire, United States, France",observed: artist's own Nigerian share of listeners this quarter | Chartmetric + Soundcharts (observed); see 02_Methodology
Q4_2023,Darkoo,154547.19,6.1656,9528.8,93.8344,145018.39,217527585.0,"United Kingdom, Australia, Netherlands, Canada, Germany",observed: artist's own Nigerian share of listeners this quarter | Chartmetric + Soundcharts (observed); see 02_Methodology
Q4_2023,Crayon,151518.26,34.0378,51573.45,65.9622,99944.81,149917215.0,"Kenya, United States, United Kingdom, Netherlands, Ghana",observed: artist's own Nigerian share of listeners this quarter | Chartmetric + Soundcharts (observed); see 02_Methodology
Q4_2023,Simi,144679.88,32.9018,47602.29,67.0982,97077.58,145616370.0,"Côte D’Ivoire, Cameroon, Sierra Leone, Liberia, Kenya",observed: artist's own Nigerian share of listeners this quarter | Chartmetric + Soundcharts (observed); see 02_Methodology
Q4_2023,Khaid,135440.55,59.576,80690.02,40.424,54750.53,82125795.0,"Ghana, Kenya, United States, United Kingdom, South Africa",observed: artist's own Nigerian share of listeners this quarter | Chartmetric + Soundcharts (observed); see 02_Methodology
Q4_2023,Mohbad,127254.43,81.8883,104206.51,18.1117,23047.92,34571880.0,"United States, United Kingdom, Ghana, South Africa, Canada",observed: artist's own Nigerian share of listeners this quarter | Chartmetric + Soundcharts (observed); see 02_Methodology
Q4_2023,Bella Shmurda,126666.51,61.3799,77747.82,38.6201,48918.69,73378035.0,"United States, United Kingdom, Ghana, Italy, Kenya",observed: artist's own Nigerian share of listeners this quarter | Chartmetric + Soundcharts (observed); see 02_Methodology
Q4_2023,Blaqbonez,117230.96,54.9604,64430.64,45.0396,52800.33,79200495.0,"United States, United Kingdom, Kenya, Ghana, South Africa",observed: artist's own Nigerian share of listeners this quarter | Chartmetric + Soundcharts (observed); see 02_Methodology
Q4_2023,P-Square,116093.69,17.6872,20533.69,82.3128,95559.99,143339985.0,"United States, France, Kenya, South Africa, United Kingdom",observed: artist's own Nigerian share of listeners this quarter | Chartmetric + Soundcharts (observed); see 02_Methodology
Q4_2023,Naira Marley,109563.46,29.0915,31873.68,70.9085,77689.79,116534685.0,"United States, United Kingdom, France, Italy, Benin",observed: artist's own Nigerian share of listeners this quarter | Chartmetric + Soundcharts (observed); see 02_Methodology
Q4_2023,Iyanya,108703.99,25.541,27764.08,74.459,80939.91,121409865.0,"Côte D’Ivoire, United States, Kenya, United Kingdom, France",observed: artist's own Nigerian share of listeners this quarter | Chartmetric + Soundcharts (observed); see 02_Methodology
Q4_2023,Mayorkun,104523.63,37.4902,39186.1,62.5098,65337.53,98006295.0,"United Kingdom, Benin, United States, Kenya, Netherlands",observed: artist's own Nigerian share of listeners this quarter | Chartmetric + Soundcharts (observed); see 02_Methodology
Q4_2023,Teni,101341.84,48.7143,49367.93,51.2857,51973.92,77960880.0,"United States, United Kingdom, Ghana, Kenya, France",observed: artist's own Nigerian share of listeners this quarter | Chartmetric + Soundcharts (observed); see 02_Methodology
Q4_2023,Zinoleesky,100999.85,42.5732,42998.87,57.4268,58000.97,87001455.0,"United Kingdom, United States, Ghana, Kenya, South Africa",observed: artist's own Nigerian share of listeners this quarter | Chartmetric + Soundcharts (observed); see 02_Methodology
Q4_2023,Timaya,100677.51,22.7339,22887.97,77.2661,77789.54,116684310.0,"Argentina, United States, Kenya, United Kingdom, Italy",observed: artist's own Nigerian share of listeners this quarter | Chartmetric + Soundcharts (observed); see 02_Methodology
Q4_2023,Bayanni,91107.86,9.419,8581.42,90.581,82526.44,123789660.0,"United States, Netherlands, Kenya, United Kingdom, Germany",observed: artist's own Nigerian share of listeners this quarter | Chartmetric + Soundcharts (observed); see 02_Methodology
Q4_2023,Seyi Vibez,88558.11,65.082,57635.35,34.918,30922.76,46384140.0,"United States, United Kingdom, Ghana, Kenya, Netherlands",observed: artist's own Nigerian share of listeners this quarter | Chartmetric + Soundcharts (observed); see 02_Methodology
Q4_2023,Phyno,87730.28,53.6829,47096.13,46.3171,40634.15,60951225.0,"United States, United Kingdom, Italy, South Africa, Germany",observed: artist's own Nigerian share of listeners this quarter | Chartmetric + Soundcharts (observed); see 02_Methodology
Q4_2023,Shallipopi,82901.43,99.5524,82530.33,0.4476,371.1,556650.0,"United States, United Kingdom, Ghana, South Africa, Kenya",observed: artist's own Nigerian share of listeners this quarter | Chartmetric + Soundcharts (observed); see 02_Methodology
Q4_2023,Maleek Berry,78875.42,10.2438,8079.85,89.7562,70795.56,106193340.0,"United States, United Kingdom, France, Australia, Canada",observed: artist's own Nigerian share of listeners this quarter | Chartmetric + Soundcharts (observed); see 02_Methodology
Q4_2023,Reekado Banks,68988.89,29.8925,20622.48,70.1075,48366.41,72549615.0,"United States, Kenya, United Kingdom, Zambia, France",observed: artist's own Nigerian share of listeners this quarter | Chartmetric + Soundcharts (observed); see 02_Methodology
Q4_2023,Magixx,65352.63,25.8334,16882.8,74.1666,48469.83,72704745.0,"Kenya, United Kingdom, United States, Ghana, Netherlands",observed: artist's own Nigerian share of listeners this quarter | Chartmetric + Soundcharts (observed); see 02_Methodology
Q4_2023,Ric Hassani,62587.09,5.7974,3628.45,94.2026,58958.65,88437975.0,"Netherlands, United States, India, Tanzania, France",observed: artist's own Nigerian share of listeners this quarter | Chartmetric + Soundcharts (observed); see 02_Methodology
Q4_2023,Korede Bello,60265.17,8.4107,5068.74,91.5893,55196.43,82794645.0,"Côte D’Ivoire, Guinea, Gambia, Congo - Kinshasa, United States",observed: artist's own Nigerian share of listeners this quarter | Chartmetric + Soundcharts (observed); see 02_Methodology
Q4_2023,Boj,59090.05,26.8055,15839.39,73.1945,43250.66,64875990.0,"United Kingdom, United States, Australia, Spain, Netherlands",observed: artist's own Nigerian share of listeners this quarter | Chartmetric + Soundcharts (observed); see 02_Methodology
Q4_2023,Chike,58257.61,46.3693,27013.62,53.6307,31243.99,46865985.0,"United States, Kenya, United Kingdom, South Africa, Ghana",observed: artist's own Nigerian share of listeners this quarter | Chartmetric + Soundcharts (observed); see 02_Methodology
Q4_2023,Zlatan,57789.66,75.0898,43394.13,24.9102,14395.53,21593295.0,"United States, United Kingdom, Ghana, Canada, France",observed: artist's own Nigerian share of listeners this quarter | Chartmetric + Soundcharts (observed); see 02_Methodology
Q4_2023,Olakira,57588.44,7.8616,4527.4,92.1384,53061.04,79591560.0,"Netherlands, United Kingdom, Australia, Kenya, United States",observed: artist's own Nigerian share of listeners this quarter | Chartmetric + Soundcharts (observed); see 02_Methodology
Q4_2023,Bloody Civilian,57398.78,70.5314,40484.14,29.4686,16914.64,25371960.0,"United States, United Kingdom, Ghana, Kenya, Canada",observed: artist's own Nigerian share of listeners this quarter | Chartmetric + Soundcharts (observed); see 02_Methodology
Q4_2023,Ice Prince,56066.24,16.09,9021.07,83.91,47045.17,70567755.0,"United States, France, United Kingdom, South Africa, Germany",observed: artist's own Nigerian share of listeners this quarter | Chartmetric + Soundcharts (observed); see 02_Methodology
Q4_2023,Boy Spyce,55724.62,48.4858,27018.53,51.5142,28706.09,43059135.0,"Ghana, Kenya, United States, United Kingdom, South Africa",observed: artist's own Nigerian share of listeners this quarter | Chartmetric + Soundcharts (observed); see 02_Methodology
Q4_2023,Bad Boy Timz,54419.07,37.1227,20201.83,62.8773,34217.25,51325875.0,"United States, United Kingdom, Ghana, Tanzania, Kenya",observed: artist's own Nigerian share of listeners this quarter | Chartmetric + Soundcharts (observed); see 02_Methodology
Q4_2023,DJ Neptune,53970.79,33.0322,17827.73,66.9678,36143.06,54214590.0,"Kenya, United States, United Kingdom, Netherlands, Ghana",observed: artist's own Nigerian share of listeners this quarter | Chartmetric + Soundcharts (observed); see 02_Methodology
Q4_2023,Tay Iwar,52262.04,14.0974,7367.57,85.9026,44894.47,67341705.0,"United States, United Kingdom, Kenya, Netherlands, Australia",observed: artist's own Nigerian share of listeners this quarter | Chartmetric + Soundcharts (observed); see 02_Methodology
Q4_2023,Skiibii,50543.16,32.9039,16630.65,67.0961,33912.51,50868765.0,"Tanzania, Netherlands, United Kingdom, United States, Germany",observed: artist's own Nigerian share of listeners this quarter | Chartmetric + Soundcharts (observed); see 02_Methodology
Q4_2023,Nonso Amadi,46265.57,10.9281,5055.96,89.0719,41209.62,61814430.0,"United States, Canada, Australia, United Kingdom, Kenya",observed: artist's own Nigerian share of listeners this quarter | Chartmetric + Soundcharts (observed); see 02_Methodology
Q4_2023,Ycee,42337.72,16.7832,7105.62,83.2168,35232.1,52848150.0,"Tanzania, United States, United Kingdom, Netherlands, Germany",observed: artist's own Nigerian share of listeners this quarter | Chartmetric + Soundcharts (observed); see 02_Methodology
Q4_2023,Qing Madi,40372.99,54.8958,22163.07,45.1042,18209.92,27314880.0,"Kenya, United Kingdom, United States, Ghana, South Africa",observed: artist's own Nigerian share of listeners this quarter | Chartmetric + Soundcharts (observed); see 02_Methodology
Q4_2023,LADIPOE,39461.86,35.1456,13869.12,64.8544,25592.75,38389125.0,"United States, United Kingdom, South Africa, Kenya, Ghana",observed: artist's own Nigerian share of listeners this quarter | Chartmetric + Soundcharts (observed); see 02_Methodology
Q4_2023,Cruel Santino,39184.95,53.0691,20795.09,46.9309,18389.86,27584790.0,"United States, United Kingdom, South Africa, Canada, Ghana",observed: artist's own Nigerian share of listeners this quarter | Chartmetric + Soundcharts (observed); see 02_Methodology
Q4_2023,Falz,38545.19,59.0082,22744.84,40.9918,15800.35,23700525.0,"United States, United Kingdom, Ghana, South Africa, Canada",observed: artist's own Nigerian share of listeners this quarter | Chartmetric + Soundcharts (observed); see 02_Methodology
Q4_2023,2Baba,36847.13,49.5421,18254.83,50.4579,18592.3,27888450.0,"United States, Australia, United Kingdom, Kenya, South Africa",observed: artist's own Nigerian share of listeners this quarter | Chartmetric + Soundcharts (observed); see 02_Methodology
Q4_2023,Lil Kesh,36624.58,67.9752,24895.62,32.0248,11728.96,17593440.0,"United States, United Kingdom, Ghana, Kenya, Canada",observed: artist's own Nigerian share of listeners this quarter | Chartmetric + Soundcharts (observed); see 02_Methodology
Q4_2023,WurlD,35105.4,14.6366,5138.24,85.3634,29967.16,44950740.0,"United States, United Kingdom, Germany, France, Canada",observed: artist's own Nigerian share of listeners this quarter | Chartmetric + Soundcharts (observed); see 02_Methodology
Q4_2023,Niniola,32790.29,13.46,4413.59,86.54,28376.7,42565050.0,"India, South Africa, Brazil, Netherlands, United States",observed: artist's own Nigerian share of listeners this quarter | Chartmetric + Soundcharts (observed); see 02_Methodology
Q4_2023,Fela Kuti,32520.28,6.2845,2043.72,93.7155,30476.55,45714825.0,"United States, United Kingdom, France, South Africa, Italy",observed: artist's own Nigerian share of listeners this quarter | Chartmetric + Soundcharts (observed); see 02_Methodology
Q4_2023,D'banj,32368.39,27.9865,9058.78,72.0135,23309.61,34964415.0,"Romania, United Kingdom, United States, France, South Africa",observed: artist's own Nigerian share of listeners this quarter | Chartmetric + Soundcharts (observed); see 02_Methodology
Q4_2023,Johnny Drille,31477.33,47.9373,15089.39,52.0627,16387.94,24581910.0,"Kenya, Ghana, United Kingdom, United States, South Africa",observed: artist's own Nigerian share of listeners this quarter | Chartmetric + Soundcharts (observed); see 02_Methodology
Q4_2023,Vector,29402.26,54.4161,15999.56,45.5839,13402.7,20104050.0,"United States, Kenya, United Kingdom, Ghana, South Africa",observed: artist's own Nigerian share of listeners this quarter | Chartmetric + Soundcharts (observed); see 02_Methodology
Q4_2023,Show Dem Camp,27667.66,31.3075,8662.05,68.6925,19005.61,28508415.0,"United States, United Kingdom, South Africa, Canada, Ghana",observed: artist's own Nigerian share of listeners this quarter | Chartmetric + Soundcharts (observed); see 02_Methodology
Q4_2023,Mannywellz,27380.37,10.6114,2905.43,89.3886,24474.94,36712410.0,"United States, South Africa, United Kingdom, Australia, Canada",observed: artist's own Nigerian share of listeners this quarter | Chartmetric + Soundcharts (observed); see 02_Methodology
Q4_2023,Aṣa,23515.61,25.7414,6053.26,74.2586,17462.35,26193525.0,"Austria, United States, Sweden, Türkiye, Ireland",observed: artist's own Nigerian share of listeners this quarter | Chartmetric + Soundcharts (observed); see 02_Methodology
Q4_2023,Reminisce,21662.08,71.7571,15544.08,28.2429,6118.0,9177000.0,"United States, United Kingdom, Ghana, Canada, South Africa",observed: artist's own Nigerian share of listeners this quarter | Chartmetric + Soundcharts (observed); see 02_Methodology
Q4_2023,9ice,20319.57,65.0181,13211.39,34.9819,7108.18,10662270.0,"United Kingdom, United States, Ghana, Canada, South Africa",observed: artist's own Nigerian share of listeners this quarter | Chartmetric + Soundcharts (observed); see 02_Methodology
Q4_2023,Banky W.,19219.91,35.067,6739.85,64.933,12480.07,18720105.0,"United States, United Kingdom, Kenya, Zambia, Cameroon",observed: artist's own Nigerian share of listeners this quarter | Chartmetric + Soundcharts (observed); see 02_Methodology
Q4_2023,Bracket,18924.33,20.623,3902.76,79.377,15021.57,22532355.0,"Netherlands, France, United Kingdom, United States, Kenya",observed: artist's own Nigerian share of listeners this quarter | Chartmetric + Soundcharts (observed); see 02_Methodology
Q4_2023,Ajebutter22,18853.9,29.4536,5553.15,70.5464,13300.75,19951125.0,"United States, United Kingdom, Netherlands, Canada, Kenya",observed: artist's own Nigerian share of listeners this quarter | Chartmetric + Soundcharts (observed); see 02_Methodology
Q4_2023,Peruzzi,18808.47,55.4448,10428.32,44.5552,8380.15,12570225.0,"Tanzania, United States, United Kingdom, Ghana, Canada",observed: artist's own Nigerian share of listeners this quarter | Chartmetric + Soundcharts (observed); see 02_Methodology
Q4_2023,Seyi Shay,18754.33,28.5798,5359.96,71.4202,13394.38,20091570.0,"United Arab Emirates, Australia, Italy, United States, New Zealand",observed: artist's own Nigerian share of listeners this quarter | Chartmetric + Soundcharts (observed); see 02_Methodology
Q4_2023,Odunsi (The Engine),18070.43,15.66,2829.84,84.34,15240.59,22860885.0,"United States, United Kingdom, Australia, Canada, South Africa",observed: artist's own Nigerian share of listeners this quarter | Chartmetric + Soundcharts (observed); see 02_Methodology
Q4_2023,Duncan Mighty,17906.9,82.1677,14713.69,17.8323,3193.21,4789815.0,"Ghana, United States, Tanzania, United Arab Emirates, Italy",observed: artist's own Nigerian share of listeners this quarter | Chartmetric + Soundcharts (observed); see 02_Methodology
Q4_2023,Praiz,17524.26,7.9181,1387.59,92.0819,16136.67,24205005.0,"Netherlands, Germany, Tanzania, United Kingdom, United States",observed: artist's own Nigerian share of listeners this quarter | Chartmetric + Soundcharts (observed); see 02_Methodology
Q4_2023,M.I. Abaga,13484.1,65.0302,8768.74,34.9698,4715.36,7073040.0,"United States, United Kingdom, Ghana, South Africa, Canada",observed: artist's own Nigerian share of listeners this quarter | Chartmetric + Soundcharts (observed); see 02_Methodology
Q4_2023,Brymo,10830.88,72.7442,7878.84,27.2558,2952.05,4428075.0,"United Kingdom, United States, Ghana, South Africa, Canada",observed: artist's own Nigerian share of listeners this quarter | Chartmetric + Soundcharts (observed); see 02_Methodology
Q4_2023,Lyta,9076.25,58.7804,5335.06,41.2196,3741.19,5611785.0,"United States, United Kingdom, Canada, Netherlands, Australia",observed: artist's own Nigerian share of listeners this quarter | Chartmetric + Soundcharts (observed); see 02_Methodology
Q4_2023,Lady Donli,9039.47,9.8422,889.68,90.1578,8149.79,12224685.0,"United States, United Kingdom, Germany, Australia, Netherlands",observed: artist's own Nigerian share of listeners this quarter | Chartmetric + Soundcharts (observed); see 02_Methodology
Q4_2023,Rude Boy,8921.4,17.451,1556.88,82.549,7364.52,11046780.0,"Vietnam, India, Indonesia, Mexico, Peru",assumed: portfolio-wide ratio applied to an artist without own geography | Chartmetric + Soundcharts (observed); see 02_Methodology
Q4_2023,Terri,8685.62,34.0059,2953.62,65.9941,5732.0,8598000.0,"Netherlands, Tanzania, Uganda, United States, Italy",observed: artist's own Nigerian share of listeners this quarter | Chartmetric + Soundcharts (observed); see 02_Methodology
Q4_2023,Sean Tizzle,7032.86,38.3533,2697.33,61.6467,4335.53,6503295.0,"United States, Netherlands, United Kingdom, Canada, Germany",observed: artist's own Nigerian share of listeners this quarter | Chartmetric + Soundcharts (observed); see 02_Methodology
Q4_2023,Waje,6713.31,36.3751,2441.97,63.6249,4271.34,6407010.0,"United States, United Kingdom, South Africa, Canada, Ghana",observed: artist's own Nigerian share of listeners this quarter | Chartmetric + Soundcharts (observed); see 02_Methodology
Q4_2023,Prettyboy D-O,6290.32,19.8936,1251.37,80.1064,5038.95,7558425.0,"United States, South Africa, United Kingdom, Canada, Netherlands",observed: artist's own Nigerian share of listeners this quarter | Chartmetric + Soundcharts (observed); see 02_Methodology
Q4_2023,Dremo,6263.67,79.2821,4965.97,20.7179,1297.7,1946550.0,"United States, United Kingdom, Ghana, Canada, South Africa",observed: artist's own Nigerian share of listeners this quarter | Chartmetric + Soundcharts (observed); see 02_Methodology
Q4_2023,HarrySong,5904.9,31.1535,1839.58,68.8465,4065.31,6097965.0,"United States, Kenya, United Kingdom, Italy, Chile",observed: artist's own Nigerian share of listeners this quarter | Chartmetric + Soundcharts (observed); see 02_Methodology
Q4_2023,Dice Ailes,5630.16,57.397,3231.54,42.603,2398.62,3597930.0,"Benin, United States, United Kingdom, Canada, Italy",observed: artist's own Nigerian share of listeners this quarter | Chartmetric + Soundcharts (observed); see 02_Methodology
Q4_2023,Mr Real,5402.33,40.7907,2203.65,59.2093,3198.68,4798020.0,"United States, United Kingdom, Canada, South Africa, Ghana",observed: artist's own Nigerian share of listeners this quarter | Chartmetric + Soundcharts (observed); see 02_Methodology
Q4_2023,Small Doctor,5111.66,64.1751,3280.41,35.8249,1831.25,2746875.0,"United Kingdom, United States, Canada, Ghana, South Africa",observed: artist's own Nigerian share of listeners this quarter | Chartmetric + Soundcharts (observed); see 02_Methodology
Q4_2023,Solidstar,5061.01,44.5876,2256.59,55.4124,2804.43,4206645.0,"United States, Colombia, Netherlands, United Kingdom, Canada",observed: artist's own Nigerian share of listeners this quarter | Chartmetric + Soundcharts (observed); see 02_Methodology
Q4_2023,Illbliss,4530.16,72.3214,3276.27,27.6786,1253.88,1880820.0,"United States, United Kingdom, Ghana, South Africa, Canada",observed: artist's own Nigerian share of listeners this quarter | Chartmetric + Soundcharts (observed); see 02_Methodology
Q4_2023,King Sunny Ade,4296.89,46.5156,1998.72,53.4844,2298.16,3447240.0,"United States, United Kingdom, Canada, South Africa, Australia",observed: artist's own Nigerian share of listeners this quarter | Chartmetric + Soundcharts (observed); see 02_Methodology
Q4_2023,CDQ,3937.16,54.3724,2140.73,45.6276,1796.43,2694645.0,"Italy, United States, United Kingdom, Spain, South Africa",observed: artist's own Nigerian share of listeners this quarter | Chartmetric + Soundcharts (observed); see 02_Methodology
Q4_2023,Olu Maintain,3853.51,52.8005,2034.67,47.1995,1818.84,2728260.0,"United Kingdom, United States, Ghana, Canada, South Africa",observed: artist's own Nigerian share of listeners this quarter | Chartmetric + Soundcharts (observed); see 02_Methodology
Q4_2023,Yung6ix,3564.73,96.9243,3455.09,3.0757,109.64,164460.0,"United States, Ghana, United Kingdom, South Africa, Canada",observed: artist's own Nigerian share of listeners this quarter | Chartmetric + Soundcharts (observed); see 02_Methodology
Q4_2023,Naeto C,3436.68,63.3727,2177.92,36.6273,1258.76,1888140.0,"United Kingdom, United States, Canada, Ghana, Malawi",observed: artist's own Nigerian share of listeners this quarter | Chartmetric + Soundcharts (observed); see 02_Methodology
Q4_2023,Darey,2984.48,62.8173,1874.77,37.1827,1109.71,1664565.0,"Italy, United States, United Kingdom, Senegal, South Africa",observed: artist's own Nigerian share of listeners this quarter | Chartmetric + Soundcharts (observed); see 02_Methodology
Q4_2023,Jesse Jagz,2476.01,59.1021,1463.37,40.8979,1012.64,1518960.0,"United Kingdom, United States, Canada, Ghana, Germany",observed: artist's own Nigerian share of listeners this quarter | Chartmetric + Soundcharts (observed); see 02_Methodology
Q4_2023,Terry Apala,2350.29,80.6554,1895.64,19.3446,454.65,681975.0,"United States, United Kingdom, Canada, Ghana, South Africa",observed: artist's own Nigerian share of listeners this quarter | Chartmetric + Soundcharts (observed); see 02_Methodology
Q4_2023,Sound Sultan,2188.67,68.7256,1504.18,31.2744,684.49,1026735.0,"United States, United Kingdom, Canada, South Africa, Ghana",observed: artist's own Nigerian share of listeners this quarter | Chartmetric + Soundcharts (observed); see 02_Methodology
Q4_2023,Eldee,1975.47,62.1122,1227.01,37.8878,748.46,1122690.0,"United States, United Kingdom, Canada, Ghana, France",observed: artist's own Nigerian share of listeners this quarter | Chartmetric + Soundcharts (observed); see 02_Methodology
Q4_2023,Dammy Krane,1548.55,62.9661,975.06,37.0339,573.49,860235.0,"United Kingdom, United States, Canada, Ghana, South Africa",observed: artist's own Nigerian share of listeners this quarter | Chartmetric + Soundcharts (observed); see 02_Methodology
Q4_2023,Lagbaja,233.46,17.451,40.74,82.549,192.72,289080.0,,assumed: portfolio-wide ratio applied to an artist without own geography | Chartmetric + Soundcharts (observed); see 02_Methodology
Q4_2023,Sauce Kid,203.28,62.352,126.75,37.648,76.53,114795.0,"United Kingdom, United States, Canada, Ghana, South Africa",observed: artist's own Nigerian share of listeners this quarter | Chartmetric + Soundcharts (observed); see 02_Methodology
Q4_2023,Ebenezer Obey,118.13,17.451,20.61,82.549,97.51,146265.0,,assumed: portfolio-wide ratio applied to an artist without own geography | Chartmetric + Soundcharts (observed); see 02_Methodology
Q4_2023,Tempoe,86.3,17.451,15.06,82.549,71.24,106860.0,,assumed: portfolio-wide ratio applied to an artist without own geography | Chartmetric + Soundcharts (observed); see 02_Methodology
Q4_2023,Oritsefemi,29.35,95.0,27.88,5.0,1.47,2205.0,"United States, United Kingdom, Türkiye, Spain, Mozambique",observed: artist's own Nigerian share of listeners this quarter | Chartmetric + Soundcharts (observed); see 02_Methodology
Q4_2023,Odunsi,0.31,17.451,0.05,82.549,0.26,390.0,,assumed: portfolio-wide ratio applied to an artist without own geography | Chartmetric + Soundcharts (observed); see 02_Methodology
Q4_2023,DJ Spinall,0.22,20.0,0.04,80.0,0.17,255.0,"Netherlands, United States, United Kingdom, Sweden, Mexico",observed: artist's own Nigerian share of listeners this quarter | Chartmetric + Soundcharts (observed); see 02_Methodology
Q4_2023,=== PERIOD TOTAL ===,21429816.81,,3693152.31,,17736664.51,26604996765.0,,Aggregated
Q1_2024,Rema,1972535.67,2.9268,57732.07,97.0732,1914803.61,2872205415.0,"Australia, Netherlands, Chile, United States, Belgium",observed: artist's own Nigerian share of listeners this quarter | Chartmetric + Soundcharts (observed); see 02_Methodology
Q1_2024,Burna Boy,1449493.84,6.6786,96805.68,93.3214,1352688.16,2029032240.0,"United States, United Kingdom, Côte D’Ivoire, France, South Africa",observed: artist's own Nigerian share of listeners this quarter | Chartmetric + Soundcharts (observed); see 02_Methodology
Q1_2024,Tems,962767.98,3.9273,37810.97,96.0727,924957.01,1387435515.0,"United States, New Zealand, Ireland, Belgium, Ghana",observed: artist's own Nigerian share of listeners this quarter | Chartmetric + Soundcharts (observed); see 02_Methodology
Q1_2024,Ayra Starr,892827.19,9.0263,80589.65,90.9737,812237.54,1218356310.0,"Netherlands, United States, Sierra Leone, Kenya, Belgium",observed: artist's own Nigerian share of listeners this quarter | Chartmetric + Soundcharts (observed); see 02_Methodology
Q1_2024,Omah Lay,825465.99,10.0583,83027.84,89.9417,742438.15,1113657225.0,"Australia, Austria, United States, Belgium, Switzerland",observed: artist's own Nigerian share of listeners this quarter | Chartmetric + Soundcharts (observed); see 02_Methodology
Q1_2024,Wizkid,795825.38,9.7352,77475.4,90.2648,718349.98,1077524970.0,"Côte D’Ivoire, United States, United Kingdom, South Africa, France",observed: artist's own Nigerian share of listeners this quarter | Chartmetric + Soundcharts (observed); see 02_Methodology
Q1_2024,Libianca,792238.29,2.4664,19539.89,97.5336,772698.39,1159047585.0,"India, Indonesia, Australia, United Kingdom, Netherlands",observed: artist's own Nigerian share of listeners this quarter | Chartmetric + Soundcharts (observed); see 02_Methodology
Q1_2024,CKay,715024.2,4.2788,30594.61,95.7212,684429.59,1026644385.0,"Netherlands, Australia, Tanzania, Bangladesh, Dominican Republic",observed: artist's own Nigerian share of listeners this quarter | Chartmetric + Soundcharts (observed); see 02_Methodology
Q1_2024,Davido,712554.54,13.9911,99694.24,86.0089,612860.29,919290435.0,"Côte D’Ivoire, United States, Cameroon, United Kingdom, South Africa",observed: artist's own Nigerian share of listeners this quarter | Chartmetric + Soundcharts (observed); see 02_Methodology
Q1_2024,Fireboy DML,665964.18,8.5282,56794.94,91.4718,609169.25,913753875.0,"United States, United Kingdom, Singapore, Kenya, South Africa",observed: artist's own Nigerian share of listeners this quarter | Chartmetric + Soundcharts (observed); see 02_Methodology
Q1_2024,Kizz Daniel,608566.06,25.6177,155900.43,74.3823,452665.63,678998445.0,"Netherlands, Sierra Leone, United States, Côte D’Ivoire, United Kingdom",observed: artist's own Nigerian share of listeners this quarter | Chartmetric + Soundcharts (observed); see 02_Methodology
Q1_2024,Asake,534299.42,20.4321,109168.39,79.5679,425131.02,637696530.0,"United States, United Kingdom, Kenya, South Africa, France",observed: artist's own Nigerian share of listeners this quarter | Chartmetric + Soundcharts (observed); see 02_Methodology
Q1_2024,Amaarae,512236.93,4.2169,21600.32,95.7831,490636.61,735954915.0,"Australia, India, Netherlands, United States, Malaysia",observed: artist's own Nigerian share of listeners this quarter | Chartmetric + Soundcharts (observed); see 02_Methodology
Q1_2024,Victony,501329.21,15.5538,77975.98,84.4462,423353.23,635029845.0,"Netherlands, Australia, United States, Kenya, Belgium",observed: artist's own Nigerian share of listeners this quarter | Chartmetric + Soundcharts (observed); see 02_Methodology
Q1_2024,Ruger,349714.56,22.7562,79581.68,77.2438,270132.88,405199320.0,"Netherlands, Kenya, United States, United Arab Emirates, Belgium",observed: artist's own Nigerian share of listeners this quarter | Chartmetric + Soundcharts (observed); see 02_Methodology
Q1_2024,Oxlade,347773.34,8.5562,29756.14,91.4438,318017.2,477025800.0,"Australia, Belgium, United States, Sweden, Ireland",observed: artist's own Nigerian share of listeners this quarter | Chartmetric + Soundcharts (observed); see 02_Methodology
Q1_2024,Lojay,323937.34,8.9419,28966.27,91.0581,294971.07,442456605.0,"United States, United Kingdom, South Africa, Netherlands, Germany",observed: artist's own Nigerian share of listeners this quarter | Chartmetric + Soundcharts (observed); see 02_Methodology
Q1_2024,P-Square,308026.06,18.3823,56622.22,81.6177,251403.84,377105760.0,"United States, Kenya, South Africa, France, United Kingdom",observed: artist's own Nigerian share of listeners this quarter | Chartmetric + Soundcharts (observed); see 02_Methodology
Q1_2024,Tempoe,277413.04,17.3406,48105.08,82.6594,229307.96,343961940.0,,assumed: portfolio-wide ratio applied to an artist without own geography | Chartmetric + Soundcharts (observed); see 02_Methodology
Q1_2024,BNXN,265977.24,25.2477,67153.25,74.7523,198824.0,298236000.0,"United Kingdom, United States, Netherlands, Kenya, South Africa",observed: artist's own Nigerian share of listeners this quarter | Chartmetric + Soundcharts (observed); see 02_Methodology
Q1_2024,Flavour,249398.44,41.5081,103520.61,58.4919,145877.83,218816745.0,"Cameroon, Liberia, United States, Italy, Brazil",observed: artist's own Nigerian share of listeners this quarter | Chartmetric + Soundcharts (observed); see 02_Methodology
Q1_2024,Mr Eazi,248587.6,5.6797,14119.11,94.3203,234468.49,351702735.0,"Côte D’Ivoire, United States, United Kingdom, France, Liberia",observed: artist's own Nigerian share of listeners this quarter | Chartmetric + Soundcharts (observed); see 02_Methodology
Q1_2024,Joeboy,247562.14,19.0211,47089.04,80.9789,200473.11,300709665.0,"Netherlands, United Kingdom, United States, Kenya, Germany",observed: artist's own Nigerian share of listeners this quarter | Chartmetric + Soundcharts (observed); see 02_Methodology
Q1_2024,Olamide,241425.38,23.4803,56687.41,76.5197,184737.97,277106955.0,"Côte D’Ivoire, United States, United Kingdom, France, Kenya",observed: artist's own Nigerian share of listeners this quarter | Chartmetric + Soundcharts (observed); see 02_Methodology
Q1_2024,Pheelz,239744.13,12.4602,29872.7,87.5398,209871.43,314807145.0,"United States, Ghana, Belgium, Thailand, Taiwan",observed: artist's own Nigerian share of listeners this quarter | Chartmetric + Soundcharts (observed); see 02_Methodology
Q1_2024,Chike,228170.87,43.843,100036.96,56.157,128133.92,192200880.0,"South Africa, Kenya, United States, United Kingdom, Ghana",observed: artist's own Nigerian share of listeners this quarter | Chartmetric + Soundcharts (observed); see 02_Methodology
Q1_2024,Sarz,226880.9,14.4429,32768.11,85.5571,194112.79,291169185.0,"United Kingdom, United States, Netherlands, Germany, South Africa",observed: artist's own Nigerian share of listeners this quarter | Chartmetric + Soundcharts (observed); see 02_Methodology
Q1_2024,Patoranking,220066.47,23.0835,50799.14,76.9165,169267.33,253900995.0,"Kenya, United States, Zambia, United Kingdom, France",observed: artist's own Nigerian share of listeners this quarter | Chartmetric + Soundcharts (observed); see 02_Methodology
Q1_2024,Tekno,198704.6,15.9283,31650.3,84.0717,167054.3,250581450.0,"Côte D’Ivoire, United States, Kenya, South Africa, United Kingdom",observed: artist's own Nigerian share of listeners this quarter | Chartmetric + Soundcharts (observed); see 02_Methodology
Q1_2024,Adekunle Gold,188001.87,25.3164,47595.25,74.6836,140406.62,210609930.0,"Sierra Leone, United States, Belgium, Sweden, China",observed: artist's own Nigerian share of listeners this quarter | Chartmetric + Soundcharts (observed); see 02_Methodology
Q1_2024,Tiwa Savage,176827.52,23.5403,41625.71,76.4597,135201.81,202802715.0,"Côte D’Ivoire, United States, Guinea, Kenya, Gambia",observed: artist's own Nigerian share of listeners this quarter | Chartmetric + Soundcharts (observed); see 02_Methodology
Q1_2024,ODUMODUBLVCK,172303.67,61.6258,106183.48,38.3742,66120.19,99180285.0,"Ghana, United States, Australia, United Kingdom, Zambia",observed: artist's own Nigerian share of listeners this quarter | Chartmetric + Soundcharts (observed); see 02_Methodology
Q1_2024,Wande Coal,165820.07,26.6163,44135.12,73.3837,121684.95,182527425.0,"United States, United Kingdom, France, Canada, Kenya",observed: artist's own Nigerian share of listeners this quarter | Chartmetric + Soundcharts (observed); see 02_Methodology
Q1_2024,Young Jonn,162549.53,36.5527,59416.29,63.4473,103133.24,154699860.0,"Indonesia, United Kingdom, United States, Kenya, Ghana",observed: artist's own Nigerian share of listeners this quarter | Chartmetric + Soundcharts (observed); see 02_Methodology
Q1_2024,Spyro,160526.81,32.2876,51830.18,67.7124,108696.63,163044945.0,"United Kingdom, South Africa, Kenya, United States, Ghana",observed: artist's own Nigerian share of listeners this quarter | Chartmetric + Soundcharts (observed); see 02_Methodology
Q1_2024,Crayon,144598.04,30.2433,43731.27,69.7567,100866.77,151300155.0,"United States, United Kingdom, Kenya, Ghana, Netherlands",observed: artist's own Nigerian share of listeners this quarter | Chartmetric + Soundcharts (observed); see 02_Methodology
Q1_2024,Darkoo,141206.16,5.4393,7680.67,94.5607,133525.5,200288250.0,"United Kingdom, Australia, Netherlands, Germany, Canada",observed: artist's own Nigerian share of listeners this quarter | Chartmetric + Soundcharts (observed); see 02_Methodology
Q1_2024,Mohbad,140822.25,51.1378,72013.36,48.8622,68808.9,103213350.0,"South Africa, United States, United Kingdom, Kenya, Ghana",observed: artist's own Nigerian share of listeners this quarter | Chartmetric + Soundcharts (observed); see 02_Methodology
Q1_2024,Khaid,129918.31,55.186,71696.73,44.814,58221.58,87332370.0,"Ghana, Kenya, United Kingdom, United States, South Africa",observed: artist's own Nigerian share of listeners this quarter | Chartmetric + Soundcharts (observed); see 02_Methodology
Q1_2024,Bella Shmurda,119045.01,56.255,66968.78,43.745,52076.22,78114330.0,"United Arab Emirates, United Kingdom, Kenya, South Africa, Italy",observed: artist's own Nigerian share of listeners this quarter | Chartmetric + Soundcharts (observed); see 02_Methodology
Q1_2024,Maleek Berry,113406.34,10.5772,11995.2,89.4228,101411.14,152116710.0,"United States, United Kingdom, France, Australia, Canada",observed: artist's own Nigerian share of listeners this quarter | Chartmetric + Soundcharts (observed); see 02_Methodology
Q1_2024,Yemi Alade,112034.7,5.143,5761.89,94.857,106272.8,159409200.0,"Congo - Kinshasa, Gambia, United States, Côte D’Ivoire, France",observed: artist's own Nigerian share of listeners this quarter | Chartmetric + Soundcharts (observed); see 02_Methodology
Q1_2024,Zinoleesky,109666.35,40.2018,44087.87,59.7982,65578.48,98367720.0,"Netherlands, United States, Zambia, Uganda, Belgium",observed: artist's own Nigerian share of listeners this quarter | Chartmetric + Soundcharts (observed); see 02_Methodology
Q1_2024,Seyi Vibez,108699.51,55.9173,60781.79,44.0827,47917.72,71876580.0,"United States, United Kingdom, Canada, Kenya, South Africa",observed: artist's own Nigerian share of listeners this quarter | Chartmetric + Soundcharts (observed); see 02_Methodology
Q1_2024,Shallipopi,106395.0,65.339,69517.4,34.661,36877.6,55316400.0,"Netherlands, Malawi, Zambia, Uganda, Ireland",observed: artist's own Nigerian share of listeners this quarter | Chartmetric + Soundcharts (observed); see 02_Methodology
Q1_2024,Iyanya,103213.23,21.7812,22481.03,78.2188,80732.2,121098300.0,"Côte D’Ivoire, United States, Kenya, United Kingdom, France",observed: artist's own Nigerian share of listeners this quarter | Chartmetric + Soundcharts (observed); see 02_Methodology
Q1_2024,Timaya,100170.65,28.7207,28769.76,71.2793,71400.89,107101335.0,"United States, Kenya, United Kingdom, Italy, Germany",observed: artist's own Nigerian share of listeners this quarter | Chartmetric + Soundcharts (observed); see 02_Methodology
Q1_2024,Qing Madi,94377.61,44.8968,42372.48,55.1032,52005.13,78007695.0,"Kenya, United States, South Africa, United Kingdom, Ghana",observed: artist's own Nigerian share of listeners this quarter | Chartmetric + Soundcharts (observed); see 02_Methodology
Q1_2024,Korede Bello,92309.14,14.0599,12978.53,85.9401,79330.61,118995915.0,"Côte D’Ivoire, Guinea, Gambia, Congo - Kinshasa, Kenya",observed: artist's own Nigerian share of listeners this quarter | Chartmetric + Soundcharts (observed); see 02_Methodology
Q1_2024,Naira Marley,92124.98,30.3549,27964.49,69.6451,64160.49,96240735.0,"United States, United Kingdom, France, Italy, Ghana",observed: artist's own Nigerian share of listeners this quarter | Chartmetric + Soundcharts (observed); see 02_Methodology
Q1_2024,Blaqbonez,90692.92,52.6736,47771.2,47.3264,42921.72,64382580.0,"United Arab Emirates, Netherlands, Malawi, Indonesia, Kenya",observed: artist's own Nigerian share of listeners this quarter | Chartmetric + Soundcharts (observed); see 02_Methodology
Q1_2024,Mayorkun,89447.17,31.5441,28215.28,68.4559,61231.88,91847820.0,"United Kingdom, United States, United Arab Emirates, Netherlands, South Africa",observed: artist's own Nigerian share of listeners this quarter | Chartmetric + Soundcharts (observed); see 02_Methodology
Q1_2024,Phyno,86425.25,44.3468,38326.8,55.6532,48098.45,72147675.0,"United States, United Kingdom, Italy, South Africa, Germany",observed: artist's own Nigerian share of listeners this quarter | Chartmetric + Soundcharts (observed); see 02_Methodology
Q1_2024,Magixx,85709.81,33.2455,28494.68,66.7545,57215.13,85822695.0,"United States, United Kingdom, Kenya, South Africa, Ghana",observed: artist's own Nigerian share of listeners this quarter | Chartmetric + Soundcharts (observed); see 02_Methodology
Q1_2024,Bracket,80344.54,21.5987,17353.34,78.4013,62991.19,94486785.0,"Netherlands, France, United Kingdom, United States, Kenya",observed: artist's own Nigerian share of listeners this quarter | Chartmetric + Soundcharts (observed); see 02_Methodology
Q1_2024,Teni,79631.32,32.4254,25820.78,67.5746,53810.54,80715810.0,"Sierra Leone, Liberia, Netherlands, United Arab Emirates, Gambia",observed: artist's own Nigerian share of listeners this quarter | Chartmetric + Soundcharts (observed); see 02_Methodology
Q1_2024,Bayanni,79027.5,7.1593,5657.78,92.8407,73369.72,110054580.0,"Netherlands, Germany, United Kingdom, Kenya, United States",observed: artist's own Nigerian share of listeners this quarter | Chartmetric + Soundcharts (observed); see 02_Methodology
Q1_2024,Zlatan,77949.01,71.0588,55389.63,28.9412,22559.38,33839070.0,"Netherlands, United States, United Kingdom, Italy, Australia",observed: artist's own Nigerian share of listeners this quarter | Chartmetric + Soundcharts (observed); see 02_Methodology
Q1_2024,Reekado Banks,67919.68,38.3396,26040.11,61.6604,41879.57,62819355.0,"United States, Kenya, United Kingdom, Zambia, South Africa",observed: artist's own Nigerian share of listeners this quarter | Chartmetric + Soundcharts (observed); see 02_Methodology
Q1_2024,Skiibii,66140.79,33.0614,21867.1,66.9386,44273.7,66410550.0,"United Arab Emirates, Netherlands, United Kingdom, United States, Côte D’Ivoire",observed: artist's own Nigerian share of listeners this quarter | Chartmetric + Soundcharts (observed); see 02_Methodology
Q1_2024,Ric Hassani,65625.21,5.4508,3577.1,94.5492,62048.11,93072165.0,"Indonesia, United States, Spain, India, Sweden",observed: artist's own Nigerian share of listeners this quarter | Chartmetric + Soundcharts (observed); see 02_Methodology
Q1_2024,Simi,64864.96,38.402,24909.46,61.598,39955.5,59933250.0,"Côte D’Ivoire, United Arab Emirates, Sierra Leone, United Kingdom, South Africa",observed: artist's own Nigerian share of listeners this quarter | Chartmetric + Soundcharts (observed); see 02_Methodology
Q1_2024,Boj,54320.27,20.6368,11209.95,79.3632,43110.33,64665495.0,"United Kingdom, Spain, United States, Australia, Netherlands",observed: artist's own Nigerian share of listeners this quarter | Chartmetric + Soundcharts (observed); see 02_Methodology
Q1_2024,Boy Spyce,54145.67,52.8503,28616.15,47.1497,25529.52,38294280.0,"Ghana, Kenya, United Kingdom, United States, South Africa",observed: artist's own Nigerian share of listeners this quarter | Chartmetric + Soundcharts (observed); see 02_Methodology
Q1_2024,Ice Prince,52040.74,18.8228,9795.54,81.1772,42245.2,63367800.0,"United States, France, United Kingdom, South Africa, Germany",observed: artist's own Nigerian share of listeners this quarter | Chartmetric + Soundcharts (observed); see 02_Methodology
Q1_2024,Bloody Civilian,51959.12,62.1603,32297.94,37.8397,19661.18,29491770.0,"Netherlands, Australia, Uganda, Zambia, United States",observed: artist's own Nigerian share of listeners this quarter | Chartmetric + Soundcharts (observed); see 02_Methodology
Q1_2024,Olakira,46544.48,9.4677,4406.68,90.5323,42137.8,63206700.0,"Netherlands, United States, United Kingdom, Jamaica, Australia",observed: artist's own Nigerian share of listeners this quarter | Chartmetric + Soundcharts (observed); see 02_Methodology
Q1_2024,DJ Neptune,45337.88,35.9968,16320.2,64.0032,29017.69,43526535.0,"Netherlands, Australia, Malawi, Belgium, Sweden",observed: artist's own Nigerian share of listeners this quarter | Chartmetric + Soundcharts (observed); see 02_Methodology
Q1_2024,Tay Iwar,44399.41,17.5014,7770.52,82.4986,36628.89,54943335.0,"United States, United Kingdom, Kenya, Netherlands, South Africa",observed: artist's own Nigerian share of listeners this quarter | Chartmetric + Soundcharts (observed); see 02_Methodology
Q1_2024,Bad Boy Timz,42891.07,38.1595,16367.02,61.8405,26524.05,39786075.0,"United States, United Kingdom, Ghana, Netherlands, Kenya",observed: artist's own Nigerian share of listeners this quarter | Chartmetric + Soundcharts (observed); see 02_Methodology
Q1_2024,Rude Boy,37975.18,17.3406,6585.12,82.6594,31390.05,47085075.0,"Vietnam, India, Mexico, Indonesia, Peru",assumed: portfolio-wide ratio applied to an artist without own geography | Chartmetric + Soundcharts (observed); see 02_Methodology
Q1_2024,Nonso Amadi,36924.28,12.9694,4788.85,87.0306,32135.43,48203145.0,"United States, Canada, United Kingdom, Australia, Netherlands",observed: artist's own Nigerian share of listeners this quarter | Chartmetric + Soundcharts (observed); see 02_Methodology
Q1_2024,Cruel Santino,35990.57,43.3907,15616.58,56.6093,20373.99,30560985.0,"United States, United Kingdom, Canada, Netherlands, South Africa",observed: artist's own Nigerian share of listeners this quarter | Chartmetric + Soundcharts (observed); see 02_Methodology
Q1_2024,LADIPOE,35681.79,34.8346,12429.62,65.1654,23252.16,34878240.0,"United Kingdom, United States, South Africa, Kenya, Ghana",observed: artist's own Nigerian share of listeners this quarter | Chartmetric + Soundcharts (observed); see 02_Methodology
Q1_2024,Ycee,35304.28,20.6149,7277.93,79.3851,28026.35,42039525.0,"Tanzania, United States, Belgium, Sweden, United Kingdom",observed: artist's own Nigerian share of listeners this quarter | Chartmetric + Soundcharts (observed); see 02_Methodology
Q1_2024,Lil Kesh,34880.24,66.5305,23206.0,33.4695,11674.23,17511345.0,"United States, Netherlands, United Kingdom, Australia, Italy",observed: artist's own Nigerian share of listeners this quarter | Chartmetric + Soundcharts (observed); see 02_Methodology
Q1_2024,Falz,34495.96,53.0756,18308.95,46.9244,16187.01,24280515.0,"United Arab Emirates, United Kingdom, United States, Canada, South Africa",observed: artist's own Nigerian share of listeners this quarter | Chartmetric + Soundcharts (observed); see 02_Methodology
Q1_2024,2Baba,32856.85,49.5012,16264.55,50.4988,16592.3,24888450.0,"United States, United Kingdom, Kenya, Australia, South Africa",observed: artist's own Nigerian share of listeners this quarter | Chartmetric + Soundcharts (observed); see 02_Methodology
Q1_2024,Fela Kuti,32636.05,6.8105,2222.68,93.1895,30413.37,45620055.0,"United States, United Kingdom, France, Italy, South Africa",observed: artist's own Nigerian share of listeners this quarter | Chartmetric + Soundcharts (observed); see 02_Methodology
Q1_2024,DJ Spinall,30762.14,17.3406,5334.34,82.6594,25427.8,38141700.0,"United States, Netherlands, United Kingdom, Senegal, Portugal",assumed: portfolio-wide ratio applied to an artist without own geography | Chartmetric + Soundcharts (observed); see 02_Methodology
Q1_2024,Johnny Drille,30409.27,44.8736,13645.73,55.1264,16763.54,25145310.0,"Kenya, United Kingdom, Ghana, United States, South Africa",observed: artist's own Nigerian share of listeners this quarter | Chartmetric + Soundcharts (observed); see 02_Methodology
Q1_2024,Vector,30148.19,58.2569,17563.39,41.7431,12584.8,18877200.0,"United States, South Africa, Kenya, United Kingdom, Ghana",observed: artist's own Nigerian share of listeners this quarter | Chartmetric + Soundcharts (observed); see 02_Methodology
Q1_2024,D'banj,30082.71,27.5613,8291.2,72.4387,21791.51,32687265.0,"United Kingdom, United States, Romania, South Africa, Morocco",observed: artist's own Nigerian share of listeners this quarter | Chartmetric + Soundcharts (observed); see 02_Methodology
Q1_2024,Show Dem Camp,29661.34,28.52,8459.41,71.48,21201.93,31802895.0,"United States, United Kingdom, India, South Africa, Canada",observed: artist's own Nigerian share of listeners this quarter | Chartmetric + Soundcharts (observed); see 02_Methodology
Q1_2024,Aṣa,26634.23,30.1354,8026.33,69.8646,18607.9,27911850.0,"United States, Austria, United Kingdom, France, Türkiye",observed: artist's own Nigerian share of listeners this quarter | Chartmetric + Soundcharts (observed); see 02_Methodology
Q1_2024,WurlD,21527.39,35.3855,7617.57,64.6145,13909.82,20864730.0,"Netherlands, Spain, United States, Malawi, Sweden",observed: artist's own Nigerian share of listeners this quarter | Chartmetric + Soundcharts (observed); see 02_Methodology
Q1_2024,Ajebutter22,21292.72,29.5815,6298.71,70.4185,14994.01,22491015.0,"United Kingdom, United States, Canada, Netherlands, Germany",observed: artist's own Nigerian share of listeners this quarter | Chartmetric + Soundcharts (observed); see 02_Methodology
Q1_2024,Odunsi (The Engine),20571.37,15.0881,3103.83,84.9119,17467.55,26201325.0,"United States, United Kingdom, Australia, Canada, South Africa",observed: artist's own Nigerian share of listeners this quarter | Chartmetric + Soundcharts (observed); see 02_Methodology
Q1_2024,Niniola,20048.16,16.2113,3250.07,83.7887,16798.09,25197135.0,"Tanzania, United Arab Emirates, Netherlands, United States, United Kingdom",observed: artist's own Nigerian share of listeners this quarter | Chartmetric + Soundcharts (observed); see 02_Methodology
Q1_2024,Banky W.,18224.05,36.8293,6711.8,63.1707,11512.25,17268375.0,"United States, United Kingdom, Kenya, Australia, South Africa",observed: artist's own Nigerian share of listeners this quarter | Chartmetric + Soundcharts (observed); see 02_Methodology
Q1_2024,Mannywellz,17761.47,12.2669,2178.77,87.7331,15582.7,23374050.0,"United States, South Africa, United Kingdom, Australia, Canada",observed: artist's own Nigerian share of listeners this quarter | Chartmetric + Soundcharts (observed); see 02_Methodology
Q1_2024,Lyta,17151.72,74.5025,12778.46,25.4975,4373.26,6559890.0,"United States, United Kingdom, Netherlands, South Africa, Canada",observed: artist's own Nigerian share of listeners this quarter | Chartmetric + Soundcharts (observed); see 02_Methodology
Q1_2024,9ice,16945.92,66.4639,11262.91,33.5361,5683.01,8524515.0,"United States, United Kingdom, Zambia, Côte D’Ivoire, Italy",observed: artist's own Nigerian share of listeners this quarter | Chartmetric + Soundcharts (observed); see 02_Methodology
Q1_2024,Praiz,16685.01,7.9361,1324.13,92.0639,15360.88,23041320.0,"Netherlands, Tanzania, Sweden, Belgium, Spain",observed: artist's own Nigerian share of listeners this quarter | Chartmetric + Soundcharts (observed); see 02_Methodology
Q1_2024,Reminisce,16608.85,67.2301,11166.15,32.7699,5442.7,8164050.0,"Netherlands, Ireland, Zambia, Malawi, Belgium",observed: artist's own Nigerian share of listeners this quarter | Chartmetric + Soundcharts (observed); see 02_Methodology
Q1_2024,Peruzzi,16279.66,57.702,9393.69,42.298,6885.98,10328970.0,"United Arab Emirates, United States, United Kingdom, Canada, Ghana",observed: artist's own Nigerian share of listeners this quarter | Chartmetric + Soundcharts (observed); see 02_Methodology
Q1_2024,Duncan Mighty,15285.02,70.4186,10763.49,29.5814,4521.53,6782295.0,"United Kingdom, United States, Ghana, Canada, Netherlands",observed: artist's own Nigerian share of listeners this quarter | Chartmetric + Soundcharts (observed); see 02_Methodology
Q1_2024,HarrySong,14729.03,37.4374,5514.17,62.5626,9214.86,13822290.0,"United States, Kenya, United Kingdom, Italy, Chile",observed: artist's own Nigerian share of listeners this quarter | Chartmetric + Soundcharts (observed); see 02_Methodology
Q1_2024,Dice Ailes,14617.38,37.7858,5523.3,62.2142,9094.08,13641120.0,"Tanzania, United Kingdom, Benin, United States, France",observed: artist's own Nigerian share of listeners this quarter | Chartmetric + Soundcharts (observed); see 02_Methodology
Q1_2024,M.I. Abaga,13539.23,64.089,8677.16,35.911,4862.07,7293105.0,"United States, United Kingdom, South Africa, Ghana, Canada",observed: artist's own Nigerian share of listeners this quarter | Chartmetric + Soundcharts (observed); see 02_Methodology
Q1_2024,Brymo,10985.63,67.7778,7445.83,32.2222,3539.81,5309715.0,"United Kingdom, United States, Ghana, Canada, South Africa",observed: artist's own Nigerian share of listeners this quarter | Chartmetric + Soundcharts (observed); see 02_Methodology
Q1_2024,Sean Tizzle,10889.02,38.8046,4225.44,61.1954,6663.58,9995370.0,"United States, United Kingdom, Netherlands, Philippines, Germany",observed: artist's own Nigerian share of listeners this quarter | Chartmetric + Soundcharts (observed); see 02_Methodology
Q1_2024,Lady Donli,8942.78,14.332,1281.68,85.668,7661.1,11491650.0,"United States, United Kingdom, Germany, Australia, Canada",observed: artist's own Nigerian share of listeners this quarter | Chartmetric + Soundcharts (observed); see 02_Methodology
Q1_2024,Solidstar,7674.08,53.5739,4111.3,46.4261,3562.78,5344170.0,"United States, United Kingdom, Netherlands, Colombia, Canada",observed: artist's own Nigerian share of listeners this quarter | Chartmetric + Soundcharts (observed); see 02_Methodology
Q1_2024,Illbliss,7004.44,61.8062,4329.18,38.1938,2675.26,4012890.0,"United Kingdom, United States, Ghana, Canada, South Africa",observed: artist's own Nigerian share of listeners this quarter | Chartmetric + Soundcharts (observed); see 02_Methodology
Q1_2024,Terri,7004.36,33.1334,2320.78,66.8666,4683.58,7025370.0,"Netherlands, Tanzania, United Arab Emirates, Uganda, Italy",observed: artist's own Nigerian share of listeners this quarter | Chartmetric + Soundcharts (observed); see 02_Methodology
Q1_2024,Dremo,6917.7,78.3664,5421.16,21.6336,1496.55,2244825.0,"United States, United Kingdom, South Africa, Ghana, Canada",observed: artist's own Nigerian share of listeners this quarter | Chartmetric + Soundcharts (observed); see 02_Methodology
Q1_2024,Prettyboy D-O,6874.97,36.6338,2518.56,63.3662,4356.41,6534615.0,"United Kingdom, United States, South Africa, Canada, Netherlands",observed: artist's own Nigerian share of listeners this quarter | Chartmetric + Soundcharts (observed); see 02_Methodology
Q1_2024,Seyi Shay,6179.09,30.0537,1857.04,69.9463,4322.05,6483075.0,"Venezuela, Italy, Senegal, Türkiye, Portugal",observed: artist's own Nigerian share of listeners this quarter | Chartmetric + Soundcharts (observed); see 02_Methodology
Q1_2024,Mr Real,5321.0,38.2341,2034.44,61.7659,3286.56,4929840.0,"United Kingdom, United States, Canada, South Africa, Ghana",observed: artist's own Nigerian share of listeners this quarter | Chartmetric + Soundcharts (observed); see 02_Methodology
Q1_2024,Olu Maintain,4537.59,50.543,2293.44,49.457,2244.16,3366240.0,"United Kingdom, United States, Ghana, Canada, South Africa",observed: artist's own Nigerian share of listeners this quarter | Chartmetric + Soundcharts (observed); see 02_Methodology
Q1_2024,Darey,4336.94,64.7237,2807.03,35.2763,1529.91,2294865.0,"Italy, South Africa, United Kingdom, United States, Senegal",observed: artist's own Nigerian share of listeners this quarter | Chartmetric + Soundcharts (observed); see 02_Methodology
Q1_2024,King Sunny Ade,4215.15,48.3751,2039.08,51.6249,2176.07,3264105.0,"United Kingdom, United States, Canada, South Africa, Ireland",observed: artist's own Nigerian share of listeners this quarter | Chartmetric + Soundcharts (observed); see 02_Methodology
Q1_2024,Terry Apala,4165.72,83.796,3490.71,16.204,675.01,1012515.0,"United States, United Kingdom, Ghana, Canada, South Africa",observed: artist's own Nigerian share of listeners this quarter | Chartmetric + Soundcharts (observed); see 02_Methodology
Q1_2024,Yung6ix,4133.92,89.7491,3710.16,10.2509,423.76,635640.0,"Canada, India, Benin, Netherlands, France",observed: artist's own Nigerian share of listeners this quarter | Chartmetric + Soundcharts (observed); see 02_Methodology
Q1_2024,Naeto C,3982.8,65.4039,2604.91,34.5961,1377.89,2066835.0,"United Kingdom, United States, Canada, South Africa, Ghana",observed: artist's own Nigerian share of listeners this quarter | Chartmetric + Soundcharts (observed); see 02_Methodology
Q1_2024,CDQ,3294.98,55.5038,1828.84,44.4962,1466.14,2199210.0,"Cameroon, United States, Italy, United Kingdom, France",observed: artist's own Nigerian share of listeners this quarter | Chartmetric + Soundcharts (observed); see 02_Methodology
Q1_2024,Jesse Jagz,2733.35,62.153,1698.86,37.847,1034.49,1551735.0,"United Kingdom, United States, Canada, Ghana, South Africa",observed: artist's own Nigerian share of listeners this quarter | Chartmetric + Soundcharts (observed); see 02_Methodology
Q1_2024,Sound Sultan,2687.19,71.7597,1928.32,28.2403,758.87,1138305.0,"United Kingdom, United States, Canada, South Africa, Ghana",observed: artist's own Nigerian share of listeners this quarter | Chartmetric + Soundcharts (observed); see 02_Methodology
Q1_2024,Small Doctor,2560.26,63.735,1631.78,36.265,928.48,1392720.0,"United Kingdom, United States, Canada, South Africa, Ghana",observed: artist's own Nigerian share of listeners this quarter | Chartmetric + Soundcharts (observed); see 02_Methodology
Q1_2024,Eldee,2314.77,69.4591,1607.82,30.5409,706.95,1060425.0,"South Africa, Kenya, Ireland, Finland, Netherlands",observed: artist's own Nigerian share of listeners this quarter | Chartmetric + Soundcharts (observed); see 02_Methodology
Q1_2024,Dammy Krane,1549.4,61.2432,948.9,38.7568,600.5,900750.0,"South Africa, Canada, Ghana, Ireland, Netherlands",observed: artist's own Nigerian share of listeners this quarter | Chartmetric + Soundcharts (observed); see 02_Methodology
Q1_2024,Waje,1494.25,40.8886,610.98,59.1114,883.27,1324905.0,"South Africa, Canada, Netherlands, Ghana, France",observed: artist's own Nigerian share of listeners this quarter | Chartmetric + Soundcharts (observed); see 02_Methodology
Q1_2024,Sauce Kid,427.6,62.8258,268.64,37.1742,158.96,238440.0,"United Kingdom, United States, Canada, South Africa, Ghana",observed: artist's own Nigerian share of listeners this quarter | Chartmetric + Soundcharts (observed); see 02_Methodology
Q1_2024,Lagbaja,257.59,17.3406,44.67,82.6594,212.92,319380.0,,assumed: portfolio-wide ratio applied to an artist without own geography | Chartmetric + Soundcharts (observed); see 02_Methodology
Q1_2024,Ebenezer Obey,118.66,17.3406,20.58,82.6594,98.08,147120.0,,assumed: portfolio-wide ratio applied to an artist without own geography | Chartmetric + Soundcharts (observed); see 02_Methodology
Q1_2024,Oritsefemi,28.75,17.3406,4.98,82.6594,23.76,35640.0,"United States, United Kingdom, Türkiye, Philippines, Germany",assumed: portfolio-wide ratio applied to an artist without own geography | Chartmetric + Soundcharts (observed); see 02_Methodology
Q1_2024,Odunsi,0.31,17.3406,0.05,82.6594,0.26,390.0,,assumed: portfolio-wide ratio applied to an artist without own geography | Chartmetric + Soundcharts (observed); see 02_Methodology
Q1_2024,=== PERIOD TOTAL ===,20850286.9,,3507903.02,,17342383.92,26013575880.0,,Aggregated
Q2_2024,Ayra Starr,2173260.91,4.2862,93149.35,95.7138,2080111.56,3120167340.0,"Netherlands, United States, Guatemala, Costa Rica, Peru",observed: artist's own Nigerian share of listeners this quarter | Chartmetric + Soundcharts (observed); see 02_Methodology
Q2_2024,Rema,1733702.64,3.8672,67045.14,96.1328,1666657.5,2499986250.0,"Netherlands, Australia, United States, Chile, Belgium",observed: artist's own Nigerian share of listeners this quarter | Chartmetric + Soundcharts (observed); see 02_Methodology
Q2_2024,Burna Boy,1457068.82,9.3292,135933.46,90.6708,1321135.36,1981703040.0,"United States, United Kingdom, Côte D’Ivoire, France, Belgium",observed: artist's own Nigerian share of listeners this quarter | Chartmetric + Soundcharts (observed); see 02_Methodology
Q2_2024,Tems,1306318.97,4.5592,59558.28,95.4408,1246760.69,1870141035.0,"United States, Tanzania, Ireland, New Zealand, Indonesia",observed: artist's own Nigerian share of listeners this quarter | Chartmetric + Soundcharts (observed); see 02_Methodology
Q2_2024,Omah Lay,819107.13,12.6901,103945.25,87.3099,715161.88,1072742820.0,"Australia, United States, Belgium, Austria, Switzerland",observed: artist's own Nigerian share of listeners this quarter | Chartmetric + Soundcharts (observed); see 02_Methodology
Q2_2024,Wizkid,770952.69,10.9417,84355.34,89.0583,686597.35,1029896025.0,"United States, Cameroon, Tanzania, Uganda, United Kingdom",observed: artist's own Nigerian share of listeners this quarter | Chartmetric + Soundcharts (observed); see 02_Methodology
Q2_2024,Davido,741387.14,16.3473,121196.84,83.6527,620190.29,930285435.0,"United States, Côte D’Ivoire, Cameroon, Netherlands, Kenya",observed: artist's own Nigerian share of listeners this quarter | Chartmetric + Soundcharts (observed); see 02_Methodology
Q2_2024,CKay,670434.31,5.7499,38549.34,94.2501,631884.97,947827455.0,"Netherlands, Bangladesh, Australia, Kenya, Tanzania",observed: artist's own Nigerian share of listeners this quarter | Chartmetric + Soundcharts (observed); see 02_Methodology
Q2_2024,Fireboy DML,649394.88,15.6989,101947.87,84.3011,547447.01,821170515.0,"United States, Uganda, Tanzania, Belgium, United Arab Emirates",observed: artist's own Nigerian share of listeners this quarter | Chartmetric + Soundcharts (observed); see 02_Methodology
Q2_2024,Asake,645594.06,25.0736,161873.62,74.9264,483720.44,725580660.0,"Netherlands, Brazil, United States, United Kingdom, Australia",observed: artist's own Nigerian share of listeners this quarter | Chartmetric + Soundcharts (observed); see 02_Methodology
Q2_2024,Libianca,635547.35,2.9505,18751.75,97.0495,616795.6,925193400.0,"Netherlands, United States, India, Belgium, Indonesia",observed: artist's own Nigerian share of listeners this quarter | Chartmetric + Soundcharts (observed); see 02_Methodology
Q2_2024,Victony,554477.95,20.7803,115222.44,79.2197,439255.5,658883250.0,"Netherlands, United States, Australia, Kenya, Belgium",observed: artist's own Nigerian share of listeners this quarter | Chartmetric + Soundcharts (observed); see 02_Methodology
Q2_2024,Kizz Daniel,550672.74,30.0009,165206.76,69.9991,385465.98,578198970.0,"Netherlands, Côte D’Ivoire, United Arab Emirates, United States, Uganda",observed: artist's own Nigerian share of listeners this quarter | Chartmetric + Soundcharts (observed); see 02_Methodology
Q2_2024,BNXN,491681.7,34.4668,169466.78,65.5332,322214.92,483322380.0,"Netherlands, Australia, United States, Zambia, Sweden",observed: artist's own Nigerian share of listeners this quarter | Chartmetric + Soundcharts (observed); see 02_Methodology
Q2_2024,Ruger,443506.07,31.9114,141529.18,68.0886,301976.89,452965335.0,"Netherlands, Kenya, United States, India, United Kingdom",observed: artist's own Nigerian share of listeners this quarter | Chartmetric + Soundcharts (observed); see 02_Methodology
Q2_2024,Amaarae,424267.45,4.0266,17083.55,95.9734,407183.9,610775850.0,"United States, Netherlands, India, Poland, Mexico",observed: artist's own Nigerian share of listeners this quarter | Chartmetric + Soundcharts (observed); see 02_Methodology
Q2_2024,Tempoe,357713.3,21.2921,76164.78,78.7079,281548.53,422322795.0,,assumed: portfolio-wide ratio applied to an artist without own geography | Chartmetric + Soundcharts (observed); see 02_Methodology
Q2_2024,Oxlade,324062.87,8.9933,29143.99,91.0067,294918.89,442378335.0,"Australia, United States, Belgium, Sweden, France",observed: artist's own Nigerian share of listeners this quarter | Chartmetric + Soundcharts (observed); see 02_Methodology
Q2_2024,Joeboy,322807.16,26.0313,84031.01,73.9687,238776.14,358164210.0,"Netherlands, Chile, United Arab Emirates, United States, Colombia",observed: artist's own Nigerian share of listeners this quarter | Chartmetric + Soundcharts (observed); see 02_Methodology
Q2_2024,Lojay,321361.09,11.9099,38273.79,88.0901,283087.29,424630935.0,"United States, United Kingdom, Netherlands, South Africa, Australia",observed: artist's own Nigerian share of listeners this quarter | Chartmetric + Soundcharts (observed); see 02_Methodology
Q2_2024,P-Square,308028.04,21.8769,67386.87,78.1231,240641.17,360961755.0,"Netherlands, United States, France, South Africa, Kenya",observed: artist's own Nigerian share of listeners this quarter | Chartmetric + Soundcharts (observed); see 02_Methodology
Q2_2024,Olamide,270483.61,26.1222,70656.15,73.8778,199827.45,299741175.0,"Netherlands, India, United States, United Kingdom, Australia",observed: artist's own Nigerian share of listeners this quarter | Chartmetric + Soundcharts (observed); see 02_Methodology
Q2_2024,Chike,257044.91,42.4222,109044.09,57.5778,148000.82,222001230.0,"South Africa, Kenya, United Kingdom, Ghana, United States",observed: artist's own Nigerian share of listeners this quarter | Chartmetric + Soundcharts (observed); see 02_Methodology
Q2_2024,Tekno,250241.17,23.0237,57614.76,76.9763,192626.41,288939615.0,"Côte D’Ivoire, Netherlands, United States, Tunisia, Morocco",observed: artist's own Nigerian share of listeners this quarter | Chartmetric + Soundcharts (observed); see 02_Methodology
Q2_2024,Adekunle Gold,248810.68,32.6594,81260.0,67.3406,167550.68,251326020.0,"Sierra Leone, United States, China, Liberia, Sweden",observed: artist's own Nigerian share of listeners this quarter | Chartmetric + Soundcharts (observed); see 02_Methodology
Q2_2024,Sarz,248007.98,18.1722,45068.54,81.8278,202939.44,304409160.0,"United Kingdom, United States, Netherlands, Germany, South Africa",observed: artist's own Nigerian share of listeners this quarter | Chartmetric + Soundcharts (observed); see 02_Methodology
Q2_2024,Darkoo,224950.7,8.944,20119.55,91.056,204831.15,307246725.0,"United Kingdom, Australia, Netherlands, Kenya, Canada",observed: artist's own Nigerian share of listeners this quarter | Chartmetric + Soundcharts (observed); see 02_Methodology
Q2_2024,Mr Eazi,222310.13,5.7134,12701.38,94.2866,209608.75,314413125.0,"Côte D’Ivoire, Colombia, United Arab Emirates, Mexico, Chile",observed: artist's own Nigerian share of listeners this quarter | Chartmetric + Soundcharts (observed); see 02_Methodology
Q2_2024,Tiwa Savage,210045.26,30.4115,63877.97,69.5885,146167.29,219250935.0,"Côte D’Ivoire, Sierra Leone, Netherlands, United States, Guinea",observed: artist's own Nigerian share of listeners this quarter | Chartmetric + Soundcharts (observed); see 02_Methodology
Q2_2024,Flavour,204195.57,47.83,97666.69,52.17,106528.88,159793320.0,"Cameroon, Senegal, United Arab Emirates, Liberia, Brazil",observed: artist's own Nigerian share of listeners this quarter | Chartmetric + Soundcharts (observed); see 02_Methodology
Q2_2024,Patoranking,191263.84,29.1352,55725.02,70.8648,135538.82,203308230.0,"United Arab Emirates, Netherlands, Kenya, Zimbabwe, United States",observed: artist's own Nigerian share of listeners this quarter | Chartmetric + Soundcharts (observed); see 02_Methodology
Q2_2024,Pheelz,181705.55,20.6689,37556.59,79.3311,144148.96,216223440.0,"United States, Belgium, Uganda, Sweden, Ireland",observed: artist's own Nigerian share of listeners this quarter | Chartmetric + Soundcharts (observed); see 02_Methodology
Q2_2024,Young Jonn,180511.14,49.2771,88950.69,50.7229,91560.45,137340675.0,"Indonesia, United Kingdom, United States, Ghana, Kenya",observed: artist's own Nigerian share of listeners this quarter | Chartmetric + Soundcharts (observed); see 02_Methodology
Q2_2024,Crayon,179212.18,31.3463,56176.48,68.6537,123035.71,184553565.0,"United Kingdom, United States, Kenya, Netherlands, Ghana",observed: artist's own Nigerian share of listeners this quarter | Chartmetric + Soundcharts (observed); see 02_Methodology
Q2_2024,Wande Coal,173374.28,29.3789,50935.4,70.6211,122438.88,183658320.0,"Belgium, Sweden, Angola, Ireland, Switzerland",observed: artist's own Nigerian share of listeners this quarter | Chartmetric + Soundcharts (observed); see 02_Methodology
Q2_2024,Seyi Vibez,172031.86,53.5029,92042.07,46.4971,79989.79,119984685.0,"United States, United Kingdom, Netherlands, Kenya, South Africa",observed: artist's own Nigerian share of listeners this quarter | Chartmetric + Soundcharts (observed); see 02_Methodology
Q2_2024,ODUMODUBLVCK,169068.3,71.1542,120299.11,28.8458,48769.19,73153785.0,"Australia, United States, Zambia, Uganda, Ghana",observed: artist's own Nigerian share of listeners this quarter | Chartmetric + Soundcharts (observed); see 02_Methodology
Q2_2024,Shallipopi,165326.53,74.5873,123312.53,25.4127,42014.0,63021000.0,"Brazil, Malaysia, Netherlands, Ecuador, Bangladesh",observed: artist's own Nigerian share of listeners this quarter | Chartmetric + Soundcharts (observed); see 02_Methodology
Q2_2024,Spyro,154833.7,43.1277,66776.19,56.8723,88057.51,132086265.0,"Ghana, United Kingdom, Tanzania, France, Canada",observed: artist's own Nigerian share of listeners this quarter | Chartmetric + Soundcharts (observed); see 02_Methodology
Q2_2024,Qing Madi,137217.53,45.5048,62440.6,54.4952,74776.93,112165395.0,"Kenya, Canada, United States, South Africa, United Kingdom",observed: artist's own Nigerian share of listeners this quarter | Chartmetric + Soundcharts (observed); see 02_Methodology
Q2_2024,Bella Shmurda,136710.32,64.5237,88210.57,35.4763,48499.76,72749640.0,"United Kingdom, United Arab Emirates, Kenya, Ghana, Italy",observed: artist's own Nigerian share of listeners this quarter | Chartmetric + Soundcharts (observed); see 02_Methodology
Q2_2024,Yemi Alade,135305.52,6.0718,8215.55,93.9282,127089.97,190634955.0,"Côte D’Ivoire, Congo - Kinshasa, Guinea, Tanzania, Mali",observed: artist's own Nigerian share of listeners this quarter | Chartmetric + Soundcharts (observed); see 02_Methodology
Q2_2024,Timaya,121151.76,36.8765,44676.57,63.1235,76475.2,114712800.0,"Netherlands, United States, Australia, Kenya, Malawi",observed: artist's own Nigerian share of listeners this quarter | Chartmetric + Soundcharts (observed); see 02_Methodology
Q2_2024,Bayanni,115865.57,9.1392,10589.24,90.8608,105276.33,157914495.0,"Netherlands, Germany, United Kingdom, France, Canada",observed: artist's own Nigerian share of listeners this quarter | Chartmetric + Soundcharts (observed); see 02_Methodology
Q2_2024,Phyno,114537.68,58.9639,67535.85,41.0361,47001.83,70502745.0,"Netherlands, United States, United Kingdom, Australia, Uganda",observed: artist's own Nigerian share of listeners this quarter | Chartmetric + Soundcharts (observed); see 02_Methodology
Q2_2024,Mohbad,114222.77,53.1101,60663.83,46.8899,53558.94,80338410.0,"South Africa, United Kingdom, United States, Ghana, Kenya",observed: artist's own Nigerian share of listeners this quarter | Chartmetric + Soundcharts (observed); see 02_Methodology
Q2_2024,Khaid,113937.06,62.631,71359.88,37.369,42577.18,63865770.0,"Ghana, Kenya, United Kingdom, South Africa, United States",observed: artist's own Nigerian share of listeners this quarter | Chartmetric + Soundcharts (observed); see 02_Methodology
Q2_2024,Zinoleesky,111474.68,44.0547,49109.83,55.9453,62364.85,93547275.0,"Netherlands, Australia, United States, Zambia, Uganda",observed: artist's own Nigerian share of listeners this quarter | Chartmetric + Soundcharts (observed); see 02_Methodology
Q2_2024,Magixx,101147.31,44.3259,44834.48,55.6741,56312.83,84469245.0,"United Kingdom, Kenya, United States, South Africa, Ghana",observed: artist's own Nigerian share of listeners this quarter | Chartmetric + Soundcharts (observed); see 02_Methodology
Q2_2024,Naira Marley,100437.46,40.235,40411.04,59.765,60026.42,90039630.0,"Netherlands, Tanzania, Australia, Uganda, Senegal",observed: artist's own Nigerian share of listeners this quarter | Chartmetric + Soundcharts (observed); see 02_Methodology
Q2_2024,Mayorkun,93100.32,33.9154,31575.31,66.0846,61525.02,92287530.0,"United Arab Emirates, Benin, Netherlands, Australia, Malawi",observed: artist's own Nigerian share of listeners this quarter | Chartmetric + Soundcharts (observed); see 02_Methodology
Q2_2024,Iyanya,91326.05,27.6896,25287.86,72.3104,66038.19,99057285.0,"Netherlands, Côte D’Ivoire, United States, Kenya, Tanzania",observed: artist's own Nigerian share of listeners this quarter | Chartmetric + Soundcharts (observed); see 02_Methodology
Q2_2024,Johnny Drille,88582.83,41.9539,37163.95,58.0461,51418.88,77128320.0,"Sierra Leone, Kenya, United Kingdom, Cameroon, Togo",observed: artist's own Nigerian share of listeners this quarter | Chartmetric + Soundcharts (observed); see 02_Methodology
Q2_2024,Simi,87446.5,44.4063,38831.73,55.5937,48614.77,72922155.0,"Cameroon, United Arab Emirates, Sierra Leone, United Kingdom, Liberia",observed: artist's own Nigerian share of listeners this quarter | Chartmetric + Soundcharts (observed); see 02_Methodology
Q2_2024,Zlatan,87419.19,79.4075,69417.36,20.5925,18001.83,27002745.0,"United States, Netherlands, Kenya, United Kingdom, Australia",observed: artist's own Nigerian share of listeners this quarter | Chartmetric + Soundcharts (observed); see 02_Methodology
Q2_2024,Bracket,85946.05,23.8966,20538.15,76.1034,65407.9,98111850.0,"Netherlands, France, United Kingdom, Kenya, United States",observed: artist's own Nigerian share of listeners this quarter | Chartmetric + Soundcharts (observed); see 02_Methodology
Q2_2024,Maleek Berry,84351.78,11.8633,10006.9,88.1367,74344.87,111517305.0,"United States, United Arab Emirates, Sweden, Zimbabwe, Jamaica",observed: artist's own Nigerian share of listeners this quarter | Chartmetric + Soundcharts (observed); see 02_Methodology
Q2_2024,Blaqbonez,80379.58,64.6669,51978.97,35.3331,28400.61,42600915.0,"Netherlands, Belgium, Sweden, Kenya, Tanzania",observed: artist's own Nigerian share of listeners this quarter | Chartmetric + Soundcharts (observed); see 02_Methodology
Q2_2024,Reekado Banks,77470.1,37.5102,29059.2,62.4898,48410.9,72616350.0,"Côte D’Ivoire, Netherlands, United States, Senegal, Kenya",observed: artist's own Nigerian share of listeners this quarter | Chartmetric + Soundcharts (observed); see 02_Methodology
Q2_2024,Korede Bello,75065.45,11.4643,8605.7,88.5357,66459.75,99689625.0,"Côte D’Ivoire, Tanzania, Sierra Leone, Netherlands, Guinea",observed: artist's own Nigerian share of listeners this quarter | Chartmetric + Soundcharts (observed); see 02_Methodology
Q2_2024,Teni,68987.85,33.9968,23453.67,66.0032,45534.18,68301270.0,"Uganda, Italy, Netherlands, Kenya, Zimbabwe",observed: artist's own Nigerian share of listeners this quarter | Chartmetric + Soundcharts (observed); see 02_Methodology
Q2_2024,Bloody Civilian,65834.54,78.3749,51597.72,21.6251,14236.81,21355215.0,"Netherlands, Uganda, Ireland, Zambia, United States",observed: artist's own Nigerian share of listeners this quarter | Chartmetric + Soundcharts (observed); see 02_Methodology
Q2_2024,Skiibii,63059.62,33.6562,21223.45,66.3438,41836.17,62754255.0,"Netherlands, United States, France, Kenya, Ghana",observed: artist's own Nigerian share of listeners this quarter | Chartmetric + Soundcharts (observed); see 02_Methodology
Q2_2024,Boj,59055.55,26.0536,15386.13,73.9464,43669.43,65504145.0,"United Kingdom, Spain, Australia, United States, Netherlands",observed: artist's own Nigerian share of listeners this quarter | Chartmetric + Soundcharts (observed); see 02_Methodology
Q2_2024,Olakira,56549.31,14.2932,8082.7,85.7068,48466.61,72699915.0,"United States, Kenya, France, South Africa, Tanzania",observed: artist's own Nigerian share of listeners this quarter | Chartmetric + Soundcharts (observed); see 02_Methodology
Q2_2024,Ric Hassani,55800.83,4.5101,2516.66,95.4899,53284.17,79926255.0,"Indonesia, Ghana, Canada, Sweden, United States",observed: artist's own Nigerian share of listeners this quarter | Chartmetric + Soundcharts (observed); see 02_Methodology
Q2_2024,Boy Spyce,54463.1,56.6103,30831.74,43.3897,23631.36,35447040.0,"Ghana, United States, Kenya, United Kingdom, South Africa",observed: artist's own Nigerian share of listeners this quarter | Chartmetric + Soundcharts (observed); see 02_Methodology
Q2_2024,Ice Prince,50836.51,28.4407,14458.24,71.5593,36378.27,54567405.0,"Australia, Sweden, India, Tanzania, Indonesia",observed: artist's own Nigerian share of listeners this quarter | Chartmetric + Soundcharts (observed); see 02_Methodology
Q2_2024,Bad Boy Timz,48404.65,45.5216,22034.56,54.4784,26370.09,39555135.0,"Netherlands, Australia, Zambia, Ireland, Belgium",observed: artist's own Nigerian share of listeners this quarter | Chartmetric + Soundcharts (observed); see 02_Methodology
Q2_2024,Tay Iwar,46011.86,22.4365,10323.47,77.5635,35688.4,53532600.0,"United States, United Kingdom, Netherlands, Kenya, Canada",observed: artist's own Nigerian share of listeners this quarter | Chartmetric + Soundcharts (observed); see 02_Methodology
Q2_2024,LADIPOE,45669.23,39.7782,18166.4,60.2218,27502.84,41254260.0,"United Kingdom, United States, South Africa, Kenya, Ghana",observed: artist's own Nigerian share of listeners this quarter | Chartmetric + Soundcharts (observed); see 02_Methodology
Q2_2024,Nonso Amadi,45044.98,13.1555,5925.89,86.8445,39119.09,58678635.0,"Canada, United States, United Kingdom, Australia, South Africa",observed: artist's own Nigerian share of listeners this quarter | Chartmetric + Soundcharts (observed); see 02_Methodology
Q2_2024,D'banj,44111.96,38.7905,17111.24,61.2095,27000.72,40501080.0,"Malaysia, Brazil, Bangladesh, Ecuador, Netherlands",observed: artist's own Nigerian share of listeners this quarter | Chartmetric + Soundcharts (observed); see 02_Methodology
Q2_2024,DJ Neptune,43804.23,42.632,18674.61,57.368,25129.62,37694430.0,"Netherlands, Brazil, Australia, Malawi, Kenya",observed: artist's own Nigerian share of listeners this quarter | Chartmetric + Soundcharts (observed); see 02_Methodology
Q2_2024,Falz,40523.84,61.937,25099.26,38.063,15424.58,23136870.0,"India, Netherlands, United States, Australia, United Kingdom",observed: artist's own Nigerian share of listeners this quarter | Chartmetric + Soundcharts (observed); see 02_Methodology
Q2_2024,2Baba,39362.36,56.4818,22232.58,43.5182,17129.78,25694670.0,"United States, Netherlands, United Kingdom, Malawi, Kenya",observed: artist's own Nigerian share of listeners this quarter | Chartmetric + Soundcharts (observed); see 02_Methodology
Q2_2024,Lil Kesh,37544.53,73.9185,27752.37,26.0815,9792.16,14688240.0,"United States, United Kingdom, Netherlands, Italy, Australia",observed: artist's own Nigerian share of listeners this quarter | Chartmetric + Soundcharts (observed); see 02_Methodology
Q2_2024,Niniola,33018.75,13.6955,4522.09,86.3045,28496.66,42744990.0,"Netherlands, South Africa, Belgium, Iraq, Australia",observed: artist's own Nigerian share of listeners this quarter | Chartmetric + Soundcharts (observed); see 02_Methodology
Q2_2024,Fela Kuti,32294.25,7.9051,2552.88,92.0949,29741.37,44612055.0,"Australia, Tanzania, Belgium, Chile, United States",observed: artist's own Nigerian share of listeners this quarter | Chartmetric + Soundcharts (observed); see 02_Methodology
Q2_2024,Cruel Santino,32258.14,61.3924,19804.05,38.6076,12454.09,18681135.0,"Australia, United States, Zambia, Switzerland, United Kingdom",observed: artist's own Nigerian share of listeners this quarter | Chartmetric + Soundcharts (observed); see 02_Methodology
Q2_2024,DJ Spinall,30767.75,33.3333,10255.92,66.6667,20511.84,30767760.0,"United States, Spain, United Kingdom, Senegal, Romania",observed: artist's own Nigerian share of listeners this quarter | Chartmetric + Soundcharts (observed); see 02_Methodology
Q2_2024,Ycee,30449.75,32.7441,9970.5,67.2559,20479.26,30718890.0,"Tanzania, United States, United Kingdom, Sweden, Belgium",observed: artist's own Nigerian share of listeners this quarter | Chartmetric + Soundcharts (observed); see 02_Methodology
Q2_2024,Show Dem Camp,28550.53,32.1279,9172.67,67.8721,19377.86,29066790.0,"United States, United Kingdom, South Africa, Canada, Netherlands",observed: artist's own Nigerian share of listeners this quarter | Chartmetric + Soundcharts (observed); see 02_Methodology
Q2_2024,Vector,27249.14,68.6309,18701.32,31.3691,8547.82,12821730.0,"United States, Ghana, South Africa, Kenya, United Kingdom",observed: artist's own Nigerian share of listeners this quarter | Chartmetric + Soundcharts (observed); see 02_Methodology
Q2_2024,Aṣa,25645.28,33.2341,8522.97,66.7659,17122.32,25683480.0,"United Arab Emirates, Netherlands, Spain, Belgium, Uganda",observed: artist's own Nigerian share of listeners this quarter | Chartmetric + Soundcharts (observed); see 02_Methodology
Q2_2024,Peruzzi,21427.93,58.5293,12541.61,41.4707,8886.32,13329480.0,"Netherlands, United States, Kenya, Australia, Ghana",observed: artist's own Nigerian share of listeners this quarter | Chartmetric + Soundcharts (observed); see 02_Methodology
Q2_2024,Odunsi (The Engine),21000.15,18.3609,3855.81,81.6391,17144.34,25716510.0,"Belgium, Ireland, Sweden, Norway, United States",observed: artist's own Nigerian share of listeners this quarter | Chartmetric + Soundcharts (observed); see 02_Methodology
Q2_2024,9ice,20539.78,69.9553,14368.67,30.0447,6171.11,9256665.0,"United States, United Kingdom, Zambia, Canada, Italy",observed: artist's own Nigerian share of listeners this quarter | Chartmetric + Soundcharts (observed); see 02_Methodology
Q2_2024,WurlD,19500.5,34.985,6822.25,65.015,12678.25,19017375.0,"Netherlands, Ghana, United States, Kenya, Sweden",observed: artist's own Nigerian share of listeners this quarter | Chartmetric + Soundcharts (observed); see 02_Methodology
Q2_2024,Ajebutter22,19164.98,33.7534,6468.83,66.2466,12696.15,19044225.0,"United States, United Kingdom, Netherlands, Canada, Kenya",observed: artist's own Nigerian share of listeners this quarter | Chartmetric + Soundcharts (observed); see 02_Methodology
Q2_2024,Banky W.,17310.44,42.706,7392.59,57.294,9917.85,14876775.0,"Tanzania, United Arab Emirates, Zimbabwe, Netherlands, Malawi",observed: artist's own Nigerian share of listeners this quarter | Chartmetric + Soundcharts (observed); see 02_Methodology
Q2_2024,Reminisce,16548.17,70.7853,11713.67,29.2147,4834.5,7251750.0,"Netherlands, Australia, Ireland, Zambia, Uganda",observed: artist's own Nigerian share of listeners this quarter | Chartmetric + Soundcharts (observed); see 02_Methodology
Q2_2024,Duncan Mighty,15298.68,77.3541,11834.16,22.6459,3464.52,5196780.0,"United States, Italy, United Kingdom, Kenya, Sweden",observed: artist's own Nigerian share of listeners this quarter | Chartmetric + Soundcharts (observed); see 02_Methodology
Q2_2024,Mannywellz,15008.35,16.4285,2465.64,83.5715,12542.7,18814050.0,"United States, United Kingdom, South Africa, Canada, Australia",observed: artist's own Nigerian share of listeners this quarter | Chartmetric + Soundcharts (observed); see 02_Methodology
Q2_2024,Rude Boy,14450.61,0.3295,47.62,99.6705,14402.99,21604485.0,"Singapore, Thailand, Chile, Costa Rica, Guatemala",observed: artist's own Nigerian share of listeners this quarter | Chartmetric + Soundcharts (observed); see 02_Methodology
Q2_2024,Praiz,14249.81,9.5132,1355.62,90.4868,12894.2,19341300.0,"Tanzania, Sweden, United Arab Emirates, Switzerland, Portugal",observed: artist's own Nigerian share of listeners this quarter | Chartmetric + Soundcharts (observed); see 02_Methodology
Q2_2024,Brymo,14015.32,71.2032,9979.36,28.7968,4035.96,6053940.0,"United Kingdom, United States, United Arab Emirates, Ghana, Canada",observed: artist's own Nigerian share of listeners this quarter | Chartmetric + Soundcharts (observed); see 02_Methodology
Q2_2024,M.I. Abaga,13982.37,68.7519,9613.15,31.2481,4369.22,6553830.0,"United States, United Kingdom, Canada, South Africa, Ghana",observed: artist's own Nigerian share of listeners this quarter | Chartmetric + Soundcharts (observed); see 02_Methodology
Q2_2024,Terri,12512.53,37.0562,4636.67,62.9438,7875.86,11813790.0,"Netherlands, Tanzania, Benin, United Arab Emirates, United States",observed: artist's own Nigerian share of listeners this quarter | Chartmetric + Soundcharts (observed); see 02_Methodology
Q2_2024,Sean Tizzle,11815.01,57.337,6774.38,42.663,5040.63,7560945.0,"United States, United Kingdom, Canada, Netherlands, Philippines",observed: artist's own Nigerian share of listeners this quarter | Chartmetric + Soundcharts (observed); see 02_Methodology
Q2_2024,Terry Apala,11318.26,89.4776,10127.31,10.5224,1190.95,1786425.0,"United States, United Kingdom, Ghana, Canada, South Africa",observed: artist's own Nigerian share of listeners this quarter | Chartmetric + Soundcharts (observed); see 02_Methodology
Q2_2024,Lady Donli,9804.7,10.284,1008.32,89.716,8796.39,13194585.0,"United States, United Kingdom, Germany, Australia, Canada",observed: artist's own Nigerian share of listeners this quarter | Chartmetric + Soundcharts (observed); see 02_Methodology
Q2_2024,Lyta,8326.37,85.0675,7083.04,14.9325,1243.33,1864995.0,"United States, United Kingdom, Canada, Ghana, South Africa",observed: artist's own Nigerian share of listeners this quarter | Chartmetric + Soundcharts (observed); see 02_Methodology
Q2_2024,Dice Ailes,8109.82,66.3407,5380.11,33.6593,2729.71,4094565.0,"United States, United Kingdom, Canada, Italy, Ghana",observed: artist's own Nigerian share of listeners this quarter | Chartmetric + Soundcharts (observed); see 02_Methodology
Q2_2024,HarrySong,7940.0,39.2862,3119.32,60.7138,4820.68,7231020.0,"United States, Kenya, United Kingdom, Belgium, Sweden",observed: artist's own Nigerian share of listeners this quarter | Chartmetric + Soundcharts (observed); see 02_Methodology
Q2_2024,Solidstar,7776.49,54.9828,4275.73,45.0172,3500.76,5251140.0,"United States, United Kingdom, Colombia, Netherlands, Canada",observed: artist's own Nigerian share of listeners this quarter | Chartmetric + Soundcharts (observed); see 02_Methodology
Q2_2024,Dremo,7465.57,86.6509,6468.98,13.3491,996.59,1494885.0,"United States, United Kingdom, Canada, Ghana, South Africa",observed: artist's own Nigerian share of listeners this quarter | Chartmetric + Soundcharts (observed); see 02_Methodology
Q2_2024,Prettyboy D-O,7027.89,44.3256,3115.16,55.6744,3912.74,5869110.0,"United Kingdom, United States, South Africa, Canada, Ghana",observed: artist's own Nigerian share of listeners this quarter | Chartmetric + Soundcharts (observed); see 02_Methodology
Q2_2024,King Sunny Ade,6456.01,55.8088,3603.02,44.1912,2852.99,4279485.0,"United Kingdom, United States, Canada, Ireland, Ghana",observed: artist's own Nigerian share of listeners this quarter | Chartmetric + Soundcharts (observed); see 02_Methodology
Q2_2024,Seyi Shay,6104.4,31.512,1923.62,68.488,4180.78,6271170.0,"United Arab Emirates, Italy, Venezuela, Germany, Türkiye",observed: artist's own Nigerian share of listeners this quarter | Chartmetric + Soundcharts (observed); see 02_Methodology
Q2_2024,Illbliss,5497.86,76.7684,4220.62,23.2316,1277.24,1915860.0,"United States, United Kingdom, Ghana, South Africa, Canada",observed: artist's own Nigerian share of listeners this quarter | Chartmetric + Soundcharts (observed); see 02_Methodology
Q2_2024,Yung6ix,4479.13,96.5687,4325.44,3.4313,153.69,230535.0,"Canada, Argentina, Germany, Netherlands, Benin",observed: artist's own Nigerian share of listeners this quarter | Chartmetric + Soundcharts (observed); see 02_Methodology
Q2_2024,Naeto C,4156.39,68.4152,2843.6,31.5848,1312.79,1969185.0,"Ireland, United Arab Emirates, India, United Kingdom, Zambia",observed: artist's own Nigerian share of listeners this quarter | Chartmetric + Soundcharts (observed); see 02_Methodology
Q2_2024,Olu Maintain,4052.46,61.6707,2499.18,38.3293,1553.28,2329920.0,"United Kingdom, United States, Canada, Ghana, Ireland",observed: artist's own Nigerian share of listeners this quarter | Chartmetric + Soundcharts (observed); see 02_Methodology
Q2_2024,CDQ,3672.17,53.8296,1976.71,46.1704,1695.45,2543175.0,"United States, Ghana, Uganda, Vietnam, Uzbekistan",observed: artist's own Nigerian share of listeners this quarter | Chartmetric + Soundcharts (observed); see 02_Methodology
Q2_2024,Darey,3404.01,68.6753,2337.71,31.3247,1066.3,1599450.0,"United Arab Emirates, Italy, United Kingdom, South Africa, Senegal",observed: artist's own Nigerian share of listeners this quarter | Chartmetric + Soundcharts (observed); see 02_Methodology
Q2_2024,Mr Real,2828.2,35.3667,1000.24,64.6333,1827.96,2741940.0,"United Kingdom, South Africa, Canada, Germany, Australia",observed: artist's own Nigerian share of listeners this quarter | Chartmetric + Soundcharts (observed); see 02_Methodology
Q2_2024,Sound Sultan,2735.29,76.1704,2083.48,23.8296,651.81,977715.0,"United States, United Kingdom, Canada, Ghana, South Africa",observed: artist's own Nigerian share of listeners this quarter | Chartmetric + Soundcharts (observed); see 02_Methodology
Q2_2024,Jesse Jagz,2577.63,64.9013,1672.92,35.0987,904.72,1357080.0,"Netherlands, Sweden, United States, Malawi, United Kingdom",observed: artist's own Nigerian share of listeners this quarter | Chartmetric + Soundcharts (observed); see 02_Methodology
Q2_2024,Eldee,2422.71,72.5864,1758.56,27.4136,664.15,996225.0,"Argentina, Ireland, Kenya, United Arab Emirates, Netherlands",observed: artist's own Nigerian share of listeners this quarter | Chartmetric + Soundcharts (observed); see 02_Methodology
Q2_2024,Small Doctor,2290.89,64.1411,1469.4,35.8589,821.49,1232235.0,"United Kingdom, United States, Canada, Argentina, Ghana",observed: artist's own Nigerian share of listeners this quarter | Chartmetric + Soundcharts (observed); see 02_Methodology
Q2_2024,Waje,1428.68,43.4079,620.16,56.5921,808.52,1212780.0,"Canada, Netherlands, Ghana, France, Argentina",observed: artist's own Nigerian share of listeners this quarter | Chartmetric + Soundcharts (observed); see 02_Methodology
Q2_2024,Dammy Krane,1425.87,63.2728,902.19,36.7272,523.68,785520.0,"Canada, Ghana, South Africa, Ireland, Netherlands",observed: artist's own Nigerian share of listeners this quarter | Chartmetric + Soundcharts (observed); see 02_Methodology
Q2_2024,Sauce Kid,415.67,66.0009,274.35,33.9991,141.32,211980.0,"United Kingdom, United States, Canada, South Africa, Ireland",observed: artist's own Nigerian share of listeners this quarter | Chartmetric + Soundcharts (observed); see 02_Methodology
Q2_2024,Lagbaja,300.93,21.2921,64.07,78.7079,236.85,355275.0,,assumed: portfolio-wide ratio applied to an artist without own geography | Chartmetric + Soundcharts (observed); see 02_Methodology
Q2_2024,Ebenezer Obey,118.99,21.2921,25.34,78.7079,93.66,140490.0,,assumed: portfolio-wide ratio applied to an artist without own geography | Chartmetric + Soundcharts (observed); see 02_Methodology
Q2_2024,Oritsefemi,28.25,89.3617,25.25,10.6383,3.01,4515.0,"United States, South Africa, United Kingdom, United Arab Emirates, Spain",observed: artist's own Nigerian share of listeners this quarter | Chartmetric + Soundcharts (observed); see 02_Methodology
Q2_2024,Odunsi,0.31,21.2921,0.07,78.7079,0.25,375.0,,assumed: portfolio-wide ratio applied to an artist without own geography | Chartmetric + Soundcharts (observed); see 02_Methodology
Q2_2024,=== PERIOD TOTAL ===,23032148.29,,4612558.19,,18419590.19,27629385285.0,,Aggregated
Q3_2024,Burna Boy,1845295.39,6.9972,129119.73,93.0028,1716175.65,2574263475.0,"United States, Ireland, Côte D’Ivoire, United Arab Emirates, Belgium",observed: artist's own Nigerian share of listeners this quarter | Chartmetric + Soundcharts (observed); see 02_Methodology
Q3_2024,Rema,1809074.23,7.6569,138519.82,92.3431,1670554.41,2505831615.0,"Netherlands, Australia, United States, Chile, Indonesia",observed: artist's own Nigerian share of listeners this quarter | Chartmetric + Soundcharts (observed); see 02_Methodology
Q3_2024,Ayra Starr,1710398.02,5.0335,86092.33,94.9665,1624305.69,2436458535.0,"Netherlands, Canada, United States, Côte D’Ivoire, Guatemala",observed: artist's own Nigerian share of listeners this quarter | Chartmetric + Soundcharts (observed); see 02_Methodology
Q3_2024,Tems,1291552.45,4.3268,55883.0,95.6732,1235669.45,1853504175.0,"United States, Indonesia, Ireland, New Zealand, Sweden",observed: artist's own Nigerian share of listeners this quarter | Chartmetric + Soundcharts (observed); see 02_Methodology
Q3_2024,Omah Lay,932716.43,13.3362,124389.06,86.6638,808327.37,1212491055.0,"Netherlands, Australia, Switzerland, Belgium, United States",observed: artist's own Nigerian share of listeners this quarter | Chartmetric + Soundcharts (observed); see 02_Methodology
Q3_2024,CKay,798931.64,5.8883,47043.37,94.1117,751888.27,1127832405.0,"Netherlands, Australia, Bangladesh, Algeria, India",observed: artist's own Nigerian share of listeners this quarter | Chartmetric + Soundcharts (observed); see 02_Methodology
Q3_2024,Wizkid,782586.33,15.7457,123223.31,84.2543,659363.02,989044530.0,"Côte D’Ivoire, Cameroon, United States, Tanzania, Senegal",observed: artist's own Nigerian share of listeners this quarter | Chartmetric + Soundcharts (observed); see 02_Methodology
Q3_2024,Asake,764462.17,22.7793,174139.0,77.2207,590323.17,885484755.0,"Netherlands, Australia, United States, Belgium, United Kingdom",observed: artist's own Nigerian share of listeners this quarter | Chartmetric + Soundcharts (observed); see 02_Methodology
Q3_2024,Davido,704608.36,18.3797,129505.12,81.6203,575103.24,862654860.0,"Côte D’Ivoire, Cameroon, United Kingdom, United States, South Africa",observed: artist's own Nigerian share of listeners this quarter | Chartmetric + Soundcharts (observed); see 02_Methodology
Q3_2024,Fireboy DML,637026.52,20.2257,128843.06,79.7743,508183.46,762275190.0,"Netherlands, United States, Tanzania, Belgium, Sweden",observed: artist's own Nigerian share of listeners this quarter | Chartmetric + Soundcharts (observed); see 02_Methodology
Q3_2024,Libianca,606774.49,2.8654,17386.36,97.1346,589388.13,884082195.0,"Netherlands, India, Germany, United States, Indonesia",observed: artist's own Nigerian share of listeners this quarter | Chartmetric + Soundcharts (observed); see 02_Methodology
Q3_2024,Victony,551633.04,21.782,120156.49,78.218,431476.55,647214825.0,"United Kingdom, Netherlands, Germany, United States, South Africa",observed: artist's own Nigerian share of listeners this quarter | Chartmetric + Soundcharts (observed); see 02_Methodology
Q3_2024,Kizz Daniel,496858.41,32.7029,162486.87,67.2971,334371.55,501557325.0,"Netherlands, Côte D’Ivoire, Sierra Leone, India, United Arab Emirates",observed: artist's own Nigerian share of listeners this quarter | Chartmetric + Soundcharts (observed); see 02_Methodology
Q3_2024,Amaarae,486554.84,3.1167,15164.53,96.8833,471390.31,707085465.0,"Australia, Netherlands, United States, Italy, Germany",observed: artist's own Nigerian share of listeners this quarter | Chartmetric + Soundcharts (observed); see 02_Methodology
Q3_2024,Ruger,409717.42,29.9482,122702.82,70.0518,287014.6,430521900.0,"Netherlands, Kenya, Germany, Sierra Leone, United States",observed: artist's own Nigerian share of listeners this quarter | Chartmetric + Soundcharts (observed); see 02_Methodology
Q3_2024,BNXN,329907.83,35.1748,116044.45,64.8252,213863.38,320795070.0,"United Kingdom, United States, Kenya, Netherlands, South Africa",observed: artist's own Nigerian share of listeners this quarter | Chartmetric + Soundcharts (observed); see 02_Methodology
Q3_2024,Tempoe,322419.44,22.0102,70965.16,77.9898,251454.28,377181420.0,,assumed: portfolio-wide ratio applied to an artist without own geography | Chartmetric + Soundcharts (observed); see 02_Methodology
Q3_2024,Darkoo,321066.81,21.4713,68937.23,78.5287,252129.58,378194370.0,"United Kingdom, Australia, United States, Netherlands, Kenya",observed: artist's own Nigerian share of listeners this quarter | Chartmetric + Soundcharts (observed); see 02_Methodology
Q3_2024,Joeboy,315196.74,22.7767,71791.42,77.2233,243405.32,365107980.0,"Netherlands, India, Chile, United Arab Emirates, Australia",observed: artist's own Nigerian share of listeners this quarter | Chartmetric + Soundcharts (observed); see 02_Methodology
Q3_2024,Olamide,313605.82,35.5722,111556.55,64.4278,202049.27,303073905.0,"Netherlands, Australia, Belgium, Uganda, Sweden",observed: artist's own Nigerian share of listeners this quarter | Chartmetric + Soundcharts (observed); see 02_Methodology
Q3_2024,Lojay,307966.42,16.2291,49980.14,83.7709,257986.28,386979420.0,"United Kingdom, United States, South Africa, Netherlands, Australia",observed: artist's own Nigerian share of listeners this quarter | Chartmetric + Soundcharts (observed); see 02_Methodology
Q3_2024,Oxlade,295053.38,10.8306,31955.93,89.1694,263097.44,394646160.0,"Netherlands, Australia, Ghana, United States, Spain",observed: artist's own Nigerian share of listeners this quarter | Chartmetric + Soundcharts (observed); see 02_Methodology
Q3_2024,Young Jonn,235841.7,58.7999,138674.6,41.2001,97167.1,145750650.0,"Indonesia, United States, Netherlands, Malawi, Kenya",observed: artist's own Nigerian share of listeners this quarter | Chartmetric + Soundcharts (observed); see 02_Methodology
Q3_2024,Mr Eazi,234848.48,5.984,14053.33,94.016,220795.15,331192725.0,"Mexico, Chile, Tanzania, Peru, Belgium",observed: artist's own Nigerian share of listeners this quarter | Chartmetric + Soundcharts (observed); see 02_Methodology
Q3_2024,Chike,225257.84,46.1836,104032.13,53.8164,121225.71,181838565.0,"South Africa, Kenya, United Kingdom, Ghana, United States",observed: artist's own Nigerian share of listeners this quarter | Chartmetric + Soundcharts (observed); see 02_Methodology
Q3_2024,P-Square,218542.47,23.6141,51606.78,76.3859,166935.69,250403535.0,"Netherlands, Germany, United States, Canada, Kenya",observed: artist's own Nigerian share of listeners this quarter | Chartmetric + Soundcharts (observed); see 02_Methodology
Q3_2024,Sarz,216284.89,16.7572,36243.22,83.2428,180041.67,270062505.0,"United Kingdom, United States, Netherlands, South Africa, Indonesia",observed: artist's own Nigerian share of listeners this quarter | Chartmetric + Soundcharts (observed); see 02_Methodology
Q3_2024,Shallipopi,211789.21,65.3313,138364.56,34.6687,73424.65,110136975.0,"Indonesia, Netherlands, Australia, Egypt, Malawi",observed: artist's own Nigerian share of listeners this quarter | Chartmetric + Soundcharts (observed); see 02_Methodology
Q3_2024,Flavour,208854.3,44.8709,93714.85,55.1291,115139.45,172709175.0,"Cameroon, Spain, Togo, Liberia, Senegal",observed: artist's own Nigerian share of listeners this quarter | Chartmetric + Soundcharts (observed); see 02_Methodology
Q3_2024,Adekunle Gold,207610.96,31.5387,65477.82,68.4613,142133.14,213199710.0,"Netherlands, Sierra Leone, India, Liberia, United States",observed: artist's own Nigerian share of listeners this quarter | Chartmetric + Soundcharts (observed); see 02_Methodology
Q3_2024,Tiwa Savage,197947.9,28.2894,55998.2,71.7106,141949.7,212924550.0,"Côte D’Ivoire, Sierra Leone, Netherlands, United States, Australia",observed: artist's own Nigerian share of listeners this quarter | Chartmetric + Soundcharts (observed); see 02_Methodology
Q3_2024,Wande Coal,197156.18,30.003,59152.71,69.997,138003.47,207005205.0,"Netherlands, Malawi, Belgium, Sweden, Angola",observed: artist's own Nigerian share of listeners this quarter | Chartmetric + Soundcharts (observed); see 02_Methodology
Q3_2024,Tekno,195516.32,20.703,40477.7,79.297,155038.61,232557915.0,"Netherlands, Brazil, United States, India, Morocco",observed: artist's own Nigerian share of listeners this quarter | Chartmetric + Soundcharts (observed); see 02_Methodology
Q3_2024,ODUMODUBLVCK,192436.59,73.5734,141582.16,26.4266,50854.44,76281660.0,"Netherlands, Malawi, Australia, United States, Uganda",observed: artist's own Nigerian share of listeners this quarter | Chartmetric + Soundcharts (observed); see 02_Methodology
Q3_2024,Pheelz,183924.62,27.8176,51163.37,72.1824,132761.25,199141875.0,"United States, Malawi, Uganda, Belgium, Indonesia",observed: artist's own Nigerian share of listeners this quarter | Chartmetric + Soundcharts (observed); see 02_Methodology
Q3_2024,Bayanni,171656.22,18.2519,31330.55,81.7481,140325.67,210488505.0,"India, Netherlands, United Kingdom, Germany, Kenya",observed: artist's own Nigerian share of listeners this quarter | Chartmetric + Soundcharts (observed); see 02_Methodology
Q3_2024,Qing Madi,162420.53,50.1605,81470.96,49.8395,80949.58,121424370.0,"Kenya, Ghana, United Kingdom, South Africa, United States",observed: artist's own Nigerian share of listeners this quarter | Chartmetric + Soundcharts (observed); see 02_Methodology
Q3_2024,Patoranking,160877.36,31.4525,50599.89,68.5475,110277.46,165416190.0,"Netherlands, Kenya, Sierra Leone, Australia, United States",observed: artist's own Nigerian share of listeners this quarter | Chartmetric + Soundcharts (observed); see 02_Methodology
Q3_2024,Crayon,157824.11,30.844,48679.27,69.156,109144.84,163717260.0,"United Kingdom, Kenya, United States, Ghana, Netherlands",observed: artist's own Nigerian share of listeners this quarter | Chartmetric + Soundcharts (observed); see 02_Methodology
Q3_2024,Spyro,149240.12,38.1254,56898.45,61.8746,92341.67,138512505.0,"Ghana, United Kingdom, France, Canada, Sierra Leone",observed: artist's own Nigerian share of listeners this quarter | Chartmetric + Soundcharts (observed); see 02_Methodology
Q3_2024,Seyi Vibez,145048.29,61.9213,89815.85,38.0787,55232.44,82848660.0,"United States, United Kingdom, Kenya, Ghana, Canada",observed: artist's own Nigerian share of listeners this quarter | Chartmetric + Soundcharts (observed); see 02_Methodology
Q3_2024,Yemi Alade,132831.01,7.6433,10152.63,92.3567,122678.38,184017570.0,"Côte D’Ivoire, Congo - Kinshasa, Tanzania, Sierra Leone, Benin",observed: artist's own Nigerian share of listeners this quarter | Chartmetric + Soundcharts (observed); see 02_Methodology
Q3_2024,Khaid,124148.49,64.9784,80669.72,35.0216,43478.77,65218155.0,"United States, Ghana, Kenya, United Kingdom, South Africa",observed: artist's own Nigerian share of listeners this quarter | Chartmetric + Soundcharts (observed); see 02_Methodology
Q3_2024,Zinoleesky,123836.52,56.637,70137.28,43.363,53699.24,80548860.0,"Netherlands, India, Kenya, Germany, Australia",observed: artist's own Nigerian share of listeners this quarter | Chartmetric + Soundcharts (observed); see 02_Methodology
Q3_2024,Bella Shmurda,114564.6,71.0874,81440.98,28.9126,33123.61,49685415.0,"Netherlands, Uganda, Malawi, Zambia, Australia",observed: artist's own Nigerian share of listeners this quarter | Chartmetric + Soundcharts (observed); see 02_Methodology
Q3_2024,Bracket,110082.3,23.9954,26414.73,76.0046,83667.57,125501355.0,"Netherlands, France, United Kingdom, Kenya, United States",observed: artist's own Nigerian share of listeners this quarter | Chartmetric + Soundcharts (observed); see 02_Methodology
Q3_2024,Timaya,107138.55,41.8382,44824.85,58.1618,62313.7,93470550.0,"Netherlands, India, Brazil, United States, Liberia",observed: artist's own Nigerian share of listeners this quarter | Chartmetric + Soundcharts (observed); see 02_Methodology
Q3_2024,Naira Marley,104290.32,52.2832,54526.27,47.7168,49764.05,74646075.0,"Netherlands, Australia, Senegal, India, Tanzania",observed: artist's own Nigerian share of listeners this quarter | Chartmetric + Soundcharts (observed); see 02_Methodology
Q3_2024,Maleek Berry,98339.84,21.9834,21618.4,78.0166,76721.44,115082160.0,"United States, Ghana, United Arab Emirates, Jamaica, Sweden",observed: artist's own Nigerian share of listeners this quarter | Chartmetric + Soundcharts (observed); see 02_Methodology
Q3_2024,Magixx,97860.99,47.1661,46157.22,52.8339,51703.77,77555655.0,"United Kingdom, United States, Kenya, South Africa, Ghana",observed: artist's own Nigerian share of listeners this quarter | Chartmetric + Soundcharts (observed); see 02_Methodology
Q3_2024,Zlatan,94594.52,79.7604,75449.01,20.2396,19145.51,28718265.0,"Türkiye, United States, Netherlands, Venezuela, Vietnam",observed: artist's own Nigerian share of listeners this quarter | Chartmetric + Soundcharts (observed); see 02_Methodology
Q3_2024,Mohbad,87644.89,60.7126,53211.49,39.2874,34433.41,51650115.0,"South Africa, United States, United Kingdom, Ghana, Kenya",observed: artist's own Nigerian share of listeners this quarter | Chartmetric + Soundcharts (observed); see 02_Methodology
Q3_2024,Simi,85735.61,45.7173,39195.97,54.2827,46539.65,69809475.0,"Côte D’Ivoire, Liberia, Italy, Australia, Senegal",observed: artist's own Nigerian share of listeners this quarter | Chartmetric + Soundcharts (observed); see 02_Methodology
Q3_2024,Reekado Banks,80576.73,30.6702,24713.06,69.3298,55863.67,83795505.0,"Côte D’Ivoire, Netherlands, Indonesia, United States, Malawi",observed: artist's own Nigerian share of listeners this quarter | Chartmetric + Soundcharts (observed); see 02_Methodology
Q3_2024,Mayorkun,80518.99,32.4925,26162.65,67.5075,54356.35,81534525.0,"Netherlands, Australia, Kenya, United States, Malawi",observed: artist's own Nigerian share of listeners this quarter | Chartmetric + Soundcharts (observed); see 02_Methodology
Q3_2024,Johnny Drille,80452.56,47.1262,37914.24,52.8738,42538.33,63807495.0,"Kenya, Togo, Liberia, Rwanda, United States",observed: artist's own Nigerian share of listeners this quarter | Chartmetric + Soundcharts (observed); see 02_Methodology
Q3_2024,Phyno,78851.49,63.8924,50380.15,36.1076,28471.34,42707010.0,"Kenya, United States, Netherlands, United Kingdom, Australia",observed: artist's own Nigerian share of listeners this quarter | Chartmetric + Soundcharts (observed); see 02_Methodology
Q3_2024,Blaqbonez,75129.22,66.0666,49635.3,33.9334,25493.92,38240880.0,"United Arab Emirates, Netherlands, Sierra Leone, Malawi, Liberia",observed: artist's own Nigerian share of listeners this quarter | Chartmetric + Soundcharts (observed); see 02_Methodology
Q3_2024,Teni,73689.29,37.4793,27618.21,62.5207,46071.08,69106620.0,"Sierra Leone, Benin, Zimbabwe, United Arab Emirates, Netherlands",observed: artist's own Nigerian share of listeners this quarter | Chartmetric + Soundcharts (observed); see 02_Methodology
Q3_2024,Ric Hassani,68765.31,6.932,4766.81,93.068,63998.51,95997765.0,"Germany, Canada, Colombia, Sweden, United States",observed: artist's own Nigerian share of listeners this quarter | Chartmetric + Soundcharts (observed); see 02_Methodology
Q3_2024,Olakira,59878.95,21.5788,12921.19,78.4212,46957.76,70436640.0,"Morocco, United States, Brazil, Senegal, Indonesia",observed: artist's own Nigerian share of listeners this quarter | Chartmetric + Soundcharts (observed); see 02_Methodology
Q3_2024,Skiibii,58889.98,37.5546,22115.89,62.4454,36774.09,55161135.0,"Benin, Netherlands, United Kingdom, United States, Germany",observed: artist's own Nigerian share of listeners this quarter | Chartmetric + Soundcharts (observed); see 02_Methodology
Q3_2024,Boj,57445.78,25.4256,14605.94,74.5744,42839.85,64259775.0,"United Kingdom, Spain, Australia, United States, Netherlands",observed: artist's own Nigerian share of listeners this quarter | Chartmetric + Soundcharts (observed); see 02_Methodology
Q3_2024,Korede Bello,56748.35,13.4303,7621.5,86.5697,49126.85,73690275.0,"Côte D’Ivoire, Sierra Leone, Tanzania, Netherlands, Guinea",observed: artist's own Nigerian share of listeners this quarter | Chartmetric + Soundcharts (observed); see 02_Methodology
Q3_2024,DJ Neptune,56542.24,45.0128,25451.27,54.9872,31090.98,46636470.0,"Canada, Netherlands, Malawi, United Arab Emirates, Australia",observed: artist's own Nigerian share of listeners this quarter | Chartmetric + Soundcharts (observed); see 02_Methodology
Q3_2024,Ice Prince,53198.99,31.6629,16844.32,68.3371,36354.67,54532005.0,"Tanzania, Indonesia, Malawi, Belgium, Sweden",observed: artist's own Nigerian share of listeners this quarter | Chartmetric + Soundcharts (observed); see 02_Methodology
Q3_2024,D'banj,52894.64,37.1828,19667.72,62.8172,33226.92,49840380.0,"Netherlands, Australia, Malawi, Zambia, Ireland",observed: artist's own Nigerian share of listeners this quarter | Chartmetric + Soundcharts (observed); see 02_Methodology
Q3_2024,Falz,52679.9,66.2007,34874.48,33.7993,17805.42,26708130.0,"Netherlands, Brazil, Tanzania, Zimbabwe, India",observed: artist's own Nigerian share of listeners this quarter | Chartmetric + Soundcharts (observed); see 02_Methodology
Q3_2024,Lagbaja,51250.15,36.5477,18730.76,63.4523,32519.39,48779085.0,"United States, United Kingdom, Canada, Australia, Germany",observed: artist's own Nigerian share of listeners this quarter | Chartmetric + Soundcharts (observed); see 02_Methodology
Q3_2024,LADIPOE,50009.84,40.4618,20234.89,59.5382,29774.96,44662440.0,"South Africa, United Kingdom, Kenya, United States, Ghana",observed: artist's own Nigerian share of listeners this quarter | Chartmetric + Soundcharts (observed); see 02_Methodology
Q3_2024,Boy Spyce,49970.46,53.5289,26748.65,46.4711,23221.81,34832715.0,"Ghana, United States, Kenya, United Kingdom, South Africa",observed: artist's own Nigerian share of listeners this quarter | Chartmetric + Soundcharts (observed); see 02_Methodology
Q3_2024,Bad Boy Timz,49035.95,54.5615,26754.75,45.4385,22281.19,33421785.0,"United States, United Kingdom, United Arab Emirates, Tanzania, Ghana",observed: artist's own Nigerian share of listeners this quarter | Chartmetric + Soundcharts (observed); see 02_Methodology
Q3_2024,Bloody Civilian,46261.32,73.5327,34017.2,26.4673,12244.12,18366180.0,"Netherlands, Uganda, Ireland, United States, Zambia",observed: artist's own Nigerian share of listeners this quarter | Chartmetric + Soundcharts (observed); see 02_Methodology
Q3_2024,Tay Iwar,43442.65,23.7458,10315.81,76.2542,33126.84,49690260.0,"United Kingdom, United States, Netherlands, Australia, Canada",observed: artist's own Nigerian share of listeners this quarter | Chartmetric + Soundcharts (observed); see 02_Methodology
Q3_2024,Lil Kesh,42372.07,75.6358,32048.48,24.3642,10323.6,15485400.0,"United States, Netherlands, United Kingdom, Australia, Malawi",observed: artist's own Nigerian share of listeners this quarter | Chartmetric + Soundcharts (observed); see 02_Methodology
Q3_2024,2Baba,42303.93,59.0173,24966.62,40.9827,17337.31,26005965.0,"United States, Netherlands, Malawi, Kenya, United Kingdom",observed: artist's own Nigerian share of listeners this quarter | Chartmetric + Soundcharts (observed); see 02_Methodology
Q3_2024,Iyanya,41548.33,28.3554,11781.2,71.6446,29767.13,44650695.0,"Netherlands, Côte D’Ivoire, Kenya, United States, Ghana",observed: artist's own Nigerian share of listeners this quarter | Chartmetric + Soundcharts (observed); see 02_Methodology
Q3_2024,Aṣa,37454.53,37.1516,13914.97,62.8484,23539.56,35309340.0,"United Arab Emirates, Netherlands, Brazil, Spain, Switzerland",observed: artist's own Nigerian share of listeners this quarter | Chartmetric + Soundcharts (observed); see 02_Methodology
Q3_2024,Nonso Amadi,37158.35,17.0481,6334.78,82.9519,30823.57,46235355.0,"Canada, United States, Australia, South Africa, United Kingdom",observed: artist's own Nigerian share of listeners this quarter | Chartmetric + Soundcharts (observed); see 02_Methodology
Q3_2024,Fela Kuti,32773.16,8.7209,2858.12,91.2791,29915.04,44872560.0,"Australia, Netherlands, Tanzania, Chile, Belgium",observed: artist's own Nigerian share of listeners this quarter | Chartmetric + Soundcharts (observed); see 02_Methodology
Q3_2024,DJ Spinall,32373.15,33.3333,10791.05,66.6667,21582.1,32373150.0,"United States, United Kingdom, Romania, Hungary, France",observed: artist's own Nigerian share of listeners this quarter | Chartmetric + Soundcharts (observed); see 02_Methodology
Q3_2024,Show Dem Camp,31866.6,35.972,11463.06,64.028,20403.53,30605295.0,"United States, United Kingdom, South Africa, Canada, Netherlands",observed: artist's own Nigerian share of listeners this quarter | Chartmetric + Soundcharts (observed); see 02_Methodology
Q3_2024,Mannywellz,30712.75,43.4005,13329.48,56.5995,17383.27,26074905.0,"United States, South Africa, United Kingdom, Kenya, Canada",observed: artist's own Nigerian share of listeners this quarter | Chartmetric + Soundcharts (observed); see 02_Methodology
Q3_2024,Niniola,29757.94,28.4175,8456.46,71.5825,21301.49,31952235.0,"Netherlands, Italy, Ghana, South Africa, Mexico",observed: artist's own Nigerian share of listeners this quarter | Chartmetric + Soundcharts (observed); see 02_Methodology
Q3_2024,Cruel Santino,29675.79,57.5568,17080.44,42.4432,12595.36,18893040.0,"Netherlands, Australia, Belgium, Ireland, Sweden",observed: artist's own Nigerian share of listeners this quarter | Chartmetric + Soundcharts (observed); see 02_Methodology
Q3_2024,Ycee,29021.57,36.3265,10542.52,63.6735,18479.06,27718590.0,"Tanzania, United States, United Kingdom, Sweden, Belgium",observed: artist's own Nigerian share of listeners this quarter | Chartmetric + Soundcharts (observed); see 02_Methodology
Q3_2024,9ice,22930.72,67.829,15553.69,32.171,7377.03,11065545.0,"Kenya, United States, Ireland, United Kingdom, Netherlands",observed: artist's own Nigerian share of listeners this quarter | Chartmetric + Soundcharts (observed); see 02_Methodology
Q3_2024,Odunsi (The Engine),19857.03,15.8009,3137.59,84.1991,16719.44,25079160.0,"Australia, Ghana, Ireland, Belgium, Sweden",observed: artist's own Nigerian share of listeners this quarter | Chartmetric + Soundcharts (observed); see 02_Methodology
Q3_2024,Vector,19005.6,71.9637,13677.13,28.0363,5328.46,7992690.0,"United States, United Kingdom, Ghana, South Africa, Kenya",observed: artist's own Nigerian share of listeners this quarter | Chartmetric + Soundcharts (observed); see 02_Methodology
Q3_2024,Reminisce,18721.78,72.3191,13539.42,27.6809,5182.36,7773540.0,"Netherlands, Australia, Ireland, United States, Zambia",observed: artist's own Nigerian share of listeners this quarter | Chartmetric + Soundcharts (observed); see 02_Methodology
Q3_2024,Banky W.,17407.73,44.0779,7672.96,55.9221,9734.77,14602155.0,"United Arab Emirates, Spain, Malawi, United States, Netherlands",observed: artist's own Nigerian share of listeners this quarter | Chartmetric + Soundcharts (observed); see 02_Methodology
Q3_2024,WurlD,17242.68,35.4422,6111.19,64.5578,11131.49,16697235.0,"Netherlands, Ghana, Kenya, United States, Malawi",observed: artist's own Nigerian share of listeners this quarter | Chartmetric + Soundcharts (observed); see 02_Methodology
Q3_2024,Ajebutter22,16906.67,29.9977,5071.62,70.0023,11835.05,17752575.0,"United States, United Kingdom, Canada, Netherlands, Kenya",observed: artist's own Nigerian share of listeners this quarter | Chartmetric + Soundcharts (observed); see 02_Methodology
Q3_2024,Peruzzi,16707.69,64.0329,10698.42,35.9671,6009.27,9013905.0,"United States, United Kingdom, Ghana, Canada, South Africa",observed: artist's own Nigerian share of listeners this quarter | Chartmetric + Soundcharts (observed); see 02_Methodology
Q3_2024,Duncan Mighty,16521.03,73.2661,12104.31,26.7339,4416.72,6625080.0,"Tanzania, United States, Kenya, Italy, United Kingdom",observed: artist's own Nigerian share of listeners this quarter | Chartmetric + Soundcharts (observed); see 02_Methodology
Q3_2024,Rude Boy,16512.17,0.3197,52.79,99.6803,16459.38,24689070.0,"Singapore, Thailand, Taiwan, United States, Peru",observed: artist's own Nigerian share of listeners this quarter | Chartmetric + Soundcharts (observed); see 02_Methodology
Q3_2024,Brymo,15388.83,73.3771,11291.87,26.6229,4096.96,6145440.0,"United Kingdom, United States, Ghana, Canada, United Arab Emirates",observed: artist's own Nigerian share of listeners this quarter | Chartmetric + Soundcharts (observed); see 02_Methodology
Q3_2024,M.I. Abaga,13894.77,69.1356,9606.24,30.8644,4288.53,6432795.0,"United States, United Kingdom, South Africa, Canada, Ghana",observed: artist's own Nigerian share of listeners this quarter | Chartmetric + Soundcharts (observed); see 02_Methodology
Q3_2024,Dice Ailes,13457.0,67.6166,9099.16,32.3834,4357.84,6536760.0,"United States, United Kingdom, Canada, Ghana, Italy",observed: artist's own Nigerian share of listeners this quarter | Chartmetric + Soundcharts (observed); see 02_Methodology
Q3_2024,Praiz,13279.13,13.575,1802.65,86.425,11476.49,17214735.0,"Netherlands, Tanzania, Germany, Sweden, Chile",observed: artist's own Nigerian share of listeners this quarter | Chartmetric + Soundcharts (observed); see 02_Methodology
Q3_2024,Lyta,11042.08,89.3847,9869.93,10.6153,1172.15,1758225.0,"United States, United Kingdom, Canada, Ghana, South Africa",observed: artist's own Nigerian share of listeners this quarter | Chartmetric + Soundcharts (observed); see 02_Methodology
Q3_2024,Sean Tizzle,10027.4,58.6077,5876.83,41.3923,4150.57,6225855.0,"United States, United Kingdom, Canada, Netherlands, South Africa",observed: artist's own Nigerian share of listeners this quarter | Chartmetric + Soundcharts (observed); see 02_Methodology
Q3_2024,Terry Apala,8527.98,90.4815,7716.24,9.5185,811.74,1217610.0,"United States, United Kingdom, Ghana, Canada, South Africa",observed: artist's own Nigerian share of listeners this quarter | Chartmetric + Soundcharts (observed); see 02_Methodology
Q3_2024,HarrySong,8083.68,41.8782,3385.3,58.1218,4698.38,7047570.0,"Netherlands, United States, Kenya, Australia, United Kingdom",observed: artist's own Nigerian share of listeners this quarter | Chartmetric + Soundcharts (observed); see 02_Methodology
Q3_2024,Terri,7926.74,40.7002,3226.2,59.2998,4700.54,7050810.0,"Netherlands, Tanzania, United Arab Emirates, United States, Italy",observed: artist's own Nigerian share of listeners this quarter | Chartmetric + Soundcharts (observed); see 02_Methodology
Q3_2024,Seyi Shay,7847.89,34.8022,2731.24,65.1978,5116.65,7674975.0,"Brazil, Italy, Portugal, Türkiye, Germany",observed: artist's own Nigerian share of listeners this quarter | Chartmetric + Soundcharts (observed); see 02_Methodology
Q3_2024,Lady Donli,7794.31,11.3663,885.92,88.6337,6908.39,10362585.0,"United States, United Kingdom, South Africa, Canada, Australia",observed: artist's own Nigerian share of listeners this quarter | Chartmetric + Soundcharts (observed); see 02_Methodology
Q3_2024,King Sunny Ade,7605.15,59.7438,4543.61,40.2562,3061.54,4592310.0,"United Kingdom, United States, Canada, South Africa, Ireland",observed: artist's own Nigerian share of listeners this quarter | Chartmetric + Soundcharts (observed); see 02_Methodology
Q3_2024,Dremo,6879.49,79.2922,5454.9,20.7078,1424.59,2136885.0,"United States, United Kingdom, South Africa, Canada, Ghana",observed: artist's own Nigerian share of listeners this quarter | Chartmetric + Soundcharts (observed); see 02_Methodology
Q3_2024,Illbliss,6349.83,77.2774,4906.98,22.7226,1442.84,2164260.0,"United States, Ghana, United Kingdom, South Africa, Canada",observed: artist's own Nigerian share of listeners this quarter | Chartmetric + Soundcharts (observed); see 02_Methodology
Q3_2024,Solidstar,6013.24,54.183,3258.15,45.817,2755.08,4132620.0,"Colombia, United States, United Kingdom, Netherlands, Canada",observed: artist's own Nigerian share of listeners this quarter | Chartmetric + Soundcharts (observed); see 02_Methodology
Q3_2024,CDQ,5245.02,52.3524,2745.89,47.6476,2499.12,3748680.0,"United States, Uganda, South Africa, Tanzania, Colombia",observed: artist's own Nigerian share of listeners this quarter | Chartmetric + Soundcharts (observed); see 02_Methodology
Q3_2024,Darey,4752.32,69.6503,3310.0,30.3497,1442.32,2163480.0,"United Arab Emirates, Italy, United Kingdom, South Africa, United States",observed: artist's own Nigerian share of listeners this quarter | Chartmetric + Soundcharts (observed); see 02_Methodology
Q3_2024,Yung6ix,4549.07,91.3341,4154.85,8.6659,394.22,591330.0,"Canada, Germany, Argentina, Netherlands, France",observed: artist's own Nigerian share of listeners this quarter | Chartmetric + Soundcharts (observed); see 02_Methodology
Q3_2024,Prettyboy D-O,4488.64,45.0997,2024.36,54.9003,2464.27,3696405.0,"United Kingdom, United States, South Africa, Canada, Australia",observed: artist's own Nigerian share of listeners this quarter | Chartmetric + Soundcharts (observed); see 02_Methodology
Q3_2024,Olu Maintain,4377.71,59.692,2613.14,40.308,1764.56,2646840.0,"United Kingdom, United States, Ghana, Canada, South Africa",observed: artist's own Nigerian share of listeners this quarter | Chartmetric + Soundcharts (observed); see 02_Methodology
Q3_2024,Naeto C,3214.44,65.8767,2117.56,34.1233,1096.87,1645305.0,"Uganda, Ireland, United States, Netherlands, United Arab Emirates",observed: artist's own Nigerian share of listeners this quarter | Chartmetric + Soundcharts (observed); see 02_Methodology
Q3_2024,Sound Sultan,2919.0,77.1315,2251.47,22.8685,667.53,1001295.0,"United States, United Kingdom, Canada, South Africa, Ghana",observed: artist's own Nigerian share of listeners this quarter | Chartmetric + Soundcharts (observed); see 02_Methodology
Q3_2024,Jesse Jagz,2838.95,65.544,1860.76,34.456,978.19,1467285.0,"Netherlands, Malawi, United Kingdom, United States, Australia",observed: artist's own Nigerian share of listeners this quarter | Chartmetric + Soundcharts (observed); see 02_Methodology
Q3_2024,Small Doctor,2563.84,69.0727,1770.92,30.9273,792.93,1189395.0,"United Kingdom, United States, Canada, Argentina, South Africa",observed: artist's own Nigerian share of listeners this quarter | Chartmetric + Soundcharts (observed); see 02_Methodology
Q3_2024,Eldee,2408.85,74.8053,1801.95,25.1947,606.9,910350.0,"South Africa, Ghana, Argentina, Ireland, Kenya",observed: artist's own Nigerian share of listeners this quarter | Chartmetric + Soundcharts (observed); see 02_Methodology
Q3_2024,Dammy Krane,2271.09,52.3055,1187.9,47.6945,1083.19,1624785.0,"United Kingdom, United States, Canada, South Africa, Germany",observed: artist's own Nigerian share of listeners this quarter | Chartmetric + Soundcharts (observed); see 02_Methodology
Q3_2024,Mr Real,2244.64,53.6673,1204.64,46.3327,1040.0,1560000.0,"United Kingdom, South Africa, Canada, Ghana, France",observed: artist's own Nigerian share of listeners this quarter | Chartmetric + Soundcharts (observed); see 02_Methodology
Q3_2024,Waje,2130.52,55.9131,1191.24,44.0869,939.28,1408920.0,"South Africa, Canada, Ghana, Netherlands, Malawi",observed: artist's own Nigerian share of listeners this quarter | Chartmetric + Soundcharts (observed); see 02_Methodology
Q3_2024,Sauce Kid,322.99,66.192,213.79,33.808,109.2,163800.0,"United Kingdom, Canada, United States, Spain, South Africa",observed: artist's own Nigerian share of listeners this quarter | Chartmetric + Soundcharts (observed); see 02_Methodology
Q3_2024,Ebenezer Obey,119.38,22.0102,26.27,77.9898,93.1,139650.0,,assumed: portfolio-wide ratio applied to an artist without own geography | Chartmetric + Soundcharts (observed); see 02_Methodology
Q3_2024,Oritsefemi,28.42,95.4545,27.13,4.5455,1.29,1935.0,"United States, United Kingdom, India, Canada, Spain",observed: artist's own Nigerian share of listeners this quarter | Chartmetric + Soundcharts (observed); see 02_Methodology
Q3_2024,Odunsi,0.31,22.0102,0.07,77.9898,0.24,360.0,,assumed: portfolio-wide ratio applied to an artist without own geography | Chartmetric + Soundcharts (observed); see 02_Methodology
Q3_2024,=== PERIOD TOTAL ===,23051208.68,,4924458.95,,18126749.75,27190124625.0,,Aggregated
Q4_2024,Ayra Starr,1680095.22,5.4385,91372.44,94.5615,1588722.78,2383084170.0,"Netherlands, Ecuador, Australia, United States, Guatemala",observed: artist's own Nigerian share of listeners this quarter | Chartmetric + Soundcharts (observed); see 02_Methodology
Q4_2024,Burna Boy,1606996.86,9.7218,156228.73,90.2782,1450768.13,2176152195.0,"United States, Belgium, United Kingdom, France, Côte D’Ivoire",observed: artist's own Nigerian share of listeners this quarter | Chartmetric + Soundcharts (observed); see 02_Methodology
Q4_2024,Rema,1604212.66,9.9108,158990.96,90.0892,1445221.7,2167832550.0,"Australia, Netherlands, United States, Chile, India",observed: artist's own Nigerian share of listeners this quarter | Chartmetric + Soundcharts (observed); see 02_Methodology
Q4_2024,Tems,1214172.25,5.6137,68160.01,94.3863,1146012.24,1719018360.0,"United States, New Zealand, Ireland, Indonesia, Ghana",observed: artist's own Nigerian share of listeners this quarter | Chartmetric + Soundcharts (observed); see 02_Methodology
Q4_2024,Wizkid,1091528.63,21.3574,233122.25,78.6426,858406.38,1287609570.0,"United States, Cameroon, Tanzania, United Kingdom, France",observed: artist's own Nigerian share of listeners this quarter | Chartmetric + Soundcharts (observed); see 02_Methodology
Q4_2024,Omah Lay,849375.16,14.9524,127001.56,85.0476,722373.6,1083560400.0,"Netherlands, Australia, United States, Spain, Ghana",observed: artist's own Nigerian share of listeners this quarter | Chartmetric + Soundcharts (observed); see 02_Methodology
Q4_2024,Davido,821325.88,28.4278,233484.62,71.5722,587841.26,881761890.0,"Côte D’Ivoire, United States, Cameroon, South Africa, United Kingdom",observed: artist's own Nigerian share of listeners this quarter | Chartmetric + Soundcharts (observed); see 02_Methodology
Q4_2024,CKay,679791.15,8.7902,59755.02,91.2098,620036.13,930054195.0,"Netherlands, Australia, Tanzania, Algeria, Pakistan",observed: artist's own Nigerian share of listeners this quarter | Chartmetric + Soundcharts (observed); see 02_Methodology
Q4_2024,Asake,627768.19,32.5836,204549.65,67.4164,423218.54,634827810.0,"Netherlands, Australia, United States, Uganda, United Kingdom",observed: artist's own Nigerian share of listeners this quarter | Chartmetric + Soundcharts (observed); see 02_Methodology
Q4_2024,Fireboy DML,602182.31,23.4623,141285.8,76.5377,460896.51,691344765.0,"Netherlands, United States, Mauritius, Tanzania, Belgium",observed: artist's own Nigerian share of listeners this quarter | Chartmetric + Soundcharts (observed); see 02_Methodology
Q4_2024,Libianca,597675.69,4.2097,25160.45,95.7903,572515.24,858772860.0,"Australia, Netherlands, India, United States, Belgium",observed: artist's own Nigerian share of listeners this quarter | Chartmetric + Soundcharts (observed); see 02_Methodology
Q4_2024,Kizz Daniel,551852.83,37.934,209340.09,62.066,342512.75,513769125.0,"Netherlands, Sierra Leone, United States, Mali, Ghana",observed: artist's own Nigerian share of listeners this quarter | Chartmetric + Soundcharts (observed); see 02_Methodology
Q4_2024,Victony,505779.14,24.9105,125992.01,75.0895,379787.13,569680695.0,"Netherlands, United States, Germany, United Kingdom, Kenya",observed: artist's own Nigerian share of listeners this quarter | Chartmetric + Soundcharts (observed); see 02_Methodology
Q4_2024,Ruger,466978.25,37.6423,175781.31,62.3577,291196.94,436795410.0,"Kenya, Netherlands, Australia, Sierra Leone, United States",observed: artist's own Nigerian share of listeners this quarter | Chartmetric + Soundcharts (observed); see 02_Methodology
Q4_2024,Amaarae,447472.08,3.7296,16688.87,96.2704,430783.21,646174815.0,"Australia, Netherlands, United States, India, Malaysia",observed: artist's own Nigerian share of listeners this quarter | Chartmetric + Soundcharts (observed); see 02_Methodology
Q4_2024,BNXN,367052.75,43.5523,159859.85,56.4477,207192.9,310789350.0,"United States, United Kingdom, Kenya, South Africa, Australia",observed: artist's own Nigerian share of listeners this quarter | Chartmetric + Soundcharts (observed); see 02_Methodology
Q4_2024,Oxlade,350316.31,9.3887,32890.15,90.6113,317426.16,476139240.0,"India, Netherlands, Australia, Ghana, United States",observed: artist's own Nigerian share of listeners this quarter | Chartmetric + Soundcharts (observed); see 02_Methodology
Q4_2024,Chike,331338.37,62.5221,207159.75,37.4779,124178.62,186267930.0,"United States, South Africa, United Kingdom, Kenya, Ghana",observed: artist's own Nigerian share of listeners this quarter | Chartmetric + Soundcharts (observed); see 02_Methodology
Q4_2024,Lojay,325954.91,16.113,52521.07,83.887,273433.84,410150760.0,"South Africa, United States, United Kingdom, Australia, Netherlands",observed: artist's own Nigerian share of listeners this quarter | Chartmetric + Soundcharts (observed); see 02_Methodology
Q4_2024,Olamide,313574.19,40.1254,125822.77,59.8746,187751.43,281627145.0,"Netherlands, Australia, Belgium, India, Zambia",observed: artist's own Nigerian share of listeners this quarter | Chartmetric + Soundcharts (observed); see 02_Methodology
Q4_2024,Tempoe,298290.42,28.5348,85116.57,71.4652,213173.85,319760775.0,,assumed: portfolio-wide ratio applied to an artist without own geography | Chartmetric + Soundcharts (observed); see 02_Methodology
Q4_2024,Darkoo,295444.6,24.3615,71974.83,75.6385,223469.77,335204655.0,"United Kingdom, Australia, United States, Kenya, Netherlands",observed: artist's own Nigerian share of listeners this quarter | Chartmetric + Soundcharts (observed); see 02_Methodology
Q4_2024,ODUMODUBLVCK,277694.44,65.4931,181870.6,34.5069,95823.84,143735760.0,"Netherlands, Uganda, Zambia, Malawi, Tanzania",observed: artist's own Nigerian share of listeners this quarter | Chartmetric + Soundcharts (observed); see 02_Methodology
Q4_2024,Joeboy,273756.83,25.5447,69930.3,74.4553,203826.54,305739810.0,"Netherlands, Colombia, Chile, Australia, Kenya",observed: artist's own Nigerian share of listeners this quarter | Chartmetric + Soundcharts (observed); see 02_Methodology
Q4_2024,Sarz,257254.88,20.1514,51840.43,79.8486,205414.45,308121675.0,"United States, South Africa, United Kingdom, Netherlands, Kenya",observed: artist's own Nigerian share of listeners this quarter | Chartmetric + Soundcharts (observed); see 02_Methodology
Q4_2024,Tiwa Savage,240895.46,45.5555,109741.25,54.4445,131154.21,196731315.0,"Côte D’Ivoire, Sierra Leone, United States, India, Kenya",observed: artist's own Nigerian share of listeners this quarter | Chartmetric + Soundcharts (observed); see 02_Methodology
Q4_2024,Young Jonn,236892.36,63.009,149263.42,36.991,87628.94,131443410.0,"Indonesia, United States, Ghana, United Kingdom, Kenya",observed: artist's own Nigerian share of listeners this quarter | Chartmetric + Soundcharts (observed); see 02_Methodology
Q4_2024,Mr Eazi,229824.49,8.1982,18841.56,91.8018,210982.93,316474395.0,"Colombia, Mexico, Chile, Tanzania, Peru",observed: artist's own Nigerian share of listeners this quarter | Chartmetric + Soundcharts (observed); see 02_Methodology
Q4_2024,Flavour,215543.39,48.048,103564.26,51.952,111979.12,167968680.0,"Senegal, Congo - Kinshasa, Liberia, Cameroon, Italy",observed: artist's own Nigerian share of listeners this quarter | Chartmetric + Soundcharts (observed); see 02_Methodology
Q4_2024,Adekunle Gold,209627.12,40.0003,83851.48,59.9997,125775.63,188663445.0,"Netherlands, Sierra Leone, United States, Liberia, Kenya",observed: artist's own Nigerian share of listeners this quarter | Chartmetric + Soundcharts (observed); see 02_Methodology
Q4_2024,Shallipopi,203165.55,75.0905,152558.06,24.9095,50607.49,75911235.0,"Brazil, Netherlands, Uganda, Malawi, Zambia",observed: artist's own Nigerian share of listeners this quarter | Chartmetric + Soundcharts (observed); see 02_Methodology
Q4_2024,Pheelz,195204.81,35.5666,69427.77,64.4334,125777.04,188665560.0,"United States, Uganda, Malawi, Belgium, United Kingdom",observed: artist's own Nigerian share of listeners this quarter | Chartmetric + Soundcharts (observed); see 02_Methodology
Q4_2024,Tekno,192805.0,24.9682,48140.0,75.0318,144665.0,216997500.0,"United States, Netherlands, France, Brazil, Kenya",observed: artist's own Nigerian share of listeners this quarter | Chartmetric + Soundcharts (observed); see 02_Methodology
Q4_2024,Patoranking,190142.08,35.2844,67090.41,64.7156,123051.67,184577505.0,"Kenya, United States, Sierra Leone, Netherlands, Australia",observed: artist's own Nigerian share of listeners this quarter | Chartmetric + Soundcharts (observed); see 02_Methodology
Q4_2024,Bayanni,184420.48,34.3741,63392.84,65.6259,121027.63,181541445.0,"India, United Kingdom, United States, Netherlands, Kenya",observed: artist's own Nigerian share of listeners this quarter | Chartmetric + Soundcharts (observed); see 02_Methodology
Q4_2024,Wande Coal,183023.7,39.0876,71539.66,60.9124,111484.04,167226060.0,"Malawi, United Kingdom, Belgium, Sweden, Tanzania",observed: artist's own Nigerian share of listeners this quarter | Chartmetric + Soundcharts (observed); see 02_Methodology
Q4_2024,P-Square,177273.92,25.3298,44903.19,74.6702,132370.74,198556110.0,"France, Netherlands, United States, South Africa, Kenya",observed: artist's own Nigerian share of listeners this quarter | Chartmetric + Soundcharts (observed); see 02_Methodology
Q4_2024,Qing Madi,174061.47,56.5589,98447.31,43.4411,75614.16,113421240.0,"Kenya, United States, Ghana, South Africa, Uganda",observed: artist's own Nigerian share of listeners this quarter | Chartmetric + Soundcharts (observed); see 02_Methodology
Q4_2024,Crayon,155734.61,36.1411,56284.18,63.8589,99450.42,149175630.0,"United States, Kenya, United Kingdom, Ghana, South Africa",observed: artist's own Nigerian share of listeners this quarter | Chartmetric + Soundcharts (observed); see 02_Methodology
Q4_2024,Seyi Vibez,151557.48,70.6103,107015.16,29.3897,44542.32,66813480.0,"United States, United Kingdom, Ghana, Kenya, South Africa",observed: artist's own Nigerian share of listeners this quarter | Chartmetric + Soundcharts (observed); see 02_Methodology
Q4_2024,Khaid,145575.73,71.0338,103407.94,28.9662,42167.79,63251685.0,"Ghana, United States, Kenya, South Africa, Liberia",observed: artist's own Nigerian share of listeners this quarter | Chartmetric + Soundcharts (observed); see 02_Methodology
Q4_2024,Phyno,143202.56,72.2769,103502.35,27.7231,39700.21,59550315.0,"Morocco, United States, Italy, United Kingdom, Netherlands",observed: artist's own Nigerian share of listeners this quarter | Chartmetric + Soundcharts (observed); see 02_Methodology
Q4_2024,Yemi Alade,133656.49,8.4633,11311.78,91.5367,122344.71,183517065.0,"Congo - Kinshasa, Zambia, Sierra Leone, Benin, Guinea",observed: artist's own Nigerian share of listeners this quarter | Chartmetric + Soundcharts (observed); see 02_Methodology
Q4_2024,Johnny Drille,131154.98,61.1855,80247.83,38.8145,50907.15,76360725.0,"Kenya, Liberia, United States, Togo, Uganda",observed: artist's own Nigerian share of listeners this quarter | Chartmetric + Soundcharts (observed); see 02_Methodology
Q4_2024,Spyro,127743.19,43.7397,55874.54,56.2603,71868.65,107802975.0,"Kenya, South Africa, United States, Ghana, United Kingdom",observed: artist's own Nigerian share of listeners this quarter | Chartmetric + Soundcharts (observed); see 02_Methodology
Q4_2024,Zinoleesky,125952.0,63.2188,79625.4,36.7812,46326.6,69489900.0,"South Africa, Netherlands, Ghana, Côte D’Ivoire, Australia",observed: artist's own Nigerian share of listeners this quarter | Chartmetric + Soundcharts (observed); see 02_Methodology
Q4_2024,Bella Shmurda,124403.98,74.0552,92127.62,25.9448,32276.36,48414540.0,"Netherlands, Uganda, Malawi, Zambia, Türkiye",observed: artist's own Nigerian share of listeners this quarter | Chartmetric + Soundcharts (observed); see 02_Methodology
Q4_2024,Naira Marley,117191.49,61.1539,71667.21,38.8461,45524.28,68286420.0,"Netherlands, Tanzania, Australia, Benin, Senegal",observed: artist's own Nigerian share of listeners this quarter | Chartmetric + Soundcharts (observed); see 02_Methodology
Q4_2024,Bracket,114158.04,30.1873,34461.24,69.8127,79696.8,119545200.0,"Netherlands, France, Kenya, United Kingdom, United States",observed: artist's own Nigerian share of listeners this quarter | Chartmetric + Soundcharts (observed); see 02_Methodology
Q4_2024,Maleek Berry,107220.83,24.2225,25971.55,75.7775,81249.28,121873920.0,"Tanzania, United States, Tunisia, Brazil, Sweden",observed: artist's own Nigerian share of listeners this quarter | Chartmetric + Soundcharts (observed); see 02_Methodology
Q4_2024,Iyanya,103490.14,30.5585,31624.99,69.4415,71865.14,107797710.0,"Kenya, United States, Netherlands, Zambia, Australia",observed: artist's own Nigerian share of listeners this quarter | Chartmetric + Soundcharts (observed); see 02_Methodology
Q4_2024,Zlatan,101077.42,85.4969,86418.03,14.5031,14659.38,21989070.0,"United States, United Kingdom, Netherlands, Italy, Benin",observed: artist's own Nigerian share of listeners this quarter | Chartmetric + Soundcharts (observed); see 02_Methodology
Q4_2024,Blaqbonez,99807.56,74.696,74552.29,25.304,25255.26,37882890.0,"United Arab Emirates, India, Netherlands, Kenya, Malawi",observed: artist's own Nigerian share of listeners this quarter | Chartmetric + Soundcharts (observed); see 02_Methodology
Q4_2024,Magixx,98871.31,51.5526,50970.77,48.4474,47900.55,71850825.0,"Kenya, United States, South Africa, Ghana, United Kingdom",observed: artist's own Nigerian share of listeners this quarter | Chartmetric + Soundcharts (observed); see 02_Methodology
Q4_2024,Timaya,94210.53,48.911,46079.3,51.089,48131.24,72196860.0,"Netherlands, United States, India, Italy, Australia",observed: artist's own Nigerian share of listeners this quarter | Chartmetric + Soundcharts (observed); see 02_Methodology
Q4_2024,Mayorkun,88182.76,45.4814,40106.75,54.5186,48076.0,72114000.0,"Netherlands, Australia, Kenya, United States, Zambia",observed: artist's own Nigerian share of listeners this quarter | Chartmetric + Soundcharts (observed); see 02_Methodology
Q4_2024,Simi,87617.53,46.1771,40459.2,53.8229,47158.33,70737495.0,"Liberia, South Africa, Ghana, Italy, Tanzania",observed: artist's own Nigerian share of listeners this quarter | Chartmetric + Soundcharts (observed); see 02_Methodology
Q4_2024,Mohbad,86103.24,69.1041,59500.87,30.8959,26602.36,39903540.0,"South Africa, United States, Ghana, United Kingdom, Kenya",observed: artist's own Nigerian share of listeners this quarter | Chartmetric + Soundcharts (observed); see 02_Methodology
Q4_2024,Reekado Banks,74976.35,50.5766,37920.52,49.4234,37055.83,55583745.0,"Côte D’Ivoire, United States, Netherlands, India, Senegal",observed: artist's own Nigerian share of listeners this quarter | Chartmetric + Soundcharts (observed); see 02_Methodology
Q4_2024,Lil Kesh,73160.79,91.3666,66844.53,8.6334,6316.26,9474390.0,"United States, United Kingdom, Italy, Benin, Netherlands",observed: artist's own Nigerian share of listeners this quarter | Chartmetric + Soundcharts (observed); see 02_Methodology
Q4_2024,Skiibii,73071.63,49.5414,36200.72,50.4586,36870.91,55306365.0,"United States, Netherlands, United Kingdom, Germany, Ghana",observed: artist's own Nigerian share of listeners this quarter | Chartmetric + Soundcharts (observed); see 02_Methodology
Q4_2024,Ric Hassani,69549.78,6.2279,4331.47,93.7721,65218.31,97827465.0,"Tanzania, Germany, Canada, Colombia, Spain",observed: artist's own Nigerian share of listeners this quarter | Chartmetric + Soundcharts (observed); see 02_Methodology
Q4_2024,Teni,69397.27,48.8053,33869.54,51.1947,35527.73,53291595.0,"Sierra Leone, Benin, Netherlands, United Arab Emirates, Liberia",observed: artist's own Nigerian share of listeners this quarter | Chartmetric + Soundcharts (observed); see 02_Methodology
Q4_2024,LADIPOE,69325.69,58.1783,40332.49,41.8217,28993.21,43489815.0,"United States, Kenya, South Africa, United Kingdom, Ghana",observed: artist's own Nigerian share of listeners this quarter | Chartmetric + Soundcharts (observed); see 02_Methodology
Q4_2024,Olakira,63488.16,28.0637,17817.15,71.9363,45671.01,68506515.0,"United States, Morocco, Senegal, Australia, Italy",observed: artist's own Nigerian share of listeners this quarter | Chartmetric + Soundcharts (observed); see 02_Methodology
Q4_2024,DJ Neptune,58297.01,47.945,27950.47,52.055,30346.53,45519795.0,"Netherlands, Malawi, United Arab Emirates, Australia, Tanzania",observed: artist's own Nigerian share of listeners this quarter | Chartmetric + Soundcharts (observed); see 02_Methodology
Q4_2024,Boj,55478.82,26.7274,14828.03,73.2726,40650.79,60976185.0,"United Kingdom, Spain, Australia, United States, Netherlands",observed: artist's own Nigerian share of listeners this quarter | Chartmetric + Soundcharts (observed); see 02_Methodology
Q4_2024,Bloody Civilian,55148.26,77.5161,42748.76,22.4839,12399.5,18599250.0,"Netherlands, Uganda, Australia, Ireland, United States",observed: artist's own Nigerian share of listeners this quarter | Chartmetric + Soundcharts (observed); see 02_Methodology
Q4_2024,Boy Spyce,54644.1,59.2606,32382.43,40.7394,22261.68,33392520.0,"Ghana, Kenya, United States, United Kingdom, South Africa",observed: artist's own Nigerian share of listeners this quarter | Chartmetric + Soundcharts (observed); see 02_Methodology
Q4_2024,Korede Bello,53419.91,14.6401,7820.71,85.3599,45599.2,68398800.0,"Sierra Leone, Tanzania, Netherlands, Guinea, Gambia",observed: artist's own Nigerian share of listeners this quarter | Chartmetric + Soundcharts (observed); see 02_Methodology
Q4_2024,Tay Iwar,49625.99,22.154,10994.16,77.846,38631.83,57947745.0,"United States, United Kingdom, Kenya, Australia, Netherlands",observed: artist's own Nigerian share of listeners this quarter | Chartmetric + Soundcharts (observed); see 02_Methodology
Q4_2024,2Baba,47540.25,63.8177,30339.09,36.1823,17201.17,25801755.0,"United States, United Kingdom, Malawi, Netherlands, New Zealand",observed: artist's own Nigerian share of listeners this quarter | Chartmetric + Soundcharts (observed); see 02_Methodology
Q4_2024,Falz,47174.24,68.6387,32379.78,31.3613,14794.46,22191690.0,"China, Brazil, Netherlands, India, Spain",observed: artist's own Nigerian share of listeners this quarter | Chartmetric + Soundcharts (observed); see 02_Methodology
Q4_2024,Ice Prince,45231.04,31.0895,14062.12,68.9105,31168.92,46753380.0,"India, Australia, Indonesia, Japan, Tanzania",observed: artist's own Nigerian share of listeners this quarter | Chartmetric + Soundcharts (observed); see 02_Methodology
Q4_2024,Peruzzi,41110.26,83.6366,34383.23,16.3634,6727.03,10090545.0,"United States, United Kingdom, Ghana, South Africa, Canada",observed: artist's own Nigerian share of listeners this quarter | Chartmetric + Soundcharts (observed); see 02_Methodology
Q4_2024,Bad Boy Timz,37399.4,52.7342,19722.27,47.2658,17677.12,26515680.0,"United States, United Kingdom, Ghana, Kenya, Canada",observed: artist's own Nigerian share of listeners this quarter | Chartmetric + Soundcharts (observed); see 02_Methodology
Q4_2024,Ycee,35170.02,42.0732,14797.16,57.9268,20372.86,30559290.0,"Tanzania, United States, United Kingdom, France, Sweden",observed: artist's own Nigerian share of listeners this quarter | Chartmetric + Soundcharts (observed); see 02_Methodology
Q4_2024,D'banj,34684.06,43.0254,14922.97,56.9746,19761.09,29641635.0,"United Arab Emirates, Netherlands, Australia, United Kingdom, Zambia",observed: artist's own Nigerian share of listeners this quarter | Chartmetric + Soundcharts (observed); see 02_Methodology
Q4_2024,DJ Spinall,31881.94,25.0,7970.49,75.0,23911.46,35867190.0,"United States, United Kingdom, Ireland, Germany, France",observed: artist's own Nigerian share of listeners this quarter | Chartmetric + Soundcharts (observed); see 02_Methodology
Q4_2024,Fela Kuti,31382.23,10.5671,3316.19,89.4329,28066.03,42099045.0,"Netherlands, Chile, Belgium, Tanzania, Ireland",observed: artist's own Nigerian share of listeners this quarter | Chartmetric + Soundcharts (observed); see 02_Methodology
Q4_2024,Cruel Santino,31019.93,59.3385,18406.77,40.6615,12613.16,18919740.0,"Netherlands, Australia, Belgium, Uganda, Ireland",observed: artist's own Nigerian share of listeners this quarter | Chartmetric + Soundcharts (observed); see 02_Methodology
Q4_2024,Nonso Amadi,28511.88,24.2907,6925.74,75.7093,21586.14,32379210.0,"United States, Canada, South Africa, Kenya, United Kingdom",observed: artist's own Nigerian share of listeners this quarter | Chartmetric + Soundcharts (observed); see 02_Methodology
Q4_2024,Show Dem Camp,27450.62,38.1676,10477.23,61.8324,16973.39,25460085.0,"United States, United Kingdom, South Africa, Canada, Australia",observed: artist's own Nigerian share of listeners this quarter | Chartmetric + Soundcharts (observed); see 02_Methodology
Q4_2024,Mannywellz,26932.27,33.0255,8894.51,66.9745,18037.76,27056640.0,"United States, South Africa, United Kingdom, Kenya, Ghana",observed: artist's own Nigerian share of listeners this quarter | Chartmetric + Soundcharts (observed); see 02_Methodology
Q4_2024,Niniola,26713.22,24.822,6630.75,75.178,20082.47,30123705.0,"Netherlands, Norway, Egypt, Syria, South Africa",observed: artist's own Nigerian share of listeners this quarter | Chartmetric + Soundcharts (observed); see 02_Methodology
Q4_2024,Banky W.,24701.35,46.7793,11555.11,53.2207,13146.23,19719345.0,"United Arab Emirates, Senegal, Malawi, United States, Netherlands",observed: artist's own Nigerian share of listeners this quarter | Chartmetric + Soundcharts (observed); see 02_Methodology
Q4_2024,Duncan Mighty,24091.22,77.8807,18762.42,22.1193,5328.81,7993215.0,"Tanzania, Italy, United States, Kenya, United Kingdom",observed: artist's own Nigerian share of listeners this quarter | Chartmetric + Soundcharts (observed); see 02_Methodology
Q4_2024,Vector,23303.01,71.0039,16546.04,28.9961,6756.97,10135455.0,"United States, United Kingdom, Ghana, South Africa, Kenya",observed: artist's own Nigerian share of listeners this quarter | Chartmetric + Soundcharts (observed); see 02_Methodology
Q4_2024,9ice,22991.66,67.5283,15525.88,32.4717,7465.78,11198670.0,"Kenya, United States, United Kingdom, Netherlands, Zambia",observed: artist's own Nigerian share of listeners this quarter | Chartmetric + Soundcharts (observed); see 02_Methodology
Q4_2024,Aṣa,22532.21,38.9519,8776.71,61.0481,13755.5,20633250.0,"United Arab Emirates, Brazil, Netherlands, Tanzania, Belgium",observed: artist's own Nigerian share of listeners this quarter | Chartmetric + Soundcharts (observed); see 02_Methodology
Q4_2024,Odunsi (The Engine),20716.54,17.3055,3585.1,82.6945,17131.44,25697160.0,"Ghana, Ireland, Belgium, Sweden, United States",observed: artist's own Nigerian share of listeners this quarter | Chartmetric + Soundcharts (observed); see 02_Methodology
Q4_2024,Rude Boy,18444.74,0.2735,50.45,99.7265,18394.29,27591435.0,"Taiwan, Singapore, Thailand, Costa Rica, Chile",observed: artist's own Nigerian share of listeners this quarter | Chartmetric + Soundcharts (observed); see 02_Methodology
Q4_2024,Reminisce,18155.97,75.9073,13781.7,24.0927,4374.26,6561390.0,"Netherlands, Australia, Ireland, Uganda, Zambia",observed: artist's own Nigerian share of listeners this quarter | Chartmetric + Soundcharts (observed); see 02_Methodology
Q4_2024,WurlD,17930.69,41.5946,7458.2,58.4054,10472.49,15708735.0,"Netherlands, Kenya, Ghana, Zambia, United States",observed: artist's own Nigerian share of listeners this quarter | Chartmetric + Soundcharts (observed); see 02_Methodology
Q4_2024,Ajebutter22,15680.01,33.8955,5314.82,66.1045,10365.19,15547785.0,"United States, United Kingdom, Canada, Netherlands, Australia",observed: artist's own Nigerian share of listeners this quarter | Chartmetric + Soundcharts (observed); see 02_Methodology
Q4_2024,Brymo,14785.65,75.4914,11161.9,24.5086,3623.75,5435625.0,"United States, United Kingdom, Ghana, Canada, United Arab Emirates",observed: artist's own Nigerian share of listeners this quarter | Chartmetric + Soundcharts (observed); see 02_Methodology
Q4_2024,Praiz,14720.71,12.7856,1882.14,87.2144,12838.57,19257855.0,"Netherlands, Tanzania, Sweden, Chile, Spain",observed: artist's own Nigerian share of listeners this quarter | Chartmetric + Soundcharts (observed); see 02_Methodology
Q4_2024,Lyta,14505.43,92.3808,13400.24,7.6192,1105.19,1657785.0,"United States, United Kingdom, Ghana, South Africa, Canada",observed: artist's own Nigerian share of listeners this quarter | Chartmetric + Soundcharts (observed); see 02_Methodology
Q4_2024,M.I. Abaga,14027.47,70.6931,9916.46,29.3069,4111.01,6166515.0,"United States, United Kingdom, South Africa, Canada, Ghana",observed: artist's own Nigerian share of listeners this quarter | Chartmetric + Soundcharts (observed); see 02_Methodology
Q4_2024,Sean Tizzle,13440.79,60.7632,8167.05,39.2368,5273.74,7910610.0,"United States, United Kingdom, Canada, Netherlands, Ghana",observed: artist's own Nigerian share of listeners this quarter | Chartmetric + Soundcharts (observed); see 02_Methodology
Q4_2024,Lagbaja,13155.27,54.8587,7216.81,45.1413,5938.46,8907690.0,"United States, United Kingdom, Ghana, Canada, Angola",observed: artist's own Nigerian share of listeners this quarter | Chartmetric + Soundcharts (observed); see 02_Methodology
Q4_2024,Dice Ailes,13087.38,68.2728,8935.12,31.7272,4152.26,6228390.0,"United States, Benin, United Kingdom, Ghana, Canada",observed: artist's own Nigerian share of listeners this quarter | Chartmetric + Soundcharts (observed); see 02_Methodology
Q4_2024,Terry Apala,10692.25,88.0467,9414.17,11.9533,1278.08,1917120.0,"United States, United Kingdom, Ghana, South Africa, Canada",observed: artist's own Nigerian share of listeners this quarter | Chartmetric + Soundcharts (observed); see 02_Methodology
Q4_2024,Illbliss,10524.18,79.1964,8334.77,20.8036,2189.41,3284115.0,"United States, Ghana, United Kingdom, South Africa, Canada",observed: artist's own Nigerian share of listeners this quarter | Chartmetric + Soundcharts (observed); see 02_Methodology
Q4_2024,Dremo,8572.24,81.3855,6976.56,18.6145,1595.68,2393520.0,"United States, United Kingdom, South Africa, Ghana, Canada",observed: artist's own Nigerian share of listeners this quarter | Chartmetric + Soundcharts (observed); see 02_Methodology
Q4_2024,HarrySong,8412.38,46.4222,3905.21,53.5778,4507.17,6760755.0,"United States, Kenya, Netherlands, Italy, United Kingdom",observed: artist's own Nigerian share of listeners this quarter | Chartmetric + Soundcharts (observed); see 02_Methodology
Q4_2024,Seyi Shay,8323.75,42.6207,3547.64,57.3793,4776.11,7164165.0,"United Arab Emirates, Italy, Venezuela, Türkiye, Senegal",observed: artist's own Nigerian share of listeners this quarter | Chartmetric + Soundcharts (observed); see 02_Methodology
Q4_2024,Terri,7431.53,43.6147,3241.24,56.3853,4190.29,6285435.0,"Netherlands, Tanzania, United Arab Emirates, United States, Benin",observed: artist's own Nigerian share of listeners this quarter | Chartmetric + Soundcharts (observed); see 02_Methodology
Q4_2024,King Sunny Ade,7228.92,66.7513,4825.4,33.2487,2403.53,3605295.0,"United Kingdom, United States, Canada, South Africa, Ireland",observed: artist's own Nigerian share of listeners this quarter | Chartmetric + Soundcharts (observed); see 02_Methodology
Q4_2024,Solidstar,7167.69,58.5529,4196.89,41.4471,2970.8,4456200.0,"United States, Colombia, United Kingdom, South Africa, Netherlands",observed: artist's own Nigerian share of listeners this quarter | Chartmetric + Soundcharts (observed); see 02_Methodology
Q4_2024,Lady Donli,7023.27,14.6415,1028.31,85.3585,5994.96,8992440.0,"United States, United Kingdom, South Africa, Australia, Germany",observed: artist's own Nigerian share of listeners this quarter | Chartmetric + Soundcharts (observed); see 02_Methodology
Q4_2024,Mr Real,5751.77,62.4848,3593.99,37.5152,2157.79,3236685.0,"South Africa, Canada, Ghana, Malawi, Australia",observed: artist's own Nigerian share of listeners this quarter | Chartmetric + Soundcharts (observed); see 02_Methodology
Q4_2024,Yung6ix,5291.69,89.5917,4740.92,10.4083,550.77,826155.0,"Netherlands, Germany, France, Benin, India",observed: artist's own Nigerian share of listeners this quarter | Chartmetric + Soundcharts (observed); see 02_Methodology
Q4_2024,Darey,5137.82,69.7925,3585.82,30.2075,1552.0,2328000.0,"United Arab Emirates, Italy, United Kingdom, South Africa, United States",observed: artist's own Nigerian share of listeners this quarter | Chartmetric + Soundcharts (observed); see 02_Methodology
Q4_2024,Olu Maintain,4763.35,63.1919,3010.06,36.8081,1753.3,2629950.0,"United Kingdom, United States, Ghana, Canada, South Africa",observed: artist's own Nigerian share of listeners this quarter | Chartmetric + Soundcharts (observed); see 02_Methodology
Q4_2024,Prettyboy D-O,4047.16,47.3448,1916.12,52.6552,2131.04,3196560.0,"South Africa, United States, United Kingdom, Canada, Australia",observed: artist's own Nigerian share of listeners this quarter | Chartmetric + Soundcharts (observed); see 02_Methodology
Q4_2024,Waje,3847.8,62.605,2408.91,37.395,1438.89,2158335.0,"Canada, South Africa, Ghana, Netherlands, Malawi",observed: artist's own Nigerian share of listeners this quarter | Chartmetric + Soundcharts (observed); see 02_Methodology
Q4_2024,CDQ,3705.93,78.254,2900.04,21.746,805.89,1208835.0,"United States, Tanzania, Belgium, Malawi, China",observed: artist's own Nigerian share of listeners this quarter | Chartmetric + Soundcharts (observed); see 02_Methodology
Q4_2024,Naeto C,3470.17,66.2049,2297.42,33.7951,1172.75,1759125.0,"Uganda, Ireland, Australia, Netherlands, Zambia",observed: artist's own Nigerian share of listeners this quarter | Chartmetric + Soundcharts (observed); see 02_Methodology
Q4_2024,Small Doctor,3179.25,73.6995,2343.09,26.3005,836.16,1254240.0,"United Kingdom, United States, Canada, Ghana, Ireland",observed: artist's own Nigerian share of listeners this quarter | Chartmetric + Soundcharts (observed); see 02_Methodology
Q4_2024,Sound Sultan,3127.14,76.8873,2404.38,23.1127,722.77,1084155.0,"United States, United Kingdom, Canada, South Africa, Ghana",observed: artist's own Nigerian share of listeners this quarter | Chartmetric + Soundcharts (observed); see 02_Methodology
Q4_2024,Eldee,2876.14,76.5712,2202.29,23.4288,673.85,1010775.0,"Kenya, Ireland, Netherlands, United Arab Emirates, United States",observed: artist's own Nigerian share of listeners this quarter | Chartmetric + Soundcharts (observed); see 02_Methodology
Q4_2024,Jesse Jagz,2824.69,68.4027,1932.17,31.5973,892.53,1338795.0,"Sweden, Finland, Netherlands, Malawi, Australia",observed: artist's own Nigerian share of listeners this quarter | Chartmetric + Soundcharts (observed); see 02_Methodology
Q4_2024,Dammy Krane,2526.54,60.8791,1538.14,39.1209,988.4,1482600.0,"South Africa, Canada, Netherlands, Kenya, Malawi",observed: artist's own Nigerian share of listeners this quarter | Chartmetric + Soundcharts (observed); see 02_Methodology
Q4_2024,Sauce Kid,430.04,66.0913,284.22,33.9087,145.82,218730.0,"United States, United Kingdom, Canada, Ghana, Ireland",observed: artist's own Nigerian share of listeners this quarter | Chartmetric + Soundcharts (observed); see 02_Methodology
Q4_2024,Ebenezer Obey,119.71,28.5348,34.16,71.4652,85.55,128325.0,,assumed: portfolio-wide ratio applied to an artist without own geography | Chartmetric + Soundcharts (observed); see 02_Methodology
Q4_2024,Oritsefemi,27.76,87.5,24.29,12.5,3.47,5205.0,"United States, India, United Kingdom, United Arab Emirates, Singapore",observed: artist's own Nigerian share of listeners this quarter | Chartmetric + Soundcharts (observed); see 02_Methodology
Q4_2024,DJ Cuppy,11.9,28.5348,3.4,71.4652,8.51,12765.0,,assumed: portfolio-wide ratio applied to an artist without own geography | Chartmetric + Soundcharts (observed); see 02_Methodology
Q4_2024,Odunsi,0.31,28.5348,0.09,71.4652,0.22,330.0,,assumed: portfolio-wide ratio applied to an artist without own geography | Chartmetric + Soundcharts (observed); see 02_Methodology
Q4_2024,=== PERIOD TOTAL ===,23152246.3,,6237865.43,,16914380.9,25371571350.0,,Aggregated
Q1_2025,Rema,1591573.3,10.6241,169089.86,89.3759,1422483.45,2133725175.0,"Netherlands, Australia, United States, Chile, Tanzania",observed: artist's own Nigerian share of listeners this quarter | Chartmetric + Soundcharts (observed); see 02_Methodology
Q1_2025,Burna Boy,1533312.17,10.1256,155257.68,89.8744,1378054.49,2067081735.0,"United States, France, Côte D’Ivoire, United Kingdom, Kenya",observed: artist's own Nigerian share of listeners this quarter | Chartmetric + Soundcharts (observed); see 02_Methodology
Q1_2025,Ayra Starr,1282234.05,7.611,97590.45,92.389,1184643.61,1776965415.0,"Côte D’Ivoire, Congo - Kinshasa, United States, Kenya, Benin",observed: artist's own Nigerian share of listeners this quarter | Chartmetric + Soundcharts (observed); see 02_Methodology
Q1_2025,Tems,1113274.8,5.4168,60304.16,94.5832,1052970.64,1579455960.0,"United States, South Africa, United Kingdom, Uganda, France",observed: artist's own Nigerian share of listeners this quarter | Chartmetric + Soundcharts (observed); see 02_Methodology
Q1_2025,Wizkid,864737.21,23.161,200282.01,76.839,664455.2,996682800.0,"United States, Uganda, United Kingdom, Kenya, France",observed: artist's own Nigerian share of listeners this quarter | Chartmetric + Soundcharts (observed); see 02_Methodology
Q1_2025,Omah Lay,793758.97,16.2038,128618.75,83.7962,665140.22,997710330.0,"Netherlands, Australia, United States, Spain, Belgium",observed: artist's own Nigerian share of listeners this quarter | Chartmetric + Soundcharts (observed); see 02_Methodology
Q1_2025,Davido,740039.74,31.0284,229622.51,68.9716,510417.23,765625845.0,"United States, South Africa, United Kingdom, Senegal, United Arab Emirates",observed: artist's own Nigerian share of listeners this quarter | Chartmetric + Soundcharts (observed); see 02_Methodology
Q1_2025,CKay,643028.3,8.097,52066.0,91.903,590962.3,886443450.0,"Netherlands, Bangladesh, Algeria, Australia, Spain",observed: artist's own Nigerian share of listeners this quarter | Chartmetric + Soundcharts (observed); see 02_Methodology
Q1_2025,Fireboy DML,562716.37,27.893,156958.57,72.107,405757.8,608636700.0,"United States, United Kingdom, Kenya, Malawi, Zimbabwe",observed: artist's own Nigerian share of listeners this quarter | Chartmetric + Soundcharts (observed); see 02_Methodology
Q1_2025,Asake,556685.22,40.5428,225696.01,59.4572,330989.21,496483815.0,"United States, Uganda, Zambia, United Kingdom, Kenya",observed: artist's own Nigerian share of listeners this quarter | Chartmetric + Soundcharts (observed); see 02_Methodology
Q1_2025,Libianca,508795.64,3.5902,18267.01,96.4098,490528.63,735792945.0,"India, United States, Indonesia, Thailand, South Africa",observed: artist's own Nigerian share of listeners this quarter | Chartmetric + Soundcharts (observed); see 02_Methodology
Q1_2025,Victony,477210.25,37.7079,179946.17,62.2921,297264.08,445896120.0,"Netherlands, United States, Germany, United Kingdom, Kenya",observed: artist's own Nigerian share of listeners this quarter | Chartmetric + Soundcharts (observed); see 02_Methodology
Q1_2025,Ruger,445275.75,41.0504,182787.45,58.9496,262488.3,393732450.0,"Kenya, United States, Sierra Leone, Zimbabwe, South Africa",observed: artist's own Nigerian share of listeners this quarter | Chartmetric + Soundcharts (observed); see 02_Methodology
Q1_2025,Kizz Daniel,405001.59,38.9957,157933.23,61.0043,247068.37,370602555.0,"Sierra Leone, Benin, Congo - Kinshasa, United States, Liberia",observed: artist's own Nigerian share of listeners this quarter | Chartmetric + Soundcharts (observed); see 02_Methodology
Q1_2025,Amaarae,394750.72,2.818,11123.94,97.182,383626.78,575440170.0,"Australia, Netherlands, Chile, United States, India",observed: artist's own Nigerian share of listeners this quarter | Chartmetric + Soundcharts (observed); see 02_Methodology
Q1_2025,BNXN,314467.93,51.3963,161625.02,48.6037,152842.91,229264365.0,"United States, United Kingdom, Kenya, South Africa, Netherlands",observed: artist's own Nigerian share of listeners this quarter | Chartmetric + Soundcharts (observed); see 02_Methodology
Q1_2025,Joeboy,304213.32,33.9879,103395.71,66.0121,200817.61,301226415.0,"Netherlands, Chile, Spain, Kenya, United States",observed: artist's own Nigerian share of listeners this quarter | Chartmetric + Soundcharts (observed); see 02_Methodology
Q1_2025,Oxlade,295567.66,9.3154,27533.24,90.6846,268034.42,402051630.0,"India, United States, France, Kenya, Uganda",observed: artist's own Nigerian share of listeners this quarter | Chartmetric + Soundcharts (observed); see 02_Methodology
Q1_2025,Lojay,289586.71,16.56,47955.49,83.44,241631.22,362446830.0,"United States, South Africa, United Kingdom, Netherlands, Australia",observed: artist's own Nigerian share of listeners this quarter | Chartmetric + Soundcharts (observed); see 02_Methodology
Q1_2025,Shallipopi,266803.61,79.7341,212733.46,20.2659,54070.15,81105225.0,"Kenya, South Africa, Netherlands, Canada, United States",observed: artist's own Nigerian share of listeners this quarter | Chartmetric + Soundcharts (observed); see 02_Methodology
Q1_2025,Olamide,265373.74,42.7263,113384.42,57.2737,151989.32,227983980.0,"Uganda, United States, Zambia, Malawi, United Kingdom",observed: artist's own Nigerian share of listeners this quarter | Chartmetric + Soundcharts (observed); see 02_Methodology
Q1_2025,Tempoe,265202.62,32.1529,85270.4,67.8471,179932.22,269898330.0,,assumed: portfolio-wide ratio applied to an artist without own geography | Chartmetric + Soundcharts (observed); see 02_Methodology
Q1_2025,Seyi Vibez,257207.51,90.7243,233349.77,9.2757,23857.74,35786610.0,"United States, United Kingdom, Ghana, Kenya, South Africa",observed: artist's own Nigerian share of listeners this quarter | Chartmetric + Soundcharts (observed); see 02_Methodology
Q1_2025,Darkoo,253769.09,23.4638,59543.83,76.5362,194225.26,291337890.0,"United Kingdom, Australia, Netherlands, Kenya, United States",observed: artist's own Nigerian share of listeners this quarter | Chartmetric + Soundcharts (observed); see 02_Methodology
Q1_2025,Tiwa Savage,237475.92,38.1492,90595.16,61.8508,146880.76,220321140.0,"Sierra Leone, Kenya, United States, China, Liberia",observed: artist's own Nigerian share of listeners this quarter | Chartmetric + Soundcharts (observed); see 02_Methodology
Q1_2025,Chike,235207.85,70.1916,165096.05,29.8084,70111.8,105167700.0,"South Africa, Kenya, United States, Ghana, United Kingdom",observed: artist's own Nigerian share of listeners this quarter | Chartmetric + Soundcharts (observed); see 02_Methodology
Q1_2025,ODUMODUBLVCK,233904.53,88.2896,206513.34,11.7104,27391.18,41086770.0,"Netherlands, Uganda, United States, Zambia, United Kingdom",observed: artist's own Nigerian share of listeners this quarter | Chartmetric + Soundcharts (observed); see 02_Methodology
Q1_2025,Mr Eazi,220874.98,8.117,17928.52,91.883,202946.45,304419675.0,"United States, Zimbabwe, Sierra Leone, United Kingdom, Uganda",observed: artist's own Nigerian share of listeners this quarter | Chartmetric + Soundcharts (observed); see 02_Methodology
Q1_2025,P-Square,219253.07,29.5548,64799.77,70.4452,154453.31,231679965.0,"Kenya, France, United States, South Africa, Côte D’Ivoire",observed: artist's own Nigerian share of listeners this quarter | Chartmetric + Soundcharts (observed); see 02_Methodology
Q1_2025,Young Jonn,208588.85,73.2431,152776.85,26.7569,55812.0,83718000.0,"Indonesia, United States, United Kingdom, Ghana, Kenya",observed: artist's own Nigerian share of listeners this quarter | Chartmetric + Soundcharts (observed); see 02_Methodology
Q1_2025,Tekno,207847.46,24.8283,51604.97,75.1717,156242.49,234363735.0,"United States, Kenya, Zimbabwe, France, South Africa",observed: artist's own Nigerian share of listeners this quarter | Chartmetric + Soundcharts (observed); see 02_Methodology
Q1_2025,Adekunle Gold,200224.71,45.4324,90966.86,54.5676,109257.85,163886775.0,"Sierra Leone, United States, Liberia, Kenya, United Kingdom",observed: artist's own Nigerian share of listeners this quarter | Chartmetric + Soundcharts (observed); see 02_Methodology
Q1_2025,Sarz,199194.77,20.4357,40706.85,79.5643,158487.91,237731865.0,"United Kingdom, Netherlands, South Africa, United States, Indonesia",observed: artist's own Nigerian share of listeners this quarter | Chartmetric + Soundcharts (observed); see 02_Methodology
Q1_2025,Flavour,172752.29,54.8785,94803.95,45.1215,77948.34,116922510.0,"Congo - Kinshasa, Senegal, Cameroon, Togo, Brazil",observed: artist's own Nigerian share of listeners this quarter | Chartmetric + Soundcharts (observed); see 02_Methodology
Q1_2025,Patoranking,159386.2,41.5334,66198.43,58.4666,93187.77,139781655.0,"Kenya, Sierra Leone, United States, Malawi, Liberia",observed: artist's own Nigerian share of listeners this quarter | Chartmetric + Soundcharts (observed); see 02_Methodology
Q1_2025,Bayanni,155004.21,28.4294,44066.81,71.5706,110937.4,166406100.0,"United States, Netherlands, Germany, Kenya, Australia",observed: artist's own Nigerian share of listeners this quarter | Chartmetric + Soundcharts (observed); see 02_Methodology
Q1_2025,Teni,150065.24,62.6609,94032.24,37.3391,56032.99,84049485.0,"Benin, Italy, Philippines, Netherlands, Liberia",observed: artist's own Nigerian share of listeners this quarter | Chartmetric + Soundcharts (observed); see 02_Methodology
Q1_2025,Naira Marley,150007.33,76.5678,114857.25,23.4322,35150.08,52725120.0,"United States, Ghana, United Kingdom, Cameroon, Benin",observed: artist's own Nigerian share of listeners this quarter | Chartmetric + Soundcharts (observed); see 02_Methodology
Q1_2025,Pheelz,149467.43,30.7875,46017.23,69.2125,103450.2,155175300.0,"United States, Uganda, Belgium, United Kingdom, Sweden",observed: artist's own Nigerian share of listeners this quarter | Chartmetric + Soundcharts (observed); see 02_Methodology
Q1_2025,Qing Madi,141902.8,56.8473,80667.89,43.1527,61234.91,91852365.0,"Kenya, Ghana, South Africa, United States, United Kingdom",observed: artist's own Nigerian share of listeners this quarter | Chartmetric + Soundcharts (observed); see 02_Methodology
Q1_2025,Wande Coal,138959.7,43.7841,60842.32,56.2159,78117.38,117176070.0,"Malawi, United States, Zimbabwe, United Kingdom, Kenya",observed: artist's own Nigerian share of listeners this quarter | Chartmetric + Soundcharts (observed); see 02_Methodology
Q1_2025,Yemi Alade,138485.64,8.5218,11801.44,91.4782,126684.2,190026300.0,"Congo - Kinshasa, Sierra Leone, Zambia, Benin, Uganda",observed: artist's own Nigerian share of listeners this quarter | Chartmetric + Soundcharts (observed); see 02_Methodology
Q1_2025,Crayon,134773.36,40.1786,54150.03,59.8214,80623.33,120934995.0,"Kenya, United States, United Kingdom, Ghana, South Africa",observed: artist's own Nigerian share of listeners this quarter | Chartmetric + Soundcharts (observed); see 02_Methodology
Q1_2025,Zinoleesky,124415.11,74.1772,92287.7,25.8228,32127.41,48191115.0,"United Arab Emirates, Netherlands, Côte D’Ivoire, Australia, United States",observed: artist's own Nigerian share of listeners this quarter | Chartmetric + Soundcharts (observed); see 02_Methodology
Q1_2025,Bella Shmurda,117093.62,86.986,101855.02,13.014,15238.6,22857900.0,"Kenya, Netherlands, Uganda, Australia, Ghana",observed: artist's own Nigerian share of listeners this quarter | Chartmetric + Soundcharts (observed); see 02_Methodology
Q1_2025,Johnny Drille,111980.27,65.3298,73156.52,34.6702,38823.75,58235625.0,"Kenya, Togo, Liberia, Rwanda, United States",observed: artist's own Nigerian share of listeners this quarter | Chartmetric + Soundcharts (observed); see 02_Methodology
Q1_2025,Phyno,109399.89,90.2889,98775.96,9.7111,10623.93,15935895.0,"United States, United Kingdom, Uganda, Italy, Malawi",observed: artist's own Nigerian share of listeners this quarter | Chartmetric + Soundcharts (observed); see 02_Methodology
Q1_2025,Magixx,108427.99,54.0139,58566.14,45.9861,49861.85,74792775.0,"Kenya, United States, South Africa, United Kingdom, Ghana",observed: artist's own Nigerian share of listeners this quarter | Chartmetric + Soundcharts (observed); see 02_Methodology
Q1_2025,Khaid,108346.34,75.3147,81600.71,24.6853,26745.63,40118445.0,"Ghana, United States, Togo, Kenya, Liberia",observed: artist's own Nigerian share of listeners this quarter | Chartmetric + Soundcharts (observed); see 02_Methodology
Q1_2025,Spyro,99608.19,48.1564,47967.75,51.8436,51640.44,77460660.0,"United States, Kenya, Ghana, United Kingdom, South Africa",observed: artist's own Nigerian share of listeners this quarter | Chartmetric + Soundcharts (observed); see 02_Methodology
Q1_2025,Blaqbonez,98190.04,84.0593,82537.86,15.9407,15652.18,23478270.0,"India, Netherlands, Australia, Tanzania, Zambia",observed: artist's own Nigerian share of listeners this quarter | Chartmetric + Soundcharts (observed); see 02_Methodology
Q1_2025,Zlatan,97472.18,96.3404,93905.08,3.6596,3567.1,5350650.0,"Tanzania, Kenya, United States, Netherlands, United Kingdom",observed: artist's own Nigerian share of listeners this quarter | Chartmetric + Soundcharts (observed); see 02_Methodology
Q1_2025,Maleek Berry,97245.22,23.0383,22403.66,76.9617,74841.56,112262340.0,"United States, Norway, United Kingdom, Malawi, France",observed: artist's own Nigerian share of listeners this quarter | Chartmetric + Soundcharts (observed); see 02_Methodology
Q1_2025,Mayorkun,92330.75,46.7193,43136.24,53.2807,49194.52,73791780.0,"Netherlands, Kenya, Australia, United States, Zambia",observed: artist's own Nigerian share of listeners this quarter | Chartmetric + Soundcharts (observed); see 02_Methodology
Q1_2025,Simi,86319.63,50.3357,43449.55,49.6643,42870.08,64305120.0,"United Arab Emirates, Liberia, China, Canada, Italy",observed: artist's own Nigerian share of listeners this quarter | Chartmetric + Soundcharts (observed); see 02_Methodology
Q1_2025,Iyanya,84254.53,38.1018,32102.52,61.8982,52152.02,78228030.0,"Kenya, United States, Congo - Kinshasa, Liberia, Côte D’Ivoire",observed: artist's own Nigerian share of listeners this quarter | Chartmetric + Soundcharts (observed); see 02_Methodology
Q1_2025,Mohbad,83965.82,74.9713,62950.27,25.0287,21015.55,31523325.0,"South Africa, United States, Kenya, Ghana, United Kingdom",observed: artist's own Nigerian share of listeners this quarter | Chartmetric + Soundcharts (observed); see 02_Methodology
Q1_2025,LADIPOE,66128.98,57.9637,38330.81,42.0363,27798.17,41697255.0,"Kenya, United States, South Africa, Ghana, United Kingdom",observed: artist's own Nigerian share of listeners this quarter | Chartmetric + Soundcharts (observed); see 02_Methodology
Q1_2025,Reekado Banks,64992.53,56.8975,36979.13,43.1025,28013.4,42020100.0,"Côte D’Ivoire, Costa Rica, United States, Kenya, Zimbabwe",observed: artist's own Nigerian share of listeners this quarter | Chartmetric + Soundcharts (observed); see 02_Methodology
Q1_2025,Olakira,58448.61,27.9969,16363.77,72.0031,42084.83,63127245.0,"Morocco, Jamaica, Indonesia, Brazil, Colombia",observed: artist's own Nigerian share of listeners this quarter | Chartmetric + Soundcharts (observed); see 02_Methodology
Q1_2025,Timaya,58159.47,55.1761,32090.1,44.8239,26069.37,39104055.0,"United States, Kenya, Liberia, Italy, United Kingdom",observed: artist's own Nigerian share of listeners this quarter | Chartmetric + Soundcharts (observed); see 02_Methodology
Q1_2025,DJ Neptune,57378.78,58.8533,33769.3,41.1467,23609.48,35414220.0,"Malawi, Colombia, Liberia, Côte D’Ivoire, Kenya",observed: artist's own Nigerian share of listeners this quarter | Chartmetric + Soundcharts (observed); see 02_Methodology
Q1_2025,Skiibii,57053.36,53.4085,30471.35,46.5915,26582.0,39873000.0,"United States, Netherlands, Kenya, France, Ghana",observed: artist's own Nigerian share of listeners this quarter | Chartmetric + Soundcharts (observed); see 02_Methodology
Q1_2025,Ric Hassani,56848.71,6.0191,3421.8,93.9809,53426.91,80140365.0,"Kenya, United States, India, France, United Kingdom",observed: artist's own Nigerian share of listeners this quarter | Chartmetric + Soundcharts (observed); see 02_Methodology
Q1_2025,2Baba,54901.04,70.6412,38782.74,29.3588,16118.3,24177450.0,"United States, Kenya, United Kingdom, South Africa, Malawi",observed: artist's own Nigerian share of listeners this quarter | Chartmetric + Soundcharts (observed); see 02_Methodology
Q1_2025,Bracket,54772.54,36.3784,19925.37,63.6216,34847.17,52270755.0,"Netherlands, Kenya, United Kingdom, France, Ghana",observed: artist's own Nigerian share of listeners this quarter | Chartmetric + Soundcharts (observed); see 02_Methodology
Q1_2025,Fela Kuti,53913.26,10.4929,5657.05,89.5071,48256.21,72384315.0,"Belgium, United States, Sweden, Portugal, Norway",observed: artist's own Nigerian share of listeners this quarter | Chartmetric + Soundcharts (observed); see 02_Methodology
Q1_2025,Boj,53168.87,29.5559,15714.56,70.4441,37454.31,56181465.0,"United Kingdom, Spain, Australia, Netherlands, Kenya",observed: artist's own Nigerian share of listeners this quarter | Chartmetric + Soundcharts (observed); see 02_Methodology
Q1_2025,Ice Prince,52743.63,36.8771,19450.32,63.1229,33293.31,49939965.0,"Zimbabwe, South Africa, United States, United Kingdom, Kenya",observed: artist's own Nigerian share of listeners this quarter | Chartmetric + Soundcharts (observed); see 02_Methodology
Q1_2025,Bloody Civilian,51917.04,80.1361,41604.29,19.8639,10312.75,15469125.0,"Netherlands, Uganda, Zambia, Ireland, Cyprus",observed: artist's own Nigerian share of listeners this quarter | Chartmetric + Soundcharts (observed); see 02_Methodology
Q1_2025,Tay Iwar,48874.43,26.108,12760.13,73.892,36114.3,54171450.0,"United States, United Kingdom, Netherlands, Kenya, Australia",observed: artist's own Nigerian share of listeners this quarter | Chartmetric + Soundcharts (observed); see 02_Methodology
Q1_2025,Korede Bello,46004.11,18.3672,8449.66,81.6328,37554.45,56331675.0,"Sierra Leone, Benin, Gambia, Congo - Kinshasa, Liberia",observed: artist's own Nigerian share of listeners this quarter | Chartmetric + Soundcharts (observed); see 02_Methodology
Q1_2025,Lil Kesh,40852.39,91.8424,37519.81,8.1576,3332.57,4998855.0,"United States, United Kingdom, Ghana, China, Benin",observed: artist's own Nigerian share of listeners this quarter | Chartmetric + Soundcharts (observed); see 02_Methodology
Q1_2025,Boy Spyce,39947.67,62.1237,24816.96,37.8763,15130.71,22696065.0,"Ghana, Kenya, United States, United Kingdom, South Africa",observed: artist's own Nigerian share of listeners this quarter | Chartmetric + Soundcharts (observed); see 02_Methodology
Q1_2025,Falz,39844.74,73.2129,29171.51,26.7871,10673.24,16009860.0,"China, Brazil, United States, Uganda, Belgium",observed: artist's own Nigerian share of listeners this quarter | Chartmetric + Soundcharts (observed); see 02_Methodology
Q1_2025,D'banj,33749.49,41.5624,14027.09,58.4376,19722.4,29583600.0,"Zambia, Uganda, United States, Malawi, United Kingdom",observed: artist's own Nigerian share of listeners this quarter | Chartmetric + Soundcharts (observed); see 02_Methodology
Q1_2025,Cruel Santino,33504.73,67.4556,22600.82,32.5444,10903.91,16355865.0,"Netherlands, Ireland, Belgium, Sweden, United States",observed: artist's own Nigerian share of listeners this quarter | Chartmetric + Soundcharts (observed); see 02_Methodology
Q1_2025,Ycee,31758.67,47.7168,15154.23,52.2832,16604.44,24906660.0,"Tanzania, United States, United Kingdom, France, Sweden",observed: artist's own Nigerian share of listeners this quarter | Chartmetric + Soundcharts (observed); see 02_Methodology
Q1_2025,Bad Boy Timz,30017.6,51.1157,15343.71,48.8843,14673.89,22010835.0,"United States, United Kingdom, Benin, Ghana, Kenya",observed: artist's own Nigerian share of listeners this quarter | Chartmetric + Soundcharts (observed); see 02_Methodology
Q1_2025,Aṣa,27924.37,44.7438,12494.42,55.2562,15429.95,23144925.0,"Netherlands, United States, Switzerland, United Kingdom, Uganda",observed: artist's own Nigerian share of listeners this quarter | Chartmetric + Soundcharts (observed); see 02_Methodology
Q1_2025,Nonso Amadi,26699.46,29.9569,7998.33,70.0431,18701.13,28051695.0,"United States, Canada, South Africa, Kenya, United Kingdom",observed: artist's own Nigerian share of listeners this quarter | Chartmetric + Soundcharts (observed); see 02_Methodology
Q1_2025,Peruzzi,25748.36,76.8854,19796.73,23.1146,5951.62,8927430.0,"United States, United Kingdom, South Africa, Ghana, Canada",observed: artist's own Nigerian share of listeners this quarter | Chartmetric + Soundcharts (observed); see 02_Methodology
Q1_2025,Mannywellz,24964.55,31.3595,7828.75,68.6405,17135.8,25703700.0,"United States, South Africa, United Kingdom, Kenya, Ghana",observed: artist's own Nigerian share of listeners this quarter | Chartmetric + Soundcharts (observed); see 02_Methodology
Q1_2025,Show Dem Camp,24924.15,44.2515,11029.31,55.7485,13894.85,20842275.0,"United States, United Kingdom, South Africa, Canada, Kenya",observed: artist's own Nigerian share of listeners this quarter | Chartmetric + Soundcharts (observed); see 02_Methodology
Q1_2025,Portable,24305.65,76.6667,18634.33,23.3333,5671.32,8506980.0,"Netherlands, Brazil, Poland, France, United States",observed: artist's own Nigerian share of listeners this quarter | Chartmetric + Soundcharts (observed); see 02_Methodology
Q1_2025,Vector,23973.21,82.834,19857.97,17.166,4115.24,6172860.0,"United States, South Africa, United Kingdom, Ghana, Kenya",observed: artist's own Nigerian share of listeners this quarter | Chartmetric + Soundcharts (observed); see 02_Methodology
Q1_2025,Banky W.,23601.0,48.7789,11512.31,51.2211,12088.69,18133035.0,"India, United States, Zimbabwe, Belgium, Angola",observed: artist's own Nigerian share of listeners this quarter | Chartmetric + Soundcharts (observed); see 02_Methodology
Q1_2025,WurlD,22379.97,50.7174,11350.53,49.2826,11029.44,16544160.0,"Netherlands, United Arab Emirates, Germany, Australia, Kenya",observed: artist's own Nigerian share of listeners this quarter | Chartmetric + Soundcharts (observed); see 02_Methodology
Q1_2025,Niniola,21657.72,22.0649,4778.76,77.9351,16878.96,25318440.0,"Netherlands, South Africa, Italy, Sierra Leone, China",observed: artist's own Nigerian share of listeners this quarter | Chartmetric + Soundcharts (observed); see 02_Methodology
Q1_2025,DJ Spinall,21380.5,25.0,5345.12,75.0,16035.37,24053055.0,"United States, New Zealand, United Kingdom, Switzerland, Philippines",observed: artist's own Nigerian share of listeners this quarter | Chartmetric + Soundcharts (observed); see 02_Methodology
Q1_2025,Duncan Mighty,20822.12,86.5623,18024.11,13.4377,2798.01,4197015.0,"United States, Italy, United Kingdom, Sweden, Ghana",observed: artist's own Nigerian share of listeners this quarter | Chartmetric + Soundcharts (observed); see 02_Methodology
Q1_2025,Rude Boy,20695.9,0.4924,101.91,99.5076,20593.99,30890985.0,"Singapore, Thailand, Australia, Indonesia, Costa Rica",observed: artist's own Nigerian share of listeners this quarter | Chartmetric + Soundcharts (observed); see 02_Methodology
Q1_2025,9ice,20252.01,76.399,15472.33,23.601,4779.68,7169520.0,"United States, United Kingdom, Ireland, Netherlands, Malawi",observed: artist's own Nigerian share of listeners this quarter | Chartmetric + Soundcharts (observed); see 02_Methodology
Q1_2025,Brymo,18984.32,80.7673,15333.11,19.2327,3651.2,5476800.0,"United States, United Kingdom, South Africa, Ghana, United Arab Emirates",observed: artist's own Nigerian share of listeners this quarter | Chartmetric + Soundcharts (observed); see 02_Methodology
Q1_2025,Odunsi (The Engine),17745.01,19.5545,3469.95,80.4455,14275.06,21412590.0,"Ghana, Ireland, Belgium, Uganda, Zambia",observed: artist's own Nigerian share of listeners this quarter | Chartmetric + Soundcharts (observed); see 02_Methodology
Q1_2025,M.I. Abaga,17681.09,81.447,14400.71,18.553,3280.38,4920570.0,"United States, United Kingdom, South Africa, Canada, Ghana",observed: artist's own Nigerian share of listeners this quarter | Chartmetric + Soundcharts (observed); see 02_Methodology
Q1_2025,Reminisce,15751.36,83.6439,13175.05,16.3561,2576.3,3864450.0,"Netherlands, Australia, Ireland, Zambia, Uganda",observed: artist's own Nigerian share of listeners this quarter | Chartmetric + Soundcharts (observed); see 02_Methodology
Q1_2025,Lyta,15679.64,99.8504,15656.18,0.1496,23.45,35175.0,"United States, Indonesia, United Kingdom, Ghana, Canada",observed: artist's own Nigerian share of listeners this quarter | Chartmetric + Soundcharts (observed); see 02_Methodology
Q1_2025,Illbliss,14183.52,92.282,13088.84,7.718,1094.68,1642020.0,"United States, Ghana, United Kingdom, South Africa, Canada",observed: artist's own Nigerian share of listeners this quarter | Chartmetric + Soundcharts (observed); see 02_Methodology
Q1_2025,Praiz,12428.28,18.9658,2357.12,81.0342,10071.16,15106740.0,"Netherlands, Germany, Sweden, South Africa, United Arab Emirates",observed: artist's own Nigerian share of listeners this quarter | Chartmetric + Soundcharts (observed); see 02_Methodology
Q1_2025,Ajebutter22,12055.2,40.7757,4915.6,59.2243,7139.6,10709400.0,"United States, United Kingdom, Netherlands, Canada, Kenya",observed: artist's own Nigerian share of listeners this quarter | Chartmetric + Soundcharts (observed); see 02_Methodology
Q1_2025,Dice Ailes,11049.58,82.5284,9119.05,17.4716,1930.53,2895795.0,"United States, United Kingdom, Ghana, Canada, Italy",observed: artist's own Nigerian share of listeners this quarter | Chartmetric + Soundcharts (observed); see 02_Methodology
Q1_2025,Sean Tizzle,10788.25,67.2251,7252.42,32.7749,3535.84,5303760.0,"United States, United Kingdom, Canada, Netherlands, Germany",observed: artist's own Nigerian share of listeners this quarter | Chartmetric + Soundcharts (observed); see 02_Methodology
Q1_2025,Terry Apala,10272.41,95.3323,9792.92,4.6677,479.49,719235.0,"United States, United Kingdom, Ghana, South Africa, Canada",observed: artist's own Nigerian share of listeners this quarter | Chartmetric + Soundcharts (observed); see 02_Methodology
Q1_2025,Dremo,9585.77,93.0462,8919.19,6.9538,666.57,999855.0,"United States, United Kingdom, Ghana, South Africa, Canada",observed: artist's own Nigerian share of listeners this quarter | Chartmetric + Soundcharts (observed); see 02_Methodology
Q1_2025,King Sunny Ade,9430.01,67.6229,6376.84,32.3771,3053.16,4579740.0,"United Kingdom, United States, Canada, South Africa, Ireland",observed: artist's own Nigerian share of listeners this quarter | Chartmetric + Soundcharts (observed); see 02_Methodology
Q1_2025,Seyi Shay,9150.14,52.27,4782.78,47.73,4367.36,6551040.0,"Venezuela, Italy, Senegal, Germany, Türkiye",observed: artist's own Nigerian share of listeners this quarter | Chartmetric + Soundcharts (observed); see 02_Methodology
Q1_2025,Lady Donli,8801.39,22.2297,1956.52,77.7703,6844.87,10267305.0,"United States, South Africa, United Kingdom, Canada, Germany",observed: artist's own Nigerian share of listeners this quarter | Chartmetric + Soundcharts (observed); see 02_Methodology
Q1_2025,HarrySong,8481.65,57.5481,4881.03,42.4519,3600.62,5400930.0,"Kenya, United States, United Kingdom, Uganda, Italy",observed: artist's own Nigerian share of listeners this quarter | Chartmetric + Soundcharts (observed); see 02_Methodology
Q1_2025,Solidstar,7067.27,68.0473,4809.09,31.9527,2258.19,3387285.0,"United States, Colombia, United Kingdom, Netherlands, Canada",observed: artist's own Nigerian share of listeners this quarter | Chartmetric + Soundcharts (observed); see 02_Methodology
Q1_2025,Terri,6953.66,46.3104,3220.27,53.6896,3733.4,5600100.0,"Netherlands, Tanzania, United Arab Emirates, Italy, United States",observed: artist's own Nigerian share of listeners this quarter | Chartmetric + Soundcharts (observed); see 02_Methodology
Q1_2025,Waje,6859.01,63.9698,4387.7,36.0302,2471.31,3706965.0,"United Kingdom, Canada, Malawi, Netherlands, Uganda",observed: artist's own Nigerian share of listeners this quarter | Chartmetric + Soundcharts (observed); see 02_Methodology
Q1_2025,Yung6ix,6148.48,32.1529,1976.92,67.8471,4171.57,6257355.0,"Canada, Germany, Netherlands, Benin, Kenya",assumed: portfolio-wide ratio applied to an artist without own geography | Chartmetric + Soundcharts (observed); see 02_Methodology
Q1_2025,Darey,5438.06,76.554,4163.05,23.446,1275.01,1912515.0,"United Arab Emirates, France, Italy, South Africa, United States",observed: artist's own Nigerian share of listeners this quarter | Chartmetric + Soundcharts (observed); see 02_Methodology
Q1_2025,CDQ,5001.79,80.9887,4050.89,19.0113,950.91,1426365.0,"Tanzania, United States, Netherlands, Malawi, Belgium",observed: artist's own Nigerian share of listeners this quarter | Chartmetric + Soundcharts (observed); see 02_Methodology
Q1_2025,Small Doctor,4975.18,74.9241,3727.61,25.0759,1247.57,1871355.0,"United Kingdom, United States, Canada, Ghana, Ireland",observed: artist's own Nigerian share of listeners this quarter | Chartmetric + Soundcharts (observed); see 02_Methodology
Q1_2025,Olu Maintain,4537.74,66.07,2998.08,33.93,1539.66,2309490.0,"United Kingdom, United States, Ghana, Canada, South Africa",observed: artist's own Nigerian share of listeners this quarter | Chartmetric + Soundcharts (observed); see 02_Methodology
Q1_2025,Naeto C,4530.47,71.5478,3241.45,28.4522,1289.02,1933530.0,"Ireland, United States, Netherlands, Australia, United Kingdom",observed: artist's own Nigerian share of listeners this quarter | Chartmetric + Soundcharts (observed); see 02_Methodology
Q1_2025,Prettyboy D-O,4511.42,57.4747,2592.93,42.5253,1918.5,2877750.0,"United States, United Kingdom, South Africa, Canada, Ghana",observed: artist's own Nigerian share of listeners this quarter | Chartmetric + Soundcharts (observed); see 02_Methodology
Q1_2025,Eldee,3267.62,79.5715,2600.1,20.4285,667.52,1001280.0,"South Africa, Ireland, Kenya, Netherlands, United Arab Emirates",observed: artist's own Nigerian share of listeners this quarter | Chartmetric + Soundcharts (observed); see 02_Methodology
Q1_2025,Sound Sultan,3226.17,81.0924,2616.18,18.9076,609.99,914985.0,"United States, United Kingdom, Canada, Ghana, South Africa",observed: artist's own Nigerian share of listeners this quarter | Chartmetric + Soundcharts (observed); see 02_Methodology
Q1_2025,Jesse Jagz,3077.9,70.241,2161.95,29.759,915.95,1373925.0,"Netherlands, Sweden, Australia, Ireland, Malawi",observed: artist's own Nigerian share of listeners this quarter | Chartmetric + Soundcharts (observed); see 02_Methodology
Q1_2025,Mr Real,3040.54,66.7625,2029.94,33.2375,1010.6,1515900.0,"United Kingdom, South Africa, Canada, Ghana, Malawi",observed: artist's own Nigerian share of listeners this quarter | Chartmetric + Soundcharts (observed); see 02_Methodology
Q1_2025,Dammy Krane,2178.65,67.8598,1478.43,32.1402,700.22,1050330.0,"Canada, South Africa, Netherlands, Ireland, Belgium",observed: artist's own Nigerian share of listeners this quarter | Chartmetric + Soundcharts (observed); see 02_Methodology
Q1_2025,Lagbaja,787.14,58.7782,462.67,41.2218,324.47,486705.0,"United States, United Kingdom, Ghana, Canada, Netherlands",observed: artist's own Nigerian share of listeners this quarter | Chartmetric + Soundcharts (observed); see 02_Methodology
Q1_2025,Sauce Kid,507.72,73.9047,375.23,26.0953,132.49,198735.0,"United Kingdom, United States, Canada, Ghana, South Africa",observed: artist's own Nigerian share of listeners this quarter | Chartmetric + Soundcharts (observed); see 02_Methodology
Q1_2025,Ebenezer Obey,120.17,32.1529,38.64,67.8471,81.53,122295.0,,assumed: portfolio-wide ratio applied to an artist without own geography | Chartmetric + Soundcharts (observed); see 02_Methodology
Q1_2025,Oritsefemi,28.75,98.0,28.17,2.0,0.57,855.0,"United States, United Kingdom, Türkiye, Togo, Germany",observed: artist's own Nigerian share of listeners this quarter | Chartmetric + Soundcharts (observed); see 02_Methodology
Q1_2025,Odunsi,0.31,32.1529,0.1,67.8471,0.21,315.0,,assumed: portfolio-wide ratio applied to an artist without own geography | Chartmetric + Soundcharts (observed); see 02_Methodology
Q1_2025,DJ Cuppy,0.05,32.1529,0.02,67.8471,0.04,60.0,,assumed: portfolio-wide ratio applied to an artist without own geography | Chartmetric + Soundcharts (observed); see 02_Methodology
Q1_2025,=== PERIOD TOTAL ===,20985647.53,,6412522.23,,14573125.3,21859687950.0,,Aggregated
Q2_2025,Burna Boy,1803027.33,11.3153,204017.13,88.6847,1599010.2,2398515300.0,"United States, Uganda, Côte D’Ivoire, France, United Kingdom",observed: artist's own Nigerian share of listeners this quarter | Chartmetric + Soundcharts (observed); see 02_Methodology
Q2_2025,Rema,1622870.41,10.0568,163208.89,89.9432,1459661.52,2189492280.0,"United States, India, Côte D’Ivoire, Congo - Kinshasa, France",observed: artist's own Nigerian share of listeners this quarter | Chartmetric + Soundcharts (observed); see 02_Methodology
Q2_2025,Ayra Starr,1353995.12,10.0414,135960.25,89.9586,1218034.86,1827052290.0,"Côte D’Ivoire, United States, Congo - Kinshasa, Sierra Leone, Benin",observed: artist's own Nigerian share of listeners this quarter | Chartmetric + Soundcharts (observed); see 02_Methodology
Q2_2025,Tems,1078897.38,5.9586,64286.92,94.0414,1014610.45,1521915675.0,"United States, South Africa, United Kingdom, Uganda, France",observed: artist's own Nigerian share of listeners this quarter | Chartmetric + Soundcharts (observed); see 02_Methodology
Q2_2025,Davido,1059678.92,30.3801,321931.7,69.6199,737747.21,1106620815.0,"United States, United Kingdom, South Africa, United Arab Emirates, Netherlands",observed: artist's own Nigerian share of listeners this quarter | Chartmetric + Soundcharts (observed); see 02_Methodology
Q2_2025,Wizkid,979063.62,23.4032,229132.62,76.5968,749931.0,1124896500.0,"United States, Zambia, United Kingdom, Uganda, Kenya",observed: artist's own Nigerian share of listeners this quarter | Chartmetric + Soundcharts (observed); see 02_Methodology
Q2_2025,Omah Lay,959667.02,22.1527,212591.87,77.8473,747075.16,1120612740.0,"United States, France, Kenya, Congo - Kinshasa, Sierra Leone",observed: artist's own Nigerian share of listeners this quarter | Chartmetric + Soundcharts (observed); see 02_Methodology
Q2_2025,CKay,781861.97,8.376,65489.1,91.624,716372.87,1074559305.0,"India, United States, France, Uganda, Brazil",observed: artist's own Nigerian share of listeners this quarter | Chartmetric + Soundcharts (observed); see 02_Methodology
Q2_2025,Fireboy DML,660680.0,27.5056,181724.06,72.4944,478955.94,718433910.0,"United States, United Kingdom, Kenya, Zimbabwe, Benin",observed: artist's own Nigerian share of listeners this quarter | Chartmetric + Soundcharts (observed); see 02_Methodology
Q2_2025,Asake,604701.44,42.0272,254138.8,57.9728,350562.64,525843960.0,"United Kingdom, United States, Iraq, Egypt, Kenya",observed: artist's own Nigerian share of listeners this quarter | Chartmetric + Soundcharts (observed); see 02_Methodology
Q2_2025,Kizz Daniel,551574.39,57.7335,318443.36,42.2665,233131.03,349696545.0,"United States, Congo - Kinshasa, Liberia, United Kingdom, Kenya",observed: artist's own Nigerian share of listeners this quarter | Chartmetric + Soundcharts (observed); see 02_Methodology
Q2_2025,Libianca,534653.24,4.1619,22251.56,95.8381,512401.67,768602505.0,"India, Indonesia, United States, Thailand, South Africa",observed: artist's own Nigerian share of listeners this quarter | Chartmetric + Soundcharts (observed); see 02_Methodology
Q2_2025,Shallipopi,532146.29,40.8909,217599.51,59.1091,314546.77,471820155.0,"Kenya, South Africa, United States, United Kingdom, France",observed: artist's own Nigerian share of listeners this quarter | Chartmetric + Soundcharts (observed); see 02_Methodology
Q2_2025,Ruger,500657.77,35.9837,180155.31,64.0163,320502.46,480753690.0,"Kenya, Sierra Leone, United States, Gambia, Liberia",observed: artist's own Nigerian share of listeners this quarter | Chartmetric + Soundcharts (observed); see 02_Methodology
Q2_2025,Olamide,440467.49,47.5714,209536.62,52.4286,230930.87,346396305.0,"United States, Uganda, Kenya, United Kingdom, Zambia",observed: artist's own Nigerian share of listeners this quarter | Chartmetric + Soundcharts (observed); see 02_Methodology
Q2_2025,Amaarae,414612.91,3.0925,12821.73,96.9075,401791.18,602686770.0,"United States, India, Mexico, Brazil, France",observed: artist's own Nigerian share of listeners this quarter | Chartmetric + Soundcharts (observed); see 02_Methodology
Q2_2025,BNXN,374117.29,53.4324,199899.77,46.5676,174217.52,261326280.0,"Kenya, United States, United Kingdom, South Africa, Malawi",observed: artist's own Nigerian share of listeners this quarter | Chartmetric + Soundcharts (observed); see 02_Methodology
Q2_2025,Victony,369062.3,36.0799,133157.2,63.9201,235905.1,353857650.0,"Kenya, United States, Congo - Kinshasa, France, United Kingdom",observed: artist's own Nigerian share of listeners this quarter | Chartmetric + Soundcharts (observed); see 02_Methodology
Q2_2025,Oxlade,366964.18,10.7421,39419.71,89.2579,327544.47,491316705.0,"India, United States, France, Uganda, Indonesia",observed: artist's own Nigerian share of listeners this quarter | Chartmetric + Soundcharts (observed); see 02_Methodology
Q2_2025,Lojay,328876.74,15.3586,50510.82,84.6414,278365.92,417548880.0,"United States, Uganda, Zambia, United Kingdom, France",observed: artist's own Nigerian share of listeners this quarter | Chartmetric + Soundcharts (observed); see 02_Methodology
Q2_2025,Darkoo,328552.08,27.5859,90634.08,72.4141,237918.0,356877000.0,"Kenya, United States, Norway, United Kingdom, South Africa",observed: artist's own Nigerian share of listeners this quarter | Chartmetric + Soundcharts (observed); see 02_Methodology
Q2_2025,Seyi Vibez,328269.63,80.4656,264144.07,19.5344,64125.56,96188340.0,"Benin, United States, Uganda, Zambia, Ghana",observed: artist's own Nigerian share of listeners this quarter | Chartmetric + Soundcharts (observed); see 02_Methodology
Q2_2025,Joeboy,320501.4,30.3464,97260.5,69.6536,223240.91,334861365.0,"Kenya, United States, Sierra Leone, Zimbabwe, France",observed: artist's own Nigerian share of listeners this quarter | Chartmetric + Soundcharts (observed); see 02_Methodology
Q2_2025,ODUMODUBLVCK,279223.42,82.5463,230488.69,17.4537,48734.73,73102095.0,"Uganda, Malawi, United States, United Kingdom, Ghana",observed: artist's own Nigerian share of listeners this quarter | Chartmetric + Soundcharts (observed); see 02_Methodology
Q2_2025,Mr Eazi,272260.7,8.6942,23670.97,91.3058,248589.73,372884595.0,"Uganda, United States, United Kingdom, Zimbabwe, Sierra Leone",observed: artist's own Nigerian share of listeners this quarter | Chartmetric + Soundcharts (observed); see 02_Methodology
Q2_2025,Chike,268903.66,64.0401,172206.21,35.9599,96697.45,145046175.0,"Ghana, South Africa, Kenya, United States, United Kingdom",observed: artist's own Nigerian share of listeners this quarter | Chartmetric + Soundcharts (observed); see 02_Methodology
Q2_2025,Young Jonn,260830.52,65.2048,170073.93,34.7952,90756.59,136134885.0,"United States, Uganda, United Kingdom, Zambia, Ghana",observed: artist's own Nigerian share of listeners this quarter | Chartmetric + Soundcharts (observed); see 02_Methodology
Q2_2025,P-Square,252908.39,28.217,71363.1,71.783,181545.29,272317935.0,"France, United States, Kenya, South Africa, United Kingdom",observed: artist's own Nigerian share of listeners this quarter | Chartmetric + Soundcharts (observed); see 02_Methodology
Q2_2025,Tekno,237074.76,27.7732,65843.21,72.2268,171231.54,256847310.0,"Kenya, United States, South Africa, France, Zimbabwe",observed: artist's own Nigerian share of listeners this quarter | Chartmetric + Soundcharts (observed); see 02_Methodology
Q2_2025,Tiwa Savage,232776.84,36.3727,84667.15,63.6273,148109.69,222164535.0,"Sierra Leone, United States, China, Benin, Kenya",observed: artist's own Nigerian share of listeners this quarter | Chartmetric + Soundcharts (observed); see 02_Methodology
Q2_2025,Sarz,222071.87,21.3375,47384.57,78.6625,174687.31,262030965.0,"United States, Kenya, Uganda, United Kingdom, South Africa",observed: artist's own Nigerian share of listeners this quarter | Chartmetric + Soundcharts (observed); see 02_Methodology
Q2_2025,Tempoe,208725.37,33.5716,70072.52,66.4284,138652.85,207979275.0,,assumed: portfolio-wide ratio applied to an artist without own geography | Chartmetric + Soundcharts (observed); see 02_Methodology
Q2_2025,Flavour,204436.83,52.258,106834.67,47.742,97602.16,146403240.0,"Congo - Kinshasa, Senegal, Togo, Cameroon, India",observed: artist's own Nigerian share of listeners this quarter | Chartmetric + Soundcharts (observed); see 02_Methodology
Q2_2025,Adekunle Gold,196505.87,40.0224,78646.35,59.9776,117859.52,176789280.0,"Sierra Leone, Liberia, United States, Kenya, United Kingdom",observed: artist's own Nigerian share of listeners this quarter | Chartmetric + Soundcharts (observed); see 02_Methodology
Q2_2025,Bella Shmurda,195377.17,94.0087,183671.61,5.9913,11705.56,17558340.0,"United States, Uganda, Zambia, United Kingdom, Ghana",observed: artist's own Nigerian share of listeners this quarter | Chartmetric + Soundcharts (observed); see 02_Methodology
Q2_2025,Patoranking,175171.33,42.2457,74002.36,57.7543,101168.97,151753455.0,"Kenya, Sierra Leone, United States, Malawi, Liberia",observed: artist's own Nigerian share of listeners this quarter | Chartmetric + Soundcharts (observed); see 02_Methodology
Q2_2025,Spyro,170968.15,70.1842,119992.56,29.8158,50975.59,76463385.0,"United States, Ghana, United Kingdom, Kenya, South Africa",observed: artist's own Nigerian share of listeners this quarter | Chartmetric + Soundcharts (observed); see 02_Methodology
Q2_2025,Khaid,170728.96,53.1796,90792.89,46.8204,79936.07,119904105.0,"Liberia, Zambia, United States, Kenya, Malawi",observed: artist's own Nigerian share of listeners this quarter | Chartmetric + Soundcharts (observed); see 02_Methodology
Q2_2025,Bayanni,170180.87,23.9248,40715.43,76.0752,129465.43,194198145.0,"Netherlands, Germany, Ghana, Canada, India",observed: artist's own Nigerian share of listeners this quarter | Chartmetric + Soundcharts (observed); see 02_Methodology
Q2_2025,Pheelz,165444.19,32.6153,53960.19,67.3847,111484.01,167226015.0,"United States, South Africa, Uganda, Norway, Malawi",observed: artist's own Nigerian share of listeners this quarter | Chartmetric + Soundcharts (observed); see 02_Methodology
Q2_2025,Zinoleesky,160067.32,71.8353,114984.77,28.1647,45082.55,67623825.0,"Uganda, United States, Zambia, United Kingdom, Ghana",observed: artist's own Nigerian share of listeners this quarter | Chartmetric + Soundcharts (observed); see 02_Methodology
Q2_2025,Qing Madi,155694.87,49.1056,76454.94,50.8944,79239.92,118859880.0,"Kenya, Sierra Leone, United States, Congo - Kinshasa, Uganda",observed: artist's own Nigerian share of listeners this quarter | Chartmetric + Soundcharts (observed); see 02_Methodology
Q2_2025,Zlatan,153330.77,33.5716,51475.65,66.4284,101855.12,152782680.0,"United States, United Kingdom, Uganda, Ghana, South Africa",assumed: portfolio-wide ratio applied to an artist without own geography | Chartmetric + Soundcharts (observed); see 02_Methodology
Q2_2025,Johnny Drille,146967.79,71.797,105518.43,28.203,41449.36,62174040.0,"Kenya, Liberia, United States, Rwanda, Uganda",observed: artist's own Nigerian share of listeners this quarter | Chartmetric + Soundcharts (observed); see 02_Methodology
Q2_2025,Naira Marley,140299.63,61.7048,86571.61,38.2952,53728.02,80592030.0,"United States, United Kingdom, Cameroon, Ghana, France",observed: artist's own Nigerian share of listeners this quarter | Chartmetric + Soundcharts (observed); see 02_Methodology
Q2_2025,Wande Coal,135368.02,43.7326,59200.0,56.2674,76168.02,114252030.0,"United States, Norway, Malawi, United Kingdom, Kenya",observed: artist's own Nigerian share of listeners this quarter | Chartmetric + Soundcharts (observed); see 02_Methodology
Q2_2025,Crayon,130246.43,42.3327,55136.88,57.6673,75109.55,112664325.0,"Kenya, United States, United Kingdom, Ghana, Canada",observed: artist's own Nigerian share of listeners this quarter | Chartmetric + Soundcharts (observed); see 02_Methodology
Q2_2025,Yemi Alade,126242.54,9.6316,12159.13,90.3684,114083.41,171125115.0,"Congo - Kinshasa, Liberia, Sierra Leone, Benin, India",observed: artist's own Nigerian share of listeners this quarter | Chartmetric + Soundcharts (observed); see 02_Methodology
Q2_2025,Phyno,118876.57,81.1973,96524.55,18.8027,22352.03,33528045.0,"United States, Kenya, United Kingdom, Tanzania, Uganda",observed: artist's own Nigerian share of listeners this quarter | Chartmetric + Soundcharts (observed); see 02_Methodology
Q2_2025,Mayorkun,116963.51,53.0007,61991.49,46.9993,54972.02,82458030.0,"Netherlands, Kenya, Australia, United States, Belgium",observed: artist's own Nigerian share of listeners this quarter | Chartmetric + Soundcharts (observed); see 02_Methodology
Q2_2025,Simi,112715.77,56.7311,63944.91,43.2689,48770.86,73156290.0,"United Arab Emirates, Liberia, China, Italy, Netherlands",observed: artist's own Nigerian share of listeners this quarter | Chartmetric + Soundcharts (observed); see 02_Methodology
Q2_2025,Maleek Berry,108297.8,25.6897,27821.33,74.3103,80476.46,120714690.0,"Kenya, Morocco, United States, Tanzania, Uganda",observed: artist's own Nigerian share of listeners this quarter | Chartmetric + Soundcharts (observed); see 02_Methodology
Q2_2025,Magixx,99698.92,46.6781,46537.61,53.3219,53161.31,79741965.0,"Kenya, United States, United Kingdom, Ghana, South Africa",observed: artist's own Nigerian share of listeners this quarter | Chartmetric + Soundcharts (observed); see 02_Methodology
Q2_2025,Teni,99432.35,52.7131,52413.88,47.2869,47018.47,70527705.0,"Benin, Liberia, United States, Kenya, United Kingdom",observed: artist's own Nigerian share of listeners this quarter | Chartmetric + Soundcharts (observed); see 02_Methodology
Q2_2025,Blaqbonez,99230.7,78.7488,78143.02,21.2512,21087.68,31631520.0,"United States, Belgium, Kenya, Sweden, Malawi",observed: artist's own Nigerian share of listeners this quarter | Chartmetric + Soundcharts (observed); see 02_Methodology
Q2_2025,Mohbad,98810.88,77.5718,76649.38,22.4282,22161.5,33242250.0,"United States, South Africa, Kenya, Uganda, Zambia",observed: artist's own Nigerian share of listeners this quarter | Chartmetric + Soundcharts (observed); see 02_Methodology
Q2_2025,Iyanya,89369.71,42.2898,37794.25,57.7102,51575.45,77363175.0,"Kenya, Sierra Leone, United States, Congo - Kinshasa, Liberia",observed: artist's own Nigerian share of listeners this quarter | Chartmetric + Soundcharts (observed); see 02_Methodology
Q2_2025,Boj,78605.01,40.9894,32219.71,59.0106,46385.31,69577965.0,"United Kingdom, Spain, United States, Australia, South Africa",observed: artist's own Nigerian share of listeners this quarter | Chartmetric + Soundcharts (observed); see 02_Methodology
Q2_2025,Reekado Banks,75369.6,65.1681,49116.94,34.8319,26252.66,39378990.0,"Côte D’Ivoire, Kenya, United States, Zimbabwe, Malawi",observed: artist's own Nigerian share of listeners this quarter | Chartmetric + Soundcharts (observed); see 02_Methodology
Q2_2025,Olakira,73015.6,31.8937,23287.35,68.1063,49728.26,74592390.0,"Brazil, Jamaica, Netherlands, Canada, Australia",observed: artist's own Nigerian share of listeners this quarter | Chartmetric + Soundcharts (observed); see 02_Methodology
Q2_2025,Bloody Civilian,70815.34,77.5538,54920.02,22.4462,15895.32,23842980.0,"Uganda, Zambia, United States, United Kingdom, Ghana",observed: artist's own Nigerian share of listeners this quarter | Chartmetric + Soundcharts (observed); see 02_Methodology
Q2_2025,LADIPOE,68025.87,62.5062,42520.41,37.4938,25505.46,38258190.0,"Kenya, United States, Zimbabwe, South Africa, United Kingdom",observed: artist's own Nigerian share of listeners this quarter | Chartmetric + Soundcharts (observed); see 02_Methodology
Q2_2025,Ric Hassani,67385.98,18.17,12244.03,81.83,55141.95,82712925.0,"Mauritius, United States, India, Kenya, United Kingdom",observed: artist's own Nigerian share of listeners this quarter | Chartmetric + Soundcharts (observed); see 02_Methodology
Q2_2025,DJ Neptune,66998.07,60.0976,40264.23,39.9024,26733.84,40100760.0,"Malawi, Brazil, Côte D’Ivoire, Zimbabwe, Colombia",observed: artist's own Nigerian share of listeners this quarter | Chartmetric + Soundcharts (observed); see 02_Methodology
Q2_2025,Skiibii,63846.91,54.5688,34840.5,45.4312,29006.41,43509615.0,"Benin, Netherlands, United States, United Kingdom, Germany",observed: artist's own Nigerian share of listeners this quarter | Chartmetric + Soundcharts (observed); see 02_Methodology
Q2_2025,Ice Prince,63409.59,37.2028,23590.12,62.7972,39819.47,59729205.0,"Uganda, Malawi, United States, Zimbabwe, United Kingdom",observed: artist's own Nigerian share of listeners this quarter | Chartmetric + Soundcharts (observed); see 02_Methodology
Q2_2025,Bracket,62950.7,39.1441,24641.51,60.8559,38309.19,57463785.0,"Netherlands, United Kingdom, Kenya, Ghana, France",observed: artist's own Nigerian share of listeners this quarter | Chartmetric + Soundcharts (observed); see 02_Methodology
Q2_2025,Falz,60213.88,78.7306,47406.77,21.2694,12807.11,19210665.0,"China, Brazil, Uganda, United States, United Kingdom",observed: artist's own Nigerian share of listeners this quarter | Chartmetric + Soundcharts (observed); see 02_Methodology
Q2_2025,Timaya,52820.95,53.7747,28404.31,46.2253,24416.64,36624960.0,"United States, Kenya, Liberia, United Kingdom, Italy",observed: artist's own Nigerian share of listeners this quarter | Chartmetric + Soundcharts (observed); see 02_Methodology
Q2_2025,Tay Iwar,51850.02,26.7727,13881.66,73.2273,37968.36,56952540.0,"United Kingdom, United States, Netherlands, Kenya, Canada",observed: artist's own Nigerian share of listeners this quarter | Chartmetric + Soundcharts (observed); see 02_Methodology
Q2_2025,2Baba,49731.37,67.3077,33473.06,32.6923,16258.31,24387465.0,"United States, United Kingdom, Malawi, Kenya, Ghana",observed: artist's own Nigerian share of listeners this quarter | Chartmetric + Soundcharts (observed); see 02_Methodology
Q2_2025,Lil Kesh,49082.85,90.8724,44602.77,9.1276,4480.09,6720135.0,"United States, United Kingdom, Zimbabwe, Ghana, China",observed: artist's own Nigerian share of listeners this quarter | Chartmetric + Soundcharts (observed); see 02_Methodology
Q2_2025,Boy Spyce,46132.72,67.3757,31082.26,32.6243,15050.46,22575690.0,"Ghana, United States, Kenya, United Kingdom, Canada",observed: artist's own Nigerian share of listeners this quarter | Chartmetric + Soundcharts (observed); see 02_Methodology
Q2_2025,Korede Bello,43973.07,18.4463,8111.41,81.5537,35861.67,53792505.0,"Benin, Liberia, Gambia, Congo - Kinshasa, China",observed: artist's own Nigerian share of listeners this quarter | Chartmetric + Soundcharts (observed); see 02_Methodology
Q2_2025,Ycee,42399.66,58.1651,24661.79,41.8349,17737.87,26606805.0,"United States, United Kingdom, France, Kenya, South Africa",observed: artist's own Nigerian share of listeners this quarter | Chartmetric + Soundcharts (observed); see 02_Methodology
Q2_2025,Cruel Santino,41919.17,71.0754,29794.23,28.9246,12124.94,18187410.0,"Germany, Uganda, Ireland, Belgium, Sweden",observed: artist's own Nigerian share of listeners this quarter | Chartmetric + Soundcharts (observed); see 02_Methodology
Q2_2025,Fela Kuti,39881.46,12.7947,5102.7,87.2053,34778.76,52168140.0,"United States, Sweden, Norway, United Kingdom, France",observed: artist's own Nigerian share of listeners this quarter | Chartmetric + Soundcharts (observed); see 02_Methodology
Q2_2025,Portable,38032.93,79.1855,30116.58,20.8145,7916.36,11874540.0,"United States, United Kingdom, Canada, South Africa, Netherlands",observed: artist's own Nigerian share of listeners this quarter | Chartmetric + Soundcharts (observed); see 02_Methodology
Q2_2025,Vector,37224.76,84.5894,31488.22,15.4106,5736.54,8604810.0,"Greece, Malawi, Netherlands, Zimbabwe, United States",observed: artist's own Nigerian share of listeners this quarter | Chartmetric + Soundcharts (observed); see 02_Methodology
Q2_2025,Bad Boy Timz,36918.75,54.6928,20191.92,45.3072,16726.84,25090260.0,"Uganda, Belgium, Zambia, Ireland, Sweden",observed: artist's own Nigerian share of listeners this quarter | Chartmetric + Soundcharts (observed); see 02_Methodology
Q2_2025,D'banj,35597.46,39.6128,14101.16,60.3872,21496.29,32244435.0,"Zambia, Uganda, United States, United Kingdom, Zimbabwe",observed: artist's own Nigerian share of listeners this quarter | Chartmetric + Soundcharts (observed); see 02_Methodology
Q2_2025,Show Dem Camp,29746.8,41.4073,12317.33,58.5927,17429.46,26144190.0,"United States, United Kingdom, Canada, South Africa, Netherlands",observed: artist's own Nigerian share of listeners this quarter | Chartmetric + Soundcharts (observed); see 02_Methodology
Q2_2025,Peruzzi,28987.34,81.6192,23659.25,18.3808,5328.09,7992135.0,"United States, Uganda, Zambia, Taiwan, Zimbabwe",observed: artist's own Nigerian share of listeners this quarter | Chartmetric + Soundcharts (observed); see 02_Methodology
Q2_2025,Aṣa,27057.66,49.6524,13434.78,50.3476,13622.89,20434335.0,"Netherlands, Brazil, Belgium, United States, Uganda",observed: artist's own Nigerian share of listeners this quarter | Chartmetric + Soundcharts (observed); see 02_Methodology
Q2_2025,Niniola,26919.65,44.0088,11847.02,55.9912,15072.63,22608945.0,"South Africa, Germany, Sierra Leone, China, Belgium",observed: artist's own Nigerian share of listeners this quarter | Chartmetric + Soundcharts (observed); see 02_Methodology
Q2_2025,Nonso Amadi,26658.17,28.6837,7646.56,71.3163,19011.6,28517400.0,"Canada, United States, South Africa, Kenya, United Kingdom",observed: artist's own Nigerian share of listeners this quarter | Chartmetric + Soundcharts (observed); see 02_Methodology
Q2_2025,Duncan Mighty,25674.86,81.4542,20913.26,18.5458,4761.6,7142400.0,"Tanzania, United States, Sweden, Italy, United Kingdom",observed: artist's own Nigerian share of listeners this quarter | Chartmetric + Soundcharts (observed); see 02_Methodology
Q2_2025,WurlD,24982.57,53.2577,13305.14,46.7423,11677.43,17516145.0,"Kenya, Zambia, United States, Tanzania, Norway",observed: artist's own Nigerian share of listeners this quarter | Chartmetric + Soundcharts (observed); see 02_Methodology
Q2_2025,9ice,24730.91,77.0398,19052.64,22.9602,5678.27,8517405.0,"United States, United Kingdom, Canada, Ghana, Italy",observed: artist's own Nigerian share of listeners this quarter | Chartmetric + Soundcharts (observed); see 02_Methodology
Q2_2025,Banky W.,23336.4,48.635,11349.66,51.365,11986.74,17980110.0,"Netherlands, United States, Zimbabwe, Belgium, Kenya",observed: artist's own Nigerian share of listeners this quarter | Chartmetric + Soundcharts (observed); see 02_Methodology
Q2_2025,DJ Spinall,23049.16,43.4783,10021.37,56.5217,13027.79,19541685.0,"United States, Austria, United Kingdom, Philippines, New Zealand",observed: artist's own Nigerian share of listeners this quarter | Chartmetric + Soundcharts (observed); see 02_Methodology
Q2_2025,Reminisce,22348.75,84.1474,18805.89,15.8526,3542.86,5314290.0,"Netherlands, Ireland, Zambia, United States, Belgium",observed: artist's own Nigerian share of listeners this quarter | Chartmetric + Soundcharts (observed); see 02_Methodology
Q2_2025,Brymo,21777.31,84.1242,18319.98,15.8758,3457.33,5185995.0,"United States, Netherlands, United Kingdom, Ghana, Belgium",observed: artist's own Nigerian share of listeners this quarter | Chartmetric + Soundcharts (observed); see 02_Methodology
Q2_2025,Dice Ailes,21721.15,71.445,15518.69,28.555,6202.47,9303705.0,"United States, United Kingdom, Canada, South Africa, Ghana",observed: artist's own Nigerian share of listeners this quarter | Chartmetric + Soundcharts (observed); see 02_Methodology
Q2_2025,Mannywellz,20130.14,27.5938,5554.66,72.4062,14575.48,21863220.0,"United States, South Africa, United Kingdom, Canada, Ghana",observed: artist's own Nigerian share of listeners this quarter | Chartmetric + Soundcharts (observed); see 02_Methodology
Q2_2025,Lyta,19498.89,96.9368,18901.59,3.0632,597.29,895935.0,"United States, United Kingdom, Ghana, Canada, South Africa",observed: artist's own Nigerian share of listeners this quarter | Chartmetric + Soundcharts (observed); see 02_Methodology
Q2_2025,Rude Boy,18430.33,1.1291,208.11,98.8709,18222.23,27333345.0,"Singapore, Thailand, Costa Rica, Colombia, Peru",observed: artist's own Nigerian share of listeners this quarter | Chartmetric + Soundcharts (observed); see 02_Methodology
Q2_2025,Odunsi (The Engine),18353.92,19.3842,3557.75,80.6158,14796.17,22194255.0,"Netherlands, Belgium, Ireland, Uganda, Switzerland",observed: artist's own Nigerian share of listeners this quarter | Chartmetric + Soundcharts (observed); see 02_Methodology
Q2_2025,Sean Tizzle,16239.59,63.9463,10384.62,36.0537,5854.97,8782455.0,"Netherlands, Sweden, Tanzania, United States, Ireland",observed: artist's own Nigerian share of listeners this quarter | Chartmetric + Soundcharts (observed); see 02_Methodology
Q2_2025,Dremo,15255.36,88.7914,13545.45,11.2086,1709.91,2564865.0,"United States, United Kingdom, South Africa, Ghana, Canada",observed: artist's own Nigerian share of listeners this quarter | Chartmetric + Soundcharts (observed); see 02_Methodology
Q2_2025,M.I. Abaga,14142.25,78.1477,11051.85,21.8523,3090.4,4635600.0,"United States, United Kingdom, Canada, South Africa, Ghana",observed: artist's own Nigerian share of listeners this quarter | Chartmetric + Soundcharts (observed); see 02_Methodology
Q2_2025,Praiz,12691.24,23.0361,2923.57,76.9639,9767.67,14651505.0,"Netherlands, Germany, Sweden, United Arab Emirates, Switzerland",observed: artist's own Nigerian share of listeners this quarter | Chartmetric + Soundcharts (observed); see 02_Methodology
Q2_2025,Ajebutter22,12477.83,41.5838,5188.76,58.4162,7289.08,10933620.0,"United Kingdom, United States, Canada, Netherlands, Kenya",observed: artist's own Nigerian share of listeners this quarter | Chartmetric + Soundcharts (observed); see 02_Methodology
Q2_2025,Illbliss,11590.83,82.6281,9577.29,17.3719,2013.55,3020325.0,"Uganda, Benin, Ireland, Malawi, Sierra Leone",observed: artist's own Nigerian share of listeners this quarter | Chartmetric + Soundcharts (observed); see 02_Methodology
Q2_2025,Terry Apala,11427.9,87.7284,10025.51,12.2716,1402.39,2103585.0,"United States, United Kingdom, Ghana, Canada, South Africa",observed: artist's own Nigerian share of listeners this quarter | Chartmetric + Soundcharts (observed); see 02_Methodology
Q2_2025,CDQ,10301.94,86.8193,8944.07,13.1807,1357.86,2036790.0,"Vietnam, Indonesia, Uganda, Bangladesh, Netherlands",observed: artist's own Nigerian share of listeners this quarter | Chartmetric + Soundcharts (observed); see 02_Methodology
Q2_2025,Seyi Shay,10038.32,49.2042,4939.27,50.7958,5099.05,7648575.0,"Italy, Venezuela, Türkiye, Brazil, Netherlands",observed: artist's own Nigerian share of listeners this quarter | Chartmetric + Soundcharts (observed); see 02_Methodology
Q2_2025,King Sunny Ade,9384.29,71.5809,6717.36,28.4191,2666.93,4000395.0,"United States, United Kingdom, Ghana, Ireland, Canada",observed: artist's own Nigerian share of listeners this quarter | Chartmetric + Soundcharts (observed); see 02_Methodology
Q2_2025,HarrySong,9319.52,60.2213,5612.33,39.7787,3707.18,5560770.0,"Kenya, Netherlands, United States, United Kingdom, Sweden",observed: artist's own Nigerian share of listeners this quarter | Chartmetric + Soundcharts (observed); see 02_Methodology
Q2_2025,Lady Donli,9102.4,15.0802,1372.66,84.9198,7729.74,11594610.0,"United States, United Kingdom, Australia, Germany, South Africa",observed: artist's own Nigerian share of listeners this quarter | Chartmetric + Soundcharts (observed); see 02_Methodology
Q2_2025,Darey,7546.4,83.1537,6275.11,16.8463,1271.29,1906935.0,"Italy, United States, United Kingdom, Ghana, United Arab Emirates",observed: artist's own Nigerian share of listeners this quarter | Chartmetric + Soundcharts (observed); see 02_Methodology
Q2_2025,Terri,7466.45,39.2366,2929.58,60.7634,4536.87,6805305.0,"Netherlands, United States, Ghana, Tanzania, United Arab Emirates",observed: artist's own Nigerian share of listeners this quarter | Chartmetric + Soundcharts (observed); see 02_Methodology
Q2_2025,Solidstar,7151.96,64.247,4594.92,35.753,2557.04,3835560.0,"United States, Colombia, United Kingdom, Canada, Netherlands",observed: artist's own Nigerian share of listeners this quarter | Chartmetric + Soundcharts (observed); see 02_Methodology
Q2_2025,Yung6ix,6678.11,94.0462,6280.5,5.9538,397.6,596400.0,"Canada, Netherlands, Germany, Taiwan, France",observed: artist's own Nigerian share of listeners this quarter | Chartmetric + Soundcharts (observed); see 02_Methodology
Q2_2025,Mr Real,6017.81,64.2994,3869.41,35.7006,2148.39,3222585.0,"United Kingdom, Canada, South Africa, Ghana, Ireland",observed: artist's own Nigerian share of listeners this quarter | Chartmetric + Soundcharts (observed); see 02_Methodology
Q2_2025,Prettyboy D-O,5583.41,55.8566,3118.7,44.1434,2464.71,3697065.0,"United States, United Kingdom, South Africa, Canada, Ghana",observed: artist's own Nigerian share of listeners this quarter | Chartmetric + Soundcharts (observed); see 02_Methodology
Q2_2025,Naeto C,5218.81,72.4084,3778.86,27.5916,1439.95,2159925.0,"Uganda, Ireland, United States, United Kingdom, Netherlands",observed: artist's own Nigerian share of listeners this quarter | Chartmetric + Soundcharts (observed); see 02_Methodology
Q2_2025,Olu Maintain,4728.65,65.5395,3099.13,34.4605,1629.52,2444280.0,"Netherlands, United States, United Kingdom, Belgium, Ghana",observed: artist's own Nigerian share of listeners this quarter | Chartmetric + Soundcharts (observed); see 02_Methodology
Q2_2025,Jesse Jagz,3993.63,71.3695,2850.23,28.6305,1143.39,1715085.0,"Netherlands, Sweden, Ireland, United States, Zimbabwe",observed: artist's own Nigerian share of listeners this quarter | Chartmetric + Soundcharts (observed); see 02_Methodology
Q2_2025,Small Doctor,3411.62,77.9515,2659.41,22.0485,752.21,1128315.0,"United Kingdom, United States, Canada, Ghana, Ireland",observed: artist's own Nigerian share of listeners this quarter | Chartmetric + Soundcharts (observed); see 02_Methodology
Q2_2025,Sound Sultan,3242.3,81.5812,2645.11,18.4188,597.19,895785.0,"United States, United Kingdom, Canada, South Africa, Ghana",observed: artist's own Nigerian share of listeners this quarter | Chartmetric + Soundcharts (observed); see 02_Methodology
Q2_2025,Eldee,3186.21,79.2394,2524.73,20.7606,661.48,992220.0,"Ireland, Kenya, United States, United Arab Emirates, Netherlands",observed: artist's own Nigerian share of listeners this quarter | Chartmetric + Soundcharts (observed); see 02_Methodology
Q2_2025,Waje,2544.14,65.5482,1667.64,34.4518,876.5,1314750.0,"United Kingdom, Canada, Ghana, Netherlands, Uganda",observed: artist's own Nigerian share of listeners this quarter | Chartmetric + Soundcharts (observed); see 02_Methodology
Q2_2025,Dammy Krane,1724.64,68.0267,1173.22,31.9733,551.42,827130.0,"South Africa, India, Netherlands, Ireland, United States",observed: artist's own Nigerian share of listeners this quarter | Chartmetric + Soundcharts (observed); see 02_Methodology
Q2_2025,Lagbaja,842.86,60.2172,507.55,39.7828,335.31,502965.0,"Ireland, United States, Sweden, Belgium, United Kingdom",observed: artist's own Nigerian share of listeners this quarter | Chartmetric + Soundcharts (observed); see 02_Methodology
Q2_2025,Sauce Kid,317.24,71.8792,228.03,28.1208,89.21,133815.0,"United Kingdom, Canada, United States, South Africa, Ghana",observed: artist's own Nigerian share of listeners this quarter | Chartmetric + Soundcharts (observed); see 02_Methodology
Q2_2025,Ebenezer Obey,120.7,33.5716,40.52,66.4284,80.18,120270.0,,assumed: portfolio-wide ratio applied to an artist without own geography | Chartmetric + Soundcharts (observed); see 02_Methodology
Q2_2025,Oritsefemi,27.49,88.8889,24.44,11.1111,3.05,4575.0,"Germany, United States, United Kingdom, Türkiye, Canada",observed: artist's own Nigerian share of listeners this quarter | Chartmetric + Soundcharts (observed); see 02_Methodology
Q2_2025,Odunsi,0.31,33.5716,0.1,66.4284,0.21,315.0,,assumed: portfolio-wide ratio applied to an artist without own geography | Chartmetric + Soundcharts (observed); see 02_Methodology
Q2_2025,DJ Cuppy,0.05,33.5716,0.02,66.4284,0.04,60.0,,assumed: portfolio-wide ratio applied to an artist without own geography | Chartmetric + Soundcharts (observed); see 02_Methodology
Q2_2025,=== PERIOD TOTAL ===,24001481.39,,7519051.11,,16482430.26,24723645390.0,,Aggregated
Q3_2025,Burna Boy,1817391.49,12.5909,228825.11,87.4091,1588566.38,2382849570.0,"Uganda, United States, Côte D’Ivoire, Sierra Leone, Norway",observed: artist's own Nigerian share of listeners this quarter | Chartmetric + Soundcharts (observed); see 02_Methodology
Q3_2025,Rema,1580626.85,14.0021,221321.28,85.9979,1359305.58,2038958370.0,"United States, Côte D’Ivoire, Congo - Kinshasa, India, Uganda",observed: artist's own Nigerian share of listeners this quarter | Chartmetric + Soundcharts (observed); see 02_Methodology
Q3_2025,Ayra Starr,1377985.94,10.8416,149396.15,89.1584,1228589.8,1842884700.0,"Côte D’Ivoire, United States, Congo - Kinshasa, Benin, Sierra Leone",observed: artist's own Nigerian share of listeners this quarter | Chartmetric + Soundcharts (observed); see 02_Methodology
Q3_2025,Tems,1377513.06,7.4271,102309.91,92.5729,1275203.15,1912804725.0,"United States, South Africa, United Kingdom, Kenya, Uganda",observed: artist's own Nigerian share of listeners this quarter | Chartmetric + Soundcharts (observed); see 02_Methodology
Q3_2025,Wizkid,1051288.47,24.6445,259084.68,75.3555,792203.79,1188305685.0,"United States, United Kingdom, Kenya, South Africa, Uganda",observed: artist's own Nigerian share of listeners this quarter | Chartmetric + Soundcharts (observed); see 02_Methodology
Q3_2025,Davido,925135.41,30.7816,284771.31,69.2184,640364.1,960546150.0,"United States, United Kingdom, South Africa, Netherlands, Kenya",observed: artist's own Nigerian share of listeners this quarter | Chartmetric + Soundcharts (observed); see 02_Methodology
Q3_2025,Omah Lay,892942.52,23.2558,207660.88,76.7442,685281.64,1027922460.0,"United States, Kenya, Uganda, France, Congo - Kinshasa",observed: artist's own Nigerian share of listeners this quarter | Chartmetric + Soundcharts (observed); see 02_Methodology
Q3_2025,CKay,719606.65,8.9954,64731.28,91.0046,654875.37,982313055.0,"India, United States, France, Uganda, Zambia",observed: artist's own Nigerian share of listeners this quarter | Chartmetric + Soundcharts (observed); see 02_Methodology
Q3_2025,Fireboy DML,710414.1,23.0738,163919.26,76.9262,546494.84,819742260.0,"United States, United Kingdom, Kenya, Zimbabwe, Norway",observed: artist's own Nigerian share of listeners this quarter | Chartmetric + Soundcharts (observed); see 02_Methodology
Q3_2025,Asake,622314.03,44.4852,276837.86,55.5148,345476.17,518214255.0,"United States, Uganda, Kenya, United Kingdom, Congo - Kinshasa",observed: artist's own Nigerian share of listeners this quarter | Chartmetric + Soundcharts (observed); see 02_Methodology
Q3_2025,Shallipopi,502173.61,50.3065,252626.1,49.6935,249547.51,374321265.0,"Kenya, United States, South Africa, United Kingdom, Malawi",observed: artist's own Nigerian share of listeners this quarter | Chartmetric + Soundcharts (observed); see 02_Methodology
Q3_2025,Ruger,477902.19,35.1399,167934.29,64.8601,309967.91,464951865.0,"Kenya, Sierra Leone, Zambia, United States, Congo - Kinshasa",observed: artist's own Nigerian share of listeners this quarter | Chartmetric + Soundcharts (observed); see 02_Methodology
Q3_2025,Libianca,447472.94,6.0435,27042.93,93.9565,420430.0,630645000.0,"India, Indonesia, United States, South Africa, Uganda",observed: artist's own Nigerian share of listeners this quarter | Chartmetric + Soundcharts (observed); see 02_Methodology
Q3_2025,Kizz Daniel,423684.0,59.4105,251712.71,40.5895,171971.3,257956950.0,"Congo - Kinshasa, United States, Liberia, Uganda, Kenya",observed: artist's own Nigerian share of listeners this quarter | Chartmetric + Soundcharts (observed); see 02_Methodology
Q3_2025,Amaarae,404859.87,3.0837,12484.69,96.9163,392375.18,588562770.0,"United States, India, Mexico, Brazil, Peru",observed: artist's own Nigerian share of listeners this quarter | Chartmetric + Soundcharts (observed); see 02_Methodology
Q3_2025,BNXN,404741.43,61.3392,248265.01,38.6608,156476.42,234714630.0,"Kenya, United States, United Kingdom, South Africa, Malawi",observed: artist's own Nigerian share of listeners this quarter | Chartmetric + Soundcharts (observed); see 02_Methodology
Q3_2025,Olamide,367699.09,61.1877,224986.46,38.8123,142712.63,214068945.0,"Kenya, United States, Uganda, United Kingdom, Zambia",observed: artist's own Nigerian share of listeners this quarter | Chartmetric + Soundcharts (observed); see 02_Methodology
Q3_2025,Flavour,360436.65,50.1118,180621.22,49.8882,179815.43,269723145.0,"Congo - Kinshasa, Italy, Germany, United Arab Emirates, Togo",observed: artist's own Nigerian share of listeners this quarter | Chartmetric + Soundcharts (observed); see 02_Methodology
Q3_2025,Mr Eazi,334508.13,15.5572,52040.09,84.4428,282468.04,423702060.0,"United States, United Kingdom, Sierra Leone, Zimbabwe, Kenya",observed: artist's own Nigerian share of listeners this quarter | Chartmetric + Soundcharts (observed); see 02_Methodology
Q3_2025,Oxlade,324965.0,10.3302,33569.47,89.6698,291395.53,437093295.0,"India, United States, Uganda, France, Indonesia",observed: artist's own Nigerian share of listeners this quarter | Chartmetric + Soundcharts (observed); see 02_Methodology
Q3_2025,Joeboy,319693.17,37.0586,118473.78,62.9414,201219.39,301829085.0,"Kenya, Sierra Leone, United States, Zimbabwe, Côte D’Ivoire",observed: artist's own Nigerian share of listeners this quarter | Chartmetric + Soundcharts (observed); see 02_Methodology
Q3_2025,Lojay,318052.01,20.4979,65193.91,79.5021,252858.1,379287150.0,"Uganda, United States, Kenya, United Kingdom, South Africa",observed: artist's own Nigerian share of listeners this quarter | Chartmetric + Soundcharts (observed); see 02_Methodology
Q3_2025,Victony,300690.11,43.3451,130334.41,56.6549,170355.7,255533550.0,"Kenya, United States, Uganda, France, Congo - Kinshasa",observed: artist's own Nigerian share of listeners this quarter | Chartmetric + Soundcharts (observed); see 02_Methodology
Q3_2025,P-Square,296362.0,28.847,85491.54,71.153,210870.46,316305690.0,"Kenya, France, United States, South Africa, Côte D’Ivoire",observed: artist's own Nigerian share of listeners this quarter | Chartmetric + Soundcharts (observed); see 02_Methodology
Q3_2025,Young Jonn,285324.94,75.8484,216414.52,24.1516,68910.42,103365630.0,"Uganda, United States, Zambia, United Kingdom, Malawi",observed: artist's own Nigerian share of listeners this quarter | Chartmetric + Soundcharts (observed); see 02_Methodology
Q3_2025,Khaid,280455.19,20.7436,58176.48,79.2564,222278.71,333418065.0,"Poland, Zambia, Liberia, United States, Kenya",observed: artist's own Nigerian share of listeners this quarter | Chartmetric + Soundcharts (observed); see 02_Methodology
Q3_2025,Darkoo,273541.35,31.8809,87207.58,68.1191,186333.77,279500655.0,"Kenya, Norway, Malawi, United States, Liberia",observed: artist's own Nigerian share of listeners this quarter | Chartmetric + Soundcharts (observed); see 02_Methodology
Q3_2025,ODUMODUBLVCK,267708.95,78.6766,210624.18,21.3234,57084.77,85627155.0,"Uganda, Zambia, United States, Malawi, United Kingdom",observed: artist's own Nigerian share of listeners this quarter | Chartmetric + Soundcharts (observed); see 02_Methodology
Q3_2025,Tekno,251235.24,28.905,72619.64,71.095,178615.6,267923400.0,"Benin, Kenya, United States, South Africa, Zimbabwe",observed: artist's own Nigerian share of listeners this quarter | Chartmetric + Soundcharts (observed); see 02_Methodology
Q3_2025,Chike,238335.31,66.574,158669.43,33.426,79665.88,119498820.0,"Kenya, Ghana, South Africa, United States, United Kingdom",observed: artist's own Nigerian share of listeners this quarter | Chartmetric + Soundcharts (observed); see 02_Methodology
Q3_2025,Adekunle Gold,229371.38,48.6866,111673.07,51.3134,117698.31,176547465.0,"United States, Liberia, Kenya, United Kingdom, Malawi",observed: artist's own Nigerian share of listeners this quarter | Chartmetric + Soundcharts (observed); see 02_Methodology
Q3_2025,Sarz,228603.79,26.2577,60026.06,73.7423,168577.74,252866610.0,"United States, Kenya, United Kingdom, South Africa, France",observed: artist's own Nigerian share of listeners this quarter | Chartmetric + Soundcharts (observed); see 02_Methodology
Q3_2025,Tiwa Savage,219340.71,38.5625,84583.24,61.4375,134757.47,202136205.0,"Sierra Leone, Liberia, China, United States, Kenya",observed: artist's own Nigerian share of listeners this quarter | Chartmetric + Soundcharts (observed); see 02_Methodology
Q3_2025,Seyi Vibez,215504.48,85.0951,183383.79,14.9049,32120.69,48181035.0,"Benin, Uganda, United States, Ghana, Zambia",observed: artist's own Nigerian share of listeners this quarter | Chartmetric + Soundcharts (observed); see 02_Methodology
Q3_2025,Tempoe,176095.97,35.5631,62625.25,64.4369,113470.72,170206080.0,,assumed: portfolio-wide ratio applied to an artist without own geography | Chartmetric + Soundcharts (observed); see 02_Methodology
Q3_2025,Pheelz,176051.76,35.5216,62536.45,64.4784,113515.3,170272950.0,"Indonesia, United States, Uganda, South Africa, United Kingdom",observed: artist's own Nigerian share of listeners this quarter | Chartmetric + Soundcharts (observed); see 02_Methodology
Q3_2025,Patoranking,168852.39,42.9211,72473.37,57.0789,96379.02,144568530.0,"Kenya, Sierra Leone, United States, Malawi, Liberia",observed: artist's own Nigerian share of listeners this quarter | Chartmetric + Soundcharts (observed); see 02_Methodology
Q3_2025,Bella Shmurda,167699.81,94.5064,158487.11,5.4936,9212.7,13819050.0,"Uganda, United States, Zambia, Ghana, United Kingdom",observed: artist's own Nigerian share of listeners this quarter | Chartmetric + Soundcharts (observed); see 02_Methodology
Q3_2025,Zlatan,157841.61,88.4734,139647.86,11.5266,18193.75,27290625.0,"United States, Uganda, Zambia, United Kingdom, Ghana",observed: artist's own Nigerian share of listeners this quarter | Chartmetric + Soundcharts (observed); see 02_Methodology
Q3_2025,Qing Madi,157487.07,52.535,82735.89,47.465,74751.18,112126770.0,"Kenya, United States, Zambia, Uganda, Côte D’Ivoire",observed: artist's own Nigerian share of listeners this quarter | Chartmetric + Soundcharts (observed); see 02_Methodology
Q3_2025,Spyro,151857.69,61.7891,93831.49,38.2109,58026.2,87039300.0,"United Kingdom, Kenya, South Africa, Ghana, United States",observed: artist's own Nigerian share of listeners this quarter | Chartmetric + Soundcharts (observed); see 02_Methodology
Q3_2025,Bayanni,148921.07,24.0387,35798.7,75.9613,113122.37,169683555.0,"Netherlands, Ghana, Germany, Canada, India",observed: artist's own Nigerian share of listeners this quarter | Chartmetric + Soundcharts (observed); see 02_Methodology
Q3_2025,Zinoleesky,146955.1,71.1288,104527.33,28.8712,42427.77,63641655.0,"Uganda, Zambia, United States, Ghana, United Kingdom",observed: artist's own Nigerian share of listeners this quarter | Chartmetric + Soundcharts (observed); see 02_Methodology
Q3_2025,Naira Marley,142401.86,69.0244,98292.07,30.9756,44109.79,66164685.0,"United States, Benin, Côte D’Ivoire, United Kingdom, Ghana",observed: artist's own Nigerian share of listeners this quarter | Chartmetric + Soundcharts (observed); see 02_Methodology
Q3_2025,Johnny Drille,139748.77,64.677,90385.3,35.323,49363.46,74045190.0,"Kenya, Liberia, United States, Rwanda, Uganda",observed: artist's own Nigerian share of listeners this quarter | Chartmetric + Soundcharts (observed); see 02_Methodology
Q3_2025,Simi,125198.61,60.2712,75458.7,39.7288,49739.91,74609865.0,"Liberia, Malawi, Kenya, United States, Zimbabwe",observed: artist's own Nigerian share of listeners this quarter | Chartmetric + Soundcharts (observed); see 02_Methodology
Q3_2025,Wande Coal,122603.49,47.085,57727.88,52.915,64875.62,97313430.0,"Malawi, United States, Norway, Côte D’Ivoire, Zimbabwe",observed: artist's own Nigerian share of listeners this quarter | Chartmetric + Soundcharts (observed); see 02_Methodology
Q3_2025,Crayon,119531.37,41.5688,49687.7,58.4312,69843.67,104765505.0,"Kenya, United Kingdom, United States, Ghana, Canada",observed: artist's own Nigerian share of listeners this quarter | Chartmetric + Soundcharts (observed); see 02_Methodology
Q3_2025,Magixx,118253.11,48.7795,57683.28,51.2205,60569.83,90854745.0,"Kenya, United Kingdom, United States, Ghana, South Africa",observed: artist's own Nigerian share of listeners this quarter | Chartmetric + Soundcharts (observed); see 02_Methodology
Q3_2025,Phyno,118136.58,84.6526,100005.74,15.3474,18130.84,27196260.0,"United States, United Kingdom, Uganda, Kenya, Malawi",observed: artist's own Nigerian share of listeners this quarter | Chartmetric + Soundcharts (observed); see 02_Methodology
Q3_2025,Blaqbonez,113379.65,69.6856,79009.28,30.3144,34370.36,51555540.0,"Sweden, Malawi, Zimbabwe, United States, Kenya",observed: artist's own Nigerian share of listeners this quarter | Chartmetric + Soundcharts (observed); see 02_Methodology
Q3_2025,Iyanya,106509.72,46.4639,49488.56,53.5361,57021.16,85531740.0,"Kenya, India, Sierra Leone, United States, Congo - Kinshasa",observed: artist's own Nigerian share of listeners this quarter | Chartmetric + Soundcharts (observed); see 02_Methodology
Q3_2025,Yemi Alade,105676.87,10.4761,11070.84,89.5239,94606.03,141909045.0,"Benin, Congo - Kinshasa, Sierra Leone, Kenya, Liberia",observed: artist's own Nigerian share of listeners this quarter | Chartmetric + Soundcharts (observed); see 02_Methodology
Q3_2025,Mohbad,96698.28,81.66,78963.78,18.34,17734.5,26601750.0,"United States, Zambia, Uganda, South Africa, Kenya",observed: artist's own Nigerian share of listeners this quarter | Chartmetric + Soundcharts (observed); see 02_Methodology
Q3_2025,Teni,93176.91,56.6699,52803.31,43.3301,40373.61,60560415.0,"United States, Kenya, Zambia, United Kingdom, Ghana",observed: artist's own Nigerian share of listeners this quarter | Chartmetric + Soundcharts (observed); see 02_Methodology
Q3_2025,Maleek Berry,89231.15,21.7728,19428.13,78.2272,69803.01,104704515.0,"United States, Zimbabwe, Norway, United Kingdom, Malawi",observed: artist's own Nigerian share of listeners this quarter | Chartmetric + Soundcharts (observed); see 02_Methodology
Q3_2025,Mayorkun,89023.54,49.3922,43970.66,50.6078,45052.88,67579320.0,"Kenya, United States, Zambia, South Africa, Zimbabwe",observed: artist's own Nigerian share of listeners this quarter | Chartmetric + Soundcharts (observed); see 02_Methodology
Q3_2025,Reekado Banks,86407.96,66.9404,57841.81,33.0596,28566.16,42849240.0,"Kenya, Malawi, United States, Zambia, United Kingdom",observed: artist's own Nigerian share of listeners this quarter | Chartmetric + Soundcharts (observed); see 02_Methodology
Q3_2025,DJ Neptune,75308.97,62.5662,47117.98,37.4338,28190.99,42286485.0,"Malawi, Côte D’Ivoire, Zimbabwe, Liberia, United States",observed: artist's own Nigerian share of listeners this quarter | Chartmetric + Soundcharts (observed); see 02_Methodology
Q3_2025,Bracket,71352.99,41.5645,29657.54,58.4355,41695.45,62543175.0,"United Kingdom, Netherlands, Ghana, Kenya, South Africa",observed: artist's own Nigerian share of listeners this quarter | Chartmetric + Soundcharts (observed); see 02_Methodology
Q3_2025,Olakira,67920.36,32.4435,22035.75,67.5565,45884.62,68826930.0,"Jamaica, Italy, Brazil, Senegal, United Kingdom",observed: artist's own Nigerian share of listeners this quarter | Chartmetric + Soundcharts (observed); see 02_Methodology
Q3_2025,Ric Hassani,67872.74,9.0223,6123.71,90.9777,61749.03,92623545.0,"India, United States, Mauritius, Kenya, United Kingdom",observed: artist's own Nigerian share of listeners this quarter | Chartmetric + Soundcharts (observed); see 02_Methodology
Q3_2025,LADIPOE,63396.02,59.8702,37955.3,40.1298,25440.72,38161080.0,"Kenya, Zimbabwe, United States, South Africa, Zambia",observed: artist's own Nigerian share of listeners this quarter | Chartmetric + Soundcharts (observed); see 02_Methodology
Q3_2025,Tay Iwar,62191.9,30.8759,19202.29,69.1241,42989.61,64484415.0,"United States, United Kingdom, Australia, Kenya, Netherlands",observed: artist's own Nigerian share of listeners this quarter | Chartmetric + Soundcharts (observed); see 02_Methodology
Q3_2025,Ice Prince,60129.55,35.2144,21174.24,64.7856,38955.32,58432980.0,"Uganda, Malawi, Zimbabwe, United States, South Africa",observed: artist's own Nigerian share of listeners this quarter | Chartmetric + Soundcharts (observed); see 02_Methodology
Q3_2025,Boj,59749.97,30.5336,18243.8,69.4664,41506.17,62259255.0,"United Kingdom, Spain, Australia, Netherlands, United States",observed: artist's own Nigerian share of listeners this quarter | Chartmetric + Soundcharts (observed); see 02_Methodology
Q3_2025,Bloody Civilian,58907.31,75.2248,44312.89,24.7752,14594.42,21891630.0,"Uganda, Zambia, United States, United Kingdom, Côte D’Ivoire",observed: artist's own Nigerian share of listeners this quarter | Chartmetric + Soundcharts (observed); see 02_Methodology
Q3_2025,Skiibii,58086.63,55.4278,32196.12,44.5722,25890.51,38835765.0,"Benin, Netherlands, United Kingdom, United States, Italy",observed: artist's own Nigerian share of listeners this quarter | Chartmetric + Soundcharts (observed); see 02_Methodology
Q3_2025,2Baba,57266.34,68.5045,39230.03,31.4955,18036.31,27054465.0,"United States, United Kingdom, Kenya, South Africa, Ghana",observed: artist's own Nigerian share of listeners this quarter | Chartmetric + Soundcharts (observed); see 02_Methodology
Q3_2025,Timaya,49742.67,53.7536,26738.49,46.2464,23004.18,34506270.0,"United States, Kenya, Liberia, United Kingdom, Italy",observed: artist's own Nigerian share of listeners this quarter | Chartmetric + Soundcharts (observed); see 02_Methodology
Q3_2025,Falz,48569.66,76.1633,36992.24,23.8367,11577.41,17366115.0,"China, Brazil, United States, United Kingdom, Belgium",observed: artist's own Nigerian share of listeners this quarter | Chartmetric + Soundcharts (observed); see 02_Methodology
Q3_2025,Lil Kesh,45606.35,92.356,42120.21,7.644,3486.14,5229210.0,"United States, United Kingdom, Zimbabwe, Ghana, Uganda",observed: artist's own Nigerian share of listeners this quarter | Chartmetric + Soundcharts (observed); see 02_Methodology
Q3_2025,Vector,44054.15,78.1494,34428.05,21.8506,9626.1,14439150.0,"Malawi, Zimbabwe, Côte D’Ivoire, Angola, Benin",observed: artist's own Nigerian share of listeners this quarter | Chartmetric + Soundcharts (observed); see 02_Methodology
Q3_2025,Boy Spyce,43500.29,69.079,30049.55,30.921,13450.73,20176095.0,"Ghana, United States, United Kingdom, Kenya, Canada",observed: artist's own Nigerian share of listeners this quarter | Chartmetric + Soundcharts (observed); see 02_Methodology
Q3_2025,Nonso Amadi,42186.18,30.1976,12739.21,69.8024,29446.97,44170455.0,"United States, Kenya, South Africa, United Kingdom, Uganda",observed: artist's own Nigerian share of listeners this quarter | Chartmetric + Soundcharts (observed); see 02_Methodology
Q3_2025,D'banj,40473.53,41.2928,16712.66,58.7072,23760.87,35641305.0,"Zambia, United States, United Kingdom, Zimbabwe, Malawi",observed: artist's own Nigerian share of listeners this quarter | Chartmetric + Soundcharts (observed); see 02_Methodology
Q3_2025,Korede Bello,40451.4,19.7082,7972.25,80.2918,32479.14,48718710.0,"Benin, Gambia, China, Liberia, Congo - Kinshasa",observed: artist's own Nigerian share of listeners this quarter | Chartmetric + Soundcharts (observed); see 02_Methodology
Q3_2025,Cruel Santino,39731.57,69.4503,27593.71,30.5497,12137.86,18206790.0,"Netherlands, Uganda, Ireland, Belgium, Sweden",observed: artist's own Nigerian share of listeners this quarter | Chartmetric + Soundcharts (observed); see 02_Methodology
Q3_2025,Fela Kuti,37704.35,12.9419,4879.66,87.0581,32824.69,49237035.0,"United States, Sweden, Norway, United Kingdom, South Africa",observed: artist's own Nigerian share of listeners this quarter | Chartmetric + Soundcharts (observed); see 02_Methodology
Q3_2025,WurlD,37200.16,55.0192,20467.25,44.9808,16732.91,25099365.0,"Kenya, United States, Malawi, Zambia, United Kingdom",observed: artist's own Nigerian share of listeners this quarter | Chartmetric + Soundcharts (observed); see 02_Methodology
Q3_2025,Ycee,36667.47,50.1687,18395.58,49.8313,18271.89,27407835.0,"United States, United Kingdom, South Africa, Kenya, Uganda",observed: artist's own Nigerian share of listeners this quarter | Chartmetric + Soundcharts (observed); see 02_Methodology
Q3_2025,Niniola,34434.96,34.2517,11794.55,65.7483,22640.41,33960615.0,"South Africa, Uganda, Sierra Leone, China, Belgium",observed: artist's own Nigerian share of listeners this quarter | Chartmetric + Soundcharts (observed); see 02_Methodology
Q3_2025,Aṣa,34015.69,53.6799,18259.59,46.3201,15756.09,23634135.0,"Uganda, United States, Zimbabwe, Zambia, Switzerland",observed: artist's own Nigerian share of listeners this quarter | Chartmetric + Soundcharts (observed); see 02_Methodology
Q3_2025,Portable,33776.96,75.5556,25520.37,24.4444,8256.59,12384885.0,"United States, Ghana, United Kingdom, Portugal, Netherlands",observed: artist's own Nigerian share of listeners this quarter | Chartmetric + Soundcharts (observed); see 02_Methodology
Q3_2025,Peruzzi,31508.15,82.6916,26054.59,17.3084,5453.56,8180340.0,"United States, Uganda, United Kingdom, Cameroon, Italy",observed: artist's own Nigerian share of listeners this quarter | Chartmetric + Soundcharts (observed); see 02_Methodology
Q3_2025,Duncan Mighty,28975.52,79.9173,23156.46,20.0827,5819.07,8728605.0,"United States, Italy, United Kingdom, Sweden, Ghana",observed: artist's own Nigerian share of listeners this quarter | Chartmetric + Soundcharts (observed); see 02_Methodology
Q3_2025,Show Dem Camp,27579.58,48.4309,13357.03,51.5691,14222.55,21333825.0,"United Kingdom, United States, South Africa, Kenya, Canada",observed: artist's own Nigerian share of listeners this quarter | Chartmetric + Soundcharts (observed); see 02_Methodology
Q3_2025,DJ Spinall,27501.08,35.0,9625.38,65.0,17875.7,26813550.0,"United States, United Kingdom, Philippines, Netherlands, Hungary",observed: artist's own Nigerian share of listeners this quarter | Chartmetric + Soundcharts (observed); see 02_Methodology
Q3_2025,Bad Boy Timz,26288.12,54.8272,14413.05,45.1728,11875.07,17812605.0,"Netherlands, Australia, Uganda, Zambia, Ireland",observed: artist's own Nigerian share of listeners this quarter | Chartmetric + Soundcharts (observed); see 02_Methodology
Q3_2025,Brymo,25753.49,88.8219,22874.75,11.1781,2878.74,4318110.0,"United States, Netherlands, United Kingdom, Ghana, Uganda",observed: artist's own Nigerian share of listeners this quarter | Chartmetric + Soundcharts (observed); see 02_Methodology
Q3_2025,Banky W.,24930.09,48.8881,12187.86,51.1119,12742.23,19113345.0,"Netherlands, United States, Zimbabwe, Côte D’Ivoire, Belgium",observed: artist's own Nigerian share of listeners this quarter | Chartmetric + Soundcharts (observed); see 02_Methodology
Q3_2025,9ice,24483.82,77.4728,18968.31,22.5272,5515.52,8273280.0,"United States, United Kingdom, Canada, India, Uganda",observed: artist's own Nigerian share of listeners this quarter | Chartmetric + Soundcharts (observed); see 02_Methodology
Q3_2025,Reminisce,23863.93,84.4727,20158.5,15.5273,3705.43,5558145.0,"Netherlands, Germany, Ireland, Uganda, Zambia",observed: artist's own Nigerian share of listeners this quarter | Chartmetric + Soundcharts (observed); see 02_Methodology
Q3_2025,M.I. Abaga,23279.01,73.3653,17078.73,26.6347,6200.28,9300420.0,"United States, United Kingdom, South Africa, Canada, Ghana",observed: artist's own Nigerian share of listeners this quarter | Chartmetric + Soundcharts (observed); see 02_Methodology
Q3_2025,Rude Boy,21650.78,1.7114,370.52,98.2886,21280.25,31920375.0,"Costa Rica, Singapore, Thailand, Peru, United States",observed: artist's own Nigerian share of listeners this quarter | Chartmetric + Soundcharts (observed); see 02_Methodology
Q3_2025,Lyta,20734.81,99.9725,20729.11,0.0275,5.7,8550.0,"United States, United Kingdom, Ghana, Canada, South Africa",observed: artist's own Nigerian share of listeners this quarter | Chartmetric + Soundcharts (observed); see 02_Methodology
Q3_2025,Mannywellz,20611.56,32.5223,6703.36,67.4777,13908.2,20862300.0,"United States, South Africa, United Kingdom, Kenya, Canada",observed: artist's own Nigerian share of listeners this quarter | Chartmetric + Soundcharts (observed); see 02_Methodology
Q3_2025,Odunsi (The Engine),17676.48,18.5232,3274.24,81.4768,14402.24,21603360.0,"Ireland, Belgium, Uganda, Sweden, Norway",observed: artist's own Nigerian share of listeners this quarter | Chartmetric + Soundcharts (observed); see 02_Methodology
Q3_2025,CDQ,14673.02,93.6273,13737.95,6.3727,935.06,1402590.0,"Uganda, Netherlands, Ireland, United States, Poland",observed: artist's own Nigerian share of listeners this quarter | Chartmetric + Soundcharts (observed); see 02_Methodology
Q3_2025,Praiz,13854.68,31.7425,4397.83,68.2575,9456.85,14185275.0,"Netherlands, Germany, Sweden, Spain, Switzerland",observed: artist's own Nigerian share of listeners this quarter | Chartmetric + Soundcharts (observed); see 02_Methodology
Q3_2025,Ajebutter22,13609.51,44.1311,6006.03,55.8689,7603.48,11405220.0,"United Kingdom, United States, South Africa, Canada, Kenya",observed: artist's own Nigerian share of listeners this quarter | Chartmetric + Soundcharts (observed); see 02_Methodology
Q3_2025,Terry Apala,12756.02,83.9705,10711.29,16.0295,2044.73,3067095.0,"United States, United Kingdom, Germany, France, Ghana",observed: artist's own Nigerian share of listeners this quarter | Chartmetric + Soundcharts (observed); see 02_Methodology
Q3_2025,Dice Ailes,11379.1,77.1292,8776.6,22.8708,2602.49,3903735.0,"United States, Kenya, United Kingdom, Italy, Ghana",observed: artist's own Nigerian share of listeners this quarter | Chartmetric + Soundcharts (observed); see 02_Methodology
Q3_2025,Darey,11358.5,79.9238,9078.14,20.0762,2280.36,3420540.0,"United States, Kenya, United Kingdom, Ghana, France",observed: artist's own Nigerian share of listeners this quarter | Chartmetric + Soundcharts (observed); see 02_Methodology
Q3_2025,Sean Tizzle,11321.13,66.5162,7530.38,33.4838,3790.75,5686125.0,"Netherlands, Sweden, United States, United Kingdom, Belgium",observed: artist's own Nigerian share of listeners this quarter | Chartmetric + Soundcharts (observed); see 02_Methodology
Q3_2025,King Sunny Ade,11235.46,76.184,8559.62,23.816,2675.84,4013760.0,"United States, United Kingdom, Canada, Netherlands, Kenya",observed: artist's own Nigerian share of listeners this quarter | Chartmetric + Soundcharts (observed); see 02_Methodology
Q3_2025,Dremo,10951.01,85.88,9404.73,14.12,1546.28,2319420.0,"United States, United Kingdom, South Africa, Ghana, Canada",observed: artist's own Nigerian share of listeners this quarter | Chartmetric + Soundcharts (observed); see 02_Methodology
Q3_2025,Seyi Shay,10948.51,52.9211,5794.07,47.0789,5154.44,7731660.0,"Italy, Brazil, Belgium, Venezuela, Türkiye",observed: artist's own Nigerian share of listeners this quarter | Chartmetric + Soundcharts (observed); see 02_Methodology
Q3_2025,Illbliss,10222.95,79.4058,8117.61,20.5942,2105.34,3158010.0,"Uganda, Netherlands, Côte D’Ivoire, Ireland, Malawi",observed: artist's own Nigerian share of listeners this quarter | Chartmetric + Soundcharts (observed); see 02_Methodology
Q3_2025,HarrySong,8749.92,61.1257,5348.45,38.8743,3401.47,5102205.0,"Kenya, United States, Uganda, United Kingdom, Italy",observed: artist's own Nigerian share of listeners this quarter | Chartmetric + Soundcharts (observed); see 02_Methodology
Q3_2025,Solidstar,8004.64,65.5761,5249.13,34.4239,2755.51,4133265.0,"United Kingdom, United States, Colombia, Canada, South Africa",observed: artist's own Nigerian share of listeners this quarter | Chartmetric + Soundcharts (observed); see 02_Methodology
Q3_2025,Terri,7912.4,48.9884,3876.16,51.0116,4036.24,6054360.0,"Ghana, United States, Netherlands, Tanzania, United Arab Emirates",observed: artist's own Nigerian share of listeners this quarter | Chartmetric + Soundcharts (observed); see 02_Methodology
Q3_2025,Yung6ix,7499.33,89.2847,6695.76,10.7153,803.57,1205355.0,"Netherlands, Malawi, Germany, France, Kenya",observed: artist's own Nigerian share of listeners this quarter | Chartmetric + Soundcharts (observed); see 02_Methodology
Q3_2025,Lady Donli,7377.03,16.2435,1198.29,83.7565,6178.75,9268125.0,"United Kingdom, United States, South Africa, Kenya, Australia",observed: artist's own Nigerian share of listeners this quarter | Chartmetric + Soundcharts (observed); see 02_Methodology
Q3_2025,Naeto C,6089.79,73.8817,4499.24,26.1183,1590.55,2385825.0,"Ireland, United States, Uganda, United Kingdom, Côte D’Ivoire",observed: artist's own Nigerian share of listeners this quarter | Chartmetric + Soundcharts (observed); see 02_Methodology
Q3_2025,Olu Maintain,5650.63,68.033,3844.3,31.967,1806.34,2709510.0,"United States, Netherlands, United Kingdom, Côte D’Ivoire, Ghana",observed: artist's own Nigerian share of listeners this quarter | Chartmetric + Soundcharts (observed); see 02_Methodology
Q3_2025,Jesse Jagz,5315.36,68.6768,3650.42,31.3232,1664.94,2497410.0,"Sweden, Germany, Netherlands, Ireland, United Kingdom",observed: artist's own Nigerian share of listeners this quarter | Chartmetric + Soundcharts (observed); see 02_Methodology
Q3_2025,Sound Sultan,4624.51,80.6461,3729.49,19.3539,895.02,1342530.0,"United States, United Kingdom, Canada, Ghana, South Africa",observed: artist's own Nigerian share of listeners this quarter | Chartmetric + Soundcharts (observed); see 02_Methodology
Q3_2025,Prettyboy D-O,4196.43,52.7727,2214.57,47.2273,1981.86,2972790.0,"United Kingdom, United States, South Africa, Canada, Ghana",observed: artist's own Nigerian share of listeners this quarter | Chartmetric + Soundcharts (observed); see 02_Methodology
Q3_2025,Eldee,3542.99,77.3712,2741.26,22.6288,801.74,1202610.0,"Ireland, Kenya, Germany, Netherlands, United States",observed: artist's own Nigerian share of listeners this quarter | Chartmetric + Soundcharts (observed); see 02_Methodology
Q3_2025,Small Doctor,3315.53,75.2766,2495.82,24.7234,819.71,1229565.0,"United Kingdom, United States, Canada, Ghana, South Africa",observed: artist's own Nigerian share of listeners this quarter | Chartmetric + Soundcharts (observed); see 02_Methodology
Q3_2025,Mr Real,2997.53,59.6486,1787.99,40.3514,1209.55,1814325.0,"United Kingdom, South Africa, Canada, Ghana, Netherlands",observed: artist's own Nigerian share of listeners this quarter | Chartmetric + Soundcharts (observed); see 02_Methodology
Q3_2025,Waje,2601.91,58.1897,1514.04,41.8103,1087.87,1631805.0,"United Kingdom, Canada, Ghana, South Africa, Netherlands",observed: artist's own Nigerian share of listeners this quarter | Chartmetric + Soundcharts (observed); see 02_Methodology
Q3_2025,Dammy Krane,2300.32,63.6686,1464.58,36.3314,835.74,1253610.0,"South Africa, Malawi, Ireland, Netherlands, Kenya",observed: artist's own Nigerian share of listeners this quarter | Chartmetric + Soundcharts (observed); see 02_Methodology
Q3_2025,Lagbaja,985.36,66.7388,657.62,33.2612,327.74,491610.0,"Netherlands, Zambia, United States, Ireland, Belgium",observed: artist's own Nigerian share of listeners this quarter | Chartmetric + Soundcharts (observed); see 02_Methodology
Q3_2025,Sauce Kid,361.03,74.2726,268.15,25.7274,92.88,139320.0,"United Kingdom, Canada, United States, South Africa, Ireland",observed: artist's own Nigerian share of listeners this quarter | Chartmetric + Soundcharts (observed); see 02_Methodology
Q3_2025,Ebenezer Obey,121.13,35.5631,43.08,64.4369,78.05,117075.0,,assumed: portfolio-wide ratio applied to an artist without own geography | Chartmetric + Soundcharts (observed); see 02_Methodology
Q3_2025,Oritsefemi,27.54,85.7143,23.61,14.2857,3.93,5895.0,United States,observed: artist's own Nigerian share of listeners this quarter | Chartmetric + Soundcharts (observed); see 02_Methodology
Q3_2025,Odunsi,0.31,35.5631,0.11,64.4369,0.2,300.0,,assumed: portfolio-wide ratio applied to an artist without own geography | Chartmetric + Soundcharts (observed); see 02_Methodology
Q3_2025,DJ Cuppy,0.05,35.5631,0.02,64.4369,0.04,60.0,,assumed: portfolio-wide ratio applied to an artist without own geography | Chartmetric + Soundcharts (observed); see 02_Methodology
Q3_2025,=== PERIOD TOTAL ===,23834738.62,,7791774.06,,16042964.61,24064446915.0,,Aggregated
Q4_2025,Burna Boy,1869289.41,12.1795,227669.86,87.8205,1641619.55,2462429325.0,"United States, Uganda, Côte D’Ivoire, France, United Kingdom",observed: artist's own Nigerian share of listeners this quarter | Chartmetric + Soundcharts (observed); see 02_Methodology
Q4_2025,Tems,1614936.09,8.3426,134727.35,91.6574,1480208.75,2220313125.0,"United States, United Kingdom, South Africa, France, Kenya",observed: artist's own Nigerian share of listeners this quarter | Chartmetric + Soundcharts (observed); see 02_Methodology
Q4_2025,Ayra Starr,1514389.66,14.1634,214489.07,85.8366,1299900.59,1949850885.0,"Kenya, Côte D’Ivoire, Congo - Kinshasa, United States, Sierra Leone",observed: artist's own Nigerian share of listeners this quarter | Chartmetric + Soundcharts (observed); see 02_Methodology
Q4_2025,Rema,1504346.51,18.2215,274114.01,81.7785,1230232.5,1845348750.0,"United States, France, Kenya, India, Congo - Kinshasa",observed: artist's own Nigerian share of listeners this quarter | Chartmetric + Soundcharts (observed); see 02_Methodology
Q4_2025,Wizkid,1054629.63,28.5388,300978.25,71.4612,753651.38,1130477070.0,"United States, United Kingdom, France, Kenya, Uganda",observed: artist's own Nigerian share of listeners this quarter | Chartmetric + Soundcharts (observed); see 02_Methodology
Q4_2025,Davido,914634.24,39.8561,364537.7,60.1439,550096.53,825144795.0,"United States, South Africa, United Kingdom, Kenya, Ghana",observed: artist's own Nigerian share of listeners this quarter | Chartmetric + Soundcharts (observed); see 02_Methodology
Q4_2025,Omah Lay,910974.77,27.8962,254127.27,72.1038,656847.5,985271250.0,"Australia, Netherlands, United States, France, Kenya",observed: artist's own Nigerian share of listeners this quarter | Chartmetric + Soundcharts (observed); see 02_Methodology
Q4_2025,CKay,789770.2,25.4063,200651.06,74.5937,589119.15,883678725.0,"India, United States, France, Brazil, Uganda",observed: artist's own Nigerian share of listeners this quarter | Chartmetric + Soundcharts (observed); see 02_Methodology
Q4_2025,Fireboy DML,680120.28,26.8534,182635.6,73.1466,497484.68,746227020.0,"United States, Kenya, United Kingdom, Zambia, Zimbabwe",observed: artist's own Nigerian share of listeners this quarter | Chartmetric + Soundcharts (observed); see 02_Methodology
Q4_2025,Asake,664840.32,51.2355,340634.34,48.7645,324205.99,486308985.0,"Australia, United States, Netherlands, Kenya, United Kingdom",observed: artist's own Nigerian share of listeners this quarter | Chartmetric + Soundcharts (observed); see 02_Methodology
Q4_2025,Shallipopi,499774.57,54.9642,274697.3,45.0358,225077.27,337615905.0,"India, Kenya, South Africa, United States, United Kingdom",observed: artist's own Nigerian share of listeners this quarter | Chartmetric + Soundcharts (observed); see 02_Methodology
Q4_2025,Kizz Daniel,483427.27,59.2283,286325.62,40.7717,197101.65,295652475.0,"Sierra Leone, United States, Congo - Kinshasa, France, United Kingdom",observed: artist's own Nigerian share of listeners this quarter | Chartmetric + Soundcharts (observed); see 02_Methodology
Q4_2025,Ruger,478285.09,40.0629,191614.79,59.9371,286670.3,430005450.0,"Kenya, Sierra Leone, Zambia, United States, Uganda",observed: artist's own Nigerian share of listeners this quarter | Chartmetric + Soundcharts (observed); see 02_Methodology
Q4_2025,Victony,453792.87,41.9709,190461.04,58.0291,263331.83,394997745.0,"United States, France, Kenya, United Kingdom, Congo - Kinshasa",observed: artist's own Nigerian share of listeners this quarter | Chartmetric + Soundcharts (observed); see 02_Methodology
Q4_2025,Libianca,412033.09,5.899,24305.96,94.101,387727.14,581590710.0,"India, Indonesia, United States, South Africa, Zambia",observed: artist's own Nigerian share of listeners this quarter | Chartmetric + Soundcharts (observed); see 02_Methodology
Q4_2025,Flavour,382997.87,61.6364,236066.03,38.3636,146931.84,220397760.0,"Ghana, Tanzania, United States, Congo - Kinshasa, Kenya",observed: artist's own Nigerian share of listeners this quarter | Chartmetric + Soundcharts (observed); see 02_Methodology
Q4_2025,BNXN,375673.2,61.01,229198.04,38.99,146475.16,219712740.0,"Kenya, United States, United Kingdom, Malawi, South Africa",observed: artist's own Nigerian share of listeners this quarter | Chartmetric + Soundcharts (observed); see 02_Methodology
Q4_2025,Amaarae,374601.78,2.9957,11222.05,97.0043,363379.73,545069595.0,"United States, India, Mexico, Brazil, Peru",observed: artist's own Nigerian share of listeners this quarter | Chartmetric + Soundcharts (observed); see 02_Methodology
Q4_2025,ODUMODUBLVCK,340883.26,83.9859,286293.87,16.0141,54589.39,81884085.0,"Uganda, Zambia, United States, United Kingdom, Côte D’Ivoire",observed: artist's own Nigerian share of listeners this quarter | Chartmetric + Soundcharts (observed); see 02_Methodology
Q4_2025,Olamide,332904.87,66.1191,220113.71,33.8809,112791.16,169186740.0,"Netherlands, Australia, Senegal, United States, Zambia",observed: artist's own Nigerian share of listeners this quarter | Chartmetric + Soundcharts (observed); see 02_Methodology
Q4_2025,Mr Eazi,330698.1,13.3887,44276.17,86.6113,286421.93,429632895.0,"Sierra Leone, United States, United Kingdom, Liberia, France",observed: artist's own Nigerian share of listeners this quarter | Chartmetric + Soundcharts (observed); see 02_Methodology
Q4_2025,Young Jonn,325407.0,78.1838,254415.54,21.8162,70991.46,106487190.0,"United States, Zambia, United Kingdom, Côte D’Ivoire, Ghana",observed: artist's own Nigerian share of listeners this quarter | Chartmetric + Soundcharts (observed); see 02_Methodology
Q4_2025,P-Square,323968.61,28.5696,92556.56,71.4304,231412.05,347118075.0,"France, United States, South Africa, Kenya, Côte D’Ivoire",observed: artist's own Nigerian share of listeners this quarter | Chartmetric + Soundcharts (observed); see 02_Methodology
Q4_2025,Sarz,316684.33,39.0115,123543.22,60.9885,193141.11,289711665.0,"United States, Kenya, France, United Kingdom, South Africa",observed: artist's own Nigerian share of listeners this quarter | Chartmetric + Soundcharts (observed); see 02_Methodology
Q4_2025,Lojay,311522.37,20.8418,64926.83,79.1582,246595.54,369893310.0,"United States, France, United Kingdom, South Africa, Kenya",observed: artist's own Nigerian share of listeners this quarter | Chartmetric + Soundcharts (observed); see 02_Methodology
Q4_2025,Seyi Vibez,304839.42,82.0063,249987.43,17.9937,54852.0,82278000.0,"Benin, Uganda, United States, United Kingdom, Zambia",observed: artist's own Nigerian share of listeners this quarter | Chartmetric + Soundcharts (observed); see 02_Methodology
Q4_2025,Joeboy,303632.74,41.974,127446.7,58.026,176186.04,264279060.0,"Kenya, Algeria, Sierra Leone, United States, France",observed: artist's own Nigerian share of listeners this quarter | Chartmetric + Soundcharts (observed); see 02_Methodology
Q4_2025,Oxlade,297763.42,12.0806,35971.66,87.9194,261791.76,392687640.0,"India, United States, France, Uganda, United Kingdom",observed: artist's own Nigerian share of listeners this quarter | Chartmetric + Soundcharts (observed); see 02_Methodology
Q4_2025,Adekunle Gold,294461.88,58.1943,171360.06,41.8057,123101.82,184652730.0,"United States, Liberia, United Kingdom, Kenya, Malawi",observed: artist's own Nigerian share of listeners this quarter | Chartmetric + Soundcharts (observed); see 02_Methodology
Q4_2025,Khaid,256820.5,36.0904,92687.48,63.9096,164133.02,246199530.0,"Poland, Zambia, Togo, Malawi, Liberia",observed: artist's own Nigerian share of listeners this quarter | Chartmetric + Soundcharts (observed); see 02_Methodology
Q4_2025,Chike,245145.1,71.6085,175544.8,28.3915,69600.3,104400450.0,"Kenya, Ghana, South Africa, United States, United Kingdom",observed: artist's own Nigerian share of listeners this quarter | Chartmetric + Soundcharts (observed); see 02_Methodology
Q4_2025,Darkoo,237875.01,31.996,76110.44,68.004,161764.58,242646870.0,"Kenya, United States, Zimbabwe, Congo - Kinshasa, Malawi",observed: artist's own Nigerian share of listeners this quarter | Chartmetric + Soundcharts (observed); see 02_Methodology
Q4_2025,Tekno,222501.61,35.1194,78141.17,64.8806,144360.45,216540675.0,"United States, Congo - Kinshasa, Sierra Leone, France, Kenya",observed: artist's own Nigerian share of listeners this quarter | Chartmetric + Soundcharts (observed); see 02_Methodology
Q4_2025,Tiwa Savage,214421.36,39.4947,84684.98,60.5053,129736.37,194604555.0,"Sierra Leone, United States, Kenya, Liberia, China",observed: artist's own Nigerian share of listeners this quarter | Chartmetric + Soundcharts (observed); see 02_Methodology
Q4_2025,Tempoe,206984.41,40.0111,82816.7,59.9889,124167.71,186251565.0,,assumed: portfolio-wide ratio applied to an artist without own geography | Chartmetric + Soundcharts (observed); see 02_Methodology
Q4_2025,Patoranking,193483.53,44.705,86496.73,55.295,106986.8,160480200.0,"Kenya, Sierra Leone, United States, Zambia, Malawi",observed: artist's own Nigerian share of listeners this quarter | Chartmetric + Soundcharts (observed); see 02_Methodology
Q4_2025,Bella Shmurda,190945.42,40.0111,76399.33,59.9889,114546.1,171819150.0,"Uganda, United States, Netherlands, Benin, Zambia",assumed: portfolio-wide ratio applied to an artist without own geography | Chartmetric + Soundcharts (observed); see 02_Methodology
Q4_2025,Zlatan,184771.9,97.6617,180451.46,2.3383,4320.44,6480660.0,"United States, United Kingdom, Uganda, Benin, Zambia",observed: artist's own Nigerian share of listeners this quarter | Chartmetric + Soundcharts (observed); see 02_Methodology
Q4_2025,Bayanni,164929.26,24.6816,40707.23,75.3184,124222.03,186333045.0,"Kenya, India, United Kingdom, Uganda, Germany",observed: artist's own Nigerian share of listeners this quarter | Chartmetric + Soundcharts (observed); see 02_Methodology
Q4_2025,Qing Madi,158127.83,54.2953,85856.01,45.7047,72271.83,108407745.0,"Kenya, Zambia, Uganda, United States, Tanzania",observed: artist's own Nigerian share of listeners this quarter | Chartmetric + Soundcharts (observed); see 02_Methodology
Q4_2025,Zinoleesky,157277.77,77.1989,121416.73,22.8011,35861.04,53791560.0,"Côte D’Ivoire, United States, United Kingdom, Uganda, Benin",observed: artist's own Nigerian share of listeners this quarter | Chartmetric + Soundcharts (observed); see 02_Methodology
Q4_2025,Pheelz,157052.4,38.3384,60211.33,61.6616,96841.07,145261605.0,"United States, South Africa, Zimbabwe, Côte D’Ivoire, Norway",observed: artist's own Nigerian share of listeners this quarter | Chartmetric + Soundcharts (observed); see 02_Methodology
Q4_2025,Phyno,144026.99,93.3254,134413.8,6.6746,9613.2,14419800.0,"United States, United Kingdom, Italy, Uganda, Malawi",observed: artist's own Nigerian share of listeners this quarter | Chartmetric + Soundcharts (observed); see 02_Methodology
Q4_2025,Naira Marley,142029.98,71.0543,100918.44,28.9457,41111.53,61667295.0,"Benin, Togo, United States, United Kingdom, Côte D’Ivoire",observed: artist's own Nigerian share of listeners this quarter | Chartmetric + Soundcharts (observed); see 02_Methodology
Q4_2025,Yemi Alade,137136.61,15.257,20922.89,84.743,116213.72,174320580.0,"Côte D’Ivoire, Congo - Kinshasa, Benin, Sierra Leone, Liberia",observed: artist's own Nigerian share of listeners this quarter | Chartmetric + Soundcharts (observed); see 02_Methodology
Q4_2025,Spyro,135913.01,56.8004,77199.09,43.1996,58713.93,88070895.0,"Kenya, Ghana, United Kingdom, South Africa, United States",observed: artist's own Nigerian share of listeners this quarter | Chartmetric + Soundcharts (observed); see 02_Methodology
Q4_2025,Blaqbonez,134585.65,81.3895,109538.57,18.6105,25047.08,37570620.0,"Sierra Leone, Liberia, Kenya, United States, Malawi",observed: artist's own Nigerian share of listeners this quarter | Chartmetric + Soundcharts (observed); see 02_Methodology
Q4_2025,Teni,130699.34,59.772,78121.55,40.228,52577.79,78866685.0,"Liberia, Australia, Uganda, Malawi, Germany",observed: artist's own Nigerian share of listeners this quarter | Chartmetric + Soundcharts (observed); see 02_Methodology
Q4_2025,Wande Coal,127675.26,52.5362,67075.77,47.4638,60599.49,90899235.0,"United States, Malawi, United Kingdom, Zimbabwe, Côte D’Ivoire",observed: artist's own Nigerian share of listeners this quarter | Chartmetric + Soundcharts (observed); see 02_Methodology
Q4_2025,Johnny Drille,121144.74,65.326,79139.01,34.674,42005.73,63008595.0,"Kenya, Liberia, United States, Uganda, Rwanda",observed: artist's own Nigerian share of listeners this quarter | Chartmetric + Soundcharts (observed); see 02_Methodology
Q4_2025,Simi,120626.85,57.7066,69609.61,42.2934,51017.24,76525860.0,"Liberia, Malawi, Kenya, United States, Zimbabwe",observed: artist's own Nigerian share of listeners this quarter | Chartmetric + Soundcharts (observed); see 02_Methodology
Q4_2025,Crayon,116642.2,42.8473,49978.03,57.1527,66664.17,99996255.0,"Kenya, Ghana, United Kingdom, United States, Uganda",observed: artist's own Nigerian share of listeners this quarter | Chartmetric + Soundcharts (observed); see 02_Methodology
Q4_2025,Magixx,111432.34,47.8284,53296.34,52.1716,58136.0,87204000.0,"Kenya, Ghana, United Kingdom, United States, Uganda",observed: artist's own Nigerian share of listeners this quarter | Chartmetric + Soundcharts (observed); see 02_Methodology
Q4_2025,Iyanya,106021.75,46.0697,48843.86,53.9303,57177.9,85766850.0,"Kenya, United States, Congo - Kinshasa, Canada, Liberia",observed: artist's own Nigerian share of listeners this quarter | Chartmetric + Soundcharts (observed); see 02_Methodology
Q4_2025,Mohbad,94033.57,86.8357,81654.74,13.1643,12378.83,18568245.0,"Zambia, South Africa, United States, United Arab Emirates, Togo",observed: artist's own Nigerian share of listeners this quarter | Chartmetric + Soundcharts (observed); see 02_Methodology
Q4_2025,Maleek Berry,87506.85,26.254,22974.09,73.746,64532.76,96799140.0,"United States, United Kingdom, France, Norway, Zimbabwe",observed: artist's own Nigerian share of listeners this quarter | Chartmetric + Soundcharts (observed); see 02_Methodology
Q4_2025,Mayorkun,83968.59,51.7325,43439.07,48.2675,40529.52,60794280.0,"Kenya, United States, Malawi, Zambia, Zimbabwe",observed: artist's own Nigerian share of listeners this quarter | Chartmetric + Soundcharts (observed); see 02_Methodology
Q4_2025,Reekado Banks,80570.46,68.6858,55340.44,31.3142,25230.03,37845045.0,"Kenya, United States, Malawi, Zambia, United Kingdom",observed: artist's own Nigerian share of listeners this quarter | Chartmetric + Soundcharts (observed); see 02_Methodology
Q4_2025,DJ Neptune,78888.12,64.0535,50530.59,35.9465,28357.54,42536310.0,"Mexico, Côte D’Ivoire, Zimbabwe, Kenya, Congo - Kinshasa",observed: artist's own Nigerian share of listeners this quarter | Chartmetric + Soundcharts (observed); see 02_Methodology
Q4_2025,LADIPOE,77736.22,63.0303,48997.35,36.9697,28738.87,43108305.0,"Kenya, Zimbabwe, United States, Zambia, Côte D’Ivoire",observed: artist's own Nigerian share of listeners this quarter | Chartmetric + Soundcharts (observed); see 02_Methodology
Q4_2025,Boj,77334.99,36.6002,28304.73,63.3998,49030.26,73545390.0,"United Kingdom, Spain, Australia, United States, Ghana",observed: artist's own Nigerian share of listeners this quarter | Chartmetric + Soundcharts (observed); see 02_Methodology
Q4_2025,Bracket,69065.78,42.9063,29633.58,57.0937,39432.2,59148300.0,"Kenya, Ghana, United Kingdom, United States, South Africa",observed: artist's own Nigerian share of listeners this quarter | Chartmetric + Soundcharts (observed); see 02_Methodology
Q4_2025,Skiibii,64775.55,57.8197,37453.01,42.1803,27322.53,40983795.0,"Ghana, United Kingdom, United States, Italy, Kenya",observed: artist's own Nigerian share of listeners this quarter | Chartmetric + Soundcharts (observed); see 02_Methodology
Q4_2025,Ice Prince,64554.72,40.5466,26174.74,59.4534,38379.99,57569985.0,"Uganda, France, United States, South Africa, Zimbabwe",observed: artist's own Nigerian share of listeners this quarter | Chartmetric + Soundcharts (observed); see 02_Methodology
Q4_2025,2Baba,64536.7,73.5644,47476.03,26.4356,17060.68,25591020.0,"United States, New Zealand, Malawi, United Kingdom, Australia",observed: artist's own Nigerian share of listeners this quarter | Chartmetric + Soundcharts (observed); see 02_Methodology
Q4_2025,Olakira,62817.44,38.9597,24473.47,61.0403,38343.97,57515955.0,"Morocco, Kenya, Australia, United Kingdom, Brazil",observed: artist's own Nigerian share of listeners this quarter | Chartmetric + Soundcharts (observed); see 02_Methodology
Q4_2025,Ric Hassani,57414.58,8.7772,5039.37,91.2228,52375.21,78562815.0,"Zimbabwe, Mauritius, India, United States, Kenya",observed: artist's own Nigerian share of listeners this quarter | Chartmetric + Soundcharts (observed); see 02_Methodology
Q4_2025,Lil Kesh,55965.43,95.7835,53605.65,4.2165,2359.78,3539670.0,"United States, United Kingdom, Benin, Italy, Ghana",observed: artist's own Nigerian share of listeners this quarter | Chartmetric + Soundcharts (observed); see 02_Methodology
Q4_2025,Timaya,55287.66,61.2433,33860.01,38.7567,21427.65,32141475.0,"United States, Italy, Kenya, Liberia, Germany",observed: artist's own Nigerian share of listeners this quarter | Chartmetric + Soundcharts (observed); see 02_Methodology
Q4_2025,Boy Spyce,53087.73,74.3609,39476.53,25.6391,13611.21,20416815.0,"Ghana, Kenya, United States, United Kingdom, Uganda",observed: artist's own Nigerian share of listeners this quarter | Chartmetric + Soundcharts (observed); see 02_Methodology
Q4_2025,Tay Iwar,53001.27,31.4687,16678.82,68.5313,36322.46,54483690.0,"United Kingdom, United States, Kenya, Australia, Canada",observed: artist's own Nigerian share of listeners this quarter | Chartmetric + Soundcharts (observed); see 02_Methodology
Q4_2025,WurlD,51597.11,59.9391,30926.84,40.0609,20670.27,31005405.0,"Kenya, Zambia, United States, Côte D’Ivoire, Benin",observed: artist's own Nigerian share of listeners this quarter | Chartmetric + Soundcharts (observed); see 02_Methodology
Q4_2025,Bloody Civilian,50099.34,73.5199,36833.0,26.4801,13266.34,19899510.0,"United States, Zambia, United Kingdom, Italy, Côte D’Ivoire",observed: artist's own Nigerian share of listeners this quarter | Chartmetric + Soundcharts (observed); see 02_Methodology
Q4_2025,Falz,47934.25,79.1784,37953.57,20.8216,9980.68,14971020.0,"Brazil, China, United States, United Kingdom, Netherlands",observed: artist's own Nigerian share of listeners this quarter | Chartmetric + Soundcharts (observed); see 02_Methodology
Q4_2025,Cruel Santino,45188.02,77.8327,35171.04,22.1673,10016.98,15025470.0,"Uganda, Ireland, Switzerland, Belgium, Côte D’Ivoire",observed: artist's own Nigerian share of listeners this quarter | Chartmetric + Soundcharts (observed); see 02_Methodology
Q4_2025,Korede Bello,44637.24,26.1013,11650.9,73.8987,32986.34,49479510.0,"Benin, China, Congo - Kinshasa, Liberia, Gambia",observed: artist's own Nigerian share of listeners this quarter | Chartmetric + Soundcharts (observed); see 02_Methodology
Q4_2025,Vector,43796.95,84.6092,37056.25,15.3908,6740.7,10111050.0,"Malawi, Netherlands, Benin, Côte D’Ivoire, Zimbabwe",observed: artist's own Nigerian share of listeners this quarter | Chartmetric + Soundcharts (observed); see 02_Methodology
Q4_2025,Nonso Amadi,41430.41,36.1758,14987.79,63.8242,26442.62,39663930.0,"South Africa, Uganda, Australia, Zambia, Netherlands",observed: artist's own Nigerian share of listeners this quarter | Chartmetric + Soundcharts (observed); see 02_Methodology
Q4_2025,Aṣa,41306.43,56.4828,23331.02,43.5172,17975.42,26963130.0,"Uganda, Netherlands, Côte D’Ivoire, Zambia, United States",observed: artist's own Nigerian share of listeners this quarter | Chartmetric + Soundcharts (observed); see 02_Methodology
Q4_2025,Fela Kuti,38647.27,15.621,6037.08,84.379,32610.19,48915285.0,"United States, France, South Africa, United Kingdom, Norway",observed: artist's own Nigerian share of listeners this quarter | Chartmetric + Soundcharts (observed); see 02_Methodology
Q4_2025,Peruzzi,37334.96,89.4717,33404.22,10.5283,3930.74,5896110.0,"Italy, Cameroon, United States, Sierra Leone, Uganda",observed: artist's own Nigerian share of listeners this quarter | Chartmetric + Soundcharts (observed); see 02_Methodology
Q4_2025,D'banj,37131.36,48.4934,18006.28,51.5066,19125.09,28687635.0,"Uganda, United States, United Kingdom, Zimbabwe, Malawi",observed: artist's own Nigerian share of listeners this quarter | Chartmetric + Soundcharts (observed); see 02_Methodology
Q4_2025,Portable,36629.44,82.0,30036.14,18.0,6593.3,9889950.0,"United States, United Kingdom, South Africa, Ireland, Ghana",observed: artist's own Nigerian share of listeners this quarter | Chartmetric + Soundcharts (observed); see 02_Methodology
Q4_2025,Ycee,33742.84,53.6897,18116.41,46.3103,15626.42,23439630.0,"United States, United Kingdom, France, Kenya, South Africa",observed: artist's own Nigerian share of listeners this quarter | Chartmetric + Soundcharts (observed); see 02_Methodology
Q4_2025,Show Dem Camp,33395.49,40.5774,13551.03,59.4226,19844.45,29766675.0,"United States, United Kingdom, South Africa, Ghana, Kenya",observed: artist's own Nigerian share of listeners this quarter | Chartmetric + Soundcharts (observed); see 02_Methodology
Q4_2025,Duncan Mighty,32374.49,87.174,28222.15,12.826,4152.35,6228525.0,"Tanzania, Italy, United States, United Kingdom, Côte D’Ivoire",observed: artist's own Nigerian share of listeners this quarter | Chartmetric + Soundcharts (observed); see 02_Methodology
Q4_2025,Brymo,28568.24,89.3665,25530.44,10.6335,3037.79,4556685.0,"United States, United Kingdom, Canada, Netherlands, Côte D’Ivoire",observed: artist's own Nigerian share of listeners this quarter | Chartmetric + Soundcharts (observed); see 02_Methodology
Q4_2025,Reminisce,27905.41,87.3962,24388.28,12.6038,3517.13,5275695.0,"Uganda, Zambia, Côte D’Ivoire, United States, Netherlands",observed: artist's own Nigerian share of listeners this quarter | Chartmetric + Soundcharts (observed); see 02_Methodology
Q4_2025,9ice,26930.4,80.2594,21614.17,19.7406,5316.23,7974345.0,"United States, United Kingdom, Côte D’Ivoire, Netherlands, Sierra Leone",observed: artist's own Nigerian share of listeners this quarter | Chartmetric + Soundcharts (observed); see 02_Methodology
Q4_2025,Niniola,26776.75,35.2908,9449.73,64.7092,17327.02,25990530.0,"South Africa, Indonesia, Sierra Leone, Iraq, Ecuador",observed: artist's own Nigerian share of listeners this quarter | Chartmetric + Soundcharts (observed); see 02_Methodology
Q4_2025,Bad Boy Timz,26552.49,97.5449,25900.6,2.4551,651.89,977835.0,"India, Jamaica, United States, Uganda, Zambia",observed: artist's own Nigerian share of listeners this quarter | Chartmetric + Soundcharts (observed); see 02_Methodology
Q4_2025,Banky W.,24973.1,51.8776,12955.44,48.1224,12017.66,18026490.0,"United States, Côte D’Ivoire, Zimbabwe, Netherlands, Rwanda",observed: artist's own Nigerian share of listeners this quarter | Chartmetric + Soundcharts (observed); see 02_Methodology
Q4_2025,Lyta,23479.56,99.2694,23308.01,0.7306,171.55,257325.0,"United States, United Kingdom, Ghana, Canada, South Africa",observed: artist's own Nigerian share of listeners this quarter | Chartmetric + Soundcharts (observed); see 02_Methodology
Q4_2025,DJ Spinall,21792.35,28.5714,6226.39,71.4286,15565.97,23348955.0,,observed: artist's own Nigerian share of listeners this quarter | Chartmetric + Soundcharts (observed); see 02_Methodology
Q4_2025,CDQ,20586.33,95.1858,19595.26,4.8142,991.07,1486605.0,"Tanzania, United Arab Emirates, Indonesia, Côte D’Ivoire, United States",observed: artist's own Nigerian share of listeners this quarter | Chartmetric + Soundcharts (observed); see 02_Methodology
Q4_2025,Rude Boy,20285.96,1.3519,274.25,98.6481,20011.71,30017565.0,"Costa Rica, Singapore, Thailand, Australia, United States",observed: artist's own Nigerian share of listeners this quarter | Chartmetric + Soundcharts (observed); see 02_Methodology
Q4_2025,Mannywellz,19298.98,32.5881,6289.18,67.4119,13009.8,19514700.0,"United States, South Africa, United Kingdom, Kenya, Ghana",observed: artist's own Nigerian share of listeners this quarter | Chartmetric + Soundcharts (observed); see 02_Methodology
Q4_2025,Odunsi (The Engine),17720.03,20.4142,3617.4,79.5858,14102.63,21153945.0,"Uganda, Zambia, United States, Switzerland, Ireland",observed: artist's own Nigerian share of listeners this quarter | Chartmetric + Soundcharts (observed); see 02_Methodology
Q4_2025,M.I. Abaga,17603.15,80.363,14146.43,19.637,3456.72,5185080.0,"United States, United Kingdom, Ghana, Canada, South Africa",observed: artist's own Nigerian share of listeners this quarter | Chartmetric + Soundcharts (observed); see 02_Methodology
Q4_2025,Praiz,14049.37,33.9672,4772.18,66.0328,9277.19,13915785.0,"Germany, Netherlands, Sweden, Spain, Uganda",observed: artist's own Nigerian share of listeners this quarter | Chartmetric + Soundcharts (observed); see 02_Methodology
Q4_2025,Ajebutter22,13642.84,46.1256,6292.84,53.8744,7350.0,11025000.0,"United Kingdom, United States, South Africa, Canada, Ghana",observed: artist's own Nigerian share of listeners this quarter | Chartmetric + Soundcharts (observed); see 02_Methodology
Q4_2025,Seyi Shay,12412.33,54.8155,6803.88,45.1845,5608.45,8412675.0,"Spain, Venezuela, Kenya, Fiji, Australia",observed: artist's own Nigerian share of listeners this quarter | Chartmetric + Soundcharts (observed); see 02_Methodology
Q4_2025,Darey,12266.39,84.2767,10337.71,15.7233,1928.69,2893035.0,"United Arab Emirates, Ghana, United Kingdom, United States, Canada",observed: artist's own Nigerian share of listeners this quarter | Chartmetric + Soundcharts (observed); see 02_Methodology
Q4_2025,Terry Apala,12027.14,89.7429,10793.51,10.2571,1233.64,1850460.0,"United States, United Kingdom, Ghana, South Africa, Canada",observed: artist's own Nigerian share of listeners this quarter | Chartmetric + Soundcharts (observed); see 02_Methodology
Q4_2025,Illbliss,11662.47,85.4221,9962.33,14.5779,1700.15,2550225.0,"Uganda, Malawi, Côte D’Ivoire, Benin, Netherlands",observed: artist's own Nigerian share of listeners this quarter | Chartmetric + Soundcharts (observed); see 02_Methodology
Q4_2025,Dremo,11522.03,89.7841,10344.94,10.2159,1177.08,1765620.0,"United States, Ghana, United Kingdom, South Africa, Canada",observed: artist's own Nigerian share of listeners this quarter | Chartmetric + Soundcharts (observed); see 02_Methodology
Q4_2025,Sean Tizzle,11431.66,70.4459,8053.14,29.5541,3378.52,5067780.0,"United States, United Kingdom, Sweden, Switzerland, Uganda",observed: artist's own Nigerian share of listeners this quarter | Chartmetric + Soundcharts (observed); see 02_Methodology
Q4_2025,Dice Ailes,11326.7,80.6418,9134.05,19.3582,2192.65,3288975.0,"United States, United Kingdom, Ghana, Canada, Italy",observed: artist's own Nigerian share of listeners this quarter | Chartmetric + Soundcharts (observed); see 02_Methodology
Q4_2025,King Sunny Ade,10977.03,78.3151,8596.67,21.6849,2380.36,3570540.0,"United States, United Kingdom, Canada, Côte D’Ivoire, Kenya",observed: artist's own Nigerian share of listeners this quarter | Chartmetric + Soundcharts (observed); see 02_Methodology
Q4_2025,HarrySong,9688.02,64.4501,6243.94,35.5499,3444.08,5166120.0,"Kenya, United States, Uganda, Italy, United Kingdom",observed: artist's own Nigerian share of listeners this quarter | Chartmetric + Soundcharts (observed); see 02_Methodology
Q4_2025,Solidstar,8730.19,72.3518,6316.45,27.6482,2413.74,3620610.0,"Colombia, United Kingdom, United States, South Africa, Ghana",observed: artist's own Nigerian share of listeners this quarter | Chartmetric + Soundcharts (observed); see 02_Methodology
Q4_2025,Yung6ix,8124.28,94.992,7717.41,5.008,406.86,610290.0,"Malawi, Netherlands, Germany, Kenya, France",observed: artist's own Nigerian share of listeners this quarter | Chartmetric + Soundcharts (observed); see 02_Methodology
Q4_2025,Terri,7937.73,59.1822,4697.73,40.8178,3240.0,4860000.0,"United Arab Emirates, Netherlands, United States, Italy, United Kingdom",observed: artist's own Nigerian share of listeners this quarter | Chartmetric + Soundcharts (observed); see 02_Methodology
Q4_2025,Lady Donli,7170.07,18.4587,1323.5,81.5413,5846.57,8769855.0,"United Kingdom, United States, Kenya, South Africa, Australia",observed: artist's own Nigerian share of listeners this quarter | Chartmetric + Soundcharts (observed); see 02_Methodology
Q4_2025,Jesse Jagz,7043.51,76.7742,5407.59,23.2258,1635.91,2453865.0,"Malawi, Germany, Australia, Netherlands, United States",observed: artist's own Nigerian share of listeners this quarter | Chartmetric + Soundcharts (observed); see 02_Methodology
Q4_2025,Naeto C,6594.01,76.2585,5028.49,23.7415,1565.52,2348280.0,"Uganda, United States, United Kingdom, Côte D’Ivoire, Ireland",observed: artist's own Nigerian share of listeners this quarter | Chartmetric + Soundcharts (observed); see 02_Methodology
Q4_2025,Prettyboy D-O,6372.11,64.4361,4105.94,35.5639,2266.17,3399255.0,"United Kingdom, United States, South Africa, Canada, Ghana",observed: artist's own Nigerian share of listeners this quarter | Chartmetric + Soundcharts (observed); see 02_Methodology
Q4_2025,Olu Maintain,5891.27,67.6604,3986.06,32.3396,1905.22,2857830.0,"United Kingdom, United States, Netherlands, Côte D’Ivoire, Sierra Leone",observed: artist's own Nigerian share of listeners this quarter | Chartmetric + Soundcharts (observed); see 02_Methodology
Q4_2025,Small Doctor,5287.86,83.6528,4423.44,16.3472,864.41,1296615.0,"United States, United Kingdom, Ghana, Canada, South Africa",observed: artist's own Nigerian share of listeners this quarter | Chartmetric + Soundcharts (observed); see 02_Methodology
Q4_2025,Sound Sultan,4801.87,83.8303,4025.42,16.1697,776.45,1164675.0,"United Kingdom, United States, Canada, Ghana, South Africa",observed: artist's own Nigerian share of listeners this quarter | Chartmetric + Soundcharts (observed); see 02_Methodology
Q4_2025,Waje,4099.08,63.8551,2617.47,36.1449,1481.61,2222415.0,"Ghana, Tanzania, Netherlands, Germany, Australia",observed: artist's own Nigerian share of listeners this quarter | Chartmetric + Soundcharts (observed); see 02_Methodology
Q4_2025,Eldee,4078.97,81.2772,3315.27,18.7228,763.7,1145550.0,"Côte D’Ivoire, Ireland, Sierra Leone, United Arab Emirates, Netherlands",observed: artist's own Nigerian share of listeners this quarter | Chartmetric + Soundcharts (observed); see 02_Methodology
Q4_2025,Mr Real,3440.34,69.9692,2407.18,30.0308,1033.16,1549740.0,"United Kingdom, South Africa, Ghana, Canada, Malawi",observed: artist's own Nigerian share of listeners this quarter | Chartmetric + Soundcharts (observed); see 02_Methodology
Q4_2025,Dammy Krane,1987.17,71.9266,1429.31,28.0734,557.87,836805.0,"South Africa, Kenya, Ghana, United States, Australia",observed: artist's own Nigerian share of listeners this quarter | Chartmetric + Soundcharts (observed); see 02_Methodology
Q4_2025,Lagbaja,927.74,70.9463,658.2,29.0537,269.54,404310.0,"Netherlands, United States, United Kingdom, Ireland, Côte D’Ivoire",observed: artist's own Nigerian share of listeners this quarter | Chartmetric + Soundcharts (observed); see 02_Methodology
Q4_2025,Sauce Kid,345.33,75.6888,261.38,24.3112,83.95,125925.0,"United Kingdom, Canada, United States, Ghana, South Africa",observed: artist's own Nigerian share of listeners this quarter | Chartmetric + Soundcharts (observed); see 02_Methodology
Q4_2025,Ebenezer Obey,121.77,40.0111,48.72,59.9889,73.05,109575.0,,assumed: portfolio-wide ratio applied to an artist without own geography | Chartmetric + Soundcharts (observed); see 02_Methodology
Q4_2025,Oritsefemi,28.38,83.7209,23.76,16.2791,4.62,6930.0,,observed: artist's own Nigerian share of listeners this quarter | Chartmetric + Soundcharts (observed); see 02_Methodology
Q4_2025,Odunsi,0.31,40.0111,0.12,59.9889,0.19,285.0,,assumed: portfolio-wide ratio applied to an artist without own geography | Chartmetric + Soundcharts (observed); see 02_Methodology
Q4_2025,=== PERIOD TOTAL ===,24891805.65,,9102748.59,,15789057.22,23683585830.0,,Aggregated
Q1_2026,Tems,2549678.49,5.4184,138150.7,94.5816,2411527.79,3617291685.0,"United States, Canada, Netherlands, South Africa, Brazil",observed: artist's own Nigerian share of listeners this quarter | Chartmetric + Soundcharts (observed); see 02_Methodology
Q1_2026,Burna Boy,1847358.99,11.6253,214761.86,88.3747,1632597.13,2448895695.0,"United States, Côte D’Ivoire, Congo - Kinshasa, Kenya, United Kingdom",observed: artist's own Nigerian share of listeners this quarter | Chartmetric + Soundcharts (observed); see 02_Methodology
Q1_2026,Rema,1692896.19,13.2813,224838.84,86.7187,1468057.35,2202086025.0,"Australia, United States, Côte D’Ivoire, Congo - Kinshasa, Ghana",observed: artist's own Nigerian share of listeners this quarter | Chartmetric + Soundcharts (observed); see 02_Methodology
Q1_2026,Ayra Starr,1402032.37,12.8141,179658.3,87.1859,1222374.07,1833561105.0,"Mexico, Chile, Congo - Kinshasa, Canada, Côte D’Ivoire",observed: artist's own Nigerian share of listeners this quarter | Chartmetric + Soundcharts (observed); see 02_Methodology
Q1_2026,Wizkid,1191852.08,27.753,330774.12,72.247,861077.97,1291616955.0,"United States, Ecuador, Kenya, United Kingdom, Uganda",observed: artist's own Nigerian share of listeners this quarter | Chartmetric + Soundcharts (observed); see 02_Methodology
Q1_2026,Omah Lay,910258.63,32.0945,292142.77,67.9055,618115.86,927173790.0,"Australia, Netherlands, Spain, United States, Kenya",observed: artist's own Nigerian share of listeners this quarter | Chartmetric + Soundcharts (observed); see 02_Methodology
Q1_2026,Davido,836548.83,41.3817,346178.06,58.6183,490370.77,735556155.0,"United States, United Kingdom, South Africa, Kenya, Ghana",observed: artist's own Nigerian share of listeners this quarter | Chartmetric + Soundcharts (observed); see 02_Methodology
Q1_2026,Asake,778266.88,59.7115,464714.87,40.2885,313552.01,470328015.0,"United States, Australia, Kenya, Uganda, United Kingdom",observed: artist's own Nigerian share of listeners this quarter | Chartmetric + Soundcharts (observed); see 02_Methodology
Q1_2026,CKay,723597.33,23.1536,167538.65,76.8464,556058.68,834088020.0,"United States, India, Uganda, France, Zambia",observed: artist's own Nigerian share of listeners this quarter | Chartmetric + Soundcharts (observed); see 02_Methodology
Q1_2026,Fireboy DML,624933.68,31.5059,196890.81,68.4941,428042.88,642064320.0,"United States, Netherlands, Kenya, Zimbabwe, United Kingdom",observed: artist's own Nigerian share of listeners this quarter | Chartmetric + Soundcharts (observed); see 02_Methodology
Q1_2026,Ruger,455013.63,42.7683,194601.5,57.2317,260412.13,390618195.0,"Kenya, Germany, Sierra Leone, Australia, Canada",observed: artist's own Nigerian share of listeners this quarter | Chartmetric + Soundcharts (observed); see 02_Methodology
Q1_2026,Victony,443988.44,39.0867,173540.62,60.9133,270447.83,405671745.0,"Australia, United States, Netherlands, Uganda, Angola",observed: artist's own Nigerian share of listeners this quarter | Chartmetric + Soundcharts (observed); see 02_Methodology
Q1_2026,Kizz Daniel,414535.4,59.0937,244964.32,40.9063,169571.08,254356620.0,"Sierra Leone, Congo - Kinshasa, United States, Liberia, Uganda",observed: artist's own Nigerian share of listeners this quarter | Chartmetric + Soundcharts (observed); see 02_Methodology
Q1_2026,Libianca,404257.39,6.2511,25270.62,93.7489,378986.77,568480155.0,"Australia, Indonesia, India, Canada, United States",observed: artist's own Nigerian share of listeners this quarter | Chartmetric + Soundcharts (observed); see 02_Methodology
Q1_2026,Shallipopi,387506.84,60.3365,233808.09,39.6635,153698.76,230548140.0,"Netherlands, Uganda, Germany, South Africa, Kenya",observed: artist's own Nigerian share of listeners this quarter | Chartmetric + Soundcharts (observed); see 02_Methodology
Q1_2026,BNXN,362106.16,67.9108,245909.15,32.0892,116197.01,174295515.0,"Australia, Kenya, United States, Netherlands, Malawi",observed: artist's own Nigerian share of listeners this quarter | Chartmetric + Soundcharts (observed); see 02_Methodology
Q1_2026,Amaarae,345610.55,2.6854,9281.18,97.3146,336329.38,504494070.0,"India, United States, Mexico, Brazil, France",observed: artist's own Nigerian share of listeners this quarter | Chartmetric + Soundcharts (observed); see 02_Methodology
Q1_2026,Mr Eazi,342679.54,11.5086,39437.65,88.4914,303241.88,454862820.0,"Sierra Leone, Zimbabwe, Côte D’Ivoire, United States, Liberia",observed: artist's own Nigerian share of listeners this quarter | Chartmetric + Soundcharts (observed); see 02_Methodology
Q1_2026,Seyi Vibez,333872.18,40.5047,135234.0,59.4953,198638.18,297957270.0,"Benin, Germany, United States, Uganda, Ghana",assumed: portfolio-wide ratio applied to an artist without own geography | Chartmetric + Soundcharts (observed); see 02_Methodology
Q1_2026,Joeboy,323309.17,52.6248,170140.87,47.3752,153168.29,229752435.0,"Kenya, Sierra Leone, Colombia, United States, Congo - Kinshasa",observed: artist's own Nigerian share of listeners this quarter | Chartmetric + Soundcharts (observed); see 02_Methodology
Q1_2026,P-Square,314233.09,31.0698,97631.5,68.9302,216601.59,324902385.0,"Germany, Netherlands, Canada, Kenya, Spain",observed: artist's own Nigerian share of listeners this quarter | Chartmetric + Soundcharts (observed); see 02_Methodology
Q1_2026,Olamide,313406.14,67.0044,209995.96,32.9956,103410.18,155115270.0,"Netherlands, Australia, Zambia, Côte D’Ivoire, United States",observed: artist's own Nigerian share of listeners this quarter | Chartmetric + Soundcharts (observed); see 02_Methodology
Q1_2026,Oxlade,312385.37,14.5676,45507.01,85.4324,266878.36,400317540.0,"India, Australia, Ghana, United States, Netherlands",observed: artist's own Nigerian share of listeners this quarter | Chartmetric + Soundcharts (observed); see 02_Methodology
Q1_2026,ODUMODUBLVCK,280349.3,99.2009,278108.93,0.7991,2240.37,3360555.0,"Kenya, United States, Zambia, Netherlands, United Kingdom",observed: artist's own Nigerian share of listeners this quarter | Chartmetric + Soundcharts (observed); see 02_Methodology
Q1_2026,Young Jonn,276175.81,89.744,247851.14,10.256,28324.67,42487005.0,"Indonesia, United Arab Emirates, Tanzania, Uganda, United States",observed: artist's own Nigerian share of listeners this quarter | Chartmetric + Soundcharts (observed); see 02_Methodology
Q1_2026,Sarz,270262.53,41.5968,112420.68,58.4032,157841.86,236762790.0,"Netherlands, United States, Angola, Malaysia, Singapore",observed: artist's own Nigerian share of listeners this quarter | Chartmetric + Soundcharts (observed); see 02_Methodology
Q1_2026,Lojay,255997.87,18.3932,47086.3,81.6068,208911.58,313367370.0,"United States, Zimbabwe, Kenya, United Kingdom, South Africa",observed: artist's own Nigerian share of listeners this quarter | Chartmetric + Soundcharts (observed); see 02_Methodology
Q1_2026,Adekunle Gold,252526.58,56.6761,143122.22,43.3239,109404.36,164106540.0,"Liberia, United States, Kenya, Malawi, United Kingdom",observed: artist's own Nigerian share of listeners this quarter | Chartmetric + Soundcharts (observed); see 02_Methodology
Q1_2026,Tiwa Savage,247902.24,41.5288,102950.73,58.4712,144951.5,217427250.0,"Sierra Leone, China, Liberia, Kenya, United States",observed: artist's own Nigerian share of listeners this quarter | Chartmetric + Soundcharts (observed); see 02_Methodology
Q1_2026,Khaid,235580.72,46.7221,110068.19,53.2779,125512.53,188268795.0,"Poland, France, Kenya, Liberia, Zambia",observed: artist's own Nigerian share of listeners this quarter | Chartmetric + Soundcharts (observed); see 02_Methodology
Q1_2026,Flavour,224924.95,81.3216,182912.63,18.6784,42012.33,63018495.0,"Ghana, Côte D’Ivoire, Congo - Kinshasa, Italy, Cameroon",observed: artist's own Nigerian share of listeners this quarter | Chartmetric + Soundcharts (observed); see 02_Methodology
Q1_2026,Tempoe,219410.39,15.3627,33707.32,84.6373,185703.06,278554590.0,"Germany, United Kingdom, Kenya, United States, Canada",observed: artist's own Nigerian share of listeners this quarter | Chartmetric + Soundcharts (observed); see 02_Methodology
Q1_2026,Darkoo,212281.58,29.1926,61970.54,70.8074,150311.04,225466560.0,"Netherlands, Kenya, United Kingdom, Ireland, New Zealand",observed: artist's own Nigerian share of listeners this quarter | Chartmetric + Soundcharts (observed); see 02_Methodology
Q1_2026,Tekno,211919.54,35.1359,74459.84,64.8641,137459.7,206189550.0,"Côte D’Ivoire, Congo - Kinshasa, Sierra Leone, United States, Kenya",observed: artist's own Nigerian share of listeners this quarter | Chartmetric + Soundcharts (observed); see 02_Methodology
Q1_2026,Chike,208985.47,82.1817,171747.74,17.8183,37237.72,55856580.0,"United States, Kenya, Tanzania, Ghana, South Africa",observed: artist's own Nigerian share of listeners this quarter | Chartmetric + Soundcharts (observed); see 02_Methodology
Q1_2026,Patoranking,169725.35,50.7159,86077.76,49.2841,83647.59,125471385.0,"Kenya, United States, Liberia, Uganda, Senegal",observed: artist's own Nigerian share of listeners this quarter | Chartmetric + Soundcharts (observed); see 02_Methodology
Q1_2026,Bella Shmurda,167469.86,40.5047,67833.2,59.4953,99636.65,149454975.0,"Uganda, United States, Netherlands, Côte D’Ivoire, Ghana",assumed: portfolio-wide ratio applied to an artist without own geography | Chartmetric + Soundcharts (observed); see 02_Methodology
Q1_2026,Bayanni,158753.61,25.9922,41263.63,74.0078,117489.98,176234970.0,"Kenya, Germany, India, United Kingdom, Uganda",observed: artist's own Nigerian share of listeners this quarter | Chartmetric + Soundcharts (observed); see 02_Methodology
Q1_2026,Qing Madi,155463.57,65.4867,101807.95,34.5133,53655.63,80483445.0,"Kenya, Uganda, Zambia, United States, Zimbabwe",observed: artist's own Nigerian share of listeners this quarter | Chartmetric + Soundcharts (observed); see 02_Methodology
Q1_2026,Zinoleesky,144763.8,83.6164,121046.33,16.3836,23717.46,35576190.0,"United Arab Emirates, Côte D’Ivoire, Uganda, Australia, Zambia",observed: artist's own Nigerian share of listeners this quarter | Chartmetric + Soundcharts (observed); see 02_Methodology
Q1_2026,Phyno,142749.03,40.5047,57820.1,59.4953,84928.93,127393395.0,"United States, United Kingdom, Uganda, Côte D’Ivoire, Malawi",assumed: portfolio-wide ratio applied to an artist without own geography | Chartmetric + Soundcharts (observed); see 02_Methodology
Q1_2026,Naira Marley,142122.01,81.9612,116484.86,18.0388,25637.15,38455725.0,"Côte D’Ivoire, Benin, United States, United Kingdom, Ghana",observed: artist's own Nigerian share of listeners this quarter | Chartmetric + Soundcharts (observed); see 02_Methodology
Q1_2026,Pheelz,141618.03,36.6182,51857.94,63.3818,89760.09,134640135.0,"Netherlands, United States, Jamaica, Malawi, Zimbabwe",observed: artist's own Nigerian share of listeners this quarter | Chartmetric + Soundcharts (observed); see 02_Methodology
Q1_2026,Wande Coal,138450.71,56.5049,78231.45,43.4951,60219.25,90328875.0,"Malawi, United States, Zimbabwe, Côte D’Ivoire, United Kingdom",observed: artist's own Nigerian share of listeners this quarter | Chartmetric + Soundcharts (observed); see 02_Methodology
Q1_2026,Zlatan,134843.81,40.5047,54618.11,59.4953,80225.7,120338550.0,"Ghana, United States, Côte D’Ivoire, Uganda, Netherlands",assumed: portfolio-wide ratio applied to an artist without own geography | Chartmetric + Soundcharts (observed); see 02_Methodology
Q1_2026,Crayon,119984.96,48.2522,57895.34,51.7478,62089.62,93134430.0,"Kenya, Ghana, United States, United Kingdom, South Africa",observed: artist's own Nigerian share of listeners this quarter | Chartmetric + Soundcharts (observed); see 02_Methodology
Q1_2026,Simi,116406.44,63.5914,74024.54,36.4086,42381.91,63572865.0,"United Arab Emirates, Liberia, Canada, Malawi, Germany",observed: artist's own Nigerian share of listeners this quarter | Chartmetric + Soundcharts (observed); see 02_Methodology
Q1_2026,Magixx,111098.41,49.2197,54682.29,50.7803,56416.12,84624180.0,"Kenya, Ghana, United Kingdom, United States, Uganda",observed: artist's own Nigerian share of listeners this quarter | Chartmetric + Soundcharts (observed); see 02_Methodology
Q1_2026,Teni,110796.24,69.1832,76652.43,30.8168,34143.81,51215715.0,"Sierra Leone, Liberia, Côte D’Ivoire, United States, Tanzania",observed: artist's own Nigerian share of listeners this quarter | Chartmetric + Soundcharts (observed); see 02_Methodology
Q1_2026,Blaqbonez,110256.1,89.3908,98558.77,10.6092,11697.33,17545995.0,"Sierra Leone, Kenya, Netherlands, South Sudan, United States",observed: artist's own Nigerian share of listeners this quarter | Chartmetric + Soundcharts (observed); see 02_Methodology
Q1_2026,Yemi Alade,104829.56,13.2203,13858.77,86.7797,90970.79,136456185.0,"Congo - Kinshasa, Sierra Leone, Guinea, Benin, Mali",observed: artist's own Nigerian share of listeners this quarter | Chartmetric + Soundcharts (observed); see 02_Methodology
Q1_2026,Reekado Banks,99742.75,73.7803,73590.46,26.2197,26152.29,39228435.0,"Kenya, United States, Malawi, Côte D’Ivoire, Zambia",observed: artist's own Nigerian share of listeners this quarter | Chartmetric + Soundcharts (observed); see 02_Methodology
Q1_2026,Mohbad,93478.84,99.1893,92721.0,0.8107,757.84,1136760.0,"United States, South Africa, Canada, Kenya, Zambia",observed: artist's own Nigerian share of listeners this quarter | Chartmetric + Soundcharts (observed); see 02_Methodology
Q1_2026,Johnny Drille,91031.44,65.0087,59178.34,34.9913,31853.1,47779650.0,"Kenya, Liberia, Rwanda, Uganda, United States",observed: artist's own Nigerian share of listeners this quarter | Chartmetric + Soundcharts (observed); see 02_Methodology
Q1_2026,Maleek Berry,88107.76,26.4995,23348.11,73.5005,64759.65,97139475.0,"United States, Zimbabwe, Malawi, United Kingdom, Norway",observed: artist's own Nigerian share of listeners this quarter | Chartmetric + Soundcharts (observed); see 02_Methodology
Q1_2026,Mayorkun,85625.98,57.5807,49304.04,42.4193,36321.94,54482910.0,"Kenya, Australia, United States, Netherlands, Malawi",observed: artist's own Nigerian share of listeners this quarter | Chartmetric + Soundcharts (observed); see 02_Methodology
Q1_2026,Spyro,84331.58,59.2712,49984.34,40.7288,34347.24,51520860.0,"Kenya, Ghana, South Africa, United Kingdom, United States",observed: artist's own Nigerian share of listeners this quarter | Chartmetric + Soundcharts (observed); see 02_Methodology
Q1_2026,Iyanya,82935.36,49.9068,41390.41,50.0932,41544.95,62317425.0,"India, Sierra Leone, Kenya, Congo - Kinshasa, United States",observed: artist's own Nigerian share of listeners this quarter | Chartmetric + Soundcharts (observed); see 02_Methodology
Q1_2026,LADIPOE,76203.55,64.6543,49268.9,35.3457,26934.65,40401975.0,"Kenya, United States, Côte D’Ivoire, South Africa, Zambia",observed: artist's own Nigerian share of listeners this quarter | Chartmetric + Soundcharts (observed); see 02_Methodology
Q1_2026,DJ Neptune,73050.46,71.2072,52017.18,28.7928,21033.28,31549920.0,"Canada, Italy, Côte D’Ivoire, Zimbabwe, Angola",observed: artist's own Nigerian share of listeners this quarter | Chartmetric + Soundcharts (observed); see 02_Methodology
Q1_2026,Skiibii,72339.32,59.3116,42905.62,40.6884,29433.71,44150565.0,"United States, Ghana, United Kingdom, Germany, Kenya",observed: artist's own Nigerian share of listeners this quarter | Chartmetric + Soundcharts (observed); see 02_Methodology
Q1_2026,Bracket,70598.27,47.3346,33417.39,52.6654,37180.88,55771320.0,"Kenya, Ghana, United Kingdom, United States, South Africa",observed: artist's own Nigerian share of listeners this quarter | Chartmetric + Soundcharts (observed); see 02_Methodology
Q1_2026,Korede Bello,66032.48,28.649,18917.67,71.351,47114.81,70672215.0,"Benin, Gambia, Congo - Kinshasa, China, Liberia",observed: artist's own Nigerian share of listeners this quarter | Chartmetric + Soundcharts (observed); see 02_Methodology
Q1_2026,Ice Prince,64114.65,40.5732,26013.36,59.4268,38101.28,57151920.0,"Malawi, Zimbabwe, United States, South Africa, France",observed: artist's own Nigerian share of listeners this quarter | Chartmetric + Soundcharts (observed); see 02_Methodology
Q1_2026,2Baba,62958.06,78.0327,49127.9,21.9673,13830.16,20745240.0,"United States, New Zealand, United Kingdom, Kenya, Malawi",observed: artist's own Nigerian share of listeners this quarter | Chartmetric + Soundcharts (observed); see 02_Methodology
Q1_2026,Boj,60223.65,31.6055,19033.96,68.3945,41189.68,61784520.0,"United Kingdom, Spain, Australia, Kenya, United States",observed: artist's own Nigerian share of listeners this quarter | Chartmetric + Soundcharts (observed); see 02_Methodology
Q1_2026,Boy Spyce,57634.39,78.5755,45286.5,21.4245,12347.9,18521850.0,"Ghana, Kenya, United States, United Kingdom, United Arab Emirates",observed: artist's own Nigerian share of listeners this quarter | Chartmetric + Soundcharts (observed); see 02_Methodology
Q1_2026,Lil Kesh,56002.74,40.5047,22683.75,59.4953,33318.98,49978470.0,"Tanzania, United Arab Emirates, Uganda, United States, China",assumed: portfolio-wide ratio applied to an artist without own geography | Chartmetric + Soundcharts (observed); see 02_Methodology
Q1_2026,Ric Hassani,55694.24,10.5901,5898.09,89.4099,49796.14,74694210.0,"India, United States, Kenya, Australia, Mauritius",observed: artist's own Nigerian share of listeners this quarter | Chartmetric + Soundcharts (observed); see 02_Methodology
Q1_2026,WurlD,54899.14,64.1599,35223.22,35.8401,19675.93,29513895.0,"Ghana, Kenya, Australia, Netherlands, Angola",observed: artist's own Nigerian share of listeners this quarter | Chartmetric + Soundcharts (observed); see 02_Methodology
Q1_2026,Timaya,53611.72,63.5931,34093.38,36.4069,19518.35,29277525.0,"Liberia, United States, Kenya, United Kingdom, Italy",observed: artist's own Nigerian share of listeners this quarter | Chartmetric + Soundcharts (observed); see 02_Methodology
Q1_2026,Olakira,53277.0,40.0008,21311.2,59.9992,31965.8,47948700.0,"Jamaica, Kenya, Brazil, Senegal, Morocco",observed: artist's own Nigerian share of listeners this quarter | Chartmetric + Soundcharts (observed); see 02_Methodology
Q1_2026,Bloody Civilian,49945.1,78.5601,39236.92,21.4399,10708.18,16062270.0,"Uganda, Australia, Zambia, United States, Netherlands",observed: artist's own Nigerian share of listeners this quarter | Chartmetric + Soundcharts (observed); see 02_Methodology
Q1_2026,Tay Iwar,47622.05,32.5325,15492.64,67.4675,32129.4,48194100.0,"Kenya, Australia, Germany, Canada, Ghana",observed: artist's own Nigerian share of listeners this quarter | Chartmetric + Soundcharts (observed); see 02_Methodology
Q1_2026,Cruel Santino,45415.47,84.714,38473.28,15.286,6942.19,10413285.0,"United Arab Emirates, Ireland, Benin, Côte D’Ivoire, United States",observed: artist's own Nigerian share of listeners this quarter | Chartmetric + Soundcharts (observed); see 02_Methodology
Q1_2026,Falz,45101.41,82.6282,37266.51,17.3718,7834.9,11752350.0,"China, United States, Uganda, Côte D’Ivoire, Malawi",observed: artist's own Nigerian share of listeners this quarter | Chartmetric + Soundcharts (observed); see 02_Methodology
Q1_2026,Vector,44479.91,87.0799,38733.04,12.9201,5746.87,8620305.0,"Benin, Zimbabwe, Côte D’Ivoire, Angola, Netherlands",observed: artist's own Nigerian share of listeners this quarter | Chartmetric + Soundcharts (observed); see 02_Methodology
Q1_2026,Aṣa,43534.9,60.2446,26227.42,39.7554,17307.48,25961220.0,"Spain, United Arab Emirates, Netherlands, Brazil, Uganda",observed: artist's own Nigerian share of listeners this quarter | Chartmetric + Soundcharts (observed); see 02_Methodology
Q1_2026,D'banj,42194.66,49.4536,20866.78,50.5464,21327.88,31991820.0,"United Kingdom, United States, Uganda, Malawi, Zimbabwe",observed: artist's own Nigerian share of listeners this quarter | Chartmetric + Soundcharts (observed); see 02_Methodology
Q1_2026,Fela Kuti,40056.65,20.2043,8093.16,79.7957,31963.49,47945235.0,"United States, Denmark, Sweden, United Kingdom, South Africa",observed: artist's own Nigerian share of listeners this quarter | Chartmetric + Soundcharts (observed); see 02_Methodology
Q1_2026,Terry Apala,39949.17,99.6257,39799.64,0.3743,149.53,224295.0,"United States, United Kingdom, Ghana, Canada, Kenya",observed: artist's own Nigerian share of listeners this quarter | Chartmetric + Soundcharts (observed); see 02_Methodology
Q1_2026,Nonso Amadi,39827.43,44.377,17674.21,55.623,22153.22,33229830.0,"Kenya, United States, Canada, South Africa, United Kingdom",observed: artist's own Nigerian share of listeners this quarter | Chartmetric + Soundcharts (observed); see 02_Methodology
Q1_2026,Mannywellz,38770.6,20.6697,8013.77,79.3303,30756.83,46135245.0,"United States, South Africa, Ghana, Kenya, Brazil",observed: artist's own Nigerian share of listeners this quarter | Chartmetric + Soundcharts (observed); see 02_Methodology
Q1_2026,Peruzzi,34409.6,94.7356,32598.15,5.2644,1811.45,2717175.0,"Uganda, United States, Malawi, Cameroon, Côte D’Ivoire",observed: artist's own Nigerian share of listeners this quarter | Chartmetric + Soundcharts (observed); see 02_Methodology
Q1_2026,Portable,34215.33,80.0303,27382.62,19.9697,6832.71,10249065.0,"United States, Ghana, France, Australia, Germany",observed: artist's own Nigerian share of listeners this quarter | Chartmetric + Soundcharts (observed); see 02_Methodology
Q1_2026,Show Dem Camp,33486.53,38.8374,13005.29,61.1626,20481.25,30721875.0,"United States, United Kingdom, Indonesia, South Africa, Kenya",observed: artist's own Nigerian share of listeners this quarter | Chartmetric + Soundcharts (observed); see 02_Methodology
Q1_2026,Ycee,32640.66,58.5898,19124.11,41.4102,13516.55,20274825.0,"United States, United Kingdom, Uganda, Kenya, South Africa",observed: artist's own Nigerian share of listeners this quarter | Chartmetric + Soundcharts (observed); see 02_Methodology
Q1_2026,Duncan Mighty,32198.89,94.7897,30521.22,5.2103,1677.67,2516505.0,"Tanzania, United States, United Kingdom, Italy, Ghana",observed: artist's own Nigerian share of listeners this quarter | Chartmetric + Soundcharts (observed); see 02_Methodology
Q1_2026,Lyta,29063.1,40.5047,11771.93,59.4953,17291.17,25936755.0,"United States, Ghana, United Kingdom, Canada, South Africa",assumed: portfolio-wide ratio applied to an artist without own geography | Chartmetric + Soundcharts (observed); see 02_Methodology
Q1_2026,Reminisce,28474.31,92.3962,26309.19,7.6038,2165.12,3247680.0,"Germany, Uganda, Zambia, Côte D’Ivoire, Netherlands",observed: artist's own Nigerian share of listeners this quarter | Chartmetric + Soundcharts (observed); see 02_Methodology
Q1_2026,Bad Boy Timz,27506.18,69.8014,19199.69,30.1986,8306.49,12459735.0,"Tanzania, Kenya, Australia, Zambia, Uganda",observed: artist's own Nigerian share of listeners this quarter | Chartmetric + Soundcharts (observed); see 02_Methodology
Q1_2026,Banky W.,27454.81,54.9597,15089.07,45.0403,12365.74,18548610.0,"Tanzania, Zimbabwe, United States, Côte D’Ivoire, New Zealand",observed: artist's own Nigerian share of listeners this quarter | Chartmetric + Soundcharts (observed); see 02_Methodology
Q1_2026,Brymo,27122.94,95.3789,25869.56,4.6211,1253.39,1880085.0,"United States, United Kingdom, Ireland, Côte D’Ivoire, Ghana",observed: artist's own Nigerian share of listeners this quarter | Chartmetric + Soundcharts (observed); see 02_Methodology
Q1_2026,9ice,23035.43,84.1459,19383.38,15.8541,3652.05,5478075.0,"United States, United Kingdom, Côte D’Ivoire, Canada, Ghana",observed: artist's own Nigerian share of listeners this quarter | Chartmetric + Soundcharts (observed); see 02_Methodology
Q1_2026,DJ Spinall,19973.99,41.1765,8224.59,58.8235,11749.41,17624115.0,,observed: artist's own Nigerian share of listeners this quarter | Chartmetric + Soundcharts (observed); see 02_Methodology
Q1_2026,CDQ,19263.23,96.0012,18492.93,3.9988,770.3,1155450.0,"India, Kenya, United States, Côte D’Ivoire, Uganda",observed: artist's own Nigerian share of listeners this quarter | Chartmetric + Soundcharts (observed); see 02_Methodology
Q1_2026,M.I. Abaga,18778.74,87.715,16471.78,12.285,2306.96,3460440.0,"United States, United Kingdom, Ghana, South Africa, Canada",observed: artist's own Nigerian share of listeners this quarter | Chartmetric + Soundcharts (observed); see 02_Methodology
Q1_2026,Rude Boy,18406.92,2.9703,546.73,97.0297,17860.19,26790285.0,"Singapore, Costa Rica, Thailand, Australia, Colombia",observed: artist's own Nigerian share of listeners this quarter | Chartmetric + Soundcharts (observed); see 02_Methodology
Q1_2026,Niniola,18375.87,34.4006,6321.42,65.5994,12054.46,18081690.0,"South Africa, Sierra Leone, Netherlands, China, Germany",observed: artist's own Nigerian share of listeners this quarter | Chartmetric + Soundcharts (observed); see 02_Methodology
Q1_2026,Sean Tizzle,17940.36,76.636,13748.77,23.364,4191.59,6287385.0,"Netherlands, Ireland, United States, United Kingdom, Uganda",observed: artist's own Nigerian share of listeners this quarter | Chartmetric + Soundcharts (observed); see 02_Methodology
Q1_2026,Dremo,14689.66,97.4111,14309.36,2.5889,380.31,570465.0,"United States, Ghana, United Kingdom, South Africa, Kenya",observed: artist's own Nigerian share of listeners this quarter | Chartmetric + Soundcharts (observed); see 02_Methodology
Q1_2026,Praiz,14634.08,34.6902,5076.59,65.3098,9557.49,14336235.0,"Germany, Netherlands, Sweden, Uganda, Switzerland",observed: artist's own Nigerian share of listeners this quarter | Chartmetric + Soundcharts (observed); see 02_Methodology
Q1_2026,Odunsi (The Engine),13478.79,26.5781,3582.4,73.4219,9896.39,14844585.0,"United States, Indonesia, Portugal, Norway, Poland",observed: artist's own Nigerian share of listeners this quarter | Chartmetric + Soundcharts (observed); see 02_Methodology
Q1_2026,Darey,13367.73,89.0213,11900.12,10.9787,1467.6,2201400.0,"United Arab Emirates, Ghana, United States, United Kingdom, Canada",observed: artist's own Nigerian share of listeners this quarter | Chartmetric + Soundcharts (observed); see 02_Methodology
Q1_2026,Illbliss,13174.12,90.8483,11968.46,9.1517,1205.66,1808490.0,"Uganda, Côte D’Ivoire, Malawi, Benin, Netherlands",observed: artist's own Nigerian share of listeners this quarter | Chartmetric + Soundcharts (observed); see 02_Methodology
Q1_2026,Seyi Shay,12643.81,58.1213,7348.74,41.8787,5295.07,7942605.0,"Venezuela, Italy, Brazil, Canada, Spain",observed: artist's own Nigerian share of listeners this quarter | Chartmetric + Soundcharts (observed); see 02_Methodology
Q1_2026,King Sunny Ade,12489.33,81.528,10182.31,18.472,2307.03,3460545.0,"United States, United Kingdom, Canada, Côte D’Ivoire, Kenya",observed: artist's own Nigerian share of listeners this quarter | Chartmetric + Soundcharts (observed); see 02_Methodology
Q1_2026,Dice Ailes,11936.3,86.0981,10276.93,13.9019,1659.37,2489055.0,"United States, Ghana, United Kingdom, South Africa, Canada",observed: artist's own Nigerian share of listeners this quarter | Chartmetric + Soundcharts (observed); see 02_Methodology
Q1_2026,Ajebutter22,11316.74,49.4117,5591.8,50.5883,5724.94,8587410.0,"United States, United Kingdom, Canada, Ghana, Kenya",observed: artist's own Nigerian share of listeners this quarter | Chartmetric + Soundcharts (observed); see 02_Methodology
Q1_2026,Lady Donli,11141.02,14.6376,1630.78,85.3624,9510.24,14265360.0,"United States, South Africa, United Kingdom, Netherlands, Australia",observed: artist's own Nigerian share of listeners this quarter | Chartmetric + Soundcharts (observed); see 02_Methodology
Q1_2026,HarrySong,10090.53,66.8093,6741.41,33.1907,3349.11,5023665.0,"Kenya, United States, Uganda, Malawi, Côte D’Ivoire",observed: artist's own Nigerian share of listeners this quarter | Chartmetric + Soundcharts (observed); see 02_Methodology
Q1_2026,Yung6ix,10031.93,40.5047,4063.4,59.4953,5968.52,8952780.0,"Netherlands, Kenya, Germany, Benin, Côte D’Ivoire",assumed: portfolio-wide ratio applied to an artist without own geography | Chartmetric + Soundcharts (observed); see 02_Methodology
Q1_2026,Solidstar,8505.29,76.3892,6497.13,23.6108,2008.16,3012240.0,"Colombia, United States, United Kingdom, Canada, South Africa",observed: artist's own Nigerian share of listeners this quarter | Chartmetric + Soundcharts (observed); see 02_Methodology
Q1_2026,Terri,7305.2,56.8435,4152.53,43.1565,3152.67,4729005.0,"United Arab Emirates, Netherlands, Tanzania, Italy, United States",observed: artist's own Nigerian share of listeners this quarter | Chartmetric + Soundcharts (observed); see 02_Methodology
Q1_2026,Naeto C,6424.81,78.8288,5064.6,21.1712,1360.21,2040315.0,"Côte D’Ivoire, Ireland, United States, United Kingdom, Zimbabwe",observed: artist's own Nigerian share of listeners this quarter | Chartmetric + Soundcharts (observed); see 02_Methodology
Q1_2026,Mr Real,6337.96,73.1503,4636.23,26.8497,1701.73,2552595.0,"United Kingdom, Ghana, South Africa, Canada, Côte D’Ivoire",observed: artist's own Nigerian share of listeners this quarter | Chartmetric + Soundcharts (observed); see 02_Methodology
Q1_2026,Olu Maintain,6103.03,68.0456,4152.84,31.9544,1950.18,2925270.0,"Kenya, Ireland, Côte D’Ivoire, United States, United Kingdom",observed: artist's own Nigerian share of listeners this quarter | Chartmetric + Soundcharts (observed); see 02_Methodology
Q1_2026,Prettyboy D-O,5517.33,63.7851,3519.23,36.2149,1998.09,2997135.0,"United States, United Kingdom, South Africa, Canada, Ghana",observed: artist's own Nigerian share of listeners this quarter | Chartmetric + Soundcharts (observed); see 02_Methodology
Q1_2026,Jesse Jagz,4435.28,80.1654,3555.56,19.8346,879.72,1319580.0,"Malawi, United Kingdom, United States, Rwanda, Ireland",observed: artist's own Nigerian share of listeners this quarter | Chartmetric + Soundcharts (observed); see 02_Methodology
Q1_2026,Eldee,4361.03,84.4106,3681.17,15.5894,679.86,1019790.0,"Ireland, Côte D’Ivoire, Netherlands, Malawi, Uganda",observed: artist's own Nigerian share of listeners this quarter | Chartmetric + Soundcharts (observed); see 02_Methodology
Q1_2026,Sound Sultan,4300.95,85.8883,3694.02,14.1117,606.94,910410.0,"United States, United Kingdom, Canada, Ghana, South Africa",observed: artist's own Nigerian share of listeners this quarter | Chartmetric + Soundcharts (observed); see 02_Methodology
Q1_2026,Small Doctor,4297.91,81.5987,3507.04,18.4013,790.87,1186305.0,"United States, United Kingdom, Ghana, Canada, South Africa",observed: artist's own Nigerian share of listeners this quarter | Chartmetric + Soundcharts (observed); see 02_Methodology
Q1_2026,Waje,3197.85,64.1874,2052.62,35.8126,1145.23,1717845.0,"Ghana, United Kingdom, Canada, South Africa, Uganda",observed: artist's own Nigerian share of listeners this quarter | Chartmetric + Soundcharts (observed); see 02_Methodology
Q1_2026,Dammy Krane,1722.56,74.0845,1276.15,25.9155,446.41,669615.0,"Kenya, Ireland, Netherlands, United States, Malawi",observed: artist's own Nigerian share of listeners this quarter | Chartmetric + Soundcharts (observed); see 02_Methodology
Q1_2026,Lagbaja,939.3,74.9595,704.1,25.0405,235.21,352815.0,"Australia, United States, United Kingdom, Malawi, Netherlands",observed: artist's own Nigerian share of listeners this quarter | Chartmetric + Soundcharts (observed); see 02_Methodology
Q1_2026,Sauce Kid,343.13,79.6104,273.17,20.3896,69.96,104940.0,"United Kingdom, United States, Canada, Ghana, South Africa",observed: artist's own Nigerian share of listeners this quarter | Chartmetric + Soundcharts (observed); see 02_Methodology
Q1_2026,Ebenezer Obey,122.29,40.5047,49.53,59.4953,72.76,109140.0,,assumed: portfolio-wide ratio applied to an artist without own geography | Chartmetric + Soundcharts (observed); see 02_Methodology
Q1_2026,Oritsefemi,26.31,75.0,19.73,25.0,6.58,9870.0,,observed: artist's own Nigerian share of listeners this quarter | Chartmetric + Soundcharts (observed); see 02_Methodology
Q1_2026,Odunsi,0.31,40.5047,0.13,59.4953,0.19,285.0,,assumed: portfolio-wide ratio applied to an artist without own geography | Chartmetric + Soundcharts (observed); see 02_Methodology
Q1_2026,=== PERIOD TOTAL ===,25010048.04,,8678251.88,,16331796.21,24497694315.0,,Aggregated
Q2_2026,Burna Boy,3036780.74,6.8591,208295.42,93.1409,2828485.32,4242727980.0,"United States, Brazil, Mexico, France, India",observed: artist's own Nigerian share of listeners this quarter | Chartmetric + Soundcharts (observed); see 02_Methodology
Q2_2026,Tems,2542924.08,5.5376,140817.07,94.4624,2402107.01,3603160515.0,"United States, Brazil, South Africa, United Kingdom, Indonesia",observed: artist's own Nigerian share of listeners this quarter | Chartmetric + Soundcharts (observed); see 02_Methodology
Q2_2026,Rema,2022343.05,11.2948,228420.28,88.7052,1793922.77,2690884155.0,"United States, Côte D’Ivoire, Congo - Kinshasa, Uganda, India",observed: artist's own Nigerian share of listeners this quarter | Chartmetric + Soundcharts (observed); see 02_Methodology
Q2_2026,Ayra Starr,1382238.77,15.7385,217544.31,84.2615,1164694.45,1747041675.0,"Congo - Kinshasa, Côte D’Ivoire, United States, Sierra Leone, Kenya",observed: artist's own Nigerian share of listeners this quarter | Chartmetric + Soundcharts (observed); see 02_Methodology
Q2_2026,Wizkid,1287564.18,25.8071,332282.96,74.1929,955281.22,1432921830.0,"United States, Kenya, United Kingdom, Uganda, South Africa",observed: artist's own Nigerian share of listeners this quarter | Chartmetric + Soundcharts (observed); see 02_Methodology
Q2_2026,Omah Lay,1079009.1,33.6089,362643.08,66.3911,716366.02,1074549030.0,"Australia, Spain, Netherlands, United States, Congo - Kinshasa",observed: artist's own Nigerian share of listeners this quarter | Chartmetric + Soundcharts (observed); see 02_Methodology
Q2_2026,Davido,988820.34,33.8182,334400.93,66.1818,654419.41,981629115.0,"United States, United Kingdom, South Africa, Kenya, Ghana",observed: artist's own Nigerian share of listeners this quarter | Chartmetric + Soundcharts (observed); see 02_Methodology
Q2_2026,Asake,947262.58,68.5225,649087.56,31.4775,298175.02,447262530.0,"Germany, United States, Kenya, Congo - Kinshasa, Australia",observed: artist's own Nigerian share of listeners this quarter | Chartmetric + Soundcharts (observed); see 02_Methodology
Q2_2026,CKay,787978.34,18.9182,149071.49,81.0818,638906.85,958360275.0,"India, United States, Uganda, France, Zambia",observed: artist's own Nigerian share of listeners this quarter | Chartmetric + Soundcharts (observed); see 02_Methodology
Q2_2026,Fireboy DML,699292.22,28.7464,201021.35,71.2536,498270.87,747406305.0,"United States, Kenya, Zimbabwe, United Kingdom, Malawi",observed: artist's own Nigerian share of listeners this quarter | Chartmetric + Soundcharts (observed); see 02_Methodology
Q2_2026,Ruger,510451.7,44.7423,228388.0,55.2577,282063.7,423095550.0,"Kenya, Sierra Leone, Zambia, Uganda, United States",observed: artist's own Nigerian share of listeners this quarter | Chartmetric + Soundcharts (observed); see 02_Methodology
Q2_2026,Victony,460075.44,45.8421,210908.18,54.1579,249167.26,373750890.0,"United States, Congo - Kinshasa, Kenya, Sierra Leone, France",observed: artist's own Nigerian share of listeners this quarter | Chartmetric + Soundcharts (observed); see 02_Methodology
Q2_2026,BNXN,453303.98,75.3206,341431.28,24.6794,111872.7,167809050.0,"Kenya, United States, Malawi, United Kingdom, Venezuela",observed: artist's own Nigerian share of listeners this quarter | Chartmetric + Soundcharts (observed); see 02_Methodology
Q2_2026,Kizz Daniel,447818.47,59.0851,264594.1,40.9149,183224.37,274836555.0,"Sierra Leone, Congo - Kinshasa, United States, Liberia, Uganda",observed: artist's own Nigerian share of listeners this quarter | Chartmetric + Soundcharts (observed); see 02_Methodology
Q2_2026,Libianca,437255.96,6.0814,26591.27,93.9186,410664.69,615997035.0,"Indonesia, India, United States, South Africa, Zambia",observed: artist's own Nigerian share of listeners this quarter | Chartmetric + Soundcharts (observed); see 02_Methodology
Q2_2026,P-Square,379467.96,27.0781,102752.65,72.9219,276715.31,415072965.0,"Germany, Canada, Netherlands, Spain, Sweden",observed: artist's own Nigerian share of listeners this quarter | Chartmetric + Soundcharts (observed); see 02_Methodology
Q2_2026,Joeboy,368019.88,61.333,225717.53,38.667,142302.34,213453510.0,"Kenya, United States, China, Congo - Kinshasa, Malawi",observed: artist's own Nigerian share of listeners this quarter | Chartmetric + Soundcharts (observed); see 02_Methodology
Q2_2026,Olamide,367389.93,69.4968,255324.29,30.5032,112065.64,168098460.0,"United Arab Emirates, Netherlands, Australia, Zambia, Côte D’Ivoire",observed: artist's own Nigerian share of listeners this quarter | Chartmetric + Soundcharts (observed); see 02_Methodology
Q2_2026,Amaarae,367371.13,2.8142,10338.46,97.1858,357032.68,535549020.0,"India, United States, Mexico, Brazil, Indonesia",observed: artist's own Nigerian share of listeners this quarter | Chartmetric + Soundcharts (observed); see 02_Methodology
Q2_2026,Sarz,354620.42,58.2979,206736.26,41.7021,147884.16,221826240.0,"United States, Kenya, Malawi, Côte D’Ivoire, Zimbabwe",observed: artist's own Nigerian share of listeners this quarter | Chartmetric + Soundcharts (observed); see 02_Methodology
Q2_2026,Shallipopi,339446.26,55.5819,188670.64,44.4181,150775.62,226163430.0,"United States, Kenya, South Africa, Côte D’Ivoire, Zimbabwe",observed: artist's own Nigerian share of listeners this quarter | Chartmetric + Soundcharts (observed); see 02_Methodology
Q2_2026,Oxlade,331953.8,15.8416,52586.7,84.1584,279367.1,419050650.0,"India, South Africa, United States, Uganda, France",observed: artist's own Nigerian share of listeners this quarter | Chartmetric + Soundcharts (observed); see 02_Methodology
Q2_2026,Young Jonn,329129.97,93.4374,307530.36,6.5626,21599.6,32399400.0,"Côte D’Ivoire, United States, Ghana, Kenya, United Kingdom",observed: artist's own Nigerian share of listeners this quarter | Chartmetric + Soundcharts (observed); see 02_Methodology
Q2_2026,Lojay,324983.97,23.6379,76819.37,76.3621,248164.6,372246900.0,"Zambia, United States, Malawi, Kenya, United Kingdom",observed: artist's own Nigerian share of listeners this quarter | Chartmetric + Soundcharts (observed); see 02_Methodology
Q2_2026,ODUMODUBLVCK,310797.54,97.4206,302780.85,2.5794,8016.69,12025035.0,"Uganda, Côte D’Ivoire, Netherlands, United States, Ghana",observed: artist's own Nigerian share of listeners this quarter | Chartmetric + Soundcharts (observed); see 02_Methodology
Q2_2026,Mr Eazi,280354.33,12.4773,34980.75,87.5227,245373.58,368060370.0,"Sierra Leone, Zimbabwe, Côte D’Ivoire, United States, United Kingdom",observed: artist's own Nigerian share of listeners this quarter | Chartmetric + Soundcharts (observed); see 02_Methodology
Q2_2026,Flavour,276574.69,72.2783,199903.49,27.7217,76671.2,115006800.0,"Senegal, Sierra Leone, Togo, Italy, Belgium",observed: artist's own Nigerian share of listeners this quarter | Chartmetric + Soundcharts (observed); see 02_Methodology
Q2_2026,Adekunle Gold,264709.99,59.0865,156407.88,40.9135,108302.11,162453165.0,"Liberia, United States, France, Malawi, Kenya",observed: artist's own Nigerian share of listeners this quarter | Chartmetric + Soundcharts (observed); see 02_Methodology
Q2_2026,Khaid,248105.42,47.1004,116858.56,52.8996,131246.86,196870290.0,"Poland, Liberia, Zambia, Kenya, United States",observed: artist's own Nigerian share of listeners this quarter | Chartmetric + Soundcharts (observed); see 02_Methodology
Q2_2026,Tiwa Savage,234075.1,50.1104,117295.94,49.8896,116779.16,175168740.0,"Sierra Leone, China, Germany, Italy, Australia",observed: artist's own Nigerian share of listeners this quarter | Chartmetric + Soundcharts (observed); see 02_Methodology
Q2_2026,Tekno,230676.88,39.2291,90492.51,60.7709,140184.37,210276555.0,"Sierra Leone, Kenya, United States, Liberia, Benin",observed: artist's own Nigerian share of listeners this quarter | Chartmetric + Soundcharts (observed); see 02_Methodology
Q2_2026,Darkoo,216785.37,29.031,62934.99,70.969,153850.37,230775555.0,"Kenya, Malawi, United States, Norway, Côte D’Ivoire",observed: artist's own Nigerian share of listeners this quarter | Chartmetric + Soundcharts (observed); see 02_Methodology
Q2_2026,Chike,216702.9,78.2803,169635.76,21.7197,47067.14,70600710.0,"United States, Kenya, Uganda, United Kingdom, Tanzania",observed: artist's own Nigerian share of listeners this quarter | Chartmetric + Soundcharts (observed); see 02_Methodology
Q2_2026,Tempoe,215903.38,15.433,33320.42,84.567,182582.96,273874440.0,"Germany, United Kingdom, Kenya, Canada, United States",observed: artist's own Nigerian share of listeners this quarter | Chartmetric + Soundcharts (observed); see 02_Methodology
Q2_2026,Patoranking,209714.47,50.8655,106672.21,49.1345,103042.26,154563390.0,"Kenya, United States, Liberia, Zambia, Malawi",observed: artist's own Nigerian share of listeners this quarter | Chartmetric + Soundcharts (observed); see 02_Methodology
Q2_2026,Blaqbonez,205774.52,40.1327,82582.92,59.8673,123191.6,184787400.0,"Côte D’Ivoire, Ghana, United States, Kenya, Malawi",assumed: portfolio-wide ratio applied to an artist without own geography | Chartmetric + Soundcharts (observed); see 02_Methodology
Q2_2026,Bayanni,203561.07,23.2143,47255.35,76.7857,156305.72,234458580.0,"Germany, United States, Kenya, Sierra Leone, France",observed: artist's own Nigerian share of listeners this quarter | Chartmetric + Soundcharts (observed); see 02_Methodology
Q2_2026,Johnny Drille,199221.34,71.3564,142157.14,28.6436,57064.2,85596300.0,"Kenya, Liberia, Uganda, Zambia, Rwanda",observed: artist's own Nigerian share of listeners this quarter | Chartmetric + Soundcharts (observed); see 02_Methodology
Q2_2026,Seyi Vibez,198428.16,40.1327,79634.62,59.8673,118793.54,178190310.0,"Benin, Germany, United States, Ghana, Uganda",assumed: portfolio-wide ratio applied to an artist without own geography | Chartmetric + Soundcharts (observed); see 02_Methodology
Q2_2026,Bella Shmurda,194467.17,40.1327,78044.97,59.8673,116422.2,174633300.0,"Côte D’Ivoire, Uganda, United States, Zambia, Ghana",assumed: portfolio-wide ratio applied to an artist without own geography | Chartmetric + Soundcharts (observed); see 02_Methodology
Q2_2026,Wande Coal,186639.68,60.6442,113186.09,39.3558,73453.59,110180385.0,"United States, Côte D’Ivoire, Malawi, United Kingdom, Zimbabwe",observed: artist's own Nigerian share of listeners this quarter | Chartmetric + Soundcharts (observed); see 02_Methodology
Q2_2026,Pheelz,172459.19,39.899,68809.48,60.101,103649.71,155474565.0,"Australia, Côte D’Ivoire, Netherlands, United States, Malawi",observed: artist's own Nigerian share of listeners this quarter | Chartmetric + Soundcharts (observed); see 02_Methodology
Q2_2026,Zinoleesky,171589.35,86.1865,147886.92,13.8135,23702.43,35553645.0,"United Arab Emirates, Côte D’Ivoire, Uganda, Zambia, Australia",observed: artist's own Nigerian share of listeners this quarter | Chartmetric + Soundcharts (observed); see 02_Methodology
Q2_2026,Zlatan,169994.38,91.9618,156329.89,8.0382,13664.49,20496735.0,"Côte D’Ivoire, United Arab Emirates, Tanzania, Congo - Kinshasa, Guinea",observed: artist's own Nigerian share of listeners this quarter | Chartmetric + Soundcharts (observed); see 02_Methodology
Q2_2026,Magixx,164486.45,69.7161,114673.52,30.2839,49812.94,74719410.0,"Ghana, Kenya, United States, United Kingdom, Uganda",observed: artist's own Nigerian share of listeners this quarter | Chartmetric + Soundcharts (observed); see 02_Methodology
Q2_2026,Qing Madi,161459.16,72.2882,116715.88,27.7118,44743.28,67114920.0,"Kenya, Zambia, Uganda, United States, Zimbabwe",observed: artist's own Nigerian share of listeners this quarter | Chartmetric + Soundcharts (observed); see 02_Methodology
Q2_2026,Naira Marley,157650.13,84.8131,133708.01,15.1869,23942.12,35913180.0,"Côte D’Ivoire, Benin, United States, United Kingdom, Cameroon",observed: artist's own Nigerian share of listeners this quarter | Chartmetric + Soundcharts (observed); see 02_Methodology
Q2_2026,Phyno,136765.06,40.1327,54887.54,59.8673,81877.52,122816280.0,"United States, United Kingdom, Uganda, Côte D’Ivoire, Kenya",assumed: portfolio-wide ratio applied to an artist without own geography | Chartmetric + Soundcharts (observed); see 02_Methodology
Q2_2026,Crayon,133398.27,52.7263,70336.01,47.2737,63062.26,94593390.0,"Kenya, Ghana, United States, United Kingdom, Uganda",observed: artist's own Nigerian share of listeners this quarter | Chartmetric + Soundcharts (observed); see 02_Methodology
Q2_2026,Yemi Alade,131504.37,15.2518,20056.78,84.7482,111447.59,167171385.0,"Sierra Leone, Benin, Congo - Brazzaville, Liberia, United States",observed: artist's own Nigerian share of listeners this quarter | Chartmetric + Soundcharts (observed); see 02_Methodology
Q2_2026,Spyro,125916.62,59.7838,75277.75,40.2162,50638.87,75958305.0,"Ghana, Kenya, United Kingdom, United States, South Africa",observed: artist's own Nigerian share of listeners this quarter | Chartmetric + Soundcharts (observed); see 02_Methodology
Q2_2026,Teni,122036.36,77.5175,94599.47,22.4825,27436.88,41155320.0,"Italy, Liberia, Senegal, Uganda, United Arab Emirates",observed: artist's own Nigerian share of listeners this quarter | Chartmetric + Soundcharts (observed); see 02_Methodology
Q2_2026,Simi,117358.63,63.9713,75075.82,36.0287,42282.81,63424215.0,"Liberia, South Africa, Canada, Italy, Malawi",observed: artist's own Nigerian share of listeners this quarter | Chartmetric + Soundcharts (observed); see 02_Methodology
Q2_2026,Timaya,109171.55,66.6393,72751.11,33.3607,36420.44,54630660.0,"Liberia, United States, Kenya, United Kingdom, Italy",observed: artist's own Nigerian share of listeners this quarter | Chartmetric + Soundcharts (observed); see 02_Methodology
Q2_2026,Mayorkun,97782.53,56.1138,54869.48,43.8862,42913.05,64369575.0,"Kenya, Malawi, United States, Côte D’Ivoire, Zimbabwe",observed: artist's own Nigerian share of listeners this quarter | Chartmetric + Soundcharts (observed); see 02_Methodology
Q2_2026,LADIPOE,95259.66,73.8522,70351.37,26.1478,24908.29,37362435.0,"Kenya, Zimbabwe, Côte D’Ivoire, Zambia, Benin",observed: artist's own Nigerian share of listeners this quarter | Chartmetric + Soundcharts (observed); see 02_Methodology
Q2_2026,Mohbad,93931.04,40.1327,37697.08,59.8673,56233.96,84350940.0,"United States, Canada, Zambia, South Africa, Côte D’Ivoire",assumed: portfolio-wide ratio applied to an artist without own geography | Chartmetric + Soundcharts (observed); see 02_Methodology
Q2_2026,Boy Spyce,87773.06,90.9726,79849.41,9.0274,7923.65,11885475.0,"Ghana, Kenya, United States, Liberia, United Arab Emirates",observed: artist's own Nigerian share of listeners this quarter | Chartmetric + Soundcharts (observed); see 02_Methodology
Q2_2026,Ice Prince,87422.21,44.0677,38524.95,55.9323,48897.26,73345890.0,"Uganda, Malawi, Zimbabwe, Côte D’Ivoire, South Africa",observed: artist's own Nigerian share of listeners this quarter | Chartmetric + Soundcharts (observed); see 02_Methodology
Q2_2026,Iyanya,87229.88,46.7836,40809.24,53.2164,46420.64,69630960.0,"Kenya, Liberia, Canada, United States, Botswana",observed: artist's own Nigerian share of listeners this quarter | Chartmetric + Soundcharts (observed); see 02_Methodology
Q2_2026,Reekado Banks,84591.58,75.8261,64142.46,24.1739,20449.12,30673680.0,"Kenya, United States, Malawi, Côte D’Ivoire, Zambia",observed: artist's own Nigerian share of listeners this quarter | Chartmetric + Soundcharts (observed); see 02_Methodology
Q2_2026,Lil Kesh,83473.95,40.1327,33500.37,59.8673,49973.58,74960370.0,"United Arab Emirates, United States, United Kingdom, Benin, China",assumed: portfolio-wide ratio applied to an artist without own geography | Chartmetric + Soundcharts (observed); see 02_Methodology
Q2_2026,Skiibii,82301.45,65.9577,54284.15,34.0423,28017.3,42025950.0,"United States, Ghana, United Kingdom, Kenya, Germany",observed: artist's own Nigerian share of listeners this quarter | Chartmetric + Soundcharts (observed); see 02_Methodology
Q2_2026,Maleek Berry,78868.97,26.1371,20614.03,73.8629,58254.94,87382410.0,"United States, United Kingdom, Malawi, Norway, Zimbabwe",observed: artist's own Nigerian share of listeners this quarter | Chartmetric + Soundcharts (observed); see 02_Methodology
Q2_2026,DJ Neptune,73981.36,70.6034,52233.37,29.3966,21747.99,32621985.0,"Malawi, Côte D’Ivoire, Brazil, Zimbabwe, Liberia",observed: artist's own Nigerian share of listeners this quarter | Chartmetric + Soundcharts (observed); see 02_Methodology
Q2_2026,Ric Hassani,69357.25,7.8008,5410.45,92.1992,63946.79,95920185.0,"India, United States, Greece, Kenya, Zambia",observed: artist's own Nigerian share of listeners this quarter | Chartmetric + Soundcharts (observed); see 02_Methodology
Q2_2026,2Baba,68524.09,76.2967,52281.65,23.7033,16242.44,24363660.0,"United States, New Zealand, United Kingdom, Malawi, Kenya",observed: artist's own Nigerian share of listeners this quarter | Chartmetric + Soundcharts (observed); see 02_Methodology
Q2_2026,WurlD,65517.75,63.3262,41489.91,36.6738,24027.85,36041775.0,"Kenya, Côte D’Ivoire, Zimbabwe, Zambia, Tanzania",observed: artist's own Nigerian share of listeners this quarter | Chartmetric + Soundcharts (observed); see 02_Methodology
Q2_2026,Boj,61546.13,41.5012,25542.39,58.4988,36003.74,54005610.0,"Spain, United Kingdom, Australia, United States, Ghana",observed: artist's own Nigerian share of listeners this quarter | Chartmetric + Soundcharts (observed); see 02_Methodology
Q2_2026,Bloody Civilian,61182.36,73.0696,44705.68,26.9304,16476.68,24715020.0,"Uganda, Zambia, United States, Côte D’Ivoire, United Kingdom",observed: artist's own Nigerian share of listeners this quarter | Chartmetric + Soundcharts (observed); see 02_Methodology
Q2_2026,Falz,57851.22,87.3572,50537.23,12.6428,7313.99,10970985.0,"China, United States, Uganda, United Kingdom, Netherlands",observed: artist's own Nigerian share of listeners this quarter | Chartmetric + Soundcharts (observed); see 02_Methodology
Q2_2026,Olakira,53155.51,40.1956,21366.15,59.8044,31789.36,47684040.0,"Kenya, Ghana, India, Morocco, Indonesia",observed: artist's own Nigerian share of listeners this quarter | Chartmetric + Soundcharts (observed); see 02_Methodology
Q2_2026,Vector,52093.02,86.7644,45198.18,13.2356,6894.84,10342260.0,"Malawi, Netherlands, Benin, Côte D’Ivoire, Zimbabwe",observed: artist's own Nigerian share of listeners this quarter | Chartmetric + Soundcharts (observed); see 02_Methodology
Q2_2026,D'banj,50741.15,50.8881,25821.2,49.1119,24919.95,37379925.0,"Zambia, Uganda, Brazil, Malawi, United States",observed: artist's own Nigerian share of listeners this quarter | Chartmetric + Soundcharts (observed); see 02_Methodology
Q2_2026,Korede Bello,48558.85,30.5437,14831.67,69.4563,33727.18,50590770.0,"Liberia, Gambia, Benin, China, Uganda",observed: artist's own Nigerian share of listeners this quarter | Chartmetric + Soundcharts (observed); see 02_Methodology
Q2_2026,Tay Iwar,46325.16,33.213,15385.99,66.787,30939.18,46408770.0,"United States, United Kingdom, Kenya, Canada, Australia",observed: artist's own Nigerian share of listeners this quarter | Chartmetric + Soundcharts (observed); see 02_Methodology
Q2_2026,Cruel Santino,46224.14,85.7146,39620.84,14.2854,6603.3,9904950.0,"Uganda, Zambia, Côte D’Ivoire, Benin, Cameroon",observed: artist's own Nigerian share of listeners this quarter | Chartmetric + Soundcharts (observed); see 02_Methodology
Q2_2026,Mannywellz,43524.05,22.0926,9615.58,77.9074,33908.47,50862705.0,"United States, South Africa, United Kingdom, Canada, Kenya",observed: artist's own Nigerian share of listeners this quarter | Chartmetric + Soundcharts (observed); see 02_Methodology
Q2_2026,Show Dem Camp,43272.0,36.5308,15807.61,63.4692,27464.39,41196585.0,"United States, United Kingdom, South Africa, Australia, Kenya",observed: artist's own Nigerian share of listeners this quarter | Chartmetric + Soundcharts (observed); see 02_Methodology
Q2_2026,Bracket,42035.59,45.5697,19155.51,54.4303,22880.07,34320105.0,"Kenya, Ghana, United Kingdom, United States, Canada",observed: artist's own Nigerian share of listeners this quarter | Chartmetric + Soundcharts (observed); see 02_Methodology
Q2_2026,Terry Apala,42004.59,93.4958,39272.54,6.5042,2732.05,4098075.0,"United States, United Kingdom, Ghana, Canada, Kenya",observed: artist's own Nigerian share of listeners this quarter | Chartmetric + Soundcharts (observed); see 02_Methodology
Q2_2026,Ycee,40120.6,58.8438,23608.49,41.1562,16512.11,24768165.0,"United States, United Kingdom, Uganda, Kenya, South Africa",observed: artist's own Nigerian share of listeners this quarter | Chartmetric + Soundcharts (observed); see 02_Methodology
Q2_2026,Duncan Mighty,40098.23,94.2326,37785.59,5.7674,2312.64,3468960.0,"United States, Côte D’Ivoire, Italy, United Kingdom, Zambia",observed: artist's own Nigerian share of listeners this quarter | Chartmetric + Soundcharts (observed); see 02_Methodology
Q2_2026,Peruzzi,37735.07,92.4874,34900.17,7.5126,2834.9,4252350.0,"Uganda, Malawi, United States, Côte D’Ivoire, Benin",observed: artist's own Nigerian share of listeners this quarter | Chartmetric + Soundcharts (observed); see 02_Methodology
Q2_2026,Nonso Amadi,37448.05,48.5564,18183.43,51.4436,19264.62,28896930.0,"Kenya, Canada, United States, Ghana, United Kingdom",observed: artist's own Nigerian share of listeners this quarter | Chartmetric + Soundcharts (observed); see 02_Methodology
Q2_2026,Bad Boy Timz,37041.26,75.3321,27903.97,24.6679,9137.29,13705935.0,"Australia, Netherlands, Zambia, Uganda, Côte D’Ivoire",observed: artist's own Nigerian share of listeners this quarter | Chartmetric + Soundcharts (observed); see 02_Methodology
Q2_2026,Aṣa,35865.72,63.0856,22626.09,36.9144,13239.63,19859445.0,"Spain, Côte D’Ivoire, Brazil, Uganda, United States",observed: artist's own Nigerian share of listeners this quarter | Chartmetric + Soundcharts (observed); see 02_Methodology
Q2_2026,Lyta,34503.0,40.1327,13846.99,59.8673,20656.01,30984015.0,"United States, Ghana, United Kingdom, Canada, Benin",assumed: portfolio-wide ratio applied to an artist without own geography | Chartmetric + Soundcharts (observed); see 02_Methodology
Q2_2026,Reminisce,33655.43,92.2256,31038.93,7.7744,2616.5,3924750.0,"Côte D’Ivoire, Uganda, Zambia, Netherlands, Ireland",observed: artist's own Nigerian share of listeners this quarter | Chartmetric + Soundcharts (observed); see 02_Methodology
Q2_2026,Fela Kuti,32891.96,18.6172,6123.57,81.3828,26768.39,40152585.0,"United States, Sweden, Austria, United Kingdom, France",observed: artist's own Nigerian share of listeners this quarter | Chartmetric + Soundcharts (observed); see 02_Methodology
Q2_2026,9ice,31432.48,87.1612,27396.92,12.8388,4035.56,6053340.0,"Burundi, United States, United Kingdom, Côte D’Ivoire, Sierra Leone",observed: artist's own Nigerian share of listeners this quarter | Chartmetric + Soundcharts (observed); see 02_Methodology
Q2_2026,Banky W.,28480.25,58.1458,16560.07,41.8542,11920.18,17880270.0,"Germany, Malawi, Côte D’Ivoire, United States, Zimbabwe",observed: artist's own Nigerian share of listeners this quarter | Chartmetric + Soundcharts (observed); see 02_Methodology
Q2_2026,Brymo,26516.5,97.739,25916.97,2.261,599.53,899295.0,"United States, United Kingdom, Netherlands, Côte D’Ivoire, Ireland",observed: artist's own Nigerian share of listeners this quarter | Chartmetric + Soundcharts (observed); see 02_Methodology
Q2_2026,Niniola,23369.17,39.6667,9269.79,60.3333,14099.38,21149070.0,"South Africa, China, Netherlands, Uganda, India",observed: artist's own Nigerian share of listeners this quarter | Chartmetric + Soundcharts (observed); see 02_Methodology
Q2_2026,CDQ,20181.95,92.9968,18768.58,7.0032,1413.37,2120055.0,"Tanzania, United Arab Emirates, Côte D’Ivoire, Netherlands, Belgium",observed: artist's own Nigerian share of listeners this quarter | Chartmetric + Soundcharts (observed); see 02_Methodology
Q2_2026,M.I. Abaga,18970.97,87.4889,16597.49,12.5111,2373.47,3560205.0,"United States, United Kingdom, Canada, Ghana, South Africa",observed: artist's own Nigerian share of listeners this quarter | Chartmetric + Soundcharts (observed); see 02_Methodology
Q2_2026,Dremo,18870.4,96.3967,18190.43,3.6033,679.96,1019940.0,"United States, Ghana, United Kingdom, South Africa, Canada",observed: artist's own Nigerian share of listeners this quarter | Chartmetric + Soundcharts (observed); see 02_Methodology
Q2_2026,Rude Boy,18686.43,2.7938,522.06,97.2062,18164.37,27246555.0,"Costa Rica, United States, Colombia, Peru, Taiwan",observed: artist's own Nigerian share of listeners this quarter | Chartmetric + Soundcharts (observed); see 02_Methodology
Q2_2026,Praiz,18314.01,26.049,4770.61,73.951,13543.4,20315100.0,"Germany, Netherlands, Sweden, Uganda, Spain",observed: artist's own Nigerian share of listeners this quarter | Chartmetric + Soundcharts (observed); see 02_Methodology
Q2_2026,Odunsi (The Engine),17025.74,25.3554,4316.95,74.6446,12708.8,19063200.0,"United States, Zambia, Switzerland, Angola, Côte D’Ivoire",observed: artist's own Nigerian share of listeners this quarter | Chartmetric + Soundcharts (observed); see 02_Methodology
Q2_2026,Sean Tizzle,16960.91,77.1276,13081.54,22.8724,3879.37,5819055.0,"Netherlands, Uganda, Zambia, United States, United Kingdom",observed: artist's own Nigerian share of listeners this quarter | Chartmetric + Soundcharts (observed); see 02_Methodology
Q2_2026,Illbliss,15860.69,91.923,14579.63,8.077,1281.06,1921590.0,"Côte D’Ivoire, Uganda, Benin, Malawi, Togo",observed: artist's own Nigerian share of listeners this quarter | Chartmetric + Soundcharts (observed); see 02_Methodology
Q2_2026,Dice Ailes,15522.25,90.1023,13985.89,9.8977,1536.35,2304525.0,"United States, Ghana, United Kingdom, Canada, South Africa",observed: artist's own Nigerian share of listeners this quarter | Chartmetric + Soundcharts (observed); see 02_Methodology
Q2_2026,Seyi Shay,13120.62,54.0059,7085.91,45.9941,6034.72,9052080.0,"Brazil, Venezuela, Türkiye, Kenya, Fiji",observed: artist's own Nigerian share of listeners this quarter | Chartmetric + Soundcharts (observed); see 02_Methodology
Q2_2026,King Sunny Ade,12317.42,84.5442,10413.67,15.4558,1903.75,2855625.0,"United States, United Kingdom, Canada, Ireland, India",observed: artist's own Nigerian share of listeners this quarter | Chartmetric + Soundcharts (observed); see 02_Methodology
Q2_2026,Ajebutter22,11533.35,51.7584,5969.48,48.2416,5563.87,8345805.0,"United States, United Kingdom, Canada, Ghana, Kenya",observed: artist's own Nigerian share of listeners this quarter | Chartmetric + Soundcharts (observed); see 02_Methodology
Q2_2026,HarrySong,9687.06,68.0619,6593.2,31.9381,3093.87,4640805.0,"Kenya, United States, Uganda, Côte D’Ivoire, Malawi",observed: artist's own Nigerian share of listeners this quarter | Chartmetric + Soundcharts (observed); see 02_Methodology
Q2_2026,Darey,9454.43,87.733,8294.65,12.267,1159.77,1739655.0,"Ghana, France, United States, United Kingdom, Italy",observed: artist's own Nigerian share of listeners this quarter | Chartmetric + Soundcharts (observed); see 02_Methodology
Q2_2026,Solidstar,9322.44,77.1314,7190.53,22.8686,2131.91,3197865.0,"United States, Colombia, United Kingdom, Canada, Ghana",observed: artist's own Nigerian share of listeners this quarter | Chartmetric + Soundcharts (observed); see 02_Methodology
Q2_2026,Terri,9277.64,59.1668,5489.28,40.8332,3788.36,5682540.0,"United Arab Emirates, United States, Italy, Netherlands, Kenya",observed: artist's own Nigerian share of listeners this quarter | Chartmetric + Soundcharts (observed); see 02_Methodology
Q2_2026,Naeto C,8854.82,81.5436,7220.54,18.4564,1634.28,2451420.0,"Côte D’Ivoire, United States, Netherlands, Ireland, United Kingdom",observed: artist's own Nigerian share of listeners this quarter | Chartmetric + Soundcharts (observed); see 02_Methodology
Q2_2026,Lady Donli,8841.58,17.8971,1582.38,82.1029,7259.19,10888785.0,"United States, United Kingdom, South Africa, Australia, Kenya",observed: artist's own Nigerian share of listeners this quarter | Chartmetric + Soundcharts (observed); see 02_Methodology
Q2_2026,Yung6ix,8090.07,98.7164,7986.23,1.2836,103.84,155760.0,"Germany, Netherlands, Kenya, Benin, Côte D’Ivoire",observed: artist's own Nigerian share of listeners this quarter | Chartmetric + Soundcharts (observed); see 02_Methodology
Q2_2026,Mr Real,7304.07,81.5245,5954.61,18.4755,1349.47,2024205.0,"Iceland, Ghana, Greece, United Kingdom, South Africa",observed: artist's own Nigerian share of listeners this quarter | Chartmetric + Soundcharts (observed); see 02_Methodology
Q2_2026,Olu Maintain,7252.59,67.3971,4888.03,32.6029,2364.56,3546840.0,"Côte D’Ivoire, Ireland, Netherlands, United States, United Kingdom",observed: artist's own Nigerian share of listeners this quarter | Chartmetric + Soundcharts (observed); see 02_Methodology
Q2_2026,Sound Sultan,5772.79,85.1223,4913.93,14.8777,858.86,1288290.0,"United States, United Kingdom, Canada, Ghana, South Africa",observed: artist's own Nigerian share of listeners this quarter | Chartmetric + Soundcharts (observed); see 02_Methodology
Q2_2026,Eldee,5502.47,83.751,4608.38,16.249,894.09,1341135.0,"Kenya, Côte D’Ivoire, Ireland, Netherlands, Malawi",observed: artist's own Nigerian share of listeners this quarter | Chartmetric + Soundcharts (observed); see 02_Methodology
Q2_2026,Jesse Jagz,4847.59,79.3919,3848.59,20.6081,998.99,1498485.0,"Netherlands, Malawi, Côte D’Ivoire, Sweden, United Kingdom",observed: artist's own Nigerian share of listeners this quarter | Chartmetric + Soundcharts (observed); see 02_Methodology
Q2_2026,Prettyboy D-O,4800.86,58.9104,2828.2,41.0896,1972.65,2958975.0,"United Kingdom, United States, South Africa, Canada, Ghana",observed: artist's own Nigerian share of listeners this quarter | Chartmetric + Soundcharts (observed); see 02_Methodology
Q2_2026,Small Doctor,4680.29,78.6357,3680.38,21.3643,999.91,1499865.0,"United States, United Kingdom, Canada, Ghana, South Africa",observed: artist's own Nigerian share of listeners this quarter | Chartmetric + Soundcharts (observed); see 02_Methodology
Q2_2026,Waje,2787.64,60.3654,1682.77,39.6346,1104.87,1657305.0,"Ghana, United Kingdom, Canada, Malawi, Germany",observed: artist's own Nigerian share of listeners this quarter | Chartmetric + Soundcharts (observed); see 02_Methodology
Q2_2026,Lagbaja,2621.69,75.7323,1985.46,24.2677,636.22,954330.0,"United States, Australia, Netherlands, Ireland, United Kingdom",observed: artist's own Nigerian share of listeners this quarter | Chartmetric + Soundcharts (observed); see 02_Methodology
Q2_2026,Dammy Krane,2439.6,77.8752,1899.84,22.1248,539.76,809640.0,"South Africa, Côte D’Ivoire, Netherlands, Benin, Germany",observed: artist's own Nigerian share of listeners this quarter | Chartmetric + Soundcharts (observed); see 02_Methodology
Q2_2026,Sauce Kid,707.27,78.4496,554.85,21.5504,152.42,228630.0,"United Kingdom, Canada, United States, Ghana, South Africa",observed: artist's own Nigerian share of listeners this quarter | Chartmetric + Soundcharts (observed); see 02_Methodology
Q2_2026,Ebenezer Obey,122.96,40.1327,49.35,59.8673,73.61,110415.0,,assumed: portfolio-wide ratio applied to an artist without own geography | Chartmetric + Soundcharts (observed); see 02_Methodology
Q2_2026,Oritsefemi,26.11,40.1327,10.48,59.8673,15.63,23445.0,,assumed: portfolio-wide ratio applied to an artist without own geography | Chartmetric + Soundcharts (observed); see 02_Methodology
Q2_2026,Odunsi,0.31,40.1327,0.13,59.8673,0.19,285.0,,assumed: portfolio-wide ratio applied to an artist without own geography | Chartmetric + Soundcharts (observed); see 02_Methodology
Q2_2026,DJ Spinall,0.11,30.0,0.03,70.0,0.08,120.0,,observed: artist's own Nigerian share of listeners this quarter | Chartmetric + Soundcharts (observed); see 02_Methodology
Q2_2026,=== PERIOD TOTAL ===,28565229.2,,9974849.72,,18590379.42,27885569130.0,,Aggregated
Q3_2026,Burna Boy,3811193.44,5.2896,201598.06,94.7104,3609595.37,5414393055.0,"United States, Brazil, Australia, Mexico, Canada",observed: artist's own Nigerian share of listeners this quarter | Chartmetric + Soundcharts (observed); see 02_Methodology
Q3_2026,Tems,2098315.05,5.7711,121095.94,94.2289,1977219.11,2965828665.0,"United States, Singapore, Brazil, Netherlands, South Africa",observed: artist's own Nigerian share of listeners this quarter | Chartmetric + Soundcharts (observed); see 02_Methodology
Q3_2026,Rema,1860734.27,12.9278,240552.89,87.0722,1620181.39,2430272085.0,"Australia, United States, Chile, Ghana, Congo - Kinshasa",observed: artist's own Nigerian share of listeners this quarter | Chartmetric + Soundcharts (observed); see 02_Methodology
Q3_2026,Ayra Starr,1258687.44,19.273,242587.08,80.727,1016100.36,1524150540.0,"Côte D’Ivoire, Germany, Congo - Kinshasa, Kenya, United States",observed: artist's own Nigerian share of listeners this quarter | Chartmetric + Soundcharts (observed); see 02_Methodology
Q3_2026,Wizkid,1240321.19,25.6997,318758.39,74.3003,921562.8,1382344200.0,"Australia, United States, Spain, Mexico, Kenya",observed: artist's own Nigerian share of listeners this quarter | Chartmetric + Soundcharts (observed); see 02_Methodology
Q3_2026,Davido,1027151.04,43.5761,447592.88,56.4239,579558.17,869337255.0,"United States, Cameroon, United Kingdom, Italy, South Africa",observed: artist's own Nigerian share of listeners this quarter | Chartmetric + Soundcharts (observed); see 02_Methodology
Q3_2026,CKay,945005.9,16.497,155897.41,83.503,789108.48,1183662720.0,"Australia, Ghana, Spain, India, Netherlands",observed: artist's own Nigerian share of listeners this quarter | Chartmetric + Soundcharts (observed); see 02_Methodology
Q3_2026,Omah Lay,822395.17,34.1974,281237.88,65.8026,541157.3,811735950.0,"Canada, Australia, Kenya, United States, Spain",observed: artist's own Nigerian share of listeners this quarter | Chartmetric + Soundcharts (observed); see 02_Methodology
Q3_2026,Fireboy DML,668766.91,29.2592,195675.94,70.7408,473090.96,709636440.0,"Australia, United States, Netherlands, Kenya, United Kingdom",observed: artist's own Nigerian share of listeners this quarter | Chartmetric + Soundcharts (observed); see 02_Methodology
Q3_2026,Asake,640271.77,65.8854,421845.47,34.1146,218426.3,327639450.0,"United States, Kenya, Germany, United Kingdom, South Africa",observed: artist's own Nigerian share of listeners this quarter | Chartmetric + Soundcharts (observed); see 02_Methodology
Q3_2026,Kizz Daniel,512399.06,57.5736,295006.79,42.4264,217392.26,326088390.0,"Sierra Leone, Congo - Kinshasa, Germany, United States, Liberia",observed: artist's own Nigerian share of listeners this quarter | Chartmetric + Soundcharts (observed); see 02_Methodology
Q3_2026,Victony,474043.36,47.3383,224404.15,52.6617,249639.21,374458815.0,"United States, Kenya, Australia, Netherlands, France",observed: artist's own Nigerian share of listeners this quarter | Chartmetric + Soundcharts (observed); see 02_Methodology
Q3_2026,Ruger,451282.32,45.6366,205950.06,54.3634,245332.27,367998405.0,"Kenya, Canada, Germany, Australia, Zambia",observed: artist's own Nigerian share of listeners this quarter | Chartmetric + Soundcharts (observed); see 02_Methodology
Q3_2026,P-Square,407184.44,30.2357,123114.9,69.7643,284069.54,426104310.0,"Germany, Kenya, United States, Spain, France",observed: artist's own Nigerian share of listeners this quarter | Chartmetric + Soundcharts (observed); see 02_Methodology
Q3_2026,Libianca,376098.11,7.1084,26734.53,92.8916,349363.58,524045370.0,"Australia, Germany, India, Indonesia, United States",observed: artist's own Nigerian share of listeners this quarter | Chartmetric + Soundcharts (observed); see 02_Methodology
Q3_2026,Flavour,375034.23,69.8908,262114.48,30.1092,112919.75,169379625.0,"Senegal, Togo, Italy, Belgium, United Arab Emirates",observed: artist's own Nigerian share of listeners this quarter | Chartmetric + Soundcharts (observed); see 02_Methodology
Q3_2026,Olamide,365212.5,68.3499,249622.29,31.6501,115590.21,173385315.0,"Netherlands, Australia, Zambia, Côte D’Ivoire, United States",observed: artist's own Nigerian share of listeners this quarter | Chartmetric + Soundcharts (observed); see 02_Methodology
Q3_2026,Sarz,363495.95,55.8602,203049.48,44.1398,160446.47,240669705.0,"Australia, Netherlands, Kenya, United States, Angola",observed: artist's own Nigerian share of listeners this quarter | Chartmetric + Soundcharts (observed); see 02_Methodology
Q3_2026,Joeboy,360860.62,56.4187,203592.75,43.5813,157267.87,235901805.0,"Kenya, Germany, United States, Spain, Netherlands",observed: artist's own Nigerian share of listeners this quarter | Chartmetric + Soundcharts (observed); see 02_Methodology
Q3_2026,BNXN,359362.15,74.4601,267581.28,25.5399,91780.87,137671305.0,"Kenya, Australia, United States, United Kingdom, Netherlands",observed: artist's own Nigerian share of listeners this quarter | Chartmetric + Soundcharts (observed); see 02_Methodology
Q3_2026,Mr Eazi,347725.27,12.1497,42247.42,87.8503,305477.85,458216775.0,"Tanzania, Mexico, Colombia, Chile, Spain",observed: artist's own Nigerian share of listeners this quarter | Chartmetric + Soundcharts (observed); see 02_Methodology
Q3_2026,Tekno,335821.82,38.857,130490.36,61.143,205331.45,307997175.0,"Sierra Leone, Ghana, Kenya, United States, Benin",observed: artist's own Nigerian share of listeners this quarter | Chartmetric + Soundcharts (observed); see 02_Methodology
Q3_2026,Amaarae,303737.59,2.787,8465.09,97.213,295272.51,442908765.0,"Australia, Chile, United States, India, Singapore",observed: artist's own Nigerian share of listeners this quarter | Chartmetric + Soundcharts (observed); see 02_Methodology
Q3_2026,Tiwa Savage,301959.43,45.2793,136725.27,54.7207,165234.17,247851255.0,"Sierra Leone, Netherlands, Liberia, Italy, United States",observed: artist's own Nigerian share of listeners this quarter | Chartmetric + Soundcharts (observed); see 02_Methodology
Q3_2026,Oxlade,296372.15,15.4729,45857.46,84.5271,250514.7,375772050.0,"Australia, Ghana, India, United States, South Africa",observed: artist's own Nigerian share of listeners this quarter | Chartmetric + Soundcharts (observed); see 02_Methodology
Q3_2026,Shallipopi,282272.51,61.0794,172410.31,38.9206,109862.19,164793285.0,"Netherlands, Kenya, Germany, South Africa, United Arab Emirates",observed: artist's own Nigerian share of listeners this quarter | Chartmetric + Soundcharts (observed); see 02_Methodology
Q3_2026,Lojay,280756.69,26.2633,73736.11,73.7367,207020.59,310530885.0,"Spain, Netherlands, Angola, Malaysia, Chile",observed: artist's own Nigerian share of listeners this quarter | Chartmetric + Soundcharts (observed); see 02_Methodology
Q3_2026,Young Jonn,278152.71,90.6061,252023.31,9.3939,26129.4,39194100.0,"United States, Indonesia, Côte D’Ivoire, Kenya, France",observed: artist's own Nigerian share of listeners this quarter | Chartmetric + Soundcharts (observed); see 02_Methodology
Q3_2026,Adekunle Gold,271172.24,55.8938,151568.54,44.1062,119603.71,179405565.0,"Australia, United States, France, China, Netherlands",observed: artist's own Nigerian share of listeners this quarter | Chartmetric + Soundcharts (observed); see 02_Methodology
Q3_2026,Yemi Alade,255265.76,13.6711,34897.63,86.3289,220368.12,330552180.0,"Benin, Sierra Leone, Liberia, Congo - Brazzaville, Kenya",observed: artist's own Nigerian share of listeners this quarter | Chartmetric + Soundcharts (observed); see 02_Methodology
Q3_2026,Patoranking,254687.27,50.6819,129080.41,49.3181,125606.86,188410290.0,"Kenya, United States, Malawi, Zambia, Australia",observed: artist's own Nigerian share of listeners this quarter | Chartmetric + Soundcharts (observed); see 02_Methodology
Q3_2026,ODUMODUBLVCK,243680.78,99.8023,243199.11,0.1977,481.67,722505.0,"Uganda, Côte D’Ivoire, United States, Netherlands, Ghana",observed: artist's own Nigerian share of listeners this quarter | Chartmetric + Soundcharts (observed); see 02_Methodology
Q3_2026,Darkoo,231156.21,31.829,73574.76,68.171,157581.45,236372175.0,"Kenya, United States, Netherlands, United Kingdom, New Zealand",observed: artist's own Nigerian share of listeners this quarter | Chartmetric + Soundcharts (observed); see 02_Methodology
Q3_2026,Khaid,215956.54,52.0398,112383.32,47.9602,103573.22,155359830.0,"Poland, Zambia, Liberia, Canada, Kenya",observed: artist's own Nigerian share of listeners this quarter | Chartmetric + Soundcharts (observed); see 02_Methodology
Q3_2026,Tempoe,211879.82,17.0031,36026.04,82.9969,175853.78,263780670.0,"Australia, Spain, Mexico, Colombia, France",observed: artist's own Nigerian share of listeners this quarter | Chartmetric + Soundcharts (observed); see 02_Methodology
Q3_2026,Seyi Vibez,210384.46,40.4638,85129.55,59.5362,125254.91,187882365.0,"Benin, United States, Germany, Ghana, Netherlands",assumed: portfolio-wide ratio applied to an artist without own geography | Chartmetric + Soundcharts (observed); see 02_Methodology
Q3_2026,Chike,209060.7,76.2668,159443.92,23.7332,49616.78,74425170.0,"Ghana, Kenya, United States, United Kingdom, South Africa",observed: artist's own Nigerian share of listeners this quarter | Chartmetric + Soundcharts (observed); see 02_Methodology
Q3_2026,Naira Marley,197535.75,82.1361,162248.09,17.8639,35287.65,52931475.0,"Côte D’Ivoire, Kenya, Germany, Benin, Australia",observed: artist's own Nigerian share of listeners this quarter | Chartmetric + Soundcharts (observed); see 02_Methodology
Q3_2026,Wande Coal,191590.83,61.7353,118279.15,38.2647,73311.68,109967520.0,"Malawi, United States, Côte D’Ivoire, Tanzania, Zimbabwe",observed: artist's own Nigerian share of listeners this quarter | Chartmetric + Soundcharts (observed); see 02_Methodology
Q3_2026,Johnny Drille,185149.01,77.5274,143541.27,22.4726,41607.73,62411595.0,"Kenya, Liberia, Uganda, United States, Zambia",observed: artist's own Nigerian share of listeners this quarter | Chartmetric + Soundcharts (observed); see 02_Methodology
Q3_2026,Blaqbonez,177273.71,93.3256,165441.71,6.6744,11832.0,17748000.0,"India, Netherlands, Côte D’Ivoire, Ghana, United States",observed: artist's own Nigerian share of listeners this quarter | Chartmetric + Soundcharts (observed); see 02_Methodology
Q3_2026,Bella Shmurda,174854.47,40.4638,70752.77,59.5362,104101.7,156152550.0,"Uganda, Netherlands, United States, Ghana, Côte D’Ivoire",assumed: portfolio-wide ratio applied to an artist without own geography | Chartmetric + Soundcharts (observed); see 02_Methodology
Q3_2026,Pheelz,174804.99,40.7152,71172.26,59.2848,103632.73,155449095.0,"Australia, Germany, Côte D’Ivoire, United States, Netherlands",observed: artist's own Nigerian share of listeners this quarter | Chartmetric + Soundcharts (observed); see 02_Methodology
Q3_2026,Simi,172958.22,64.7666,112019.16,35.2334,60939.06,91408590.0,"Liberia, South Africa, Canada, Malawi, Kenya",observed: artist's own Nigerian share of listeners this quarter | Chartmetric + Soundcharts (observed); see 02_Methodology
Q3_2026,Mayorkun,171997.88,77.4292,133176.66,22.5708,38821.22,58231830.0,"Philippines, Mexico, Vietnam, Bangladesh, Kenya",observed: artist's own Nigerian share of listeners this quarter | Chartmetric + Soundcharts (observed); see 02_Methodology
Q3_2026,Teni,170373.36,73.1353,124603.15,26.8647,45770.21,68655315.0,"Liberia, Malawi, Côte D’Ivoire, United States, Netherlands",observed: artist's own Nigerian share of listeners this quarter | Chartmetric + Soundcharts (observed); see 02_Methodology
Q3_2026,Zlatan,168130.58,95.5102,160581.8,4.4898,7548.78,11323170.0,"Côte D’Ivoire, United Arab Emirates, Tanzania, Congo - Kinshasa, Guinea",observed: artist's own Nigerian share of listeners this quarter | Chartmetric + Soundcharts (observed); see 02_Methodology
Q3_2026,Zinoleesky,166424.2,85.5748,142417.25,14.4252,24006.95,36010425.0,"United States, France, Kenya, Côte D’Ivoire, Ghana",observed: artist's own Nigerian share of listeners this quarter | Chartmetric + Soundcharts (observed); see 02_Methodology
Q3_2026,Bayanni,155663.18,20.5882,32048.22,79.4118,123614.96,185422440.0,"India, Kenya, United Kingdom, Germany, Uganda",observed: artist's own Nigerian share of listeners this quarter | Chartmetric + Soundcharts (observed); see 02_Methodology
Q3_2026,Timaya,153054.47,65.3712,100053.51,34.6288,53000.96,79501440.0,"Liberia, United States, Kenya, Australia, Netherlands",observed: artist's own Nigerian share of listeners this quarter | Chartmetric + Soundcharts (observed); see 02_Methodology
Q3_2026,Magixx,141276.74,68.0484,96136.51,31.9516,45140.23,67710345.0,"Ghana, United States, Kenya, United Kingdom, South Africa",observed: artist's own Nigerian share of listeners this quarter | Chartmetric + Soundcharts (observed); see 02_Methodology
Q3_2026,Phyno,138299.41,40.4638,55961.2,59.5362,82338.21,123507315.0,"United States, Tanzania, United Kingdom, Uganda, Italy",assumed: portfolio-wide ratio applied to an artist without own geography | Chartmetric + Soundcharts (observed); see 02_Methodology
Q3_2026,Crayon,127566.62,51.767,66037.36,48.233,61529.26,92293890.0,"Kenya, Ghana, United States, United Kingdom, Uganda",observed: artist's own Nigerian share of listeners this quarter | Chartmetric + Soundcharts (observed); see 02_Methodology
Q3_2026,Qing Madi,120548.88,67.2596,81080.7,32.7404,39468.18,59202270.0,"Kenya, Zambia, Uganda, United States, Tanzania",observed: artist's own Nigerian share of listeners this quarter | Chartmetric + Soundcharts (observed); see 02_Methodology
Q3_2026,Maleek Berry,119502.49,27.5286,32897.42,72.4714,86605.07,129907605.0,"United States, Sweden, Malawi, United Kingdom, Zimbabwe",observed: artist's own Nigerian share of listeners this quarter | Chartmetric + Soundcharts (observed); see 02_Methodology
Q3_2026,Mohbad,110025.94,99.3103,109267.13,0.6897,758.81,1138215.0,"United States, Canada, Côte D’Ivoire, Kenya, Zambia",observed: artist's own Nigerian share of listeners this quarter | Chartmetric + Soundcharts (observed); see 02_Methodology
Q3_2026,Reekado Banks,104345.26,75.5913,78875.96,24.4087,25469.3,38203950.0,"Kenya, Malawi, United States, Germany, Côte D’Ivoire",observed: artist's own Nigerian share of listeners this quarter | Chartmetric + Soundcharts (observed); see 02_Methodology
Q3_2026,DJ Neptune,97051.04,73.4364,71270.77,26.5636,25780.27,38670405.0,"Canada, Côte D’Ivoire, Brazil, Zimbabwe, United Arab Emirates",observed: artist's own Nigerian share of listeners this quarter | Chartmetric + Soundcharts (observed); see 02_Methodology
Q3_2026,Skiibii,95285.26,58.1735,55430.82,41.8265,39854.44,59781660.0,"United States, Italy, Ghana, United Kingdom, Kenya",observed: artist's own Nigerian share of listeners this quarter | Chartmetric + Soundcharts (observed); see 02_Methodology
Q3_2026,LADIPOE,93730.02,71.631,67139.71,28.369,26590.3,39885450.0,"Kenya, Zimbabwe, Côte D’Ivoire, Sierra Leone, United States",observed: artist's own Nigerian share of listeners this quarter | Chartmetric + Soundcharts (observed); see 02_Methodology
Q3_2026,Ric Hassani,92790.62,7.6763,7122.85,92.3237,85667.77,128501655.0,"United States, Kenya, United Kingdom, France, Uganda",observed: artist's own Nigerian share of listeners this quarter | Chartmetric + Soundcharts (observed); see 02_Methodology
Q3_2026,Spyro,91750.57,58.3272,53515.53,41.6728,38235.04,57352560.0,"Ghana, Kenya, United Kingdom, United States, South Africa",observed: artist's own Nigerian share of listeners this quarter | Chartmetric + Soundcharts (observed); see 02_Methodology
Q3_2026,Iyanya,91348.68,49.2009,44944.38,50.7991,46404.3,69606450.0,"Kenya, Liberia, United States, Zambia, Botswana",observed: artist's own Nigerian share of listeners this quarter | Chartmetric + Soundcharts (observed); see 02_Methodology
Q3_2026,2Baba,82389.31,77.1984,63603.19,22.8016,18786.12,28179180.0,"United States, Malawi, United Kingdom, New Zealand, Côte D’Ivoire",observed: artist's own Nigerian share of listeners this quarter | Chartmetric + Soundcharts (observed); see 02_Methodology
Q3_2026,Lil Kesh,77507.41,99.3517,77004.89,0.6483,502.52,753780.0,"Tanzania, United Arab Emirates, United States, United Kingdom, Ghana",observed: artist's own Nigerian share of listeners this quarter | Chartmetric + Soundcharts (observed); see 02_Methodology
Q3_2026,Boy Spyce,76286.84,76.388,58274.03,23.612,18012.81,27019215.0,"United States, Ghana, Kenya, Liberia, United Arab Emirates",observed: artist's own Nigerian share of listeners this quarter | Chartmetric + Soundcharts (observed); see 02_Methodology
Q3_2026,Olakira,75417.68,44.6821,33698.24,55.3179,41719.44,62579160.0,"India, Kenya, Ghana, Morocco, Brazil",observed: artist's own Nigerian share of listeners this quarter | Chartmetric + Soundcharts (observed); see 02_Methodology
Q3_2026,Ice Prince,72741.86,43.2822,31484.26,56.7178,41257.6,61886400.0,"Australia, Uganda, Malawi, Zimbabwe, France",observed: artist's own Nigerian share of listeners this quarter | Chartmetric + Soundcharts (observed); see 02_Methodology
Q3_2026,Falz,68133.43,89.6759,61099.24,10.3241,7034.19,10551285.0,"China, United States, United Kingdom, Côte D’Ivoire, Netherlands",observed: artist's own Nigerian share of listeners this quarter | Chartmetric + Soundcharts (observed); see 02_Methodology
Q3_2026,Korede Bello,67952.09,32.0336,21767.51,67.9664,46184.57,69276855.0,"Guinea, Benin, Mali, Gambia, China",observed: artist's own Nigerian share of listeners this quarter | Chartmetric + Soundcharts (observed); see 02_Methodology
Q3_2026,WurlD,66099.36,60.0034,39661.86,39.9966,26437.5,39656250.0,"Ghana, Kenya, Netherlands, Australia, Angola",observed: artist's own Nigerian share of listeners this quarter | Chartmetric + Soundcharts (observed); see 02_Methodology
Q3_2026,Banky W.,63706.2,56.6385,36082.25,43.3615,27623.95,41435925.0,"Côte D’Ivoire, New Zealand, United States, Zimbabwe, Netherlands",observed: artist's own Nigerian share of listeners this quarter | Chartmetric + Soundcharts (observed); see 02_Methodology
Q3_2026,Boj,61450.35,39.9627,24557.22,60.0373,36893.13,55339695.0,"United Kingdom, Spain, United States, Australia, Ghana",observed: artist's own Nigerian share of listeners this quarter | Chartmetric + Soundcharts (observed); see 02_Methodology
Q3_2026,Bloody Civilian,58663.82,81.6116,47876.47,18.3884,10787.35,16181025.0,"Uganda, Zambia, United States, Côte D’Ivoire, Netherlands",observed: artist's own Nigerian share of listeners this quarter | Chartmetric + Soundcharts (observed); see 02_Methodology
Q3_2026,D'banj,54906.06,51.0053,28005.0,48.9947,26901.07,40351605.0,"Uganda, Malawi, Australia, United States, Brazil",observed: artist's own Nigerian share of listeners this quarter | Chartmetric + Soundcharts (observed); see 02_Methodology
Q3_2026,Vector,54764.08,82.8009,45345.14,17.1991,9418.94,14128410.0,"Tanzania, Netherlands, Benin, Côte D’Ivoire, Rwanda",observed: artist's own Nigerian share of listeners this quarter | Chartmetric + Soundcharts (observed); see 02_Methodology
Q3_2026,Duncan Mighty,52925.3,87.7128,46422.28,12.2872,6503.02,9754530.0,"Uganda, Côte D’Ivoire, United States, Zambia, Italy",observed: artist's own Nigerian share of listeners this quarter | Chartmetric + Soundcharts (observed); see 02_Methodology
Q3_2026,Cruel Santino,50134.83,85.4186,42824.49,14.5814,7310.34,10965510.0,"Cameroon, Côte D’Ivoire, United Arab Emirates, Benin, United States",observed: artist's own Nigerian share of listeners this quarter | Chartmetric + Soundcharts (observed); see 02_Methodology
Q3_2026,Nonso Amadi,45192.0,42.6749,19285.64,57.3251,25906.36,38859540.0,"United States, Kenya, Canada, United Kingdom, South Africa",observed: artist's own Nigerian share of listeners this quarter | Chartmetric + Soundcharts (observed); see 02_Methodology
Q3_2026,Tay Iwar,45117.95,35.1248,15847.6,64.8752,29270.34,43905510.0,"United States, United Kingdom, Kenya, Canada, Australia",observed: artist's own Nigerian share of listeners this quarter | Chartmetric + Soundcharts (observed); see 02_Methodology
Q3_2026,Bracket,44931.79,46.0944,20711.06,53.9056,24220.73,36331095.0,"Ghana, Kenya, United Kingdom, United States, Canada",observed: artist's own Nigerian share of listeners this quarter | Chartmetric + Soundcharts (observed); see 02_Methodology
Q3_2026,Ycee,43208.69,54.8081,23681.88,45.1919,19526.81,29290215.0,"United States, United Kingdom, Uganda, Kenya, South Africa",observed: artist's own Nigerian share of listeners this quarter | Chartmetric + Soundcharts (observed); see 02_Methodology
Q3_2026,Lyta,43184.93,40.4638,17474.26,59.5362,25710.67,38566005.0,"United States, Ghana, United Kingdom, Canada, Benin",assumed: portfolio-wide ratio applied to an artist without own geography | Chartmetric + Soundcharts (observed); see 02_Methodology
Q3_2026,Terry Apala,41233.61,89.8542,37050.12,10.1458,4183.49,6275235.0,"United States, United Kingdom, Ghana, Canada, Kenya",observed: artist's own Nigerian share of listeners this quarter | Chartmetric + Soundcharts (observed); see 02_Methodology
Q3_2026,Aṣa,39609.91,61.4337,24333.84,38.5663,15276.07,22914105.0,"United States, Ghana, United Kingdom, United Arab Emirates, South Africa",observed: artist's own Nigerian share of listeners this quarter | Chartmetric + Soundcharts (observed); see 02_Methodology
Q3_2026,Peruzzi,38258.51,91.7238,35092.17,8.2762,3166.34,4749510.0,"United States, Malawi, Côte D’Ivoire, Netherlands, Benin",observed: artist's own Nigerian share of listeners this quarter | Chartmetric + Soundcharts (observed); see 02_Methodology
Q3_2026,Show Dem Camp,36627.65,38.3313,14039.85,61.6687,22587.8,33881700.0,"United States, United Kingdom, South Africa, Kenya, Ghana",observed: artist's own Nigerian share of listeners this quarter | Chartmetric + Soundcharts (observed); see 02_Methodology
Q3_2026,Reminisce,36024.98,89.8559,32370.59,10.1441,3654.39,5481585.0,"Côte D’Ivoire, Uganda, Zambia, Netherlands, United States",observed: artist's own Nigerian share of listeners this quarter | Chartmetric + Soundcharts (observed); see 02_Methodology
Q3_2026,Fela Kuti,33766.62,17.9736,6069.08,82.0264,27697.54,41546310.0,"Australia, United States, Netherlands, Chile, Ireland",observed: artist's own Nigerian share of listeners this quarter | Chartmetric + Soundcharts (observed); see 02_Methodology
Q3_2026,Rude Boy,32595.06,3.0379,990.22,96.9621,31604.84,47407260.0,"Indonesia, Costa Rica, Singapore, Thailand, Colombia",observed: artist's own Nigerian share of listeners this quarter | Chartmetric + Soundcharts (observed); see 02_Methodology
Q3_2026,9ice,31340.25,88.1739,27633.93,11.8261,3706.32,5559480.0,"United States, United Kingdom, Côte D’Ivoire, Sierra Leone, Canada",observed: artist's own Nigerian share of listeners this quarter | Chartmetric + Soundcharts (observed); see 02_Methodology
Q3_2026,Bad Boy Timz,29916.92,74.5554,22304.67,25.4446,7612.25,11418375.0,"Tanzania, Ghana, Australia, United States, Netherlands",observed: artist's own Nigerian share of listeners this quarter | Chartmetric + Soundcharts (observed); see 02_Methodology
Q3_2026,Mannywellz,24374.15,22.5208,5489.25,77.4792,18884.9,28327350.0,"United States, South Africa, United Kingdom, Kenya, Australia",observed: artist's own Nigerian share of listeners this quarter | Chartmetric + Soundcharts (observed); see 02_Methodology
Q3_2026,Brymo,24220.25,91.9603,22273.02,8.0397,1947.23,2920845.0,"Kenya, United Kingdom, United States, Côte D’Ivoire, Netherlands",observed: artist's own Nigerian share of listeners this quarter | Chartmetric + Soundcharts (observed); see 02_Methodology
Q3_2026,M.I. Abaga,22425.02,87.2118,19557.26,12.7882,2867.76,4301640.0,"United States, United Kingdom, Ghana, Canada, South Africa",observed: artist's own Nigerian share of listeners this quarter | Chartmetric + Soundcharts (observed); see 02_Methodology
Q3_2026,Niniola,21855.49,40.0965,8763.29,59.9035,13092.2,19638300.0,"South Africa, Italy, China, Sierra Leone, Brazil",observed: artist's own Nigerian share of listeners this quarter | Chartmetric + Soundcharts (observed); see 02_Methodology
Q3_2026,Sean Tizzle,20597.73,77.3315,15928.54,22.6685,4669.19,7003785.0,"Netherlands, United States, Uganda, United Kingdom, Zambia",observed: artist's own Nigerian share of listeners this quarter | Chartmetric + Soundcharts (observed); see 02_Methodology
Q3_2026,Seyi Shay,20257.56,55.4946,11241.85,44.5054,9015.71,13523565.0,"Brazil, Italy, Canada, Türkiye, Venezuela",observed: artist's own Nigerian share of listeners this quarter | Chartmetric + Soundcharts (observed); see 02_Methodology
Q3_2026,Praiz,20036.64,28.8354,5777.64,71.1646,14259.0,21388500.0,"Netherlands, United Arab Emirates, Sweden, Uganda, Spain",observed: artist's own Nigerian share of listeners this quarter | Chartmetric + Soundcharts (observed); see 02_Methodology
Q3_2026,Dremo,19802.47,94.3885,18691.25,5.6115,1111.22,1666830.0,"United States, Ghana, United Kingdom, South Africa, Canada",observed: artist's own Nigerian share of listeners this quarter | Chartmetric + Soundcharts (observed); see 02_Methodology
Q3_2026,CDQ,18607.72,90.3581,16813.59,9.6419,1794.13,2691195.0,"Uganda, Côte D’Ivoire, Tanzania, United States, Netherlands",observed: artist's own Nigerian share of listeners this quarter | Chartmetric + Soundcharts (observed); see 02_Methodology
Q3_2026,Terri,17804.76,66.5395,11847.2,33.4605,5957.56,8936340.0,"United States, United Arab Emirates, Ghana, Italy, Netherlands",observed: artist's own Nigerian share of listeners this quarter | Chartmetric + Soundcharts (observed); see 02_Methodology
Q3_2026,Odunsi (The Engine),15726.93,24.3542,3830.17,75.6458,11896.76,17845140.0,"United States, Uganda, Netherlands, Zambia, Switzerland",observed: artist's own Nigerian share of listeners this quarter | Chartmetric + Soundcharts (observed); see 02_Methodology
Q3_2026,Illbliss,15562.58,90.3563,14061.78,9.6437,1500.8,2251200.0,"Côte D’Ivoire, Uganda, Benin, Netherlands, Togo",observed: artist's own Nigerian share of listeners this quarter | Chartmetric + Soundcharts (observed); see 02_Methodology
Q3_2026,Dice Ailes,15053.95,88.4207,13310.8,11.5793,1743.14,2614710.0,"United Arab Emirates, United Kingdom, South Africa, Italy, Ghana",observed: artist's own Nigerian share of listeners this quarter | Chartmetric + Soundcharts (observed); see 02_Methodology
Q3_2026,Solidstar,14031.89,77.9911,10943.63,22.0089,3088.27,4632405.0,"United States, United Kingdom, Colombia, Canada, Ghana",observed: artist's own Nigerian share of listeners this quarter | Chartmetric + Soundcharts (observed); see 02_Methodology
Q3_2026,Darey,12870.54,87.0698,11206.36,12.9302,1664.18,2496270.0,"France, Ghana, United States, United Kingdom, Italy",observed: artist's own Nigerian share of listeners this quarter | Chartmetric + Soundcharts (observed); see 02_Methodology
Q3_2026,King Sunny Ade,10961.99,82.5401,9048.04,17.4599,1913.95,2870925.0,"United States, United Kingdom, Canada, Germany, Belgium",observed: artist's own Nigerian share of listeners this quarter | Chartmetric + Soundcharts (observed); see 02_Methodology
Q3_2026,Ajebutter22,10387.89,50.7482,5271.67,49.2518,5116.22,7674330.0,"United States, United Kingdom, Kenya, Germany, Uganda",observed: artist's own Nigerian share of listeners this quarter | Chartmetric + Soundcharts (observed); see 02_Methodology
Q3_2026,HarrySong,10138.77,68.7557,6970.98,31.2443,3167.79,4751685.0,"Kenya, United States, Malawi, Côte D’Ivoire, Uganda",observed: artist's own Nigerian share of listeners this quarter | Chartmetric + Soundcharts (observed); see 02_Methodology
Q3_2026,Naeto C,9233.57,80.6881,7450.39,19.3119,1783.18,2674770.0,"Côte D’Ivoire, United States, Congo - Kinshasa, Sierra Leone, Ireland",observed: artist's own Nigerian share of listeners this quarter | Chartmetric + Soundcharts (observed); see 02_Methodology
Q3_2026,Lady Donli,8944.12,23.8043,2129.09,76.1957,6815.03,10222545.0,"United States, Brazil, Angola, Spain, United Kingdom",observed: artist's own Nigerian share of listeners this quarter | Chartmetric + Soundcharts (observed); see 02_Methodology
Q3_2026,Small Doctor,8314.54,78.4906,6526.13,21.5094,1788.41,2682615.0,"United States, United Kingdom, Ghana, Canada, South Africa",observed: artist's own Nigerian share of listeners this quarter | Chartmetric + Soundcharts (observed); see 02_Methodology
Q3_2026,Yung6ix,8184.13,99.1974,8118.44,0.8026,65.69,98535.0,"Netherlands, Germany, France, Côte D’Ivoire, Poland",observed: artist's own Nigerian share of listeners this quarter | Chartmetric + Soundcharts (observed); see 02_Methodology
Q3_2026,Olu Maintain,7800.67,66.8158,5212.08,33.1842,2588.59,3882885.0,"Côte D’Ivoire, Ireland, Netherlands, United Kingdom, United States",observed: artist's own Nigerian share of listeners this quarter | Chartmetric + Soundcharts (observed); see 02_Methodology
Q3_2026,Mr Real,7465.23,70.6094,5271.15,29.3906,2194.08,3291120.0,"Iceland, Ghana, United Kingdom, Greece, Canada",observed: artist's own Nigerian share of listeners this quarter | Chartmetric + Soundcharts (observed); see 02_Methodology
Q3_2026,Sound Sultan,7335.45,85.6152,6280.26,14.3848,1055.19,1582785.0,"United States, United Kingdom, Canada, Ghana, South Africa",observed: artist's own Nigerian share of listeners this quarter | Chartmetric + Soundcharts (observed); see 02_Methodology
Q3_2026,Waje,6276.08,62.0384,3893.58,37.9616,2382.5,3573750.0,"Canada, Uganda, Germany, Australia, Tanzania",observed: artist's own Nigerian share of listeners this quarter | Chartmetric + Soundcharts (observed); see 02_Methodology
Q3_2026,Jesse Jagz,5630.42,79.6473,4484.48,20.3527,1145.94,1718910.0,"Malawi, Côte D’Ivoire, Netherlands, United Kingdom, United States",observed: artist's own Nigerian share of listeners this quarter | Chartmetric + Soundcharts (observed); see 02_Methodology
Q3_2026,Eldee,5306.49,82.2626,4365.26,17.7374,941.24,1411860.0,"Kenya, Côte D’Ivoire, Ireland, Uganda, Sierra Leone",observed: artist's own Nigerian share of listeners this quarter | Chartmetric + Soundcharts (observed); see 02_Methodology
Q3_2026,Prettyboy D-O,4975.93,57.3149,2851.95,42.6851,2123.98,3185970.0,"United States, United Kingdom, South Africa, Canada, Ghana",observed: artist's own Nigerian share of listeners this quarter | Chartmetric + Soundcharts (observed); see 02_Methodology
Q3_2026,Lagbaja,3306.26,74.6778,2469.04,25.3222,837.22,1255830.0,"Australia, United States, Netherlands, United Kingdom, Ireland",observed: artist's own Nigerian share of listeners this quarter | Chartmetric + Soundcharts (observed); see 02_Methodology
Q3_2026,Dammy Krane,2708.94,77.0455,2087.11,22.9545,621.82,932730.0,"Kenya, Malawi, Côte D’Ivoire, Benin, Netherlands",observed: artist's own Nigerian share of listeners this quarter | Chartmetric + Soundcharts (observed); see 02_Methodology
Q3_2026,Sauce Kid,645.18,77.8458,502.25,22.1542,142.93,214395.0,"United Kingdom, United States, Canada, Ghana, South Africa",observed: artist's own Nigerian share of listeners this quarter | Chartmetric + Soundcharts (observed); see 02_Methodology
Q3_2026,Ebenezer Obey,123.32,40.4638,49.9,59.5362,73.42,110130.0,,assumed: portfolio-wide ratio applied to an artist without own geography | Chartmetric + Soundcharts (observed); see 02_Methodology
Q3_2026,Oritsefemi,26.11,40.4638,10.57,59.5362,15.55,23325.0,,assumed: portfolio-wide ratio applied to an artist without own geography | Chartmetric + Soundcharts (observed); see 02_Methodology
Q3_2026,Odunsi,0.31,40.4638,0.13,59.5362,0.19,285.0,,assumed: portfolio-wide ratio applied to an artist without own geography | Chartmetric + Soundcharts (observed); see 02_Methodology
Q3_2026,DJ Spinall,0.16,40.4638,0.07,59.5362,0.1,150.0,,assumed: portfolio-wide ratio applied to an artist without own geography | Chartmetric + Soundcharts (observed); see 02_Methodology
Q3_2026,=== PERIOD TOTAL ===,28556269.78,,10158605.78,,18397664.01,27596496015.0,,Aggregated
